-1.000097751617431641e+00
-9.998536109924316406e-01
-9.996094703674316406e-01
-9.993653297424316406e-01
-9.991211891174316406e-01
-9.988770484924316406e-01
-9.986329078674316406e-01
-9.983887672424316406e-01
-9.981446266174316406e-01
-9.979004859924316406e-01
-9.976563453674316406e-01
-9.974122047424316406e-01
-9.971680641174316406e-01
-9.969239234924316406e-01
-9.966797828674316406e-01
-9.964356422424316406e-01
-9.961915016174316406e-01
-9.959473609924316406e-01
-9.957032203674316406e-01
-9.954590797424316406e-01
-9.952149391174316406e-01
-9.949707984924316406e-01
-9.947266578674316406e-01
-9.944825172424316406e-01
-9.942383766174316406e-01
-9.939942359924316406e-01
-9.937500953674316406e-01
-9.935059547424316406e-01
-9.932618141174316406e-01
-9.930176734924316406e-01
-9.927735328674316406e-01
-9.925293922424316406e-01
-9.922852516174316406e-01
-9.920411109924316406e-01
-9.917969703674316406e-01
-9.915528297424316406e-01
-9.913086891174316406e-01
-9.910645484924316406e-01
-9.908204078674316406e-01
-9.905762672424316406e-01
-9.903321266174316406e-01
-9.900879859924316406e-01
-9.898438453674316406e-01
-9.895997047424316406e-01
-9.893555641174316406e-01
-9.891114234924316406e-01
-9.888672828674316406e-01
-9.886231422424316406e-01
-9.883790016174316406e-01
-9.881348609924316406e-01
-9.878907203674316406e-01
-9.876465797424316406e-01
-9.874024391174316406e-01
-9.871582984924316406e-01
-9.869141578674316406e-01
-9.866700172424316406e-01
-9.864258766174316406e-01
-9.861817359924316406e-01
-9.859375953674316406e-01
-9.856934547424316406e-01
-9.854493141174316406e-01
-9.852051734924316406e-01
-9.849610328674316406e-01
-9.847168922424316406e-01
-9.844727516174316406e-01
-9.842286109924316406e-01
-9.839844703674316406e-01
-9.837403297424316406e-01
-9.834961891174316406e-01
-9.832520484924316406e-01
-9.830079078674316406e-01
-9.827637672424316406e-01
-9.825196266174316406e-01
-9.822754859924316406e-01
-9.820313453674316406e-01
-9.817872047424316406e-01
-9.815430641174316406e-01
-9.812989234924316406e-01
-9.810547828674316406e-01
-9.808106422424316406e-01
-9.805665016174316406e-01
-9.803223609924316406e-01
-9.800782203674316406e-01
-9.798340797424316406e-01
-9.795899391174316406e-01
-9.793457984924316406e-01
-9.791016578674316406e-01
-9.788575172424316406e-01
-9.786133766174316406e-01
-9.783692359924316406e-01
-9.781250953674316406e-01
-9.778809547424316406e-01
-9.776368141174316406e-01
-9.773926734924316406e-01
-9.771485328674316406e-01
-9.769043922424316406e-01
-9.766602516174316406e-01
-9.764161109924316406e-01
-9.761719703674316406e-01
-9.759278297424316406e-01
-9.756836891174316406e-01
-9.754395484924316406e-01
-9.751954078674316406e-01
-9.749512672424316406e-01
-9.747071266174316406e-01
-9.744629859924316406e-01
-9.742188453674316406e-01
-9.739747047424316406e-01
-9.737305641174316406e-01
-9.734864234924316406e-01
-9.732422828674316406e-01
-9.729981422424316406e-01
-9.727540016174316406e-01
-9.725098609924316406e-01
-9.722657203674316406e-01
-9.720215797424316406e-01
-9.717774391174316406e-01
-9.715332984924316406e-01
-9.712891578674316406e-01
-9.710450172424316406e-01
-9.708008766174316406e-01
-9.705567359924316406e-01
-9.703125953674316406e-01
-9.700684547424316406e-01
-9.698243141174316406e-01
-9.695801734924316406e-01
-9.693360328674316406e-01
-9.690918922424316406e-01
-9.688477516174316406e-01
-9.686036109924316406e-01
-9.683594703674316406e-01
-9.681153297424316406e-01
-9.678711891174316406e-01
-9.676270484924316406e-01
-9.673829078674316406e-01
-9.671387672424316406e-01
-9.668946266174316406e-01
-9.666504859924316406e-01
-9.664063453674316406e-01
-9.661622047424316406e-01
-9.659180641174316406e-01
-9.656739234924316406e-01
-9.654297828674316406e-01
-9.651856422424316406e-01
-9.649415016174316406e-01
-9.646973609924316406e-01
-9.644532203674316406e-01
-9.642090797424316406e-01
-9.639649391174316406e-01
-9.637207984924316406e-01
-9.634766578674316406e-01
-9.632325172424316406e-01
-9.629883766174316406e-01
-9.627442359924316406e-01
-9.625000953674316406e-01
-9.622559547424316406e-01
-9.620118141174316406e-01
-9.617676734924316406e-01
-9.615235328674316406e-01
-9.612793922424316406e-01
-9.610352516174316406e-01
-9.607911109924316406e-01
-9.605469703674316406e-01
-9.603028297424316406e-01
-9.600586891174316406e-01
-9.598145484924316406e-01
-9.595704078674316406e-01
-9.593262672424316406e-01
-9.590821266174316406e-01
-9.588379859924316406e-01
-9.585938453674316406e-01
-9.583497047424316406e-01
-9.581055641174316406e-01
-9.578614234924316406e-01
-9.576172828674316406e-01
-9.573731422424316406e-01
-9.571290016174316406e-01
-9.568848609924316406e-01
-9.566407203674316406e-01
-9.563965797424316406e-01
-9.561524391174316406e-01
-9.559082984924316406e-01
-9.556641578674316406e-01
-9.554200172424316406e-01
-9.551758766174316406e-01
-9.549317359924316406e-01
-9.546875953674316406e-01
-9.544434547424316406e-01
-9.541993141174316406e-01
-9.539551734924316406e-01
-9.537110328674316406e-01
-9.534668922424316406e-01
-9.532227516174316406e-01
-9.529786109924316406e-01
-9.527344703674316406e-01
-9.524903297424316406e-01
-9.522461891174316406e-01
-9.520020484924316406e-01
-9.517579078674316406e-01
-9.515137672424316406e-01
-9.512696266174316406e-01
-9.510254859924316406e-01
-9.507813453674316406e-01
-9.505372047424316406e-01
-9.502930641174316406e-01
-9.500489234924316406e-01
-9.498047828674316406e-01
-9.495606422424316406e-01
-9.493165016174316406e-01
-9.490723609924316406e-01
-9.488282203674316406e-01
-9.485840797424316406e-01
-9.483399391174316406e-01
-9.480957984924316406e-01
-9.478516578674316406e-01
-9.476075172424316406e-01
-9.473633766174316406e-01
-9.471192359924316406e-01
-9.468750953674316406e-01
-9.466309547424316406e-01
-9.463868141174316406e-01
-9.461426734924316406e-01
-9.458985328674316406e-01
-9.456543922424316406e-01
-9.454102516174316406e-01
-9.451661109924316406e-01
-9.449219703674316406e-01
-9.446778297424316406e-01
-9.444336891174316406e-01
-9.441895484924316406e-01
-9.439454078674316406e-01
-9.437012672424316406e-01
-9.434571266174316406e-01
-9.432129859924316406e-01
-9.429688453674316406e-01
-9.427247047424316406e-01
-9.424805641174316406e-01
-9.422364234924316406e-01
-9.419922828674316406e-01
-9.417481422424316406e-01
-9.415040016174316406e-01
-9.412598609924316406e-01
-9.410157203674316406e-01
-9.407715797424316406e-01
-9.405274391174316406e-01
-9.402832984924316406e-01
-9.400391578674316406e-01
-9.397950172424316406e-01
-9.395508766174316406e-01
-9.393067359924316406e-01
-9.390625953674316406e-01
-9.388184547424316406e-01
-9.385743141174316406e-01
-9.383301734924316406e-01
-9.380860328674316406e-01
-9.378418922424316406e-01
-9.375977516174316406e-01
-9.373536109924316406e-01
-9.371094703674316406e-01
-9.368653297424316406e-01
-9.366211891174316406e-01
-9.363770484924316406e-01
-9.361329078674316406e-01
-9.358887672424316406e-01
-9.356446266174316406e-01
-9.354004859924316406e-01
-9.351563453674316406e-01
-9.349122047424316406e-01
-9.346680641174316406e-01
-9.344239234924316406e-01
-9.341797828674316406e-01
-9.339356422424316406e-01
-9.336915016174316406e-01
-9.334473609924316406e-01
-9.332032203674316406e-01
-9.329590797424316406e-01
-9.327149391174316406e-01
-9.324707984924316406e-01
-9.322266578674316406e-01
-9.319825172424316406e-01
-9.317383766174316406e-01
-9.314942359924316406e-01
-9.312500953674316406e-01
-9.310059547424316406e-01
-9.307618141174316406e-01
-9.305176734924316406e-01
-9.302735328674316406e-01
-9.300293922424316406e-01
-9.297852516174316406e-01
-9.295411109924316406e-01
-9.292969703674316406e-01
-9.290528297424316406e-01
-9.288086891174316406e-01
-9.285645484924316406e-01
-9.283204078674316406e-01
-9.280762672424316406e-01
-9.278321266174316406e-01
-9.275879859924316406e-01
-9.273438453674316406e-01
-9.270997047424316406e-01
-9.268555641174316406e-01
-9.266114234924316406e-01
-9.263672828674316406e-01
-9.261231422424316406e-01
-9.258790016174316406e-01
-9.256348609924316406e-01
-9.253907203674316406e-01
-9.251465797424316406e-01
-9.249024391174316406e-01
-9.246582984924316406e-01
-9.244141578674316406e-01
-9.241700172424316406e-01
-9.239258766174316406e-01
-9.236817359924316406e-01
-9.234375953674316406e-01
-9.231934547424316406e-01
-9.229493141174316406e-01
-9.227051734924316406e-01
-9.224610328674316406e-01
-9.222168922424316406e-01
-9.219727516174316406e-01
-9.217286109924316406e-01
-9.214844703674316406e-01
-9.212403297424316406e-01
-9.209961891174316406e-01
-9.207520484924316406e-01
-9.205079078674316406e-01
-9.202637672424316406e-01
-9.200196266174316406e-01
-9.197754859924316406e-01
-9.195313453674316406e-01
-9.192872047424316406e-01
-9.190430641174316406e-01
-9.187989234924316406e-01
-9.185547828674316406e-01
-9.183106422424316406e-01
-9.180665016174316406e-01
-9.178223609924316406e-01
-9.175782203674316406e-01
-9.173340797424316406e-01
-9.170899391174316406e-01
-9.168457984924316406e-01
-9.166016578674316406e-01
-9.163575172424316406e-01
-9.161133766174316406e-01
-9.158692359924316406e-01
-9.156250953674316406e-01
-9.153809547424316406e-01
-9.151368141174316406e-01
-9.148926734924316406e-01
-9.146485328674316406e-01
-9.144043922424316406e-01
-9.141602516174316406e-01
-9.139161109924316406e-01
-9.136719703674316406e-01
-9.134278297424316406e-01
-9.131836891174316406e-01
-9.129395484924316406e-01
-9.126954078674316406e-01
-9.124512672424316406e-01
-9.122071266174316406e-01
-9.119629859924316406e-01
-9.117188453674316406e-01
-9.114747047424316406e-01
-9.112305641174316406e-01
-9.109864234924316406e-01
-9.107422828674316406e-01
-9.104981422424316406e-01
-9.102540016174316406e-01
-9.100098609924316406e-01
-9.097657203674316406e-01
-9.095215797424316406e-01
-9.092774391174316406e-01
-9.090332984924316406e-01
-9.087891578674316406e-01
-9.085450172424316406e-01
-9.083008766174316406e-01
-9.080567359924316406e-01
-9.078125953674316406e-01
-9.075684547424316406e-01
-9.073243141174316406e-01
-9.070801734924316406e-01
-9.068360328674316406e-01
-9.065918922424316406e-01
-9.063477516174316406e-01
-9.061036109924316406e-01
-9.058594703674316406e-01
-9.056153297424316406e-01
-9.053711891174316406e-01
-9.051270484924316406e-01
-9.048829078674316406e-01
-9.046387672424316406e-01
-9.043946266174316406e-01
-9.041504859924316406e-01
-9.039063453674316406e-01
-9.036622047424316406e-01
-9.034180641174316406e-01
-9.031739234924316406e-01
-9.029297828674316406e-01
-9.026856422424316406e-01
-9.024415016174316406e-01
-9.021973609924316406e-01
-9.019532203674316406e-01
-9.017090797424316406e-01
-9.014649391174316406e-01
-9.012207984924316406e-01
-9.009766578674316406e-01
-9.007325172424316406e-01
-9.004883766174316406e-01
-9.002442359924316406e-01
-9.000000953674316406e-01
-8.997559547424316406e-01
-8.995118141174316406e-01
-8.992676734924316406e-01
-8.990235328674316406e-01
-8.987793922424316406e-01
-8.985352516174316406e-01
-8.982911109924316406e-01
-8.980469703674316406e-01
-8.978028297424316406e-01
-8.975586891174316406e-01
-8.973145484924316406e-01
-8.970704078674316406e-01
-8.968262672424316406e-01
-8.965821266174316406e-01
-8.963379859924316406e-01
-8.960938453674316406e-01
-8.958497047424316406e-01
-8.956055641174316406e-01
-8.953614234924316406e-01
-8.951172828674316406e-01
-8.948731422424316406e-01
-8.946290016174316406e-01
-8.943848609924316406e-01
-8.941407203674316406e-01
-8.938965797424316406e-01
-8.936524391174316406e-01
-8.934082984924316406e-01
-8.931641578674316406e-01
-8.929200172424316406e-01
-8.926758766174316406e-01
-8.924317359924316406e-01
-8.921875953674316406e-01
-8.919434547424316406e-01
-8.916993141174316406e-01
-8.914551734924316406e-01
-8.912110328674316406e-01
-8.909668922424316406e-01
-8.907227516174316406e-01
-8.904786109924316406e-01
-8.902344703674316406e-01
-8.899903297424316406e-01
-8.897461891174316406e-01
-8.895020484924316406e-01
-8.892579078674316406e-01
-8.890137672424316406e-01
-8.887696266174316406e-01
-8.885254859924316406e-01
-8.882813453674316406e-01
-8.880372047424316406e-01
-8.877930641174316406e-01
-8.875489234924316406e-01
-8.873047828674316406e-01
-8.870606422424316406e-01
-8.868165016174316406e-01
-8.865723609924316406e-01
-8.863282203674316406e-01
-8.860840797424316406e-01
-8.858399391174316406e-01
-8.855957984924316406e-01
-8.853516578674316406e-01
-8.851075172424316406e-01
-8.848633766174316406e-01
-8.846192359924316406e-01
-8.843750953674316406e-01
-8.841309547424316406e-01
-8.838868141174316406e-01
-8.836426734924316406e-01
-8.833985328674316406e-01
-8.831543922424316406e-01
-8.829102516174316406e-01
-8.826661109924316406e-01
-8.824219703674316406e-01
-8.821778297424316406e-01
-8.819336891174316406e-01
-8.816895484924316406e-01
-8.814454078674316406e-01
-8.812012672424316406e-01
-8.809571266174316406e-01
-8.807129859924316406e-01
-8.804688453674316406e-01
-8.802247047424316406e-01
-8.799805641174316406e-01
-8.797364234924316406e-01
-8.794922828674316406e-01
-8.792481422424316406e-01
-8.790040016174316406e-01
-8.787598609924316406e-01
-8.785157203674316406e-01
-8.782715797424316406e-01
-8.780274391174316406e-01
-8.777832984924316406e-01
-8.775391578674316406e-01
-8.772950172424316406e-01
-8.770508766174316406e-01
-8.768067359924316406e-01
-8.765625953674316406e-01
-8.763184547424316406e-01
-8.760743141174316406e-01
-8.758301734924316406e-01
-8.755860328674316406e-01
-8.753418922424316406e-01
-8.750977516174316406e-01
-8.748536109924316406e-01
-8.746094703674316406e-01
-8.743653297424316406e-01
-8.741211891174316406e-01
-8.738770484924316406e-01
-8.736329078674316406e-01
-8.733887672424316406e-01
-8.731446266174316406e-01
-8.729004859924316406e-01
-8.726563453674316406e-01
-8.724122047424316406e-01
-8.721680641174316406e-01
-8.719239234924316406e-01
-8.716797828674316406e-01
-8.714356422424316406e-01
-8.711915016174316406e-01
-8.709473609924316406e-01
-8.707032203674316406e-01
-8.704590797424316406e-01
-8.702149391174316406e-01
-8.699707984924316406e-01
-8.697266578674316406e-01
-8.694825172424316406e-01
-8.692383766174316406e-01
-8.689942359924316406e-01
-8.687500953674316406e-01
-8.685059547424316406e-01
-8.682618141174316406e-01
-8.680176734924316406e-01
-8.677735328674316406e-01
-8.675293922424316406e-01
-8.672852516174316406e-01
-8.670411109924316406e-01
-8.667969703674316406e-01
-8.665528297424316406e-01
-8.663086891174316406e-01
-8.660645484924316406e-01
-8.658204078674316406e-01
-8.655762672424316406e-01
-8.653321266174316406e-01
-8.650879859924316406e-01
-8.648438453674316406e-01
-8.645997047424316406e-01
-8.643555641174316406e-01
-8.641114234924316406e-01
-8.638672828674316406e-01
-8.636231422424316406e-01
-8.633790016174316406e-01
-8.631348609924316406e-01
-8.628907203674316406e-01
-8.626465797424316406e-01
-8.624024391174316406e-01
-8.621582984924316406e-01
-8.619141578674316406e-01
-8.616700172424316406e-01
-8.614258766174316406e-01
-8.611817359924316406e-01
-8.609375953674316406e-01
-8.606934547424316406e-01
-8.604493141174316406e-01
-8.602051734924316406e-01
-8.599610328674316406e-01
-8.597168922424316406e-01
-8.594727516174316406e-01
-8.592286109924316406e-01
-8.589844703674316406e-01
-8.587403297424316406e-01
-8.584961891174316406e-01
-8.582520484924316406e-01
-8.580079078674316406e-01
-8.577637672424316406e-01
-8.575196266174316406e-01
-8.572754859924316406e-01
-8.570313453674316406e-01
-8.567872047424316406e-01
-8.565430641174316406e-01
-8.562989234924316406e-01
-8.560547828674316406e-01
-8.558106422424316406e-01
-8.555665016174316406e-01
-8.553223609924316406e-01
-8.550782203674316406e-01
-8.548340797424316406e-01
-8.545899391174316406e-01
-8.543457984924316406e-01
-8.541016578674316406e-01
-8.538575172424316406e-01
-8.536133766174316406e-01
-8.533692359924316406e-01
-8.531250953674316406e-01
-8.528809547424316406e-01
-8.526368141174316406e-01
-8.523926734924316406e-01
-8.521485328674316406e-01
-8.519043922424316406e-01
-8.516602516174316406e-01
-8.514161109924316406e-01
-8.511719703674316406e-01
-8.509278297424316406e-01
-8.506836891174316406e-01
-8.504395484924316406e-01
-8.501954078674316406e-01
-8.499512672424316406e-01
-8.497071266174316406e-01
-8.494629859924316406e-01
-8.492188453674316406e-01
-8.489747047424316406e-01
-8.487305641174316406e-01
-8.484864234924316406e-01
-8.482422828674316406e-01
-8.479981422424316406e-01
-8.477540016174316406e-01
-8.475098609924316406e-01
-8.472657203674316406e-01
-8.470215797424316406e-01
-8.467774391174316406e-01
-8.465332984924316406e-01
-8.462891578674316406e-01
-8.460450172424316406e-01
-8.458008766174316406e-01
-8.455567359924316406e-01
-8.453125953674316406e-01
-8.450684547424316406e-01
-8.448243141174316406e-01
-8.445801734924316406e-01
-8.443360328674316406e-01
-8.440918922424316406e-01
-8.438477516174316406e-01
-8.436036109924316406e-01
-8.433594703674316406e-01
-8.431153297424316406e-01
-8.428711891174316406e-01
-8.426270484924316406e-01
-8.423829078674316406e-01
-8.421387672424316406e-01
-8.418946266174316406e-01
-8.416504859924316406e-01
-8.414063453674316406e-01
-8.411622047424316406e-01
-8.409180641174316406e-01
-8.406739234924316406e-01
-8.404297828674316406e-01
-8.401856422424316406e-01
-8.399415016174316406e-01
-8.396973609924316406e-01
-8.394532203674316406e-01
-8.392090797424316406e-01
-8.389649391174316406e-01
-8.387207984924316406e-01
-8.384766578674316406e-01
-8.382325172424316406e-01
-8.379883766174316406e-01
-8.377442359924316406e-01
-8.375000953674316406e-01
-8.372559547424316406e-01
-8.370118141174316406e-01
-8.367676734924316406e-01
-8.365235328674316406e-01
-8.362793922424316406e-01
-8.360352516174316406e-01
-8.357911109924316406e-01
-8.355469703674316406e-01
-8.353028297424316406e-01
-8.350586891174316406e-01
-8.348145484924316406e-01
-8.345704078674316406e-01
-8.343262672424316406e-01
-8.340821266174316406e-01
-8.338379859924316406e-01
-8.335938453674316406e-01
-8.333497047424316406e-01
-8.331055641174316406e-01
-8.328614234924316406e-01
-8.326172828674316406e-01
-8.323731422424316406e-01
-8.321290016174316406e-01
-8.318848609924316406e-01
-8.316407203674316406e-01
-8.313965797424316406e-01
-8.311524391174316406e-01
-8.309082984924316406e-01
-8.306641578674316406e-01
-8.304200172424316406e-01
-8.301758766174316406e-01
-8.299317359924316406e-01
-8.296875953674316406e-01
-8.294434547424316406e-01
-8.291993141174316406e-01
-8.289551734924316406e-01
-8.287110328674316406e-01
-8.284668922424316406e-01
-8.282227516174316406e-01
-8.279786109924316406e-01
-8.277344703674316406e-01
-8.274903297424316406e-01
-8.272461891174316406e-01
-8.270020484924316406e-01
-8.267579078674316406e-01
-8.265137672424316406e-01
-8.262696266174316406e-01
-8.260254859924316406e-01
-8.257813453674316406e-01
-8.255372047424316406e-01
-8.252930641174316406e-01
-8.250489234924316406e-01
-8.248047828674316406e-01
-8.245606422424316406e-01
-8.243165016174316406e-01
-8.240723609924316406e-01
-8.238282203674316406e-01
-8.235840797424316406e-01
-8.233399391174316406e-01
-8.230957984924316406e-01
-8.228516578674316406e-01
-8.226075172424316406e-01
-8.223633766174316406e-01
-8.221192359924316406e-01
-8.218750953674316406e-01
-8.216309547424316406e-01
-8.213868141174316406e-01
-8.211426734924316406e-01
-8.208985328674316406e-01
-8.206543922424316406e-01
-8.204102516174316406e-01
-8.201661109924316406e-01
-8.199219703674316406e-01
-8.196778297424316406e-01
-8.194336891174316406e-01
-8.191895484924316406e-01
-8.189454078674316406e-01
-8.187012672424316406e-01
-8.184571266174316406e-01
-8.182129859924316406e-01
-8.179688453674316406e-01
-8.177247047424316406e-01
-8.174805641174316406e-01
-8.172364234924316406e-01
-8.169922828674316406e-01
-8.167481422424316406e-01
-8.165040016174316406e-01
-8.162598609924316406e-01
-8.160157203674316406e-01
-8.157715797424316406e-01
-8.155274391174316406e-01
-8.152832984924316406e-01
-8.150391578674316406e-01
-8.147950172424316406e-01
-8.145508766174316406e-01
-8.143067359924316406e-01
-8.140625953674316406e-01
-8.138184547424316406e-01
-8.135743141174316406e-01
-8.133301734924316406e-01
-8.130860328674316406e-01
-8.128418922424316406e-01
-8.125977516174316406e-01
-8.123536109924316406e-01
-8.121094703674316406e-01
-8.118653297424316406e-01
-8.116211891174316406e-01
-8.113770484924316406e-01
-8.111329078674316406e-01
-8.108887672424316406e-01
-8.106446266174316406e-01
-8.104004859924316406e-01
-8.101563453674316406e-01
-8.099122047424316406e-01
-8.096680641174316406e-01
-8.094239234924316406e-01
-8.091797828674316406e-01
-8.089356422424316406e-01
-8.086915016174316406e-01
-8.084473609924316406e-01
-8.082032203674316406e-01
-8.079590797424316406e-01
-8.077149391174316406e-01
-8.074707984924316406e-01
-8.072266578674316406e-01
-8.069825172424316406e-01
-8.067383766174316406e-01
-8.064942359924316406e-01
-8.062500953674316406e-01
-8.060059547424316406e-01
-8.057618141174316406e-01
-8.055176734924316406e-01
-8.052735328674316406e-01
-8.050293922424316406e-01
-8.047852516174316406e-01
-8.045411109924316406e-01
-8.042969703674316406e-01
-8.040528297424316406e-01
-8.038086891174316406e-01
-8.035645484924316406e-01
-8.033204078674316406e-01
-8.030762672424316406e-01
-8.028321266174316406e-01
-8.025879859924316406e-01
-8.023438453674316406e-01
-8.020997047424316406e-01
-8.018555641174316406e-01
-8.016114234924316406e-01
-8.013672828674316406e-01
-8.011231422424316406e-01
-8.008790016174316406e-01
-8.006348609924316406e-01
-8.003907203674316406e-01
-8.001465797424316406e-01
-7.999024391174316406e-01
-7.996582984924316406e-01
-7.994141578674316406e-01
-7.991700172424316406e-01
-7.989258766174316406e-01
-7.986817359924316406e-01
-7.984375953674316406e-01
-7.981934547424316406e-01
-7.979493141174316406e-01
-7.977051734924316406e-01
-7.974610328674316406e-01
-7.972168922424316406e-01
-7.969727516174316406e-01
-7.967286109924316406e-01
-7.964844703674316406e-01
-7.962403297424316406e-01
-7.959961891174316406e-01
-7.957520484924316406e-01
-7.955079078674316406e-01
-7.952637672424316406e-01
-7.950196266174316406e-01
-7.947754859924316406e-01
-7.945313453674316406e-01
-7.942872047424316406e-01
-7.940430641174316406e-01
-7.937989234924316406e-01
-7.935547828674316406e-01
-7.933106422424316406e-01
-7.930665016174316406e-01
-7.928223609924316406e-01
-7.925782203674316406e-01
-7.923340797424316406e-01
-7.920899391174316406e-01
-7.918457984924316406e-01
-7.916016578674316406e-01
-7.913575172424316406e-01
-7.911133766174316406e-01
-7.908692359924316406e-01
-7.906250953674316406e-01
-7.903809547424316406e-01
-7.901368141174316406e-01
-7.898926734924316406e-01
-7.896485328674316406e-01
-7.894043922424316406e-01
-7.891602516174316406e-01
-7.889161109924316406e-01
-7.886719703674316406e-01
-7.884278297424316406e-01
-7.881836891174316406e-01
-7.879395484924316406e-01
-7.876954078674316406e-01
-7.874512672424316406e-01
-7.872071266174316406e-01
-7.869629859924316406e-01
-7.867188453674316406e-01
-7.864747047424316406e-01
-7.862305641174316406e-01
-7.859864234924316406e-01
-7.857422828674316406e-01
-7.854981422424316406e-01
-7.852540016174316406e-01
-7.850098609924316406e-01
-7.847657203674316406e-01
-7.845215797424316406e-01
-7.842774391174316406e-01
-7.840332984924316406e-01
-7.837891578674316406e-01
-7.835450172424316406e-01
-7.833008766174316406e-01
-7.830567359924316406e-01
-7.828125953674316406e-01
-7.825684547424316406e-01
-7.823243141174316406e-01
-7.820801734924316406e-01
-7.818360328674316406e-01
-7.815918922424316406e-01
-7.813477516174316406e-01
-7.811036109924316406e-01
-7.808594703674316406e-01
-7.806153297424316406e-01
-7.803711891174316406e-01
-7.801270484924316406e-01
-7.798829078674316406e-01
-7.796387672424316406e-01
-7.793946266174316406e-01
-7.791504859924316406e-01
-7.789063453674316406e-01
-7.786622047424316406e-01
-7.784180641174316406e-01
-7.781739234924316406e-01
-7.779297828674316406e-01
-7.776856422424316406e-01
-7.774415016174316406e-01
-7.771973609924316406e-01
-7.769532203674316406e-01
-7.767090797424316406e-01
-7.764649391174316406e-01
-7.762207984924316406e-01
-7.759766578674316406e-01
-7.757325172424316406e-01
-7.754883766174316406e-01
-7.752442359924316406e-01
-7.750000953674316406e-01
-7.747559547424316406e-01
-7.745118141174316406e-01
-7.742676734924316406e-01
-7.740235328674316406e-01
-7.737793922424316406e-01
-7.735352516174316406e-01
-7.732911109924316406e-01
-7.730469703674316406e-01
-7.728028297424316406e-01
-7.725586891174316406e-01
-7.723145484924316406e-01
-7.720704078674316406e-01
-7.718262672424316406e-01
-7.715821266174316406e-01
-7.713379859924316406e-01
-7.710938453674316406e-01
-7.708497047424316406e-01
-7.706055641174316406e-01
-7.703614234924316406e-01
-7.701172828674316406e-01
-7.698731422424316406e-01
-7.696290016174316406e-01
-7.693848609924316406e-01
-7.691407203674316406e-01
-7.688965797424316406e-01
-7.686524391174316406e-01
-7.684082984924316406e-01
-7.681641578674316406e-01
-7.679200172424316406e-01
-7.676758766174316406e-01
-7.674317359924316406e-01
-7.671875953674316406e-01
-7.669434547424316406e-01
-7.666993141174316406e-01
-7.664551734924316406e-01
-7.662110328674316406e-01
-7.659668922424316406e-01
-7.657227516174316406e-01
-7.654786109924316406e-01
-7.652344703674316406e-01
-7.649903297424316406e-01
-7.647461891174316406e-01
-7.645020484924316406e-01
-7.642579078674316406e-01
-7.640137672424316406e-01
-7.637696266174316406e-01
-7.635254859924316406e-01
-7.632813453674316406e-01
-7.630372047424316406e-01
-7.627930641174316406e-01
-7.625489234924316406e-01
-7.623047828674316406e-01
-7.620606422424316406e-01
-7.618165016174316406e-01
-7.615723609924316406e-01
-7.613282203674316406e-01
-7.610840797424316406e-01
-7.608399391174316406e-01
-7.605957984924316406e-01
-7.603516578674316406e-01
-7.601075172424316406e-01
-7.598633766174316406e-01
-7.596192359924316406e-01
-7.593750953674316406e-01
-7.591309547424316406e-01
-7.588868141174316406e-01
-7.586426734924316406e-01
-7.583985328674316406e-01
-7.581543922424316406e-01
-7.579102516174316406e-01
-7.576661109924316406e-01
-7.574219703674316406e-01
-7.571778297424316406e-01
-7.569336891174316406e-01
-7.566895484924316406e-01
-7.564454078674316406e-01
-7.562012672424316406e-01
-7.559571266174316406e-01
-7.557129859924316406e-01
-7.554688453674316406e-01
-7.552247047424316406e-01
-7.549805641174316406e-01
-7.547364234924316406e-01
-7.544922828674316406e-01
-7.542481422424316406e-01
-7.540040016174316406e-01
-7.537598609924316406e-01
-7.535157203674316406e-01
-7.532715797424316406e-01
-7.530274391174316406e-01
-7.527832984924316406e-01
-7.525391578674316406e-01
-7.522950172424316406e-01
-7.520508766174316406e-01
-7.518067359924316406e-01
-7.515625953674316406e-01
-7.513184547424316406e-01
-7.510743141174316406e-01
-7.508301734924316406e-01
-7.505860328674316406e-01
-7.503418922424316406e-01
-7.500977516174316406e-01
-7.498536109924316406e-01
-7.496094703674316406e-01
-7.493653297424316406e-01
-7.491211891174316406e-01
-7.488770484924316406e-01
-7.486329078674316406e-01
-7.483887672424316406e-01
-7.481446266174316406e-01
-7.479004859924316406e-01
-7.476563453674316406e-01
-7.474122047424316406e-01
-7.471680641174316406e-01
-7.469239234924316406e-01
-7.466797828674316406e-01
-7.464356422424316406e-01
-7.461915016174316406e-01
-7.459473609924316406e-01
-7.457032203674316406e-01
-7.454590797424316406e-01
-7.452149391174316406e-01
-7.449707984924316406e-01
-7.447266578674316406e-01
-7.444825172424316406e-01
-7.442383766174316406e-01
-7.439942359924316406e-01
-7.437500953674316406e-01
-7.435059547424316406e-01
-7.432618141174316406e-01
-7.430176734924316406e-01
-7.427735328674316406e-01
-7.425293922424316406e-01
-7.422852516174316406e-01
-7.420411109924316406e-01
-7.417969703674316406e-01
-7.415528297424316406e-01
-7.413086891174316406e-01
-7.410645484924316406e-01
-7.408204078674316406e-01
-7.405762672424316406e-01
-7.403321266174316406e-01
-7.400879859924316406e-01
-7.398438453674316406e-01
-7.395997047424316406e-01
-7.393555641174316406e-01
-7.391114234924316406e-01
-7.388672828674316406e-01
-7.386231422424316406e-01
-7.383790016174316406e-01
-7.381348609924316406e-01
-7.378907203674316406e-01
-7.376465797424316406e-01
-7.374024391174316406e-01
-7.371582984924316406e-01
-7.369141578674316406e-01
-7.366700172424316406e-01
-7.364258766174316406e-01
-7.361817359924316406e-01
-7.359375953674316406e-01
-7.356934547424316406e-01
-7.354493141174316406e-01
-7.352051734924316406e-01
-7.349610328674316406e-01
-7.347168922424316406e-01
-7.344727516174316406e-01
-7.342286109924316406e-01
-7.339844703674316406e-01
-7.337403297424316406e-01
-7.334961891174316406e-01
-7.332520484924316406e-01
-7.330079078674316406e-01
-7.327637672424316406e-01
-7.325196266174316406e-01
-7.322754859924316406e-01
-7.320313453674316406e-01
-7.317872047424316406e-01
-7.315430641174316406e-01
-7.312989234924316406e-01
-7.310547828674316406e-01
-7.308106422424316406e-01
-7.305665016174316406e-01
-7.303223609924316406e-01
-7.300782203674316406e-01
-7.298340797424316406e-01
-7.295899391174316406e-01
-7.293457984924316406e-01
-7.291016578674316406e-01
-7.288575172424316406e-01
-7.286133766174316406e-01
-7.283692359924316406e-01
-7.281250953674316406e-01
-7.278809547424316406e-01
-7.276368141174316406e-01
-7.273926734924316406e-01
-7.271485328674316406e-01
-7.269043922424316406e-01
-7.266602516174316406e-01
-7.264161109924316406e-01
-7.261719703674316406e-01
-7.259278297424316406e-01
-7.256836891174316406e-01
-7.254395484924316406e-01
-7.251954078674316406e-01
-7.249512672424316406e-01
-7.247071266174316406e-01
-7.244629859924316406e-01
-7.242188453674316406e-01
-7.239747047424316406e-01
-7.237305641174316406e-01
-7.234864234924316406e-01
-7.232422828674316406e-01
-7.229981422424316406e-01
-7.227540016174316406e-01
-7.225098609924316406e-01
-7.222657203674316406e-01
-7.220215797424316406e-01
-7.217774391174316406e-01
-7.215332984924316406e-01
-7.212891578674316406e-01
-7.210450172424316406e-01
-7.208008766174316406e-01
-7.205567359924316406e-01
-7.203125953674316406e-01
-7.200684547424316406e-01
-7.198243141174316406e-01
-7.195801734924316406e-01
-7.193360328674316406e-01
-7.190918922424316406e-01
-7.188477516174316406e-01
-7.186036109924316406e-01
-7.183594703674316406e-01
-7.181153297424316406e-01
-7.178711891174316406e-01
-7.176270484924316406e-01
-7.173829078674316406e-01
-7.171387672424316406e-01
-7.168946266174316406e-01
-7.166504859924316406e-01
-7.164063453674316406e-01
-7.161622047424316406e-01
-7.159180641174316406e-01
-7.156739234924316406e-01
-7.154297828674316406e-01
-7.151856422424316406e-01
-7.149415016174316406e-01
-7.146973609924316406e-01
-7.144532203674316406e-01
-7.142090797424316406e-01
-7.139649391174316406e-01
-7.137207984924316406e-01
-7.134766578674316406e-01
-7.132325172424316406e-01
-7.129883766174316406e-01
-7.127442359924316406e-01
-7.125000953674316406e-01
-7.122559547424316406e-01
-7.120118141174316406e-01
-7.117676734924316406e-01
-7.115235328674316406e-01
-7.112793922424316406e-01
-7.110352516174316406e-01
-7.107911109924316406e-01
-7.105469703674316406e-01
-7.103028297424316406e-01
-7.100586891174316406e-01
-7.098145484924316406e-01
-7.095704078674316406e-01
-7.093262672424316406e-01
-7.090821266174316406e-01
-7.088379859924316406e-01
-7.085938453674316406e-01
-7.083497047424316406e-01
-7.081055641174316406e-01
-7.078614234924316406e-01
-7.076172828674316406e-01
-7.073731422424316406e-01
-7.071290016174316406e-01
-7.068848609924316406e-01
-7.066407203674316406e-01
-7.063965797424316406e-01
-7.061524391174316406e-01
-7.059082984924316406e-01
-7.056641578674316406e-01
-7.054200172424316406e-01
-7.051758766174316406e-01
-7.049317359924316406e-01
-7.046875953674316406e-01
-7.044434547424316406e-01
-7.041993141174316406e-01
-7.039551734924316406e-01
-7.037110328674316406e-01
-7.034668922424316406e-01
-7.032227516174316406e-01
-7.029786109924316406e-01
-7.027344703674316406e-01
-7.024903297424316406e-01
-7.022461891174316406e-01
-7.020020484924316406e-01
-7.017579078674316406e-01
-7.015137672424316406e-01
-7.012696266174316406e-01
-7.010254859924316406e-01
-7.007813453674316406e-01
-7.005372047424316406e-01
-7.002930641174316406e-01
-7.000489234924316406e-01
-6.998047828674316406e-01
-6.995606422424316406e-01
-6.993165016174316406e-01
-6.990723609924316406e-01
-6.988282203674316406e-01
-6.985840797424316406e-01
-6.983399391174316406e-01
-6.980957984924316406e-01
-6.978516578674316406e-01
-6.976075172424316406e-01
-6.973633766174316406e-01
-6.971192359924316406e-01
-6.968750953674316406e-01
-6.966309547424316406e-01
-6.963868141174316406e-01
-6.961426734924316406e-01
-6.958985328674316406e-01
-6.956543922424316406e-01
-6.954102516174316406e-01
-6.951661109924316406e-01
-6.949219703674316406e-01
-6.946778297424316406e-01
-6.944336891174316406e-01
-6.941895484924316406e-01
-6.939454078674316406e-01
-6.937012672424316406e-01
-6.934571266174316406e-01
-6.932129859924316406e-01
-6.929688453674316406e-01
-6.927247047424316406e-01
-6.924805641174316406e-01
-6.922364234924316406e-01
-6.919922828674316406e-01
-6.917481422424316406e-01
-6.915040016174316406e-01
-6.912598609924316406e-01
-6.910157203674316406e-01
-6.907715797424316406e-01
-6.905274391174316406e-01
-6.902832984924316406e-01
-6.900391578674316406e-01
-6.897950172424316406e-01
-6.895508766174316406e-01
-6.893067359924316406e-01
-6.890625953674316406e-01
-6.888184547424316406e-01
-6.885743141174316406e-01
-6.883301734924316406e-01
-6.880860328674316406e-01
-6.878418922424316406e-01
-6.875977516174316406e-01
-6.873536109924316406e-01
-6.871094703674316406e-01
-6.868653297424316406e-01
-6.866211891174316406e-01
-6.863770484924316406e-01
-6.861329078674316406e-01
-6.858887672424316406e-01
-6.856446266174316406e-01
-6.854004859924316406e-01
-6.851563453674316406e-01
-6.849122047424316406e-01
-6.846680641174316406e-01
-6.844239234924316406e-01
-6.841797828674316406e-01
-6.839356422424316406e-01
-6.836915016174316406e-01
-6.834473609924316406e-01
-6.832032203674316406e-01
-6.829590797424316406e-01
-6.827149391174316406e-01
-6.824707984924316406e-01
-6.822266578674316406e-01
-6.819825172424316406e-01
-6.817383766174316406e-01
-6.814942359924316406e-01
-6.812500953674316406e-01
-6.810059547424316406e-01
-6.807618141174316406e-01
-6.805176734924316406e-01
-6.802735328674316406e-01
-6.800293922424316406e-01
-6.797852516174316406e-01
-6.795411109924316406e-01
-6.792969703674316406e-01
-6.790528297424316406e-01
-6.788086891174316406e-01
-6.785645484924316406e-01
-6.783204078674316406e-01
-6.780762672424316406e-01
-6.778321266174316406e-01
-6.775879859924316406e-01
-6.773438453674316406e-01
-6.770997047424316406e-01
-6.768555641174316406e-01
-6.766114234924316406e-01
-6.763672828674316406e-01
-6.761231422424316406e-01
-6.758790016174316406e-01
-6.756348609924316406e-01
-6.753907203674316406e-01
-6.751465797424316406e-01
-6.749024391174316406e-01
-6.746582984924316406e-01
-6.744141578674316406e-01
-6.741700172424316406e-01
-6.739258766174316406e-01
-6.736817359924316406e-01
-6.734375953674316406e-01
-6.731934547424316406e-01
-6.729493141174316406e-01
-6.727051734924316406e-01
-6.724610328674316406e-01
-6.722168922424316406e-01
-6.719727516174316406e-01
-6.717286109924316406e-01
-6.714844703674316406e-01
-6.712403297424316406e-01
-6.709961891174316406e-01
-6.707520484924316406e-01
-6.705079078674316406e-01
-6.702637672424316406e-01
-6.700196266174316406e-01
-6.697754859924316406e-01
-6.695313453674316406e-01
-6.692872047424316406e-01
-6.690430641174316406e-01
-6.687989234924316406e-01
-6.685547828674316406e-01
-6.683106422424316406e-01
-6.680665016174316406e-01
-6.678223609924316406e-01
-6.675782203674316406e-01
-6.673340797424316406e-01
-6.670899391174316406e-01
-6.668457984924316406e-01
-6.666016578674316406e-01
-6.663575172424316406e-01
-6.661133766174316406e-01
-6.658692359924316406e-01
-6.656250953674316406e-01
-6.653809547424316406e-01
-6.651368141174316406e-01
-6.648926734924316406e-01
-6.646485328674316406e-01
-6.644043922424316406e-01
-6.641602516174316406e-01
-6.639161109924316406e-01
-6.636719703674316406e-01
-6.634278297424316406e-01
-6.631836891174316406e-01
-6.629395484924316406e-01
-6.626954078674316406e-01
-6.624512672424316406e-01
-6.622071266174316406e-01
-6.619629859924316406e-01
-6.617188453674316406e-01
-6.614747047424316406e-01
-6.612305641174316406e-01
-6.609864234924316406e-01
-6.607422828674316406e-01
-6.604981422424316406e-01
-6.602540016174316406e-01
-6.600098609924316406e-01
-6.597657203674316406e-01
-6.595215797424316406e-01
-6.592774391174316406e-01
-6.590332984924316406e-01
-6.587891578674316406e-01
-6.585450172424316406e-01
-6.583008766174316406e-01
-6.580567359924316406e-01
-6.578125953674316406e-01
-6.575684547424316406e-01
-6.573243141174316406e-01
-6.570801734924316406e-01
-6.568360328674316406e-01
-6.565918922424316406e-01
-6.563477516174316406e-01
-6.561036109924316406e-01
-6.558594703674316406e-01
-6.556153297424316406e-01
-6.553711891174316406e-01
-6.551270484924316406e-01
-6.548829078674316406e-01
-6.546387672424316406e-01
-6.543946266174316406e-01
-6.541504859924316406e-01
-6.539063453674316406e-01
-6.536622047424316406e-01
-6.534180641174316406e-01
-6.531739234924316406e-01
-6.529297828674316406e-01
-6.526856422424316406e-01
-6.524415016174316406e-01
-6.521973609924316406e-01
-6.519532203674316406e-01
-6.517090797424316406e-01
-6.514649391174316406e-01
-6.512207984924316406e-01
-6.509766578674316406e-01
-6.507325172424316406e-01
-6.504883766174316406e-01
-6.502442359924316406e-01
-6.500000953674316406e-01
-6.497559547424316406e-01
-6.495118141174316406e-01
-6.492676734924316406e-01
-6.490235328674316406e-01
-6.487793922424316406e-01
-6.485352516174316406e-01
-6.482911109924316406e-01
-6.480469703674316406e-01
-6.478028297424316406e-01
-6.475586891174316406e-01
-6.473145484924316406e-01
-6.470704078674316406e-01
-6.468262672424316406e-01
-6.465821266174316406e-01
-6.463379859924316406e-01
-6.460938453674316406e-01
-6.458497047424316406e-01
-6.456055641174316406e-01
-6.453614234924316406e-01
-6.451172828674316406e-01
-6.448731422424316406e-01
-6.446290016174316406e-01
-6.443848609924316406e-01
-6.441407203674316406e-01
-6.438965797424316406e-01
-6.436524391174316406e-01
-6.434082984924316406e-01
-6.431641578674316406e-01
-6.429200172424316406e-01
-6.426758766174316406e-01
-6.424317359924316406e-01
-6.421875953674316406e-01
-6.419434547424316406e-01
-6.416993141174316406e-01
-6.414551734924316406e-01
-6.412110328674316406e-01
-6.409668922424316406e-01
-6.407227516174316406e-01
-6.404786109924316406e-01
-6.402344703674316406e-01
-6.399903297424316406e-01
-6.397461891174316406e-01
-6.395020484924316406e-01
-6.392579078674316406e-01
-6.390137672424316406e-01
-6.387696266174316406e-01
-6.385254859924316406e-01
-6.382813453674316406e-01
-6.380372047424316406e-01
-6.377930641174316406e-01
-6.375489234924316406e-01
-6.373047828674316406e-01
-6.370606422424316406e-01
-6.368165016174316406e-01
-6.365723609924316406e-01
-6.363282203674316406e-01
-6.360840797424316406e-01
-6.358399391174316406e-01
-6.355957984924316406e-01
-6.353516578674316406e-01
-6.351075172424316406e-01
-6.348633766174316406e-01
-6.346192359924316406e-01
-6.343750953674316406e-01
-6.341309547424316406e-01
-6.338868141174316406e-01
-6.336426734924316406e-01
-6.333985328674316406e-01
-6.331543922424316406e-01
-6.329102516174316406e-01
-6.326661109924316406e-01
-6.324219703674316406e-01
-6.321778297424316406e-01
-6.319336891174316406e-01
-6.316895484924316406e-01
-6.314454078674316406e-01
-6.312012672424316406e-01
-6.309571266174316406e-01
-6.307129859924316406e-01
-6.304688453674316406e-01
-6.302247047424316406e-01
-6.299805641174316406e-01
-6.297364234924316406e-01
-6.294922828674316406e-01
-6.292481422424316406e-01
-6.290040016174316406e-01
-6.287598609924316406e-01
-6.285157203674316406e-01
-6.282715797424316406e-01
-6.280274391174316406e-01
-6.277832984924316406e-01
-6.275391578674316406e-01
-6.272950172424316406e-01
-6.270508766174316406e-01
-6.268067359924316406e-01
-6.265625953674316406e-01
-6.263184547424316406e-01
-6.260743141174316406e-01
-6.258301734924316406e-01
-6.255860328674316406e-01
-6.253418922424316406e-01
-6.250977516174316406e-01
-6.248536109924316406e-01
-6.246094703674316406e-01
-6.243653297424316406e-01
-6.241211891174316406e-01
-6.238770484924316406e-01
-6.236329078674316406e-01
-6.233887672424316406e-01
-6.231446266174316406e-01
-6.229004859924316406e-01
-6.226563453674316406e-01
-6.224122047424316406e-01
-6.221680641174316406e-01
-6.219239234924316406e-01
-6.216797828674316406e-01
-6.214356422424316406e-01
-6.211915016174316406e-01
-6.209473609924316406e-01
-6.207032203674316406e-01
-6.204590797424316406e-01
-6.202149391174316406e-01
-6.199707984924316406e-01
-6.197266578674316406e-01
-6.194825172424316406e-01
-6.192383766174316406e-01
-6.189942359924316406e-01
-6.187500953674316406e-01
-6.185059547424316406e-01
-6.182618141174316406e-01
-6.180176734924316406e-01
-6.177735328674316406e-01
-6.175293922424316406e-01
-6.172852516174316406e-01
-6.170411109924316406e-01
-6.167969703674316406e-01
-6.165528297424316406e-01
-6.163086891174316406e-01
-6.160645484924316406e-01
-6.158204078674316406e-01
-6.155762672424316406e-01
-6.153321266174316406e-01
-6.150879859924316406e-01
-6.148438453674316406e-01
-6.145997047424316406e-01
-6.143555641174316406e-01
-6.141114234924316406e-01
-6.138672828674316406e-01
-6.136231422424316406e-01
-6.133790016174316406e-01
-6.131348609924316406e-01
-6.128907203674316406e-01
-6.126465797424316406e-01
-6.124024391174316406e-01
-6.121582984924316406e-01
-6.119141578674316406e-01
-6.116700172424316406e-01
-6.114258766174316406e-01
-6.111817359924316406e-01
-6.109375953674316406e-01
-6.106934547424316406e-01
-6.104493141174316406e-01
-6.102051734924316406e-01
-6.099610328674316406e-01
-6.097168922424316406e-01
-6.094727516174316406e-01
-6.092286109924316406e-01
-6.089844703674316406e-01
-6.087403297424316406e-01
-6.084961891174316406e-01
-6.082520484924316406e-01
-6.080079078674316406e-01
-6.077637672424316406e-01
-6.075196266174316406e-01
-6.072754859924316406e-01
-6.070313453674316406e-01
-6.067872047424316406e-01
-6.065430641174316406e-01
-6.062989234924316406e-01
-6.060547828674316406e-01
-6.058106422424316406e-01
-6.055665016174316406e-01
-6.053223609924316406e-01
-6.050782203674316406e-01
-6.048340797424316406e-01
-6.045899391174316406e-01
-6.043457984924316406e-01
-6.041016578674316406e-01
-6.038575172424316406e-01
-6.036133766174316406e-01
-6.033692359924316406e-01
-6.031250953674316406e-01
-6.028809547424316406e-01
-6.026368141174316406e-01
-6.023926734924316406e-01
-6.021485328674316406e-01
-6.019043922424316406e-01
-6.016602516174316406e-01
-6.014161109924316406e-01
-6.011719703674316406e-01
-6.009278297424316406e-01
-6.006836891174316406e-01
-6.004395484924316406e-01
-6.001954078674316406e-01
-5.999512672424316406e-01
-5.997071266174316406e-01
-5.994629859924316406e-01
-5.992188453674316406e-01
-5.989747047424316406e-01
-5.987305641174316406e-01
-5.984864234924316406e-01
-5.982422828674316406e-01
-5.979981422424316406e-01
-5.977540016174316406e-01
-5.975098609924316406e-01
-5.972657203674316406e-01
-5.970215797424316406e-01
-5.967774391174316406e-01
-5.965332984924316406e-01
-5.962891578674316406e-01
-5.960450172424316406e-01
-5.958008766174316406e-01
-5.955567359924316406e-01
-5.953125953674316406e-01
-5.950684547424316406e-01
-5.948243141174316406e-01
-5.945801734924316406e-01
-5.943360328674316406e-01
-5.940918922424316406e-01
-5.938477516174316406e-01
-5.936036109924316406e-01
-5.933594703674316406e-01
-5.931153297424316406e-01
-5.928711891174316406e-01
-5.926270484924316406e-01
-5.923829078674316406e-01
-5.921387672424316406e-01
-5.918946266174316406e-01
-5.916504859924316406e-01
-5.914063453674316406e-01
-5.911622047424316406e-01
-5.909180641174316406e-01
-5.906739234924316406e-01
-5.904297828674316406e-01
-5.901856422424316406e-01
-5.899415016174316406e-01
-5.896973609924316406e-01
-5.894532203674316406e-01
-5.892090797424316406e-01
-5.889649391174316406e-01
-5.887207984924316406e-01
-5.884766578674316406e-01
-5.882325172424316406e-01
-5.879883766174316406e-01
-5.877442359924316406e-01
-5.875000953674316406e-01
-5.872559547424316406e-01
-5.870118141174316406e-01
-5.867676734924316406e-01
-5.865235328674316406e-01
-5.862793922424316406e-01
-5.860352516174316406e-01
-5.857911109924316406e-01
-5.855469703674316406e-01
-5.853028297424316406e-01
-5.850586891174316406e-01
-5.848145484924316406e-01
-5.845704078674316406e-01
-5.843262672424316406e-01
-5.840821266174316406e-01
-5.838379859924316406e-01
-5.835938453674316406e-01
-5.833497047424316406e-01
-5.831055641174316406e-01
-5.828614234924316406e-01
-5.826172828674316406e-01
-5.823731422424316406e-01
-5.821290016174316406e-01
-5.818848609924316406e-01
-5.816407203674316406e-01
-5.813965797424316406e-01
-5.811524391174316406e-01
-5.809082984924316406e-01
-5.806641578674316406e-01
-5.804200172424316406e-01
-5.801758766174316406e-01
-5.799317359924316406e-01
-5.796875953674316406e-01
-5.794434547424316406e-01
-5.791993141174316406e-01
-5.789551734924316406e-01
-5.787110328674316406e-01
-5.784668922424316406e-01
-5.782227516174316406e-01
-5.779786109924316406e-01
-5.777344703674316406e-01
-5.774903297424316406e-01
-5.772461891174316406e-01
-5.770020484924316406e-01
-5.767579078674316406e-01
-5.765137672424316406e-01
-5.762696266174316406e-01
-5.760254859924316406e-01
-5.757813453674316406e-01
-5.755372047424316406e-01
-5.752930641174316406e-01
-5.750489234924316406e-01
-5.748047828674316406e-01
-5.745606422424316406e-01
-5.743165016174316406e-01
-5.740723609924316406e-01
-5.738282203674316406e-01
-5.735840797424316406e-01
-5.733399391174316406e-01
-5.730957984924316406e-01
-5.728516578674316406e-01
-5.726075172424316406e-01
-5.723633766174316406e-01
-5.721192359924316406e-01
-5.718750953674316406e-01
-5.716309547424316406e-01
-5.713868141174316406e-01
-5.711426734924316406e-01
-5.708985328674316406e-01
-5.706543922424316406e-01
-5.704102516174316406e-01
-5.701661109924316406e-01
-5.699219703674316406e-01
-5.696778297424316406e-01
-5.694336891174316406e-01
-5.691895484924316406e-01
-5.689454078674316406e-01
-5.687012672424316406e-01
-5.684571266174316406e-01
-5.682129859924316406e-01
-5.679688453674316406e-01
-5.677247047424316406e-01
-5.674805641174316406e-01
-5.672364234924316406e-01
-5.669922828674316406e-01
-5.667481422424316406e-01
-5.665040016174316406e-01
-5.662598609924316406e-01
-5.660157203674316406e-01
-5.657715797424316406e-01
-5.655274391174316406e-01
-5.652832984924316406e-01
-5.650391578674316406e-01
-5.647950172424316406e-01
-5.645508766174316406e-01
-5.643067359924316406e-01
-5.640625953674316406e-01
-5.638184547424316406e-01
-5.635743141174316406e-01
-5.633301734924316406e-01
-5.630860328674316406e-01
-5.628418922424316406e-01
-5.625977516174316406e-01
-5.623536109924316406e-01
-5.621094703674316406e-01
-5.618653297424316406e-01
-5.616211891174316406e-01
-5.613770484924316406e-01
-5.611329078674316406e-01
-5.608887672424316406e-01
-5.606446266174316406e-01
-5.604004859924316406e-01
-5.601563453674316406e-01
-5.599122047424316406e-01
-5.596680641174316406e-01
-5.594239234924316406e-01
-5.591797828674316406e-01
-5.589356422424316406e-01
-5.586915016174316406e-01
-5.584473609924316406e-01
-5.582032203674316406e-01
-5.579590797424316406e-01
-5.577149391174316406e-01
-5.574707984924316406e-01
-5.572266578674316406e-01
-5.569825172424316406e-01
-5.567383766174316406e-01
-5.564942359924316406e-01
-5.562500953674316406e-01
-5.560059547424316406e-01
-5.557618141174316406e-01
-5.555176734924316406e-01
-5.552735328674316406e-01
-5.550293922424316406e-01
-5.547852516174316406e-01
-5.545411109924316406e-01
-5.542969703674316406e-01
-5.540528297424316406e-01
-5.538086891174316406e-01
-5.535645484924316406e-01
-5.533204078674316406e-01
-5.530762672424316406e-01
-5.528321266174316406e-01
-5.525879859924316406e-01
-5.523438453674316406e-01
-5.520997047424316406e-01
-5.518555641174316406e-01
-5.516114234924316406e-01
-5.513672828674316406e-01
-5.511231422424316406e-01
-5.508790016174316406e-01
-5.506348609924316406e-01
-5.503907203674316406e-01
-5.501465797424316406e-01
-5.499024391174316406e-01
-5.496582984924316406e-01
-5.494141578674316406e-01
-5.491700172424316406e-01
-5.489258766174316406e-01
-5.486817359924316406e-01
-5.484375953674316406e-01
-5.481934547424316406e-01
-5.479493141174316406e-01
-5.477051734924316406e-01
-5.474610328674316406e-01
-5.472168922424316406e-01
-5.469727516174316406e-01
-5.467286109924316406e-01
-5.464844703674316406e-01
-5.462403297424316406e-01
-5.459961891174316406e-01
-5.457520484924316406e-01
-5.455079078674316406e-01
-5.452637672424316406e-01
-5.450196266174316406e-01
-5.447754859924316406e-01
-5.445313453674316406e-01
-5.442872047424316406e-01
-5.440430641174316406e-01
-5.437989234924316406e-01
-5.435547828674316406e-01
-5.433106422424316406e-01
-5.430665016174316406e-01
-5.428223609924316406e-01
-5.425782203674316406e-01
-5.423340797424316406e-01
-5.420899391174316406e-01
-5.418457984924316406e-01
-5.416016578674316406e-01
-5.413575172424316406e-01
-5.411133766174316406e-01
-5.408692359924316406e-01
-5.406250953674316406e-01
-5.403809547424316406e-01
-5.401368141174316406e-01
-5.398926734924316406e-01
-5.396485328674316406e-01
-5.394043922424316406e-01
-5.391602516174316406e-01
-5.389161109924316406e-01
-5.386719703674316406e-01
-5.384278297424316406e-01
-5.381836891174316406e-01
-5.379395484924316406e-01
-5.376954078674316406e-01
-5.374512672424316406e-01
-5.372071266174316406e-01
-5.369629859924316406e-01
-5.367188453674316406e-01
-5.364747047424316406e-01
-5.362305641174316406e-01
-5.359864234924316406e-01
-5.357422828674316406e-01
-5.354981422424316406e-01
-5.352540016174316406e-01
-5.350098609924316406e-01
-5.347657203674316406e-01
-5.345215797424316406e-01
-5.342774391174316406e-01
-5.340332984924316406e-01
-5.337891578674316406e-01
-5.335450172424316406e-01
-5.333008766174316406e-01
-5.330567359924316406e-01
-5.328125953674316406e-01
-5.325684547424316406e-01
-5.323243141174316406e-01
-5.320801734924316406e-01
-5.318360328674316406e-01
-5.315918922424316406e-01
-5.313477516174316406e-01
-5.311036109924316406e-01
-5.308594703674316406e-01
-5.306153297424316406e-01
-5.303711891174316406e-01
-5.301270484924316406e-01
-5.298829078674316406e-01
-5.296387672424316406e-01
-5.293946266174316406e-01
-5.291504859924316406e-01
-5.289063453674316406e-01
-5.286622047424316406e-01
-5.284180641174316406e-01
-5.281739234924316406e-01
-5.279297828674316406e-01
-5.276856422424316406e-01
-5.274415016174316406e-01
-5.271973609924316406e-01
-5.269532203674316406e-01
-5.267090797424316406e-01
-5.264649391174316406e-01
-5.262207984924316406e-01
-5.259766578674316406e-01
-5.257325172424316406e-01
-5.254883766174316406e-01
-5.252442359924316406e-01
-5.250000953674316406e-01
-5.247559547424316406e-01
-5.245118141174316406e-01
-5.242676734924316406e-01
-5.240235328674316406e-01
-5.237793922424316406e-01
-5.235352516174316406e-01
-5.232911109924316406e-01
-5.230469703674316406e-01
-5.228028297424316406e-01
-5.225586891174316406e-01
-5.223145484924316406e-01
-5.220704078674316406e-01
-5.218262672424316406e-01
-5.215821266174316406e-01
-5.213379859924316406e-01
-5.210938453674316406e-01
-5.208497047424316406e-01
-5.206055641174316406e-01
-5.203614234924316406e-01
-5.201172828674316406e-01
-5.198731422424316406e-01
-5.196290016174316406e-01
-5.193848609924316406e-01
-5.191407203674316406e-01
-5.188965797424316406e-01
-5.186524391174316406e-01
-5.184082984924316406e-01
-5.181641578674316406e-01
-5.179200172424316406e-01
-5.176758766174316406e-01
-5.174317359924316406e-01
-5.171875953674316406e-01
-5.169434547424316406e-01
-5.166993141174316406e-01
-5.164551734924316406e-01
-5.162110328674316406e-01
-5.159668922424316406e-01
-5.157227516174316406e-01
-5.154786109924316406e-01
-5.152344703674316406e-01
-5.149903297424316406e-01
-5.147461891174316406e-01
-5.145020484924316406e-01
-5.142579078674316406e-01
-5.140137672424316406e-01
-5.137696266174316406e-01
-5.135254859924316406e-01
-5.132813453674316406e-01
-5.130372047424316406e-01
-5.127930641174316406e-01
-5.125489234924316406e-01
-5.123047828674316406e-01
-5.120606422424316406e-01
-5.118165016174316406e-01
-5.115723609924316406e-01
-5.113282203674316406e-01
-5.110840797424316406e-01
-5.108399391174316406e-01
-5.105957984924316406e-01
-5.103516578674316406e-01
-5.101075172424316406e-01
-5.098633766174316406e-01
-5.096192359924316406e-01
-5.093750953674316406e-01
-5.091309547424316406e-01
-5.088868141174316406e-01
-5.086426734924316406e-01
-5.083985328674316406e-01
-5.081543922424316406e-01
-5.079102516174316406e-01
-5.076661109924316406e-01
-5.074219703674316406e-01
-5.071778297424316406e-01
-5.069336891174316406e-01
-5.066895484924316406e-01
-5.064454078674316406e-01
-5.062012672424316406e-01
-5.059571266174316406e-01
-5.057129859924316406e-01
-5.054688453674316406e-01
-5.052247047424316406e-01
-5.049805641174316406e-01
-5.047364234924316406e-01
-5.044922828674316406e-01
-5.042481422424316406e-01
-5.040040016174316406e-01
-5.037598609924316406e-01
-5.035157203674316406e-01
-5.032715797424316406e-01
-5.030274391174316406e-01
-5.027832984924316406e-01
-5.025391578674316406e-01
-5.022950172424316406e-01
-5.020508766174316406e-01
-5.018067359924316406e-01
-5.015625953674316406e-01
-5.013184547424316406e-01
-5.010743141174316406e-01
-5.008301734924316406e-01
-5.005860328674316406e-01
-5.003418922424316406e-01
-5.000977516174316406e-01
-4.998536109924316406e-01
-4.996094703674316406e-01
-4.993653297424316406e-01
-4.991211891174316406e-01
-4.988770484924316406e-01
-4.986329078674316406e-01
-4.983887672424316406e-01
-4.981446266174316406e-01
-4.979004859924316406e-01
-4.976563453674316406e-01
-4.974122047424316406e-01
-4.971680641174316406e-01
-4.969239234924316406e-01
-4.966797828674316406e-01
-4.964356422424316406e-01
-4.961915016174316406e-01
-4.959473609924316406e-01
-4.957032203674316406e-01
-4.954590797424316406e-01
-4.952149391174316406e-01
-4.949707984924316406e-01
-4.947266578674316406e-01
-4.944825172424316406e-01
-4.942383766174316406e-01
-4.939942359924316406e-01
-4.937500953674316406e-01
-4.935059547424316406e-01
-4.932618141174316406e-01
-4.930176734924316406e-01
-4.927735328674316406e-01
-4.925293922424316406e-01
-4.922852516174316406e-01
-4.920411109924316406e-01
-4.917969703674316406e-01
-4.915528297424316406e-01
-4.913086891174316406e-01
-4.910645484924316406e-01
-4.908204078674316406e-01
-4.905762672424316406e-01
-4.903321266174316406e-01
-4.900879859924316406e-01
-4.898438453674316406e-01
-4.895997047424316406e-01
-4.893555641174316406e-01
-4.891114234924316406e-01
-4.888672828674316406e-01
-4.886231422424316406e-01
-4.883790016174316406e-01
-4.881348609924316406e-01
-4.878907203674316406e-01
-4.876465797424316406e-01
-4.874024391174316406e-01
-4.871582984924316406e-01
-4.869141578674316406e-01
-4.866700172424316406e-01
-4.864258766174316406e-01
-4.861817359924316406e-01
-4.859375953674316406e-01
-4.856934547424316406e-01
-4.854493141174316406e-01
-4.852051734924316406e-01
-4.849610328674316406e-01
-4.847168922424316406e-01
-4.844727516174316406e-01
-4.842286109924316406e-01
-4.839844703674316406e-01
-4.837403297424316406e-01
-4.834961891174316406e-01
-4.832520484924316406e-01
-4.830079078674316406e-01
-4.827637672424316406e-01
-4.825196266174316406e-01
-4.822754859924316406e-01
-4.820313453674316406e-01
-4.817872047424316406e-01
-4.815430641174316406e-01
-4.812989234924316406e-01
-4.810547828674316406e-01
-4.808106422424316406e-01
-4.805665016174316406e-01
-4.803223609924316406e-01
-4.800782203674316406e-01
-4.798340797424316406e-01
-4.795899391174316406e-01
-4.793457984924316406e-01
-4.791016578674316406e-01
-4.788575172424316406e-01
-4.786133766174316406e-01
-4.783692359924316406e-01
-4.781250953674316406e-01
-4.778809547424316406e-01
-4.776368141174316406e-01
-4.773926734924316406e-01
-4.771485328674316406e-01
-4.769043922424316406e-01
-4.766602516174316406e-01
-4.764161109924316406e-01
-4.761719703674316406e-01
-4.759278297424316406e-01
-4.756836891174316406e-01
-4.754395484924316406e-01
-4.751954078674316406e-01
-4.749512672424316406e-01
-4.747071266174316406e-01
-4.744629859924316406e-01
-4.742188453674316406e-01
-4.739747047424316406e-01
-4.737305641174316406e-01
-4.734864234924316406e-01
-4.732422828674316406e-01
-4.729981422424316406e-01
-4.727540016174316406e-01
-4.725098609924316406e-01
-4.722657203674316406e-01
-4.720215797424316406e-01
-4.717774391174316406e-01
-4.715332984924316406e-01
-4.712891578674316406e-01
-4.710450172424316406e-01
-4.708008766174316406e-01
-4.705567359924316406e-01
-4.703125953674316406e-01
-4.700684547424316406e-01
-4.698243141174316406e-01
-4.695801734924316406e-01
-4.693360328674316406e-01
-4.690918922424316406e-01
-4.688477516174316406e-01
-4.686036109924316406e-01
-4.683594703674316406e-01
-4.681153297424316406e-01
-4.678711891174316406e-01
-4.676270484924316406e-01
-4.673829078674316406e-01
-4.671387672424316406e-01
-4.668946266174316406e-01
-4.666504859924316406e-01
-4.664063453674316406e-01
-4.661622047424316406e-01
-4.659180641174316406e-01
-4.656739234924316406e-01
-4.654297828674316406e-01
-4.651856422424316406e-01
-4.649415016174316406e-01
-4.646973609924316406e-01
-4.644532203674316406e-01
-4.642090797424316406e-01
-4.639649391174316406e-01
-4.637207984924316406e-01
-4.634766578674316406e-01
-4.632325172424316406e-01
-4.629883766174316406e-01
-4.627442359924316406e-01
-4.625000953674316406e-01
-4.622559547424316406e-01
-4.620118141174316406e-01
-4.617676734924316406e-01
-4.615235328674316406e-01
-4.612793922424316406e-01
-4.610352516174316406e-01
-4.607911109924316406e-01
-4.605469703674316406e-01
-4.603028297424316406e-01
-4.600586891174316406e-01
-4.598145484924316406e-01
-4.595704078674316406e-01
-4.593262672424316406e-01
-4.590821266174316406e-01
-4.588379859924316406e-01
-4.585938453674316406e-01
-4.583497047424316406e-01
-4.581055641174316406e-01
-4.578614234924316406e-01
-4.576172828674316406e-01
-4.573731422424316406e-01
-4.571290016174316406e-01
-4.568848609924316406e-01
-4.566407203674316406e-01
-4.563965797424316406e-01
-4.561524391174316406e-01
-4.559082984924316406e-01
-4.556641578674316406e-01
-4.554200172424316406e-01
-4.551758766174316406e-01
-4.549317359924316406e-01
-4.546875953674316406e-01
-4.544434547424316406e-01
-4.541993141174316406e-01
-4.539551734924316406e-01
-4.537110328674316406e-01
-4.534668922424316406e-01
-4.532227516174316406e-01
-4.529786109924316406e-01
-4.527344703674316406e-01
-4.524903297424316406e-01
-4.522461891174316406e-01
-4.520020484924316406e-01
-4.517579078674316406e-01
-4.515137672424316406e-01
-4.512696266174316406e-01
-4.510254859924316406e-01
-4.507813453674316406e-01
-4.505372047424316406e-01
-4.502930641174316406e-01
-4.500489234924316406e-01
-4.498047828674316406e-01
-4.495606422424316406e-01
-4.493165016174316406e-01
-4.490723609924316406e-01
-4.488282203674316406e-01
-4.485840797424316406e-01
-4.483399391174316406e-01
-4.480957984924316406e-01
-4.478516578674316406e-01
-4.476075172424316406e-01
-4.473633766174316406e-01
-4.471192359924316406e-01
-4.468750953674316406e-01
-4.466309547424316406e-01
-4.463868141174316406e-01
-4.461426734924316406e-01
-4.458985328674316406e-01
-4.456543922424316406e-01
-4.454102516174316406e-01
-4.451661109924316406e-01
-4.449219703674316406e-01
-4.446778297424316406e-01
-4.444336891174316406e-01
-4.441895484924316406e-01
-4.439454078674316406e-01
-4.437012672424316406e-01
-4.434571266174316406e-01
-4.432129859924316406e-01
-4.429688453674316406e-01
-4.427247047424316406e-01
-4.424805641174316406e-01
-4.422364234924316406e-01
-4.419922828674316406e-01
-4.417481422424316406e-01
-4.415040016174316406e-01
-4.412598609924316406e-01
-4.410157203674316406e-01
-4.407715797424316406e-01
-4.405274391174316406e-01
-4.402832984924316406e-01
-4.400391578674316406e-01
-4.397950172424316406e-01
-4.395508766174316406e-01
-4.393067359924316406e-01
-4.390625953674316406e-01
-4.388184547424316406e-01
-4.385743141174316406e-01
-4.383301734924316406e-01
-4.380860328674316406e-01
-4.378418922424316406e-01
-4.375977516174316406e-01
-4.373536109924316406e-01
-4.371094703674316406e-01
-4.368653297424316406e-01
-4.366211891174316406e-01
-4.363770484924316406e-01
-4.361329078674316406e-01
-4.358887672424316406e-01
-4.356446266174316406e-01
-4.354004859924316406e-01
-4.351563453674316406e-01
-4.349122047424316406e-01
-4.346680641174316406e-01
-4.344239234924316406e-01
-4.341797828674316406e-01
-4.339356422424316406e-01
-4.336915016174316406e-01
-4.334473609924316406e-01
-4.332032203674316406e-01
-4.329590797424316406e-01
-4.327149391174316406e-01
-4.324707984924316406e-01
-4.322266578674316406e-01
-4.319825172424316406e-01
-4.317383766174316406e-01
-4.314942359924316406e-01
-4.312500953674316406e-01
-4.310059547424316406e-01
-4.307618141174316406e-01
-4.305176734924316406e-01
-4.302735328674316406e-01
-4.300293922424316406e-01
-4.297852516174316406e-01
-4.295411109924316406e-01
-4.292969703674316406e-01
-4.290528297424316406e-01
-4.288086891174316406e-01
-4.285645484924316406e-01
-4.283204078674316406e-01
-4.280762672424316406e-01
-4.278321266174316406e-01
-4.275879859924316406e-01
-4.273438453674316406e-01
-4.270997047424316406e-01
-4.268555641174316406e-01
-4.266114234924316406e-01
-4.263672828674316406e-01
-4.261231422424316406e-01
-4.258790016174316406e-01
-4.256348609924316406e-01
-4.253907203674316406e-01
-4.251465797424316406e-01
-4.249024391174316406e-01
-4.246582984924316406e-01
-4.244141578674316406e-01
-4.241700172424316406e-01
-4.239258766174316406e-01
-4.236817359924316406e-01
-4.234375953674316406e-01
-4.231934547424316406e-01
-4.229493141174316406e-01
-4.227051734924316406e-01
-4.224610328674316406e-01
-4.222168922424316406e-01
-4.219727516174316406e-01
-4.217286109924316406e-01
-4.214844703674316406e-01
-4.212403297424316406e-01
-4.209961891174316406e-01
-4.207520484924316406e-01
-4.205079078674316406e-01
-4.202637672424316406e-01
-4.200196266174316406e-01
-4.197754859924316406e-01
-4.195313453674316406e-01
-4.192872047424316406e-01
-4.190430641174316406e-01
-4.187989234924316406e-01
-4.185547828674316406e-01
-4.183106422424316406e-01
-4.180665016174316406e-01
-4.178223609924316406e-01
-4.175782203674316406e-01
-4.173340797424316406e-01
-4.170899391174316406e-01
-4.168457984924316406e-01
-4.166016578674316406e-01
-4.163575172424316406e-01
-4.161133766174316406e-01
-4.158692359924316406e-01
-4.156250953674316406e-01
-4.153809547424316406e-01
-4.151368141174316406e-01
-4.148926734924316406e-01
-4.146485328674316406e-01
-4.144043922424316406e-01
-4.141602516174316406e-01
-4.139161109924316406e-01
-4.136719703674316406e-01
-4.134278297424316406e-01
-4.131836891174316406e-01
-4.129395484924316406e-01
-4.126954078674316406e-01
-4.124512672424316406e-01
-4.122071266174316406e-01
-4.119629859924316406e-01
-4.117188453674316406e-01
-4.114747047424316406e-01
-4.112305641174316406e-01
-4.109864234924316406e-01
-4.107422828674316406e-01
-4.104981422424316406e-01
-4.102540016174316406e-01
-4.100098609924316406e-01
-4.097657203674316406e-01
-4.095215797424316406e-01
-4.092774391174316406e-01
-4.090332984924316406e-01
-4.087891578674316406e-01
-4.085450172424316406e-01
-4.083008766174316406e-01
-4.080567359924316406e-01
-4.078125953674316406e-01
-4.075684547424316406e-01
-4.073243141174316406e-01
-4.070801734924316406e-01
-4.068360328674316406e-01
-4.065918922424316406e-01
-4.063477516174316406e-01
-4.061036109924316406e-01
-4.058594703674316406e-01
-4.056153297424316406e-01
-4.053711891174316406e-01
-4.051270484924316406e-01
-4.048829078674316406e-01
-4.046387672424316406e-01
-4.043946266174316406e-01
-4.041504859924316406e-01
-4.039063453674316406e-01
-4.036622047424316406e-01
-4.034180641174316406e-01
-4.031739234924316406e-01
-4.029297828674316406e-01
-4.026856422424316406e-01
-4.024415016174316406e-01
-4.021973609924316406e-01
-4.019532203674316406e-01
-4.017090797424316406e-01
-4.014649391174316406e-01
-4.012207984924316406e-01
-4.009766578674316406e-01
-4.007325172424316406e-01
-4.004883766174316406e-01
-4.002442359924316406e-01
-4.000000953674316406e-01
-3.997559547424316406e-01
-3.995118141174316406e-01
-3.992676734924316406e-01
-3.990235328674316406e-01
-3.987793922424316406e-01
-3.985352516174316406e-01
-3.982911109924316406e-01
-3.980469703674316406e-01
-3.978028297424316406e-01
-3.975586891174316406e-01
-3.973145484924316406e-01
-3.970704078674316406e-01
-3.968262672424316406e-01
-3.965821266174316406e-01
-3.963379859924316406e-01
-3.960938453674316406e-01
-3.958497047424316406e-01
-3.956055641174316406e-01
-3.953614234924316406e-01
-3.951172828674316406e-01
-3.948731422424316406e-01
-3.946290016174316406e-01
-3.943848609924316406e-01
-3.941407203674316406e-01
-3.938965797424316406e-01
-3.936524391174316406e-01
-3.934082984924316406e-01
-3.931641578674316406e-01
-3.929200172424316406e-01
-3.926758766174316406e-01
-3.924317359924316406e-01
-3.921875953674316406e-01
-3.919434547424316406e-01
-3.916993141174316406e-01
-3.914551734924316406e-01
-3.912110328674316406e-01
-3.909668922424316406e-01
-3.907227516174316406e-01
-3.904786109924316406e-01
-3.902344703674316406e-01
-3.899903297424316406e-01
-3.897461891174316406e-01
-3.895020484924316406e-01
-3.892579078674316406e-01
-3.890137672424316406e-01
-3.887696266174316406e-01
-3.885254859924316406e-01
-3.882813453674316406e-01
-3.880372047424316406e-01
-3.877930641174316406e-01
-3.875489234924316406e-01
-3.873047828674316406e-01
-3.870606422424316406e-01
-3.868165016174316406e-01
-3.865723609924316406e-01
-3.863282203674316406e-01
-3.860840797424316406e-01
-3.858399391174316406e-01
-3.855957984924316406e-01
-3.853516578674316406e-01
-3.851075172424316406e-01
-3.848633766174316406e-01
-3.846192359924316406e-01
-3.843750953674316406e-01
-3.841309547424316406e-01
-3.838868141174316406e-01
-3.836426734924316406e-01
-3.833985328674316406e-01
-3.831543922424316406e-01
-3.829102516174316406e-01
-3.826661109924316406e-01
-3.824219703674316406e-01
-3.821778297424316406e-01
-3.819336891174316406e-01
-3.816895484924316406e-01
-3.814454078674316406e-01
-3.812012672424316406e-01
-3.809571266174316406e-01
-3.807129859924316406e-01
-3.804688453674316406e-01
-3.802247047424316406e-01
-3.799805641174316406e-01
-3.797364234924316406e-01
-3.794922828674316406e-01
-3.792481422424316406e-01
-3.790040016174316406e-01
-3.787598609924316406e-01
-3.785157203674316406e-01
-3.782715797424316406e-01
-3.780274391174316406e-01
-3.777832984924316406e-01
-3.775391578674316406e-01
-3.772950172424316406e-01
-3.770508766174316406e-01
-3.768067359924316406e-01
-3.765625953674316406e-01
-3.763184547424316406e-01
-3.760743141174316406e-01
-3.758301734924316406e-01
-3.755860328674316406e-01
-3.753418922424316406e-01
-3.750977516174316406e-01
-3.748536109924316406e-01
-3.746094703674316406e-01
-3.743653297424316406e-01
-3.741211891174316406e-01
-3.738770484924316406e-01
-3.736329078674316406e-01
-3.733887672424316406e-01
-3.731446266174316406e-01
-3.729004859924316406e-01
-3.726563453674316406e-01
-3.724122047424316406e-01
-3.721680641174316406e-01
-3.719239234924316406e-01
-3.716797828674316406e-01
-3.714356422424316406e-01
-3.711915016174316406e-01
-3.709473609924316406e-01
-3.707032203674316406e-01
-3.704590797424316406e-01
-3.702149391174316406e-01
-3.699707984924316406e-01
-3.697266578674316406e-01
-3.694825172424316406e-01
-3.692383766174316406e-01
-3.689942359924316406e-01
-3.687500953674316406e-01
-3.685059547424316406e-01
-3.682618141174316406e-01
-3.680176734924316406e-01
-3.677735328674316406e-01
-3.675293922424316406e-01
-3.672852516174316406e-01
-3.670411109924316406e-01
-3.667969703674316406e-01
-3.665528297424316406e-01
-3.663086891174316406e-01
-3.660645484924316406e-01
-3.658204078674316406e-01
-3.655762672424316406e-01
-3.653321266174316406e-01
-3.650879859924316406e-01
-3.648438453674316406e-01
-3.645997047424316406e-01
-3.643555641174316406e-01
-3.641114234924316406e-01
-3.638672828674316406e-01
-3.636231422424316406e-01
-3.633790016174316406e-01
-3.631348609924316406e-01
-3.628907203674316406e-01
-3.626465797424316406e-01
-3.624024391174316406e-01
-3.621582984924316406e-01
-3.619141578674316406e-01
-3.616700172424316406e-01
-3.614258766174316406e-01
-3.611817359924316406e-01
-3.609375953674316406e-01
-3.606934547424316406e-01
-3.604493141174316406e-01
-3.602051734924316406e-01
-3.599610328674316406e-01
-3.597168922424316406e-01
-3.594727516174316406e-01
-3.592286109924316406e-01
-3.589844703674316406e-01
-3.587403297424316406e-01
-3.584961891174316406e-01
-3.582520484924316406e-01
-3.580079078674316406e-01
-3.577637672424316406e-01
-3.575196266174316406e-01
-3.572754859924316406e-01
-3.570313453674316406e-01
-3.567872047424316406e-01
-3.565430641174316406e-01
-3.562989234924316406e-01
-3.560547828674316406e-01
-3.558106422424316406e-01
-3.555665016174316406e-01
-3.553223609924316406e-01
-3.550782203674316406e-01
-3.548340797424316406e-01
-3.545899391174316406e-01
-3.543457984924316406e-01
-3.541016578674316406e-01
-3.538575172424316406e-01
-3.536133766174316406e-01
-3.533692359924316406e-01
-3.531250953674316406e-01
-3.528809547424316406e-01
-3.526368141174316406e-01
-3.523926734924316406e-01
-3.521485328674316406e-01
-3.519043922424316406e-01
-3.516602516174316406e-01
-3.514161109924316406e-01
-3.511719703674316406e-01
-3.509278297424316406e-01
-3.506836891174316406e-01
-3.504395484924316406e-01
-3.501954078674316406e-01
-3.499512672424316406e-01
-3.497071266174316406e-01
-3.494629859924316406e-01
-3.492188453674316406e-01
-3.489747047424316406e-01
-3.487305641174316406e-01
-3.484864234924316406e-01
-3.482422828674316406e-01
-3.479981422424316406e-01
-3.477540016174316406e-01
-3.475098609924316406e-01
-3.472657203674316406e-01
-3.470215797424316406e-01
-3.467774391174316406e-01
-3.465332984924316406e-01
-3.462891578674316406e-01
-3.460450172424316406e-01
-3.458008766174316406e-01
-3.455567359924316406e-01
-3.453125953674316406e-01
-3.450684547424316406e-01
-3.448243141174316406e-01
-3.445801734924316406e-01
-3.443360328674316406e-01
-3.440918922424316406e-01
-3.438477516174316406e-01
-3.436036109924316406e-01
-3.433594703674316406e-01
-3.431153297424316406e-01
-3.428711891174316406e-01
-3.426270484924316406e-01
-3.423829078674316406e-01
-3.421387672424316406e-01
-3.418946266174316406e-01
-3.416504859924316406e-01
-3.414063453674316406e-01
-3.411622047424316406e-01
-3.409180641174316406e-01
-3.406739234924316406e-01
-3.404297828674316406e-01
-3.401856422424316406e-01
-3.399415016174316406e-01
-3.396973609924316406e-01
-3.394532203674316406e-01
-3.392090797424316406e-01
-3.389649391174316406e-01
-3.387207984924316406e-01
-3.384766578674316406e-01
-3.382325172424316406e-01
-3.379883766174316406e-01
-3.377442359924316406e-01
-3.375000953674316406e-01
-3.372559547424316406e-01
-3.370118141174316406e-01
-3.367676734924316406e-01
-3.365235328674316406e-01
-3.362793922424316406e-01
-3.360352516174316406e-01
-3.357911109924316406e-01
-3.355469703674316406e-01
-3.353028297424316406e-01
-3.350586891174316406e-01
-3.348145484924316406e-01
-3.345704078674316406e-01
-3.343262672424316406e-01
-3.340821266174316406e-01
-3.338379859924316406e-01
-3.335938453674316406e-01
-3.333497047424316406e-01
-3.331055641174316406e-01
-3.328614234924316406e-01
-3.326172828674316406e-01
-3.323731422424316406e-01
-3.321290016174316406e-01
-3.318848609924316406e-01
-3.316407203674316406e-01
-3.313965797424316406e-01
-3.311524391174316406e-01
-3.309082984924316406e-01
-3.306641578674316406e-01
-3.304200172424316406e-01
-3.301758766174316406e-01
-3.299317359924316406e-01
-3.296875953674316406e-01
-3.294434547424316406e-01
-3.291993141174316406e-01
-3.289551734924316406e-01
-3.287110328674316406e-01
-3.284668922424316406e-01
-3.282227516174316406e-01
-3.279786109924316406e-01
-3.277344703674316406e-01
-3.274903297424316406e-01
-3.272461891174316406e-01
-3.270020484924316406e-01
-3.267579078674316406e-01
-3.265137672424316406e-01
-3.262696266174316406e-01
-3.260254859924316406e-01
-3.257813453674316406e-01
-3.255372047424316406e-01
-3.252930641174316406e-01
-3.250489234924316406e-01
-3.248047828674316406e-01
-3.245606422424316406e-01
-3.243165016174316406e-01
-3.240723609924316406e-01
-3.238282203674316406e-01
-3.235840797424316406e-01
-3.233399391174316406e-01
-3.230957984924316406e-01
-3.228516578674316406e-01
-3.226075172424316406e-01
-3.223633766174316406e-01
-3.221192359924316406e-01
-3.218750953674316406e-01
-3.216309547424316406e-01
-3.213868141174316406e-01
-3.211426734924316406e-01
-3.208985328674316406e-01
-3.206543922424316406e-01
-3.204102516174316406e-01
-3.201661109924316406e-01
-3.199219703674316406e-01
-3.196778297424316406e-01
-3.194336891174316406e-01
-3.191895484924316406e-01
-3.189454078674316406e-01
-3.187012672424316406e-01
-3.184571266174316406e-01
-3.182129859924316406e-01
-3.179688453674316406e-01
-3.177247047424316406e-01
-3.174805641174316406e-01
-3.172364234924316406e-01
-3.169922828674316406e-01
-3.167481422424316406e-01
-3.165040016174316406e-01
-3.162598609924316406e-01
-3.160157203674316406e-01
-3.157715797424316406e-01
-3.155274391174316406e-01
-3.152832984924316406e-01
-3.150391578674316406e-01
-3.147950172424316406e-01
-3.145508766174316406e-01
-3.143067359924316406e-01
-3.140625953674316406e-01
-3.138184547424316406e-01
-3.135743141174316406e-01
-3.133301734924316406e-01
-3.130860328674316406e-01
-3.128418922424316406e-01
-3.125977516174316406e-01
-3.123536109924316406e-01
-3.121094703674316406e-01
-3.118653297424316406e-01
-3.116211891174316406e-01
-3.113770484924316406e-01
-3.111329078674316406e-01
-3.108887672424316406e-01
-3.106446266174316406e-01
-3.104004859924316406e-01
-3.101563453674316406e-01
-3.099122047424316406e-01
-3.096680641174316406e-01
-3.094239234924316406e-01
-3.091797828674316406e-01
-3.089356422424316406e-01
-3.086915016174316406e-01
-3.084473609924316406e-01
-3.082032203674316406e-01
-3.079590797424316406e-01
-3.077149391174316406e-01
-3.074707984924316406e-01
-3.072266578674316406e-01
-3.069825172424316406e-01
-3.067383766174316406e-01
-3.064942359924316406e-01
-3.062500953674316406e-01
-3.060059547424316406e-01
-3.057618141174316406e-01
-3.055176734924316406e-01
-3.052735328674316406e-01
-3.050293922424316406e-01
-3.047852516174316406e-01
-3.045411109924316406e-01
-3.042969703674316406e-01
-3.040528297424316406e-01
-3.038086891174316406e-01
-3.035645484924316406e-01
-3.033204078674316406e-01
-3.030762672424316406e-01
-3.028321266174316406e-01
-3.025879859924316406e-01
-3.023438453674316406e-01
-3.020997047424316406e-01
-3.018555641174316406e-01
-3.016114234924316406e-01
-3.013672828674316406e-01
-3.011231422424316406e-01
-3.008790016174316406e-01
-3.006348609924316406e-01
-3.003907203674316406e-01
-3.001465797424316406e-01
-2.999024391174316406e-01
-2.996582984924316406e-01
-2.994141578674316406e-01
-2.991700172424316406e-01
-2.989258766174316406e-01
-2.986817359924316406e-01
-2.984375953674316406e-01
-2.981934547424316406e-01
-2.979493141174316406e-01
-2.977051734924316406e-01
-2.974610328674316406e-01
-2.972168922424316406e-01
-2.969727516174316406e-01
-2.967286109924316406e-01
-2.964844703674316406e-01
-2.962403297424316406e-01
-2.959961891174316406e-01
-2.957520484924316406e-01
-2.955079078674316406e-01
-2.952637672424316406e-01
-2.950196266174316406e-01
-2.947754859924316406e-01
-2.945313453674316406e-01
-2.942872047424316406e-01
-2.940430641174316406e-01
-2.937989234924316406e-01
-2.935547828674316406e-01
-2.933106422424316406e-01
-2.930665016174316406e-01
-2.928223609924316406e-01
-2.925782203674316406e-01
-2.923340797424316406e-01
-2.920899391174316406e-01
-2.918457984924316406e-01
-2.916016578674316406e-01
-2.913575172424316406e-01
-2.911133766174316406e-01
-2.908692359924316406e-01
-2.906250953674316406e-01
-2.903809547424316406e-01
-2.901368141174316406e-01
-2.898926734924316406e-01
-2.896485328674316406e-01
-2.894043922424316406e-01
-2.891602516174316406e-01
-2.889161109924316406e-01
-2.886719703674316406e-01
-2.884278297424316406e-01
-2.881836891174316406e-01
-2.879395484924316406e-01
-2.876954078674316406e-01
-2.874512672424316406e-01
-2.872071266174316406e-01
-2.869629859924316406e-01
-2.867188453674316406e-01
-2.864747047424316406e-01
-2.862305641174316406e-01
-2.859864234924316406e-01
-2.857422828674316406e-01
-2.854981422424316406e-01
-2.852540016174316406e-01
-2.850098609924316406e-01
-2.847657203674316406e-01
-2.845215797424316406e-01
-2.842774391174316406e-01
-2.840332984924316406e-01
-2.837891578674316406e-01
-2.835450172424316406e-01
-2.833008766174316406e-01
-2.830567359924316406e-01
-2.828125953674316406e-01
-2.825684547424316406e-01
-2.823243141174316406e-01
-2.820801734924316406e-01
-2.818360328674316406e-01
-2.815918922424316406e-01
-2.813477516174316406e-01
-2.811036109924316406e-01
-2.808594703674316406e-01
-2.806153297424316406e-01
-2.803711891174316406e-01
-2.801270484924316406e-01
-2.798829078674316406e-01
-2.796387672424316406e-01
-2.793946266174316406e-01
-2.791504859924316406e-01
-2.789063453674316406e-01
-2.786622047424316406e-01
-2.784180641174316406e-01
-2.781739234924316406e-01
-2.779297828674316406e-01
-2.776856422424316406e-01
-2.774415016174316406e-01
-2.771973609924316406e-01
-2.769532203674316406e-01
-2.767090797424316406e-01
-2.764649391174316406e-01
-2.762207984924316406e-01
-2.759766578674316406e-01
-2.757325172424316406e-01
-2.754883766174316406e-01
-2.752442359924316406e-01
-2.750000953674316406e-01
-2.747559547424316406e-01
-2.745118141174316406e-01
-2.742676734924316406e-01
-2.740235328674316406e-01
-2.737793922424316406e-01
-2.735352516174316406e-01
-2.732911109924316406e-01
-2.730469703674316406e-01
-2.728028297424316406e-01
-2.725586891174316406e-01
-2.723145484924316406e-01
-2.720704078674316406e-01
-2.718262672424316406e-01
-2.715821266174316406e-01
-2.713379859924316406e-01
-2.710938453674316406e-01
-2.708497047424316406e-01
-2.706055641174316406e-01
-2.703614234924316406e-01
-2.701172828674316406e-01
-2.698731422424316406e-01
-2.696290016174316406e-01
-2.693848609924316406e-01
-2.691407203674316406e-01
-2.688965797424316406e-01
-2.686524391174316406e-01
-2.684082984924316406e-01
-2.681641578674316406e-01
-2.679200172424316406e-01
-2.676758766174316406e-01
-2.674317359924316406e-01
-2.671875953674316406e-01
-2.669434547424316406e-01
-2.666993141174316406e-01
-2.664551734924316406e-01
-2.662110328674316406e-01
-2.659668922424316406e-01
-2.657227516174316406e-01
-2.654786109924316406e-01
-2.652344703674316406e-01
-2.649903297424316406e-01
-2.647461891174316406e-01
-2.645020484924316406e-01
-2.642579078674316406e-01
-2.640137672424316406e-01
-2.637696266174316406e-01
-2.635254859924316406e-01
-2.632813453674316406e-01
-2.630372047424316406e-01
-2.627930641174316406e-01
-2.625489234924316406e-01
-2.623047828674316406e-01
-2.620606422424316406e-01
-2.618165016174316406e-01
-2.615723609924316406e-01
-2.613282203674316406e-01
-2.610840797424316406e-01
-2.608399391174316406e-01
-2.605957984924316406e-01
-2.603516578674316406e-01
-2.601075172424316406e-01
-2.598633766174316406e-01
-2.596192359924316406e-01
-2.593750953674316406e-01
-2.591309547424316406e-01
-2.588868141174316406e-01
-2.586426734924316406e-01
-2.583985328674316406e-01
-2.581543922424316406e-01
-2.579102516174316406e-01
-2.576661109924316406e-01
-2.574219703674316406e-01
-2.571778297424316406e-01
-2.569336891174316406e-01
-2.566895484924316406e-01
-2.564454078674316406e-01
-2.562012672424316406e-01
-2.559571266174316406e-01
-2.557129859924316406e-01
-2.554688453674316406e-01
-2.552247047424316406e-01
-2.549805641174316406e-01
-2.547364234924316406e-01
-2.544922828674316406e-01
-2.542481422424316406e-01
-2.540040016174316406e-01
-2.537598609924316406e-01
-2.535157203674316406e-01
-2.532715797424316406e-01
-2.530274391174316406e-01
-2.527832984924316406e-01
-2.525391578674316406e-01
-2.522950172424316406e-01
-2.520508766174316406e-01
-2.518067359924316406e-01
-2.515625953674316406e-01
-2.513184547424316406e-01
-2.510743141174316406e-01
-2.508301734924316406e-01
-2.505860328674316406e-01
-2.503418922424316406e-01
-2.500977516174316406e-01
-2.498536109924316406e-01
-2.496094703674316406e-01
-2.493653297424316406e-01
-2.491211891174316406e-01
-2.488770484924316406e-01
-2.486329078674316406e-01
-2.483887672424316406e-01
-2.481446266174316406e-01
-2.479004859924316406e-01
-2.476563453674316406e-01
-2.474122047424316406e-01
-2.471680641174316406e-01
-2.469239234924316406e-01
-2.466797828674316406e-01
-2.464356422424316406e-01
-2.461915016174316406e-01
-2.459473609924316406e-01
-2.457032203674316406e-01
-2.454590797424316406e-01
-2.452149391174316406e-01
-2.449707984924316406e-01
-2.447266578674316406e-01
-2.444825172424316406e-01
-2.442383766174316406e-01
-2.439942359924316406e-01
-2.437500953674316406e-01
-2.435059547424316406e-01
-2.432618141174316406e-01
-2.430176734924316406e-01
-2.427735328674316406e-01
-2.425293922424316406e-01
-2.422852516174316406e-01
-2.420411109924316406e-01
-2.417969703674316406e-01
-2.415528297424316406e-01
-2.413086891174316406e-01
-2.410645484924316406e-01
-2.408204078674316406e-01
-2.405762672424316406e-01
-2.403321266174316406e-01
-2.400879859924316406e-01
-2.398438453674316406e-01
-2.395997047424316406e-01
-2.393555641174316406e-01
-2.391114234924316406e-01
-2.388672828674316406e-01
-2.386231422424316406e-01
-2.383790016174316406e-01
-2.381348609924316406e-01
-2.378907203674316406e-01
-2.376465797424316406e-01
-2.374024391174316406e-01
-2.371582984924316406e-01
-2.369141578674316406e-01
-2.366700172424316406e-01
-2.364258766174316406e-01
-2.361817359924316406e-01
-2.359375953674316406e-01
-2.356934547424316406e-01
-2.354493141174316406e-01
-2.352051734924316406e-01
-2.349610328674316406e-01
-2.347168922424316406e-01
-2.344727516174316406e-01
-2.342286109924316406e-01
-2.339844703674316406e-01
-2.337403297424316406e-01
-2.334961891174316406e-01
-2.332520484924316406e-01
-2.330079078674316406e-01
-2.327637672424316406e-01
-2.325196266174316406e-01
-2.322754859924316406e-01
-2.320313453674316406e-01
-2.317872047424316406e-01
-2.315430641174316406e-01
-2.312989234924316406e-01
-2.310547828674316406e-01
-2.308106422424316406e-01
-2.305665016174316406e-01
-2.303223609924316406e-01
-2.300782203674316406e-01
-2.298340797424316406e-01
-2.295899391174316406e-01
-2.293457984924316406e-01
-2.291016578674316406e-01
-2.288575172424316406e-01
-2.286133766174316406e-01
-2.283692359924316406e-01
-2.281250953674316406e-01
-2.278809547424316406e-01
-2.276368141174316406e-01
-2.273926734924316406e-01
-2.271485328674316406e-01
-2.269043922424316406e-01
-2.266602516174316406e-01
-2.264161109924316406e-01
-2.261719703674316406e-01
-2.259278297424316406e-01
-2.256836891174316406e-01
-2.254395484924316406e-01
-2.251954078674316406e-01
-2.249512672424316406e-01
-2.247071266174316406e-01
-2.244629859924316406e-01
-2.242188453674316406e-01
-2.239747047424316406e-01
-2.237305641174316406e-01
-2.234864234924316406e-01
-2.232422828674316406e-01
-2.229981422424316406e-01
-2.227540016174316406e-01
-2.225098609924316406e-01
-2.222657203674316406e-01
-2.220215797424316406e-01
-2.217774391174316406e-01
-2.215332984924316406e-01
-2.212891578674316406e-01
-2.210450172424316406e-01
-2.208008766174316406e-01
-2.205567359924316406e-01
-2.203125953674316406e-01
-2.200684547424316406e-01
-2.198243141174316406e-01
-2.195801734924316406e-01
-2.193360328674316406e-01
-2.190918922424316406e-01
-2.188477516174316406e-01
-2.186036109924316406e-01
-2.183594703674316406e-01
-2.181153297424316406e-01
-2.178711891174316406e-01
-2.176270484924316406e-01
-2.173829078674316406e-01
-2.171387672424316406e-01
-2.168946266174316406e-01
-2.166504859924316406e-01
-2.164063453674316406e-01
-2.161622047424316406e-01
-2.159180641174316406e-01
-2.156739234924316406e-01
-2.154297828674316406e-01
-2.151856422424316406e-01
-2.149415016174316406e-01
-2.146973609924316406e-01
-2.144532203674316406e-01
-2.142090797424316406e-01
-2.139649391174316406e-01
-2.137207984924316406e-01
-2.134766578674316406e-01
-2.132325172424316406e-01
-2.129883766174316406e-01
-2.127442359924316406e-01
-2.125000953674316406e-01
-2.122559547424316406e-01
-2.120118141174316406e-01
-2.117676734924316406e-01
-2.115235328674316406e-01
-2.112793922424316406e-01
-2.110352516174316406e-01
-2.107911109924316406e-01
-2.105469703674316406e-01
-2.103028297424316406e-01
-2.100586891174316406e-01
-2.098145484924316406e-01
-2.095704078674316406e-01
-2.093262672424316406e-01
-2.090821266174316406e-01
-2.088379859924316406e-01
-2.085938453674316406e-01
-2.083497047424316406e-01
-2.081055641174316406e-01
-2.078614234924316406e-01
-2.076172828674316406e-01
-2.073731422424316406e-01
-2.071290016174316406e-01
-2.068848609924316406e-01
-2.066407203674316406e-01
-2.063965797424316406e-01
-2.061524391174316406e-01
-2.059082984924316406e-01
-2.056641578674316406e-01
-2.054200172424316406e-01
-2.051758766174316406e-01
-2.049317359924316406e-01
-2.046875953674316406e-01
-2.044434547424316406e-01
-2.041993141174316406e-01
-2.039551734924316406e-01
-2.037110328674316406e-01
-2.034668922424316406e-01
-2.032227516174316406e-01
-2.029786109924316406e-01
-2.027344703674316406e-01
-2.024903297424316406e-01
-2.022461891174316406e-01
-2.020020484924316406e-01
-2.017579078674316406e-01
-2.015137672424316406e-01
-2.012696266174316406e-01
-2.010254859924316406e-01
-2.007813453674316406e-01
-2.005372047424316406e-01
-2.002930641174316406e-01
-2.000489234924316406e-01
-1.998047828674316406e-01
-1.995606422424316406e-01
-1.993165016174316406e-01
-1.990723609924316406e-01
-1.988282203674316406e-01
-1.985840797424316406e-01
-1.983399391174316406e-01
-1.980957984924316406e-01
-1.978516578674316406e-01
-1.976075172424316406e-01
-1.973633766174316406e-01
-1.971192359924316406e-01
-1.968750953674316406e-01
-1.966309547424316406e-01
-1.963868141174316406e-01
-1.961426734924316406e-01
-1.958985328674316406e-01
-1.956543922424316406e-01
-1.954102516174316406e-01
-1.951661109924316406e-01
-1.949219703674316406e-01
-1.946778297424316406e-01
-1.944336891174316406e-01
-1.941895484924316406e-01
-1.939454078674316406e-01
-1.937012672424316406e-01
-1.934571266174316406e-01
-1.932129859924316406e-01
-1.929688453674316406e-01
-1.927247047424316406e-01
-1.924805641174316406e-01
-1.922364234924316406e-01
-1.919922828674316406e-01
-1.917481422424316406e-01
-1.915040016174316406e-01
-1.912598609924316406e-01
-1.910157203674316406e-01
-1.907715797424316406e-01
-1.905274391174316406e-01
-1.902832984924316406e-01
-1.900391578674316406e-01
-1.897950172424316406e-01
-1.895508766174316406e-01
-1.893067359924316406e-01
-1.890625953674316406e-01
-1.888184547424316406e-01
-1.885743141174316406e-01
-1.883301734924316406e-01
-1.880860328674316406e-01
-1.878418922424316406e-01
-1.875977516174316406e-01
-1.873536109924316406e-01
-1.871094703674316406e-01
-1.868653297424316406e-01
-1.866211891174316406e-01
-1.863770484924316406e-01
-1.861329078674316406e-01
-1.858887672424316406e-01
-1.856446266174316406e-01
-1.854004859924316406e-01
-1.851563453674316406e-01
-1.849122047424316406e-01
-1.846680641174316406e-01
-1.844239234924316406e-01
-1.841797828674316406e-01
-1.839356422424316406e-01
-1.836915016174316406e-01
-1.834473609924316406e-01
-1.832032203674316406e-01
-1.829590797424316406e-01
-1.827149391174316406e-01
-1.824707984924316406e-01
-1.822266578674316406e-01
-1.819825172424316406e-01
-1.817383766174316406e-01
-1.814942359924316406e-01
-1.812500953674316406e-01
-1.810059547424316406e-01
-1.807618141174316406e-01
-1.805176734924316406e-01
-1.802735328674316406e-01
-1.800293922424316406e-01
-1.797852516174316406e-01
-1.795411109924316406e-01
-1.792969703674316406e-01
-1.790528297424316406e-01
-1.788086891174316406e-01
-1.785645484924316406e-01
-1.783204078674316406e-01
-1.780762672424316406e-01
-1.778321266174316406e-01
-1.775879859924316406e-01
-1.773438453674316406e-01
-1.770997047424316406e-01
-1.768555641174316406e-01
-1.766114234924316406e-01
-1.763672828674316406e-01
-1.761231422424316406e-01
-1.758790016174316406e-01
-1.756348609924316406e-01
-1.753907203674316406e-01
-1.751465797424316406e-01
-1.749024391174316406e-01
-1.746582984924316406e-01
-1.744141578674316406e-01
-1.741700172424316406e-01
-1.739258766174316406e-01
-1.736817359924316406e-01
-1.734375953674316406e-01
-1.731934547424316406e-01
-1.729493141174316406e-01
-1.727051734924316406e-01
-1.724610328674316406e-01
-1.722168922424316406e-01
-1.719727516174316406e-01
-1.717286109924316406e-01
-1.714844703674316406e-01
-1.712403297424316406e-01
-1.709961891174316406e-01
-1.707520484924316406e-01
-1.705079078674316406e-01
-1.702637672424316406e-01
-1.700196266174316406e-01
-1.697754859924316406e-01
-1.695313453674316406e-01
-1.692872047424316406e-01
-1.690430641174316406e-01
-1.687989234924316406e-01
-1.685547828674316406e-01
-1.683106422424316406e-01
-1.680665016174316406e-01
-1.678223609924316406e-01
-1.675782203674316406e-01
-1.673340797424316406e-01
-1.670899391174316406e-01
-1.668457984924316406e-01
-1.666016578674316406e-01
-1.663575172424316406e-01
-1.661133766174316406e-01
-1.658692359924316406e-01
-1.656250953674316406e-01
-1.653809547424316406e-01
-1.651368141174316406e-01
-1.648926734924316406e-01
-1.646485328674316406e-01
-1.644043922424316406e-01
-1.641602516174316406e-01
-1.639161109924316406e-01
-1.636719703674316406e-01
-1.634278297424316406e-01
-1.631836891174316406e-01
-1.629395484924316406e-01
-1.626954078674316406e-01
-1.624512672424316406e-01
-1.622071266174316406e-01
-1.619629859924316406e-01
-1.617188453674316406e-01
-1.614747047424316406e-01
-1.612305641174316406e-01
-1.609864234924316406e-01
-1.607422828674316406e-01
-1.604981422424316406e-01
-1.602540016174316406e-01
-1.600098609924316406e-01
-1.597657203674316406e-01
-1.595215797424316406e-01
-1.592774391174316406e-01
-1.590332984924316406e-01
-1.587891578674316406e-01
-1.585450172424316406e-01
-1.583008766174316406e-01
-1.580567359924316406e-01
-1.578125953674316406e-01
-1.575684547424316406e-01
-1.573243141174316406e-01
-1.570801734924316406e-01
-1.568360328674316406e-01
-1.565918922424316406e-01
-1.563477516174316406e-01
-1.561036109924316406e-01
-1.558594703674316406e-01
-1.556153297424316406e-01
-1.553711891174316406e-01
-1.551270484924316406e-01
-1.548829078674316406e-01
-1.546387672424316406e-01
-1.543946266174316406e-01
-1.541504859924316406e-01
-1.539063453674316406e-01
-1.536622047424316406e-01
-1.534180641174316406e-01
-1.531739234924316406e-01
-1.529297828674316406e-01
-1.526856422424316406e-01
-1.524415016174316406e-01
-1.521973609924316406e-01
-1.519532203674316406e-01
-1.517090797424316406e-01
-1.514649391174316406e-01
-1.512207984924316406e-01
-1.509766578674316406e-01
-1.507325172424316406e-01
-1.504883766174316406e-01
-1.502442359924316406e-01
-1.500000953674316406e-01
-1.497559547424316406e-01
-1.495118141174316406e-01
-1.492676734924316406e-01
-1.490235328674316406e-01
-1.487793922424316406e-01
-1.485352516174316406e-01
-1.482911109924316406e-01
-1.480469703674316406e-01
-1.478028297424316406e-01
-1.475586891174316406e-01
-1.473145484924316406e-01
-1.470704078674316406e-01
-1.468262672424316406e-01
-1.465821266174316406e-01
-1.463379859924316406e-01
-1.460938453674316406e-01
-1.458497047424316406e-01
-1.456055641174316406e-01
-1.453614234924316406e-01
-1.451172828674316406e-01
-1.448731422424316406e-01
-1.446290016174316406e-01
-1.443848609924316406e-01
-1.441407203674316406e-01
-1.438965797424316406e-01
-1.436524391174316406e-01
-1.434082984924316406e-01
-1.431641578674316406e-01
-1.429200172424316406e-01
-1.426758766174316406e-01
-1.424317359924316406e-01
-1.421875953674316406e-01
-1.419434547424316406e-01
-1.416993141174316406e-01
-1.414551734924316406e-01
-1.412110328674316406e-01
-1.409668922424316406e-01
-1.407227516174316406e-01
-1.404786109924316406e-01
-1.402344703674316406e-01
-1.399903297424316406e-01
-1.397461891174316406e-01
-1.395020484924316406e-01
-1.392579078674316406e-01
-1.390137672424316406e-01
-1.387696266174316406e-01
-1.385254859924316406e-01
-1.382813453674316406e-01
-1.380372047424316406e-01
-1.377930641174316406e-01
-1.375489234924316406e-01
-1.373047828674316406e-01
-1.370606422424316406e-01
-1.368165016174316406e-01
-1.365723609924316406e-01
-1.363282203674316406e-01
-1.360840797424316406e-01
-1.358399391174316406e-01
-1.355957984924316406e-01
-1.353516578674316406e-01
-1.351075172424316406e-01
-1.348633766174316406e-01
-1.346192359924316406e-01
-1.343750953674316406e-01
-1.341309547424316406e-01
-1.338868141174316406e-01
-1.336426734924316406e-01
-1.333985328674316406e-01
-1.331543922424316406e-01
-1.329102516174316406e-01
-1.326661109924316406e-01
-1.324219703674316406e-01
-1.321778297424316406e-01
-1.319336891174316406e-01
-1.316895484924316406e-01
-1.314454078674316406e-01
-1.312012672424316406e-01
-1.309571266174316406e-01
-1.307129859924316406e-01
-1.304688453674316406e-01
-1.302247047424316406e-01
-1.299805641174316406e-01
-1.297364234924316406e-01
-1.294922828674316406e-01
-1.292481422424316406e-01
-1.290040016174316406e-01
-1.287598609924316406e-01
-1.285157203674316406e-01
-1.282715797424316406e-01
-1.280274391174316406e-01
-1.277832984924316406e-01
-1.275391578674316406e-01
-1.272950172424316406e-01
-1.270508766174316406e-01
-1.268067359924316406e-01
-1.265625953674316406e-01
-1.263184547424316406e-01
-1.260743141174316406e-01
-1.258301734924316406e-01
-1.255860328674316406e-01
-1.253418922424316406e-01
-1.250977516174316406e-01
-1.248536109924316406e-01
-1.246094703674316406e-01
-1.243653297424316406e-01
-1.241211891174316406e-01
-1.238770484924316406e-01
-1.236329078674316406e-01
-1.233887672424316406e-01
-1.231446266174316406e-01
-1.229004859924316406e-01
-1.226563453674316406e-01
-1.224122047424316406e-01
-1.221680641174316406e-01
-1.219239234924316406e-01
-1.216797828674316406e-01
-1.214356422424316406e-01
-1.211915016174316406e-01
-1.209473609924316406e-01
-1.207032203674316406e-01
-1.204590797424316406e-01
-1.202149391174316406e-01
-1.199707984924316406e-01
-1.197266578674316406e-01
-1.194825172424316406e-01
-1.192383766174316406e-01
-1.189942359924316406e-01
-1.187500953674316406e-01
-1.185059547424316406e-01
-1.182618141174316406e-01
-1.180176734924316406e-01
-1.177735328674316406e-01
-1.175293922424316406e-01
-1.172852516174316406e-01
-1.170411109924316406e-01
-1.167969703674316406e-01
-1.165528297424316406e-01
-1.163086891174316406e-01
-1.160645484924316406e-01
-1.158204078674316406e-01
-1.155762672424316406e-01
-1.153321266174316406e-01
-1.150879859924316406e-01
-1.148438453674316406e-01
-1.145997047424316406e-01
-1.143555641174316406e-01
-1.141114234924316406e-01
-1.138672828674316406e-01
-1.136231422424316406e-01
-1.133790016174316406e-01
-1.131348609924316406e-01
-1.128907203674316406e-01
-1.126465797424316406e-01
-1.124024391174316406e-01
-1.121582984924316406e-01
-1.119141578674316406e-01
-1.116700172424316406e-01
-1.114258766174316406e-01
-1.111817359924316406e-01
-1.109375953674316406e-01
-1.106934547424316406e-01
-1.104493141174316406e-01
-1.102051734924316406e-01
-1.099610328674316406e-01
-1.097168922424316406e-01
-1.094727516174316406e-01
-1.092286109924316406e-01
-1.089844703674316406e-01
-1.087403297424316406e-01
-1.084961891174316406e-01
-1.082520484924316406e-01
-1.080079078674316406e-01
-1.077637672424316406e-01
-1.075196266174316406e-01
-1.072754859924316406e-01
-1.070313453674316406e-01
-1.067872047424316406e-01
-1.065430641174316406e-01
-1.062989234924316406e-01
-1.060547828674316406e-01
-1.058106422424316406e-01
-1.055665016174316406e-01
-1.053223609924316406e-01
-1.050782203674316406e-01
-1.048340797424316406e-01
-1.045899391174316406e-01
-1.043457984924316406e-01
-1.041016578674316406e-01
-1.038575172424316406e-01
-1.036133766174316406e-01
-1.033692359924316406e-01
-1.031250953674316406e-01
-1.028809547424316406e-01
-1.026368141174316406e-01
-1.023926734924316406e-01
-1.021485328674316406e-01
-1.019043922424316406e-01
-1.016602516174316406e-01
-1.014161109924316406e-01
-1.011719703674316406e-01
-1.009278297424316406e-01
-1.006836891174316406e-01
-1.004395484924316406e-01
-1.001954078674316406e-01
-9.995126724243164062e-02
-9.970712661743164062e-02
-9.946298599243164062e-02
-9.921884536743164062e-02
-9.897470474243164062e-02
-9.873056411743164062e-02
-9.848642349243164062e-02
-9.824228286743164062e-02
-9.799814224243164062e-02
-9.775400161743164062e-02
-9.750986099243164062e-02
-9.726572036743164062e-02
-9.702157974243164062e-02
-9.677743911743164062e-02
-9.653329849243164062e-02
-9.628915786743164062e-02
-9.604501724243164062e-02
-9.580087661743164062e-02
-9.555673599243164062e-02
-9.531259536743164062e-02
-9.506845474243164062e-02
-9.482431411743164062e-02
-9.458017349243164062e-02
-9.433603286743164062e-02
-9.409189224243164062e-02
-9.384775161743164062e-02
-9.360361099243164062e-02
-9.335947036743164062e-02
-9.311532974243164062e-02
-9.287118911743164062e-02
-9.262704849243164062e-02
-9.238290786743164062e-02
-9.213876724243164062e-02
-9.189462661743164062e-02
-9.165048599243164062e-02
-9.140634536743164062e-02
-9.116220474243164062e-02
-9.091806411743164062e-02
-9.067392349243164062e-02
-9.042978286743164062e-02
-9.018564224243164062e-02
-8.994150161743164062e-02
-8.969736099243164062e-02
-8.945322036743164062e-02
-8.920907974243164062e-02
-8.896493911743164062e-02
-8.872079849243164062e-02
-8.847665786743164062e-02
-8.823251724243164062e-02
-8.798837661743164062e-02
-8.774423599243164062e-02
-8.750009536743164062e-02
-8.725595474243164062e-02
-8.701181411743164062e-02
-8.676767349243164062e-02
-8.652353286743164062e-02
-8.627939224243164062e-02
-8.603525161743164062e-02
-8.579111099243164062e-02
-8.554697036743164062e-02
-8.530282974243164062e-02
-8.505868911743164062e-02
-8.481454849243164062e-02
-8.457040786743164062e-02
-8.432626724243164062e-02
-8.408212661743164062e-02
-8.383798599243164062e-02
-8.359384536743164062e-02
-8.334970474243164062e-02
-8.310556411743164062e-02
-8.286142349243164062e-02
-8.261728286743164062e-02
-8.237314224243164062e-02
-8.212900161743164062e-02
-8.188486099243164062e-02
-8.164072036743164062e-02
-8.139657974243164062e-02
-8.115243911743164062e-02
-8.090829849243164062e-02
-8.066415786743164062e-02
-8.042001724243164062e-02
-8.017587661743164062e-02
-7.993173599243164062e-02
-7.968759536743164062e-02
-7.944345474243164062e-02
-7.919931411743164062e-02
-7.895517349243164062e-02
-7.871103286743164062e-02
-7.846689224243164062e-02
-7.822275161743164062e-02
-7.797861099243164062e-02
-7.773447036743164062e-02
-7.749032974243164062e-02
-7.724618911743164062e-02
-7.700204849243164062e-02
-7.675790786743164062e-02
-7.651376724243164062e-02
-7.626962661743164062e-02
-7.602548599243164062e-02
-7.578134536743164062e-02
-7.553720474243164062e-02
-7.529306411743164062e-02
-7.504892349243164062e-02
-7.480478286743164062e-02
-7.456064224243164062e-02
-7.431650161743164062e-02
-7.407236099243164062e-02
-7.382822036743164062e-02
-7.358407974243164062e-02
-7.333993911743164062e-02
-7.309579849243164062e-02
-7.285165786743164062e-02
-7.260751724243164062e-02
-7.236337661743164062e-02
-7.211923599243164062e-02
-7.187509536743164062e-02
-7.163095474243164062e-02
-7.138681411743164062e-02
-7.114267349243164062e-02
-7.089853286743164062e-02
-7.065439224243164062e-02
-7.041025161743164062e-02
-7.016611099243164062e-02
-6.992197036743164062e-02
-6.967782974243164062e-02
-6.943368911743164062e-02
-6.918954849243164062e-02
-6.894540786743164062e-02
-6.870126724243164062e-02
-6.845712661743164062e-02
-6.821298599243164062e-02
-6.796884536743164062e-02
-6.772470474243164062e-02
-6.748056411743164062e-02
-6.723642349243164062e-02
-6.699228286743164062e-02
-6.674814224243164062e-02
-6.650400161743164062e-02
-6.625986099243164062e-02
-6.601572036743164062e-02
-6.577157974243164062e-02
-6.552743911743164062e-02
-6.528329849243164062e-02
-6.503915786743164062e-02
-6.479501724243164062e-02
-6.455087661743164062e-02
-6.430673599243164062e-02
-6.406259536743164062e-02
-6.381845474243164062e-02
-6.357431411743164062e-02
-6.333017349243164062e-02
-6.308603286743164062e-02
-6.284189224243164062e-02
-6.259775161743164062e-02
-6.235361099243164062e-02
-6.210947036743164062e-02
-6.186532974243164062e-02
-6.162118911743164062e-02
-6.137704849243164062e-02
-6.113290786743164062e-02
-6.088876724243164062e-02
-6.064462661743164062e-02
-6.040048599243164062e-02
-6.015634536743164062e-02
-5.991220474243164062e-02
-5.966806411743164062e-02
-5.942392349243164062e-02
-5.917978286743164062e-02
-5.893564224243164062e-02
-5.869150161743164062e-02
-5.844736099243164062e-02
-5.820322036743164062e-02
-5.795907974243164062e-02
-5.771493911743164062e-02
-5.747079849243164062e-02
-5.722665786743164062e-02
-5.698251724243164062e-02
-5.673837661743164062e-02
-5.649423599243164062e-02
-5.625009536743164062e-02
-5.600595474243164062e-02
-5.576181411743164062e-02
-5.551767349243164062e-02
-5.527353286743164062e-02
-5.502939224243164062e-02
-5.478525161743164062e-02
-5.454111099243164062e-02
-5.429697036743164062e-02
-5.405282974243164062e-02
-5.380868911743164062e-02
-5.356454849243164062e-02
-5.332040786743164062e-02
-5.307626724243164062e-02
-5.283212661743164062e-02
-5.258798599243164062e-02
-5.234384536743164062e-02
-5.209970474243164062e-02
-5.185556411743164062e-02
-5.161142349243164062e-02
-5.136728286743164062e-02
-5.112314224243164062e-02
-5.087900161743164062e-02
-5.063486099243164062e-02
-5.039072036743164062e-02
-5.014657974243164062e-02
-4.990243911743164062e-02
-4.965829849243164062e-02
-4.941415786743164062e-02
-4.917001724243164062e-02
-4.892587661743164062e-02
-4.868173599243164062e-02
-4.843759536743164062e-02
-4.819345474243164062e-02
-4.794931411743164062e-02
-4.770517349243164062e-02
-4.746103286743164062e-02
-4.721689224243164062e-02
-4.697275161743164062e-02
-4.672861099243164062e-02
-4.648447036743164062e-02
-4.624032974243164062e-02
-4.599618911743164062e-02
-4.575204849243164062e-02
-4.550790786743164062e-02
-4.526376724243164062e-02
-4.501962661743164062e-02
-4.477548599243164062e-02
-4.453134536743164062e-02
-4.428720474243164062e-02
-4.404306411743164062e-02
-4.379892349243164062e-02
-4.355478286743164062e-02
-4.331064224243164062e-02
-4.306650161743164062e-02
-4.282236099243164062e-02
-4.257822036743164062e-02
-4.233407974243164062e-02
-4.208993911743164062e-02
-4.184579849243164062e-02
-4.160165786743164062e-02
-4.135751724243164062e-02
-4.111337661743164062e-02
-4.086923599243164062e-02
-4.062509536743164062e-02
-4.038095474243164062e-02
-4.013681411743164062e-02
-3.989267349243164062e-02
-3.964853286743164062e-02
-3.940439224243164062e-02
-3.916025161743164062e-02
-3.891611099243164062e-02
-3.867197036743164062e-02
-3.842782974243164062e-02
-3.818368911743164062e-02
-3.793954849243164062e-02
-3.769540786743164062e-02
-3.745126724243164062e-02
-3.720712661743164062e-02
-3.696298599243164062e-02
-3.671884536743164062e-02
-3.647470474243164062e-02
-3.623056411743164062e-02
-3.598642349243164062e-02
-3.574228286743164062e-02
-3.549814224243164062e-02
-3.525400161743164062e-02
-3.500986099243164062e-02
-3.476572036743164062e-02
-3.452157974243164062e-02
-3.427743911743164062e-02
-3.403329849243164062e-02
-3.378915786743164062e-02
-3.354501724243164062e-02
-3.330087661743164062e-02
-3.305673599243164062e-02
-3.281259536743164062e-02
-3.256845474243164062e-02
-3.232431411743164062e-02
-3.208017349243164062e-02
-3.183603286743164062e-02
-3.159189224243164062e-02
-3.134775161743164062e-02
-3.110361099243164062e-02
-3.085947036743164062e-02
-3.061532974243164062e-02
-3.037118911743164062e-02
-3.012704849243164062e-02
-2.988290786743164062e-02
-2.963876724243164062e-02
-2.939462661743164062e-02
-2.915048599243164062e-02
-2.890634536743164062e-02
-2.866220474243164062e-02
-2.841806411743164062e-02
-2.817392349243164062e-02
-2.792978286743164062e-02
-2.768564224243164062e-02
-2.744150161743164062e-02
-2.719736099243164062e-02
-2.695322036743164062e-02
-2.670907974243164062e-02
-2.646493911743164062e-02
-2.622079849243164062e-02
-2.597665786743164062e-02
-2.573251724243164062e-02
-2.548837661743164062e-02
-2.524423599243164062e-02
-2.500009536743164062e-02
-2.475595474243164062e-02
-2.451181411743164062e-02
-2.426767349243164062e-02
-2.402353286743164062e-02
-2.377939224243164062e-02
-2.353525161743164062e-02
-2.329111099243164062e-02
-2.304697036743164062e-02
-2.280282974243164062e-02
-2.255868911743164062e-02
-2.231454849243164062e-02
-2.207040786743164062e-02
-2.182626724243164062e-02
-2.158212661743164062e-02
-2.133798599243164062e-02
-2.109384536743164062e-02
-2.084970474243164062e-02
-2.060556411743164062e-02
-2.036142349243164062e-02
-2.011728286743164062e-02
-1.987314224243164062e-02
-1.962900161743164062e-02
-1.938486099243164062e-02
-1.914072036743164062e-02
-1.889657974243164062e-02
-1.865243911743164062e-02
-1.840829849243164062e-02
-1.816415786743164062e-02
-1.792001724243164062e-02
-1.767587661743164062e-02
-1.743173599243164062e-02
-1.718759536743164062e-02
-1.694345474243164062e-02
-1.669931411743164062e-02
-1.645517349243164062e-02
-1.621103286743164062e-02
-1.596689224243164062e-02
-1.572275161743164062e-02
-1.547861099243164062e-02
-1.523447036743164062e-02
-1.499032974243164062e-02
-1.474618911743164062e-02
-1.450204849243164062e-02
-1.425790786743164062e-02
-1.401376724243164062e-02
-1.376962661743164062e-02
-1.352548599243164062e-02
-1.328134536743164062e-02
-1.303720474243164062e-02
-1.279306411743164062e-02
-1.254892349243164062e-02
-1.230478286743164062e-02
-1.206064224243164062e-02
-1.181650161743164062e-02
-1.157236099243164062e-02
-1.132822036743164062e-02
-1.108407974243164062e-02
-1.083993911743164062e-02
-1.059579849243164062e-02
-1.035165786743164062e-02
-1.010751724243164062e-02
-9.863376617431640625e-03
-9.619235992431640625e-03
-9.375095367431640625e-03
-9.130954742431640625e-03
-8.886814117431640625e-03
-8.642673492431640625e-03
-8.398532867431640625e-03
-8.154392242431640625e-03
-7.910251617431640625e-03
-7.666110992431640625e-03
-7.421970367431640625e-03
-7.177829742431640625e-03
-6.933689117431640625e-03
-6.689548492431640625e-03
-6.445407867431640625e-03
-6.201267242431640625e-03
-5.957126617431640625e-03
-5.712985992431640625e-03
-5.468845367431640625e-03
-5.224704742431640625e-03
-4.980564117431640625e-03
-4.736423492431640625e-03
-4.492282867431640625e-03
-4.248142242431640625e-03
-4.004001617431640625e-03
-3.759860992431640625e-03
-3.515720367431640625e-03
-3.271579742431640625e-03
-3.027439117431640625e-03
-2.783298492431640625e-03
-2.539157867431640625e-03
-2.295017242431640625e-03
-2.050876617431640625e-03
-1.806735992431640625e-03
-1.562595367431640625e-03
-1.318454742431640625e-03
-1.074314117431640625e-03
-8.301734924316406250e-04
-5.860328674316406250e-04
-3.418922424316406250e-04
-9.775161743164062500e-05
1.463890075683593750e-04
3.905296325683593750e-04
6.346702575683593750e-04
8.788108825683593750e-04
1.122951507568359375e-03
1.367092132568359375e-03
1.611232757568359375e-03
1.855373382568359375e-03
2.099514007568359375e-03
2.343654632568359375e-03
2.587795257568359375e-03
2.831935882568359375e-03
3.076076507568359375e-03
3.320217132568359375e-03
3.564357757568359375e-03
3.808498382568359375e-03
4.052639007568359375e-03
4.296779632568359375e-03
4.540920257568359375e-03
4.785060882568359375e-03
5.029201507568359375e-03
5.273342132568359375e-03
5.517482757568359375e-03
5.761623382568359375e-03
6.005764007568359375e-03
6.249904632568359375e-03
6.494045257568359375e-03
6.738185882568359375e-03
6.982326507568359375e-03
7.226467132568359375e-03
7.470607757568359375e-03
7.714748382568359375e-03
7.958889007568359375e-03
8.203029632568359375e-03
8.447170257568359375e-03
8.691310882568359375e-03
8.935451507568359375e-03
9.179592132568359375e-03
9.423732757568359375e-03
9.667873382568359375e-03
9.912014007568359375e-03
1.015615463256835938e-02
1.040029525756835938e-02
1.064443588256835938e-02
1.088857650756835938e-02
1.113271713256835938e-02
1.137685775756835938e-02
1.162099838256835938e-02
1.186513900756835938e-02
1.210927963256835938e-02
1.235342025756835938e-02
1.259756088256835938e-02
1.284170150756835938e-02
1.308584213256835938e-02
1.332998275756835938e-02
1.357412338256835938e-02
1.381826400756835938e-02
1.406240463256835938e-02
1.430654525756835938e-02
1.455068588256835938e-02
1.479482650756835938e-02
1.503896713256835938e-02
1.528310775756835938e-02
1.552724838256835938e-02
1.577138900756835938e-02
1.601552963256835938e-02
1.625967025756835938e-02
1.650381088256835938e-02
1.674795150756835938e-02
1.699209213256835938e-02
1.723623275756835938e-02
1.748037338256835938e-02
1.772451400756835938e-02
1.796865463256835938e-02
1.821279525756835938e-02
1.845693588256835938e-02
1.870107650756835938e-02
1.894521713256835938e-02
1.918935775756835938e-02
1.943349838256835938e-02
1.967763900756835938e-02
1.992177963256835938e-02
2.016592025756835938e-02
2.041006088256835938e-02
2.065420150756835938e-02
2.089834213256835938e-02
2.114248275756835938e-02
2.138662338256835938e-02
2.163076400756835938e-02
2.187490463256835938e-02
2.211904525756835938e-02
2.236318588256835938e-02
2.260732650756835938e-02
2.285146713256835938e-02
2.309560775756835938e-02
2.333974838256835938e-02
2.358388900756835938e-02
2.382802963256835938e-02
2.407217025756835938e-02
2.431631088256835938e-02
2.456045150756835938e-02
2.480459213256835938e-02
2.504873275756835938e-02
2.529287338256835938e-02
2.553701400756835938e-02
2.578115463256835938e-02
2.602529525756835938e-02
2.626943588256835938e-02
2.651357650756835938e-02
2.675771713256835938e-02
2.700185775756835938e-02
2.724599838256835938e-02
2.749013900756835938e-02
2.773427963256835938e-02
2.797842025756835938e-02
2.822256088256835938e-02
2.846670150756835938e-02
2.871084213256835938e-02
2.895498275756835938e-02
2.919912338256835938e-02
2.944326400756835938e-02
2.968740463256835938e-02
2.993154525756835938e-02
3.017568588256835938e-02
3.041982650756835938e-02
3.066396713256835938e-02
3.090810775756835938e-02
3.115224838256835938e-02
3.139638900756835938e-02
3.164052963256835938e-02
3.188467025756835938e-02
3.212881088256835938e-02
3.237295150756835938e-02
3.261709213256835938e-02
3.286123275756835938e-02
3.310537338256835938e-02
3.334951400756835938e-02
3.359365463256835938e-02
3.383779525756835938e-02
3.408193588256835938e-02
3.432607650756835938e-02
3.457021713256835938e-02
3.481435775756835938e-02
3.505849838256835938e-02
3.530263900756835938e-02
3.554677963256835938e-02
3.579092025756835938e-02
3.603506088256835938e-02
3.627920150756835938e-02
3.652334213256835938e-02
3.676748275756835938e-02
3.701162338256835938e-02
3.725576400756835938e-02
3.749990463256835938e-02
3.774404525756835938e-02
3.798818588256835938e-02
3.823232650756835938e-02
3.847646713256835938e-02
3.872060775756835938e-02
3.896474838256835938e-02
3.920888900756835938e-02
3.945302963256835938e-02
3.969717025756835938e-02
3.994131088256835938e-02
4.018545150756835938e-02
4.042959213256835938e-02
4.067373275756835938e-02
4.091787338256835938e-02
4.116201400756835938e-02
4.140615463256835938e-02
4.165029525756835938e-02
4.189443588256835938e-02
4.213857650756835938e-02
4.238271713256835938e-02
4.262685775756835938e-02
4.287099838256835938e-02
4.311513900756835938e-02
4.335927963256835938e-02
4.360342025756835938e-02
4.384756088256835938e-02
4.409170150756835938e-02
4.433584213256835938e-02
4.457998275756835938e-02
4.482412338256835938e-02
4.506826400756835938e-02
4.531240463256835938e-02
4.555654525756835938e-02
4.580068588256835938e-02
4.604482650756835938e-02
4.628896713256835938e-02
4.653310775756835938e-02
4.677724838256835938e-02
4.702138900756835938e-02
4.726552963256835938e-02
4.750967025756835938e-02
4.775381088256835938e-02
4.799795150756835938e-02
4.824209213256835938e-02
4.848623275756835938e-02
4.873037338256835938e-02
4.897451400756835938e-02
4.921865463256835938e-02
4.946279525756835938e-02
4.970693588256835938e-02
4.995107650756835938e-02
5.019521713256835938e-02
5.043935775756835938e-02
5.068349838256835938e-02
5.092763900756835938e-02
5.117177963256835938e-02
5.141592025756835938e-02
5.166006088256835938e-02
5.190420150756835938e-02
5.214834213256835938e-02
5.239248275756835938e-02
5.263662338256835938e-02
5.288076400756835938e-02
5.312490463256835938e-02
5.336904525756835938e-02
5.361318588256835938e-02
5.385732650756835938e-02
5.410146713256835938e-02
5.434560775756835938e-02
5.458974838256835938e-02
5.483388900756835938e-02
5.507802963256835938e-02
5.532217025756835938e-02
5.556631088256835938e-02
5.581045150756835938e-02
5.605459213256835938e-02
5.629873275756835938e-02
5.654287338256835938e-02
5.678701400756835938e-02
5.703115463256835938e-02
5.727529525756835938e-02
5.751943588256835938e-02
5.776357650756835938e-02
5.800771713256835938e-02
5.825185775756835938e-02
5.849599838256835938e-02
5.874013900756835938e-02
5.898427963256835938e-02
5.922842025756835938e-02
5.947256088256835938e-02
5.971670150756835938e-02
5.996084213256835938e-02
6.020498275756835938e-02
6.044912338256835938e-02
6.069326400756835938e-02
6.093740463256835938e-02
6.118154525756835938e-02
6.142568588256835938e-02
6.166982650756835938e-02
6.191396713256835938e-02
6.215810775756835938e-02
6.240224838256835938e-02
6.264638900756835938e-02
6.289052963256835938e-02
6.313467025756835938e-02
6.337881088256835938e-02
6.362295150756835938e-02
6.386709213256835938e-02
6.411123275756835938e-02
6.435537338256835938e-02
6.459951400756835938e-02
6.484365463256835938e-02
6.508779525756835938e-02
6.533193588256835938e-02
6.557607650756835938e-02
6.582021713256835938e-02
6.606435775756835938e-02
6.630849838256835938e-02
6.655263900756835938e-02
6.679677963256835938e-02
6.704092025756835938e-02
6.728506088256835938e-02
6.752920150756835938e-02
6.777334213256835938e-02
6.801748275756835938e-02
6.826162338256835938e-02
6.850576400756835938e-02
6.874990463256835938e-02
6.899404525756835938e-02
6.923818588256835938e-02
6.948232650756835938e-02
6.972646713256835938e-02
6.997060775756835938e-02
7.021474838256835938e-02
7.045888900756835938e-02
7.070302963256835938e-02
7.094717025756835938e-02
7.119131088256835938e-02
7.143545150756835938e-02
7.167959213256835938e-02
7.192373275756835938e-02
7.216787338256835938e-02
7.241201400756835938e-02
7.265615463256835938e-02
7.290029525756835938e-02
7.314443588256835938e-02
7.338857650756835938e-02
7.363271713256835938e-02
7.387685775756835938e-02
7.412099838256835938e-02
7.436513900756835938e-02
7.460927963256835938e-02
7.485342025756835938e-02
7.509756088256835938e-02
7.534170150756835938e-02
7.558584213256835938e-02
7.582998275756835938e-02
7.607412338256835938e-02
7.631826400756835938e-02
7.656240463256835938e-02
7.680654525756835938e-02
7.705068588256835938e-02
7.729482650756835938e-02
7.753896713256835938e-02
7.778310775756835938e-02
7.802724838256835938e-02
7.827138900756835938e-02
7.851552963256835938e-02
7.875967025756835938e-02
7.900381088256835938e-02
7.924795150756835938e-02
7.949209213256835938e-02
7.973623275756835938e-02
7.998037338256835938e-02
8.022451400756835938e-02
8.046865463256835938e-02
8.071279525756835938e-02
8.095693588256835938e-02
8.120107650756835938e-02
8.144521713256835938e-02
8.168935775756835938e-02
8.193349838256835938e-02
8.217763900756835938e-02
8.242177963256835938e-02
8.266592025756835938e-02
8.291006088256835938e-02
8.315420150756835938e-02
8.339834213256835938e-02
8.364248275756835938e-02
8.388662338256835938e-02
8.413076400756835938e-02
8.437490463256835938e-02
8.461904525756835938e-02
8.486318588256835938e-02
8.510732650756835938e-02
8.535146713256835938e-02
8.559560775756835938e-02
8.583974838256835938e-02
8.608388900756835938e-02
8.632802963256835938e-02
8.657217025756835938e-02
8.681631088256835938e-02
8.706045150756835938e-02
8.730459213256835938e-02
8.754873275756835938e-02
8.779287338256835938e-02
8.803701400756835938e-02
8.828115463256835938e-02
8.852529525756835938e-02
8.876943588256835938e-02
8.901357650756835938e-02
8.925771713256835938e-02
8.950185775756835938e-02
8.974599838256835938e-02
8.999013900756835938e-02
9.023427963256835938e-02
9.047842025756835938e-02
9.072256088256835938e-02
9.096670150756835938e-02
9.121084213256835938e-02
9.145498275756835938e-02
9.169912338256835938e-02
9.194326400756835938e-02
9.218740463256835938e-02
9.243154525756835938e-02
9.267568588256835938e-02
9.291982650756835938e-02
9.316396713256835938e-02
9.340810775756835938e-02
9.365224838256835938e-02
9.389638900756835938e-02
9.414052963256835938e-02
9.438467025756835938e-02
9.462881088256835938e-02
9.487295150756835938e-02
9.511709213256835938e-02
9.536123275756835938e-02
9.560537338256835938e-02
9.584951400756835938e-02
9.609365463256835938e-02
9.633779525756835938e-02
9.658193588256835938e-02
9.682607650756835938e-02
9.707021713256835938e-02
9.731435775756835938e-02
9.755849838256835938e-02
9.780263900756835938e-02
9.804677963256835938e-02
9.829092025756835938e-02
9.853506088256835938e-02
9.877920150756835938e-02
9.902334213256835938e-02
9.926748275756835938e-02
9.951162338256835938e-02
9.975576400756835938e-02
9.999990463256835938e-02
1.002440452575683594e-01
1.004881858825683594e-01
1.007323265075683594e-01
1.009764671325683594e-01
1.012206077575683594e-01
1.014647483825683594e-01
1.017088890075683594e-01
1.019530296325683594e-01
1.021971702575683594e-01
1.024413108825683594e-01
1.026854515075683594e-01
1.029295921325683594e-01
1.031737327575683594e-01
1.034178733825683594e-01
1.036620140075683594e-01
1.039061546325683594e-01
1.041502952575683594e-01
1.043944358825683594e-01
1.046385765075683594e-01
1.048827171325683594e-01
1.051268577575683594e-01
1.053709983825683594e-01
1.056151390075683594e-01
1.058592796325683594e-01
1.061034202575683594e-01
1.063475608825683594e-01
1.065917015075683594e-01
1.068358421325683594e-01
1.070799827575683594e-01
1.073241233825683594e-01
1.075682640075683594e-01
1.078124046325683594e-01
1.080565452575683594e-01
1.083006858825683594e-01
1.085448265075683594e-01
1.087889671325683594e-01
1.090331077575683594e-01
1.092772483825683594e-01
1.095213890075683594e-01
1.097655296325683594e-01
1.100096702575683594e-01
1.102538108825683594e-01
1.104979515075683594e-01
1.107420921325683594e-01
1.109862327575683594e-01
1.112303733825683594e-01
1.114745140075683594e-01
1.117186546325683594e-01
1.119627952575683594e-01
1.122069358825683594e-01
1.124510765075683594e-01
1.126952171325683594e-01
1.129393577575683594e-01
1.131834983825683594e-01
1.134276390075683594e-01
1.136717796325683594e-01
1.139159202575683594e-01
1.141600608825683594e-01
1.144042015075683594e-01
1.146483421325683594e-01
1.148924827575683594e-01
1.151366233825683594e-01
1.153807640075683594e-01
1.156249046325683594e-01
1.158690452575683594e-01
1.161131858825683594e-01
1.163573265075683594e-01
1.166014671325683594e-01
1.168456077575683594e-01
1.170897483825683594e-01
1.173338890075683594e-01
1.175780296325683594e-01
1.178221702575683594e-01
1.180663108825683594e-01
1.183104515075683594e-01
1.185545921325683594e-01
1.187987327575683594e-01
1.190428733825683594e-01
1.192870140075683594e-01
1.195311546325683594e-01
1.197752952575683594e-01
1.200194358825683594e-01
1.202635765075683594e-01
1.205077171325683594e-01
1.207518577575683594e-01
1.209959983825683594e-01
1.212401390075683594e-01
1.214842796325683594e-01
1.217284202575683594e-01
1.219725608825683594e-01
1.222167015075683594e-01
1.224608421325683594e-01
1.227049827575683594e-01
1.229491233825683594e-01
1.231932640075683594e-01
1.234374046325683594e-01
1.236815452575683594e-01
1.239256858825683594e-01
1.241698265075683594e-01
1.244139671325683594e-01
1.246581077575683594e-01
1.249022483825683594e-01
1.251463890075683594e-01
1.253905296325683594e-01
1.256346702575683594e-01
1.258788108825683594e-01
1.261229515075683594e-01
1.263670921325683594e-01
1.266112327575683594e-01
1.268553733825683594e-01
1.270995140075683594e-01
1.273436546325683594e-01
1.275877952575683594e-01
1.278319358825683594e-01
1.280760765075683594e-01
1.283202171325683594e-01
1.285643577575683594e-01
1.288084983825683594e-01
1.290526390075683594e-01
1.292967796325683594e-01
1.295409202575683594e-01
1.297850608825683594e-01
1.300292015075683594e-01
1.302733421325683594e-01
1.305174827575683594e-01
1.307616233825683594e-01
1.310057640075683594e-01
1.312499046325683594e-01
1.314940452575683594e-01
1.317381858825683594e-01
1.319823265075683594e-01
1.322264671325683594e-01
1.324706077575683594e-01
1.327147483825683594e-01
1.329588890075683594e-01
1.332030296325683594e-01
1.334471702575683594e-01
1.336913108825683594e-01
1.339354515075683594e-01
1.341795921325683594e-01
1.344237327575683594e-01
1.346678733825683594e-01
1.349120140075683594e-01
1.351561546325683594e-01
1.354002952575683594e-01
1.356444358825683594e-01
1.358885765075683594e-01
1.361327171325683594e-01
1.363768577575683594e-01
1.366209983825683594e-01
1.368651390075683594e-01
1.371092796325683594e-01
1.373534202575683594e-01
1.375975608825683594e-01
1.378417015075683594e-01
1.380858421325683594e-01
1.383299827575683594e-01
1.385741233825683594e-01
1.388182640075683594e-01
1.390624046325683594e-01
1.393065452575683594e-01
1.395506858825683594e-01
1.397948265075683594e-01
1.400389671325683594e-01
1.402831077575683594e-01
1.405272483825683594e-01
1.407713890075683594e-01
1.410155296325683594e-01
1.412596702575683594e-01
1.415038108825683594e-01
1.417479515075683594e-01
1.419920921325683594e-01
1.422362327575683594e-01
1.424803733825683594e-01
1.427245140075683594e-01
1.429686546325683594e-01
1.432127952575683594e-01
1.434569358825683594e-01
1.437010765075683594e-01
1.439452171325683594e-01
1.441893577575683594e-01
1.444334983825683594e-01
1.446776390075683594e-01
1.449217796325683594e-01
1.451659202575683594e-01
1.454100608825683594e-01
1.456542015075683594e-01
1.458983421325683594e-01
1.461424827575683594e-01
1.463866233825683594e-01
1.466307640075683594e-01
1.468749046325683594e-01
1.471190452575683594e-01
1.473631858825683594e-01
1.476073265075683594e-01
1.478514671325683594e-01
1.480956077575683594e-01
1.483397483825683594e-01
1.485838890075683594e-01
1.488280296325683594e-01
1.490721702575683594e-01
1.493163108825683594e-01
1.495604515075683594e-01
1.498045921325683594e-01
1.500487327575683594e-01
1.502928733825683594e-01
1.505370140075683594e-01
1.507811546325683594e-01
1.510252952575683594e-01
1.512694358825683594e-01
1.515135765075683594e-01
1.517577171325683594e-01
1.520018577575683594e-01
1.522459983825683594e-01
1.524901390075683594e-01
1.527342796325683594e-01
1.529784202575683594e-01
1.532225608825683594e-01
1.534667015075683594e-01
1.537108421325683594e-01
1.539549827575683594e-01
1.541991233825683594e-01
1.544432640075683594e-01
1.546874046325683594e-01
1.549315452575683594e-01
1.551756858825683594e-01
1.554198265075683594e-01
1.556639671325683594e-01
1.559081077575683594e-01
1.561522483825683594e-01
1.563963890075683594e-01
1.566405296325683594e-01
1.568846702575683594e-01
1.571288108825683594e-01
1.573729515075683594e-01
1.576170921325683594e-01
1.578612327575683594e-01
1.581053733825683594e-01
1.583495140075683594e-01
1.585936546325683594e-01
1.588377952575683594e-01
1.590819358825683594e-01
1.593260765075683594e-01
1.595702171325683594e-01
1.598143577575683594e-01
1.600584983825683594e-01
1.603026390075683594e-01
1.605467796325683594e-01
1.607909202575683594e-01
1.610350608825683594e-01
1.612792015075683594e-01
1.615233421325683594e-01
1.617674827575683594e-01
1.620116233825683594e-01
1.622557640075683594e-01
1.624999046325683594e-01
1.627440452575683594e-01
1.629881858825683594e-01
1.632323265075683594e-01
1.634764671325683594e-01
1.637206077575683594e-01
1.639647483825683594e-01
1.642088890075683594e-01
1.644530296325683594e-01
1.646971702575683594e-01
1.649413108825683594e-01
1.651854515075683594e-01
1.654295921325683594e-01
1.656737327575683594e-01
1.659178733825683594e-01
1.661620140075683594e-01
1.664061546325683594e-01
1.666502952575683594e-01
1.668944358825683594e-01
1.671385765075683594e-01
1.673827171325683594e-01
1.676268577575683594e-01
1.678709983825683594e-01
1.681151390075683594e-01
1.683592796325683594e-01
1.686034202575683594e-01
1.688475608825683594e-01
1.690917015075683594e-01
1.693358421325683594e-01
1.695799827575683594e-01
1.698241233825683594e-01
1.700682640075683594e-01
1.703124046325683594e-01
1.705565452575683594e-01
1.708006858825683594e-01
1.710448265075683594e-01
1.712889671325683594e-01
1.715331077575683594e-01
1.717772483825683594e-01
1.720213890075683594e-01
1.722655296325683594e-01
1.725096702575683594e-01
1.727538108825683594e-01
1.729979515075683594e-01
1.732420921325683594e-01
1.734862327575683594e-01
1.737303733825683594e-01
1.739745140075683594e-01
1.742186546325683594e-01
1.744627952575683594e-01
1.747069358825683594e-01
1.749510765075683594e-01
1.751952171325683594e-01
1.754393577575683594e-01
1.756834983825683594e-01
1.759276390075683594e-01
1.761717796325683594e-01
1.764159202575683594e-01
1.766600608825683594e-01
1.769042015075683594e-01
1.771483421325683594e-01
1.773924827575683594e-01
1.776366233825683594e-01
1.778807640075683594e-01
1.781249046325683594e-01
1.783690452575683594e-01
1.786131858825683594e-01
1.788573265075683594e-01
1.791014671325683594e-01
1.793456077575683594e-01
1.795897483825683594e-01
1.798338890075683594e-01
1.800780296325683594e-01
1.803221702575683594e-01
1.805663108825683594e-01
1.808104515075683594e-01
1.810545921325683594e-01
1.812987327575683594e-01
1.815428733825683594e-01
1.817870140075683594e-01
1.820311546325683594e-01
1.822752952575683594e-01
1.825194358825683594e-01
1.827635765075683594e-01
1.830077171325683594e-01
1.832518577575683594e-01
1.834959983825683594e-01
1.837401390075683594e-01
1.839842796325683594e-01
1.842284202575683594e-01
1.844725608825683594e-01
1.847167015075683594e-01
1.849608421325683594e-01
1.852049827575683594e-01
1.854491233825683594e-01
1.856932640075683594e-01
1.859374046325683594e-01
1.861815452575683594e-01
1.864256858825683594e-01
1.866698265075683594e-01
1.869139671325683594e-01
1.871581077575683594e-01
1.874022483825683594e-01
1.876463890075683594e-01
1.878905296325683594e-01
1.881346702575683594e-01
1.883788108825683594e-01
1.886229515075683594e-01
1.888670921325683594e-01
1.891112327575683594e-01
1.893553733825683594e-01
1.895995140075683594e-01
1.898436546325683594e-01
1.900877952575683594e-01
1.903319358825683594e-01
1.905760765075683594e-01
1.908202171325683594e-01
1.910643577575683594e-01
1.913084983825683594e-01
1.915526390075683594e-01
1.917967796325683594e-01
1.920409202575683594e-01
1.922850608825683594e-01
1.925292015075683594e-01
1.927733421325683594e-01
1.930174827575683594e-01
1.932616233825683594e-01
1.935057640075683594e-01
1.937499046325683594e-01
1.939940452575683594e-01
1.942381858825683594e-01
1.944823265075683594e-01
1.947264671325683594e-01
1.949706077575683594e-01
1.952147483825683594e-01
1.954588890075683594e-01
1.957030296325683594e-01
1.959471702575683594e-01
1.961913108825683594e-01
1.964354515075683594e-01
1.966795921325683594e-01
1.969237327575683594e-01
1.971678733825683594e-01
1.974120140075683594e-01
1.976561546325683594e-01
1.979002952575683594e-01
1.981444358825683594e-01
1.983885765075683594e-01
1.986327171325683594e-01
1.988768577575683594e-01
1.991209983825683594e-01
1.993651390075683594e-01
1.996092796325683594e-01
1.998534202575683594e-01
2.000975608825683594e-01
2.003417015075683594e-01
2.005858421325683594e-01
2.008299827575683594e-01
2.010741233825683594e-01
2.013182640075683594e-01
2.015624046325683594e-01
2.018065452575683594e-01
2.020506858825683594e-01
2.022948265075683594e-01
2.025389671325683594e-01
2.027831077575683594e-01
2.030272483825683594e-01
2.032713890075683594e-01
2.035155296325683594e-01
2.037596702575683594e-01
2.040038108825683594e-01
2.042479515075683594e-01
2.044920921325683594e-01
2.047362327575683594e-01
2.049803733825683594e-01
2.052245140075683594e-01
2.054686546325683594e-01
2.057127952575683594e-01
2.059569358825683594e-01
2.062010765075683594e-01
2.064452171325683594e-01
2.066893577575683594e-01
2.069334983825683594e-01
2.071776390075683594e-01
2.074217796325683594e-01
2.076659202575683594e-01
2.079100608825683594e-01
2.081542015075683594e-01
2.083983421325683594e-01
2.086424827575683594e-01
2.088866233825683594e-01
2.091307640075683594e-01
2.093749046325683594e-01
2.096190452575683594e-01
2.098631858825683594e-01
2.101073265075683594e-01
2.103514671325683594e-01
2.105956077575683594e-01
2.108397483825683594e-01
2.110838890075683594e-01
2.113280296325683594e-01
2.115721702575683594e-01
2.118163108825683594e-01
2.120604515075683594e-01
2.123045921325683594e-01
2.125487327575683594e-01
2.127928733825683594e-01
2.130370140075683594e-01
2.132811546325683594e-01
2.135252952575683594e-01
2.137694358825683594e-01
2.140135765075683594e-01
2.142577171325683594e-01
2.145018577575683594e-01
2.147459983825683594e-01
2.149901390075683594e-01
2.152342796325683594e-01
2.154784202575683594e-01
2.157225608825683594e-01
2.159667015075683594e-01
2.162108421325683594e-01
2.164549827575683594e-01
2.166991233825683594e-01
2.169432640075683594e-01
2.171874046325683594e-01
2.174315452575683594e-01
2.176756858825683594e-01
2.179198265075683594e-01
2.181639671325683594e-01
2.184081077575683594e-01
2.186522483825683594e-01
2.188963890075683594e-01
2.191405296325683594e-01
2.193846702575683594e-01
2.196288108825683594e-01
2.198729515075683594e-01
2.201170921325683594e-01
2.203612327575683594e-01
2.206053733825683594e-01
2.208495140075683594e-01
2.210936546325683594e-01
2.213377952575683594e-01
2.215819358825683594e-01
2.218260765075683594e-01
2.220702171325683594e-01
2.223143577575683594e-01
2.225584983825683594e-01
2.228026390075683594e-01
2.230467796325683594e-01
2.232909202575683594e-01
2.235350608825683594e-01
2.237792015075683594e-01
2.240233421325683594e-01
2.242674827575683594e-01
2.245116233825683594e-01
2.247557640075683594e-01
2.249999046325683594e-01
2.252440452575683594e-01
2.254881858825683594e-01
2.257323265075683594e-01
2.259764671325683594e-01
2.262206077575683594e-01
2.264647483825683594e-01
2.267088890075683594e-01
2.269530296325683594e-01
2.271971702575683594e-01
2.274413108825683594e-01
2.276854515075683594e-01
2.279295921325683594e-01
2.281737327575683594e-01
2.284178733825683594e-01
2.286620140075683594e-01
2.289061546325683594e-01
2.291502952575683594e-01
2.293944358825683594e-01
2.296385765075683594e-01
2.298827171325683594e-01
2.301268577575683594e-01
2.303709983825683594e-01
2.306151390075683594e-01
2.308592796325683594e-01
2.311034202575683594e-01
2.313475608825683594e-01
2.315917015075683594e-01
2.318358421325683594e-01
2.320799827575683594e-01
2.323241233825683594e-01
2.325682640075683594e-01
2.328124046325683594e-01
2.330565452575683594e-01
2.333006858825683594e-01
2.335448265075683594e-01
2.337889671325683594e-01
2.340331077575683594e-01
2.342772483825683594e-01
2.345213890075683594e-01
2.347655296325683594e-01
2.350096702575683594e-01
2.352538108825683594e-01
2.354979515075683594e-01
2.357420921325683594e-01
2.359862327575683594e-01
2.362303733825683594e-01
2.364745140075683594e-01
2.367186546325683594e-01
2.369627952575683594e-01
2.372069358825683594e-01
2.374510765075683594e-01
2.376952171325683594e-01
2.379393577575683594e-01
2.381834983825683594e-01
2.384276390075683594e-01
2.386717796325683594e-01
2.389159202575683594e-01
2.391600608825683594e-01
2.394042015075683594e-01
2.396483421325683594e-01
2.398924827575683594e-01
2.401366233825683594e-01
2.403807640075683594e-01
2.406249046325683594e-01
2.408690452575683594e-01
2.411131858825683594e-01
2.413573265075683594e-01
2.416014671325683594e-01
2.418456077575683594e-01
2.420897483825683594e-01
2.423338890075683594e-01
2.425780296325683594e-01
2.428221702575683594e-01
2.430663108825683594e-01
2.433104515075683594e-01
2.435545921325683594e-01
2.437987327575683594e-01
2.440428733825683594e-01
2.442870140075683594e-01
2.445311546325683594e-01
2.447752952575683594e-01
2.450194358825683594e-01
2.452635765075683594e-01
2.455077171325683594e-01
2.457518577575683594e-01
2.459959983825683594e-01
2.462401390075683594e-01
2.464842796325683594e-01
2.467284202575683594e-01
2.469725608825683594e-01
2.472167015075683594e-01
2.474608421325683594e-01
2.477049827575683594e-01
2.479491233825683594e-01
2.481932640075683594e-01
2.484374046325683594e-01
2.486815452575683594e-01
2.489256858825683594e-01
2.491698265075683594e-01
2.494139671325683594e-01
2.496581077575683594e-01
2.499022483825683594e-01
2.501463890075683594e-01
2.503905296325683594e-01
2.506346702575683594e-01
2.508788108825683594e-01
2.511229515075683594e-01
2.513670921325683594e-01
2.516112327575683594e-01
2.518553733825683594e-01
2.520995140075683594e-01
2.523436546325683594e-01
2.525877952575683594e-01
2.528319358825683594e-01
2.530760765075683594e-01
2.533202171325683594e-01
2.535643577575683594e-01
2.538084983825683594e-01
2.540526390075683594e-01
2.542967796325683594e-01
2.545409202575683594e-01
2.547850608825683594e-01
2.550292015075683594e-01
2.552733421325683594e-01
2.555174827575683594e-01
2.557616233825683594e-01
2.560057640075683594e-01
2.562499046325683594e-01
2.564940452575683594e-01
2.567381858825683594e-01
2.569823265075683594e-01
2.572264671325683594e-01
2.574706077575683594e-01
2.577147483825683594e-01
2.579588890075683594e-01
2.582030296325683594e-01
2.584471702575683594e-01
2.586913108825683594e-01
2.589354515075683594e-01
2.591795921325683594e-01
2.594237327575683594e-01
2.596678733825683594e-01
2.599120140075683594e-01
2.601561546325683594e-01
2.604002952575683594e-01
2.606444358825683594e-01
2.608885765075683594e-01
2.611327171325683594e-01
2.613768577575683594e-01
2.616209983825683594e-01
2.618651390075683594e-01
2.621092796325683594e-01
2.623534202575683594e-01
2.625975608825683594e-01
2.628417015075683594e-01
2.630858421325683594e-01
2.633299827575683594e-01
2.635741233825683594e-01
2.638182640075683594e-01
2.640624046325683594e-01
2.643065452575683594e-01
2.645506858825683594e-01
2.647948265075683594e-01
2.650389671325683594e-01
2.652831077575683594e-01
2.655272483825683594e-01
2.657713890075683594e-01
2.660155296325683594e-01
2.662596702575683594e-01
2.665038108825683594e-01
2.667479515075683594e-01
2.669920921325683594e-01
2.672362327575683594e-01
2.674803733825683594e-01
2.677245140075683594e-01
2.679686546325683594e-01
2.682127952575683594e-01
2.684569358825683594e-01
2.687010765075683594e-01
2.689452171325683594e-01
2.691893577575683594e-01
2.694334983825683594e-01
2.696776390075683594e-01
2.699217796325683594e-01
2.701659202575683594e-01
2.704100608825683594e-01
2.706542015075683594e-01
2.708983421325683594e-01
2.711424827575683594e-01
2.713866233825683594e-01
2.716307640075683594e-01
2.718749046325683594e-01
2.721190452575683594e-01
2.723631858825683594e-01
2.726073265075683594e-01
2.728514671325683594e-01
2.730956077575683594e-01
2.733397483825683594e-01
2.735838890075683594e-01
2.738280296325683594e-01
2.740721702575683594e-01
2.743163108825683594e-01
2.745604515075683594e-01
2.748045921325683594e-01
2.750487327575683594e-01
2.752928733825683594e-01
2.755370140075683594e-01
2.757811546325683594e-01
2.760252952575683594e-01
2.762694358825683594e-01
2.765135765075683594e-01
2.767577171325683594e-01
2.770018577575683594e-01
2.772459983825683594e-01
2.774901390075683594e-01
2.777342796325683594e-01
2.779784202575683594e-01
2.782225608825683594e-01
2.784667015075683594e-01
2.787108421325683594e-01
2.789549827575683594e-01
2.791991233825683594e-01
2.794432640075683594e-01
2.796874046325683594e-01
2.799315452575683594e-01
2.801756858825683594e-01
2.804198265075683594e-01
2.806639671325683594e-01
2.809081077575683594e-01
2.811522483825683594e-01
2.813963890075683594e-01
2.816405296325683594e-01
2.818846702575683594e-01
2.821288108825683594e-01
2.823729515075683594e-01
2.826170921325683594e-01
2.828612327575683594e-01
2.831053733825683594e-01
2.833495140075683594e-01
2.835936546325683594e-01
2.838377952575683594e-01
2.840819358825683594e-01
2.843260765075683594e-01
2.845702171325683594e-01
2.848143577575683594e-01
2.850584983825683594e-01
2.853026390075683594e-01
2.855467796325683594e-01
2.857909202575683594e-01
2.860350608825683594e-01
2.862792015075683594e-01
2.865233421325683594e-01
2.867674827575683594e-01
2.870116233825683594e-01
2.872557640075683594e-01
2.874999046325683594e-01
2.877440452575683594e-01
2.879881858825683594e-01
2.882323265075683594e-01
2.884764671325683594e-01
2.887206077575683594e-01
2.889647483825683594e-01
2.892088890075683594e-01
2.894530296325683594e-01
2.896971702575683594e-01
2.899413108825683594e-01
2.901854515075683594e-01
2.904295921325683594e-01
2.906737327575683594e-01
2.909178733825683594e-01
2.911620140075683594e-01
2.914061546325683594e-01
2.916502952575683594e-01
2.918944358825683594e-01
2.921385765075683594e-01
2.923827171325683594e-01
2.926268577575683594e-01
2.928709983825683594e-01
2.931151390075683594e-01
2.933592796325683594e-01
2.936034202575683594e-01
2.938475608825683594e-01
2.940917015075683594e-01
2.943358421325683594e-01
2.945799827575683594e-01
2.948241233825683594e-01
2.950682640075683594e-01
2.953124046325683594e-01
2.955565452575683594e-01
2.958006858825683594e-01
2.960448265075683594e-01
2.962889671325683594e-01
2.965331077575683594e-01
2.967772483825683594e-01
2.970213890075683594e-01
2.972655296325683594e-01
2.975096702575683594e-01
2.977538108825683594e-01
2.979979515075683594e-01
2.982420921325683594e-01
2.984862327575683594e-01
2.987303733825683594e-01
2.989745140075683594e-01
2.992186546325683594e-01
2.994627952575683594e-01
2.997069358825683594e-01
2.999510765075683594e-01
3.001952171325683594e-01
3.004393577575683594e-01
3.006834983825683594e-01
3.009276390075683594e-01
3.011717796325683594e-01
3.014159202575683594e-01
3.016600608825683594e-01
3.019042015075683594e-01
3.021483421325683594e-01
3.023924827575683594e-01
3.026366233825683594e-01
3.028807640075683594e-01
3.031249046325683594e-01
3.033690452575683594e-01
3.036131858825683594e-01
3.038573265075683594e-01
3.041014671325683594e-01
3.043456077575683594e-01
3.045897483825683594e-01
3.048338890075683594e-01
3.050780296325683594e-01
3.053221702575683594e-01
3.055663108825683594e-01
3.058104515075683594e-01
3.060545921325683594e-01
3.062987327575683594e-01
3.065428733825683594e-01
3.067870140075683594e-01
3.070311546325683594e-01
3.072752952575683594e-01
3.075194358825683594e-01
3.077635765075683594e-01
3.080077171325683594e-01
3.082518577575683594e-01
3.084959983825683594e-01
3.087401390075683594e-01
3.089842796325683594e-01
3.092284202575683594e-01
3.094725608825683594e-01
3.097167015075683594e-01
3.099608421325683594e-01
3.102049827575683594e-01
3.104491233825683594e-01
3.106932640075683594e-01
3.109374046325683594e-01
3.111815452575683594e-01
3.114256858825683594e-01
3.116698265075683594e-01
3.119139671325683594e-01
3.121581077575683594e-01
3.124022483825683594e-01
3.126463890075683594e-01
3.128905296325683594e-01
3.131346702575683594e-01
3.133788108825683594e-01
3.136229515075683594e-01
3.138670921325683594e-01
3.141112327575683594e-01
3.143553733825683594e-01
3.145995140075683594e-01
3.148436546325683594e-01
3.150877952575683594e-01
3.153319358825683594e-01
3.155760765075683594e-01
3.158202171325683594e-01
3.160643577575683594e-01
3.163084983825683594e-01
3.165526390075683594e-01
3.167967796325683594e-01
3.170409202575683594e-01
3.172850608825683594e-01
3.175292015075683594e-01
3.177733421325683594e-01
3.180174827575683594e-01
3.182616233825683594e-01
3.185057640075683594e-01
3.187499046325683594e-01
3.189940452575683594e-01
3.192381858825683594e-01
3.194823265075683594e-01
3.197264671325683594e-01
3.199706077575683594e-01
3.202147483825683594e-01
3.204588890075683594e-01
3.207030296325683594e-01
3.209471702575683594e-01
3.211913108825683594e-01
3.214354515075683594e-01
3.216795921325683594e-01
3.219237327575683594e-01
3.221678733825683594e-01
3.224120140075683594e-01
3.226561546325683594e-01
3.229002952575683594e-01
3.231444358825683594e-01
3.233885765075683594e-01
3.236327171325683594e-01
3.238768577575683594e-01
3.241209983825683594e-01
3.243651390075683594e-01
3.246092796325683594e-01
3.248534202575683594e-01
3.250975608825683594e-01
3.253417015075683594e-01
3.255858421325683594e-01
3.258299827575683594e-01
3.260741233825683594e-01
3.263182640075683594e-01
3.265624046325683594e-01
3.268065452575683594e-01
3.270506858825683594e-01
3.272948265075683594e-01
3.275389671325683594e-01
3.277831077575683594e-01
3.280272483825683594e-01
3.282713890075683594e-01
3.285155296325683594e-01
3.287596702575683594e-01
3.290038108825683594e-01
3.292479515075683594e-01
3.294920921325683594e-01
3.297362327575683594e-01
3.299803733825683594e-01
3.302245140075683594e-01
3.304686546325683594e-01
3.307127952575683594e-01
3.309569358825683594e-01
3.312010765075683594e-01
3.314452171325683594e-01
3.316893577575683594e-01
3.319334983825683594e-01
3.321776390075683594e-01
3.324217796325683594e-01
3.326659202575683594e-01
3.329100608825683594e-01
3.331542015075683594e-01
3.333983421325683594e-01
3.336424827575683594e-01
3.338866233825683594e-01
3.341307640075683594e-01
3.343749046325683594e-01
3.346190452575683594e-01
3.348631858825683594e-01
3.351073265075683594e-01
3.353514671325683594e-01
3.355956077575683594e-01
3.358397483825683594e-01
3.360838890075683594e-01
3.363280296325683594e-01
3.365721702575683594e-01
3.368163108825683594e-01
3.370604515075683594e-01
3.373045921325683594e-01
3.375487327575683594e-01
3.377928733825683594e-01
3.380370140075683594e-01
3.382811546325683594e-01
3.385252952575683594e-01
3.387694358825683594e-01
3.390135765075683594e-01
3.392577171325683594e-01
3.395018577575683594e-01
3.397459983825683594e-01
3.399901390075683594e-01
3.402342796325683594e-01
3.404784202575683594e-01
3.407225608825683594e-01
3.409667015075683594e-01
3.412108421325683594e-01
3.414549827575683594e-01
3.416991233825683594e-01
3.419432640075683594e-01
3.421874046325683594e-01
3.424315452575683594e-01
3.426756858825683594e-01
3.429198265075683594e-01
3.431639671325683594e-01
3.434081077575683594e-01
3.436522483825683594e-01
3.438963890075683594e-01
3.441405296325683594e-01
3.443846702575683594e-01
3.446288108825683594e-01
3.448729515075683594e-01
3.451170921325683594e-01
3.453612327575683594e-01
3.456053733825683594e-01
3.458495140075683594e-01
3.460936546325683594e-01
3.463377952575683594e-01
3.465819358825683594e-01
3.468260765075683594e-01
3.470702171325683594e-01
3.473143577575683594e-01
3.475584983825683594e-01
3.478026390075683594e-01
3.480467796325683594e-01
3.482909202575683594e-01
3.485350608825683594e-01
3.487792015075683594e-01
3.490233421325683594e-01
3.492674827575683594e-01
3.495116233825683594e-01
3.497557640075683594e-01
3.499999046325683594e-01
3.502440452575683594e-01
3.504881858825683594e-01
3.507323265075683594e-01
3.509764671325683594e-01
3.512206077575683594e-01
3.514647483825683594e-01
3.517088890075683594e-01
3.519530296325683594e-01
3.521971702575683594e-01
3.524413108825683594e-01
3.526854515075683594e-01
3.529295921325683594e-01
3.531737327575683594e-01
3.534178733825683594e-01
3.536620140075683594e-01
3.539061546325683594e-01
3.541502952575683594e-01
3.543944358825683594e-01
3.546385765075683594e-01
3.548827171325683594e-01
3.551268577575683594e-01
3.553709983825683594e-01
3.556151390075683594e-01
3.558592796325683594e-01
3.561034202575683594e-01
3.563475608825683594e-01
3.565917015075683594e-01
3.568358421325683594e-01
3.570799827575683594e-01
3.573241233825683594e-01
3.575682640075683594e-01
3.578124046325683594e-01
3.580565452575683594e-01
3.583006858825683594e-01
3.585448265075683594e-01
3.587889671325683594e-01
3.590331077575683594e-01
3.592772483825683594e-01
3.595213890075683594e-01
3.597655296325683594e-01
3.600096702575683594e-01
3.602538108825683594e-01
3.604979515075683594e-01
3.607420921325683594e-01
3.609862327575683594e-01
3.612303733825683594e-01
3.614745140075683594e-01
3.617186546325683594e-01
3.619627952575683594e-01
3.622069358825683594e-01
3.624510765075683594e-01
3.626952171325683594e-01
3.629393577575683594e-01
3.631834983825683594e-01
3.634276390075683594e-01
3.636717796325683594e-01
3.639159202575683594e-01
3.641600608825683594e-01
3.644042015075683594e-01
3.646483421325683594e-01
3.648924827575683594e-01
3.651366233825683594e-01
3.653807640075683594e-01
3.656249046325683594e-01
3.658690452575683594e-01
3.661131858825683594e-01
3.663573265075683594e-01
3.666014671325683594e-01
3.668456077575683594e-01
3.670897483825683594e-01
3.673338890075683594e-01
3.675780296325683594e-01
3.678221702575683594e-01
3.680663108825683594e-01
3.683104515075683594e-01
3.685545921325683594e-01
3.687987327575683594e-01
3.690428733825683594e-01
3.692870140075683594e-01
3.695311546325683594e-01
3.697752952575683594e-01
3.700194358825683594e-01
3.702635765075683594e-01
3.705077171325683594e-01
3.707518577575683594e-01
3.709959983825683594e-01
3.712401390075683594e-01
3.714842796325683594e-01
3.717284202575683594e-01
3.719725608825683594e-01
3.722167015075683594e-01
3.724608421325683594e-01
3.727049827575683594e-01
3.729491233825683594e-01
3.731932640075683594e-01
3.734374046325683594e-01
3.736815452575683594e-01
3.739256858825683594e-01
3.741698265075683594e-01
3.744139671325683594e-01
3.746581077575683594e-01
3.749022483825683594e-01
3.751463890075683594e-01
3.753905296325683594e-01
3.756346702575683594e-01
3.758788108825683594e-01
3.761229515075683594e-01
3.763670921325683594e-01
3.766112327575683594e-01
3.768553733825683594e-01
3.770995140075683594e-01
3.773436546325683594e-01
3.775877952575683594e-01
3.778319358825683594e-01
3.780760765075683594e-01
3.783202171325683594e-01
3.785643577575683594e-01
3.788084983825683594e-01
3.790526390075683594e-01
3.792967796325683594e-01
3.795409202575683594e-01
3.797850608825683594e-01
3.800292015075683594e-01
3.802733421325683594e-01
3.805174827575683594e-01
3.807616233825683594e-01
3.810057640075683594e-01
3.812499046325683594e-01
3.814940452575683594e-01
3.817381858825683594e-01
3.819823265075683594e-01
3.822264671325683594e-01
3.824706077575683594e-01
3.827147483825683594e-01
3.829588890075683594e-01
3.832030296325683594e-01
3.834471702575683594e-01
3.836913108825683594e-01
3.839354515075683594e-01
3.841795921325683594e-01
3.844237327575683594e-01
3.846678733825683594e-01
3.849120140075683594e-01
3.851561546325683594e-01
3.854002952575683594e-01
3.856444358825683594e-01
3.858885765075683594e-01
3.861327171325683594e-01
3.863768577575683594e-01
3.866209983825683594e-01
3.868651390075683594e-01
3.871092796325683594e-01
3.873534202575683594e-01
3.875975608825683594e-01
3.878417015075683594e-01
3.880858421325683594e-01
3.883299827575683594e-01
3.885741233825683594e-01
3.888182640075683594e-01
3.890624046325683594e-01
3.893065452575683594e-01
3.895506858825683594e-01
3.897948265075683594e-01
3.900389671325683594e-01
3.902831077575683594e-01
3.905272483825683594e-01
3.907713890075683594e-01
3.910155296325683594e-01
3.912596702575683594e-01
3.915038108825683594e-01
3.917479515075683594e-01
3.919920921325683594e-01
3.922362327575683594e-01
3.924803733825683594e-01
3.927245140075683594e-01
3.929686546325683594e-01
3.932127952575683594e-01
3.934569358825683594e-01
3.937010765075683594e-01
3.939452171325683594e-01
3.941893577575683594e-01
3.944334983825683594e-01
3.946776390075683594e-01
3.949217796325683594e-01
3.951659202575683594e-01
3.954100608825683594e-01
3.956542015075683594e-01
3.958983421325683594e-01
3.961424827575683594e-01
3.963866233825683594e-01
3.966307640075683594e-01
3.968749046325683594e-01
3.971190452575683594e-01
3.973631858825683594e-01
3.976073265075683594e-01
3.978514671325683594e-01
3.980956077575683594e-01
3.983397483825683594e-01
3.985838890075683594e-01
3.988280296325683594e-01
3.990721702575683594e-01
3.993163108825683594e-01
3.995604515075683594e-01
3.998045921325683594e-01
4.000487327575683594e-01
4.002928733825683594e-01
4.005370140075683594e-01
4.007811546325683594e-01
4.010252952575683594e-01
4.012694358825683594e-01
4.015135765075683594e-01
4.017577171325683594e-01
4.020018577575683594e-01
4.022459983825683594e-01
4.024901390075683594e-01
4.027342796325683594e-01
4.029784202575683594e-01
4.032225608825683594e-01
4.034667015075683594e-01
4.037108421325683594e-01
4.039549827575683594e-01
4.041991233825683594e-01
4.044432640075683594e-01
4.046874046325683594e-01
4.049315452575683594e-01
4.051756858825683594e-01
4.054198265075683594e-01
4.056639671325683594e-01
4.059081077575683594e-01
4.061522483825683594e-01
4.063963890075683594e-01
4.066405296325683594e-01
4.068846702575683594e-01
4.071288108825683594e-01
4.073729515075683594e-01
4.076170921325683594e-01
4.078612327575683594e-01
4.081053733825683594e-01
4.083495140075683594e-01
4.085936546325683594e-01
4.088377952575683594e-01
4.090819358825683594e-01
4.093260765075683594e-01
4.095702171325683594e-01
4.098143577575683594e-01
4.100584983825683594e-01
4.103026390075683594e-01
4.105467796325683594e-01
4.107909202575683594e-01
4.110350608825683594e-01
4.112792015075683594e-01
4.115233421325683594e-01
4.117674827575683594e-01
4.120116233825683594e-01
4.122557640075683594e-01
4.124999046325683594e-01
4.127440452575683594e-01
4.129881858825683594e-01
4.132323265075683594e-01
4.134764671325683594e-01
4.137206077575683594e-01
4.139647483825683594e-01
4.142088890075683594e-01
4.144530296325683594e-01
4.146971702575683594e-01
4.149413108825683594e-01
4.151854515075683594e-01
4.154295921325683594e-01
4.156737327575683594e-01
4.159178733825683594e-01
4.161620140075683594e-01
4.164061546325683594e-01
4.166502952575683594e-01
4.168944358825683594e-01
4.171385765075683594e-01
4.173827171325683594e-01
4.176268577575683594e-01
4.178709983825683594e-01
4.181151390075683594e-01
4.183592796325683594e-01
4.186034202575683594e-01
4.188475608825683594e-01
4.190917015075683594e-01
4.193358421325683594e-01
4.195799827575683594e-01
4.198241233825683594e-01
4.200682640075683594e-01
4.203124046325683594e-01
4.205565452575683594e-01
4.208006858825683594e-01
4.210448265075683594e-01
4.212889671325683594e-01
4.215331077575683594e-01
4.217772483825683594e-01
4.220213890075683594e-01
4.222655296325683594e-01
4.225096702575683594e-01
4.227538108825683594e-01
4.229979515075683594e-01
4.232420921325683594e-01
4.234862327575683594e-01
4.237303733825683594e-01
4.239745140075683594e-01
4.242186546325683594e-01
4.244627952575683594e-01
4.247069358825683594e-01
4.249510765075683594e-01
4.251952171325683594e-01
4.254393577575683594e-01
4.256834983825683594e-01
4.259276390075683594e-01
4.261717796325683594e-01
4.264159202575683594e-01
4.266600608825683594e-01
4.269042015075683594e-01
4.271483421325683594e-01
4.273924827575683594e-01
4.276366233825683594e-01
4.278807640075683594e-01
4.281249046325683594e-01
4.283690452575683594e-01
4.286131858825683594e-01
4.288573265075683594e-01
4.291014671325683594e-01
4.293456077575683594e-01
4.295897483825683594e-01
4.298338890075683594e-01
4.300780296325683594e-01
4.303221702575683594e-01
4.305663108825683594e-01
4.308104515075683594e-01
4.310545921325683594e-01
4.312987327575683594e-01
4.315428733825683594e-01
4.317870140075683594e-01
4.320311546325683594e-01
4.322752952575683594e-01
4.325194358825683594e-01
4.327635765075683594e-01
4.330077171325683594e-01
4.332518577575683594e-01
4.334959983825683594e-01
4.337401390075683594e-01
4.339842796325683594e-01
4.342284202575683594e-01
4.344725608825683594e-01
4.347167015075683594e-01
4.349608421325683594e-01
4.352049827575683594e-01
4.354491233825683594e-01
4.356932640075683594e-01
4.359374046325683594e-01
4.361815452575683594e-01
4.364256858825683594e-01
4.366698265075683594e-01
4.369139671325683594e-01
4.371581077575683594e-01
4.374022483825683594e-01
4.376463890075683594e-01
4.378905296325683594e-01
4.381346702575683594e-01
4.383788108825683594e-01
4.386229515075683594e-01
4.388670921325683594e-01
4.391112327575683594e-01
4.393553733825683594e-01
4.395995140075683594e-01
4.398436546325683594e-01
4.400877952575683594e-01
4.403319358825683594e-01
4.405760765075683594e-01
4.408202171325683594e-01
4.410643577575683594e-01
4.413084983825683594e-01
4.415526390075683594e-01
4.417967796325683594e-01
4.420409202575683594e-01
4.422850608825683594e-01
4.425292015075683594e-01
4.427733421325683594e-01
4.430174827575683594e-01
4.432616233825683594e-01
4.435057640075683594e-01
4.437499046325683594e-01
4.439940452575683594e-01
4.442381858825683594e-01
4.444823265075683594e-01
4.447264671325683594e-01
4.449706077575683594e-01
4.452147483825683594e-01
4.454588890075683594e-01
4.457030296325683594e-01
4.459471702575683594e-01
4.461913108825683594e-01
4.464354515075683594e-01
4.466795921325683594e-01
4.469237327575683594e-01
4.471678733825683594e-01
4.474120140075683594e-01
4.476561546325683594e-01
4.479002952575683594e-01
4.481444358825683594e-01
4.483885765075683594e-01
4.486327171325683594e-01
4.488768577575683594e-01
4.491209983825683594e-01
4.493651390075683594e-01
4.496092796325683594e-01
4.498534202575683594e-01
4.500975608825683594e-01
4.503417015075683594e-01
4.505858421325683594e-01
4.508299827575683594e-01
4.510741233825683594e-01
4.513182640075683594e-01
4.515624046325683594e-01
4.518065452575683594e-01
4.520506858825683594e-01
4.522948265075683594e-01
4.525389671325683594e-01
4.527831077575683594e-01
4.530272483825683594e-01
4.532713890075683594e-01
4.535155296325683594e-01
4.537596702575683594e-01
4.540038108825683594e-01
4.542479515075683594e-01
4.544920921325683594e-01
4.547362327575683594e-01
4.549803733825683594e-01
4.552245140075683594e-01
4.554686546325683594e-01
4.557127952575683594e-01
4.559569358825683594e-01
4.562010765075683594e-01
4.564452171325683594e-01
4.566893577575683594e-01
4.569334983825683594e-01
4.571776390075683594e-01
4.574217796325683594e-01
4.576659202575683594e-01
4.579100608825683594e-01
4.581542015075683594e-01
4.583983421325683594e-01
4.586424827575683594e-01
4.588866233825683594e-01
4.591307640075683594e-01
4.593749046325683594e-01
4.596190452575683594e-01
4.598631858825683594e-01
4.601073265075683594e-01
4.603514671325683594e-01
4.605956077575683594e-01
4.608397483825683594e-01
4.610838890075683594e-01
4.613280296325683594e-01
4.615721702575683594e-01
4.618163108825683594e-01
4.620604515075683594e-01
4.623045921325683594e-01
4.625487327575683594e-01
4.627928733825683594e-01
4.630370140075683594e-01
4.632811546325683594e-01
4.635252952575683594e-01
4.637694358825683594e-01
4.640135765075683594e-01
4.642577171325683594e-01
4.645018577575683594e-01
4.647459983825683594e-01
4.649901390075683594e-01
4.652342796325683594e-01
4.654784202575683594e-01
4.657225608825683594e-01
4.659667015075683594e-01
4.662108421325683594e-01
4.664549827575683594e-01
4.666991233825683594e-01
4.669432640075683594e-01
4.671874046325683594e-01
4.674315452575683594e-01
4.676756858825683594e-01
4.679198265075683594e-01
4.681639671325683594e-01
4.684081077575683594e-01
4.686522483825683594e-01
4.688963890075683594e-01
4.691405296325683594e-01
4.693846702575683594e-01
4.696288108825683594e-01
4.698729515075683594e-01
4.701170921325683594e-01
4.703612327575683594e-01
4.706053733825683594e-01
4.708495140075683594e-01
4.710936546325683594e-01
4.713377952575683594e-01
4.715819358825683594e-01
4.718260765075683594e-01
4.720702171325683594e-01
4.723143577575683594e-01
4.725584983825683594e-01
4.728026390075683594e-01
4.730467796325683594e-01
4.732909202575683594e-01
4.735350608825683594e-01
4.737792015075683594e-01
4.740233421325683594e-01
4.742674827575683594e-01
4.745116233825683594e-01
4.747557640075683594e-01
4.749999046325683594e-01
4.752440452575683594e-01
4.754881858825683594e-01
4.757323265075683594e-01
4.759764671325683594e-01
4.762206077575683594e-01
4.764647483825683594e-01
4.767088890075683594e-01
4.769530296325683594e-01
4.771971702575683594e-01
4.774413108825683594e-01
4.776854515075683594e-01
4.779295921325683594e-01
4.781737327575683594e-01
4.784178733825683594e-01
4.786620140075683594e-01
4.789061546325683594e-01
4.791502952575683594e-01
4.793944358825683594e-01
4.796385765075683594e-01
4.798827171325683594e-01
4.801268577575683594e-01
4.803709983825683594e-01
4.806151390075683594e-01
4.808592796325683594e-01
4.811034202575683594e-01
4.813475608825683594e-01
4.815917015075683594e-01
4.818358421325683594e-01
4.820799827575683594e-01
4.823241233825683594e-01
4.825682640075683594e-01
4.828124046325683594e-01
4.830565452575683594e-01
4.833006858825683594e-01
4.835448265075683594e-01
4.837889671325683594e-01
4.840331077575683594e-01
4.842772483825683594e-01
4.845213890075683594e-01
4.847655296325683594e-01
4.850096702575683594e-01
4.852538108825683594e-01
4.854979515075683594e-01
4.857420921325683594e-01
4.859862327575683594e-01
4.862303733825683594e-01
4.864745140075683594e-01
4.867186546325683594e-01
4.869627952575683594e-01
4.872069358825683594e-01
4.874510765075683594e-01
4.876952171325683594e-01
4.879393577575683594e-01
4.881834983825683594e-01
4.884276390075683594e-01
4.886717796325683594e-01
4.889159202575683594e-01
4.891600608825683594e-01
4.894042015075683594e-01
4.896483421325683594e-01
4.898924827575683594e-01
4.901366233825683594e-01
4.903807640075683594e-01
4.906249046325683594e-01
4.908690452575683594e-01
4.911131858825683594e-01
4.913573265075683594e-01
4.916014671325683594e-01
4.918456077575683594e-01
4.920897483825683594e-01
4.923338890075683594e-01
4.925780296325683594e-01
4.928221702575683594e-01
4.930663108825683594e-01
4.933104515075683594e-01
4.935545921325683594e-01
4.937987327575683594e-01
4.940428733825683594e-01
4.942870140075683594e-01
4.945311546325683594e-01
4.947752952575683594e-01
4.950194358825683594e-01
4.952635765075683594e-01
4.955077171325683594e-01
4.957518577575683594e-01
4.959959983825683594e-01
4.962401390075683594e-01
4.964842796325683594e-01
4.967284202575683594e-01
4.969725608825683594e-01
4.972167015075683594e-01
4.974608421325683594e-01
4.977049827575683594e-01
4.979491233825683594e-01
4.981932640075683594e-01
4.984374046325683594e-01
4.986815452575683594e-01
4.989256858825683594e-01
4.991698265075683594e-01
4.994139671325683594e-01
4.996581077575683594e-01
4.999022483825683594e-01
5.001463890075683594e-01
5.003905296325683594e-01
5.006346702575683594e-01
5.008788108825683594e-01
5.011229515075683594e-01
5.013670921325683594e-01
5.016112327575683594e-01
5.018553733825683594e-01
5.020995140075683594e-01
5.023436546325683594e-01
5.025877952575683594e-01
5.028319358825683594e-01
5.030760765075683594e-01
5.033202171325683594e-01
5.035643577575683594e-01
5.038084983825683594e-01
5.040526390075683594e-01
5.042967796325683594e-01
5.045409202575683594e-01
5.047850608825683594e-01
5.050292015075683594e-01
5.052733421325683594e-01
5.055174827575683594e-01
5.057616233825683594e-01
5.060057640075683594e-01
5.062499046325683594e-01
5.064940452575683594e-01
5.067381858825683594e-01
5.069823265075683594e-01
5.072264671325683594e-01
5.074706077575683594e-01
5.077147483825683594e-01
5.079588890075683594e-01
5.082030296325683594e-01
5.084471702575683594e-01
5.086913108825683594e-01
5.089354515075683594e-01
5.091795921325683594e-01
5.094237327575683594e-01
5.096678733825683594e-01
5.099120140075683594e-01
5.101561546325683594e-01
5.104002952575683594e-01
5.106444358825683594e-01
5.108885765075683594e-01
5.111327171325683594e-01
5.113768577575683594e-01
5.116209983825683594e-01
5.118651390075683594e-01
5.121092796325683594e-01
5.123534202575683594e-01
5.125975608825683594e-01
5.128417015075683594e-01
5.130858421325683594e-01
5.133299827575683594e-01
5.135741233825683594e-01
5.138182640075683594e-01
5.140624046325683594e-01
5.143065452575683594e-01
5.145506858825683594e-01
5.147948265075683594e-01
5.150389671325683594e-01
5.152831077575683594e-01
5.155272483825683594e-01
5.157713890075683594e-01
5.160155296325683594e-01
5.162596702575683594e-01
5.165038108825683594e-01
5.167479515075683594e-01
5.169920921325683594e-01
5.172362327575683594e-01
5.174803733825683594e-01
5.177245140075683594e-01
5.179686546325683594e-01
5.182127952575683594e-01
5.184569358825683594e-01
5.187010765075683594e-01
5.189452171325683594e-01
5.191893577575683594e-01
5.194334983825683594e-01
5.196776390075683594e-01
5.199217796325683594e-01
5.201659202575683594e-01
5.204100608825683594e-01
5.206542015075683594e-01
5.208983421325683594e-01
5.211424827575683594e-01
5.213866233825683594e-01
5.216307640075683594e-01
5.218749046325683594e-01
5.221190452575683594e-01
5.223631858825683594e-01
5.226073265075683594e-01
5.228514671325683594e-01
5.230956077575683594e-01
5.233397483825683594e-01
5.235838890075683594e-01
5.238280296325683594e-01
5.240721702575683594e-01
5.243163108825683594e-01
5.245604515075683594e-01
5.248045921325683594e-01
5.250487327575683594e-01
5.252928733825683594e-01
5.255370140075683594e-01
5.257811546325683594e-01
5.260252952575683594e-01
5.262694358825683594e-01
5.265135765075683594e-01
5.267577171325683594e-01
5.270018577575683594e-01
5.272459983825683594e-01
5.274901390075683594e-01
5.277342796325683594e-01
5.279784202575683594e-01
5.282225608825683594e-01
5.284667015075683594e-01
5.287108421325683594e-01
5.289549827575683594e-01
5.291991233825683594e-01
5.294432640075683594e-01
5.296874046325683594e-01
5.299315452575683594e-01
5.301756858825683594e-01
5.304198265075683594e-01
5.306639671325683594e-01
5.309081077575683594e-01
5.311522483825683594e-01
5.313963890075683594e-01
5.316405296325683594e-01
5.318846702575683594e-01
5.321288108825683594e-01
5.323729515075683594e-01
5.326170921325683594e-01
5.328612327575683594e-01
5.331053733825683594e-01
5.333495140075683594e-01
5.335936546325683594e-01
5.338377952575683594e-01
5.340819358825683594e-01
5.343260765075683594e-01
5.345702171325683594e-01
5.348143577575683594e-01
5.350584983825683594e-01
5.353026390075683594e-01
5.355467796325683594e-01
5.357909202575683594e-01
5.360350608825683594e-01
5.362792015075683594e-01
5.365233421325683594e-01
5.367674827575683594e-01
5.370116233825683594e-01
5.372557640075683594e-01
5.374999046325683594e-01
5.377440452575683594e-01
5.379881858825683594e-01
5.382323265075683594e-01
5.384764671325683594e-01
5.387206077575683594e-01
5.389647483825683594e-01
5.392088890075683594e-01
5.394530296325683594e-01
5.396971702575683594e-01
5.399413108825683594e-01
5.401854515075683594e-01
5.404295921325683594e-01
5.406737327575683594e-01
5.409178733825683594e-01
5.411620140075683594e-01
5.414061546325683594e-01
5.416502952575683594e-01
5.418944358825683594e-01
5.421385765075683594e-01
5.423827171325683594e-01
5.426268577575683594e-01
5.428709983825683594e-01
5.431151390075683594e-01
5.433592796325683594e-01
5.436034202575683594e-01
5.438475608825683594e-01
5.440917015075683594e-01
5.443358421325683594e-01
5.445799827575683594e-01
5.448241233825683594e-01
5.450682640075683594e-01
5.453124046325683594e-01
5.455565452575683594e-01
5.458006858825683594e-01
5.460448265075683594e-01
5.462889671325683594e-01
5.465331077575683594e-01
5.467772483825683594e-01
5.470213890075683594e-01
5.472655296325683594e-01
5.475096702575683594e-01
5.477538108825683594e-01
5.479979515075683594e-01
5.482420921325683594e-01
5.484862327575683594e-01
5.487303733825683594e-01
5.489745140075683594e-01
5.492186546325683594e-01
5.494627952575683594e-01
5.497069358825683594e-01
5.499510765075683594e-01
5.501952171325683594e-01
5.504393577575683594e-01
5.506834983825683594e-01
5.509276390075683594e-01
5.511717796325683594e-01
5.514159202575683594e-01
5.516600608825683594e-01
5.519042015075683594e-01
5.521483421325683594e-01
5.523924827575683594e-01
5.526366233825683594e-01
5.528807640075683594e-01
5.531249046325683594e-01
5.533690452575683594e-01
5.536131858825683594e-01
5.538573265075683594e-01
5.541014671325683594e-01
5.543456077575683594e-01
5.545897483825683594e-01
5.548338890075683594e-01
5.550780296325683594e-01
5.553221702575683594e-01
5.555663108825683594e-01
5.558104515075683594e-01
5.560545921325683594e-01
5.562987327575683594e-01
5.565428733825683594e-01
5.567870140075683594e-01
5.570311546325683594e-01
5.572752952575683594e-01
5.575194358825683594e-01
5.577635765075683594e-01
5.580077171325683594e-01
5.582518577575683594e-01
5.584959983825683594e-01
5.587401390075683594e-01
5.589842796325683594e-01
5.592284202575683594e-01
5.594725608825683594e-01
5.597167015075683594e-01
5.599608421325683594e-01
5.602049827575683594e-01
5.604491233825683594e-01
5.606932640075683594e-01
5.609374046325683594e-01
5.611815452575683594e-01
5.614256858825683594e-01
5.616698265075683594e-01
5.619139671325683594e-01
5.621581077575683594e-01
5.624022483825683594e-01
5.626463890075683594e-01
5.628905296325683594e-01
5.631346702575683594e-01
5.633788108825683594e-01
5.636229515075683594e-01
5.638670921325683594e-01
5.641112327575683594e-01
5.643553733825683594e-01
5.645995140075683594e-01
5.648436546325683594e-01
5.650877952575683594e-01
5.653319358825683594e-01
5.655760765075683594e-01
5.658202171325683594e-01
5.660643577575683594e-01
5.663084983825683594e-01
5.665526390075683594e-01
5.667967796325683594e-01
5.670409202575683594e-01
5.672850608825683594e-01
5.675292015075683594e-01
5.677733421325683594e-01
5.680174827575683594e-01
5.682616233825683594e-01
5.685057640075683594e-01
5.687499046325683594e-01
5.689940452575683594e-01
5.692381858825683594e-01
5.694823265075683594e-01
5.697264671325683594e-01
5.699706077575683594e-01
5.702147483825683594e-01
5.704588890075683594e-01
5.707030296325683594e-01
5.709471702575683594e-01
5.711913108825683594e-01
5.714354515075683594e-01
5.716795921325683594e-01
5.719237327575683594e-01
5.721678733825683594e-01
5.724120140075683594e-01
5.726561546325683594e-01
5.729002952575683594e-01
5.731444358825683594e-01
5.733885765075683594e-01
5.736327171325683594e-01
5.738768577575683594e-01
5.741209983825683594e-01
5.743651390075683594e-01
5.746092796325683594e-01
5.748534202575683594e-01
5.750975608825683594e-01
5.753417015075683594e-01
5.755858421325683594e-01
5.758299827575683594e-01
5.760741233825683594e-01
5.763182640075683594e-01
5.765624046325683594e-01
5.768065452575683594e-01
5.770506858825683594e-01
5.772948265075683594e-01
5.775389671325683594e-01
5.777831077575683594e-01
5.780272483825683594e-01
5.782713890075683594e-01
5.785155296325683594e-01
5.787596702575683594e-01
5.790038108825683594e-01
5.792479515075683594e-01
5.794920921325683594e-01
5.797362327575683594e-01
5.799803733825683594e-01
5.802245140075683594e-01
5.804686546325683594e-01
5.807127952575683594e-01
5.809569358825683594e-01
5.812010765075683594e-01
5.814452171325683594e-01
5.816893577575683594e-01
5.819334983825683594e-01
5.821776390075683594e-01
5.824217796325683594e-01
5.826659202575683594e-01
5.829100608825683594e-01
5.831542015075683594e-01
5.833983421325683594e-01
5.836424827575683594e-01
5.838866233825683594e-01
5.841307640075683594e-01
5.843749046325683594e-01
5.846190452575683594e-01
5.848631858825683594e-01
5.851073265075683594e-01
5.853514671325683594e-01
5.855956077575683594e-01
5.858397483825683594e-01
5.860838890075683594e-01
5.863280296325683594e-01
5.865721702575683594e-01
5.868163108825683594e-01
5.870604515075683594e-01
5.873045921325683594e-01
5.875487327575683594e-01
5.877928733825683594e-01
5.880370140075683594e-01
5.882811546325683594e-01
5.885252952575683594e-01
5.887694358825683594e-01
5.890135765075683594e-01
5.892577171325683594e-01
5.895018577575683594e-01
5.897459983825683594e-01
5.899901390075683594e-01
5.902342796325683594e-01
5.904784202575683594e-01
5.907225608825683594e-01
5.909667015075683594e-01
5.912108421325683594e-01
5.914549827575683594e-01
5.916991233825683594e-01
5.919432640075683594e-01
5.921874046325683594e-01
5.924315452575683594e-01
5.926756858825683594e-01
5.929198265075683594e-01
5.931639671325683594e-01
5.934081077575683594e-01
5.936522483825683594e-01
5.938963890075683594e-01
5.941405296325683594e-01
5.943846702575683594e-01
5.946288108825683594e-01
5.948729515075683594e-01
5.951170921325683594e-01
5.953612327575683594e-01
5.956053733825683594e-01
5.958495140075683594e-01
5.960936546325683594e-01
5.963377952575683594e-01
5.965819358825683594e-01
5.968260765075683594e-01
5.970702171325683594e-01
5.973143577575683594e-01
5.975584983825683594e-01
5.978026390075683594e-01
5.980467796325683594e-01
5.982909202575683594e-01
5.985350608825683594e-01
5.987792015075683594e-01
5.990233421325683594e-01
5.992674827575683594e-01
5.995116233825683594e-01
5.997557640075683594e-01
5.999999046325683594e-01
6.002440452575683594e-01
6.004881858825683594e-01
6.007323265075683594e-01
6.009764671325683594e-01
6.012206077575683594e-01
6.014647483825683594e-01
6.017088890075683594e-01
6.019530296325683594e-01
6.021971702575683594e-01
6.024413108825683594e-01
6.026854515075683594e-01
6.029295921325683594e-01
6.031737327575683594e-01
6.034178733825683594e-01
6.036620140075683594e-01
6.039061546325683594e-01
6.041502952575683594e-01
6.043944358825683594e-01
6.046385765075683594e-01
6.048827171325683594e-01
6.051268577575683594e-01
6.053709983825683594e-01
6.056151390075683594e-01
6.058592796325683594e-01
6.061034202575683594e-01
6.063475608825683594e-01
6.065917015075683594e-01
6.068358421325683594e-01
6.070799827575683594e-01
6.073241233825683594e-01
6.075682640075683594e-01
6.078124046325683594e-01
6.080565452575683594e-01
6.083006858825683594e-01
6.085448265075683594e-01
6.087889671325683594e-01
6.090331077575683594e-01
6.092772483825683594e-01
6.095213890075683594e-01
6.097655296325683594e-01
6.100096702575683594e-01
6.102538108825683594e-01
6.104979515075683594e-01
6.107420921325683594e-01
6.109862327575683594e-01
6.112303733825683594e-01
6.114745140075683594e-01
6.117186546325683594e-01
6.119627952575683594e-01
6.122069358825683594e-01
6.124510765075683594e-01
6.126952171325683594e-01
6.129393577575683594e-01
6.131834983825683594e-01
6.134276390075683594e-01
6.136717796325683594e-01
6.139159202575683594e-01
6.141600608825683594e-01
6.144042015075683594e-01
6.146483421325683594e-01
6.148924827575683594e-01
6.151366233825683594e-01
6.153807640075683594e-01
6.156249046325683594e-01
6.158690452575683594e-01
6.161131858825683594e-01
6.163573265075683594e-01
6.166014671325683594e-01
6.168456077575683594e-01
6.170897483825683594e-01
6.173338890075683594e-01
6.175780296325683594e-01
6.178221702575683594e-01
6.180663108825683594e-01
6.183104515075683594e-01
6.185545921325683594e-01
6.187987327575683594e-01
6.190428733825683594e-01
6.192870140075683594e-01
6.195311546325683594e-01
6.197752952575683594e-01
6.200194358825683594e-01
6.202635765075683594e-01
6.205077171325683594e-01
6.207518577575683594e-01
6.209959983825683594e-01
6.212401390075683594e-01
6.214842796325683594e-01
6.217284202575683594e-01
6.219725608825683594e-01
6.222167015075683594e-01
6.224608421325683594e-01
6.227049827575683594e-01
6.229491233825683594e-01
6.231932640075683594e-01
6.234374046325683594e-01
6.236815452575683594e-01
6.239256858825683594e-01
6.241698265075683594e-01
6.244139671325683594e-01
6.246581077575683594e-01
6.249022483825683594e-01
6.251463890075683594e-01
6.253905296325683594e-01
6.256346702575683594e-01
6.258788108825683594e-01
6.261229515075683594e-01
6.263670921325683594e-01
6.266112327575683594e-01
6.268553733825683594e-01
6.270995140075683594e-01
6.273436546325683594e-01
6.275877952575683594e-01
6.278319358825683594e-01
6.280760765075683594e-01
6.283202171325683594e-01
6.285643577575683594e-01
6.288084983825683594e-01
6.290526390075683594e-01
6.292967796325683594e-01
6.295409202575683594e-01
6.297850608825683594e-01
6.300292015075683594e-01
6.302733421325683594e-01
6.305174827575683594e-01
6.307616233825683594e-01
6.310057640075683594e-01
6.312499046325683594e-01
6.314940452575683594e-01
6.317381858825683594e-01
6.319823265075683594e-01
6.322264671325683594e-01
6.324706077575683594e-01
6.327147483825683594e-01
6.329588890075683594e-01
6.332030296325683594e-01
6.334471702575683594e-01
6.336913108825683594e-01
6.339354515075683594e-01
6.341795921325683594e-01
6.344237327575683594e-01
6.346678733825683594e-01
6.349120140075683594e-01
6.351561546325683594e-01
6.354002952575683594e-01
6.356444358825683594e-01
6.358885765075683594e-01
6.361327171325683594e-01
6.363768577575683594e-01
6.366209983825683594e-01
6.368651390075683594e-01
6.371092796325683594e-01
6.373534202575683594e-01
6.375975608825683594e-01
6.378417015075683594e-01
6.380858421325683594e-01
6.383299827575683594e-01
6.385741233825683594e-01
6.388182640075683594e-01
6.390624046325683594e-01
6.393065452575683594e-01
6.395506858825683594e-01
6.397948265075683594e-01
6.400389671325683594e-01
6.402831077575683594e-01
6.405272483825683594e-01
6.407713890075683594e-01
6.410155296325683594e-01
6.412596702575683594e-01
6.415038108825683594e-01
6.417479515075683594e-01
6.419920921325683594e-01
6.422362327575683594e-01
6.424803733825683594e-01
6.427245140075683594e-01
6.429686546325683594e-01
6.432127952575683594e-01
6.434569358825683594e-01
6.437010765075683594e-01
6.439452171325683594e-01
6.441893577575683594e-01
6.444334983825683594e-01
6.446776390075683594e-01
6.449217796325683594e-01
6.451659202575683594e-01
6.454100608825683594e-01
6.456542015075683594e-01
6.458983421325683594e-01
6.461424827575683594e-01
6.463866233825683594e-01
6.466307640075683594e-01
6.468749046325683594e-01
6.471190452575683594e-01
6.473631858825683594e-01
6.476073265075683594e-01
6.478514671325683594e-01
6.480956077575683594e-01
6.483397483825683594e-01
6.485838890075683594e-01
6.488280296325683594e-01
6.490721702575683594e-01
6.493163108825683594e-01
6.495604515075683594e-01
6.498045921325683594e-01
6.500487327575683594e-01
6.502928733825683594e-01
6.505370140075683594e-01
6.507811546325683594e-01
6.510252952575683594e-01
6.512694358825683594e-01
6.515135765075683594e-01
6.517577171325683594e-01
6.520018577575683594e-01
6.522459983825683594e-01
6.524901390075683594e-01
6.527342796325683594e-01
6.529784202575683594e-01
6.532225608825683594e-01
6.534667015075683594e-01
6.537108421325683594e-01
6.539549827575683594e-01
6.541991233825683594e-01
6.544432640075683594e-01
6.546874046325683594e-01
6.549315452575683594e-01
6.551756858825683594e-01
6.554198265075683594e-01
6.556639671325683594e-01
6.559081077575683594e-01
6.561522483825683594e-01
6.563963890075683594e-01
6.566405296325683594e-01
6.568846702575683594e-01
6.571288108825683594e-01
6.573729515075683594e-01
6.576170921325683594e-01
6.578612327575683594e-01
6.581053733825683594e-01
6.583495140075683594e-01
6.585936546325683594e-01
6.588377952575683594e-01
6.590819358825683594e-01
6.593260765075683594e-01
6.595702171325683594e-01
6.598143577575683594e-01
6.600584983825683594e-01
6.603026390075683594e-01
6.605467796325683594e-01
6.607909202575683594e-01
6.610350608825683594e-01
6.612792015075683594e-01
6.615233421325683594e-01
6.617674827575683594e-01
6.620116233825683594e-01
6.622557640075683594e-01
6.624999046325683594e-01
6.627440452575683594e-01
6.629881858825683594e-01
6.632323265075683594e-01
6.634764671325683594e-01
6.637206077575683594e-01
6.639647483825683594e-01
6.642088890075683594e-01
6.644530296325683594e-01
6.646971702575683594e-01
6.649413108825683594e-01
6.651854515075683594e-01
6.654295921325683594e-01
6.656737327575683594e-01
6.659178733825683594e-01
6.661620140075683594e-01
6.664061546325683594e-01
6.666502952575683594e-01
6.668944358825683594e-01
6.671385765075683594e-01
6.673827171325683594e-01
6.676268577575683594e-01
6.678709983825683594e-01
6.681151390075683594e-01
6.683592796325683594e-01
6.686034202575683594e-01
6.688475608825683594e-01
6.690917015075683594e-01
6.693358421325683594e-01
6.695799827575683594e-01
6.698241233825683594e-01
6.700682640075683594e-01
6.703124046325683594e-01
6.705565452575683594e-01
6.708006858825683594e-01
6.710448265075683594e-01
6.712889671325683594e-01
6.715331077575683594e-01
6.717772483825683594e-01
6.720213890075683594e-01
6.722655296325683594e-01
6.725096702575683594e-01
6.727538108825683594e-01
6.729979515075683594e-01
6.732420921325683594e-01
6.734862327575683594e-01
6.737303733825683594e-01
6.739745140075683594e-01
6.742186546325683594e-01
6.744627952575683594e-01
6.747069358825683594e-01
6.749510765075683594e-01
6.751952171325683594e-01
6.754393577575683594e-01
6.756834983825683594e-01
6.759276390075683594e-01
6.761717796325683594e-01
6.764159202575683594e-01
6.766600608825683594e-01
6.769042015075683594e-01
6.771483421325683594e-01
6.773924827575683594e-01
6.776366233825683594e-01
6.778807640075683594e-01
6.781249046325683594e-01
6.783690452575683594e-01
6.786131858825683594e-01
6.788573265075683594e-01
6.791014671325683594e-01
6.793456077575683594e-01
6.795897483825683594e-01
6.798338890075683594e-01
6.800780296325683594e-01
6.803221702575683594e-01
6.805663108825683594e-01
6.808104515075683594e-01
6.810545921325683594e-01
6.812987327575683594e-01
6.815428733825683594e-01
6.817870140075683594e-01
6.820311546325683594e-01
6.822752952575683594e-01
6.825194358825683594e-01
6.827635765075683594e-01
6.830077171325683594e-01
6.832518577575683594e-01
6.834959983825683594e-01
6.837401390075683594e-01
6.839842796325683594e-01
6.842284202575683594e-01
6.844725608825683594e-01
6.847167015075683594e-01
6.849608421325683594e-01
6.852049827575683594e-01
6.854491233825683594e-01
6.856932640075683594e-01
6.859374046325683594e-01
6.861815452575683594e-01
6.864256858825683594e-01
6.866698265075683594e-01
6.869139671325683594e-01
6.871581077575683594e-01
6.874022483825683594e-01
6.876463890075683594e-01
6.878905296325683594e-01
6.881346702575683594e-01
6.883788108825683594e-01
6.886229515075683594e-01
6.888670921325683594e-01
6.891112327575683594e-01
6.893553733825683594e-01
6.895995140075683594e-01
6.898436546325683594e-01
6.900877952575683594e-01
6.903319358825683594e-01
6.905760765075683594e-01
6.908202171325683594e-01
6.910643577575683594e-01
6.913084983825683594e-01
6.915526390075683594e-01
6.917967796325683594e-01
6.920409202575683594e-01
6.922850608825683594e-01
6.925292015075683594e-01
6.927733421325683594e-01
6.930174827575683594e-01
6.932616233825683594e-01
6.935057640075683594e-01
6.937499046325683594e-01
6.939940452575683594e-01
6.942381858825683594e-01
6.944823265075683594e-01
6.947264671325683594e-01
6.949706077575683594e-01
6.952147483825683594e-01
6.954588890075683594e-01
6.957030296325683594e-01
6.959471702575683594e-01
6.961913108825683594e-01
6.964354515075683594e-01
6.966795921325683594e-01
6.969237327575683594e-01
6.971678733825683594e-01
6.974120140075683594e-01
6.976561546325683594e-01
6.979002952575683594e-01
6.981444358825683594e-01
6.983885765075683594e-01
6.986327171325683594e-01
6.988768577575683594e-01
6.991209983825683594e-01
6.993651390075683594e-01
6.996092796325683594e-01
6.998534202575683594e-01
7.000975608825683594e-01
7.003417015075683594e-01
7.005858421325683594e-01
7.008299827575683594e-01
7.010741233825683594e-01
7.013182640075683594e-01
7.015624046325683594e-01
7.018065452575683594e-01
7.020506858825683594e-01
7.022948265075683594e-01
7.025389671325683594e-01
7.027831077575683594e-01
7.030272483825683594e-01
7.032713890075683594e-01
7.035155296325683594e-01
7.037596702575683594e-01
7.040038108825683594e-01
7.042479515075683594e-01
7.044920921325683594e-01
7.047362327575683594e-01
7.049803733825683594e-01
7.052245140075683594e-01
7.054686546325683594e-01
7.057127952575683594e-01
7.059569358825683594e-01
7.062010765075683594e-01
7.064452171325683594e-01
7.066893577575683594e-01
7.069334983825683594e-01
7.071776390075683594e-01
7.074217796325683594e-01
7.076659202575683594e-01
7.079100608825683594e-01
7.081542015075683594e-01
7.083983421325683594e-01
7.086424827575683594e-01
7.088866233825683594e-01
7.091307640075683594e-01
7.093749046325683594e-01
7.096190452575683594e-01
7.098631858825683594e-01
7.101073265075683594e-01
7.103514671325683594e-01
7.105956077575683594e-01
7.108397483825683594e-01
7.110838890075683594e-01
7.113280296325683594e-01
7.115721702575683594e-01
7.118163108825683594e-01
7.120604515075683594e-01
7.123045921325683594e-01
7.125487327575683594e-01
7.127928733825683594e-01
7.130370140075683594e-01
7.132811546325683594e-01
7.135252952575683594e-01
7.137694358825683594e-01
7.140135765075683594e-01
7.142577171325683594e-01
7.145018577575683594e-01
7.147459983825683594e-01
7.149901390075683594e-01
7.152342796325683594e-01
7.154784202575683594e-01
7.157225608825683594e-01
7.159667015075683594e-01
7.162108421325683594e-01
7.164549827575683594e-01
7.166991233825683594e-01
7.169432640075683594e-01
7.171874046325683594e-01
7.174315452575683594e-01
7.176756858825683594e-01
7.179198265075683594e-01
7.181639671325683594e-01
7.184081077575683594e-01
7.186522483825683594e-01
7.188963890075683594e-01
7.191405296325683594e-01
7.193846702575683594e-01
7.196288108825683594e-01
7.198729515075683594e-01
7.201170921325683594e-01
7.203612327575683594e-01
7.206053733825683594e-01
7.208495140075683594e-01
7.210936546325683594e-01
7.213377952575683594e-01
7.215819358825683594e-01
7.218260765075683594e-01
7.220702171325683594e-01
7.223143577575683594e-01
7.225584983825683594e-01
7.228026390075683594e-01
7.230467796325683594e-01
7.232909202575683594e-01
7.235350608825683594e-01
7.237792015075683594e-01
7.240233421325683594e-01
7.242674827575683594e-01
7.245116233825683594e-01
7.247557640075683594e-01
7.249999046325683594e-01
7.252440452575683594e-01
7.254881858825683594e-01
7.257323265075683594e-01
7.259764671325683594e-01
7.262206077575683594e-01
7.264647483825683594e-01
7.267088890075683594e-01
7.269530296325683594e-01
7.271971702575683594e-01
7.274413108825683594e-01
7.276854515075683594e-01
7.279295921325683594e-01
7.281737327575683594e-01
7.284178733825683594e-01
7.286620140075683594e-01
7.289061546325683594e-01
7.291502952575683594e-01
7.293944358825683594e-01
7.296385765075683594e-01
7.298827171325683594e-01
7.301268577575683594e-01
7.303709983825683594e-01
7.306151390075683594e-01
7.308592796325683594e-01
7.311034202575683594e-01
7.313475608825683594e-01
7.315917015075683594e-01
7.318358421325683594e-01
7.320799827575683594e-01
7.323241233825683594e-01
7.325682640075683594e-01
7.328124046325683594e-01
7.330565452575683594e-01
7.333006858825683594e-01
7.335448265075683594e-01
7.337889671325683594e-01
7.340331077575683594e-01
7.342772483825683594e-01
7.345213890075683594e-01
7.347655296325683594e-01
7.350096702575683594e-01
7.352538108825683594e-01
7.354979515075683594e-01
7.357420921325683594e-01
7.359862327575683594e-01
7.362303733825683594e-01
7.364745140075683594e-01
7.367186546325683594e-01
7.369627952575683594e-01
7.372069358825683594e-01
7.374510765075683594e-01
7.376952171325683594e-01
7.379393577575683594e-01
7.381834983825683594e-01
7.384276390075683594e-01
7.386717796325683594e-01
7.389159202575683594e-01
7.391600608825683594e-01
7.394042015075683594e-01
7.396483421325683594e-01
7.398924827575683594e-01
7.401366233825683594e-01
7.403807640075683594e-01
7.406249046325683594e-01
7.408690452575683594e-01
7.411131858825683594e-01
7.413573265075683594e-01
7.416014671325683594e-01
7.418456077575683594e-01
7.420897483825683594e-01
7.423338890075683594e-01
7.425780296325683594e-01
7.428221702575683594e-01
7.430663108825683594e-01
7.433104515075683594e-01
7.435545921325683594e-01
7.437987327575683594e-01
7.440428733825683594e-01
7.442870140075683594e-01
7.445311546325683594e-01
7.447752952575683594e-01
7.450194358825683594e-01
7.452635765075683594e-01
7.455077171325683594e-01
7.457518577575683594e-01
7.459959983825683594e-01
7.462401390075683594e-01
7.464842796325683594e-01
7.467284202575683594e-01
7.469725608825683594e-01
7.472167015075683594e-01
7.474608421325683594e-01
7.477049827575683594e-01
7.479491233825683594e-01
7.481932640075683594e-01
7.484374046325683594e-01
7.486815452575683594e-01
7.489256858825683594e-01
7.491698265075683594e-01
7.494139671325683594e-01
7.496581077575683594e-01
7.499022483825683594e-01
7.501463890075683594e-01
7.503905296325683594e-01
7.506346702575683594e-01
7.508788108825683594e-01
7.511229515075683594e-01
7.513670921325683594e-01
7.516112327575683594e-01
7.518553733825683594e-01
7.520995140075683594e-01
7.523436546325683594e-01
7.525877952575683594e-01
7.528319358825683594e-01
7.530760765075683594e-01
7.533202171325683594e-01
7.535643577575683594e-01
7.538084983825683594e-01
7.540526390075683594e-01
7.542967796325683594e-01
7.545409202575683594e-01
7.547850608825683594e-01
7.550292015075683594e-01
7.552733421325683594e-01
7.555174827575683594e-01
7.557616233825683594e-01
7.560057640075683594e-01
7.562499046325683594e-01
7.564940452575683594e-01
7.567381858825683594e-01
7.569823265075683594e-01
7.572264671325683594e-01
7.574706077575683594e-01
7.577147483825683594e-01
7.579588890075683594e-01
7.582030296325683594e-01
7.584471702575683594e-01
7.586913108825683594e-01
7.589354515075683594e-01
7.591795921325683594e-01
7.594237327575683594e-01
7.596678733825683594e-01
7.599120140075683594e-01
7.601561546325683594e-01
7.604002952575683594e-01
7.606444358825683594e-01
7.608885765075683594e-01
7.611327171325683594e-01
7.613768577575683594e-01
7.616209983825683594e-01
7.618651390075683594e-01
7.621092796325683594e-01
7.623534202575683594e-01
7.625975608825683594e-01
7.628417015075683594e-01
7.630858421325683594e-01
7.633299827575683594e-01
7.635741233825683594e-01
7.638182640075683594e-01
7.640624046325683594e-01
7.643065452575683594e-01
7.645506858825683594e-01
7.647948265075683594e-01
7.650389671325683594e-01
7.652831077575683594e-01
7.655272483825683594e-01
7.657713890075683594e-01
7.660155296325683594e-01
7.662596702575683594e-01
7.665038108825683594e-01
7.667479515075683594e-01
7.669920921325683594e-01
7.672362327575683594e-01
7.674803733825683594e-01
7.677245140075683594e-01
7.679686546325683594e-01
7.682127952575683594e-01
7.684569358825683594e-01
7.687010765075683594e-01
7.689452171325683594e-01
7.691893577575683594e-01
7.694334983825683594e-01
7.696776390075683594e-01
7.699217796325683594e-01
7.701659202575683594e-01
7.704100608825683594e-01
7.706542015075683594e-01
7.708983421325683594e-01
7.711424827575683594e-01
7.713866233825683594e-01
7.716307640075683594e-01
7.718749046325683594e-01
7.721190452575683594e-01
7.723631858825683594e-01
7.726073265075683594e-01
7.728514671325683594e-01
7.730956077575683594e-01
7.733397483825683594e-01
7.735838890075683594e-01
7.738280296325683594e-01
7.740721702575683594e-01
7.743163108825683594e-01
7.745604515075683594e-01
7.748045921325683594e-01
7.750487327575683594e-01
7.752928733825683594e-01
7.755370140075683594e-01
7.757811546325683594e-01
7.760252952575683594e-01
7.762694358825683594e-01
7.765135765075683594e-01
7.767577171325683594e-01
7.770018577575683594e-01
7.772459983825683594e-01
7.774901390075683594e-01
7.777342796325683594e-01
7.779784202575683594e-01
7.782225608825683594e-01
7.784667015075683594e-01
7.787108421325683594e-01
7.789549827575683594e-01
7.791991233825683594e-01
7.794432640075683594e-01
7.796874046325683594e-01
7.799315452575683594e-01
7.801756858825683594e-01
7.804198265075683594e-01
7.806639671325683594e-01
7.809081077575683594e-01
7.811522483825683594e-01
7.813963890075683594e-01
7.816405296325683594e-01
7.818846702575683594e-01
7.821288108825683594e-01
7.823729515075683594e-01
7.826170921325683594e-01
7.828612327575683594e-01
7.831053733825683594e-01
7.833495140075683594e-01
7.835936546325683594e-01
7.838377952575683594e-01
7.840819358825683594e-01
7.843260765075683594e-01
7.845702171325683594e-01
7.848143577575683594e-01
7.850584983825683594e-01
7.853026390075683594e-01
7.855467796325683594e-01
7.857909202575683594e-01
7.860350608825683594e-01
7.862792015075683594e-01
7.865233421325683594e-01
7.867674827575683594e-01
7.870116233825683594e-01
7.872557640075683594e-01
7.874999046325683594e-01
7.877440452575683594e-01
7.879881858825683594e-01
7.882323265075683594e-01
7.884764671325683594e-01
7.887206077575683594e-01
7.889647483825683594e-01
7.892088890075683594e-01
7.894530296325683594e-01
7.896971702575683594e-01
7.899413108825683594e-01
7.901854515075683594e-01
7.904295921325683594e-01
7.906737327575683594e-01
7.909178733825683594e-01
7.911620140075683594e-01
7.914061546325683594e-01
7.916502952575683594e-01
7.918944358825683594e-01
7.921385765075683594e-01
7.923827171325683594e-01
7.926268577575683594e-01
7.928709983825683594e-01
7.931151390075683594e-01
7.933592796325683594e-01
7.936034202575683594e-01
7.938475608825683594e-01
7.940917015075683594e-01
7.943358421325683594e-01
7.945799827575683594e-01
7.948241233825683594e-01
7.950682640075683594e-01
7.953124046325683594e-01
7.955565452575683594e-01
7.958006858825683594e-01
7.960448265075683594e-01
7.962889671325683594e-01
7.965331077575683594e-01
7.967772483825683594e-01
7.970213890075683594e-01
7.972655296325683594e-01
7.975096702575683594e-01
7.977538108825683594e-01
7.979979515075683594e-01
7.982420921325683594e-01
7.984862327575683594e-01
7.987303733825683594e-01
7.989745140075683594e-01
7.992186546325683594e-01
7.994627952575683594e-01
7.997069358825683594e-01
7.999510765075683594e-01
8.001952171325683594e-01
8.004393577575683594e-01
8.006834983825683594e-01
8.009276390075683594e-01
8.011717796325683594e-01
8.014159202575683594e-01
8.016600608825683594e-01
8.019042015075683594e-01
8.021483421325683594e-01
8.023924827575683594e-01
8.026366233825683594e-01
8.028807640075683594e-01
8.031249046325683594e-01
8.033690452575683594e-01
8.036131858825683594e-01
8.038573265075683594e-01
8.041014671325683594e-01
8.043456077575683594e-01
8.045897483825683594e-01
8.048338890075683594e-01
8.050780296325683594e-01
8.053221702575683594e-01
8.055663108825683594e-01
8.058104515075683594e-01
8.060545921325683594e-01
8.062987327575683594e-01
8.065428733825683594e-01
8.067870140075683594e-01
8.070311546325683594e-01
8.072752952575683594e-01
8.075194358825683594e-01
8.077635765075683594e-01
8.080077171325683594e-01
8.082518577575683594e-01
8.084959983825683594e-01
8.087401390075683594e-01
8.089842796325683594e-01
8.092284202575683594e-01
8.094725608825683594e-01
8.097167015075683594e-01
8.099608421325683594e-01
8.102049827575683594e-01
8.104491233825683594e-01
8.106932640075683594e-01
8.109374046325683594e-01
8.111815452575683594e-01
8.114256858825683594e-01
8.116698265075683594e-01
8.119139671325683594e-01
8.121581077575683594e-01
8.124022483825683594e-01
8.126463890075683594e-01
8.128905296325683594e-01
8.131346702575683594e-01
8.133788108825683594e-01
8.136229515075683594e-01
8.138670921325683594e-01
8.141112327575683594e-01
8.143553733825683594e-01
8.145995140075683594e-01
8.148436546325683594e-01
8.150877952575683594e-01
8.153319358825683594e-01
8.155760765075683594e-01
8.158202171325683594e-01
8.160643577575683594e-01
8.163084983825683594e-01
8.165526390075683594e-01
8.167967796325683594e-01
8.170409202575683594e-01
8.172850608825683594e-01
8.175292015075683594e-01
8.177733421325683594e-01
8.180174827575683594e-01
8.182616233825683594e-01
8.185057640075683594e-01
8.187499046325683594e-01
8.189940452575683594e-01
8.192381858825683594e-01
8.194823265075683594e-01
8.197264671325683594e-01
8.199706077575683594e-01
8.202147483825683594e-01
8.204588890075683594e-01
8.207030296325683594e-01
8.209471702575683594e-01
8.211913108825683594e-01
8.214354515075683594e-01
8.216795921325683594e-01
8.219237327575683594e-01
8.221678733825683594e-01
8.224120140075683594e-01
8.226561546325683594e-01
8.229002952575683594e-01
8.231444358825683594e-01
8.233885765075683594e-01
8.236327171325683594e-01
8.238768577575683594e-01
8.241209983825683594e-01
8.243651390075683594e-01
8.246092796325683594e-01
8.248534202575683594e-01
8.250975608825683594e-01
8.253417015075683594e-01
8.255858421325683594e-01
8.258299827575683594e-01
8.260741233825683594e-01
8.263182640075683594e-01
8.265624046325683594e-01
8.268065452575683594e-01
8.270506858825683594e-01
8.272948265075683594e-01
8.275389671325683594e-01
8.277831077575683594e-01
8.280272483825683594e-01
8.282713890075683594e-01
8.285155296325683594e-01
8.287596702575683594e-01
8.290038108825683594e-01
8.292479515075683594e-01
8.294920921325683594e-01
8.297362327575683594e-01
8.299803733825683594e-01
8.302245140075683594e-01
8.304686546325683594e-01
8.307127952575683594e-01
8.309569358825683594e-01
8.312010765075683594e-01
8.314452171325683594e-01
8.316893577575683594e-01
8.319334983825683594e-01
8.321776390075683594e-01
8.324217796325683594e-01
8.326659202575683594e-01
8.329100608825683594e-01
8.331542015075683594e-01
8.333983421325683594e-01
8.336424827575683594e-01
8.338866233825683594e-01
8.341307640075683594e-01
8.343749046325683594e-01
8.346190452575683594e-01
8.348631858825683594e-01
8.351073265075683594e-01
8.353514671325683594e-01
8.355956077575683594e-01
8.358397483825683594e-01
8.360838890075683594e-01
8.363280296325683594e-01
8.365721702575683594e-01
8.368163108825683594e-01
8.370604515075683594e-01
8.373045921325683594e-01
8.375487327575683594e-01
8.377928733825683594e-01
8.380370140075683594e-01
8.382811546325683594e-01
8.385252952575683594e-01
8.387694358825683594e-01
8.390135765075683594e-01
8.392577171325683594e-01
8.395018577575683594e-01
8.397459983825683594e-01
8.399901390075683594e-01
8.402342796325683594e-01
8.404784202575683594e-01
8.407225608825683594e-01
8.409667015075683594e-01
8.412108421325683594e-01
8.414549827575683594e-01
8.416991233825683594e-01
8.419432640075683594e-01
8.421874046325683594e-01
8.424315452575683594e-01
8.426756858825683594e-01
8.429198265075683594e-01
8.431639671325683594e-01
8.434081077575683594e-01
8.436522483825683594e-01
8.438963890075683594e-01
8.441405296325683594e-01
8.443846702575683594e-01
8.446288108825683594e-01
8.448729515075683594e-01
8.451170921325683594e-01
8.453612327575683594e-01
8.456053733825683594e-01
8.458495140075683594e-01
8.460936546325683594e-01
8.463377952575683594e-01
8.465819358825683594e-01
8.468260765075683594e-01
8.470702171325683594e-01
8.473143577575683594e-01
8.475584983825683594e-01
8.478026390075683594e-01
8.480467796325683594e-01
8.482909202575683594e-01
8.485350608825683594e-01
8.487792015075683594e-01
8.490233421325683594e-01
8.492674827575683594e-01
8.495116233825683594e-01
8.497557640075683594e-01
8.499999046325683594e-01
8.502440452575683594e-01
8.504881858825683594e-01
8.507323265075683594e-01
8.509764671325683594e-01
8.512206077575683594e-01
8.514647483825683594e-01
8.517088890075683594e-01
8.519530296325683594e-01
8.521971702575683594e-01
8.524413108825683594e-01
8.526854515075683594e-01
8.529295921325683594e-01
8.531737327575683594e-01
8.534178733825683594e-01
8.536620140075683594e-01
8.539061546325683594e-01
8.541502952575683594e-01
8.543944358825683594e-01
8.546385765075683594e-01
8.548827171325683594e-01
8.551268577575683594e-01
8.553709983825683594e-01
8.556151390075683594e-01
8.558592796325683594e-01
8.561034202575683594e-01
8.563475608825683594e-01
8.565917015075683594e-01
8.568358421325683594e-01
8.570799827575683594e-01
8.573241233825683594e-01
8.575682640075683594e-01
8.578124046325683594e-01
8.580565452575683594e-01
8.583006858825683594e-01
8.585448265075683594e-01
8.587889671325683594e-01
8.590331077575683594e-01
8.592772483825683594e-01
8.595213890075683594e-01
8.597655296325683594e-01
8.600096702575683594e-01
8.602538108825683594e-01
8.604979515075683594e-01
8.607420921325683594e-01
8.609862327575683594e-01
8.612303733825683594e-01
8.614745140075683594e-01
8.617186546325683594e-01
8.619627952575683594e-01
8.622069358825683594e-01
8.624510765075683594e-01
8.626952171325683594e-01
8.629393577575683594e-01
8.631834983825683594e-01
8.634276390075683594e-01
8.636717796325683594e-01
8.639159202575683594e-01
8.641600608825683594e-01
8.644042015075683594e-01
8.646483421325683594e-01
8.648924827575683594e-01
8.651366233825683594e-01
8.653807640075683594e-01
8.656249046325683594e-01
8.658690452575683594e-01
8.661131858825683594e-01
8.663573265075683594e-01
8.666014671325683594e-01
8.668456077575683594e-01
8.670897483825683594e-01
8.673338890075683594e-01
8.675780296325683594e-01
8.678221702575683594e-01
8.680663108825683594e-01
8.683104515075683594e-01
8.685545921325683594e-01
8.687987327575683594e-01
8.690428733825683594e-01
8.692870140075683594e-01
8.695311546325683594e-01
8.697752952575683594e-01
8.700194358825683594e-01
8.702635765075683594e-01
8.705077171325683594e-01
8.707518577575683594e-01
8.709959983825683594e-01
8.712401390075683594e-01
8.714842796325683594e-01
8.717284202575683594e-01
8.719725608825683594e-01
8.722167015075683594e-01
8.724608421325683594e-01
8.727049827575683594e-01
8.729491233825683594e-01
8.731932640075683594e-01
8.734374046325683594e-01
8.736815452575683594e-01
8.739256858825683594e-01
8.741698265075683594e-01
8.744139671325683594e-01
8.746581077575683594e-01
8.749022483825683594e-01
8.751463890075683594e-01
8.753905296325683594e-01
8.756346702575683594e-01
8.758788108825683594e-01
8.761229515075683594e-01
8.763670921325683594e-01
8.766112327575683594e-01
8.768553733825683594e-01
8.770995140075683594e-01
8.773436546325683594e-01
8.775877952575683594e-01
8.778319358825683594e-01
8.780760765075683594e-01
8.783202171325683594e-01
8.785643577575683594e-01
8.788084983825683594e-01
8.790526390075683594e-01
8.792967796325683594e-01
8.795409202575683594e-01
8.797850608825683594e-01
8.800292015075683594e-01
8.802733421325683594e-01
8.805174827575683594e-01
8.807616233825683594e-01
8.810057640075683594e-01
8.812499046325683594e-01
8.814940452575683594e-01
8.817381858825683594e-01
8.819823265075683594e-01
8.822264671325683594e-01
8.824706077575683594e-01
8.827147483825683594e-01
8.829588890075683594e-01
8.832030296325683594e-01
8.834471702575683594e-01
8.836913108825683594e-01
8.839354515075683594e-01
8.841795921325683594e-01
8.844237327575683594e-01
8.846678733825683594e-01
8.849120140075683594e-01
8.851561546325683594e-01
8.854002952575683594e-01
8.856444358825683594e-01
8.858885765075683594e-01
8.861327171325683594e-01
8.863768577575683594e-01
8.866209983825683594e-01
8.868651390075683594e-01
8.871092796325683594e-01
8.873534202575683594e-01
8.875975608825683594e-01
8.878417015075683594e-01
8.880858421325683594e-01
8.883299827575683594e-01
8.885741233825683594e-01
8.888182640075683594e-01
8.890624046325683594e-01
8.893065452575683594e-01
8.895506858825683594e-01
8.897948265075683594e-01
8.900389671325683594e-01
8.902831077575683594e-01
8.905272483825683594e-01
8.907713890075683594e-01
8.910155296325683594e-01
8.912596702575683594e-01
8.915038108825683594e-01
8.917479515075683594e-01
8.919920921325683594e-01
8.922362327575683594e-01
8.924803733825683594e-01
8.927245140075683594e-01
8.929686546325683594e-01
8.932127952575683594e-01
8.934569358825683594e-01
8.937010765075683594e-01
8.939452171325683594e-01
8.941893577575683594e-01
8.944334983825683594e-01
8.946776390075683594e-01
8.949217796325683594e-01
8.951659202575683594e-01
8.954100608825683594e-01
8.956542015075683594e-01
8.958983421325683594e-01
8.961424827575683594e-01
8.963866233825683594e-01
8.966307640075683594e-01
8.968749046325683594e-01
8.971190452575683594e-01
8.973631858825683594e-01
8.976073265075683594e-01
8.978514671325683594e-01
8.980956077575683594e-01
8.983397483825683594e-01
8.985838890075683594e-01
8.988280296325683594e-01
8.990721702575683594e-01
8.993163108825683594e-01
8.995604515075683594e-01
8.998045921325683594e-01
9.000487327575683594e-01
9.002928733825683594e-01
9.005370140075683594e-01
9.007811546325683594e-01
9.010252952575683594e-01
9.012694358825683594e-01
9.015135765075683594e-01
9.017577171325683594e-01
9.020018577575683594e-01
9.022459983825683594e-01
9.024901390075683594e-01
9.027342796325683594e-01
9.029784202575683594e-01
9.032225608825683594e-01
9.034667015075683594e-01
9.037108421325683594e-01
9.039549827575683594e-01
9.041991233825683594e-01
9.044432640075683594e-01
9.046874046325683594e-01
9.049315452575683594e-01
9.051756858825683594e-01
9.054198265075683594e-01
9.056639671325683594e-01
9.059081077575683594e-01
9.061522483825683594e-01
9.063963890075683594e-01
9.066405296325683594e-01
9.068846702575683594e-01
9.071288108825683594e-01
9.073729515075683594e-01
9.076170921325683594e-01
9.078612327575683594e-01
9.081053733825683594e-01
9.083495140075683594e-01
9.085936546325683594e-01
9.088377952575683594e-01
9.090819358825683594e-01
9.093260765075683594e-01
9.095702171325683594e-01
9.098143577575683594e-01
9.100584983825683594e-01
9.103026390075683594e-01
9.105467796325683594e-01
9.107909202575683594e-01
9.110350608825683594e-01
9.112792015075683594e-01
9.115233421325683594e-01
9.117674827575683594e-01
9.120116233825683594e-01
9.122557640075683594e-01
9.124999046325683594e-01
9.127440452575683594e-01
9.129881858825683594e-01
9.132323265075683594e-01
9.134764671325683594e-01
9.137206077575683594e-01
9.139647483825683594e-01
9.142088890075683594e-01
9.144530296325683594e-01
9.146971702575683594e-01
9.149413108825683594e-01
9.151854515075683594e-01
9.154295921325683594e-01
9.156737327575683594e-01
9.159178733825683594e-01
9.161620140075683594e-01
9.164061546325683594e-01
9.166502952575683594e-01
9.168944358825683594e-01
9.171385765075683594e-01
9.173827171325683594e-01
9.176268577575683594e-01
9.178709983825683594e-01
9.181151390075683594e-01
9.183592796325683594e-01
9.186034202575683594e-01
9.188475608825683594e-01
9.190917015075683594e-01
9.193358421325683594e-01
9.195799827575683594e-01
9.198241233825683594e-01
9.200682640075683594e-01
9.203124046325683594e-01
9.205565452575683594e-01
9.208006858825683594e-01
9.210448265075683594e-01
9.212889671325683594e-01
9.215331077575683594e-01
9.217772483825683594e-01
9.220213890075683594e-01
9.222655296325683594e-01
9.225096702575683594e-01
9.227538108825683594e-01
9.229979515075683594e-01
9.232420921325683594e-01
9.234862327575683594e-01
9.237303733825683594e-01
9.239745140075683594e-01
9.242186546325683594e-01
9.244627952575683594e-01
9.247069358825683594e-01
9.249510765075683594e-01
9.251952171325683594e-01
9.254393577575683594e-01
9.256834983825683594e-01
9.259276390075683594e-01
9.261717796325683594e-01
9.264159202575683594e-01
9.266600608825683594e-01
9.269042015075683594e-01
9.271483421325683594e-01
9.273924827575683594e-01
9.276366233825683594e-01
9.278807640075683594e-01
9.281249046325683594e-01
9.283690452575683594e-01
9.286131858825683594e-01
9.288573265075683594e-01
9.291014671325683594e-01
9.293456077575683594e-01
9.295897483825683594e-01
9.298338890075683594e-01
9.300780296325683594e-01
9.303221702575683594e-01
9.305663108825683594e-01
9.308104515075683594e-01
9.310545921325683594e-01
9.312987327575683594e-01
9.315428733825683594e-01
9.317870140075683594e-01
9.320311546325683594e-01
9.322752952575683594e-01
9.325194358825683594e-01
9.327635765075683594e-01
9.330077171325683594e-01
9.332518577575683594e-01
9.334959983825683594e-01
9.337401390075683594e-01
9.339842796325683594e-01
9.342284202575683594e-01
9.344725608825683594e-01
9.347167015075683594e-01
9.349608421325683594e-01
9.352049827575683594e-01
9.354491233825683594e-01
9.356932640075683594e-01
9.359374046325683594e-01
9.361815452575683594e-01
9.364256858825683594e-01
9.366698265075683594e-01
9.369139671325683594e-01
9.371581077575683594e-01
9.374022483825683594e-01
9.376463890075683594e-01
9.378905296325683594e-01
9.381346702575683594e-01
9.383788108825683594e-01
9.386229515075683594e-01
9.388670921325683594e-01
9.391112327575683594e-01
9.393553733825683594e-01
9.395995140075683594e-01
9.398436546325683594e-01
9.400877952575683594e-01
9.403319358825683594e-01
9.405760765075683594e-01
9.408202171325683594e-01
9.410643577575683594e-01
9.413084983825683594e-01
9.415526390075683594e-01
9.417967796325683594e-01
9.420409202575683594e-01
9.422850608825683594e-01
9.425292015075683594e-01
9.427733421325683594e-01
9.430174827575683594e-01
9.432616233825683594e-01
9.435057640075683594e-01
9.437499046325683594e-01
9.439940452575683594e-01
9.442381858825683594e-01
9.444823265075683594e-01
9.447264671325683594e-01
9.449706077575683594e-01
9.452147483825683594e-01
9.454588890075683594e-01
9.457030296325683594e-01
9.459471702575683594e-01
9.461913108825683594e-01
9.464354515075683594e-01
9.466795921325683594e-01
9.469237327575683594e-01
9.471678733825683594e-01
9.474120140075683594e-01
9.476561546325683594e-01
9.479002952575683594e-01
9.481444358825683594e-01
9.483885765075683594e-01
9.486327171325683594e-01
9.488768577575683594e-01
9.491209983825683594e-01
9.493651390075683594e-01
9.496092796325683594e-01
9.498534202575683594e-01
9.500975608825683594e-01
9.503417015075683594e-01
9.505858421325683594e-01
9.508299827575683594e-01
9.510741233825683594e-01
9.513182640075683594e-01
9.515624046325683594e-01
9.518065452575683594e-01
9.520506858825683594e-01
9.522948265075683594e-01
9.525389671325683594e-01
9.527831077575683594e-01
9.530272483825683594e-01
9.532713890075683594e-01
9.535155296325683594e-01
9.537596702575683594e-01
9.540038108825683594e-01
9.542479515075683594e-01
9.544920921325683594e-01
9.547362327575683594e-01
9.549803733825683594e-01
9.552245140075683594e-01
9.554686546325683594e-01
9.557127952575683594e-01
9.559569358825683594e-01
9.562010765075683594e-01
9.564452171325683594e-01
9.566893577575683594e-01
9.569334983825683594e-01
9.571776390075683594e-01
9.574217796325683594e-01
9.576659202575683594e-01
9.579100608825683594e-01
9.581542015075683594e-01
9.583983421325683594e-01
9.586424827575683594e-01
9.588866233825683594e-01
9.591307640075683594e-01
9.593749046325683594e-01
9.596190452575683594e-01
9.598631858825683594e-01
9.601073265075683594e-01
9.603514671325683594e-01
9.605956077575683594e-01
9.608397483825683594e-01
9.610838890075683594e-01
9.613280296325683594e-01
9.615721702575683594e-01
9.618163108825683594e-01
9.620604515075683594e-01
9.623045921325683594e-01
9.625487327575683594e-01
9.627928733825683594e-01
9.630370140075683594e-01
9.632811546325683594e-01
9.635252952575683594e-01
9.637694358825683594e-01
9.640135765075683594e-01
9.642577171325683594e-01
9.645018577575683594e-01
9.647459983825683594e-01
9.649901390075683594e-01
9.652342796325683594e-01
9.654784202575683594e-01
9.657225608825683594e-01
9.659667015075683594e-01
9.662108421325683594e-01
9.664549827575683594e-01
9.666991233825683594e-01
9.669432640075683594e-01
9.671874046325683594e-01
9.674315452575683594e-01
9.676756858825683594e-01
9.679198265075683594e-01
9.681639671325683594e-01
9.684081077575683594e-01
9.686522483825683594e-01
9.688963890075683594e-01
9.691405296325683594e-01
9.693846702575683594e-01
9.696288108825683594e-01
9.698729515075683594e-01
9.701170921325683594e-01
9.703612327575683594e-01
9.706053733825683594e-01
9.708495140075683594e-01
9.710936546325683594e-01
9.713377952575683594e-01
9.715819358825683594e-01
9.718260765075683594e-01
9.720702171325683594e-01
9.723143577575683594e-01
9.725584983825683594e-01
9.728026390075683594e-01
9.730467796325683594e-01
9.732909202575683594e-01
9.735350608825683594e-01
9.737792015075683594e-01
9.740233421325683594e-01
9.742674827575683594e-01
9.745116233825683594e-01
9.747557640075683594e-01
9.749999046325683594e-01
9.752440452575683594e-01
9.754881858825683594e-01
9.757323265075683594e-01
9.759764671325683594e-01
9.762206077575683594e-01
9.764647483825683594e-01
9.767088890075683594e-01
9.769530296325683594e-01
9.771971702575683594e-01
9.774413108825683594e-01
9.776854515075683594e-01
9.779295921325683594e-01
9.781737327575683594e-01
9.784178733825683594e-01
9.786620140075683594e-01
9.789061546325683594e-01
9.791502952575683594e-01
9.793944358825683594e-01
9.796385765075683594e-01
9.798827171325683594e-01
9.801268577575683594e-01
9.803709983825683594e-01
9.806151390075683594e-01
9.808592796325683594e-01
9.811034202575683594e-01
9.813475608825683594e-01
9.815917015075683594e-01
9.818358421325683594e-01
9.820799827575683594e-01
9.823241233825683594e-01
9.825682640075683594e-01
9.828124046325683594e-01
9.830565452575683594e-01
9.833006858825683594e-01
9.835448265075683594e-01
9.837889671325683594e-01
9.840331077575683594e-01
9.842772483825683594e-01
9.845213890075683594e-01
9.847655296325683594e-01
9.850096702575683594e-01
9.852538108825683594e-01
9.854979515075683594e-01
9.857420921325683594e-01
9.859862327575683594e-01
9.862303733825683594e-01
9.864745140075683594e-01
9.867186546325683594e-01
9.869627952575683594e-01
9.872069358825683594e-01
9.874510765075683594e-01
9.876952171325683594e-01
9.879393577575683594e-01
9.881834983825683594e-01
9.884276390075683594e-01
9.886717796325683594e-01
9.889159202575683594e-01
9.891600608825683594e-01
9.894042015075683594e-01
9.896483421325683594e-01
9.898924827575683594e-01
9.901366233825683594e-01
9.903807640075683594e-01
9.906249046325683594e-01
9.908690452575683594e-01
9.911131858825683594e-01
9.913573265075683594e-01
9.916014671325683594e-01
9.918456077575683594e-01
9.920897483825683594e-01
9.923338890075683594e-01
9.925780296325683594e-01
9.928221702575683594e-01
9.930663108825683594e-01
9.933104515075683594e-01
9.935545921325683594e-01
9.937987327575683594e-01
9.940428733825683594e-01
9.942870140075683594e-01
9.945311546325683594e-01
9.947752952575683594e-01
9.950194358825683594e-01
9.952635765075683594e-01
9.955077171325683594e-01
9.957518577575683594e-01
9.959959983825683594e-01
9.962401390075683594e-01
9.964842796325683594e-01
9.967284202575683594e-01
9.969725608825683594e-01
9.972167015075683594e-01
9.974608421325683594e-01
9.977049827575683594e-01
9.979491233825683594e-01
9.981932640075683594e-01
9.984374046325683594e-01
9.986815452575683594e-01
9.989256858825683594e-01
9.991698265075683594e-01
9.994139671325683594e-01
9.996581077575683594e-01
9.999022483825683594e-01
