0.000000000000000000e+00
5.192214540142327028e-13
4.652729747735531241e-12
1.849648069476030677e-11
5.109190475467172621e-11
1.143818502692298073e-10
2.231813140763200723e-10
3.952548893382289084e-10
6.511374888000391467e-10
1.014219896173988995e-09
1.511385390069710675e-09
2.171812668822253908e-09
3.026836259840090426e-09
4.112248895175076789e-09
5.466447681154584368e-09
7.129027877715798441e-09
9.143706298549457437e-09
1.155782364817122529e-08
1.441969008486534258e-08
1.777881159662582051e-08
2.168726533703459104e-08
2.620101121435547246e-08
3.137916289398456383e-08
3.728435182290043026e-08
4.398288258178512869e-08
5.154358428029032386e-08
6.003553041756124781e-08
6.953084329498281248e-08
8.010278661176816042e-08
9.182325973843990973e-08
1.047649560558709132e-07
1.189958513411319889e-07
1.345802837175726158e-07
1.515826781189405102e-07
1.700808706295226993e-07
1.901712340882447307e-07
2.119513381517075697e-07
2.355118047018456522e-07
2.609415373245252381e-07
2.883240279384959092e-07
3.177477020429113493e-07
3.493139794580254730e-07
3.831239010321861617e-07
4.192921763465433041e-07
4.579509224207089339e-07
4.992222709230650815e-07
5.432054275281160824e-07
5.900013858126879952e-07
6.397207126681727842e-07
6.924680629564201755e-07
7.483748893474630501e-07
8.075929371209973931e-07
8.702747189198749603e-07
9.365757899992495430e-07
1.006633435404977121e-06
1.080578152097004567e-06
1.158551417102149275e-06
1.240724180287232768e-06
1.327273839912925389e-06
1.418352660815575685e-06
1.514087045295895662e-06
1.614599264120548719e-06
1.720001826861609222e-06
1.830374144022969094e-06
1.945802365673913888e-06
2.066389788272800555e-06
2.192212225896108910e-06
2.323332646412735759e-06
2.459812304486652081e-06
2.601715988945529311e-06
2.749121886145893433e-06
2.902098852319074973e-06
3.060681495259547496e-06
3.224904251381776907e-06
3.394827772928834344e-06
3.570447695211035350e-06
3.751762674233325957e-06
3.938820197123210030e-06
4.131673225919292842e-06
4.330497149184449908e-06
4.535428993638287873e-06
4.746422118737099050e-06
4.963486367606453767e-06
5.186605370233762697e-06
5.415690750545751155e-06
5.650629819036078112e-06
5.891270627977015337e-06
6.137471326353670625e-06
6.389039171785554500e-06
6.645766617219556335e-06
6.907601388254519954e-06
7.174598232183227872e-06
7.446782886694437813e-06
7.724154008569624274e-06
8.006567247039600497e-06
8.293986520302097621e-06
8.586461862673532447e-06
8.883828789937931974e-06
9.185991380431765178e-06
9.493160875025371672e-06
9.805478370920627898e-06
1.012299239641361916e-05
1.044580661777285211e-05
1.077394805929243838e-05
1.110745290540438000e-05
1.144637595356493426e-05
1.179066346422719886e-05
1.214025145694418903e-05
1.249507937006072839e-05
1.285511166104446649e-05
1.322046807174560393e-05
1.359118577094801986e-05
1.396727633786564577e-05
1.434872464829551539e-05
1.473536847980766465e-05
1.512713169439523782e-05
1.552406661166879631e-05
1.592611641987037995e-05
1.633318170904374437e-05
1.674495658688872183e-05
1.716116096821404267e-05
1.758177199278022153e-05
1.800672860714471390e-05
1.843604392422118471e-05
1.886994667099609513e-05
1.930861617380170842e-05
1.975187565167912097e-05
2.019952224824328197e-05
2.065143282712154154e-05
2.110739885639925978e-05
2.156719769547908920e-05
2.203057407181988734e-05
2.249713042389258391e-05
2.296668544594619116e-05
2.343955706340733878e-05
2.391627000106304123e-05
2.439706569749726099e-05
2.488200284904698706e-05
2.537132971586551265e-05
2.586525676378200316e-05
2.636408855853992328e-05
2.686822261349799636e-05
2.737778548919776614e-05
2.789264299249671672e-05
2.841283157564824445e-05
2.893862485754222398e-05
2.947006791204646715e-05
3.000685065128644074e-05
3.054858594645908391e-05
3.109486401487001668e-05
3.164531504099498630e-05
3.219957119635121894e-05
3.275752905644844945e-05
3.331932262139349196e-05
3.388466366777505610e-05
3.445341709044829671e-05
3.502586972967569357e-05
3.560225688158671030e-05
3.618236980604075685e-05
3.676572001157097904e-05
3.735170327386303646e-05
3.793978236838915330e-05
3.853005624573698238e-05
3.912263430494751769e-05
3.971710294162063374e-05
4.031334486327497286e-05
4.091149870929372545e-05
4.151121377989844280e-05
4.211215844377533149e-05
4.271454147974068893e-05
4.331856959160597847e-05
4.392432577051083608e-05
4.453194593665674725e-05
4.514143819411478288e-05
4.575231201545074681e-05
4.636404405937656810e-05
4.697645881183069676e-05
4.758873735358658052e-05
4.820020597722580769e-05
4.881103067466693933e-05
4.942090630654090124e-05
5.002930728872679737e-05
5.063657685887918076e-05
5.124293020374445030e-05
5.184803260659915860e-05
5.245175349663357356e-05
5.305402955797898642e-05
5.365515212864430410e-05
5.425605302415162855e-05
5.485728849499604034e-05
5.545842612782290478e-05
5.605912230124602782e-05
5.665893156079939824e-05
5.725741044331130738e-05
5.785508233897146413e-05
5.845220235009243359e-05
5.904827755481403318e-05
5.964361178446049171e-05
6.023868082555634731e-05
6.083351070336613078e-05
6.142831302757420715e-05
6.202404466433948877e-05
6.262192145069032229e-05
6.322249723393601748e-05
6.382639554528178540e-05
6.443409166472554694e-05
6.504586663268233603e-05
6.566143758361407180e-05
6.628041635088926695e-05
6.690307727662707967e-05
6.752997765166571546e-05
6.816159239218780763e-05
6.879861835674228954e-05
6.944204509513294014e-05
7.009179036596580731e-05
7.074674692031924475e-05
7.140626062523485428e-05
7.207042753933449455e-05
7.273959904555131895e-05
7.341435711925636603e-05
7.409568864862498298e-05
7.478518454121730534e-05
7.548365500313443583e-05
7.619100436032032165e-05
7.690733569126295514e-05
7.763201830538855473e-05
7.836380294289921691e-05
7.910153633622699076e-05
7.984469879068486575e-05
8.059317956478620948e-05
8.134699866547327827e-05
8.210647289617611911e-05
8.287152026693421611e-05
8.364235180998664328e-05
8.441983724130490993e-05
8.520365974689145380e-05
8.599282833596958526e-05
8.678754379473669234e-05
8.758842472296788457e-05
8.839549403574473738e-05
8.920799526343031966e-05
9.002548767892651783e-05
9.084884248114362653e-05
9.167858764693528905e-05
9.251453750980794617e-05
9.335686174415370163e-05
9.420533433583741371e-05
9.505966836443473266e-05
9.591982337174705889e-05
9.678608188674578839e-05
9.765920644732216328e-05
9.853981657974728785e-05
9.942856562322478211e-05
1.003263373337383231e-04
1.012335777614094728e-04
1.021499940545185503e-04
1.030760991443819814e-04
1.040126984141749291e-04
1.049597496638660142e-04
1.059172280180496685e-04
1.068844695199557806e-04
1.078604796584971937e-04
1.088441107801412080e-04
1.098335472311510222e-04
1.108273828212440122e-04
1.118247516311267830e-04
1.128250706907685513e-04
1.138279871516034811e-04
1.148335694983336535e-04
1.158420603381229459e-04
1.168534736205127233e-04
1.178681621662375819e-04
1.188876943463349335e-04
1.199147620676752036e-04
1.209505969092637966e-04
1.219949621844507648e-04
1.230479466248252281e-04
1.241096929176640433e-04
1.251800400182053743e-04
1.262583957212609317e-04
1.273432426167319114e-04
1.284322282761245313e-04
1.295236100248239896e-04
1.306152237854110959e-04
1.317048774160792300e-04
1.327905792489200774e-04
1.338708594697867534e-04
1.349462399085976454e-04
1.360177458253026628e-04
1.370869822704290527e-04
1.381556698603731380e-04
1.392244135400101451e-04
1.402933313806565511e-04
1.413637838856560201e-04
1.424376194860460434e-04
1.435158976087350449e-04
1.446001207838777365e-04
1.456910050059188953e-04
1.467881699284400983e-04
1.478915254097925886e-04
1.490004433462409751e-04
1.501129698926603143e-04
1.512285807767809115e-04
1.523482075430526619e-04
1.534715526213870139e-04
1.545989111375528971e-04
1.557311865713628142e-04
1.568679192171750479e-04
1.580085900514477610e-04
1.591542641297324641e-04
1.603056570238350681e-04
1.614622277036526930e-04
1.626231479450101429e-04
1.637885762333007921e-04
1.649587552976255111e-04
1.661331532640036510e-04
1.673110197561812672e-04
1.684907986158200213e-04
1.696712251789142610e-04
1.708508982043889372e-04
1.720292844596218215e-04
1.732073609603807635e-04
1.743861504156117494e-04
1.755666701092336386e-04
1.767502282368365891e-04
1.779379940596942605e-04
1.791294796435309057e-04
1.803227896069159160e-04
1.815150349614001615e-04
1.827031460211066261e-04
1.838859936770997016e-04
1.850631841070183540e-04
1.862332636291484363e-04
1.873954748661075403e-04
1.885496959917300826e-04
1.896954125688298811e-04
1.908338790323033617e-04
1.919669467609165568e-04
1.930945770253601832e-04
1.942145012754496237e-04
1.953240775407535782e-04
1.964217027163487424e-04
1.975069507166734260e-04
1.985796986839053521e-04
1.996385823806872697e-04
2.006823490063535623e-04
2.017108431438327108e-04
2.027257247488939635e-04
2.037292926271971460e-04
2.047236278881398085e-04
2.057101591980736493e-04
2.066896663516417515e-04
2.076630865497179341e-04
2.086285369126610956e-04
2.095844819121970421e-04
2.105306248491561460e-04
2.114664809882551091e-04
2.123926661672866664e-04
2.133081599327956563e-04
2.142099238588417317e-04
2.150955773551589342e-04
2.159657040242346721e-04
2.168215434600128484e-04
2.176613700200585270e-04
2.184823182660318691e-04
2.192852867311121052e-04
2.200737981104605517e-04
2.208509757217919653e-04
2.216187368583033557e-04
2.223772084432590205e-04
2.231260512722058325e-04
2.238656966756834635e-04
2.245955741410750556e-04
2.253157581762663911e-04
2.260277530149334036e-04
2.267316868850219054e-04
2.274253123633075409e-04
2.281081103895443263e-04
2.287813332675609585e-04
2.294435801475117281e-04
2.300925951502261039e-04
2.307258738227085384e-04
2.313424938028360459e-04
2.319427840192834784e-04
2.325274303244547044e-04
2.330965299290911066e-04
2.336491186299829244e-04
2.341845012144623691e-04
2.347016728789727840e-04
2.352012152059302654e-04
2.356836299271827492e-04
2.361481561048013567e-04
2.365963016021257028e-04
2.370290717568210087e-04
2.374443102406279319e-04
2.378392125609942213e-04
2.382119625841366936e-04
2.385629095067033731e-04
2.388919527585995543e-04
2.391986728079754931e-04
2.394842766826994968e-04
2.397489642087086939e-04
2.399912244396139478e-04
2.402112986022195509e-04
2.404108283036982918e-04
2.405896539321648029e-04
2.407470189638125395e-04
2.408833359061780940e-04
2.409988569821319314e-04
2.410957341907009192e-04
2.411766069109156307e-04
2.412433430891858395e-04
2.413001009672838878e-04
2.413475093534359127e-04
2.413837897833314696e-04
2.414096639092306164e-04
2.414255063509542756e-04
2.414319933720592655e-04
2.414317293905070445e-04
2.414284923038179033e-04
2.414235866127639480e-04
2.414163797592842344e-04
2.414080619725250969e-04
2.414005502986182644e-04
2.413955865428620657e-04
2.413927046104395431e-04
2.413917461030128748e-04
2.413939119556213274e-04
2.413994954226652916e-04
2.414089064348538284e-04
2.414213702243619823e-04
2.414356707927449127e-04
2.414515430043140962e-04
2.414689858592726350e-04
2.414884092100802796e-04
2.415099596653207017e-04
2.415335213551741945e-04
2.415571803095779694e-04
2.415793468822188166e-04
2.416013014400924305e-04
2.416233835775210648e-04
2.416457546541752991e-04
2.416690245888020703e-04
2.416946295146213733e-04
2.417246569661189487e-04
2.417602653117331029e-04
2.418027866725597761e-04
2.418527701329513629e-04
2.419081802049784507e-04
2.419692358359929330e-04
2.420367080792409367e-04
2.421088780923499374e-04
2.421856785386671885e-04
2.422696343043294191e-04
2.423651918771289600e-04
2.424767783668891317e-04
2.426058232478502737e-04
2.427513729647595611e-04
2.429134837509982537e-04
2.430940351712738664e-04
2.432959008392997289e-04
2.435190679976360429e-04
2.437628701973761406e-04
2.440288250864684966e-04
2.443177775984234487e-04
2.446289378818497008e-04
2.449618256580403928e-04
2.453153394387765844e-04
2.456883890386505611e-04
2.460831559909722774e-04
2.465021167717656027e-04
2.469454670739764887e-04
2.474129047424065584e-04
2.479051936104720343e-04
2.484228504188082777e-04
2.489646049446768818e-04
2.495295453198399186e-04
2.501189969428157557e-04
2.507355088262151342e-04
2.513795612438258619e-04
2.520509858783363528e-04
2.527512028246655979e-04
2.534816271215700138e-04
2.542438941481929039e-04
2.550395781162865952e-04
2.558702335956234233e-04
2.567378384499699809e-04
2.576452081321018621e-04
2.585943186448965586e-04
2.595867167673890038e-04
2.606234007871601074e-04
2.617041368604723639e-04
2.628298562942206029e-04
2.640028793246825098e-04
2.652266981132314193e-04
2.665032790083004784e-04
2.678327462015846466e-04
2.692152078418521850e-04
2.706522957650894724e-04
2.721461431399906572e-04
2.736964629529065095e-04
2.753009248526272859e-04
2.769584662615947094e-04
2.786693055338292460e-04
2.804317908150349699e-04
2.822456896534915739e-04
2.841115484131376875e-04
2.860301237042315887e-04
2.880034617465148847e-04
2.900341296067468250e-04
2.921257389297596783e-04
2.942814831772151132e-04
2.965016956718597579e-04
2.987837833767900881e-04
3.011251528641129297e-04
3.035251461255107446e-04
3.059835846846704855e-04
3.085001882838958706e-04
3.110754254570907403e-04
3.137105871988244798e-04
3.164069742515523498e-04
3.191665235764989559e-04
3.219917718690574267e-04
3.248851074410284223e-04
3.278482777849744349e-04
3.308821261783122182e-04
3.339881753235705093e-04
3.371682273525899282e-04
3.404234974632074171e-04
3.437532064201487964e-04
3.471555964422031685e-04
3.506301002961612371e-04
3.541763827784613714e-04
3.577957452397252896e-04
3.614891153984249139e-04
3.652571185558570427e-04
3.691016011095072649e-04
3.730247243612494338e-04
3.770274014351684662e-04
3.811092734675928899e-04
3.852715438101597363e-04
3.895138915476794011e-04
3.938353679068182234e-04
3.982371193711369602e-04
4.027202155566620041e-04
4.072850618226213099e-04
4.119306453504451427e-04
4.166548448973480200e-04
4.214571460548794269e-04
4.263385697764384970e-04
4.312966645422444873e-04
4.363306318588539945e-04
4.414423531411132006e-04
4.466316656986170667e-04
4.518987060708122257e-04
4.572412989500530757e-04
4.626560555755569433e-04
4.681412225139737070e-04
4.736964550318761239e-04
4.793206881556507206e-04
4.850137644579202646e-04
4.907765640155322545e-04
4.966115350145239955e-04
5.025219136089421022e-04
5.085099041894920301e-04
5.145751914656618731e-04
5.207181305644578836e-04
5.269420653904680757e-04
5.332467018343654960e-04
5.396292856526176823e-04
5.460896370480277555e-04
5.526277239226757990e-04
5.592427545905475413e-04
5.659319411652357929e-04
5.726905564876841066e-04
5.795171961702578686e-04
5.864110384074193959e-04
5.933715758802043981e-04
6.003974853722900129e-04
6.074852553966766282e-04
6.146313082207239317e-04
6.218323202118879352e-04
6.290868721790137449e-04
6.363944872001897840e-04
6.437553085298777312e-04
6.511724442135654461e-04
6.586478771065565991e-04
6.661757430961783109e-04
6.737506322916829654e-04
6.813719161393961762e-04
6.890402489459116582e-04
6.967534203011917877e-04
7.045056713632000776e-04
7.122966314610055128e-04
7.201287528043293995e-04
7.280022587866810495e-04
7.359149743260206362e-04
7.438608625128184876e-04
7.518340435901779608e-04
7.598340636787353835e-04
7.678620106028837119e-04
7.759152498238585001e-04
7.839888241153861789e-04
7.920831659345516475e-04
8.002001940092147696e-04
8.083380189704360329e-04
8.165000257562810655e-04
8.246887753263438875e-04
8.329018247551240456e-04
8.411394596802664785e-04
8.494004692557161453e-04
8.576777977292807933e-04
8.659689606032776408e-04
8.742796385013746523e-04
8.826148046193767584e-04
8.909707955387703195e-04
8.993421351756507526e-04
9.077297587180206163e-04
9.161378197266956212e-04
9.245674611815082921e-04
9.330129155023090442e-04
9.414715624045362843e-04
9.499459883000643985e-04
9.584370477602349205e-04
9.669457863088909162e-04
9.754765785245194916e-04
9.840340376777530120e-04
9.926197054722226635e-04
1.001234504659872637e-03
1.009877725239274838e-03
1.018545294917192921e-03
1.027230901549935687e-03
1.035929114754253512e-03
1.044636989165605590e-03
1.053350861239180005e-03
1.062071340994704197e-03
1.070802423890663277e-03
1.079541861669804136e-03
1.088284439627223207e-03
1.097027832304348473e-03
1.105771373825554897e-03
1.114516733154023677e-03
1.123266585248424093e-03
1.132021065232546994e-03
1.140776952276368900e-03
1.149530244259495829e-03
1.158271806480506072e-03
1.166991122834345378e-03
1.175683525225113685e-03
1.184349343633664614e-03
1.192994424531590610e-03
1.201624319543701707e-03
1.210237813274133009e-03
1.218835107872653662e-03
1.227410328006188359e-03
1.235952975315789733e-03
1.244466067118137498e-03
1.252955553275137118e-03
1.261419482585794628e-03
1.269850819131719587e-03
1.278245727748807950e-03
1.286596165755541981e-03
1.294891063923881867e-03
1.303126612136295366e-03
1.311304766446612672e-03
1.319431249384093920e-03
1.327505419519743254e-03
1.335521014662370163e-03
1.343473598350988091e-03
1.351362307409301839e-03
1.359189457185844318e-03
1.366950813476802001e-03
1.374632838418992200e-03
1.382228875690063750e-03
1.389745191328104791e-03
1.397179490600034468e-03
1.404519774537631854e-03
1.411759496335040403e-03
1.418892385552395288e-03
1.425908050430493151e-03
1.432793697009131966e-03
1.439540524527434728e-03
1.446139899373111506e-03
1.452592557895871156e-03
1.458901084961429680e-03
1.465059887318935668e-03
1.471066184986231885e-03
1.476913048673131985e-03
1.482585590310054116e-03
1.488068885618339674e-03
1.493357650523510554e-03
1.498452459073332244e-03
1.503348225549352470e-03
1.508039714138845796e-03
1.512540654541144310e-03
1.516869355431834255e-03
1.521031394314854152e-03
1.525023797143259304e-03
1.528844370170142491e-03
1.532496741535368428e-03
1.535986601484522814e-03
1.539314414071342495e-03
1.542477205289070029e-03
1.545473786890291541e-03
1.548302716406771244e-03
1.550957489060132829e-03
1.553435519282136750e-03
1.555745073677688604e-03
1.557895275483727957e-03
1.559879263058975120e-03
1.561681912126278897e-03
1.563291159459712434e-03
1.564709865252936639e-03
1.565952097255325984e-03
1.567024349338932325e-03
1.567929776406093738e-03
1.568667697567484613e-03
1.569238783790426152e-03
1.569639541705873578e-03
1.569864445284493331e-03
1.569913717876173908e-03
1.569787008489494486e-03
1.569484559251900545e-03
1.569009265553826223e-03
1.568367647627368165e-03
1.567568109534504600e-03
1.566613470384303677e-03
1.565506814377377312e-03
1.564242953480423715e-03
1.562814609014043015e-03
1.561227019467637022e-03
1.559481380561448388e-03
1.557557113661017225e-03
1.555430572708119000e-03
1.553098097301049314e-03
1.550554286019205927e-03
1.547785808794578059e-03
1.544795896566140839e-03
1.541602437905786709e-03
1.538218414215273243e-03
1.534651023465703930e-03
1.530901155756388349e-03
1.526962417864481496e-03
1.522829299140235435e-03
1.518501288356876363e-03
1.513983079453544650e-03
1.509268279820610284e-03
1.504355710812481763e-03
1.499255714593422315e-03
1.493967210885170779e-03
1.488487823242103970e-03
1.482816917054681841e-03
1.476954646791291690e-03
1.470910441395006886e-03
1.464700444867799919e-03
1.458330776622476267e-03
1.451794191872791051e-03
1.445089098094544736e-03
1.438220562076021397e-03
1.431183059264178568e-03
1.423970109628772303e-03
1.416588768252122600e-03
1.409042436937503213e-03
1.401341342928370121e-03
1.393498860807495555e-03
1.385506627986630686e-03
1.377359811071480469e-03
1.369064402498494301e-03
1.360631700810689378e-03
1.352083327040694456e-03
1.343435435008355321e-03
1.334686955793746308e-03
1.325833353169524878e-03
1.316872804318964477e-03
1.307811642919839415e-03
1.298667317362144904e-03
1.289454199804033335e-03
1.280165617770891075e-03
1.270796884796035952e-03
1.261353692426185613e-03
1.251833905272647365e-03
1.242244242123289287e-03
1.232591506051314463e-03
1.222877714406812389e-03
1.213106110451157805e-03
1.203274961227379864e-03
1.193394111873940198e-03
1.183478266222900456e-03
1.173531094230637842e-03
1.163550490854766079e-03
1.153532654597996115e-03
1.143480601635923910e-03
1.133399098974477914e-03
1.123280417280300529e-03
1.113115294998146378e-03
1.102899722274748757e-03
1.092635403608115249e-03
1.082326541657028900e-03
1.071972399537052777e-03
1.061577805741355110e-03
1.051148224267104466e-03
1.040687725267854229e-03
1.030201340128103537e-03
1.019692437076316540e-03
1.009155491453760361e-03
9.985772483008443536e-04
9.879557121786313855e-04
9.772918441640545545e-04
9.665851791648572694e-04
9.558376227054438123e-04
9.450567495111313271e-04
9.342558882593189010e-04
9.234476759841120938e-04
9.126382121969708362e-04
9.018305104990018530e-04
8.910330735729326363e-04
8.802494736275754674e-04
8.694844079585726431e-04
8.587473192232481867e-04
8.480392796127179380e-04
8.373576269768499402e-04
8.267095585406457163e-04
8.161068252027985992e-04
8.055529295325270824e-04
7.950510204196050952e-04
7.846101569636789634e-04
7.742322080762736826e-04
7.639133085805505053e-04
7.536574571093896443e-04
7.434745091680658273e-04
7.333638588955923489e-04
7.233226542742906542e-04
7.133544561591860815e-04
7.034592150441861544e-04
6.936341392311009798e-04
6.838777519043723677e-04
6.741934493866147404e-04
6.645876907213663998e-04
6.550662346424612151e-04
6.456278069215233778e-04
6.362713639665340971e-04
6.270020781951381747e-04
6.178252871494168894e-04
6.087500917389547820e-04
5.997865319554279966e-04
5.909364934419679720e-04
5.822014092756269167e-04
5.735834289928866923e-04
5.650818777689056759e-04
5.567016704891781164e-04
5.484495109707712354e-04
5.403274306744348682e-04
5.323336574011627636e-04
5.244617864468430245e-04
5.167042144161264469e-04
5.090572614740301871e-04
5.015218146081270451e-04
4.940982473792209471e-04
4.867885386758606875e-04
4.795936568910779373e-04
4.725115456629925496e-04
4.655412800856943635e-04
4.586838003152374070e-04
4.519421991145630983e-04
4.453207782742229798e-04
4.388224015390817232e-04
4.324429040842801548e-04
4.261802881876310557e-04
4.200376830258600500e-04
4.140140062475052094e-04
4.081034410860027301e-04
4.022974943808388664e-04
3.965908746105387735e-04
3.909878120726049369e-04
3.854887633614092059e-04
3.800884555670075633e-04
3.747853004265471757e-04
3.695818649777621160e-04
3.644835058997890473e-04
3.594940289715593340e-04
3.546153005224941162e-04
3.498471647164424982e-04
3.451864043178031263e-04
3.406298276621846726e-04
3.361764047041485449e-04
3.318251278430465892e-04
3.275730433153144455e-04
3.234192636323402707e-04
3.193691177156373251e-04
3.154265668941981949e-04
3.115895085513356740e-04
3.078557296255456360e-04
3.042300515058750376e-04
3.007195330130474548e-04
2.973223216755554793e-04
2.940325427304151949e-04
2.908504720318451386e-04
2.877757180970058918e-04
2.848053853763898792e-04
2.819394257956899788e-04
2.791764724570348780e-04
2.765162026448203373e-04
2.739612978928681708e-04
2.715117997496769610e-04
2.691672889567562612e-04
2.669271303387948523e-04
2.647889745809210238e-04
2.627539240466585904e-04
2.608216586242082880e-04
2.589895154841771502e-04
2.572618916878858576e-04
2.556425061964010827e-04
2.541314965953695858e-04
2.527293510570034936e-04
2.514331484691833618e-04
2.502380901117849622e-04
2.491423612756635134e-04
2.481474147020962793e-04
2.472604203173470769e-04
2.464902951066883603e-04
2.458431554201303084e-04
2.453241714778392501e-04
2.449334835958178716e-04
2.446611699203253901e-04
2.445017006594596464e-04
2.444605136387663943e-04
2.445356194917637570e-04
2.447176864171842501e-04
2.450019286465737094e-04
2.453879403445190623e-04
2.458743708751830333e-04
2.464597801223154133e-04
2.471443858655749293e-04
2.479286341013264209e-04
2.488070348536383994e-04
2.497729141209333471e-04
2.508245006075655696e-04
2.519637898016561096e-04
2.531946728453566219e-04
2.545188566349948912e-04
2.559318634207720399e-04
2.574318086640305634e-04
2.590225528376655399e-04
2.607031490028003198e-04
2.624687660756627803e-04
2.643134974618869116e-04
2.662307870014215009e-04
2.682158308341021794e-04
2.702704851515280813e-04
2.723935807941347425e-04
2.745793922496112113e-04
2.768297438084389153e-04
2.791466928439268976e-04
2.815323200584687424e-04
2.839910070318625991e-04
2.865161974285946917e-04
2.890980747774833616e-04
2.917375799383238469e-04
2.944406168548622540e-04
2.972030245479652844e-04
3.000114902264053524e-04
3.028596454328695803e-04
3.057491359265877102e-04
3.086799309113023794e-04
3.116514019784031209e-04
3.146683071687622580e-04
3.177328980349756874e-04
3.208445793972241884e-04
3.240011056628742600e-04
3.271996424111422086e-04
3.304373044322762572e-04
3.337126890825453164e-04
3.370284674645001731e-04
3.403866880857594622e-04
3.437863671759268207e-04
3.472225592690173315e-04
3.506925992847138634e-04
3.541960424501359984e-04
3.577322804057724774e-04
3.613017532261408177e-04
3.649035214571225171e-04
3.685325090813993515e-04
3.721804945680885811e-04
3.758448922616902752e-04
3.795254655224375158e-04
3.832226187817482370e-04
3.869413214116054138e-04
3.906873775604131319e-04
3.944660275569655534e-04
3.982793490510347389e-04
4.021217529814174194e-04
4.059891635483794752e-04
4.098822145530874581e-04
4.137986358810591229e-04
4.177343629044023929e-04
4.216846871624646488e-04
4.256529741505962316e-04
4.296455877113513570e-04
4.336641845498828089e-04
4.377145920528965808e-04
4.418080632384674368e-04
4.459487687375624236e-04
4.501279838985709964e-04
4.543390449687463389e-04
4.585842903794616859e-04
4.628686900966088322e-04
4.671947065253435872e-04
4.715617755147996832e-04
4.759638714504807163e-04
4.803903168934537792e-04
4.848372870362531711e-04
4.893039671658608140e-04
4.937829903862558717e-04
4.982692415070617137e-04
5.027585951006901480e-04
5.072449803725863999e-04
5.117266040537206710e-04
5.162045996198157474e-04
5.206830450403873017e-04
5.251677769154081956e-04
5.296609866342573067e-04
5.341589617670568007e-04
5.386546810452210420e-04
5.431387523170743900e-04
5.476098097531939763e-04
5.520742111980749250e-04
5.565326103338096323e-04
5.609817133394715861e-04
5.654246850308226749e-04
5.698705014314296800e-04
5.743252078861361357e-04
5.787909326584690433e-04
5.832718512300814374e-04
5.877709624447357162e-04
5.922868414871682767e-04
5.968240028818760836e-04
6.013914713847841277e-04
6.059966894807884653e-04
6.106463144932206986e-04
6.153429237789058599e-04
6.200856231924432166e-04
6.248743360157269422e-04
6.297107212951703068e-04
6.345928843507209205e-04
6.395197938456059642e-04
6.444975310514923375e-04
6.495329679376511201e-04
6.546210230090525415e-04
6.597535459598726990e-04
6.649262554515549114e-04
6.701359336031969009e-04
6.753812369922484885e-04
6.806566404190591158e-04
6.859582020304612294e-04
6.912890551546203334e-04
6.966551889613523335e-04
7.020536247998452250e-04
7.074758687532037597e-04
7.129176493324395746e-04
7.183735696668229519e-04
7.238271696878497297e-04
7.292552848287083044e-04
7.346489378490813444e-04
7.400090026921655236e-04
7.453265968105949072e-04
7.505898545486313668e-04
7.557957105731217965e-04
7.609403632955189824e-04
7.660206878208985050e-04
7.710384466154314182e-04
7.759817520173145459e-04
7.808264083548217263e-04
7.855644432170379296e-04
7.902039123981907014e-04
7.947490840771457210e-04
7.992017472565597245e-04
8.035660330575360080e-04
8.078437097935235820e-04
8.120275238885341128e-04
8.161023613695002690e-04
8.200508433516196698e-04
8.238667575623686602e-04
8.275493367016848855e-04
8.311068001291008547e-04
8.345577232206898097e-04
8.379092733073700795e-04
8.411689947456261422e-04
8.443436770331857024e-04
8.474350183078864637e-04
8.504469731122340581e-04
8.533827602131580179e-04
8.562386290197896484e-04
8.590024060349997709e-04
8.616807875690262472e-04
8.642958166693783407e-04
8.668607449533904290e-04
8.693768365451532906e-04
8.718473373894911581e-04
8.742779119955350993e-04
8.766782620931015462e-04
8.790608148874258509e-04
8.814291124035106327e-04
8.837886284062113334e-04
8.861378242024657743e-04
8.884667489511571424e-04
8.907693148402080719e-04
8.930434359225034383e-04
8.952778767715959592e-04
8.974492198610985443e-04
8.995382720442761772e-04
9.015321129799556054e-04
9.034382572162465716e-04
9.052752999867520007e-04
9.070422907740358651e-04
9.087364637811438548e-04
9.103633207932268056e-04
9.119283400891159408e-04
9.134362271036996703e-04
9.148889787541532315e-04
9.163004526396246671e-04
9.176879214337106206e-04
9.190519246726586936e-04
9.203837516530282174e-04
9.216795044537150292e-04
9.229300167035467233e-04
9.241206107785823959e-04
9.252452379713548567e-04
9.263078078274015635e-04
9.273189039521537993e-04
9.282665389940545405e-04
9.291250795167916351e-04
9.298722653825105535e-04
9.305080391425042631e-04
9.310439422714858774e-04
9.314649994051626969e-04
9.317773901289520995e-04
9.320038639588562124e-04
9.321462019427818489e-04
9.322098869319391662e-04
9.322077185160769323e-04
9.321459917465403601e-04
9.320210343625090401e-04
9.318203500990358953e-04
9.315318442191870526e-04
9.311501097390996982e-04
9.306691166717023182e-04
9.300805308605398928e-04
9.293777332593168745e-04
9.285656814365175760e-04
9.276546950705633673e-04
9.266401201637139992e-04
9.255058312571628988e-04
9.242442079483350476e-04
9.228569883672977292e-04
9.213389743078655679e-04
9.196760372503733809e-04
9.178650220914820945e-04
9.159230403924074285e-04
9.138657855907203302e-04
9.116924244211793791e-04
9.094087790645848752e-04
9.070260019671485706e-04
9.045646722248416090e-04
9.020490623666911666e-04
8.994720867104122981e-04
8.968205284073218000e-04
8.941009170405627305e-04
8.913224506779060747e-04
8.884814186338577157e-04
8.855704435698353964e-04
8.825865100883584701e-04
8.795412221847119950e-04
8.764441823849426381e-04
8.732907401100593750e-04
8.700745802662182993e-04
8.667971910834910325e-04
8.634681397135926311e-04
8.601031980508927173e-04
8.567153623450126905e-04
8.533119094493218839e-04
8.499119446395765913e-04
8.465391002342930815e-04
8.432117508321276605e-04
8.399447911871825217e-04
8.367507427586611457e-04
8.336438853842166943e-04
8.306330844065179086e-04
8.277191633984691066e-04
8.248978888508745220e-04
8.221607962335689352e-04
8.195093602379165945e-04
8.169541670126168964e-04
8.145027077153644364e-04
8.121539470840353570e-04
8.099031816214758350e-04
8.077475080942796929e-04
8.056725293514877808e-04
8.036572245150595860e-04
8.016948147889158471e-04
7.997848447252701998e-04
7.979275332872515225e-04
7.961217322339306105e-04
7.943613048569528800e-04
7.926421235733667947e-04
7.909592462802197835e-04
7.892924896562642434e-04
7.876268235714913154e-04
7.859677758941893298e-04
7.843222341868936760e-04
7.826956303431036955e-04
7.810923249970109063e-04
7.795128647882890475e-04
7.779507908186766201e-04
7.764024850645994194e-04
7.748606834738521040e-04
7.733246629598633688e-04
7.718050516570163118e-04
7.703018363290388285e-04
7.688088425168759831e-04
7.673182582977739179e-04
7.658337721344433491e-04
7.643645857389622317e-04
7.629035318800980129e-04
7.614357003611260579e-04
7.599538783813915548e-04
7.584497904606068161e-04
7.569113139612046676e-04
7.553238254778427835e-04
7.536792100800627668e-04
7.519877765278958808e-04
7.502432540940561726e-04
7.484217168228697072e-04
7.465105862156118941e-04
7.445064140358993460e-04
7.424039744609739217e-04
7.401909453093848601e-04
7.378686116157836573e-04
7.354535413864658842e-04
7.329583577231086472e-04
7.303866176324043911e-04
7.277339055286018024e-04
7.249846627235164960e-04
7.221345899413257521e-04
7.191912579573064412e-04
7.161439397751226616e-04
7.129668618015737791e-04
7.096477325499732543e-04
7.061869788138550865e-04
7.025731872975972013e-04
6.988199649510813249e-04
6.949500227466630115e-04
6.909607932228843067e-04
6.868456986501615420e-04
6.825980593699419860e-04
6.782153385658715432e-04
6.736859682687821411e-04
6.689993398800432546e-04
6.641551262981505808e-04
6.591632992355436153e-04
6.540365055887379601e-04
6.487815768471293836e-04
6.433980286268796162e-04
6.378812022912063286e-04
6.322324433969050625e-04
6.264429643645635232e-04
6.205058814613483931e-04
6.144257706903995600e-04
6.082115900022574398e-04
6.018787656506288620e-04
5.954286924399281554e-04
5.888555568835180309e-04
5.821640428772403104e-04
5.753479798288272653e-04
5.683896311460648635e-04
5.612798751508319339e-04
5.540250118423309172e-04
5.466258783746501607e-04
5.390854563555039702e-04
5.314139278204396211e-04
5.236105720543151416e-04
5.156732543383070553e-04
5.075998106306582646e-04
4.993977311257800922e-04
4.910780009490386348e-04
4.826494729068177432e-04
4.741327159477637409e-04
4.655423378044943879e-04
4.568853153598721414e-04
4.481743224955808810e-04
4.394226076777945538e-04
4.306372823001894000e-04
4.218174207726172733e-04
4.129722319237705015e-04
4.041122071185807322e-04
3.952372873608764651e-04
3.863487884133269285e-04
3.774521174014949560e-04
3.685485535031026816e-04
3.596387538348076881e-04
3.507370631854715031e-04
3.418545461500299828e-04
3.329956267732392047e-04
3.241690008021230903e-04
3.153836807593694749e-04
3.066537964342371837e-04
2.979942169833991778e-04
2.894144407052403581e-04
2.809145453110919641e-04
2.724887644872963678e-04
2.641372543033984437e-04
2.558627584644323030e-04
2.476656609464391212e-04
2.395564867936811923e-04
2.315493148505957651e-04
2.236475839414824301e-04
2.158565208790931415e-04
2.081973113651744737e-04
2.006893643193081631e-04
1.933385551563151627e-04
1.861458887138524559e-04
1.791204417922331741e-04
1.722749495185236330e-04
1.656127323322926397e-04
1.591411847212173937e-04
1.528706349791503335e-04
1.468064846300583639e-04
1.409457804642522127e-04
1.352766262681047145e-04
1.297919277108845173e-04
1.244982782726465024e-04
1.194039991191721837e-04
1.145229866289558204e-04
1.098683809343840791e-04
1.054439668443044465e-04
1.012460326466694654e-04
9.726523123176067918e-05
9.348729617922214711e-05
8.989365645818033737e-05
8.647078457116887356e-05
8.321814301400850156e-05
8.014058626097017829e-05
7.723592817729790772e-05
7.450447972906326752e-05
7.195315860438943544e-05
6.958519105012510710e-05
6.739603966129016513e-05
6.538397638239887581e-05
6.355212526673359496e-05
6.189801985619456531e-05
6.041435314723855838e-05
5.909882593732821706e-05
5.795570317730523908e-05
5.699079122645700821e-05
5.621065162653139885e-05
5.561885920679864704e-05
5.521779347069289448e-05
5.500871074561354004e-05
5.498042669637741493e-05
5.512268132188216391e-05
5.542863987508356803e-05
5.589463544220679182e-05
5.652458441000250385e-05
5.732267722652020130e-05
5.828315995447622968e-05
5.940060907586518327e-05
6.067269958230717537e-05
6.208988511912982627e-05
6.364514421588934379e-05
6.533543360582595141e-05
6.715189047536901433e-05
6.908750579194659913e-05
7.115278534862787144e-05
7.334997703547218586e-05
7.566968395413605376e-05
7.810419589014181807e-05
8.064696563761555013e-05
8.329181699949464066e-05
8.602569570008155870e-05
8.883256215237404091e-05
9.171209331690470545e-05
9.467552427989536020e-05
9.772891762750818257e-05
1.008624497175638046e-04
1.040537333235779020e-04
1.072906498437347430e-04
1.105726747688469831e-04
1.139014750692300275e-04
1.172809131880540396e-04
1.207106740680695650e-04
1.241828657038968043e-04
1.276886612726914588e-04
1.312191584568791743e-04
1.347687635512098160e-04
1.383379255467096273e-04
1.419276023091392211e-04
1.455381295652703115e-04
1.491630215893727945e-04
1.528034652677379862e-04
1.564661638660505463e-04
1.601554883473219320e-04
1.638711595541594932e-04
1.676092876676198282e-04
1.713822951827024795e-04
1.752016806610153356e-04
1.790666407672506703e-04
1.829831151533930123e-04
1.869595155974545662e-04
1.910001916209593149e-04
1.951044121046123785e-04
1.992711425960561349e-04
2.035088308069798839e-04
2.078170823267218347e-04
2.121903648362990699e-04
2.166259716773094081e-04
2.211237160427387911e-04
2.256831708037204112e-04
2.303061948020108669e-04
2.349946873557454076e-04
2.397457414967613467e-04
2.445709218274575727e-04
2.494808865838899110e-04
2.544665911154073948e-04
2.595133393961075795e-04
2.646190175049138141e-04
2.697862682191150448e-04
2.750034773065921550e-04
2.802563332380898949e-04
2.855415572321436698e-04
2.908592076678970673e-04
2.962049723658432784e-04
3.015797070329384968e-04
3.069869383957860758e-04
3.124199413715768054e-04
3.178696623401184359e-04
3.233315264941144171e-04
3.288079024052772644e-04
3.343013091386189562e-04
3.398112558633260534e-04
3.453390599091549565e-04
3.508768567379566398e-04
3.564117141821235421e-04
3.619326932979199181e-04
3.674314936233927980e-04
3.729088823755416938e-04
3.783570737362044350e-04
3.837629673828709688e-04
3.891207701849500110e-04
3.944189399971829600e-04
3.996518416846589808e-04
4.048152045668211574e-04
4.099062147373818223e-04
4.149234151376659271e-04
4.198679987966822259e-04
4.247631703465249570e-04
4.296216499270864722e-04
4.344338072364653004e-04
4.391821882224543707e-04
4.438499563834714533e-04
4.484386173642446920e-04
4.529578864247018493e-04
4.573976315627581576e-04
4.617375672968417055e-04
4.659604888515288821e-04
4.700555309299134081e-04
4.740253298143177725e-04
4.778810821175875651e-04
4.816329232450727990e-04
4.852724223249790499e-04
4.887790027032498999e-04
4.921339997113169428e-04
4.953276047728545671e-04
4.983678574585666005e-04
5.012607460410879647e-04
5.040009453901558075e-04
5.065743814557917366e-04
5.089641182517383585e-04
5.111646422111083355e-04
5.131782473847756269e-04
5.150162921696414299e-04
5.166945911043421737e-04
5.182235037223466593e-04
5.196130808374443098e-04
5.208699934230011722e-04
5.219931684655533576e-04
5.229870989598350492e-04
5.238489615689654461e-04
5.245689358846257607e-04
5.251373556475841470e-04
5.255497123860764994e-04
5.257983488363434472e-04
5.258791394152660453e-04
5.257904344121349998e-04
5.255123938739954910e-04
5.250280295049732007e-04
5.243437080406109820e-04
5.234803825538860257e-04
5.224402024113543796e-04
5.212188902379893875e-04
5.198203912083245717e-04
5.182441223970720313e-04
5.164943993952672303e-04
5.145672926282297615e-04
5.124435065785406303e-04
5.101077610527319974e-04
5.075393835161643493e-04
5.047140997136133084e-04
5.016340579989550736e-04
4.983312403490622365e-04
4.948316078611835270e-04
4.911340581262539770e-04
4.872198524958775995e-04
4.830691449620747664e-04
4.786700394849619541e-04
4.740099344909733266e-04
4.690777029503963866e-04
4.638768341818610670e-04
4.584064767896023351e-04
4.526589922290944487e-04
4.466162172604447637e-04
4.402621531440636406e-04
4.335830310519501541e-04
4.265821831082943177e-04
4.192834791955683750e-04
4.116938679844212934e-04
4.038397148320034525e-04
3.957475824301705030e-04
3.874155781754208463e-04
3.788410376107892528e-04
3.700500491321066093e-04
3.610722066114467436e-04
3.519072748501932135e-04
3.425517301862266079e-04
3.330051604328371955e-04
3.232831731159049675e-04
3.134072867890205132e-04
3.033904728212053186e-04
2.932418027841567705e-04
2.829748718378968168e-04
2.726208086906926464e-04
2.621858251485471034e-04
2.516608254766383376e-04
2.410639872478942132e-04
2.304241561013786375e-04
2.197603617847633582e-04
2.090754335285278280e-04
1.983702419502282848e-04
1.876428132169754117e-04
1.768979473918897349e-04
1.661595034843170698e-04
1.554528400963977903e-04
1.447928236985830880e-04
1.341876287966856671e-04
1.236518965564392366e-04
1.131967667024608019e-04
1.028281193248054741e-04
9.254784725107930571e-05
8.235882041565346305e-05
7.228199562686778287e-05
6.233799052715966675e-05
5.253131322744052859e-05
4.286194223205074601e-05
3.333524960777930910e-05
2.396546125483357844e-05
1.475716036933390087e-05
5.714528154902175155e-06
-3.143313400132550862e-06
-1.180290833316665262e-05
-2.025906027534295150e-05
-2.851246093446300274e-05
-3.657808859046420962e-05
-4.446288330629117030e-05
-5.215541691867818134e-05
-5.964777442366346832e-05
-6.693767984908439029e-05
-7.402042708860142250e-05
-8.088686617730996931e-05
-8.753923275483896534e-05
-9.397971342334689052e-05
-1.002042802738867727e-04
-1.062061907603444706e-04
-1.119825934853160940e-04
-1.175403126763246541e-04
-1.228805993464155040e-04
-1.279986340541454132e-04
-1.328878785712954576e-04
-1.375431487761080858e-04
-1.419607218673654735e-04
-1.461331495241889340e-04
-1.500469161995754961e-04
-1.536914112990269983e-04
-1.570670132126267043e-04
-1.601741157127095573e-04
-1.630109349174695046e-04
-1.655817810315575835e-04
-1.678902432243321884e-04
-1.699337112679840864e-04
-1.717178148793400809e-04
-1.732525504405264252e-04
-1.745355732424443661e-04
-1.755594982019935391e-04
-1.763223104061134344e-04
-1.768338660498004972e-04
-1.771055363496054820e-04
-1.771373654927376460e-04
-1.769257993830135366e-04
-1.764707154680026291e-04
-1.757636468406358001e-04
-1.747905056303041720e-04
-1.735572849120367719e-04
-1.720801244251612472e-04
-1.703620159664163058e-04
-1.684029842830056913e-04
-1.662019830859982309e-04
-1.637482030061565271e-04
-1.610404752075360714e-04
-1.580819957687453392e-04
-1.548671731359159160e-04
-1.514051606846105466e-04
-1.477047661002544904e-04
-1.437666163362372066e-04
-1.396029330351616199e-04
-1.352220597569372463e-04
-1.306160459034624117e-04
-1.257867168172796784e-04
-1.207398358313159948e-04
-1.154775935629073405e-04
-1.100111659401136204e-04
-1.043583435902178475e-04
-9.853561981777378409e-05
-9.255003973042233466e-05
-8.640273927582237980e-05
-8.008707624692598974e-05
-7.360118275634728929e-05
-6.694695163245933608e-05
-6.011357464185924178e-05
-5.309222196213989715e-05
-4.587939916352630086e-05
-3.846506210742028616e-05
-3.084912867726289162e-05
-2.303625048193395233e-05
-1.502196502427935114e-05
-6.798636573352349625e-06
1.630305862481316059e-06
1.024480592138652859e-05
1.903441010772207500e-05
2.799461657128252836e-05
3.711645633778613699e-05
4.638879971287028340e-05
5.580226237055511051e-05
6.536281103836231240e-05
7.507923948662846255e-05
8.495599306308230299e-05
9.499373563722569901e-05
1.051906086625983101e-04
1.155417823174005278e-04
1.260405704111541348e-04
1.366987430355999652e-04
1.475331594814675406e-04
1.585580948910537231e-04
1.697794418296253783e-04
1.811905852602141984e-04
1.927878928386527651e-04
2.045628899571392439e-04
2.165115675958491880e-04
2.286388243161371068e-04
2.409483698951941433e-04
2.534423100846646413e-04
2.661204747459247621e-04
2.789827636600266465e-04
2.920332550752245335e-04
3.052795509978718834e-04
3.187189924051028181e-04
3.323453921312395924e-04
3.461592254864617681e-04
3.601637231130073937e-04
3.743577062321645668e-04
3.887275204416615619e-04
4.032628086848756717e-04
4.179654912702081759e-04
4.328453504519002540e-04
4.479076675548119852e-04
4.631479782947966963e-04
4.785629530846950718e-04
4.941503945637255001e-04
5.099064667011321333e-04
5.258164361389133096e-04
5.418617675361692056e-04
5.580499697351877899e-04
5.743798466555250642e-04
5.908251594715467625e-04
6.073724654045529071e-04
6.240096182764769128e-04
6.407192966168532471e-04
6.575087833366818771e-04
6.743835830977939778e-04
6.913241917399764319e-04
7.083151359431094684e-04
7.253460013088977370e-04
7.424114345340448182e-04
7.595022524030200410e-04
7.766184160363357770e-04
7.937743419113347685e-04
8.109744567445769520e-04
8.282144751433765436e-04
8.454888825203749547e-04
8.627947224821030676e-04
8.801400196865387078e-04
8.975313759999524422e-04
9.149486634237942624e-04
9.323715606129479722e-04
9.497934954823044826e-04
9.672067970676861276e-04
9.846031145044845806e-04
1.001976198125529779e-03
1.019320619247888636e-03
1.036622689269984902e-03
1.053868221245548046e-03
1.071068307352578391e-03
1.088232799396027196e-03
1.105342151299606567e-03
1.122367423908096542e-03
1.139286630881890770e-03
1.156087920180920263e-03
1.172760266510383328e-03
1.189300549252462862e-03
1.205706297661700375e-03
1.221961508997490130e-03
1.238063558458030438e-03
1.254005588262987461e-03
1.269778708615350261e-03
1.285392934405832658e-03
1.300847932580074086e-03
1.316136349175459248e-03
1.331247692149410949e-03
1.346177047378051403e-03
1.360934861370412773e-03
1.375528099991896267e-03
1.389960912710415690e-03
1.404242537021683839e-03
1.418383533906665030e-03
1.432395994361927369e-03
1.446283223460337287e-03
1.460046703414971236e-03
1.473690090294392562e-03
1.487209920419316255e-03
1.500603248340940787e-03
1.513887322204158972e-03
1.527081240397925969e-03
1.540178822702348641e-03
1.553165437875517977e-03
1.566026366523269294e-03
1.578755191039102551e-03
1.591373741468836076e-03
1.603906293589636755e-03
1.616362674152426251e-03
1.628751795407337765e-03
1.641079237136389016e-03
1.653342328888070560e-03
1.665532720243080404e-03
1.677650486543046668e-03
1.689709778033065667e-03
1.701723004858598587e-03
1.713683670887004287e-03
1.725580324820424893e-03
1.737413476337265573e-03
1.749188776565636276e-03
1.760920314671039896e-03
1.772607110129016846e-03
1.784228954534437936e-03
1.795780541784041751e-03
1.807267600717519986e-03
1.818697276238475432e-03
1.830071173429735154e-03
1.841377010843858091e-03
1.852602013626187269e-03
1.863741167156810017e-03
1.874792668664256685e-03
1.885759700975993703e-03
1.896628873404455993e-03
1.907383715646411180e-03
1.918018588069788678e-03
1.928523740667054077e-03
1.938891045511810345e-03
1.949124078861336510e-03
1.959229899535711809e-03
1.969212091329504422e-03
1.979066063305950137e-03
1.988791312074873925e-03
1.998402510218426353e-03
2.007897189396660922e-03
2.017266350386241486e-03
2.026503298681686400e-03
2.035606380810060269e-03
2.044574219155867890e-03
2.053408844246813140e-03
2.062114634416005281e-03
2.070675219858736371e-03
2.079070033764005183e-03
2.087286894143094897e-03
2.095327879632011888e-03
2.103198713954008026e-03
2.110890960289820133e-03
2.118389432797548703e-03
2.125691935636514311e-03
2.132789689986512756e-03
2.139667040142566833e-03
2.146314486903581550e-03
2.152723642282498937e-03
2.158880747109055351e-03
2.164765305170886309e-03
2.170369092357850652e-03
2.175680470705203696e-03
2.180692237158661766e-03
2.185415240839610855e-03
2.189859944766203801e-03
2.194036222287170344e-03
2.197957327604077062e-03
2.201634337994321389e-03
2.205076635525178748e-03
2.208289531364546546e-03
2.211280384819084080e-03
2.214056594246849915e-03
2.216603457374176443e-03
2.218896661482823961e-03
2.220919567585621750e-03
2.222665531775490366e-03
2.224120068389358416e-03
2.225278948694716773e-03
2.226171797155691596e-03
2.226815737081387289e-03
2.227218291594679385e-03
2.227401100020062058e-03
2.227371282979801175e-03
2.227127002063457231e-03
2.226670840375198721e-03
2.226003247657003248e-03
2.225122175277640009e-03
2.224023111951379042e-03
2.222700633909017922e-03
2.221162673145528517e-03
2.219423357733557936e-03
2.217489391310909896e-03
2.215366205241006779e-03
2.213056681572165597e-03
2.210567845192702805e-03
2.207919404177638434e-03
2.205122278427130208e-03
2.202161978313332911e-03
2.199017637447246189e-03
2.195675364096336644e-03
2.192135958221290079e-03
2.188407188456166323e-03
2.184483114152527793e-03
2.180360094352883256e-03
2.176043411580072875e-03
2.171519394785548663e-03
2.166766983494686390e-03
2.161770185407928084e-03
2.156520626644516971e-03
2.151027548927294045e-03
2.145293000777279222e-03
2.139312694512477461e-03
2.133093858336016814e-03
2.126630986816755060e-03
2.119903979793591551e-03
2.112912059681104453e-03
2.105663039572894680e-03
2.098153758601031989e-03
2.090388863946725673e-03
2.082383068963869054e-03
2.074150500180707048e-03
2.065697810912960064e-03
2.057012528431637413e-03
2.048086069082691134e-03
2.038918434185243555e-03
2.029498183960569239e-03
2.019821376114376392e-03
2.009888662264020139e-03
1.999707254632877157e-03
1.989291647259915172e-03
1.978639544834522035e-03
1.967749853472977161e-03
1.956628338238929673e-03
1.945276906177327092e-03
1.933706069814700342e-03
1.921931803687930646e-03
1.909953284042977765e-03
1.897760687795296917e-03
1.885357556307970224e-03
1.872753583611627996e-03
1.859955323262424583e-03
1.846980727976090669e-03
1.833841337072331969e-03
1.820525693293666321e-03
1.807031054641479451e-03
1.793356623913458080e-03
1.779489519465186562e-03
1.765428916117233816e-03
1.751189346734933518e-03
1.736782571112650960e-03
1.722205238160005479e-03
1.707437830702625411e-03
1.692472537084544577e-03
1.677314980864399964e-03
1.661968078541974352e-03
1.646436174831121405e-03
1.630741135480592678e-03
1.614908590620361397e-03
1.598948898753570691e-03
1.582857608349424018e-03
1.566619703962016715e-03
1.550225473769989513e-03
1.533669843196597705e-03
1.516961069001073999e-03
1.500113832020432336e-03
1.483122416384767073e-03
1.465976470414516496e-03
1.448674723837632249e-03
1.431217044334778723e-03
1.413598275092269561e-03
1.395808162004258651e-03
1.377834890421295814e-03
1.359664810811212453e-03
1.341292663639037609e-03
1.322721843848830231e-03
1.303951708060647249e-03
1.284984261504307874e-03
1.265827710192940015e-03
1.246485645915833924e-03
1.226957574908071327e-03
1.207228660625231679e-03
1.187294035778437484e-03
1.167165200332859415e-03
1.146839885334748847e-03
1.126320955855306463e-03
1.105619560167826580e-03
1.084738919414931580e-03
1.063675736413013289e-03
1.042432752350826207e-03
1.021022311753039084e-03
9.994562527633186512e-04
9.777387919525648563e-04
9.558810925204973448e-04
9.339007045328648685e-04
9.118133847967855058e-04
8.896352293590479784e-04
8.673612992901297671e-04
8.449900954871706867e-04
8.225350861158833024e-04
8.000082582598990908e-04
7.774152022325947617e-04
7.547487972117070945e-04
7.320000866695754995e-04
7.091627613724680538e-04
6.862321649509117065e-04
6.632117889808115951e-04
6.401068992421707305e-04
6.169167217147452720e-04
5.936331034632953176e-04
5.702451184333398896e-04
5.467516483598006865e-04
5.231664707830410623e-04
4.995109985193292796e-04
4.758078155492914229e-04
4.520865793767161805e-04
4.283606079367625885e-04
4.046374644168380030e-04
3.809287240783275114e-04
3.572328930517247722e-04
3.335441477698529032e-04
3.098597139281257669e-04
2.861829400491444349e-04
2.625130261472511653e-04
2.388439373507051690e-04
2.151595424992137689e-04
1.914573955290085460e-04
1.677516799117051438e-04
1.440451611798158936e-04
1.203432468285938828e-04
9.664956550383846129e-05
7.295641044703711389e-05
4.926557091542169896e-05
2.558378077482562725e-05
1.909358466882389995e-06
-2.176820419098393419e-05
-4.546341456344948179e-05
-6.918768257217685356e-05
-9.295099007049150244e-05
-1.167499319477420305e-04
-1.405734644277899107e-04
-1.644196416968926567e-04
-1.882811417579429445e-04
-2.121422813189029221e-04
-2.360005720003840329e-04
-2.598545616199755782e-04
-2.836972453628497392e-04
-3.075306177621463743e-04
-3.313704731573888598e-04
-3.552370189834405797e-04
-3.791355247588216364e-04
-4.030644482138659944e-04
-4.270175837242197524e-04
-4.509783281660377919e-04
-4.749382065002038166e-04
-4.988950058296601729e-04
-5.228587900635544693e-04
-5.468363494733347995e-04
-5.708139735993263608e-04
-5.947863873452515025e-04
-6.187373294423818577e-04
-6.426498590106785808e-04
-6.665246934892811274e-04
-6.903562135379513612e-04
-7.141460135854421545e-04
-7.378956971026319348e-04
-7.616049354381925450e-04
-7.852867237517658239e-04
-8.089524584949019190e-04
-8.326039660321282168e-04
-8.562327389290765207e-04
-8.798356405040927246e-04
-9.034282672213780115e-04
-9.270252558570507648e-04
-9.506299183913633193e-04
-9.742458025254895244e-04
-9.978636858847882932e-04
-1.021482812790538205e-03
-1.045114513818187199e-03
-1.068759943821363800e-03
-1.092427479202069066e-03
-1.116120091835440687e-03
-1.139837761602062981e-03
-1.163586243449424339e-03
-1.187377247777381606e-03
-1.211223605074111245e-03
-1.235128879551439978e-03
-1.259096028512292267e-03
-1.283110557830254277e-03
-1.307156239277403736e-03
-1.331237729201166769e-03
-1.355348904827058257e-03
-1.379473675363559982e-03
-1.403598376592306426e-03
-1.427690594162125872e-03
-1.451713688729670826e-03
-1.475657719214091288e-03
-1.499521445204417356e-03
-1.523288326499294427e-03
-1.546941469152620209e-03
-1.570477049177158467e-03
-1.593893221216930497e-03
-1.617172023007917890e-03
-1.640284215080186183e-03
-1.663220912493723136e-03
-1.685981311171811216e-03
-1.708560479823802679e-03
-1.730957479794827548e-03
-1.753167974948404914e-03
-1.775184209303903599e-03
-1.797003358209930393e-03
-1.818640387543382208e-03
-1.840117986533138439e-03
-1.861429062370669775e-03
-1.882542751204346627e-03
-1.903448979572142661e-03
-1.924153775501842058e-03
-1.944660527590182444e-03
-1.964969595961858859e-03
-1.985074951550178796e-03
-2.004988205421517119e-03
-2.024729576659325611e-03
-2.044299261913623891e-03
-2.063681716644408248e-03
-2.082861155119802073e-03
-2.101821075270575174e-03
-2.120550229754173711e-03
-2.139052079872388878e-03
-2.157319673067032220e-03
-2.175339144022621612e-03
-2.193078800188304287e-03
-2.210521644115086802e-03
-2.227686533194761769e-03
-2.244571716515469679e-03
-2.261158473929025022e-03
-2.277411299014439096e-03
-2.293300471239144347e-03
-2.308800389350639144e-03
-2.323883310222542645e-03
-2.338535871499073087e-03
-2.352740071488766162e-03
-2.366499088339605802e-03
-2.379818520854584413e-03
-2.392681584372861967e-03
-2.405066177815585581e-03
-2.416961080529081689e-03
-2.428359746847639881e-03
-2.439242855337012475e-03
-2.449609207152080373e-03
-2.459493385027037692e-03
-2.468922228949183093e-03
-2.477885763787936960e-03
-2.486358806761911761e-03
-2.494343473549326482e-03
-2.501856601870277360e-03
-2.508893552667129830e-03
-2.515453079244448203e-03
-2.521533706127312285e-03
-2.527123609656693661e-03
-2.532219712827429078e-03
-2.536831484901333304e-03
-2.540986028676316816e-03
-2.544721409252382639e-03
-2.548037390322099686e-03
-2.550905687030935193e-03
-2.553319154254039738e-03
-2.555284372770172917e-03
-2.556798969801639052e-03
-2.557851520062020666e-03
-2.558439409949470229e-03
-2.558555862793644806e-03
-2.558186287094949864e-03
-2.557330138743137658e-03
-2.555980490626752130e-03
-2.554105860420928173e-03
-2.551674517355122587e-03
-2.548665036870739406e-03
-2.545071176415102023e-03
-2.540882898742249409e-03
-2.536072853373284690e-03
-2.530634595893209698e-03
-2.524598548558542200e-03
-2.517976740834006015e-03
-2.510775598669425044e-03
-2.503010683103352920e-03
-2.494672757274891094e-03
-2.485742942598462811e-03
-2.476221230455527295e-03
-2.466133804566978272e-03
-2.455488047168833104e-03
-2.444261070510464744e-03
-2.432436780241588846e-03
-2.420023002116781456e-03
-2.407037074077465408e-03
-2.393484558971671443e-03
-2.379369804771864268e-03
-2.364699158486303562e-03
-2.349469314086194850e-03
-2.333691799939625541e-03
-2.317385051480371546e-03
-2.300525766688330757e-03
-2.283085186321879168e-03
-2.265069671683153305e-03
-2.246480483948103297e-03
-2.227317857982578139e-03
-2.207583916886842433e-03
-2.187279487283544550e-03
-2.166401948943664623e-03
-2.144947634927753515e-03
-2.122920781033043290e-03
-2.100319842863683159e-03
-2.077160938115768431e-03
-2.053444232425204272e-03
-2.029160631025941474e-03
-2.004340820075405875e-03
-1.978988195299492391e-03
-1.953104977590590504e-03
-1.926726171477516781e-03
-1.899860754685092808e-03
-1.872493865528867358e-03
-1.844610675244010446e-03
-1.816221192179267099e-03
-1.787340307774803365e-03
-1.757972460047985607e-03
-1.728129404467921735e-03
-1.697801266352231588e-03
-1.666965142813714917e-03
-1.635621651212230271e-03
-1.603777843590381818e-03
-1.571435765739908697e-03
-1.538585001768336862e-03
-1.505203254668072100e-03
-1.471302471173667427e-03
-1.436925503785236972e-03
-1.402122756648571059e-03
-1.366919831521061935e-03
-1.331324024286115485e-03
-1.295349897387606392e-03
-1.258987249209506370e-03
-1.222228500338617225e-03
-1.185071371813624375e-03
-1.147513695721439405e-03
-1.109569981936438980e-03
-1.071244743231382530e-03
-1.032521494066827817e-03
-9.933873466068888960e-04
-9.538631547407013704e-04
-9.139694960342785836e-04
-8.737113463290438909e-04
-8.331085474253920650e-04
-7.921797167511959985e-04
-7.509454455012813060e-04
-7.094378168737915276e-04
-6.676772705764912096e-04
-6.256838860424597049e-04
-5.834786807851356349e-04
-5.410813863335878476e-04
-4.985110974387069356e-04
-4.557896117225341821e-04
-4.129395524486336312e-04
-3.699713080398315699e-04
-3.268986034805742690e-04
-2.837441573947634544e-04
-2.405255517779749329e-04
-1.972626098666183298e-04
-1.539821434490444086e-04
-1.107195301036703052e-04
-6.751519639021347869e-05
-2.439325510017678684e-05
1.862325019913768471e-05
6.151885524155425555e-05
1.042730806756466603e-04
1.468546606575762807e-04
1.892446926182130332e-04
2.314217405798513151e-04
2.733638612372748470e-04
3.150553073631979476e-04
3.564791283134699702e-04
3.976208666752438373e-04
4.384637216765959714e-04
4.789929009409682296e-04
5.192032778921018901e-04
5.590805054379915841e-04
5.986040819462941278e-04
6.377618492850809905e-04
6.765509407445598807e-04
7.149701766097562184e-04
7.530036814614947914e-04
7.906199166692716310e-04
8.277885991218927051e-04
8.644983899491969588e-04
9.007474338279269519e-04
9.365206980898740322e-04
9.717978015117531738e-04
1.006574817429897956e-03
1.040838889805773210e-03
1.074561792530849677e-03
1.107719736715266981e-03
1.140292943478953599e-03
1.172280758741760980e-03
1.203681672334422793e-03
1.234472095403713271e-03
1.264640321988516180e-03
1.294190784158170656e-03
1.323115829700332886e-03
1.351387174921112651e-03
1.379004630432498820e-03
1.405993998298488276e-03
1.432349633202859365e-03
1.458054776689905827e-03
1.483103814718583985e-03
1.507498425215528497e-03
1.531252548637167905e-03
1.554358476632521687e-03
1.576794493553784933e-03
1.598565902839731287e-03
1.619680081993658686e-03
1.640133179473521330e-03
1.659915992058937475e-03
1.679012805038880085e-03
1.697411590024805721e-03
1.715114844496117355e-03
1.732131320971193019e-03
1.748454546200012933e-03
1.764082029465702164e-03
1.779019095994066168e-03
1.793240675361512356e-03
1.806692968882684085e-03
1.819345224399182386e-03
1.831220686731240823e-03
1.842338046262211515e-03
1.852690809778805795e-03
1.862267823917283707e-03
1.871033866073809919e-03
1.878983143595702905e-03
1.886166490772879902e-03
1.892611016345870610e-03
1.898315782476298627e-03
1.903328842247870977e-03
1.907707451916457403e-03
1.911447704438476881e-03
1.914537976189116314e-03
1.916973555631033138e-03
1.918761479541831322e-03
1.919914258457743701e-03
1.920433976939447561e-03
1.920322160067327796e-03
1.919582905659997273e-03
1.918205022977113785e-03
1.916154559040099577e-03
1.913432036609883377e-03
1.910060462012795092e-03
1.906071211835953577e-03
1.901479524519588326e-03
1.896256289059921208e-03
1.890380812309936645e-03
1.883833370471488244e-03
1.876576005367250723e-03
1.868562205502445183e-03
1.859780579964409727e-03
1.850245669539777931e-03
1.839973787801148057e-03
1.828997679693625993e-03
1.817353568230989889e-03
1.805070418098309645e-03
1.792150665392754300e-03
1.778582836980404378e-03
1.764392851963747207e-03
1.749618880693300281e-03
1.734279345002963943e-03
1.718398904248021183e-03
1.702014091049477594e-03
1.685170251357629963e-03
1.667901872275570413e-03
1.650215069889572226e-03
1.632108005070112035e-03
1.613586898442485092e-03
1.594653210693023921e-03
1.575309057507025831e-03
1.555569930211043962e-03
1.535443657941701389e-03
1.514914304521985120e-03
1.493980206132361184e-03
1.472644064681895423e-03
1.450906331212696229e-03
1.428777990579391732e-03
1.406274064915734355e-03
1.383398356970338364e-03
1.360148224938870090e-03
1.336540291211825698e-03
1.312602968300116040e-03
1.288375405586950550e-03
1.263883852884046090e-03
1.239149959456698922e-03
1.214207422247224081e-03
1.189071433387345854e-03
1.163732938045454251e-03
1.138196574644594018e-03
1.112459364195946074e-03
1.086516527380535120e-03
1.060400436509414523e-03
1.034153597753825716e-03
1.007812502069539012e-03
9.813876702425613358e-04
9.548587989847192583e-04
9.282160418933939642e-04
9.014802285014970971e-04
8.746764139896339276e-04
8.478238753782844439e-04
8.209461982109130928e-04
7.940692455981857804e-04
7.672140075229782292e-04
7.404092358774787145e-04
7.136886672188397229e-04
6.870712716630580788e-04
6.605612213641177304e-04
6.341573198679148092e-04
6.078651189215668977e-04
5.817025794060642734e-04
5.557095801956585951e-04
5.299298266025807098e-04
5.043742322087844607e-04
4.790431896434817595e-04
4.539342715954915067e-04
4.290529080923742708e-04
4.044140968831588519e-04
3.800292612714311290e-04
3.559154299449927990e-04
3.320726939552113709e-04
3.084942557321742381e-04
2.851792707170230597e-04
2.621308136769391530e-04
2.393636972419076073e-04
2.168861846795389515e-04
1.947000200745331166e-04
1.728154685016767081e-04
1.512398243223401844e-04
1.299793588339369669e-04
1.090513717946496971e-04
8.847463382759780865e-05
6.827198187211543014e-05
4.846073917147621118e-05
2.904119543658575361e-05
1.002223543124144572e-05
-8.579583253429889664e-06
-2.676574072339070733e-05
-4.453918962563874705e-05
-6.188525800030230978e-05
-7.880134901474397852e-05
-9.528719741300289384e-05
-1.113285462770015414e-04
-1.269048287769627514e-04
-1.419944393881713510e-04
-1.565933141600569199e-04
-1.707130989838406452e-04
-1.843497791681407807e-04
-1.974871307589585805e-04
-2.101260913458298670e-04
-2.222740416866915674e-04
-2.339299656364068165e-04
-2.450896724051802389e-04
-2.557551209368285109e-04
-2.659291843694834199e-04
-2.756249058080558704e-04
-2.848468322328175486e-04
-2.935887309248807423e-04
-3.018501961229590105e-04
-3.096251853970178919e-04
-3.169115054172967345e-04
-3.236977153706451686e-04
-3.299795772708662470e-04
-3.357704598368857376e-04
-3.410724864327655307e-04
-3.458785602009361334e-04
-3.501764238210093778e-04
-3.539483993228961269e-04
-3.571780885365669544e-04
-3.598554617664631366e-04
-3.619710674945268887e-04
-3.635146402404347814e-04
-3.644923344938856666e-04
-3.649119915455315975e-04
-3.647767645569995032e-04
-3.640886104730185866e-04
-3.628172834839362825e-04
-3.609330792442183599e-04
-3.584440651810952478e-04
-3.553498518379699287e-04
-3.516298986655452493e-04
-3.472622625742842928e-04
-3.422358295189722077e-04
-3.365594344871730747e-04
-3.302376692854949616e-04
-3.232669670620202571e-04
-3.156565855179062829e-04
-3.074063828792829431e-04
-2.985012788065326099e-04
-2.889353125713265530e-04
-2.787111624690305337e-04
-2.678344177829572069e-04
-2.563225961151236972e-04
-2.441983228098457441e-04
-2.314590488361508835e-04
-2.181046544619446236e-04
-2.041547589906760919e-04
-1.896281091220884077e-04
-1.745374094121692594e-04
-1.588947322800213430e-04
-1.426975387226065968e-04
-1.259477750605168843e-04
-1.086625197935291935e-04
-9.085108701936259656e-05
-7.254044686263487409e-05
-5.375939359471046505e-05
-3.452005015681147205e-05
-1.483464351535996932e-05
5.292339829143574291e-06
2.585395423871927279e-05
4.682821084046006715e-05
6.819472859764513903e-05
8.993670082609834062e-05
1.120480756576447493e-04
1.345319921463390602e-04
1.573753721544316917e-04
1.805522429347234466e-04
2.040407975667978479e-04
2.278134784538816255e-04
2.518275326663767049e-04
2.760477692011757038e-04
3.004539704513247735e-04
3.250245136037588443e-04
3.497371500731156937e-04
3.745811875602447034e-04
3.995588041796753237e-04
4.246780791450188827e-04
4.499363581632894555e-04
4.753426944258484928e-04
5.009022528217379469e-04
5.265930699334838132e-04
5.523815552172780868e-04
5.782383335961737043e-04
6.041420096489914619e-04
6.300558359758324199e-04
6.559502665861873492e-04
6.818072227863205192e-04
7.076040522680357350e-04
7.333094069627352348e-04
7.588856606145474902e-04
7.842954468633130203e-04
8.095110968982559751e-04
8.344863603279924387e-04
8.591720023960852355e-04
8.835634547120083592e-04
9.076627212841739331e-04
9.314444948034069282e-04
9.548511512915404354e-04
9.778465604872114275e-04
1.000431415617618639e-03
1.022589681839259062e-03
1.044321612942328585e-03
1.065645403243381875e-03
1.086576356970973302e-03
1.107113110933075290e-03
1.127237601981214560e-03
1.146960122092051566e-03
1.166281032101140888e-03
1.185188984580839598e-03
1.203701159410792238e-03
1.221828952727578143e-03
1.239558671885175080e-03
1.256884118087166127e-03
1.273792653643190291e-03
1.290259062844081699e-03
1.306251506504990103e-03
1.321755635468267829e-03
1.336778753802656634e-03
1.351284260629732979e-03
1.365244347946416737e-03
1.378673256865463543e-03
1.391598814137320894e-03
1.404037648574953849e-03
1.415958490829773240e-03
1.427299696249886667e-03
1.438038524173899588e-03
1.448168620622960036e-03
1.457673465139713246e-03
1.466553184903013254e-03
1.474772574712074000e-03
1.482290398017230976e-03
1.489097959426965165e-03
1.495182018455808995e-03
1.500519698884226170e-03
1.505078662307782807e-03
1.508869639974317603e-03
1.511955409895796498e-03
1.514367633799149418e-03
1.516135788244188506e-03
1.517272976010693337e-03
1.517729592161201797e-03
1.517450322168290792e-03
1.516391360201050373e-03
1.514489542410598581e-03
1.511703025589443417e-03
1.508014516390211203e-03
1.503416717215925579e-03
1.497957549780326147e-03
1.491673458274473275e-03
1.484561606432799070e-03
1.476593610623874600e-03
1.467737469620758505e-03
1.458010679118818724e-03
1.447455526621183996e-03
1.436062757432550593e-03
1.423843472035494833e-03
1.410856114829859643e-03
1.397120596792838631e-03
1.382639565749807856e-03
1.367438447675515265e-03
1.351535317357455265e-03
1.334930203445449737e-03
1.317643146399761090e-03
1.299692584072183708e-03
1.281055564516795199e-03
1.261691377974380425e-03
1.241601651236536432e-03
1.220850975132296845e-03
1.199498166933550330e-03
1.177566222285844795e-03
1.155090591017576569e-03
1.132084972946172845e-03
1.108573328828659247e-03
1.084595225662506306e-03
1.060191806953170559e-03
1.035416870171609839e-03
1.010299100962416255e-03
9.848663004258099204e-04
9.591495283782358735e-04
9.331573160234891669e-04
9.069024990517612992e-04
8.804184358634498239e-04
8.537469175730975348e-04
8.269112163523679310e-04
7.999236445051801465e-04
7.728035797360776867e-04
7.455552538999153742e-04
7.181877135193386790e-04
6.907165887407196603e-04
6.631474437097310652e-04
6.354974555498373858e-04
6.078004112818934448e-04
5.800944045348592438e-04
5.524087132361521057e-04
5.247659870914054203e-04
4.971888797075707566e-04
4.696963769337299667e-04
4.423260746006503572e-04
4.151218730289865720e-04
3.881034131219999821e-04
3.612787611355863402e-04
3.346675127302433262e-04
3.082860267025643226e-04
2.821419133308035324e-04
2.562402838671566955e-04
2.305816739873891674e-04
2.051799519095433993e-04
1.800570218642816398e-04
1.552318612107977762e-04
1.307257174725071796e-04
1.065592447382178855e-04
8.275767695772749861e-05
5.934953463661065543e-05
3.635563712381812687e-05
1.379183313897764835e-05
-8.325918825228781247e-06
-2.997930701388376980e-05
-5.115583350018206195e-05
-7.184436481333852649e-05
-9.202943185588859706e-05
-1.116903293380891720e-04
-1.308096386419349230e-04
-1.493779369194698939e-04
-1.673727080928465605e-04
-1.847547430664850789e-04
-2.014977249652527048e-04
-2.175846105124992747e-04
-2.330020243749482162e-04
-2.477444029460910361e-04
-2.618065662519735944e-04
-2.751925786870537921e-04
-2.878965848788728687e-04
-2.999042200474446012e-04
-3.112082430275055558e-04
-3.217927366177075299e-04
-3.316464403934749451e-04
-3.407684873197785254e-04
-3.491572615815714581e-04
-3.568119069966026700e-04
-3.637209107661158389e-04
-3.698614263892590530e-04
-3.752159894981139032e-04
-3.797715923963433443e-04
-3.835170425117168515e-04
-3.864599322274784470e-04
-3.886052441229557205e-04
-3.899369853482097790e-04
-3.904506101419551655e-04
-3.901596452217657757e-04
-3.890787882311092937e-04
-3.871976298544802983e-04
-3.845044800671916507e-04
-3.810016351543588022e-04
-3.766831554019062396e-04
-3.715418572972485709e-04
-3.655791147313782515e-04
-3.588197858102995020e-04
-3.512951525007757913e-04
-3.430349307518752396e-04
-3.340484638937964612e-04
-3.243196912264869063e-04
-3.138386075038863206e-04
-3.026087135792008827e-04
-2.906430528190124987e-04
-2.779672458530490771e-04
-2.646116082192315352e-04
-2.505966639498194513e-04
-2.359370010351042137e-04
-2.206480240694175666e-04
-2.047459637397988674e-04
-1.882411941901355047e-04
-1.711430282994343404e-04
-1.534668655896086404e-04
-1.352367908401880183e-04
-1.164786998952875374e-04
-9.720955815859482060e-05
-7.745449298888581915e-05
-5.725281826796235350e-05
-3.663173675431531353e-05
-1.561057301476355598e-05
5.780177742930021942e-06
2.749216265621747150e-05
4.946678137804849732e-05
7.164883572100138351e-05
9.398445003755927490e-05
1.164259515275207140e-04
1.389280042347631973e-04
1.614544226867198025e-04
1.839695552004738113e-04
2.064371489520951130e-04
2.288273061733518319e-04
2.510959525343316374e-04
2.732060126511528706e-04
2.951172796290332128e-04
3.167850492254422820e-04
3.381591149267920270e-04
3.591895082556019860e-04
3.798511029437627324e-04
4.001039448010783707e-04
4.198715003077557739e-04
4.390610535268034084e-04
4.576190490715165279e-04
4.755185347746223408e-04
4.926736687165409129e-04
5.090155117549686201e-04
5.245030692512350117e-04
5.390301376312561310e-04
5.524566912629108421e-04
5.647006360213972353e-04
5.757674867006115941e-04
5.856600309831525670e-04
5.943728644186296872e-04
6.019197657879361233e-04
6.083341819043678505e-04
6.136651467549356781e-04
6.179473734209494197e-04
6.212215525714258248e-04
6.235648851238633720e-04
6.250173921227227024e-04
6.255865783352080895e-04
6.252845502957138759e-04
6.240903909366941459e-04
6.219656230272878946e-04
6.189281732192653549e-04
6.150208039783175993e-04
6.102324937403932371e-04
6.045462248781575130e-04
5.979237876186518181e-04
5.902999081772340121e-04
5.816534164868062068e-04
5.719924703655284359e-04
5.613077332749054609e-04
5.496285274548865472e-04
5.370216665152140537e-04
5.235058791804141900e-04
5.090997890548750945e-04
4.938698640397810999e-04
4.778553056762344445e-04
4.610665245233188693e-04
4.435089167379982402e-04
4.251917572781662292e-04
4.061745496251471300e-04
3.865111771882890246e-04
3.662434488892569659e-04
3.453995065465476858e-04
3.239892544390621633e-04
3.020489580561304876e-04
2.796317430260745530e-04
2.568001453598213013e-04
2.336234280035276347e-04
2.102020869114595738e-04
1.866361143406304764e-04
1.630136054264461922e-04
1.394115353385823666e-04
1.158801632896385196e-04
9.249608444916371632e-05
6.935268380778580888e-05
4.653418755376292426e-05
2.410359040377749233e-05
2.105079550931600409e-06
-1.940999336409514016e-05
-4.038851971827496745e-05
-6.078239779555452780e-05
-8.054159515772792394e-05
-9.960951981774295548e-05
-1.179449741814728164e-04
-1.355117941005518870e-04
-1.522587538510801702e-04
-1.681220981281266510e-04
-1.830430195764765912e-04
-1.969783792493932798e-04
-2.098796959322910981e-04
-2.216844401122438095e-04
-2.323528290650775092e-04
-2.418592325292925904e-04
-2.501493076868639091e-04
-2.571719914184279255e-04
-2.629120735460199342e-04
-2.673447911058534406e-04
-2.704088255638103784e-04
-2.721064574718023966e-04
-2.724902965038511634e-04
-2.715708458386254355e-04
-2.693261289578577551e-04
-2.657290758688929584e-04
-2.607973932179858995e-04
-2.545958595337573585e-04
-2.471974242091686045e-04
-2.386552284486948548e-04
-2.290139788586959739e-04
-2.183234619964260093e-04
-2.066232579673121068e-04
-1.939301290135252945e-04
-1.802621023263906771e-04
-1.656561652481472794e-04
-1.501704593027071758e-04
-1.338801573761213160e-04
-1.168380047744982289e-04
-9.910122834961031029e-05
-8.074668083180287054e-05
-6.184456035952488071e-05
-4.246509927898496330e-05
-2.267104020549281850e-05
-2.511434874593699668e-06
1.797224453694635967e-05
3.874536151732496263e-05
5.977175945443227197e-05
8.100896797866199549e-05
1.024129832253460517e-04
1.239450427043638149e-04
1.455698218282129737e-04
1.672399524346148347e-04
1.888933637295861457e-04
2.104740636558755920e-04
2.319288178579065947e-04
2.532129836878077513e-04
2.742909228185190875e-04
2.951295358060715890e-04
3.156979839265730667e-04
3.359527855357944911e-04
3.558501763360616410e-04
3.753508281658293061e-04
3.944094867961256781e-04
4.130145353230910447e-04
4.311583951900653045e-04
4.488269185984626922e-04
4.659892701416699251e-04
4.826222739828271366e-04
4.987654106085076706e-04
5.144221084947160887e-04
5.295611189657657399e-04
5.441549619719362801e-04
5.581875391689608079e-04
5.716644315465867080e-04
5.845783048673665805e-04
5.969224668023938871e-04
6.086473821814832128e-04
6.196941722147015445e-04
6.300606984308634861e-04
6.397262454915520749e-04
6.487110162987588411e-04
6.570713691747398890e-04
6.648017371367854426e-04
6.718269343663409599e-04
6.780617183321989384e-04
6.834872960814025429e-04
6.881010588453086076e-04
6.918898302916606227e-04
6.948248326358633879e-04
6.968129846059905935e-04
6.977551858154406065e-04
6.976001044697514690e-04
6.963712872749463351e-04
6.941520811073695904e-04
6.910092104698430755e-04
6.869635973258731874e-04
6.820674990494230566e-04
6.764188311382022352e-04
6.700727575888685552e-04
6.630672913945290974e-04
6.554310982970242136e-04
6.471337812187516209e-04
6.381614688321651926e-04
6.285656316085079911e-04
6.184020242943645811e-04
6.076845620438670048e-04
5.964130032015525860e-04
5.846242031240692734e-04
5.723130916272970792e-04
5.594719981568461011e-04
5.461398060211076697e-04
5.323400485976822636e-04
5.180821201439005834e-04
5.033615930667740971e-04
4.881679177775663644e-04
4.725070173523423763e-04
4.564158288313035572e-04
4.399461013724842787e-04
4.231459999794720452e-04
4.060593523146392779e-04
3.887221196095736928e-04
3.711401105577878602e-04
3.533076127974672537e-04
3.352328527384513895e-04
3.169360780107426979e-04
2.984359154348796995e-04
2.797560354552416982e-04
2.609444282999340259e-04
2.420468908989564609e-04
2.230966825570010112e-04
2.041266384475075117e-04
1.851758078052044977e-04
1.662837422467507229e-04
1.474907070360268520e-04
1.288450097380874969e-04
1.103845538638087176e-04
9.212975472832514987e-05
7.411315616414766694e-05
5.638050011074850754e-05
3.896607640765103206e-05
2.189521766353680484e-05
5.195482180580726430e-06
-1.111703785170657351e-05
-2.702261233321638219e-05
-4.249296340766513296e-05
-5.751431554980117843e-05
-7.207783672839394981e-05
-8.617025094943906848e-05
-9.976946101460092435e-05
-1.128560480028631234e-04
-1.254169461930972279e-04
-1.374359326722579349e-04
-1.489054671404353952e-04
-1.598132892051411951e-04
-1.701346537740357570e-04
-1.798626906994628817e-04
-1.889984430787155991e-04
-1.975201108547520199e-04
-2.054112440382117194e-04
-2.126876781780276567e-04
-2.193617025876327693e-04
-2.254320108065566240e-04
-2.308999258960150363e-04
-2.357563974339688974e-04
-2.399828400230068226e-04
-2.435699422851262677e-04
-2.465076862043643572e-04
-2.488014462552356099e-04
-2.504760335238771611e-04
-2.515420486205933895e-04
-2.520133858958934609e-04
-2.519095814281139102e-04
-2.512420907072311052e-04
-2.500274811688766034e-04
-2.482994545677578405e-04
-2.460825494798324635e-04
-2.433828675709912254e-04
-2.401920509004165248e-04
-2.364981807621172950e-04
-2.323202390837043570e-04
-2.276763953537609393e-04
-2.225676202948944542e-04
-2.169974173147095860e-04
-2.109760038973504132e-04
-2.045363159566518276e-04
-1.977153372565534407e-04
-1.905322562195085933e-04
-1.829984435287053521e-04
-1.751324792119297305e-04
-1.669526209257304525e-04
-1.584716772184798699e-04
-1.497109476039800130e-04
-1.406906286919792914e-04
-1.314246213360931387e-04
-1.219194224904271201e-04
-1.121778040622261908e-04
-1.022075382360594062e-04
-9.202170864652071481e-05
-8.162935647951889153e-05
-7.105397896793896634e-05
-6.032187147435479134e-05
-4.943825658820330429e-05
-3.840845924614170071e-05
-2.725032289736844171e-05
-1.597982959492279441e-05
-4.615708813784205349e-06
6.831248706080276058e-06
1.835321282789543235e-05
2.992726468426992734e-05
4.152844562111236373e-05
5.314323554496209123e-05
6.476733758018170240e-05
7.640094458419780649e-05
8.805437267799620475e-05
9.974529373763923448e-05
1.114970757111332652e-04
1.233189846097344300e-04
1.352150819966744231e-04
1.471861953121882127e-04
1.592164298793650437e-04
1.712903563930157070e-04
1.834105513679856183e-04
1.955829700830086042e-04
2.078009605845822368e-04
2.200551717736971878e-04
2.323335450814373565e-04
2.446173448745152636e-04
2.568904946797462914e-04
2.691400461152960587e-04
2.813595149327921671e-04
2.935572657887042052e-04
3.057384425310278870e-04
3.179053285690934820e-04
3.300554287575669364e-04
3.421570974680622100e-04
3.541728076029386084e-04
3.660719290101057538e-04
3.778304411607575079e-04
3.894286862777280992e-04
4.008414670543333390e-04
4.120707698924512270e-04
4.231317153396734398e-04
4.340228093726163452e-04
4.447671384468663766e-04
4.554131331322043693e-04
4.659781420552070916e-04
4.764509236037309920e-04
4.868285630307942098e-04
4.971126204063773882e-04
5.073008276390313358e-04
5.173992584786559976e-04
5.274053399774767227e-04
5.373028366055722805e-04
5.470759416273163244e-04
5.567085817503681982e-04
5.661903743535944000e-04
5.755121496656662823e-04
5.846689952721380269e-04
5.936718553926928097e-04
6.025349031687181464e-04
6.112453361269541306e-04
6.197914029173850732e-04
6.281724314029790701e-04
6.363883979446035861e-04
6.444448573866484254e-04
6.523595181500804925e-04
6.601630919081039181e-04
6.678536716537827661e-04
6.754126500903243633e-04
6.828320553722105847e-04
6.901087919471775821e-04
6.972457282968395941e-04
7.042279339713071722e-04
7.110432064905885868e-04
7.177015859852351127e-04
7.242068058403477093e-04
7.305556607178076423e-04
7.367251555871757703e-04
7.426962580745242537e-04
7.484764421311542598e-04
7.540602959008254084e-04
7.594261610233656512e-04
7.645487702232530011e-04
7.694130285604518964e-04
7.740170427718404307e-04
7.783653518498467221e-04
7.824793320137301894e-04
7.863762913821109113e-04
7.900512179339333257e-04
7.934993390492738182e-04
7.967266257633261271e-04
7.997409598283124893e-04
8.025436546025378282e-04
8.051265889516448070e-04
8.074943638417676588e-04
8.096575553027834417e-04
8.116084975188140281e-04
8.133300999806434683e-04
8.148021472556463661e-04
8.160249815490382749e-04
8.170056120332573960e-04
8.177472583693664449e-04
8.182467951538330894e-04
8.184881347921189008e-04
8.184700888709857272e-04
8.182024084020271190e-04
8.176914303062945586e-04
8.169357403746869842e-04
8.159366987690677437e-04
8.146958637164920369e-04
8.132176346691487008e-04
8.115214611753834156e-04
8.096200558376010804e-04
8.075013964182467183e-04
8.051553678851311024e-04
8.025768736395024784e-04
7.997590917599387700e-04
7.966944029277556400e-04
7.933867593878682171e-04
7.898354591551243111e-04
7.860302280617669076e-04
7.819866094984675694e-04
7.777161028892327433e-04
7.732167829743891727e-04
7.684805542009078092e-04
7.635096990077926181e-04
7.583115457477585192e-04
7.528853618036453242e-04
7.472392887435607648e-04
7.413770487284344684e-04
7.353091254449214487e-04
7.290390088467131949e-04
7.225857086113382077e-04
7.159838422094513821e-04
7.092276960920121474e-04
7.023099434489679573e-04
6.952412986360000232e-04
6.880183221524034795e-04
6.806409288048170629e-04
6.731316002363716636e-04
6.655088967170284158e-04
6.577930594246523145e-04
6.500210182235964355e-04
6.422215188839686725e-04
6.344089379638474758e-04
6.265933778423991287e-04
6.187811065608510687e-04
6.109643138389991412e-04
6.031413874538955368e-04
5.953123379450267483e-04
5.874820277372628553e-04
5.796642083126519844e-04
5.718523215796563223e-04
5.640377967810527920e-04
5.562035183401930474e-04
5.483352550623223380e-04
5.404247183019259297e-04
5.324610572444809890e-04
5.244398161591710874e-04
5.163633058821713064e-04
5.082378122969348272e-04
5.000753467933664832e-04
4.918900840931436170e-04
4.836913627050571382e-04
4.754852101847989194e-04
4.672798052731070629e-04
4.590824921660318671e-04
4.508925925800746286e-04
4.427136430517862598e-04
4.345568849855344583e-04
4.264367323759468698e-04
4.183617522660491102e-04
4.103404489410733677e-04
4.023845151426337793e-04
3.945101200356747480e-04
3.867232569539220651e-04
3.790309527129371138e-04
3.714388825066475969e-04
3.639347018843714808e-04
3.565045481639621933e-04
3.491417062158120362e-04
3.418445456707312042e-04
3.346056692766792421e-04
3.274132205761383862e-04
3.202504159077312201e-04
3.131183810509071156e-04
3.060270919539260300e-04
2.989723155054047846e-04
2.919497321134162295e-04
2.849503529987070481e-04
2.779589407572563542e-04
2.709587128614957614e-04
2.639420183867747160e-04
2.569070929027061022e-04
2.498449594598550869e-04
2.427548646057345013e-04
2.356491381040510830e-04
2.285472760520749764e-04
2.214619877309529088e-04
2.144005885232659083e-04
2.073712596060472209e-04
2.003678609475530376e-04
1.933870208802530085e-04
1.864423764290564791e-04
1.795412765935037644e-04
1.726772225548940155e-04
1.658531385866746197e-04
1.590747350560643171e-04
1.523377137048005832e-04
1.456341417940895807e-04
1.389527095509571273e-04
1.322940146663199477e-04
1.256701397580649380e-04
1.190940711577872179e-04
1.125735371241604510e-04
1.061152388079037866e-04
9.972883335599878277e-05
9.341715307075027896e-05
8.717184761216227097e-05
8.097647803119422392e-05
7.482075848020590739e-05
6.870516638202142840e-05
6.262977156710716102e-05
5.659307419662026813e-05
5.059744435811792523e-05
4.465050237275883162e-05
3.874840522411717619e-05
3.287996719979275804e-05
2.704723712634213544e-05
2.124482993227862050e-05
1.545596546158954751e-05
9.680594883321275656e-06
3.929362110371033471e-06
-1.786694071514174162e-06
-7.462257813069079633e-06
-1.309649979461990507e-05
-1.867423262692591231e-05
-2.418708330974927049e-05
-2.964616614520329164e-05
-3.504828061016456082e-05
-4.037946797862929202e-05
-4.563442558461665793e-05
-5.081737441873296134e-05
-5.594564940290011439e-05
-6.101932623589186380e-05
-6.602787906708973355e-05
-7.097003991511050295e-05
-7.584680504911456235e-05
-8.066091146340002513e-05
-8.540983584011221962e-05
-9.009511057267738127e-05
-9.471820335515866382e-05
-9.927453482917947747e-05
-1.037520816101233006e-04
-1.081305585186034059e-04
-1.123925203557391467e-04
-1.165336626437223137e-04
-1.205639449425647788e-04
-1.244768556875178232e-04
-1.282517369489307422e-04
-1.318686633957967026e-04
-1.353076217908276858e-04
-1.385702290531186452e-04
-1.416590312951890491e-04
-1.445721777053355923e-04
-1.473171743120178085e-04
-1.499068124100619368e-04
-1.523567818338637391e-04
-1.546857328668942871e-04
-1.569110290196247049e-04
-1.590404040777644351e-04
-1.610893556964618429e-04
-1.630771769260340692e-04
-1.650016752408422051e-04
-1.668580579703550048e-04
-1.686670975416066037e-04
-1.704437932036145472e-04
-1.721791571452297505e-04
-1.738670462606720720e-04
-1.755190239304811432e-04
-1.771482107979983791e-04
-1.787558293607368579e-04
-1.803422087581095425e-04
-1.819124999140372251e-04
-1.834744749281344567e-04
-1.850320426695623412e-04
-1.865895982885294486e-04
-1.881614729176851047e-04
-1.897514975531667104e-04
-1.913558897018176851e-04
-1.929782583895802480e-04
-1.946272089786081595e-04
-1.963142810652079775e-04
-1.980404915411145006e-04
-1.997988157422604433e-04
-2.015920707689691121e-04
-2.034358272924880612e-04
-2.053404215187664881e-04
-2.073010197875917713e-04
-2.093027887909320087e-04
-2.113368231610578823e-04
-2.134093270371763273e-04
-2.155218998856678119e-04
-2.176602032813583260e-04
-2.198142372550131683e-04
-2.219718107221613668e-04
-2.241240609215563442e-04
-2.262811374920747974e-04
-2.284467851686618732e-04
-2.306310316578510857e-04
-2.328392192058848192e-04
-2.350606261961704537e-04
-2.372892508035420354e-04
-2.395218322858271162e-04
-2.417446928341606836e-04
-2.439496577183599779e-04
-2.461349496088450204e-04
-2.482917075267926182e-04
-2.504185198504284109e-04
-2.525094812030715210e-04
-2.545539992787379090e-04
-2.565379027296616800e-04
-2.584512389480528955e-04
-2.603011534101597386e-04
-2.620937025482295794e-04
-2.638313505371428936e-04
-2.655122223344908534e-04
-2.671314718034249833e-04
-2.686979024921209449e-04
-2.702113373405781792e-04
-2.716647448332384007e-04
-2.730685604090493071e-04
-2.744344508915822043e-04
-2.757695348659418288e-04
-2.770658124685506122e-04
-2.782995980710075128e-04
-2.794643218259836069e-04
-2.805556165829023430e-04
-2.815638710971586807e-04
-2.824909468348777960e-04
-2.833420597131982113e-04
-2.841177550756896538e-04
-2.848081466069888115e-04
-2.854004627421977483e-04
-2.858901922392889563e-04
-2.862801068611519565e-04
-2.865737189643740744e-04
-2.867559630871962845e-04
-2.868065427660001316e-04
-2.867367267587111004e-04
-2.865556102239952730e-04
-2.862507949652801195e-04
-2.858200521747512250e-04
-2.852671069299884824e-04
-2.845927951948927503e-04
-2.837997697886042231e-04
-2.828893989523928042e-04
-2.818500405679280250e-04
-2.806692547572955465e-04
-2.793488583959477024e-04
-2.779029449181145213e-04
-2.763452620347134239e-04
-2.746720257204438975e-04
-2.728731002856923764e-04
-2.709519227459620660e-04
-2.689138117315302101e-04
-2.667449862127257076e-04
-2.644271894596734486e-04
-2.619432210857048607e-04
-2.592796721593392103e-04
-2.564179755229055056e-04
-2.533361764481828352e-04
-2.500359281241480800e-04
-2.465172498774549073e-04
-2.427829311140146471e-04
-2.388495073305141228e-04
-2.347197689605714469e-04
-2.303994266514528021e-04
-2.258979168283812493e-04
-2.212127246987305863e-04
-2.163516554799625876e-04
-2.113340541968259615e-04
-2.061772469467304677e-04
-2.008952953063205009e-04
-1.954981100794141483e-04
-1.899885553973539054e-04
-1.843676396119087440e-04
-1.786298715748691076e-04
-1.727575484600770773e-04
-1.667326782725317023e-04
-1.605631140970107166e-04
-1.542679548383633567e-04
-1.478584874216132500e-04
-1.413388239797194377e-04
-1.346992054084034812e-04
-1.279311133845083986e-04
-1.210472270874709606e-04
-1.140818057127704490e-04
-1.070514805340939501e-04
-9.996078026375001234e-05
-9.281272323371939168e-05
-8.560199439200850979e-05
-7.832793619222012537e-05
-7.099605117651579332e-05
-6.362200128107205871e-05
-5.622570496027406642e-05
-4.882634590119870540e-05
-4.143773620304550329e-05
-3.406081590355811747e-05
-2.668470099745719852e-05
-1.930785829221281802e-05
-1.193000107781889759e-05
-4.540161433314328344e-06
2.860799572109597941e-06
1.027273945953415508e-05
1.770514253640615763e-05
2.516492574058407244e-05
3.265640520810913919e-05
4.018962821918282838e-05
4.776602799083560461e-05
5.537976859562764644e-05
6.303390549318706811e-05
7.072428270164580718e-05
7.843787827404299169e-05
8.616362518253668898e-05
9.390027071916142213e-05
1.016547762747764061e-04
1.094310404549014897e-04
1.172341923589510023e-04
1.250662104171569903e-04
1.329361768951707688e-04
1.408600775440064839e-04
1.488421624293964532e-04
1.568844607692066004e-04
1.649870441439941896e-04
1.731468005878066051e-04
1.813581856611624498e-04
1.896187056835756070e-04
1.979419518021657094e-04
2.063457838500221120e-04
2.148291221627048509e-04
2.233779983889285772e-04
2.319814182911347756e-04
2.406518105560231631e-04
2.494094981570990914e-04
2.582470796835854366e-04
2.671438905106577407e-04
2.760969566908305401e-04
2.851173772097069796e-04
2.942133157609216790e-04
3.033878643327142478e-04
3.126405187033402507e-04
3.219814318756152320e-04
3.314178349135231665e-04
3.409442401725732699e-04
3.505416551612338077e-04
3.601813713159722182e-04
3.698347173795181312e-04
3.794842431372307543e-04
3.891304370570313636e-04
3.987738346403272281e-04
4.084244257640132973e-04
4.180896299339772831e-04
4.277551162930679353e-04
4.374027044905515454e-04
4.470293826110690672e-04
4.566328877923900601e-04
4.662139643584891583e-04
4.757776810839424268e-04
4.853165125208340545e-04
4.948299111840651727e-04
5.043262989151394218e-04
5.138063990091476692e-04
5.232616140840737557e-04
5.326937080595686496e-04
5.420899570072114804e-04
5.514299553370063164e-04
5.607101384014219047e-04
5.699316142036406135e-04
5.790907138472113636e-04
5.881620041516854355e-04
5.971188313314522433e-04
6.059593804821058810e-04
6.146788931336319515e-04
6.232726159149855902e-04
6.317585126423666585e-04
6.401516669575136763e-04
6.484389908494215963e-04
6.565976448761893158e-04
6.646137101706418989e-04
6.724760248626715769e-04
6.801713389800262627e-04
6.876837343254700282e-04
6.950010361392291915e-04
7.021141605858201339e-04
7.090322521699398339e-04
7.157787962734711270e-04
7.223630922808431864e-04
7.287790454448688253e-04
7.350335844612266569e-04
7.411461507859239302e-04
7.471182066784681341e-04
7.529355387384659886e-04
7.585885920703043864e-04
7.640550714948838272e-04
7.693176856703585380e-04
7.743667875195630896e-04
7.791870369746224526e-04
7.837722088522902425e-04
7.881421962552973091e-04
7.923095992220248029e-04
7.962533277971287635e-04
7.999625371255284986e-04
8.034400044707643539e-04
8.066832778430769839e-04
8.096713276586700331e-04
8.123996141687719365e-04
8.148854743326066144e-04
8.171288704292295349e-04
8.191294770341203593e-04
8.208939546316107970e-04
8.224379598420096657e-04
8.237935447027194174e-04
8.249743527721301040e-04
8.259710888936491659e-04
8.267677625297996727e-04
8.273589132176821818e-04
8.277578732271316997e-04
8.279771257606004242e-04
8.280182837958167345e-04
8.278717550981827544e-04
8.275267502932114353e-04
8.269867411699608406e-04
8.262777660869608399e-04
8.254263752530026973e-04
8.244474991822205862e-04
8.233514159380036015e-04
8.221428550311975269e-04
8.208188567777232724e-04
8.193591324031434349e-04
8.177619779777339174e-04
8.160356267886733749e-04
8.141638772346905051e-04
8.121343898888891324e-04
8.099395389560755951e-04
8.075824760245526148e-04
8.050824294318750839e-04
8.024567347555855868e-04
7.997121073488536050e-04
7.968405580989167385e-04
7.938332876982529982e-04
7.906809020305290321e-04
7.873730631843773925e-04
7.839192519458217361e-04
7.803309346028319523e-04
7.766181202892352481e-04
7.727916419250557487e-04
7.688641952657911290e-04
7.648598190036280491e-04
7.607899213759719342e-04
7.566544429548123117e-04
7.524500586151265267e-04
7.481651094905334646e-04
7.437947204197727612e-04
7.393577652128295727e-04
7.348615833265061950e-04
7.303051600972380875e-04
7.257069728423120323e-04
7.210692989599521352e-04
7.163714078188430836e-04
7.116045275916882320e-04
7.067738997246498763e-04
7.018733842753018936e-04
6.969041247785129692e-04
6.918867910487540166e-04
6.868397244863697288e-04
6.817789736135808874e-04
6.767166883348362362e-04
6.716569180538014584e-04
6.665874985752649013e-04
6.614944638713711033e-04
6.563788832952880369e-04
6.512362636970292972e-04
6.460746412748499075e-04
6.409116741182897033e-04
6.357508258917223378e-04
6.306020014696464169e-04
6.254802609099690668e-04
6.203841451498437248e-04
6.153037986961271263e-04
6.102472021460750122e-04
6.052265165559450946e-04
6.002417510201560596e-04
5.953029748918181249e-04
5.904266888638837023e-04
5.856142357223461910e-04
5.808648152277089615e-04
5.761844190457953352e-04
5.715816116734418655e-04
5.670564242471622758e-04
5.626039341416430063e-04
5.582229739648623566e-04
5.539090337980427051e-04
5.496565163643668843e-04
5.454588675708150688e-04
5.413048806958997185e-04
5.371880385637730184e-04
5.331081154449543967e-04
5.290615454151582908e-04
5.250588016597985616e-04
5.211170827598150378e-04
5.172509990932676674e-04
5.134755540485603934e-04
5.097915385591829255e-04
5.061824905444338354e-04
5.026423624224102011e-04
4.991817595605210506e-04
4.958140286856862252e-04
4.925481967055983035e-04
4.893799258324169890e-04
4.862917020417484889e-04
4.832766502910599725e-04
4.803311833542948744e-04
4.774349433058838136e-04
4.745731085109105413e-04
4.717407320960562557e-04
4.689457043140140831e-04
4.661847971933890679e-04
4.634320647915555341e-04
4.606632778396734591e-04
4.578641245504069812e-04
4.550264613122869577e-04
4.521480554983790942e-04
4.492320970084090481e-04
4.462811210423006723e-04
4.432963665284821316e-04
4.402767145551437578e-04
4.372119235293062643e-04
4.340937629485924114e-04
4.309310813765346456e-04
4.277200872162112270e-04
4.244605855350582499e-04
4.211558551907154863e-04
4.178002047821055163e-04
4.144074473310634587e-04
4.109903063096949686e-04
4.075416830701247481e-04
4.040442679278943849e-04
4.004761529101566291e-04
3.968172623033848967e-04
3.930615494172057375e-04
3.892083161100321842e-04
3.852541292892414440e-04
3.811995402460593486e-04
3.770435635642320395e-04
3.727972181130342140e-04
3.685014184876581294e-04
3.641937556074155728e-04
3.598978795579690199e-04
3.556291204953461156e-04
3.513980213070408204e-04
3.472197174331303300e-04
3.431066450727657973e-04
3.390555624119566316e-04
3.350629966918795941e-04
3.311299243345869467e-04
3.272593238140842622e-04
3.234684753105335404e-04
3.197841889465220431e-04
3.162277185292211275e-04
3.128003988899967307e-04
3.095001964979023556e-04
3.063230242366663859e-04
3.032659774280973262e-04
3.003318929129252207e-04
2.975154848535910735e-04
2.948141797578690310e-04
2.922310120784600866e-04
2.897618572609114338e-04
2.874159450039652833e-04
2.852082438628904498e-04
2.831327080488080196e-04
2.811901424778828545e-04
2.793891769614762388e-04
2.777338420805666860e-04
2.762236662566743169e-04
2.748519940882012433e-04
2.736142683206296443e-04
2.725049881605448913e-04
2.715123483470877866e-04
2.706206241365683362e-04
2.698235939442916254e-04
2.691261322930658365e-04
2.685317226610656129e-04
2.680508144103346726e-04
2.676904226260157877e-04
2.674493726735635113e-04
2.673270532663472084e-04
2.673270310197122272e-04
2.674600877764578321e-04
2.677291437813608113e-04
2.681385733295006961e-04
2.687048044921785841e-04
2.694320333410892801e-04
2.703139474364515569e-04
2.713442208845556237e-04
2.725096320816795207e-04
2.738035527513158905e-04
2.752307728405674813e-04
2.767902580676844752e-04
2.784761825403555473e-04
2.802894251302221222e-04
2.822291118531086956e-04
2.842953197081668970e-04
2.864953199562062240e-04
2.888337766149643446e-04
2.913094147950630558e-04
2.939203716394440773e-04
2.966611848803112940e-04
2.995229718281980846e-04
3.025034358673879455e-04
3.056118074016900060e-04
3.088508519117085481e-04
3.122064202660843968e-04
3.156592512217569740e-04
3.192008702547647421e-04
3.228278641912279414e-04
3.265242294081847430e-04
3.302715219909434534e-04
3.340813595678481136e-04
3.379819787491765426e-04
3.419796241685051433e-04
3.460627263846629848e-04
3.502156295911763601e-04
3.544381158893941610e-04
3.587428315409204867e-04
3.631359970084718195e-04
3.676176587489525635e-04
3.721860013065155957e-04
3.768415400249706428e-04
3.815844993318556733e-04
3.864142424754670770e-04
3.913214213772314232e-04
3.962914121037397551e-04
4.013218840025571383e-04
4.064212299995961547e-04
4.115862626177843164e-04
4.168045487683712962e-04
4.220850551963358324e-04
4.274420501578185907e-04
4.328729114980529240e-04
4.383615310937444081e-04
4.438908905072882507e-04
4.494488737058361110e-04
4.550248197623623205e-04
4.606101987895141157e-04
4.661954762359345628e-04
4.717836402041950829e-04
4.773870165748223134e-04
4.830117307119018350e-04
4.886532613717310333e-04
4.942906936765980273e-04
4.999200862349820976e-04
5.055550320676095071e-04
5.112029667244573101e-04
5.168737160831809747e-04
5.225803646819473201e-04
5.283357447994383805e-04
5.341502655828684687e-04
5.400373068684185271e-04
5.460019787765106386e-04
5.520355565121211989e-04
5.581462117308505499e-04
5.643517048671260836e-04
5.706500958765325362e-04
5.770314817252276181e-04
5.834855995471956505e-04
5.900096143081030387e-04
5.966061373743849388e-04
6.032796075422288415e-04
6.100317507175583498e-04
6.168679777329244638e-04
6.237909309992778224e-04
6.307924940188847475e-04
6.378726987942948297e-04
6.450151190988475140e-04
6.521992921068807923e-04
6.594258167825450779e-04
6.667010635891476317e-04
6.740271591648158787e-04
6.813972600225406441e-04
6.888139784944944484e-04
6.962815594025812066e-04
7.037865248730163338e-04
7.113186515874524597e-04
7.188781216278187624e-04
7.264619700327873538e-04
7.340812791225999594e-04
7.417543288909539271e-04
7.494822348045848378e-04
7.572635652026069291e-04
7.651069107391018529e-04
7.730279726897317351e-04
7.810142826980817545e-04
7.890414199771354081e-04
7.970984199111166109e-04
8.051772073770622649e-04
8.132745321707589639e-04
8.213944120858156965e-04
8.295543425781828689e-04
8.377692163275562726e-04
8.460447664393510106e-04
8.543805381384197463e-04
8.627752205789865868e-04
8.712360010852749411e-04
8.797684536405254909e-04
8.883734775972446573e-04
8.970608327926411427e-04
9.058555833496259894e-04
9.147768607640238171e-04
9.238294225182383133e-04
9.330258904817030022e-04
9.423762862262042824e-04
9.518652467068083921e-04
9.614795673233179907e-04
9.712218935298597795e-04
9.810784724814444052e-04
9.910290600494023414e-04
1.001070901424135811e-03
1.011202578591343130e-03
1.021413744503758218e-03
1.031695626871706678e-03
1.042044829131343444e-03
1.052455640192940861e-03
1.062926396632620689e-03
1.073459419291524809e-03
1.084055063066303917e-03
1.094709305795084700e-03
1.105408522331753803e-03
1.116131985061936125e-03
1.126859729621204186e-03
1.137584803505736200e-03
1.148290732906009264e-03
1.158959529418448087e-03
1.169592049599980487e-03
1.180192464243847621e-03
1.190744811744335252e-03
1.201229605498811085e-03
1.211631622795866867e-03
1.221941798951458420e-03
1.232160775290187891e-03
1.242288344417661087e-03
1.252319182778160664e-03
1.262238988943291135e-03
1.272036830792976992e-03
1.281709933836524401e-03
1.291255276029939407e-03
1.300658598348048735e-03
1.309917184160652292e-03
1.319047952966320063e-03
1.328066538965210278e-03
1.336987689414452377e-03
1.345823424235106361e-03
1.354567813498096457e-03
1.363207577777391212e-03
1.371721771380945455e-03
1.380111016676456061e-03
1.388398915983710211e-03
1.396588785409026484e-03
1.404678319015284374e-03
1.412671548585533662e-03
1.420555920633711838e-03
1.428334016706075179e-03
1.436026549175069321e-03
1.443641562806370149e-03
1.451189080856202024e-03
1.458664136605132078e-03
1.466030606064411441e-03
1.473256295087224015e-03
1.480352667278625684e-03
1.487330146622663912e-03
1.494183012015342336e-03
1.500914906046809955e-03
1.507520537857474528e-03
1.513992833338571788e-03
1.520337918812587289e-03
1.526574707545384204e-03
1.532721526088597075e-03
1.538776812129026951e-03
1.544745291583975210e-03
1.550634986840296716e-03
1.556435175391710814e-03
1.562144384195393717e-03
1.567767526538502761e-03
1.573299377775018524e-03
1.578731162898360917e-03
1.584067955493906202e-03
1.589313391211578073e-03
1.594462828709427519e-03
1.599519160830904785e-03
1.604484992782655118e-03
1.609351022526800271e-03
1.614114172933063095e-03
1.618796804763310282e-03
1.623415702552758605e-03
1.627966529472286983e-03
1.632437171165636389e-03
1.636829072293555492e-03
1.641158293549621876e-03
1.645432490205805476e-03
1.649646591867448119e-03
1.653776310942530869e-03
1.657788101361385314e-03
1.661680137239636553e-03
1.665482301432626936e-03
1.669218168086891285e-03
1.672905417650168494e-03
1.676548268282438293e-03
1.680165364816861139e-03
1.683787888962797645e-03
1.687437745144320560e-03
1.691128865610281012e-03
1.694864863237478814e-03
1.698654350040203383e-03
1.702492879459721739e-03
1.706372290277067844e-03
1.710295617198238178e-03
1.714284280501050502e-03
1.718351427307386430e-03
1.722482894181862241e-03
1.726655903752589809e-03
1.730862129318050738e-03
1.735111967264324094e-03
1.739406255240739767e-03
1.743734828010139225e-03
1.748094206603333783e-03
1.752484313925746625e-03
1.756888084537157509e-03
1.761285818597190271e-03
1.765678140955643984e-03
1.770079080014463077e-03
1.774513281559156547e-03
1.779006609105579419e-03
1.783577243080609843e-03
1.788238474433032727e-03
1.793008364578906793e-03
1.797894571142184730e-03
1.802887051439401329e-03
1.807977097431861949e-03
1.813169125562738484e-03
1.818479025950146778e-03
1.823928264495194461e-03
1.829537088904864377e-03
1.835311635774663445e-03
1.841257775503074524e-03
1.847385056347081514e-03
1.853703590941980627e-03
1.860230707626341897e-03
1.866980935203624032e-03
1.873957526178158866e-03
1.881156398446492961e-03
1.888572899852029516e-03
1.896209710349417354e-03
1.904070053032019859e-03
1.912152708155589152e-03
1.920468631275379454e-03
1.929028057659882027e-03
1.937845277899378311e-03
1.946953912421741425e-03
1.956382983817669258e-03
1.966139796209702331e-03
1.976223649808085420e-03
1.986631606164630630e-03
1.997339725221008565e-03
2.008325413962672341e-03
2.019575428837092589e-03
2.031074429585903209e-03
2.042824473969890621e-03
2.054825991881760894e-03
2.067062820826628174e-03
2.079503530445565417e-03
2.092124220902937329e-03
2.104949698595734702e-03
2.118002386389694885e-03
2.131269297934318147e-03
2.144735145491323026e-03
2.158397923533457875e-03
2.172259456842081694e-03
2.186308364970866551e-03
2.200530006331277537e-03
2.214905473224084136e-03
2.229415637246125875e-03
2.244057632283156210e-03
2.258844022568742317e-03
2.273780896220964614e-03
2.288860799377730876e-03
2.304077205154395937e-03
2.319434285760733645e-03
2.334940659120327520e-03
2.350599900024551506e-03
2.366430966714924353e-03
2.382464088711602670e-03
2.398728752072344216e-03
2.415234573093835019e-03
2.431976320545741182e-03
2.448964867387987913e-03
2.466215317946919561e-03
2.483736721185750718e-03
2.501535162505936268e-03
2.519611511946769859e-03
2.537966877358511369e-03
2.556609589471986466e-03
2.575533370555375522e-03
2.594723533157956320e-03
2.614164874474281166e-03
2.633845879353164179e-03
2.653761086209168417e-03
2.673901852657008162e-03
2.694250171730618905e-03
2.714776522258336312e-03
2.735464496604107180e-03
2.756304306757478579e-03
2.777294819915053416e-03
2.798450801210712862e-03
2.819780336745506075e-03
2.841286015930629804e-03
2.862968278356613390e-03
2.884821643184638015e-03
2.906851815766263360e-03
2.929072304210878289e-03
2.951484352477778614e-03
2.974076839932531489e-03
2.996830266575655020e-03
3.019725722075715206e-03
3.042743374267907995e-03
3.065865156995634024e-03
3.089087529107245773e-03
3.112412209877336161e-03
3.135840742469976541e-03
3.159375612504451963e-03
3.183009558804274653e-03
3.206727329267160774e-03
3.230508357287637401e-03
3.254325693541575484e-03
3.278168851746179370e-03
3.302042789921234150e-03
3.325947983955981034e-03
3.349872621195060934e-03
3.373802377670859828e-03
3.397739500773959941e-03
3.421689050493889345e-03
3.445639087753682699e-03
3.469577439422208854e-03
3.493523472004627338e-03
3.517507101869840266e-03
3.541529827820290906e-03
3.565573717972439580e-03
3.589635565278742526e-03
3.613733579094581365e-03
3.637877014038554471e-03
3.662056963546079635e-03
3.686264219464599565e-03
3.710490875054351344e-03
3.734712472841073862e-03
3.758907845330230861e-03
3.783058493847316506e-03
3.807111525873276524e-03
3.831040480262156399e-03
3.854838855872959064e-03
3.878470737971699556e-03
3.901915164087081320e-03
3.925164224715825892e-03
3.948212210509795782e-03
3.971065053681043303e-03
3.993742080603824608e-03
4.016266286487038192e-03
4.038650623596711994e-03
4.060905552465905559e-03
4.083042937598163440e-03
4.105070125697726259e-03
4.127004317212874980e-03
4.148862305586722282e-03
4.170657260496927338e-03
4.192386792901520685e-03
4.214025820411883110e-03
4.235563796868306932e-03
4.256996597218560066e-03
4.278310227838198407e-03
4.299489790464425774e-03
4.320537396364709445e-03
4.341436823048280304e-03
4.362177141474781611e-03
4.382770281303271717e-03
4.403209409476298297e-03
4.423458728518977687e-03
4.443480706772513431e-03
4.463252260469081217e-03
4.482750859499256245e-03
4.502002342560595949e-03
4.521023497764366066e-03
4.539799555318195685e-03
4.558331753048009902e-03
4.576615781237601543e-03
4.594622148010403008e-03
4.612320698320262341e-03
4.629719765161928631e-03
4.646823603107958119e-03
4.663627108181238323e-03
4.680137337273402795e-03
4.696348630475968670e-03
4.712255841623412718e-03
4.727869109306210779e-03
4.743197607684240813e-03
4.758279737202423046e-03
4.773171013548823186e-03
4.787878968175599340e-03
4.802374823426568996e-03
4.816648459407791953e-03
4.830702645790035249e-03
4.844513760877444328e-03
4.858082853368971520e-03
4.871426917946053252e-03
4.884561328565361488e-03
4.897513023486629348e-03
4.910279078029080625e-03
4.922863319971044864e-03
4.935256749300646548e-03
4.947432298184666066e-03
4.959387536023825149e-03
4.971118192558487449e-03
4.982615314831379850e-03
4.993887626729417301e-03
5.004942635974520514e-03
5.015763337913217712e-03
5.026329655365310151e-03
5.036614522696029710e-03
5.046604729971874287e-03
5.056300045994527315e-03
5.065673015208970939e-03
5.074692052100778124e-03
5.083340330808540711e-03
5.091609404713868733e-03
5.099508273308030713e-03
5.107050798132278281e-03
5.114238109308780027e-03
5.121055005494159172e-03
5.127498879882517839e-03
5.133591147126011743e-03
5.139356510484626231e-03
5.144836434047531278e-03
5.150061506622763755e-03
5.155025106400108054e-03
5.159731525109782779e-03
5.164218121530111429e-03
5.168503203910409897e-03
5.172559155355008556e-03
5.176354863083158092e-03
5.179903409003695086e-03
5.183232665289247594e-03
5.186349070399156810e-03
5.189252353900678828e-03
5.191951373334862362e-03
5.194446933276969727e-03
5.196731315708955946e-03
5.198792361701072562e-03
5.200632991748909729e-03
5.202277483520513501e-03
5.203741488143279713e-03
5.205023750514300475e-03
5.206102939964386486e-03
5.206968680728999398e-03
5.207644355603583027e-03
5.208151982392567741e-03
5.208502049691046687e-03
5.208713298547352870e-03
5.208805642844168901e-03
5.208802109296464464e-03
5.208727612635360646e-03
5.208587895117511996e-03
5.208379357079287973e-03
5.208107028165504665e-03
5.207775550081575333e-03
5.207387106988357363e-03
5.206932377223249218e-03
5.206391706793688998e-03
5.205742687030150834e-03
5.204967943443023805e-03
5.204062774425097584e-03
5.203040694372433606e-03
5.201904341378739763e-03
5.200634799576950643e-03
5.199233400438660682e-03
5.197707987045044851e-03
5.196050521438965591e-03
5.194251916606352007e-03
5.192298810025879410e-03
5.190192142014812826e-03
5.187919386553202679e-03
5.185435809857759371e-03
5.182701669149123759e-03
5.179724660427646732e-03
5.176557212235274527e-03
5.173226389275002376e-03
5.169751838621091181e-03
5.166171039135868809e-03
5.162510587607147330e-03
5.158752276279699595e-03
5.154890630000295501e-03
5.150948312645433659e-03
5.146933204197080489e-03
5.142869375450418584e-03
5.138752708298300123e-03
5.134570252071301091e-03
5.130337865478508744e-03
5.126070592408406984e-03
5.121766789028238398e-03
5.117417211710826794e-03
5.113036406858242032e-03
5.108652035965963699e-03
5.104282256867508950e-03
5.099918002541327551e-03
5.095554763056918401e-03
5.091202356025606966e-03
5.086853809576755148e-03
5.082501738750346172e-03
5.078138698742720204e-03
5.073748769575323059e-03
5.069324363540825100e-03
5.064874344549308814e-03
5.060424298461888015e-03
5.055996046440761060e-03
5.051597873589011578e-03
5.047255248881154892e-03
5.042980989782746941e-03
5.038761988923621919e-03
5.034587515790592618e-03
5.030425455187095309e-03
5.026227212371787122e-03
5.021980337069923729e-03
5.017712124750229805e-03
5.013421358023076140e-03
5.009072757029222993e-03
5.004633358708160049e-03
5.000091612563112992e-03
4.995458464749626300e-03
4.990735675530726459e-03
4.985916115096863423e-03
4.980996537830231427e-03
4.975988378624215946e-03
4.970923787054482706e-03
4.965829936887990528e-03
4.960720551677966390e-03
4.955607304038840873e-03
4.950466151148953317e-03
4.945272488482050505e-03
4.940015476020662849e-03
4.934679594696755357e-03
4.929269739479978131e-03
4.923798808545314966e-03
4.918256215025529690e-03
4.912615644793741354e-03
4.906876422601331653e-03
4.901046540297110919e-03
4.895124590226971294e-03
4.889097476964702343e-03
4.882946048167241017e-03
4.876658875567939193e-03
4.870232641028948185e-03
4.863667070440542625e-03
4.856975052984970932e-03
4.850144616039572462e-03
4.843123402450052843e-03
4.835883165621769793e-03
4.828438073159267707e-03
4.820789579519883274e-03
4.812948093723494296e-03
4.804914913123131334e-03
4.796665787704688239e-03
4.788187324804208875e-03
4.779447713868933620e-03
4.770415944866533177e-03
4.761088814968487785e-03
4.751472968435420038e-03
4.741589862735722319e-03
4.731451783170481824e-03
4.721069872621538877e-03
4.710451686348495447e-03
4.699566451591381984e-03
4.688396628218825107e-03
4.676939594503684745e-03
4.665204839349762489e-03
4.653202245011015328e-03
4.640932222122003473e-03
4.628399978497174834e-03
4.615600698861248470e-03
4.602549148810769312e-03
4.589304842771937953e-03
4.575904561325911529e-03
4.562335748192007309e-03
4.548583995225876676e-03
4.534635553746742438e-03
4.520473388534769141e-03
4.506082111527146689e-03
4.491462245447727132e-03
4.476650904572421728e-03
4.461692740590409920e-03
4.446595073377103240e-03
4.431341452044369050e-03
4.415932773276607694e-03
4.400361548288638652e-03
4.384621686625267065e-03
4.368739457655088261e-03
4.352726995330291615e-03
4.336588730031132495e-03
4.320350539725818437e-03
4.304065997828616756e-03
4.287778013299180235e-03
4.271483905541489413e-03
4.255159111457533852e-03
4.238793455762079367e-03
4.222392236712263665e-03
4.205959097727503607e-03
4.189493381482551140e-03
4.172990682323717178e-03
4.156451228749318341e-03
4.139870726453111563e-03
4.123247847172478026e-03
4.106580673530355920e-03
4.089865155539093577e-03
4.073102553588497411e-03
4.056294635411746875e-03
4.039453625164855788e-03
4.022577826589993771e-03
4.005657619513918605e-03
3.988703439363033496e-03
3.971718808466757032e-03
3.954698839997028946e-03
3.937643821427866050e-03
3.920552081964246045e-03
3.903418140892614928e-03
3.886248423295702876e-03
3.869050402113957763e-03
3.851834511874084512e-03
3.834630912990756677e-03
3.817439146797292366e-03
3.800230467221434212e-03
3.782985938235944225e-03
3.765702975394770273e-03
3.748406604642774351e-03
3.731122938655556838e-03
3.713846645232737713e-03
3.696558038785454411e-03
3.679261326417379314e-03
3.661971187347745366e-03
3.644685015413275195e-03
3.627387960837600168e-03
3.610065234706355888e-03
3.592721652344556520e-03
3.575366705127944276e-03
3.557994867442707595e-03
3.540605138638714712e-03
3.523185800902549868e-03
3.505711933921966568e-03
3.488178665195877312e-03
3.470609322265274729e-03
3.453018515272387665e-03
3.435404579785019449e-03
3.417774821737650306e-03
3.400144580552988838e-03
3.382528403442009932e-03
3.364926983196249530e-03
3.347338569310805579e-03
3.329765491125849346e-03
3.312202977879715772e-03
3.294638621140661815e-03
3.277056289501551617e-03
3.259437220063193807e-03
3.241765119529007536e-03
3.224031864861007929e-03
3.206222316208097792e-03
3.188314355732681411e-03
3.170298614408172556e-03
3.152170442288571364e-03
3.133926583058473016e-03
3.115566132807426683e-03
3.097092320821425056e-03
3.078522558346726262e-03
3.059870228565962722e-03
3.041129905102672552e-03
3.022297085542693766e-03
3.003377213476962019e-03
2.984367232902272044e-03
2.965262531278016998e-03
2.946064155275147749e-03
2.926771201735846664e-03
2.907374102634874020e-03
2.887853429382500597e-03
2.868204834875579760e-03
2.848435754757891892e-03
2.828548440557640455e-03
2.808559027251127972e-03
2.788478212182535481e-03
2.768292465575154706e-03
2.747986822770720049e-03
2.727558525825264559e-03
2.707007661927979866e-03
2.686346032975441868e-03
2.665572687253344245e-03
2.644665383806603723e-03
2.623627440534992070e-03
2.602486011841359265e-03
2.581256666033365701e-03
2.559936275290867862e-03
2.538514245691268507e-03
2.516975781543870274e-03
2.495303761633877859e-03
2.473481417362350873e-03
2.451502588776046515e-03
2.429362719006104669e-03
2.407061163285094917e-03
2.384623698737434443e-03
2.362088594352066296e-03
2.339467126486494478e-03
2.316750655528232623e-03
2.293917817939067523e-03
2.270952077859383564e-03
2.247842746335015386e-03
2.224580158402913056e-03
2.201164268376911218e-03
2.177584739458610433e-03
2.153835388492004836e-03
2.129916948701943320e-03
2.105828419227685246e-03
2.081565293006185351e-03
2.057113456508457075e-03
2.032478376896224622e-03
2.007690849976262459e-03
1.982772289024837317e-03
1.957728147304553697e-03
1.932547251634777205e-03
1.907219846290011522e-03
1.881746416357569411e-03
1.856124641923795815e-03
1.830360691115253411e-03
1.804454481908082924e-03
1.778397885847319681e-03
1.752190470752930818e-03
1.725836187431485170e-03
1.699335895463669746e-03
1.672688466535889214e-03
1.645895721422261856e-03
1.618974969694433061e-03
1.591941606490809326e-03
1.564791143297413053e-03
1.537515758621035497e-03
1.510128400348059296e-03
1.482648255821545410e-03
1.455079729649642103e-03
1.427436815873899716e-03
1.399724119142985602e-03
1.371926537670001061e-03
1.344030924007300759e-03
1.316038366696730333e-03
1.287948855488716890e-03
1.259768632117211525e-03
1.231518275874332515e-03
1.203205473162588480e-03
1.174842126857154933e-03
1.146444398050288629e-03
1.118021486515024957e-03
1.089581964707319944e-03
1.061118101285719829e-03
1.032616723521921067e-03
1.004074843514294203e-03
9.754956759586761285e-04
9.468863709223362219e-04
9.182512678987530142e-04
8.895972319642947782e-04
8.609303197507728279e-04
8.322350901534183304e-04
8.035013039557725289e-04
7.747482916461905043e-04
7.459933141846954293e-04
7.172403371027327289e-04
6.884998297082955271e-04
6.597883625651351606e-04
6.311081820672410740e-04
6.024524183432599473e-04
5.738247970638859358e-04
5.452393212614716237e-04
5.167107085899288977e-04
4.882405973380798524e-04
4.598343003860406964e-04
4.315027241317186753e-04
4.032463462692291185e-04
3.750710566061256444e-04
3.469797372583092792e-04
3.189736773658636052e-04
2.910660005794458690e-04
2.632693854410488726e-04
2.355930494394277636e-04
2.080463374726143676e-04
1.806355674388531829e-04
1.533716413808037930e-04
1.262751042391246762e-04
9.936982481580788830e-05
7.267175627640088840e-05
4.617975295077941621e-05
1.988137983443983566e-05
-6.233169821164819478e-06
-3.216422701709782081e-05
-5.790826702580930286e-05
-8.346131411346224349e-05
-1.088171435265770557e-04
-1.339718424205935782e-04
-1.589226666972184086e-04
-1.836693446281182718e-04
-2.082117548015642713e-04
-2.325556678175223226e-04
-2.567081914617585256e-04
-2.806658581464543793e-04
-3.044275096425599425e-04
-3.279902671938895813e-04
-3.513409335371505304e-04
-3.744663379153548798e-04
-3.973518136717519894e-04
-4.199958588020178286e-04
-4.424203862294053468e-04
-4.646560894639935910e-04
-4.867258529493437226e-04
-5.086409045092427691e-04
-5.304056871757199332e-04
-5.520127134327643082e-04
-5.734535751770395958e-04
-5.947189348217157443e-04
-6.157970929002576496e-04
-6.366904841472594782e-04
-6.573997266295141797e-04
-6.779167343865419000e-04
-6.982473184010491631e-04
-7.184025086219444044e-04
-7.383858832161679930e-04
-7.581889045353306690e-04
-7.777924391527185535e-04
-7.971772434723738143e-04
-8.163262401627422631e-04
-8.352347543371945078e-04
-8.539158306855225509e-04
-8.723814695533727275e-04
-8.906435838391397845e-04
-9.087074908023867140e-04
-9.265678848628450997e-04
-9.442151500298292567e-04
-9.616371243409138625e-04
-9.788221244135034398e-04
-9.957608611115380259e-04
-1.012454056514307211e-03
-1.028910915046705576e-03
-1.045151492946044250e-03
-1.061183806599706129e-03
-1.077002663796663116e-03
-1.092607778331396943e-03
-1.107993345719915845e-03
-1.123154128309363474e-03
-1.138079785658382926e-03
-1.152765945749088241e-03
-1.167215929871736561e-03
-1.181425430369756812e-03
-1.195395930961086137e-03
-1.209140856904870019e-03
-1.222674950266447761e-03
-1.235997949935421954e-03
-1.249113504115651830e-03
-1.262037064655495509e-03
-1.274778338246233388e-03
-1.287337624606260753e-03
-1.299716522175107213e-03
-1.311920912072869110e-03
-1.323938011603938494e-03
-1.335751297507400265e-03
-1.347351839766602931e-03
-1.358722817123369543e-03
-1.369845484826147939e-03
-1.380709200962643591e-03
-1.391313200666959102e-03
-1.401663850676611442e-03
-1.411759218109282432e-03
-1.421590641019271220e-03
-1.431163051387632484e-03
-1.440476809232060697e-03
-1.449543908691696944e-03
-1.458384716099970189e-03
-1.466997599878041604e-03
-1.475374788203923353e-03
-1.483521597248111876e-03
-1.491448762537431454e-03
-1.499170848767569439e-03
-1.506694154147597726e-03
-1.514011623394115194e-03
-1.521112187095200255e-03
-1.527985913837808744e-03
-1.534635308418669632e-03
-1.541066459070185735e-03
-1.547281363781216482e-03
-1.553262166756598029e-03
-1.558982009356703335e-03
-1.564437274807156534e-03
-1.569650473389241777e-03
-1.574636409406316058e-03
-1.579393130160355267e-03
-1.583916883173886120e-03
-1.588205838291588791e-03
-1.592274256512048441e-03
-1.596125004772414990e-03
-1.599743789659006628e-03
-1.603128830370335097e-03
-1.606279281995380776e-03
-1.609181387420495534e-03
-1.611822956759809133e-03
-1.614192758127401322e-03
-1.616274685930563009e-03
-1.618057292900234884e-03
-1.619555448126999003e-03
-1.620798451028899675e-03
-1.621784586160998024e-03
-1.622509090373570450e-03
-1.622989278716782538e-03
-1.623243004902214610e-03
-1.623284219471088233e-03
-1.623116361396044569e-03
-1.622735252691636862e-03
-1.622142142675540681e-03
-1.621356892855766764e-03
-1.620403434626760007e-03
-1.619294655582707550e-03
-1.618039853706209393e-03
-1.616638883977063092e-03
-1.615099988984110150e-03
-1.613440820641041940e-03
-1.611665788645204886e-03
-1.609779618481097050e-03
-1.607793594116196500e-03
-1.605719663989711547e-03
-1.603567342577055885e-03
-1.601341253041576457e-03
-1.599051014163595198e-03
-1.596710165488652829e-03
-1.594342732517104811e-03
-1.591975085913811469e-03
-1.589624536418860487e-03
-1.587294588718143624e-03
-1.584975379617082096e-03
-1.582674460458639160e-03
-1.580405839616904435e-03
-1.578159077115216325e-03
-1.575897013121579492e-03
-1.573594269932713759e-03
-1.571257530799482225e-03
-1.568891936801491624e-03
-1.566489710871240464e-03
-1.564043111841630128e-03
-1.561548723498270251e-03
-1.559001443634468100e-03
-1.556405832166204073e-03
-1.553758507349700798e-03
-1.551051562849544438e-03
-1.548284355313598020e-03
-1.545447442627941601e-03
-1.542533721453398119e-03
-1.539552570541582316e-03
-1.536520974257400869e-03
-1.533447384816224090e-03
-1.530337252509841482e-03
-1.527192646934281669e-03
-1.524015736756312951e-03
-1.520804462806998620e-03
-1.517551602749422001e-03
-1.514266452642503780e-03
-1.510958931370510409e-03
-1.507638848203511064e-03
-1.504301398673988776e-03
-1.500930520405768971e-03
-1.497528469568439177e-03
-1.494106186362428998e-03
-1.490683080327483622e-03
-1.487282732515785803e-03
-1.483924094055451975e-03
-1.480615995324608336e-03
-1.477374703547653994e-03
-1.474212664432426097e-03
-1.471118759437276078e-03
-1.468089879785096450e-03
-1.465130117401702110e-03
-1.462228064929577869e-03
-1.459367236790591084e-03
-1.456537991592694609e-03
-1.453723010651071903e-03
-1.450906804195216133e-03
-1.448099387859801569e-03
-1.445310531492747163e-03
-1.442537837019460499e-03
-1.439790239019020758e-03
-1.437084901242234201e-03
-1.434431679086017571e-03
-1.431833353065087126e-03
-1.429290111822714661e-03
-1.426809631815587499e-03
-1.424405252311702029e-03
-1.422082987552081420e-03
-1.419845144222868548e-03
-1.417699144886656187e-03
-1.415654106290101417e-03
-1.413705344564139066e-03
-1.411837411738553613e-03
-1.410034663006469718e-03
-1.408291037025133710e-03
-1.406608616694132773e-03
-1.404987206274065656e-03
-1.403425053714629344e-03
-1.401929019892941570e-03
-1.400501544991232658e-03
-1.399159722895742261e-03
-1.397936470542075586e-03
-1.396844707092471547e-03
-1.395877932500034016e-03
-1.395017440618601849e-03
-1.394250899791402501e-03
-1.393575369247560891e-03
-1.393001255827491184e-03
-1.392535528693287800e-03
-1.392172915421225482e-03
-1.391903161380142646e-03
-1.391713089394266229e-03
-1.391592159237144610e-03
-1.391521803630292034e-03
-1.391486924311137767e-03
-1.391489698803964224e-03
-1.391521677572642255e-03
-1.391580222097122061e-03
-1.391679355544865300e-03
-1.391831149573613535e-03
-1.392045368053679505e-03
-1.392329911554811978e-03
-1.392694813744153534e-03
-1.393150934757245466e-03
-1.393690865486998422e-03
-1.394304438723484264e-03
-1.394999909568288158e-03
-1.395775047587565106e-03
-1.396622227540260863e-03
-1.397530794809353225e-03
-1.398492486098081152e-03
-1.399509806458634634e-03
-1.400581868663364031e-03
-1.401722707546889345e-03
-1.402955933940567461e-03
-1.404266629499788168e-03
-1.405617150555716396e-03
-1.406982657021401024e-03
-1.408357366562660055e-03
-1.409751337853300127e-03
-1.411177678204474355e-03
-1.412648327095485318e-03
-1.414166001679794662e-03
-1.415722615303222770e-03
-1.417311053262539436e-03
-1.418943708941167907e-03
-1.420650066360877595e-03
-1.422442509095919174e-03
-1.424304476934263501e-03
-1.426221006492329763e-03
-1.428198190109383195e-03
-1.430250028339530039e-03
-1.432387161542832740e-03
-1.434618778630205801e-03
-1.436951985641532481e-03
-1.439377833543351243e-03
-1.441889890610867191e-03
-1.444491246967448883e-03
-1.447189618049965357e-03
-1.449993085742977287e-03
-1.452895137915456887e-03
-1.455898261222647420e-03
-1.459018601104652025e-03
-1.462268241675671520e-03
-1.465635610644697639e-03
-1.469099983694115499e-03
-1.472649315072313862e-03
-1.476270583597667817e-03
-1.479949071236352906e-03
-1.483665694571194293e-03
-1.487412874693097272e-03
-1.491210100083999656e-03
-1.495070956261579289e-03
-1.498983405926883209e-03
-1.502923545160420905e-03
-1.506872422159584229e-03
-1.510823496506306452e-03
-1.514764425816869870e-03
-1.518677894068356854e-03
-1.522543043617981305e-03
-1.526340818349111728e-03
-1.530069144332372663e-03
-1.533738036416976407e-03
-1.537356056770262675e-03
-1.540921066914510609e-03
-1.544432514212454831e-03
-1.547889427552608978e-03
-1.551266177665405321e-03
-1.554532818920709202e-03
-1.557673301550377637e-03
-1.560677409261013648e-03
-1.563552804150717757e-03
-1.566316036026289046e-03
-1.568969475313505271e-03
-1.571491061848936293e-03
-1.573875282937898341e-03
-1.576131044649132194e-03
-1.578243575899749987e-03
-1.580196261333660082e-03
-1.581967996274622574e-03
-1.583553292597742823e-03
-1.584976661858052832e-03
-1.586269253340199257e-03
-1.587458022555019192e-03
-1.588561227183772281e-03
-1.589583730588052394e-03
-1.590523359513776542e-03
-1.591383819773277940e-03
-1.592171541950695773e-03
-1.592902216421545171e-03
-1.593606834021282607e-03
-1.594306881479766761e-03
-1.595017078958755339e-03
-1.595759340765729416e-03
-1.596568585288552899e-03
-1.597481877142409258e-03
-1.598512560767514305e-03
-1.599649678085215011e-03
-1.600867737880988257e-03
-1.602149048542383849e-03
-1.603490759398330627e-03
-1.604892784941264455e-03
-1.606346759794291318e-03
-1.607832561462854736e-03
-1.609331671964528811e-03
-1.610829054994225790e-03
-1.612336458125783641e-03
-1.613880600054749207e-03
-1.615479839942176535e-03
-1.617164535665540281e-03
-1.618943021667673156e-03
-1.620777533017986414e-03
-1.622642184870431341e-03
-1.624547077612165449e-03
-1.626494737246266019e-03
-1.628488742721894388e-03
-1.630531972215759455e-03
-1.632618206950080730e-03
-1.634763436780039885e-03
-1.637005517696642687e-03
-1.639350028523941160e-03
-1.641784460812522554e-03
-1.644325795439051732e-03
-1.646999115398839475e-03
-1.649812590286064235e-03
-1.652762089284726859e-03
-1.655850183756517975e-03
-1.659064868850461220e-03
-1.662373421229409185e-03
-1.665734269621690520e-03
-1.669108446962866985e-03
-1.672484828764121039e-03
-1.675846685456993399e-03
-1.679166094454122640e-03
-1.682431867574666262e-03
-1.685638270685463997e-03
-1.688779302690211065e-03
-1.691837198581005227e-03
-1.694808188243602468e-03
-1.697698820329078193e-03
-1.700485911176254951e-03
-1.703133044371763112e-03
-1.705606871918568732e-03
-1.707895602296653163e-03
-1.710000184199734607e-03
-1.711911599144715166e-03
-1.713613337043409573e-03
-1.715102077541730665e-03
-1.716360000028133203e-03
-1.717349349912568714e-03
-1.718040842970843841e-03
-1.718423033332527015e-03
-1.718502716953225744e-03
-1.718295194693638056e-03
-1.717817196029894095e-03
-1.717073885090064558e-03
-1.716066683800037893e-03
-1.714796784295747039e-03
-1.713272142451643856e-03
-1.711508727695507191e-03
-1.709530642914575214e-03
-1.707362192298010443e-03
-1.705003667005792036e-03
-1.702450654358198803e-03
-1.699694944754249733e-03
-1.696726576507315591e-03
-1.693541181221712780e-03
-1.690144262656913341e-03
-1.686554765510365215e-03
-1.682758538851071529e-03
-1.678747125133775919e-03
-1.674515654281264919e-03
-1.670046622862989818e-03
-1.665352067717807208e-03
-1.660433356639480322e-03
-1.655291631666497461e-03
-1.649933212501680227e-03
-1.644340783418645055e-03
-1.638484958931112631e-03
-1.632345179996196440e-03
-1.625956612614322568e-03
-1.619370923315140241e-03
-1.612587020245796320e-03
-1.605622935272493475e-03
-1.598535681437931143e-03
-1.591336985456971937e-03
-1.584025106542669191e-03
-1.576626894416902113e-03
-1.569144326404711166e-03
-1.561561804172107749e-03
-1.553897360704661283e-03
-1.546181375316143169e-03
-1.538430686943315518e-03
-1.530647234450698002e-03
-1.522821972449319794e-03
-1.514957977178547433e-03
-1.507062974630595398e-03
-1.499140014974586609e-03
-1.491190270176345799e-03
-1.483216949488340907e-03
-1.475226826672325917e-03
-1.467216383858875811e-03
-1.459193299831321568e-03
-1.451169189849459921e-03
-1.443137953146282973e-03
-1.435088785414649062e-03
-1.427010927769891335e-03
-1.418895103790982415e-03
-1.410735608785628229e-03
-1.402532238138892457e-03
-1.394286127810228770e-03
-1.386004698584376036e-03
-1.377698449166531560e-03
-1.369374105672354789e-03
-1.361039990095270396e-03
-1.352694288472575026e-03
-1.344349386756972693e-03
-1.336015495368982238e-03
-1.327682225175782701e-03
-1.319350654268078250e-03
-1.311045924640531074e-03
-1.302775439466879277e-03
-1.294518620561935750e-03
-1.286272878778242429e-03
-1.278040592723540640e-03
-1.269813698203059449e-03
-1.261581356072709629e-03
-1.253344731728634701e-03
-1.245121153607230309e-03
-1.236932814860247035e-03
-1.228800487648408794e-03
-1.220743465751087699e-03
-1.212771809118953987e-03
-1.204895702212466007e-03
-1.197128475383481706e-03
-1.189480494800071063e-03
-1.181949914281866642e-03
-1.174532608887705930e-03
-1.167227751080687943e-03
-1.160018262829979425e-03
-1.152890704583723128e-03
-1.145845551044489272e-03
-1.138877700232746081e-03
-1.131983654962145534e-03
-1.125172235765824853e-03
-1.118451673836530534e-03
-1.111822090848502273e-03
-1.105297816152856329e-03
-1.098894684057690049e-03
-1.092598940121449836e-03
-1.086406285795164925e-03
-1.080331699420862502e-03
-1.074382728226731766e-03
-1.068549693580919278e-03
-1.062829866333029564e-03
-1.057224932849296561e-03
-1.051723454445843003e-03
-1.046328561238498833e-03
-1.041049894394229522e-03
-1.035900300060191726e-03
-1.030907403701546328e-03
-1.026081144009470449e-03
-1.021405677281970494e-03
-1.016870066373637502e-03
-1.012470930775159544e-03
-1.008194213594754314e-03
-1.004027273086495475e-03
-9.999692909860918508e-04
-9.960215900251404367e-04
-9.921953592813641774e-04
-9.884896185604397957e-04
-9.849017925009208394e-04
-9.814518174118217614e-04
-9.781448476613352396e-04
-9.749758432051083791e-04
-9.719517449910693553e-04
-9.690770298887452791e-04
-9.663497315898178334e-04
-9.637727281149945134e-04
-9.613547811855815929e-04
-9.591020801806206947e-04
-9.570231020862865695e-04
-9.551257691064056520e-04
-9.534024520835598275e-04
-9.518406366518384742e-04
-9.504341845888294657e-04
-9.491813461839401344e-04
-9.480874972323099234e-04
-9.471685438323574789e-04
-9.464426982122791472e-04
-9.459205229359566322e-04
-9.456066032642035510e-04
-9.455006773687113031e-04
-9.455913136300361874e-04
-9.458630575551935961e-04
-9.463123558317267569e-04
-9.469452580108197754e-04
-9.477742422920273392e-04
-9.488115855110092851e-04
-9.500652911475907826e-04
-9.515309614115122694e-04
-9.531999154011475215e-04
-9.550615070808061600e-04
-9.571067508372765702e-04
-9.593238227005810442e-04
-9.616974352672537363e-04
-9.642278507905401334e-04
-9.669232833945499723e-04
-9.697954865616612626e-04
-9.728539708581815859e-04
-9.760919768198363924e-04
-9.794939217719160745e-04
-9.830653110957643642e-04
-9.868241626370922396e-04
-9.907818776419370296e-04
-9.949352132946436261e-04
-9.992564928881491476e-04
-1.003720424147160799e-03
-1.008326943360742097e-03
-1.013082417473638343e-03
-1.017982415003229656e-03
-1.023015472369983138e-03
-1.028167420310461535e-03
-1.033435975835669948e-03
-1.038818054373694079e-03
-1.044301109396622270e-03
-1.049884319055142392e-03
-1.055564972066450708e-03
-1.061330271248224488e-03
-1.067170134632852707e-03
-1.073085306787636625e-03
-1.079078807153362836e-03
-1.085148869406562556e-03
-1.091298977072678502e-03
-1.097539077027942858e-03
-1.103875075418096719e-03
-1.110313273482812059e-03
-1.116868911425027491e-03
-1.123534817103842521e-03
-1.130288573788176820e-03
-1.137128463262974259e-03
-1.144059869605487017e-03
-1.151092506098146074e-03
-1.158241673522720843e-03
-1.165522232460024753e-03
-1.172946944291653132e-03
-1.180525234348699277e-03
-1.188253826479035392e-03
-1.196137167297335385e-03
-1.204187323937306025e-03
-1.212397707297112629e-03
-1.220745713688611324e-03
-1.229211870190373770e-03
-1.237804647687373253e-03
-1.246540184585355222e-03
-1.255423588855146587e-03
-1.264448374183743066e-03
-1.273610341557189539e-03
-1.282909324491932068e-03
-1.292343050623934566e-03
-1.301917954526102999e-03
-1.311645022959517706e-03
-1.321530219943304468e-03
-1.331571250202920591e-03
-1.341761626929646560e-03
-1.352092487352820477e-03
-1.362559883486043387e-03
-1.373150828877314723e-03
-1.383839357724752370e-03
-1.394623944380382488e-03
-1.405523407976085092e-03
-1.416551098462761433e-03
-1.427717774859477585e-03
-1.439036553123754789e-03
-1.450509647673719560e-03
-1.462126302440461137e-03
-1.473873826551504434e-03
-1.485739357005546680e-03
-1.497723426953941018e-03
-1.509835183388129939e-03
-1.522074000788472582e-03
-1.534429276801700616e-03
-1.546900368331997205e-03
-1.559495637081837957e-03
-1.572225676344721126e-03
-1.585103134378877850e-03
-1.598123311936409116e-03
-1.611274815028618593e-03
-1.624545187144554002e-03
-1.637920440108074941e-03
-1.651401589900019931e-03
-1.664998056213871664e-03
-1.678703550480940701e-03
-1.692509475013800890e-03
-1.706423749123859614e-03
-1.720440148072687522e-03
-1.734541698370104185e-03
-1.748725446958234115e-03
-1.763008720346926142e-03
-1.777407448226664280e-03
-1.791927088600681495e-03
-1.806575685226258048e-03
-1.821350596663670737e-03
-1.836244174087945562e-03
-1.851243875643693217e-03
-1.866350408582606677e-03
-1.881577157567192096e-03
-1.896920224983576764e-03
-1.912364933547921640e-03
-1.927905943443088133e-03
-1.943562496336749068e-03
-1.959354328913246856e-03
-1.975284489688091619e-03
-1.991334239937131781e-03
-2.007475952604689893e-03
-2.023693637709053552e-03
-2.039977829052133911e-03
-2.056327735132394783e-03
-2.072743363559749301e-03
-2.089212642469941410e-03
-2.105710532544980123e-03
-2.122218515045505311e-03
-2.138728821227527718e-03
-2.155224311434951901e-03
-2.171691322145754850e-03
-2.188137454618956351e-03
-2.204562084086012213e-03
-2.220950116585850096e-03
-2.237287820119711421e-03
-2.253568126518304144e-03
-2.269787699800092547e-03
-2.285944030914815669e-03
-2.302041365992641472e-03
-2.318088511345636673e-03
-2.334109657183852053e-03
-2.350117741976970841e-03
-2.366100278035696784e-03
-2.382059676449873719e-03
-2.397996944681197746e-03
-2.413894216467202865e-03
-2.429721516205309538e-03
-2.445451507025999706e-03
-2.461089494107484600e-03
-2.476645136166636969e-03
-2.492108964722435441e-03
-2.507475574773536386e-03
-2.522760436310178284e-03
-2.537971856642222846e-03
-2.553093608892169526e-03
-2.568118706578049852e-03
-2.583071727001702914e-03
-2.597993585190482707e-03
-2.612894476231185283e-03
-2.627772728720210050e-03
-2.642643720196117662e-03
-2.657534436388438864e-03
-2.672459528455696596e-03
-2.687407720458067934e-03
-2.702374252814346289e-03
-2.717355163245359362e-03
-2.732345566916109282e-03
-2.747346589294332852e-03
-2.762373580774521616e-03
-2.777440422656934568e-03
-2.792535526582240989e-03
-2.807632559411194894e-03
-2.822711931290459997e-03
-2.837770452979781598e-03
-2.852812286770276505e-03
-2.867829012204545659e-03
-2.882808831664342587e-03
-2.897750786578253204e-03
-2.912645529318633360e-03
-2.927476610909405998e-03
-2.942228539241286897e-03
-2.956904810617287920e-03
-2.971515211716890207e-03
-2.986059635600690244e-03
-3.000547501870130633e-03
-3.014986576636884390e-03
-3.029385252936448586e-03
-3.043742966089247985e-03
-3.058054306801368319e-03
-3.072336131313777290e-03
-3.086607340713177616e-03
-3.100881069726379828e-03
-3.115156850724314780e-03
-3.129429472536801767e-03
-3.143696034539062226e-03
-3.157939714189518521e-03
-3.172135643122645388e-03
-3.186252415501145737e-03
-3.200278951255269844e-03
-3.214220437045014166e-03
-3.228096794966077952e-03
-3.241946846600901252e-03
-3.255787985644461452e-03
-3.269621335288900275e-03
-3.283454884039878081e-03
-3.297300811346897623e-03
-3.311169800764244067e-03
-3.325073405489311837e-03
-3.339018568182888346e-03
-3.353006605586087742e-03
-3.367031100733498296e-03
-3.381081170263744266e-03
-3.395143800960885496e-03
-3.409205449696146428e-03
-3.423248120604349253e-03
-3.437248101878970924e-03
-3.451193000163109512e-03
-3.465085911723786005e-03
-3.478925822811675030e-03
-3.492707847752577182e-03
-3.506426368755110202e-03
-3.520069066404716597e-03
-3.533614999462582167e-03
-3.547049341070611025e-03
-3.560379301942358504e-03
-3.573605506508368331e-03
-3.586719969028243429e-03
-3.599724104747245492e-03
-3.612629481005870564e-03
-3.625433678285203999e-03
-3.638129426929927971e-03
-3.650722605427792877e-03
-3.663225539640246539e-03
-3.675658566546766148e-03
-3.688032952720511366e-03
-3.700348299539506919e-03
-3.712615449470215660e-03
-3.724865615231399193e-03
-3.737121725203343924e-03
-3.749385799221434737e-03
-3.761655203108056015e-03
-3.773939027148536917e-03
-3.786244685181012429e-03
-3.798572314802555611e-03
-3.810930895430319001e-03
-3.823313837906904076e-03
-3.835702651135132219e-03
-3.848079081536099830e-03
-3.860437347324291706e-03
-3.872786137859282173e-03
-3.885122923169146564e-03
-3.897432819538988909e-03
-3.909719899768322217e-03
-3.922003482106536411e-03
-3.934298843743595959e-03
-3.946618255571986145e-03
-3.958950536062282380e-03
-3.971265377452766823e-03
-3.983560486376306990e-03
-3.995870364731940287e-03
-4.008234113949332884e-03
-4.020662944349333474e-03
-4.033158887467675965e-03
-4.045739661229712930e-03
-4.058407770491416315e-03
-4.071168039731717925e-03
-4.084015419709736451e-03
-4.096924172061603732e-03
-4.109888852081914484e-03
-4.122920499901427081e-03
-4.136019736241697276e-03
-4.149164784709061943e-03
-4.162336253283216436e-03
-4.175539301020303982e-03
-4.188774017210653185e-03
-4.202029054780061050e-03
-4.215324625754923900e-03
-4.228710634136008568e-03
-4.242211328321790834e-03
-4.255828017065111171e-03
-4.269560480421564878e-03
-4.283402149869111435e-03
-4.297374497253628536e-03
-4.311517516462405782e-03
-4.325838682951175899e-03
-4.340331338450561204e-03
-4.354993265827777037e-03
-4.369823968493056696e-03
-4.384832015501794258e-03
-4.399994286947792738e-03
-4.415266485377032993e-03
-4.430651167389327953e-03
-4.446171185338888832e-03
-4.461827600510936791e-03
-4.477620968564883543e-03
-4.493546778530465961e-03
-4.509586872280892805e-03
-4.525740404956116701e-03
-4.542018616873844637e-03
-4.558437766039050154e-03
-4.575017803587876596e-03
-4.591768355994871147e-03
-4.608699227679168876e-03
-4.625818484821912942e-03
-4.643108409683247353e-03
-4.660560018760469964e-03
-4.678174735624519853e-03
-4.695931871466770685e-03
-4.713821019588942431e-03
-4.731856168661739519e-03
-4.750044516770178006e-03
-4.768380551808354233e-03
-4.786865219523147447e-03
-4.805493898596263462e-03
-4.824247674458800698e-03
-4.843118882558142442e-03
-4.862115999888690261e-03
-4.881212879707921316e-03
-4.900384775370821185e-03
-4.919639344263754613e-03
-4.938965123542583303e-03
-4.958341727190323373e-03
-4.977754681110101512e-03
-4.997194306375413696e-03
-5.016655092490892622e-03
-5.036129004037617762e-03
-5.055597206262821275e-03
-5.075034332577483751e-03
-5.094434962046744467e-03
-5.113819406196656522e-03
-5.133207797589229779e-03
-5.152608902097354643e-03
-5.172050356783927140e-03
-5.191545510074662730e-03
-5.211090520793226939e-03
-5.230692687450196054e-03
-5.250342080050981325e-03
-5.270017792647638602e-03
-5.289710902200772842e-03
-5.309435082249677057e-03
-5.329189271469898445e-03
-5.348957863448907529e-03
-5.368732990598285015e-03
-5.388518239048866766e-03
-5.408330071067996361e-03
-5.428186596994482270e-03
-5.448081906889708746e-03
-5.467992997837937789e-03
-5.487884896173803734e-03
-5.507710506181763901e-03
-5.527453163478364406e-03
-5.547115600228665414e-03
-5.566683562267413406e-03
-5.586140250430326505e-03
-5.605486692439788469e-03
-5.624729885049788852e-03
-5.643862585537817375e-03
-5.662884839445798436e-03
-5.681810970613541609e-03
-5.700610614944929232e-03
-5.719242496035273869e-03
-5.737745638235839003e-03
-5.756152186230630366e-03
-5.774445873545344145e-03
-5.792627442496917425e-03
-5.810695760529268304e-03
-5.828663384299218736e-03
-5.846556699338448411e-03
-5.864393457247265955e-03
-5.882176516918748502e-03
-5.899912929774248256e-03
-5.917625162515509005e-03
-5.935322364436891943e-03
-5.952986755706234957e-03
-5.970598172063038001e-03
-5.988162224586437120e-03
-6.005700924270281071e-03
-6.023229700600820150e-03
-6.040752482659801810e-03
-6.058259014348710454e-03
-6.075734201797106104e-03
-6.093173223414659508e-03
-6.110572595306570411e-03
-6.127930114124723743e-03
-6.145254603824807163e-03
-6.162538495909531712e-03
-6.179746784270594498e-03
-6.196841760043226080e-03
-6.213813503728774293e-03
-6.230695542686554185e-03
-6.247496920207408488e-03
-6.264194253064347094e-03
-6.280788307754143172e-03
-6.297279245918789049e-03
-6.313668529608249327e-03
-6.329944647518698057e-03
-6.346069453985903747e-03
-6.362008920163951704e-03
-6.377758967922042728e-03
-6.393342306278384374e-03
-6.408771114858086322e-03
-6.424035141415513663e-03
-6.439121392240054580e-03
-6.454007519833953113e-03
-6.468686907264846984e-03
-6.483198311788454342e-03
-6.497587678915720498e-03
-6.511893792692406875e-03
-6.526147863335886659e-03
-6.540354370379280156e-03
-6.554514320909378931e-03
-6.568635253886449810e-03
-6.582716752164550870e-03
-6.596747358303153667e-03
-6.610713922305432380e-03
-6.624631313513501367e-03
-6.638517357426918820e-03
-6.652388495607916216e-03
-6.666278455360058995e-03
-6.680202721663502062e-03
-6.694182330441246324e-03
-6.708238027876984623e-03
-6.722366296230421721e-03
-6.736577397875866471e-03
-6.750888398679233751e-03
-6.765287396921421982e-03
-6.779746371357601477e-03
-6.794248181786765456e-03
-6.808787358708084242e-03
-6.823384971072427377e-03
-6.838058297994219735e-03
-6.852808620275666063e-03
-6.867663600696409694e-03
-6.882645163810389467e-03
-6.897754196138109958e-03
-6.912993787745257135e-03
-6.928344758632567699e-03
-6.943807481253586218e-03
-6.959407378645796061e-03
-6.975165161297604798e-03
-6.991081732540065617e-03
-7.007147931549835562e-03
-7.023384917610305152e-03
-7.039818403307295316e-03
-7.056445692800664658e-03
-7.073276023538344753e-03
-7.090325588079985503e-03
-7.107572947119496047e-03
-7.124988530747081335e-03
-7.142539464175540719e-03
-7.160211471253469934e-03
-7.178010860958432444e-03
-7.195953967163643168e-03
-7.214054978310703407e-03
-7.232264071600577431e-03
-7.250561768671966341e-03
-7.268976337059891192e-03
-7.287480355263269149e-03
-7.306045246838868516e-03
-7.324676657645065592e-03
-7.343360278949810464e-03
-7.362085330512096841e-03
-7.380865716817607350e-03
-7.399697394100702812e-03
-7.418583718201888014e-03
-7.437562242911218910e-03
-7.456648149235845652e-03
-7.475803411158370854e-03
-7.495020268465659233e-03
-7.514306330795993139e-03
-7.533638839348369941e-03
-7.553015569041746612e-03
-7.572458073332346065e-03
-7.591959848939819171e-03
-7.611498056047965276e-03
-7.631082801646063736e-03
-7.650725430903991889e-03
-7.670416012676795590e-03
-7.690159523522246618e-03
-7.709964343665772629e-03
-7.729828859311056559e-03
-7.749760484263038159e-03
-7.769767776099465416e-03
-7.789857631744430931e-03
-7.810027038984842900e-03
-7.830260520607050870e-03
-7.850559748738050736e-03
-7.870936372205570436e-03
-7.891366420314391283e-03
-7.911809843071035409e-03
-7.932243533871490698e-03
-7.952647257962977556e-03
-7.973007252121537894e-03
-7.993337291362994160e-03
-8.013651289890904791e-03
-8.033960086181944973e-03
-8.054286159810577009e-03
-8.074624044377910065e-03
-8.094960977963977164e-03
-8.115318108839177091e-03
-8.135720431402532551e-03
-8.156165577180943607e-03
-8.176611101122884667e-03
-8.197028906970152060e-03
-8.217419621568586643e-03
-8.237787741284360171e-03
-8.258128873050876381e-03
-8.278407365355958808e-03
-8.298579289466612510e-03
-8.318593618283137356e-03
-8.338395305841848557e-03
-8.357964167423553165e-03
-8.377306514194634082e-03
-8.396410704713759554e-03
-8.415241073888655998e-03
-8.433778619433321758e-03
-8.452039596906046892e-03
-8.470062882534983018e-03
-8.487861856791492979e-03
-8.505422648713534609e-03
-8.522715160933565237e-03
-8.539717892031358989e-03
-8.556431337168914075e-03
-8.572831833239143856e-03
-8.588913245010985562e-03
-8.604666442446834776e-03
-8.620071625693630571e-03
-8.635100456870464791e-03
-8.649726694802455096e-03
-8.663998335628416564e-03
-8.677942609543732450e-03
-8.691505576092254173e-03
-8.704659653732405022e-03
-8.717432152530929512e-03
-8.729850629833658254e-03
-8.741927230431044069e-03
-8.753670607198883041e-03
-8.765057463710932209e-03
-8.776038042397783095e-03
-8.786608496617834968e-03
-8.796766604420894545e-03
-8.806453232836625525e-03
-8.815630642225158117e-03
-8.824282081776314152e-03
-8.832380318131619057e-03
-8.839933147441501188e-03
-8.846924057756361259e-03
-8.853311085886352710e-03
-8.859041233694272058e-03
-8.864058755773040685e-03
-8.868353757992056968e-03
-8.871900770121220539e-03
-8.874695238040424330e-03
-8.876764780025218557e-03
-8.878127591373911193e-03
-8.878810320954550264e-03
-8.878844035394883524e-03
-8.878258953980372112e-03
-8.877035327633626960e-03
-8.875145470919170929e-03
-8.872596863569498851e-03
-8.869416192859191916e-03
-8.865588919852132599e-03
-8.861033759659563483e-03
-8.855714423839049568e-03
-8.849650939085072429e-03
-8.842834413608698443e-03
-8.835224580571206590e-03
-8.826804061512275035e-03
-8.817598457068590717e-03
-8.807639346606797870e-03
-8.796978808431174870e-03
-8.785673515303377146e-03
-8.773709733145198392e-03
-8.761077013874379871e-03
-8.747792971245267266e-03
-8.733831096699614521e-03
-8.719182133284129194e-03
-8.703845063559126696e-03
-8.687818062897784133e-03
-8.671149798437787631e-03
-8.653892589401921201e-03
-8.636026958885288651e-03
-8.617493650492040816e-03
-8.598272794430827232e-03
-8.578373307917906698e-03
-8.557794733032104278e-03
-8.536530266386031796e-03
-8.514578843276466094e-03
-8.491947427075265467e-03
-8.468665722893925496e-03
-8.444756775911669427e-03
-8.420200164066858270e-03
-8.394903414082180437e-03
-8.368815007757978222e-03
-8.341955822975795007e-03
-8.314316506592960704e-03
-8.285919381018441721e-03
-8.256802242136346281e-03
-8.226934762529169998e-03
-8.196266008474792711e-03
-8.164777230369164515e-03
-8.132466658291200717e-03
-8.099339689396380798e-03
-8.065416998346475533e-03
-8.030763938301774610e-03
-7.995480941215181436e-03
-7.959596000131376886e-03
-7.923033351135413613e-03
-7.885711587500350561e-03
-7.847603445056009278e-03
-7.808679786693646652e-03
-7.768944149435694571e-03
-7.728402769200780863e-03
-7.687069662108796109e-03
-7.645008098204658827e-03
-7.602218121006753225e-03
-7.558685549784853810e-03
-7.514401500502674441e-03
-7.469330022534454057e-03
-7.423438527295233604e-03
-7.376717983719686955e-03
-7.329213282989649296e-03
-7.281009357117306825e-03
-7.232191129690001587e-03
-7.182754231582507906e-03
-7.132682395672613161e-03
-7.082018355086500822e-03
-7.030800948152260074e-03
-6.979055088012426841e-03
-6.926798240423960758e-03
-6.874056180803015705e-03
-6.820833608146224455e-03
-6.767145333704703211e-03
-6.713056862815523253e-03
-6.658647175432574894e-03
-6.603943256857585688e-03
-6.548917400675259917e-03
-6.493523211843446608e-03
-6.437723623041384340e-03
-6.381482173008106926e-03
-6.324821466360429009e-03
-6.267837265908281566e-03
-6.210584139881192463e-03
-6.153085123019164278e-03
-6.095372463800395602e-03
-6.037475471113560969e-03
-5.979400902968474464e-03
-5.921152688078690218e-03
-5.862728074234769583e-03
-5.804147930579340101e-03
-5.745483884547189848e-03
-5.686798994844283195e-03
-5.628109530723064517e-03
-5.569399064559021374e-03
-5.510656865192257309e-03
-5.451920861560558863e-03
-5.393241514047168554e-03
-5.334650029473029728e-03
-5.276166665552747131e-03
-5.217794680700217971e-03
-5.159522774187618246e-03
-5.101326589843282501e-03
-5.043186148995435630e-03
-4.985084760935483764e-03
-4.927012221987777697e-03
-4.868964716161681104e-03
-4.810970831601438236e-03
-4.753072406179488160e-03
-4.695297594142325802e-03
-4.637656551398085594e-03
-4.580131148229486283e-03
-4.522709748526242482e-03
-4.465383081200040467e-03
-4.408179610984456522e-03
-4.351176675528546298e-03
-4.294416010274327081e-03
-4.237897098099865055e-03
-4.181609608777275312e-03
-4.125537656501278988e-03
-4.069666379546379997e-03
-4.013984318919109825e-03
-3.958480946959480780e-03
-3.903168315924196788e-03
-3.848057924364709122e-03
-3.793137237031133681e-03
-3.738376793840690517e-03
-3.683764785123642277e-03
-3.629307482241711427e-03
-3.575020206406096142e-03
-3.520946934736172203e-03
-3.467098566495968679e-03
-3.413481431710644991e-03
-3.360128557954971708e-03
-3.307067704590576328e-03
-3.254343206073787628e-03
-3.201968422023396179e-03
-3.149929625574007189e-03
-3.098220851085285634e-03
-3.046801125183400995e-03
-2.995657963630117201e-03
-2.944829164862700251e-03
-2.894353830518421079e-03
-2.844243863709398044e-03
-2.794488352546223905e-03
-2.745073333819366898e-03
-2.695986327811609930e-03
-2.647250965534807352e-03
-2.598855856874044117e-03
-2.550769017491604559e-03
-2.502980229846234628e-03
-2.455447987627228622e-03
-2.408134284486656163e-03
-2.361018651969006010e-03
-2.314099999559550164e-03
-2.267390988770984998e-03
-2.220909092444649669e-03
-2.174660037811005329e-03
-2.128664294478463479e-03
-2.082960236966488986e-03
-2.037541924310682165e-03
-1.992418515400979414e-03
-1.947629865534709860e-03
-1.903199743764218783e-03
-1.859131205719903980e-03
-1.815430500156332188e-03
-1.772139260442147715e-03
-1.729295452399535636e-03
-1.686924564759954316e-03
-1.645054671992606703e-03
-1.603676534410819693e-03
-1.562766816813354956e-03
-1.522338563842873900e-03
-1.482424602481832634e-03
-1.443052179528973075e-03
-1.404225453325451661e-03
-1.365952852868705485e-03
-1.328252466338953816e-03
-1.291140665901977305e-03
-1.254626609124812010e-03
-1.218716895560751756e-03
-1.183429995515318783e-03
-1.148765332178172931e-03
-1.114710601446586204e-03
-1.081266332495593556e-03
-1.048446985985190816e-03
-1.016272111785426974e-03
-9.847523379544907609e-04
-9.538724857993422998e-04
-9.236168140540406898e-04
-8.939865039283405052e-04
-8.649811917085354577e-04
-8.365952093625980950e-04
-8.088330920756746801e-04
-7.817195807692234582e-04
-7.552777679430578307e-04
-7.295283713591680383e-04
-7.044956648081958763e-04
-6.801991369295194104e-04
-6.566440847552848861e-04
-6.338367427298220161e-04
-6.117866464846123849e-04
-5.904926413661563348e-04
-5.699618463426040860e-04
-5.502077866973726500e-04
-5.312377780669928296e-04
-5.130429578649595623e-04
-4.956124807797487875e-04
-4.789466203427272784e-04
-4.630497946272966255e-04
-4.479212845154479814e-04
-4.335480821000670506e-04
-4.199133244344609617e-04
-4.070136550068890742e-04
-3.948580137956335195e-04
-3.834554809368249722e-04
-3.728140658980970499e-04
-3.629331595115535590e-04
-3.538095170656874264e-04
-3.454449189106147361e-04
-3.378410914377868871e-04
-3.309962204118130011e-04
-3.249268430365226563e-04
-3.196544312150093915e-04
-3.151877025532704726e-04
-3.115380707844022496e-04
-3.087133483076639714e-04
-3.067095947995579757e-04
-3.055218305673854345e-04
-3.051455023201080823e-04
-3.055711877815350916e-04
-3.067924246251126454e-04
-3.088089013539670928e-04
-3.116291578164432979e-04
-3.152584631947026551e-04
-3.196816024001223971e-04
-3.248800017832853180e-04
-3.308442255077255088e-04
-3.375563051104461094e-04
-3.449960225378865164e-04
-3.531550160681581050e-04
-3.620296540823181330e-04
-3.716106342707300417e-04
-3.818900313844927332e-04
-3.928594518029808382e-04
-4.045076546998351117e-04
-4.168322512318187786e-04
-4.298203648075948598e-04
-4.434587526397934065e-04
-4.577523832810255879e-04
-4.726960464190259467e-04
-4.882767095531986390e-04
-5.044903443328420953e-04
-5.213332039461847194e-04
-5.387845761472405360e-04
-5.568193476836951579e-04
-5.754126368026644999e-04
-5.945476241881724605e-04
-6.142197875615549750e-04
-6.344219816433465005e-04
-6.551281117137774902e-04
-6.763082924308940922e-04
-6.979485040761272945e-04
-7.200319432292907797e-04
-7.425438239247570023e-04
-7.654725266420122319e-04
-7.888060525605050709e-04
-8.125283711474030370e-04
-8.366342497489652691e-04
-8.611231312388035585e-04
-8.859826398181116884e-04
-9.112029816739767620e-04
-9.367638062551008390e-04
-9.626503673406467320e-04
-9.888585800992724488e-04
-1.015370149319243633e-03
-1.042168369023422064e-03
-1.069236373066128221e-03
-1.096548390741589616e-03
-1.124079464395403259e-03
-1.151812619489102915e-03
-1.179736815548170469e-03
-1.207845921386330439e-03
-1.236129949113711976e-03
-1.264572249524464724e-03
-1.293161367582005335e-03
-1.321879264190933215e-03
-1.350708735268231660e-03
-1.379635994696451007e-03
-1.408646588759396865e-03
-1.437731841272899035e-03
-1.466873125620465684e-03
-1.496056909218228433e-03
-1.525278398062783827e-03
-1.554523340992672613e-03
-1.583778011644980865e-03
-1.613040218430795633e-03
-1.642315235051608913e-03
-1.671607962070259914e-03
-1.700918804005559443e-03
-1.730234777622822453e-03
-1.759525107478143420e-03
-1.788767526885540540e-03
-1.817952691711504113e-03
-1.847059517368978242e-03
-1.876074570392893002e-03
-1.905018857593400883e-03
-1.933899476940380410e-03
-1.962701820853398563e-03
-1.991416546870645315e-03
-2.020021342428703764e-03
-2.048505753784064624e-03
-2.076881710537731556e-03
-2.105150807058372032e-03
-2.133295349636363161e-03
-2.161301816268383635e-03
-2.189177012572407575e-03
-2.216908612010531736e-03
-2.244458778168314465e-03
-2.271822317592965112e-03
-2.299006732957111377e-03
-2.326006383397491960e-03
-2.352788184384498309e-03
-2.379305809759894950e-03
-2.405559519415230701e-03
-2.431546050263674874e-03
-2.457265225033560072e-03
-2.482736946312256564e-03
-2.507968582907808570e-03
-2.532936958685140776e-03
-2.557617535644812670e-03
-2.582009125311694742e-03
-2.606083540080934759e-03
-2.629846397263576989e-03
-2.653341456553770083e-03
-2.676587753466844709e-03
-2.699568601291748443e-03
-2.722282082836292860e-03
-2.744748653075379345e-03
-2.766956318381886496e-03
-2.788865501941152451e-03
-2.810442006295365072e-03
-2.831643228887079002e-03
-2.852449059278958001e-03
-2.872859784947901559e-03
-2.892850455427910424e-03
-2.912420290052117507e-03
-2.931583278119381884e-03
-2.950354226677760847e-03
-2.968742723876654274e-03
-2.986766187227877806e-03
-3.004425345379724190e-03
-3.021690034310292074e-03
-3.038571572684097520e-03
-3.055078448932061364e-03
-3.071193414446813080e-03
-3.086914159852234812e-03
-3.102243833330156804e-03
-3.117158714230379348e-03
-3.131604241848437616e-03
-3.145572377603995939e-03
-3.159090215357790443e-03
-3.172161457663316263e-03
-3.184808432296368317e-03
-3.197068729531032764e-03
-3.208995956516902219e-03
-3.220607173473179728e-03
-3.231888013150415254e-03
-3.242864021251456140e-03
-3.253542911724879513e-03
-3.263918643678137468e-03
-3.273996473823412735e-03
-3.283780504284895124e-03
-3.293264301078127881e-03
-3.302429537767890937e-03
-3.311248226350605069e-03
-3.319680837825094225e-03
-3.327675276070792953e-03
-3.335199523836248313e-03
-3.342260233005930198e-03
-3.348857546643343661e-03
-3.355018179554912581e-03
-3.360786794146364276e-03
-3.366208676850182546e-03
-3.371337552472918400e-03
-3.376201347347919639e-03
-3.380810985261890455e-03
-3.385175268903828708e-03
-3.389318591261891982e-03
-3.393280609046262462e-03
-3.397090049668448353e-03
-3.400781553409726321e-03
-3.404384348604947742e-03
-3.407900643705886502e-03
-3.411323031908548246e-03
-3.414629854316796748e-03
-3.417830401593547219e-03
-3.420959362102363611e-03
-3.424012153479096335e-03
-3.426973385962226847e-03
-3.429851686953519930e-03
-3.432653576847564860e-03
-3.435373727662313897e-03
-3.437997697865555636e-03
-3.440510355140811213e-03
-3.442915152021987397e-03
-3.445238165175433000e-03
-3.447478350451110753e-03
-3.449628044275568611e-03
-3.451697498985585588e-03
-3.453695870606627704e-03
-3.455631654471188422e-03
-3.457511700547489294e-03
-3.459345363241384842e-03
-3.461135678937403860e-03
-3.462904014190588964e-03
-3.464677640076816410e-03
-3.466467639112794357e-03
-3.468251352557825268e-03
-3.469980948372503905e-03
-3.471658222383516845e-03
-3.473302067906240253e-03
-3.474881478622264194e-03
-3.476360901347682643e-03
-3.477745738848726093e-03
-3.479036577581580240e-03
-3.480225823266571220e-03
-3.481303831976693530e-03
-3.482288095797636367e-03
-3.483197053088151439e-03
-3.484002416394821767e-03
-3.484684707513636698e-03
-3.485244705154193472e-03
-3.485660406021820132e-03
-3.485907852306021661e-03
-3.485995009614535275e-03
-3.485941789882253134e-03
-3.485769774107712066e-03
-3.485490682308956239e-03
-3.485094981410628758e-03
-3.484556528613176867e-03
-3.483863248263768721e-03
-3.483036930766032074e-03
-3.482123640116072290e-03
-3.481153580888876348e-03
-3.480133893238321254e-03
-3.479068437794423634e-03
-3.477949050685504983e-03
-3.476762196584506914e-03
-3.475495444801551381e-03
-3.474133941810763834e-03
-3.472666319640104436e-03
-3.471087606597521649e-03
-3.469374943713080233e-03
-3.467498767800847922e-03
-3.465462517169162412e-03
-3.463292262370208652e-03
-3.461014060294107485e-03
-3.458657024610058747e-03
-3.456257115244637523e-03
-3.453823715322061096e-03
-3.451320442948348048e-03
-3.448727016581377286e-03
-3.446055904111034254e-03
-3.443310819292879407e-03
-3.440514562732452635e-03
-3.437675148867412600e-03
-3.434791551700634368e-03
-3.431896026109211399e-03
-3.429010692432853807e-03
-3.426135972604347178e-03
-3.423259321411400644e-03
-3.420366426774816213e-03
-3.417452931479785308e-03
-3.414521126322813110e-03
-3.411569545422736636e-03
-3.408604534875081700e-03
-3.405635649509391755e-03
-3.402659890599372180e-03
-3.399667992788939913e-03
-3.396643044388730510e-03
-3.393577331924193044e-03
-3.390484171817241456e-03
-3.387346891813420701e-03
-3.384141864939696053e-03
-3.380843426523044877e-03
-3.377378592902027712e-03
-3.373711667895474761e-03
-3.369846634522452502e-03
-3.365800554148950206e-03
-3.361595582824017988e-03
-3.357255379729365101e-03
-3.352762905430905615e-03
-3.348044836193865992e-03
-3.343067089031611424e-03
-3.337811591547415208e-03
-3.332271055382430344e-03
-3.326453080077597813e-03
-3.320364804381637815e-03
-3.313957478013980582e-03
-3.307167236682634608e-03
-3.299998075189229576e-03
-3.292498457866254932e-03
-3.284729272265528820e-03
-3.276706985822904969e-03
-3.268417137132056602e-03
-3.259869143808750806e-03
-3.251060923757338478e-03
-3.241964377424513474e-03
-3.232580465772723864e-03
-3.222960166533781097e-03
-3.213145801396566446e-03
-3.203138514785007062e-03
-3.192921856899942103e-03
-3.182503492110798447e-03
-3.171937375172297850e-03
-3.161268533134401273e-03
-3.150532195373157481e-03
-3.139744695581008025e-03
-3.128907535848708069e-03
-3.118010001825060988e-03
-3.107046084953789689e-03
-3.096030655481658150e-03
-3.084976510747659568e-03
-3.073879744098556490e-03
-3.062776756628055042e-03
-3.051701066784748284e-03
-3.040629607211710588e-03
-3.029539071363908202e-03
-3.018402558875084556e-03
-3.007208990614737738e-03
-2.995984717819816321e-03
-2.984774842888130754e-03
-2.973589312970879688e-03
-2.962397278201296495e-03
-2.951188908360292788e-03
-2.939994666103598522e-03
-2.928829778727320456e-03
-2.917708718886081066e-03
-2.906685506428509803e-03
-2.895811310852520679e-03
-2.885096224676060063e-03
-2.874524669204376204e-03
-2.864088890175139207e-03
-2.853806710783482383e-03
-2.843675088183028957e-03
-2.833648078773168353e-03
-2.823714910520993843e-03
-2.813879181883474460e-03
-2.804117884401394201e-03
-2.794431140707888481e-03
-2.784826768834359687e-03
-2.775300303197850583e-03
-2.765870643702983411e-03
-2.756540170737759466e-03
-2.747290394939707996e-03
-2.738103616082546935e-03
-2.728951013306429602e-03
-2.719810460824441563e-03
-2.710645181123969797e-03
-2.701449366400314033e-03
-2.692256890608926961e-03
-2.683101111626486068e-03
-2.674010545260101929e-03
-2.664989919673151422e-03
-2.656033266178572591e-03
-2.647166645673514930e-03
-2.638425496599935451e-03
-2.629826538425690356e-03
-2.621383406391078041e-03
-2.613088227930165583e-03
-2.604940496315163913e-03
-2.596939149883559488e-03
-2.589073319949931461e-03
-2.581349813325238898e-03
-2.573783701085013455e-03
-2.566385079075690460e-03
-2.559157072692803004e-03
-2.552102756948297115e-03
-2.545218420051137669e-03
-2.538494885336280496e-03
-2.531930813831120494e-03
-2.525508787088090110e-03
-2.519193120956350271e-03
-2.512948918699153735e-03
-2.506737289675636544e-03
-2.500541623457436507e-03
-2.494377175129210058e-03
-2.488273038375058387e-03
-2.482250294874278722e-03
-2.476314579865262870e-03
-2.470452725211033304e-03
-2.464670795920386424e-03
-2.458995614835195621e-03
-2.453448849795247192e-03
-2.448066125615302058e-03
-2.442869308040429392e-03
-2.437868923921210091e-03
-2.433093098928726643e-03
-2.428567082605708263e-03
-2.424303449983351844e-03
-2.420326132408013795e-03
-2.416656588361553587e-03
-2.413312912903249011e-03
-2.410329698355079611e-03
-2.407743187816196138e-03
-2.405573220704201268e-03
-2.403826596912479914e-03
-2.402507530914969013e-03
-2.401621512145049944e-03
-2.401176641274182719e-03
-2.401168674134792225e-03
-2.401592584464728054e-03
-2.402461081576984150e-03
-2.403776008398206005e-03
-2.405526417553165500e-03
-2.407717134471069019e-03
-2.410341184783006477e-03
-2.413387775407085673e-03
-2.416858817400922149e-03
-2.420742699811113605e-03
-2.425033745042773185e-03
-2.429725150779499764e-03
-2.434793208806873468e-03
-2.440229208635194113e-03
-2.446020953515671940e-03
-2.452130198854500422e-03
-2.458530975299891199e-03
-2.465210230544989146e-03
-2.472152028771415835e-03
-2.479334176047199526e-03
-2.486728962295589249e-03
-2.494339248928654964e-03
-2.502195983722096430e-03
-2.510300868941912813e-03
-2.518643555960165589e-03
-2.527231432174864047e-03
-2.536049716507522006e-03
-2.545067924602670718e-03
-2.554271408593430243e-03
-2.563638936428778298e-03
-2.573164911944857049e-03
-2.582875075509596507e-03
-2.592767290296317528e-03
-2.602812972807260015e-03
-2.612982234439696193e-03
-2.623242997758959676e-03
-2.633580435837923860e-03
-2.644016912559693077e-03
-2.654579780753716246e-03
-2.665285224993905761e-03
-2.676151425849225551e-03
-2.687184351964304069e-03
-2.698391637511233978e-03
-2.709778047469095855e-03
-2.721346671575551168e-03
-2.733079971407967323e-03
-2.744944934074747701e-03
-2.756937342451869482e-03
-2.769054399511263007e-03
-2.781284898507645209e-03
-2.793601633128630409e-03
-2.805989674283095557e-03
-2.818466031434779633e-03
-2.831048951258547264e-03
-2.843714711607663644e-03
-2.856421668350013401e-03
-2.869143067455970711e-03
-2.881859097694388673e-03
-2.894570310987820954e-03
-2.907280508075893791e-03
-2.919964775523165804e-03
-2.932586342386096084e-03
-2.945093202006810341e-03
-2.957437352091809527e-03
-2.969629562701844860e-03
-2.981696123539685252e-03
-2.993642188348709810e-03
-3.005454925695469348e-03
-3.017160803437403480e-03
-3.028815592341073133e-03
-3.040445466483590597e-03
-3.052046333492149360e-03
-3.063616313470060581e-03
-3.075172080183012722e-03
-3.086735943541441766e-03
-3.098327738796124650e-03
-3.109954228526971062e-03
-3.121602389793949519e-03
-3.133259524133269556e-03
-3.144929383790436798e-03
-3.156601506988679969e-03
-3.168246747141455471e-03
-3.179863008537453951e-03
-3.191448789304928216e-03
-3.203000008546745461e-03
-3.214502543313635993e-03
-3.225929085612331236e-03
-3.237266104261029859e-03
-3.248529171147873651e-03
-3.259759413723524284e-03
-3.270961716045598863e-03
-3.282128302808417272e-03
-3.293251837649309368e-03
-3.304310623654833478e-03
-3.315309367556090389e-03
-3.326292468673826535e-03
-3.337295842595199014e-03
-3.348335557138232277e-03
-3.359408218862535659e-03
-3.370483861143039328e-03
-3.381514767271724415e-03
-3.392440997334246044e-03
-3.403196452231542404e-03
-3.413747996552489797e-03
-3.424074341782861602e-03
-3.434189786600004134e-03
-3.444145113609542366e-03
-3.453978961548888164e-03
-3.463736002446744441e-03
-3.473434013469422696e-03
-3.483076146509025278e-03
-3.492672765216612348e-03
-3.502245676760889700e-03
-3.511806819701428824e-03
-3.521343563879963251e-03
-3.530856641485669457e-03
-3.540358624512568789e-03
-3.549854388343849122e-03
-3.559329138724196592e-03
-3.568770263309163290e-03
-3.578155767144922637e-03
-3.587477380877727301e-03
-3.596766665028472334e-03
-3.606052026519436602e-03
-3.615361289335199992e-03
-3.624697936231155177e-03
-3.634052439876593078e-03
-3.643437702918897372e-03
-3.652895680724794428e-03
-3.662462292555767381e-03
-3.672152039448427305e-03
-3.681978730421562891e-03
-3.691939190327406597e-03
-3.702025162212406548e-03
-3.712217973855623607e-03
-3.722484710468322057e-03
-3.732792038221974164e-03
-3.743087823046315540e-03
-3.753355138600199346e-03
-3.763610172307551606e-03
-3.773856554323928251e-03
-3.784107644156074930e-03
-3.794390745782778331e-03
-3.804751785203665422e-03
-3.815214240927186553e-03
-3.825767855278512826e-03
-3.836396637654649732e-03
-3.847082296240783572e-03
-3.857822775052271395e-03
-3.868608176304292722e-03
-3.879413900959686155e-03
-3.890217033124533565e-03
-3.900989341767959525e-03
-3.911716882327028258e-03
-3.922404267101095576e-03
-3.933048550174104811e-03
-3.943648882002392247e-03
-3.954209091825739916e-03
-3.964727324939650195e-03
-3.975220681852596749e-03
-3.985700566161724280e-03
-3.996159907261481216e-03
-4.006589628480574511e-03
-4.016992130087506351e-03
-4.027389414124707759e-03
-4.037794832751646218e-03
-4.048201228229726320e-03
-4.058598433054976494e-03
-4.068966790519954434e-03
-4.079274581906721514e-03
-4.089479422396426027e-03
-4.099564044077894966e-03
-4.109543173415940685e-03
-4.119424380262325103e-03
-4.129212036904536878e-03
-4.138895176895474905e-03
-4.148456641481677691e-03
-4.157909265967540090e-03
-4.167264726288690165e-03
-4.176512896031018759e-03
-4.185622780857875709e-03
-4.194574233313144371e-03
-4.203361909597725342e-03
-4.211962119928472185e-03
-4.220356426230854191e-03
-4.228540241184206537e-03
-4.236528772928774625e-03
-4.244347178765359163e-03
-4.252012240648023536e-03
-4.259531483387608147e-03
-4.266895528220081106e-03
-4.274077641921581253e-03
-4.281079794855845340e-03
-4.287939912427201662e-03
-4.294692612298083023e-03
-4.301348166600717574e-03
-4.307913521303444876e-03
-4.314391888473682532e-03
-4.320770872361512707e-03
-4.327044266168331675e-03
-4.333199271682206498e-03
-4.339223826179587108e-03
-4.345139073279535684e-03
-4.350968058573589752e-03
-4.356726014357346043e-03
-4.362420051962169476e-03
-4.368038220327425877e-03
-4.373570068586244558e-03
-4.379004709569911218e-03
-4.384326512226849500e-03
-4.389512048810870204e-03
-4.394550605596472814e-03
-4.399449621908461082e-03
-4.404226172144735767e-03
-4.408913939282222728e-03
-4.413548926321875752e-03
-4.418154121568493645e-03
-4.422721701784490013e-03
-4.427242917100102093e-03
-4.431708898031357091e-03
-4.436095325338234793e-03
-4.440399625721583310e-03
-4.444637030248290398e-03
-4.448817212387127726e-03
-4.452933017787020185e-03
-4.456957181783393999e-03
-4.460849383066884874e-03
-4.464580251694016434e-03
-4.468168082491079732e-03
-4.471652755585797494e-03
-4.475049013023010662e-03
-4.478351220211402271e-03
-4.481528101480710367e-03
-4.484542471097908295e-03
-4.487378278515871156e-03
-4.490024519806770989e-03
-4.492472299485474573e-03
-4.494721764748187652e-03
-4.496773083144459116e-03
-4.498619886686654364e-03
-4.500243201289979601e-03
-4.501653250285967724e-03
-4.502888799350065335e-03
-4.503948202546940831e-03
-4.504797291902832256e-03
-4.505414103984897202e-03
-4.505789537902164278e-03
-4.505929650645348027e-03
-4.505848750371042009e-03
-4.505540370449942142e-03
-4.504993700101542382e-03
-4.504224219691891663e-03
-4.503224895050800952e-03
-4.501986628220540181e-03
-4.500495306477276039e-03
-4.498729914133497119e-03
-4.496706650650330976e-03
-4.494445115585127964e-03
-4.491975001687475294e-03
-4.489318628930271532e-03
-4.486486976629898947e-03
-4.483494758104212413e-03
-4.480363811927640799e-03
-4.477128834682198716e-03
-4.473822249109095026e-03
-4.470457923553665565e-03
-4.467047249093057844e-03
-4.463608966667313022e-03
-4.460156207976177789e-03
-4.456706234753792309e-03
-4.453281765074431665e-03
-4.449895682505614243e-03
-4.446549621548715435e-03
-4.443250062005586580e-03
-4.440002001107955926e-03
-4.436771421468165000e-03
-4.433507297765217590e-03
-4.430187129182509669e-03
-4.426798081599940364e-03
-4.423333997965918016e-03
-4.419793011569068605e-03
-4.416181559001699890e-03
-4.412512453609499299e-03
-4.408786742432861325e-03
-4.405005191278861705e-03
-4.401163595520230822e-03
-4.397264586038862957e-03
-4.393320789983741655e-03
-4.389321075927044881e-03
-4.385270489445291728e-03
-4.381188054695720445e-03
-4.377077342325274949e-03
-4.372953101720284709e-03
-4.368828415290241379e-03
-4.364714930992704377e-03
-4.360638310027858434e-03
-4.356621504913824917e-03
-4.352666620769395783e-03
-4.348768713421971924e-03
-4.344909270942249636e-03
-4.341053222802157031e-03
-4.337179274470337118e-03
-4.333306377569605232e-03
-4.329452233755282618e-03
-4.325606000792875383e-03
-4.321740567793551889e-03
-4.317813114978159145e-03
-4.313784675481350736e-03
-4.309648179661361433e-03
-4.305439714859696926e-03
-4.301186799879525707e-03
-4.296885360257495998e-03
-4.292519104771766632e-03
-4.288057135875246451e-03
-4.283496093669237649e-03
-4.278851609533181055e-03
-4.274118278624145818e-03
-4.269317915335643990e-03
-4.264456296824924685e-03
-4.259506791311090147e-03
-4.254453224664222176e-03
-4.249280553113161420e-03
-4.243997227783300255e-03
-4.238618089721952510e-03
-4.233150758990324343e-03
-4.227615327261334023e-03
-4.222030091320068575e-03
-4.216408515539909856e-03
-4.210763166883548826e-03
-4.205108377339258734e-03
-4.199463569265658551e-03
-4.193846237803226101e-03
-4.188263315741036844e-03
-4.182714228851198111e-03
-4.177191678305770296e-03
-4.171664739571930881e-03
-4.166065931114110339e-03
-4.160322642598331469e-03
-4.154419432550667500e-03
-4.148354097086903551e-03
-4.142088302561629763e-03
-4.135581746839109805e-03
-4.128810148335924392e-03
-4.121758207709322504e-03
-4.114416294708780029e-03
-4.106767905919858110e-03
-4.098813981362092046e-03
-4.090562037410679433e-03
-4.081986551134352686e-03
-4.073071764402020137e-03
-4.063836940569212283e-03
-4.054304870708523405e-03
-4.044455101938525948e-03
-4.034248232056740838e-03
-4.023655474608777739e-03
-4.012642645624164665e-03
-4.001164693927744022e-03
-3.989180410669835967e-03
-3.976688943437133028e-03
-3.963715184282951345e-03
-3.950272316908339312e-03
-3.936372380614841342e-03
-3.922029754009319878e-03
-3.907263389983938601e-03
-3.892091169982434679e-03
-3.876505034175407871e-03
-3.860474188129103031e-03
-3.844016621843668585e-03
-3.827142609690107385e-03
-3.809793537929184390e-03
-3.791948505432665185e-03
-3.773629992630738155e-03
-3.754880737551694134e-03
-3.735742411231483991e-03
-3.716200216294443092e-03
-3.696212928614113057e-03
-3.675734256649329772e-03
-3.654710079401550689e-03
-3.633142119669791233e-03
-3.611054891532660023e-03
-3.588453173332303500e-03
-3.565343660454402871e-03
-3.541741505759373344e-03
-3.517666111878207241e-03
-3.493122813020426570e-03
-3.468131773958209318e-03
-3.442721418411259782e-03
-3.416900762997249642e-03
-3.390638133391699668e-03
-3.363899866153793276e-03
-3.336651598487980468e-03
-3.308866385634467652e-03
-3.280557696119217742e-03
-3.251761545058274271e-03
-3.222538233552923147e-03
-3.192935387704465364e-03
-3.162984956227229971e-03
-3.132705418381122233e-03
-3.102117252653180651e-03
-3.071246772501191619e-03
-3.040111142034755340e-03
-3.008717907105472496e-03
-2.977062600123270026e-03
-2.945146263662856354e-03
-2.912996198022976650e-03
-2.880600463167645817e-03
-2.847901155846111962e-03
-2.814869618353855324e-03
-2.781516108975055478e-03
-2.747862284375411461e-03
-2.713907909729474256e-03
-2.679663753231310754e-03
-2.645136926617606184e-03
-2.610331196831981292e-03
-2.575277236190286027e-03
-2.539999720987004290e-03
-2.504538073275595824e-03
-2.468923213675950669e-03
-2.433138644326344070e-03
-2.397167914076816803e-03
-2.361010313431487120e-03
-2.324691266885693924e-03
-2.288216306475395877e-03
-2.251570686107269570e-03
-2.214779936378051105e-03
-2.177878863353078110e-03
-2.140876489022881107e-03
-2.103776127274308190e-03
-2.066603767450502210e-03
-2.029394143916764259e-03
-1.992154206509753195e-03
-1.954888125473867519e-03
-1.917626315941961144e-03
-1.880365027601935439e-03
-1.843078424005457428e-03
-1.805750772400238451e-03
-1.768378526474242811e-03
-1.730986091431145971e-03
-1.693598718293401690e-03
-1.656227023915931218e-03
-1.618886396289628002e-03
-1.581620074230703559e-03
-1.544459726819026385e-03
-1.507395169079576644e-03
-1.470420785509581269e-03
-1.433544706052106892e-03
-1.396797440008883682e-03
-1.360226851614843501e-03
-1.323871980747907701e-03
-1.287760754796369493e-03
-1.251912520771407541e-03
-1.216362295622886542e-03
-1.181143216091961982e-03
-1.146274194382135899e-03
-1.111769154331275055e-03
-1.077633646144158944e-03
-1.043867045882614737e-03
-1.010462564497416208e-03
-9.774192013261386903e-04
-9.447506199363728046e-04
-9.124725349289912945e-04
-8.806070488600675154e-04
-8.491688991321484810e-04
-8.181535477544689102e-04
-7.875608520013254767e-04
-7.574002720900534832e-04
-7.276897298392769097e-04
-6.984420284797815404e-04
-6.696610729580755594e-04
-6.413500912954473885e-04
-6.135111582079751102e-04
-5.861426508539350913e-04
-5.592445424611532274e-04
-5.328205663556596743e-04
-5.068725880658608808e-04
-4.813985422896624629e-04
-4.563921942329662081e-04
-4.318522992540582586e-04
-4.077833250954961998e-04
-3.841871980656204636e-04
-3.610573097301490492e-04
-3.383898833166323243e-04
-3.161936354519752053e-04
-2.944776657012054973e-04
-2.732448097711668027e-04
-2.524952971077675207e-04
-2.322271857902146993e-04
-2.124287018899598831e-04
-1.930794124569769376e-04
-1.741605617591728970e-04
-1.556553127424249066e-04
-1.375451704621211287e-04
-1.198252196331898756e-04
-1.024973431632316681e-04
-8.556942845146532617e-05
-6.905955038689102837e-05
-5.298322940076620935e-05
-3.734940289625875897e-05
-2.216500458905798024e-05
-7.431193852834977375e-06
6.857633490315846236e-06
2.070376391877612154e-05
3.410926536327336245e-05
4.707686874347542653e-05
5.960911087090754555e-05
7.170465792521546434e-05
8.336472057707203372e-05
9.459189984827765408e-05
1.053773586123128096e-04
1.157149326429639805e-04
1.256048617902896553e-04
1.350453761640308650e-04
1.440221986199266286e-04
1.525202585371199183e-04
1.605340918736804213e-04
1.680553271232721987e-04
1.750829203709162681e-04
1.816273883821571515e-04
1.877014013228999584e-04
1.933198915226908867e-04
1.984975025254424625e-04
2.032366304174368441e-04
2.075328668646071598e-04
2.113836865101915139e-04
2.147779111809910177e-04
2.177165931174928509e-04
2.202148105086006267e-04
2.222717607618439968e-04
2.238838574795839174e-04
2.250575266716378306e-04
2.257874891852185086e-04
2.260583871758235297e-04
2.258706565003908379e-04
2.252319049112582838e-04
2.241470281961394952e-04
2.226111516085202261e-04
2.206304075655592166e-04
2.182171398884642170e-04
2.153712989434332489e-04
2.121003921867299559e-04
2.084074384285033532e-04
2.042930211162024320e-04
1.997562198478545917e-04
1.947899326203665485e-04
1.894010928732879563e-04
1.836028958321500734e-04
1.773990143964171234e-04
1.707883383881188548e-04
1.637798224870162030e-04
1.563830360176716842e-04
1.485975726736910073e-04
1.404310843045699687e-04
1.318927071635681719e-04
1.229954896068935857e-04
1.137637463550642469e-04
1.042169357809765584e-04
9.436269068200352217e-05
8.420130853539878378e-05
7.374306575762086730e-05
6.301585556139198830e-05
5.205043411110494433e-05
4.086896766854563700e-05
2.947953901967767439e-05
1.788592731044279103e-05
6.090159681313694743e-06
-5.906425046662144619e-06
-1.809003119766299810e-05
-3.045267416148116259e-05
-4.298104465795070503e-05
-5.566080097262772730e-05
-6.850147485884477787e-05
-8.150793160609767546e-05
-9.467291767385574593e-05
-1.079885063390980608e-04
-1.214460776967492918e-04
-1.350514274970312015e-04
-1.488167725006792215e-04
-1.627436399808723300e-04
-1.768216000124957904e-04
-1.910447215590199135e-04
-2.054231815641737043e-04
-2.199615526883390412e-04
-2.346502616707978072e-04
-2.494780134890514818e-04
-2.644442598893564185e-04
-2.795546789864069757e-04
-2.948141447646539996e-04
-3.102139114965557975e-04
-3.257445337898052617e-04
-3.414062271478256584e-04
-3.571825652949236606e-04
-3.730630344576400586e-04
-3.890470640978208050e-04
-4.051203572673507647e-04
-4.212670606940265906e-04
-4.374732368391626115e-04
-4.537225167272009485e-04
-4.700103415904094764e-04
-4.863411962211626883e-04
-5.027004580550604833e-04
-5.190699340613938104e-04
-5.354524991729253886e-04
-5.518600467758240369e-04
-5.682835075038453112e-04
-5.847019733743937528e-04
-6.011058619837870813e-04
-6.174881641916713480e-04
-6.338480808998896588e-04
-6.501839131047791034e-04
-6.664892346778468523e-04
-6.827560245895402226e-04
-6.989677734556290706e-04
-7.151168263211774056e-04
-7.312030169249730729e-04
-7.472280328798835579e-04
-7.631980550752915293e-04
-7.791118955658923612e-04
-7.949582527110669308e-04
-8.107259218600737245e-04
-8.264160225399324418e-04
-8.420338302688073259e-04
-8.575878366700920817e-04
-8.730877180310426481e-04
-8.885315621101506564e-04
-9.039212217010221453e-04
-9.192571566993835422e-04
-9.345357388486202075e-04
-9.497547718722109235e-04
-9.649074335791016409e-04
-9.799938831306952754e-04
-9.950234732334405433e-04
-1.010004829771479935e-03
-1.024942455006517747e-03
-1.039838347610187773e-03
-1.054695765578842533e-03
-1.069533315624289190e-03
-1.084359536986447513e-03
-1.099169929157014667e-03
-1.113952980986619495e-03
-1.128692952817628766e-03
-1.143374386923042170e-03
-1.157981141880621819e-03
-1.172508254410642567e-03
-1.186941481100460853e-03
-1.201274123601201544e-03
-1.215515554782035761e-03
-1.229675728461421778e-03
-1.243770788729283002e-03
-1.257814415796694929e-03
-1.271816570793560686e-03
-1.285778982315693422e-03
-1.299703473434032355e-03
-1.313604467239780837e-03
-1.327477112732397286e-03
-1.341313367428588433e-03
-1.355127942106210343e-03
-1.368930988926220834e-03
-1.382714362505237582e-03
-1.396476780516541383e-03
-1.410226963846157719e-03
-1.423973639915113122e-03
-1.437720850193977690e-03
-1.451461311713096551e-03
-1.465193502898427813e-03
-1.478908954635945296e-03
-1.492598413550788160e-03
-1.506266803883415592e-03
-1.519910591068286730e-03
-1.533514324284676296e-03
-1.547063707914044873e-03
-1.560551245149414306e-03
-1.573978364135325374e-03
-1.587353531168634582e-03
-1.600676599988374183e-03
-1.613949571704390365e-03
-1.627163345677426183e-03
-1.640302923644144624e-03
-1.653370779330441036e-03
-1.666352818172955235e-03
-1.679219021901141515e-03
-1.691941399096785542e-03
-1.704508760952877728e-03
-1.716919538499376728e-03
-1.729180244135257666e-03
-1.741297628706761722e-03
-1.753271714227440685e-03
-1.765106284965758032e-03
-1.776811971625905052e-03
-1.788401853347212564e-03
-1.799888129800323406e-03
-1.811295022465922878e-03
-1.822632880555699131e-03
-1.833898364291374882e-03
-1.845078485091684699e-03
-1.856160069272419326e-03
-1.867156717329654251e-03
-1.878085848554526816e-03
-1.888952814968608606e-03
-1.899768880229141558e-03
-1.910544307550381777e-03
-1.921264635935313091e-03
-1.931914784123153197e-03
-1.942485537885770951e-03
-1.952971492094379095e-03
-1.963372271503176832e-03
-1.973672500729628000e-03
-1.983851882608480676e-03
-1.993895905914022486e-03
-2.003799180465112156e-03
-2.013555404639893413e-03
-2.023141774310816855e-03
-2.032544193569204346e-03
-2.041780989394324699e-03
-2.050883499372909650e-03
-2.059855009485558799e-03
-2.068687276251409812e-03
-2.077382313476993508e-03
-2.085939335904577353e-03
-2.094363504719011504e-03
-2.102656450803507427e-03
-2.110807515623235216e-03
-2.118808962883353148e-03
-2.126654775598983867e-03
-2.134339326591525379e-03
-2.141874429102652057e-03
-2.149274544837645115e-03
-2.156552600844376805e-03
-2.163714590339590755e-03
-2.170745188557910571e-03
-2.177633449521580548e-03
-2.184392266692444882e-03
-2.191025873787025031e-03
-2.197517627825567536e-03
-2.203857071550305215e-03
-2.210033745106543442e-03
-2.216038753745987102e-03
-2.221877353094793128e-03
-2.227550620900554078e-03
-2.233048323196034669e-03
-2.238354372308284154e-03
-2.243455474914822848e-03
-2.248349946855658730e-03
-2.253042657119742539e-03
-2.257534272329944462e-03
-2.261809747597703403e-03
-2.265865421596611074e-03
-2.269708426887964703e-03
-2.273323401215668164e-03
-2.276691340869286748e-03
-2.279804848153119644e-03
-2.282653219737015848e-03
-2.285222005820537142e-03
-2.287500712035343050e-03
-2.289493348406939233e-03
-2.291202713728657334e-03
-2.292613894377756520e-03
-2.293701833264516401e-03
-2.294449969615892405e-03
-2.294854503080830718e-03
-2.294918113456457295e-03
-2.294642879171548012e-03
-2.294023465316786473e-03
-2.293052349494781057e-03
-2.291711824037998956e-03
-2.289978092767452379e-03
-2.287828480540946875e-03
-2.285266317473905445e-03
-2.282305694579296086e-03
-2.278944477649254112e-03
-2.275197239982708255e-03
-2.271083875776331792e-03
-2.266610375715063293e-03
-2.261793196037642940e-03
-2.256658756994636174e-03
-2.251235424373270767e-03
-2.245547294479175934e-03
-2.239604603996148309e-03
-2.233391065188795269e-03
-2.226877463020386725e-03
-2.220048547960149984e-03
-2.212896878424624493e-03
-2.205391962424532119e-03
-2.197495707859363403e-03
-2.189203636979055682e-03
-2.180530516849637276e-03
-2.171489581728877714e-03
-2.162078251036748250e-03
-2.152288059883477548e-03
-2.142122799975989308e-03
-2.131611660093966736e-03
-2.120779427693207392e-03
-2.109630006805503135e-03
-2.098166752561459597e-03
-2.086381883055312466e-03
-2.074260802566756188e-03
-2.061801401220661120e-03
-2.049008090559592543e-03
-2.035881569712141414e-03
-2.022430797709726807e-03
-2.008658612531701981e-03
-1.994538652127203059e-03
-1.980047911035719491e-03
-1.965197544787356844e-03
-1.949999740013164465e-03
-1.934450584174143839e-03
-1.918546986483625830e-03
-1.902291716972620778e-03
-1.885710700636983620e-03
-1.868843664365831686e-03
-1.851709581937376319e-03
-1.834307986328797798e-03
-1.816645708186754660e-03
-1.798729236141505868e-03
-1.780556352534551010e-03
-1.762126456109040871e-03
-1.743440078831863527e-03
-1.724509229584918939e-03
-1.705351846634233989e-03
-1.685992512523284102e-03
-1.666441063091667800e-03
-1.646703424324618423e-03
-1.626809873585294058e-03
-1.606783814685800241e-03
-1.586634817214464680e-03
-1.566369196903580644e-03
-1.545993145798476871e-03
-1.525512918753122761e-03
-1.504938673027337356e-03
-1.484301934517723342e-03
-1.463642155829424259e-03
-1.442984068950200821e-03
-1.422348185173631999e-03
-1.401746570496073714e-03
-1.381174128010183820e-03
-1.360623643326342542e-03
-1.340087227485748126e-03
-1.319554895066720303e-03
-1.299022556031144242e-03
-1.278487153316852729e-03
-1.257952279767828811e-03
-1.237423620798345971e-03
-1.216895255450976300e-03
-1.196373493969464649e-03
-1.175877028564621023e-03
-1.155416370267240518e-03
-1.134999357708536437e-03
-1.114631319244431063e-03
-1.094320883510253861e-03
-1.074079231415739355e-03
-1.053904114895061169e-03
-1.033785129291278594e-03
-1.013712426044713994e-03
-9.936672966331923460e-04
-9.736342617451463049e-04
-9.536137442049093596e-04
-9.336134201024140315e-04
-9.136287778519456030e-04
-8.936497787748825215e-04
-8.736756285171925823e-04
-8.537123924312214852e-04
-8.337798184287176879e-04
-8.138930458317380308e-04
-7.940487338391883070e-04
-7.742362983506402866e-04
-7.544457742278976855e-04
-7.346750045861439194e-04
-7.149251771586110672e-04
-6.952021655945647693e-04
-6.755205505829101932e-04
-6.558890975481885969e-04
-6.363164545845375990e-04
-6.168115095664905524e-04
-5.973787245126883135e-04
-5.780168386660642114e-04
-5.587191269743060169e-04
-5.394889358070949778e-04
-5.203334424040187943e-04
-5.012468194209246733e-04
-4.822229599005802242e-04
-4.632657551398511797e-04
-4.443794890830179089e-04
-4.255654801363016300e-04
-4.068270469475096952e-04
-3.881693405820587609e-04
-3.695985366907068577e-04
-3.511274520256762359e-04
-3.327633942825873451e-04
-3.145056869014133246e-04
-2.963537332394541391e-04
-2.783080110006075488e-04
-2.603710122198660878e-04
-2.425437599919755868e-04
-2.248258883257754366e-04
-2.072183637230854303e-04
-1.897274623877660371e-04
-1.723624005675777925e-04
-1.551313943828386993e-04
-1.380409427840431082e-04
-1.210979599119040018e-04
-1.043114821137834501e-04
-8.769010417222144950e-05
-7.123744816878988982e-05
-5.495273430114485757e-05
-3.883539478474156949e-05
-2.288187448982780396e-05
-7.084022008329282007e-06
8.564170838947898881e-06
2.406066844296887055e-05
3.940471895083355684e-05
5.459900891346344289e-05
6.964508903883136312e-05
8.453915672022834567e-05
9.927695320421478140e-05
1.138599365162695044e-04
1.282862498625563972e-04
1.425542496002527699e-04
1.566616669353510178e-04
1.706136639177308111e-04
1.844223046998553573e-04
1.980937791743071763e-04
2.116337605880901746e-04
2.250455083778870669e-04
2.383229569342609571e-04
2.514595571214891254e-04
2.644581369869776640e-04
2.773233980859410026e-04
2.900583452747136528e-04
3.026664214664805228e-04
3.151520737339456196e-04
3.275086931832470855e-04
3.397208493416273094e-04
3.517771872038709521e-04
3.636739969308738036e-04
3.754145406946862566e-04
3.869929137888037502e-04
3.983988553640316690e-04
4.096293028372924110e-04
4.206775382385462866e-04
4.315344093650122850e-04
4.422013467301460902e-04
4.526822648175558373e-04
4.629786581720814632e-04
4.730905537934628141e-04
4.830123575595214906e-04
4.927372238924369614e-04
5.022644579677386974e-04
5.115886399668616172e-04
5.207011352836474986e-04
5.295990238875862002e-04
5.382774065285362945e-04
5.467333960430608526e-04
5.549633513926472989e-04
5.629583234840039195e-04
5.707154902651568815e-04
5.782424098242104540e-04
5.855376809882896450e-04
5.925864529357298101e-04
5.993706165370509074e-04
6.058740835326522104e-04
6.120896178259130566e-04
6.180275263492896170e-04
6.237007879488417348e-04
6.291121282408455992e-04
6.342638505245765850e-04
6.391549717970772303e-04
6.437814307785815968e-04
6.481435163119959831e-04
6.522330265346762586e-04
6.560279890346798915e-04
6.595172531056112120e-04
6.627061435856784971e-04
6.655927113258059899e-04
6.681729153063738517e-04
6.704467699620125483e-04
6.724077836534137279e-04
6.740507020858688657e-04
6.753766093909625975e-04
6.763890081786860320e-04
6.770849851179009879e-04
6.774578110066558365e-04
6.775084250631212626e-04
6.772402225622368294e-04
6.766460046176407282e-04
6.757306062712473268e-04
6.744949364514072872e-04
6.729323550432804750e-04
6.710473884351964707e-04
6.688406042907725588e-04
6.663185024777063068e-04
6.634880131512130297e-04
6.603448294456746789e-04
6.568804633797959997e-04
6.530921988840230480e-04
6.489895091222299328e-04
6.445693319480537897e-04
6.398187253379121345e-04
6.347457375847917818e-04
6.293601323198036923e-04
6.236552744136878226e-04
6.176231320289811508e-04
6.112711100470296852e-04
6.046092005031842437e-04
5.976448116271963719e-04
5.903909826220701818e-04
5.828539228747965867e-04
5.750278909099917034e-04
5.669152315111113637e-04
5.585230650710686561e-04
5.498569086352688481e-04
5.409226807279057889e-04
5.317254571722965836e-04
5.222701877045782520e-04
5.125600661243300904e-04
5.025966735644216967e-04
4.923844298039324694e-04
4.819384152586477866e-04
4.712765985521220023e-04
4.604145776325486452e-04
4.493583817615223134e-04
4.381072465747578161e-04
4.266535508465360647e-04
4.149848085542462580e-04
4.030978660795852663e-04
3.909963204885580097e-04
3.786839217528072663e-04
3.661570352496873221e-04
3.534134556541883299e-04
3.404601056449015214e-04
3.273123947395472689e-04
3.139911052225523606e-04
3.005101672844005594e-04
2.868766789275418267e-04
2.730983417974223353e-04
2.591824518960766021e-04
2.451368724769760477e-04
2.309708648974352662e-04
2.166894639390745745e-04
2.022967098695503782e-04
1.877961694889765940e-04
1.731891886828475832e-04
1.584855030152740579e-04
1.436979708493984088e-04
1.288347542728168738e-04
1.139031315719546492e-04
9.891266108009275798e-05
8.387462667065515064e-05
6.879836860867763969e-05
5.369167618292007240e-05
3.856054606941055230e-05
2.341060422929778538e-05
8.245390149927321952e-06
-6.931203062913762319e-06
-2.210964568770353822e-05
-3.727393507041381308e-05
-5.240543975814911608e-05
-6.749032193656119647e-05
-8.252044444395860814e-05
-9.748803970296171539e-05
-1.123856757922309069e-04
-1.272092824384069801e-04
-1.419528573967658754e-04
-1.566063673234521433e-04
-1.711571843983904521e-04
-1.855970339909771255e-04
-1.999218450796330746e-04
-2.141267277538478828e-04
-2.282127128528715833e-04
-2.421797025505557628e-04
-2.560183094806485200e-04
-2.697144129996435985e-04
-2.832582050241825179e-04
-2.966371105423066851e-04
-3.098341075463035567e-04
-3.228430497519985403e-04
-3.356581393521161812e-04
-3.482677464637666444e-04
-3.606657782032551222e-04
-3.728509908345454702e-04
-3.848146724588379954e-04
-3.965430984283341829e-04
-4.080312097227454604e-04
-4.192668179240882208e-04
-4.302393359744661420e-04
-4.409570254368036643e-04
-4.514230618723224283e-04
-4.616311654714277913e-04
-4.715779358689500865e-04
-4.812581930482471800e-04
-4.906735691825476206e-04
-4.998271523086664355e-04
-5.086961345054664399e-04
-5.172547176614845791e-04
-5.254864567540359910e-04
-5.333830679869629686e-04
-5.409579647797790750e-04
-5.482248645556791512e-04
-5.551950881168874570e-04
-5.618669743640513064e-04
-5.682315398301544156e-04
-5.742850067304742590e-04
-5.800256339167792754e-04
-5.854611213884646122e-04
-5.905918636548463264e-04
-5.954160730103928495e-04
-5.999273644410004803e-04
-6.041124309155712028e-04
-6.079624729792202200e-04
-6.114920184614447678e-04
-6.147295176476186198e-04
-6.176846646269886073e-04
-6.203529656963291221e-04
-6.227285002283050857e-04
-6.248184421275143619e-04
-6.266450835451642777e-04
-6.282295413937535097e-04
-6.295859652294640615e-04
-6.307260391587083586e-04
-6.316547024141485949e-04
-6.323804572954945351e-04
-6.329152069699274779e-04
-6.332731789277525579e-04
-6.334637602100675474e-04
-6.334916892314952511e-04
-6.333665892364083710e-04
-6.330954774950805532e-04
-6.326726371349506231e-04
-6.320858982494916099e-04
-6.313287511963875482e-04
-6.303967724109831288e-04
-6.292832693209928201e-04
-6.279769726926975795e-04
-6.264666634491122734e-04
-6.247597959625181318e-04
-6.228777347316055051e-04
-6.208336495866353466e-04
-6.186374852433691469e-04
-6.163038378312341980e-04
-6.138387814549112111e-04
-6.112321591243484280e-04
-6.084761707925700211e-04
-6.055868427340762878e-04
-6.025857780273245236e-04
-5.994796414500688266e-04
-5.962777951978687988e-04
-5.929944453731716188e-04
-5.896368045536433703e-04
-5.861994666350471474e-04
-5.826798095312124733e-04
-5.790897032153927886e-04
-5.754427923012346135e-04
-5.717457277593016290e-04
-5.680035912406025678e-04
-5.642152486590702948e-04
-5.603769553095695310e-04
-5.564889081130123616e-04
-5.525602496533956213e-04
-5.486108641783530573e-04
-5.446541838984068039e-04
-5.406934410233043241e-04
-5.367258433597291069e-04
-5.327469457380934817e-04
-5.287573898357826119e-04
-5.247595630771182112e-04
-5.207589739599398967e-04
-5.167572545902759029e-04
-5.127554475525407558e-04
-5.087641499116366895e-04
-5.047916516750676269e-04
-5.008385979095795722e-04
-4.969025005821802203e-04
-4.929808350642307224e-04
-4.890664771351580127e-04
-4.851529558488814156e-04
-4.812413262403485202e-04
-4.773375480346159932e-04
-4.734485962364237428e-04
-4.695743685664410935e-04
-4.657113192426126516e-04
-4.618538057490289921e-04
-4.579932102301188129e-04
-4.541230936247374816e-04
-4.502446612194995444e-04
-4.463584375378355502e-04
-4.424535608718983912e-04
-4.385254792669274616e-04
-4.345798929241208612e-04
-4.306193716033129316e-04
-4.266469482268966137e-04
-4.226660504799145007e-04
-4.186759510657700012e-04
-4.146739875132392098e-04
-4.106620514861608813e-04
-4.066433263147075576e-04
-4.026194780227070860e-04
-3.985908027678908348e-04
-3.945560754149218742e-04
-3.905188740194847881e-04
-3.864791169865772831e-04
-3.824356757486814377e-04
-3.783887086913244389e-04
-3.743368455264469417e-04
-3.702824086450062237e-04
-3.662328344530202178e-04
-3.622002739801597078e-04
-3.581919081348351264e-04
-3.542029639677030995e-04
-3.502312633202166528e-04
-3.462824236168732988e-04
-3.423608683692864660e-04
-3.384710670102983711e-04
-3.346181688380563970e-04
-3.308045677165431277e-04
-3.270324227211384165e-04
-3.233058866782761802e-04
-3.196268244929106233e-04
-3.159984699106674583e-04
-3.124255993497912238e-04
-3.089117918923133172e-04
-3.054624855167309286e-04
-3.020785186831594690e-04
-2.987542628204013805e-04
-2.954915170434081902e-04
-2.922934557909406361e-04
-2.891603433167880873e-04
-2.860933051182464916e-04
-2.830922164761708981e-04
-2.801588613242220389e-04
-2.772930752553498198e-04
-2.744916848117498671e-04
-2.717534361202272376e-04
-2.690786437641753373e-04
-2.664671569222799613e-04
-2.639171445393586864e-04
-2.614311252144782289e-04
-2.590139801482749292e-04
-2.566681251234947795e-04
-2.543988048678102847e-04
-2.522107589483682348e-04
-2.501067649279570693e-04
-2.480885685640228894e-04
-2.461579815805715931e-04
-2.443191150621114804e-04
-2.425731250158941719e-04
-2.409204832055463397e-04
-2.393587181359013933e-04
-2.378833625580745040e-04
-2.364950892572540721e-04
-2.351937003430858478e-04
-2.339772174347287638e-04
-2.328470688903747977e-04
-2.318065999147245421e-04
-2.308559955690572861e-04
-2.299936074687324397e-04
-2.292200344972252846e-04
-2.285403534220068877e-04
-2.279556276620305403e-04
-2.274628867838556011e-04
-2.270617146037840785e-04
-2.267513859095017536e-04
-2.265309478103953689e-04
-2.263995297979377375e-04
-2.263560281988111645e-04
-2.264002689584310754e-04
-2.265312417845236125e-04
-2.267451925136067931e-04
-2.270400264329622319e-04
-2.274162751027839836e-04
-2.278770107792324061e-04
-2.284262103177365859e-04
-2.290663045705788458e-04
-2.297952234059997862e-04
-2.306065517359698531e-04
-2.314964577493092222e-04
-2.324631148443268111e-04
-2.335005202797072940e-04
-2.346020041080091136e-04
-2.357628003500092319e-04
-2.369814713808525777e-04
-2.382587473301793024e-04
-2.395914771245635897e-04
-2.409771352250463774e-04
-2.424115930719062219e-04
-2.438902552272041962e-04
-2.454123223465631528e-04
-2.469759676230776644e-04
-2.485769828580939298e-04
-2.502110732815240987e-04
-2.518743699892465643e-04
-2.535652205827534813e-04
-2.552837627157067022e-04
-2.570301698756691385e-04
-2.588020219892456361e-04
-2.605937191683027534e-04
-2.624012541068464015e-04
-2.642186913151169515e-04
-2.660455043335517729e-04
-2.678847893129577933e-04
-2.697376758781657000e-04
-2.716045955929523954e-04
-2.734848439166044035e-04
-2.753809261332354052e-04
-2.772943502341140951e-04
-2.792254863319402927e-04
-2.811740765229188356e-04
-2.831335553747106582e-04
-2.850958829558900096e-04
-2.870605535446180264e-04
-2.890314861356918464e-04
-2.910118433080115122e-04
-2.930019205893889356e-04
-2.949975910260509301e-04
-2.969946378314783039e-04
-2.989952689547453898e-04
-3.010020364102688724e-04
-3.030134288541702007e-04
-3.050246455618065792e-04
-3.070313103775152829e-04
-3.090303820684953996e-04
-3.110186198303140645e-04
-3.129950911488460063e-04
-3.149588964132516268e-04
-3.169084931676970237e-04
-3.188429616722891183e-04
-3.207621605682386533e-04
-3.226659984963063904e-04
-3.245535807848515210e-04
-3.264253626007087693e-04
-3.282823659207689988e-04
-3.301252019874841535e-04
-3.319534992874658753e-04
-3.337644200992709743e-04
-3.355574459022076807e-04
-3.373330717312723339e-04
-3.390890851658133042e-04
-3.408222365592793375e-04
-3.425282627525122773e-04
-3.442049295212531263e-04
-3.458504887626055063e-04
-3.474601333557457276e-04
-3.490297494807759388e-04
-3.505568213664819049e-04
-3.520417971707935005e-04
-3.534884587022721304e-04
-3.548989063701485066e-04
-3.562716496356400052e-04
-3.576086883850890393e-04
-3.589151597486857034e-04
-3.601913806209841064e-04
-3.614344295710604678e-04
-3.626414804842544612e-04
-3.638106169715279591e-04
-3.649402604481026048e-04
-3.660268985419317593e-04
-3.670675672809157108e-04
-3.680613948388476915e-04
-3.690106135380041125e-04
-3.699177522641543324e-04
-3.707813237640232812e-04
-3.716013524122181635e-04
-3.723781747594976494e-04
-3.731132775803524789e-04
-3.738102068190955144e-04
-3.744737012382872766e-04
-3.751074031279426064e-04
-3.757109330832021405e-04
-3.762833850359539010e-04
-3.768243677994278455e-04
-3.773320041801184080e-04
-3.778050678921108705e-04
-3.782467194670604150e-04
-3.786607845399426781e-04
-3.790476084560475138e-04
-3.794035000818532597e-04
-3.797228839772631140e-04
-3.800031989100196542e-04
-3.802444286822542589e-04
-3.804455510122388548e-04
-3.806063796465828015e-04
-3.807278853298684735e-04
-3.808119350895691952e-04
-3.808577294287659402e-04
-3.808662794162165593e-04
-3.808391038939561049e-04
-3.807728829880287560e-04
-3.806697412313250002e-04
-3.805354114274435884e-04
-3.803730577937296936e-04
-3.801834285731097015e-04
-3.799659478962909851e-04
-3.797218564031340287e-04
-3.794499139968117939e-04
-3.791477316729023129e-04
-3.788140970727603071e-04
-3.784445655553743122e-04
-3.780370925589651167e-04
-3.775905273716521752e-04
-3.771014494463739101e-04
-3.765674622955971092e-04
-3.759890289182122474e-04
-3.753673166041363940e-04
-3.746993374820044580e-04
-3.739824696074522882e-04
-3.732163791707794089e-04
-3.724031672938413152e-04
-3.715449707271072772e-04
-3.706415419651255599e-04
-3.696914114515404358e-04
-3.686934309341640737e-04
-3.676468630896531425e-04
-3.665517781313644722e-04
-3.654093474203726059e-04
-3.642176974662060594e-04
-3.629768110749421691e-04
-3.616874395761564211e-04
-3.603497456178198074e-04
-3.589683459318525360e-04
-3.575481645802377974e-04
-3.560926773395430879e-04
-3.546043065630582049e-04
-3.530809345429204000e-04
-3.515206630652160913e-04
-3.499247692934260461e-04
-3.482936028657423609e-04
-3.466272380430995685e-04
-3.449247141393760861e-04
-3.431872725685743250e-04
-3.414168292507634194e-04
-3.396104426472330048e-04
-3.377667388736394958e-04
-3.358877689848252979e-04
-3.339745764728542184e-04
-3.320274338930097216e-04
-3.300464172599147346e-04
-3.280311207058045136e-04
-3.259797830404375621e-04
-3.238922941354110637e-04
-3.217708234510816044e-04
-3.196189975515544100e-04
-3.174365056223874795e-04
-3.152194756223505238e-04
-3.129683883041509346e-04
-3.106827992849649331e-04
-3.083640241351427139e-04
-3.060160602249900261e-04
-3.036410305594524316e-04
-3.012418131540254489e-04
-2.988212276953160565e-04
-2.963810036981968259e-04
-2.939226727196494180e-04
-2.914473061644958451e-04
-2.889553639443712498e-04
-2.864477192004263764e-04
-2.839276732545836009e-04
-2.813966374109162587e-04
-2.788522763262412459e-04
-2.762930937107477584e-04
-2.737168680424914764e-04
-2.711214071464466383e-04
-2.685078681306744667e-04
-2.658781524331988669e-04
-2.632311608927526267e-04
-2.605662272972587585e-04
-2.578858331004923077e-04
-2.551912510265296852e-04
-2.524798713840318318e-04
-2.497508887157664777e-04
-2.470074322204734302e-04
-2.442516429430749360e-04
-2.414822567514653877e-04
-2.386984916691843670e-04
-2.359033592279663103e-04
-2.331000070938906885e-04
-2.302913322780507312e-04
-2.274790986194933447e-04
-2.246642603493734778e-04
-2.218489419478797972e-04
-2.190334162301093407e-04
-2.162155053362044841e-04
-2.133952080732524068e-04
-2.105749083453838208e-04
-2.077551344210534767e-04
-2.049353987040827721e-04
-2.021143576007770979e-04
-1.992904543771923634e-04
-1.964629660691138697e-04
-1.936316082182986862e-04
-1.907979655089319564e-04
-1.879631110179363017e-04
-1.851275819855840922e-04
-1.822925014905498744e-04
-1.794570627517731514e-04
-1.766217756140009648e-04
-1.737891646892402581e-04
-1.709600733474937176e-04
-1.681348255139698583e-04
-1.653137244910652792e-04
-1.624968184299521029e-04
-1.596842965587413747e-04
-1.568765218819682982e-04
-1.540736152411564287e-04
-1.512765494687539638e-04
-1.484863635088624705e-04
-1.457014500587539430e-04
-1.429190559069434948e-04
-1.401381885462683798e-04
-1.373576844009873597e-04
-1.345756603301963435e-04
-1.317915746685821695e-04
-1.290050399492318725e-04
-1.262162379056071466e-04
-1.234269248386618372e-04
-1.206371445247754384e-04
-1.178464357183358789e-04
-1.150560576590064799e-04
-1.122680877611831709e-04
-1.094850512294107413e-04
-1.067074202292659155e-04
-1.039346851462142430e-04
-1.011665057000723529e-04
-9.840370377194938129e-05
-9.564675485946799532e-05
-9.289344745032525200e-05
-9.014217155967973007e-05
-8.739262893106451507e-05
-8.464451531403929493e-05
-8.189840774685161712e-05
-7.915484798016413613e-05
-7.641373175160207651e-05
-7.367491535075057279e-05
-7.093792353218695201e-05
-6.820328969602693016e-05
-6.547267924661682407e-05
-6.274739704390406235e-05
-6.002791202486303383e-05
-5.731522319301000885e-05
-5.461197493067705146e-05
-5.191981638366949687e-05
-4.923967948144600363e-05
-4.657301495617521039e-05
-4.392080139763617213e-05
-4.128365266657259936e-05
-3.866217135937969241e-05
-3.605821492822874436e-05
-3.347342712509599638e-05
-3.090714865077348101e-05
-2.835845493644640293e-05
-2.582752284974730819e-05
-2.331460912062767639e-05
-2.082009383149311982e-05
-1.834401051491079659e-05
-1.588552365479229962e-05
-1.344438844861139855e-05
-1.102078487474163535e-05
-8.614461827098455698e-06
-6.225125102010917108e-06
-3.852987668891361514e-06
-1.497209418724946810e-06
8.439114688631669884e-07
3.170799387382665124e-06
5.481338451993740932e-06
7.772299557217819693e-06
1.004218213948583933e-05
1.229106653969038501e-05
1.451889957485418652e-05
1.672582326164607990e-05
1.891128192654858636e-05
2.107382903799877966e-05
2.321329760613546783e-05
2.532915414297850641e-05
2.742141998369502178e-05
2.949075030835318176e-05
3.153779118747407009e-05
3.356208555073797022e-05
3.556204226816507888e-05
3.753654777459383994e-05
3.948343737077584180e-05
4.140197138264557709e-05
4.329281410493968931e-05
4.515555923127798874e-05
4.698981447047957867e-05
4.879638985028767725e-05
5.057661299783888196e-05
5.232987809415173890e-05
5.405600214412282297e-05
5.575643997259982222e-05
5.743152766754090706e-05
5.908061986961346676e-05
6.070188439845744288e-05
6.229272595464426410e-05
6.385242580399853082e-05
6.538254110746400348e-05
6.688450465655750151e-05
6.835936317596140498e-05
6.980806046847454021e-05
7.123117802796328482e-05
7.262947184080450439e-05
7.400309155814976361e-05
7.535154202147008296e-05
7.667437908993142079e-05
7.797110749068031344e-05
7.924132738659080100e-05
8.048590401090228194e-05
8.170659773789476434e-05
8.290476840228998918e-05
8.408112014029241882e-05
8.523561059908544625e-05
8.636873304151275498e-05
8.748128479668102798e-05
8.857251271210903412e-05
8.964182755889092593e-05
9.069017817354938795e-05
9.171872476985503092e-05
9.272846938716102687e-05
9.372040343397312206e-05
9.469403908089888864e-05
9.564741906159822176e-05
9.657888586925254273e-05
9.748797682535299673e-05
9.837523358556014776e-05
9.924114109022968977e-05
1.000851394517599283e-04
1.009059394960251356e-04
1.017020585618978132e-04
1.024716167748185980e-04
1.032130786838633690e-04
1.039257183493968718e-04
1.046100634730634510e-04
1.052665430728579016e-04
1.058953430039808651e-04
1.064975749675366829e-04
1.070732701560654155e-04
1.076208441730908491e-04
1.081393657501970721e-04
1.086288327617365804e-04
1.090899220516490612e-04
1.095225908465436197e-04
1.099263734312137038e-04
1.103019083902613269e-04
1.106507397805546380e-04
1.109734899052841422e-04
1.112695530967679788e-04
1.115394307748597297e-04
1.117840584952465823e-04
1.120037536818319692e-04
1.121982567268653240e-04
1.123673141992051228e-04
1.125106825409084545e-04
1.126276616559392709e-04
1.127190509060542229e-04
1.127867330120874709e-04
1.128314091915559418e-04
1.128538181963360939e-04
1.128544543324050588e-04
1.128334527322695155e-04
1.127917771893570447e-04
1.127306120446542427e-04
1.126509746307575836e-04
1.125536211716923079e-04
1.124388441984092401e-04
1.123072124871438951e-04
1.121596467321689253e-04
1.119960572130143043e-04
1.118157203583860728e-04
1.116182799494909851e-04
1.114031755460268426e-04
1.111708184120109935e-04
1.109223293192811610e-04
1.106578468755780545e-04
1.103767799812328012e-04
1.100783915493188454e-04
1.097629806011113216e-04
1.094310383060237885e-04
1.090822800722253774e-04
1.087173923222560176e-04
1.083369911747515555e-04
1.079414198421329988e-04
1.075323052541950761e-04
1.071108153812579377e-04
1.066768058736312881e-04
1.062300527621833529e-04
1.057709972477602128e-04
1.052997662904202195e-04
1.048171383580181131e-04
1.043242513642979194e-04
1.038214656546171952e-04
1.033087681804833834e-04
1.027868385927660982e-04
1.022577476221561254e-04
1.017238166375937855e-04
1.011862929033697476e-04
1.006460213102025700e-04
1.001040596496972121e-04
9.956097143335858823e-05
9.901761398079512414e-05
9.847511010571525733e-05
9.793441578395239424e-05
9.739634758438266344e-05
9.686202600434717610e-05
9.633208395453582678e-05
9.580638590955071815e-05
9.528441755181356429e-05
9.476542371513744427e-05
9.424937950808504451e-05
9.373652972970412413e-05
9.322709959531781275e-05
9.272141205070197172e-05
9.221993326627423077e-05
9.172260702543577680e-05
9.122822679813497482e-05
9.073645365552695564e-05
9.024817999454167188e-05
8.976421783023501343e-05
8.928438593728033773e-05
8.880813517003985510e-05
8.833529764597863822e-05
8.786502285983041572e-05
8.739655192785719228e-05
8.692922333540409221e-05
8.646207220371719400e-05
8.599461050247624017e-05
8.552691046074787121e-05
8.505907010029573956e-05
8.459089416574736009e-05
8.412294985859296282e-05
8.365551527768083238e-05
8.318778737007674596e-05
8.271967741273269787e-05
8.225155550529800674e-05
8.178304141660110518e-05
8.131324437145980705e-05
8.084155395195974998e-05
8.036728561990373002e-05
7.989018091922542460e-05
7.941064788391406640e-05
7.892877068165988824e-05
7.844459800310089165e-05
7.795930230020741238e-05
7.747473230999592502e-05
7.699146713897624583e-05
7.650913185552342985e-05
7.602734988462975523e-05
7.554588818766699181e-05
7.506553583146130082e-05
7.458676885959290219e-05
7.410949267232473517e-05
7.363391693922339350e-05
7.316064960671475798e-05
7.269111561886825183e-05
7.222559219298099352e-05
7.176313639737703269e-05
7.130303960570566935e-05
7.084520801942257304e-05
7.039038511799375136e-05
6.993917818884721799e-05
6.949132140270096491e-05
6.904679555400296709e-05
6.860595832504190570e-05
6.816897690172607309e-05
6.773650136675189704e-05
6.730930412630134745e-05
6.688752489527810606e-05
6.647092604853218787e-05
6.605949588011176545e-05
6.565356021239629144e-05
6.525272647951729527e-05
6.485586454782107100e-05
6.446276653164441286e-05
6.407406880904979046e-05
6.369008306886166657e-05
6.331072670214350415e-05
6.293603246328121736e-05
6.256575511124308681e-05
6.219897525665039710e-05
6.183532739487654264e-05
6.147457483105236097e-05
6.111582227773353353e-05
6.075871481402457796e-05
6.040335908832770084e-05
6.004985097080505971e-05
5.969883670767165004e-05
5.935070443536410480e-05
5.900520674382671776e-05
5.866223443491953800e-05
5.832191951428877981e-05
5.798464269360721526e-05
5.765082150452734621e-05
5.732070467405003480e-05
5.699439716847144082e-05
5.667193965688225866e-05
5.635294371928004130e-05
5.603684809032391723e-05
5.572337098509114590e-05
5.541210409596313599e-05
5.510285548771881391e-05
5.479557105506626411e-05
5.449027539435848995e-05
5.418696711285361935e-05
5.388511022650045647e-05
5.358435033251192261e-05
5.328461859459763768e-05
5.298580206943258048e-05
5.268855685191266541e-05
5.239353521270139255e-05
5.210068910725654712e-05
5.180987763040092743e-05
5.152099903656255745e-05
5.123427269972378225e-05
5.094994189096454520e-05
5.066799829582200600e-05
5.038833729354334166e-05
5.011081064444885863e-05
4.983517463369475247e-05
4.956114403373281191e-05
4.928848008344993611e-05
4.901721377659438306e-05
4.874752087854405193e-05
4.847950371301475446e-05
4.821293393281477657e-05
4.794738457623817145e-05
4.768270964032795449e-05
4.741894243571907676e-05
4.715601949405684803e-05
4.689367215875166515e-05
4.663170749327903746e-05
4.636970427511801754e-05
4.610724787360299509e-05
4.584411434411164309e-05
4.558001782864025750e-05
4.531468775457913787e-05
4.504804407495026602e-05
4.478036392085755509e-05
4.451170454473142205e-05
4.424167506077956595e-05
4.397005429482475408e-05
4.369691046014382392e-05
4.342204427085904491e-05
4.314506169190610133e-05
4.286571610434702115e-05
4.258396379413533617e-05
4.229961257721238086e-05
4.201217374224709445e-05
4.172151253996853146e-05
4.142792097792332730e-05
4.113145684919465372e-05
4.083218885697419246e-05
4.053049011515378388e-05
4.022652887863629041e-05
3.992026874203951064e-05
3.961202865018417367e-05
3.930212641800199993e-05
3.899054450005922171e-05
3.867729718576077798e-05
3.836231116486357268e-05
3.804557326208604098e-05
3.772739037781531237e-05
3.740790619872588394e-05
3.708703882975992251e-05
3.676485139164051329e-05
3.644140383051931622e-05
3.611668878711595058e-05
3.579074981924044448e-05
3.546372309822820883e-05
3.513580575850524146e-05
3.480713928626497691e-05
3.447777696238293568e-05
3.414765667808342830e-05
3.381672296494362437e-05
3.348510151369643101e-05
3.315277556198046541e-05
3.281963157116121266e-05
3.248556841140659801e-05
3.215034578202873787e-05
3.181379969340778185e-05
3.147599476397318623e-05
3.113708696006783943e-05
3.079698265994061565e-05
3.045571898271999504e-05
3.011340170683183168e-05
2.977014319274799763e-05
2.942614803483551135e-05
2.908155009305050568e-05
2.873642326769346468e-05
2.839087662565396508e-05
2.804502658905586753e-05
2.769904115844744246e-05
2.735327850021752384e-05
2.700819682302247945e-05
2.666415255020261076e-05
2.632101819214144179e-05
2.597863750153607884e-05
2.563730013004197260e-05
2.529723207406762701e-05
2.495822519485303744e-05
2.462000963726495263e-05
2.428237201633888596e-05
2.394533302325496383e-05
2.360916841795233115e-05
2.327427995124361503e-05
2.294115431474939707e-05
2.261007430212926729e-05
2.228117960131620950e-05
2.195458965110660130e-05
2.163033947639669843e-05
2.130858148470727819e-05
2.098945207785596668e-05
2.067283964008499329e-05
2.035855383162444212e-05
2.004640027743804403e-05
1.973621094359551627e-05
1.942800949552088671e-05
1.912183114340748768e-05
1.881761090743675212e-05
1.851533709760394867e-05
1.821501205145838360e-05
1.791667564252070362e-05
1.762040135018552893e-05
1.732617465992801004e-05
1.703381843803667022e-05
1.674332734804608532e-05
1.645483502422188577e-05
1.616834507597061758e-05
1.588376921047283431e-05
1.560111067468710548e-05
1.532040757144449868e-05
1.504154159187453663e-05
1.476441128877558055e-05
1.448894085971046623e-05
1.421509039860678451e-05
1.394278515727231600e-05
1.367189544560160750e-05
1.340242324323237198e-05
1.313443681653434959e-05
1.286799608931051040e-05
1.260327714495960806e-05
1.234044634145291011e-05
1.207951126128078063e-05
1.182049419793098976e-05
1.156337607648717962e-05
1.130807227960767596e-05
1.105452608781121793e-05
1.080272351445415312e-05
1.055271640618651856e-05
1.030459930200608402e-05
1.005845650635101883e-05
9.814382003342628685e-06
9.572453519929568569e-06
9.332684147940107267e-06
9.095112508422712234e-06
8.859810001034993082e-06
8.626809381061433790e-06
8.396150682847107279e-06
8.167911918081922066e-06
7.942174663547528927e-06
7.718966512514222465e-06
7.498245043562011943e-06
7.280032678745951345e-06
7.064362424323399437e-06
6.851204648554980716e-06
6.640581412149391534e-06
6.432534437540810331e-06
6.227065496382123080e-06
6.024171105282490109e-06
5.823861360612320821e-06
5.626198771676901625e-06
5.431258633964716490e-06
5.239103155546072042e-06
5.049803630662544255e-06
4.863465583584746956e-06
4.680190815193493587e-06
4.499995970930120633e-06
4.322867709892590837e-06
4.148806248939923444e-06
3.977846638993654603e-06
3.810022896712098048e-06
3.645361155674143021e-06
3.483903425293116855e-06
3.325680696138951992e-06
3.170740762871736068e-06
3.019154665945437861e-06
2.870957313190705836e-06
2.726172562489746445e-06
2.584842901709309935e-06
2.446988986595803079e-06
2.312660451572427942e-06
2.181923739513758573e-06
2.054836503188875393e-06
1.931450411441910068e-06
1.811791094188620947e-06
1.695895492522491524e-06
1.583800674793153913e-06
1.475529343401023015e-06
1.371106949230031276e-06
1.270564449683989543e-06
1.173934865830287155e-06
1.081242095327418933e-06
9.924952167463921292e-07
9.076985079496884624e-07
8.268598813559118349e-07
7.499845272631784374e-07
6.770670963528657877e-07
6.080913968842382037e-07
5.430384189699887291e-07
4.818817022945923459e-07
4.245897460326350651e-07
3.711347949167403590e-07
3.214845514190848855e-07
2.756020725989758066e-07
2.334465332405436846e-07
1.949749062445878710e-07
1.601433218730482207e-07
1.289015259735780244e-07
1.011953155894717265e-07
7.697058521619430541e-08
5.617229475806794133e-08
3.874327944843942334e-08
2.462431207287495892e-08
1.375388094944695982e-08
6.069175521933451781e-09
1.506281168992455275e-09
0.000000000000000000e+00
