0.000000000000000000e+00
2.416915469392071547e-04
4.833830938784143094e-04
7.250746408176214370e-04
9.667661877568286188e-04
1.208457734696035801e-03
1.450149281635242874e-03
1.691840828574450164e-03
1.933532375513657238e-03
2.175223922452864528e-03
2.416915469392071601e-03
2.658607016331278675e-03
2.900298563270485748e-03
3.141990110209692821e-03
3.383681657148900328e-03
3.625373204088107402e-03
3.867064751027314475e-03
4.108756297966521982e-03
4.350447844905729056e-03
4.592139391844936129e-03
4.833830938784143202e-03
5.075522485723350276e-03
5.317214032662557349e-03
5.558905579601764423e-03
5.800597126540971496e-03
6.042288673480178569e-03
6.283980220419385643e-03
6.525671767358593583e-03
6.767363314297800657e-03
7.009054861237007730e-03
7.250746408176214804e-03
7.492437955115421877e-03
7.734129502054628950e-03
7.975821048993836024e-03
8.217512595933043965e-03
8.459204142872250171e-03
8.700895689811458111e-03
8.942587236750664317e-03
9.184278783689872258e-03
9.425970330629078464e-03
9.667661877568286405e-03
9.909353424507492611e-03
1.015104497144670055e-02
1.039273651838590849e-02
1.063442806532511470e-02
1.087611961226432264e-02
1.111781115920352885e-02
1.135950270614273679e-02
1.160119425308194299e-02
1.184288580002115093e-02
1.208457734696035714e-02
1.232626889389956508e-02
1.256796044083877129e-02
1.280965198777797923e-02
1.305134353471718717e-02
1.329303508165639337e-02
1.353472662859560131e-02
1.377641817553480752e-02
1.401810972247401546e-02
1.425980126941322167e-02
1.450149281635242961e-02
1.474318436329163581e-02
1.498487591023084375e-02
1.522656745717004996e-02
1.546825900410925790e-02
1.570995055104846411e-02
1.595164209798767205e-02
1.619333364492687999e-02
1.643502519186608793e-02
1.667671673880529240e-02
1.691840828574450034e-02
1.716009983268370828e-02
1.740179137962291622e-02
1.764348292656212069e-02
1.788517447350132863e-02
1.812686602044053658e-02
1.836855756737974452e-02
1.861024911431895246e-02
1.885194066125815693e-02
1.909363220819736487e-02
1.933532375513657281e-02
1.957701530207578075e-02
1.981870684901498522e-02
2.006039839595419316e-02
2.030208994289340110e-02
2.054378148983260904e-02
2.078547303677181698e-02
2.102716458371102146e-02
2.126885613065022940e-02
2.151054767758943734e-02
2.175223922452864528e-02
2.199393077146784975e-02
2.223562231840705769e-02
2.247731386534626563e-02
2.271900541228547357e-02
2.296069695922467804e-02
2.320238850616388598e-02
2.344408005310309392e-02
2.368577160004230187e-02
2.392746314698150981e-02
2.416915469392071428e-02
2.441084624085992222e-02
2.465253778779913016e-02
2.489422933473833810e-02
2.513592088167754257e-02
2.537761242861675051e-02
2.561930397555595845e-02
2.586099552249516639e-02
2.610268706943437433e-02
2.634437861637357881e-02
2.658607016331278675e-02
2.682776171025199469e-02
2.706945325719120263e-02
2.731114480413040710e-02
2.755283635106961504e-02
2.779452789800882298e-02
2.803621944494803092e-02
2.827791099188723886e-02
2.851960253882644333e-02
2.876129408576565127e-02
2.900298563270485921e-02
2.924467717964406716e-02
2.948636872658327163e-02
2.972806027352247957e-02
2.996975182046168751e-02
3.021144336740089545e-02
3.045313491434009992e-02
3.069482646127930786e-02
3.093651800821851580e-02
3.117820955515772374e-02
3.141990110209692821e-02
3.166159264903613962e-02
3.190328419597534410e-02
3.214497574291454857e-02
3.238666728985375998e-02
3.262835883679296445e-02
3.287005038373217586e-02
3.311174193067138033e-02
3.335343347761058480e-02
3.359512502454979621e-02
3.383681657148900068e-02
3.407850811842821209e-02
3.432019966536741656e-02
3.456189121230662104e-02
3.480358275924583245e-02
3.504527430618503692e-02
3.528696585312424139e-02
3.552865740006345280e-02
3.577034894700265727e-02
3.601204049394186868e-02
3.625373204088107315e-02
3.649542358782027762e-02
3.673711513475948903e-02
3.697880668169869350e-02
3.722049822863790491e-02
3.746218977557710939e-02
3.770388132251631386e-02
3.794557286945552527e-02
3.818726441639472974e-02
3.842895596333394115e-02
3.867064751027314562e-02
3.891233905721235009e-02
3.915403060415156150e-02
3.939572215109076597e-02
3.963741369802997044e-02
3.987910524496918185e-02
4.012079679190838633e-02
4.036248833884759774e-02
4.060417988578680221e-02
4.084587143272600668e-02
4.108756297966521809e-02
4.132925452660442256e-02
4.157094607354363397e-02
4.181263762048283844e-02
4.205432916742204291e-02
4.229602071436125432e-02
4.253771226130045879e-02
4.277940380823966326e-02
4.302109535517887468e-02
4.326278690211807915e-02
4.350447844905729056e-02
4.374616999599649503e-02
4.398786154293569950e-02
4.422955308987491091e-02
4.447124463681411538e-02
4.471293618375332679e-02
4.495462773069253126e-02
4.519631927763173573e-02
4.543801082457094714e-02
4.567970237151015162e-02
4.592139391844935609e-02
4.616308546538856750e-02
4.640477701232777197e-02
4.664646855926698338e-02
4.688816010620618785e-02
4.712985165314539232e-02
4.737154320008460373e-02
4.761323474702380820e-02
4.785492629396301961e-02
4.809661784090222408e-02
4.833830938784142855e-02
4.858000093478063997e-02
4.882169248171984444e-02
4.906338402865905585e-02
4.930507557559826032e-02
4.954676712253746479e-02
4.978845866947667620e-02
5.003015021641588067e-02
5.027184176335508514e-02
5.051353331029429655e-02
5.075522485723350102e-02
5.099691640417271243e-02
5.123860795111191690e-02
5.148029949805112138e-02
5.172199104499033279e-02
5.196368259192953726e-02
5.220537413886874867e-02
5.244706568580795314e-02
5.268875723274715761e-02
5.293044877968636902e-02
5.317214032662557349e-02
5.341383187356477796e-02
5.365552342050398937e-02
5.389721496744319384e-02
5.413890651438240526e-02
5.438059806132160973e-02
5.462228960826081420e-02
5.486398115520002561e-02
5.510567270213923008e-02
5.534736424907844149e-02
5.558905579601764596e-02
5.583074734295685043e-02
5.607243888989606184e-02
5.631413043683526631e-02
5.655582198377447772e-02
5.679751353071368219e-02
5.703920507765288667e-02
5.728089662459209808e-02
5.752258817153130255e-02
5.776427971847050702e-02
5.800597126540971843e-02
5.824766281234892290e-02
5.848935435928813431e-02
5.873104590622733878e-02
5.897273745316654325e-02
5.921442900010575466e-02
5.945612054704495913e-02
5.969781209398417055e-02
5.993950364092337502e-02
6.018119518786257949e-02
6.042288673480179090e-02
6.066457828174099537e-02
6.090626982868019984e-02
6.114796137561941125e-02
6.138965292255861572e-02
6.163134446949782713e-02
6.187303601643703160e-02
6.211472756337623607e-02
6.235641911031544748e-02
6.259811065725465196e-02
6.283980220419385643e-02
6.308149375113306090e-02
6.332318529807227925e-02
6.356487684501148372e-02
6.380656839195068819e-02
6.404825993888989266e-02
6.428995148582909713e-02
6.453164303276831548e-02
6.477333457970751995e-02
6.501502612664672442e-02
6.525671767358592890e-02
6.549840922052513337e-02
6.574010076746435172e-02
6.598179231440355619e-02
6.622348386134276066e-02
6.646517540828196513e-02
6.670686695522116960e-02
6.694855850216038795e-02
6.719025004909959242e-02
6.743194159603879689e-02
6.767363314297800136e-02
6.791532468991720584e-02
6.815701623685642419e-02
6.839870778379562866e-02
6.864039933073483313e-02
6.888209087767403760e-02
6.912378242461324207e-02
6.936547397155246042e-02
6.960716551849166489e-02
6.984885706543086936e-02
7.009054861237007383e-02
7.033224015930927830e-02
7.057393170624848278e-02
7.081562325318770112e-02
7.105731480012690560e-02
7.129900634706611007e-02
7.154069789400531454e-02
7.178238944094451901e-02
7.202408098788373736e-02
7.226577253482294183e-02
7.250746408176214630e-02
7.274915562870135077e-02
7.299084717564055524e-02
7.323253872257977359e-02
7.347423026951897806e-02
7.371592181645818254e-02
7.395761336339738701e-02
7.419930491033659148e-02
7.444099645727580983e-02
7.468268800421501430e-02
7.492437955115421877e-02
7.516607109809342324e-02
7.540776264503262771e-02
7.564945419197184606e-02
7.589114573891105053e-02
7.613283728585025500e-02
7.637452883278945948e-02
7.661622037972866395e-02
7.685791192666788230e-02
7.709960347360708677e-02
7.734129502054629124e-02
7.758298656748549571e-02
7.782467811442470018e-02
7.806636966136390465e-02
7.830806120830312300e-02
7.854975275524232747e-02
7.879144430218153194e-02
7.903313584912073642e-02
7.927482739605994089e-02
7.951651894299915924e-02
7.975821048993836371e-02
7.999990203687756818e-02
8.024159358381677265e-02
8.048328513075597712e-02
8.072497667769519547e-02
8.096666822463439994e-02
8.120835977157360441e-02
8.145005131851280888e-02
8.169174286545201336e-02
8.193343441239123170e-02
8.217512595933043618e-02
8.241681750626964065e-02
8.265850905320884512e-02
8.290020060014804959e-02
8.314189214708726794e-02
8.338358369402647241e-02
8.362527524096567688e-02
8.386696678790488135e-02
8.410865833484408582e-02
8.435034988178330417e-02
8.459204142872250864e-02
8.483373297566171312e-02
8.507542452260091759e-02
8.531711606954012206e-02
8.555880761647932653e-02
8.580049916341854488e-02
8.604219071035774935e-02
8.628388225729695382e-02
8.652557380423615829e-02
8.676726535117536276e-02
8.700895689811458111e-02
8.725064844505378558e-02
8.749233999199299006e-02
8.773403153893219453e-02
8.797572308587139900e-02
8.821741463281061735e-02
8.845910617974982182e-02
8.870079772668902629e-02
8.894248927362823076e-02
8.918418082056743523e-02
8.942587236750665358e-02
8.966756391444585805e-02
8.990925546138506252e-02
9.015094700832426700e-02
9.039263855526347147e-02
9.063433010220268982e-02
9.087602164914189429e-02
9.111771319608109876e-02
9.135940474302030323e-02
9.160109628995950770e-02
9.184278783689871217e-02
9.208447938383793052e-02
9.232617093077713499e-02
9.256786247771633946e-02
9.280955402465554394e-02
9.305124557159474841e-02
9.329293711853396676e-02
9.353462866547317123e-02
9.377632021241237570e-02
9.401801175935158017e-02
9.425970330629078464e-02
9.450139485323000299e-02
9.474308640016920746e-02
9.498477794710841193e-02
9.522646949404761640e-02
9.546816104098682088e-02
9.570985258792603922e-02
9.595154413486524370e-02
9.619323568180444817e-02
9.643492722874365264e-02
9.667661877568285711e-02
9.691831032262207546e-02
9.716000186956127993e-02
9.740169341650048440e-02
9.764338496343968887e-02
9.788507651037889334e-02
9.812676805731811169e-02
9.836845960425731616e-02
9.861015115119652064e-02
9.885184269813572511e-02
9.909353424507492958e-02
9.933522579201413405e-02
9.957691733895335240e-02
9.981860888589255687e-02
1.000603004328317613e-01
1.003019919797709658e-01
1.005436835267101703e-01
1.007853750736493886e-01
1.010270666205885931e-01
1.012687581675277976e-01
1.015104497144670020e-01
1.017521412614062065e-01
1.019938328083454249e-01
1.022355243552846293e-01
1.024772159022238338e-01
1.027189074491630383e-01
1.029605989961022428e-01
1.032022905430414611e-01
1.034439820899806656e-01
1.036856736369198700e-01
1.039273651838590745e-01
1.041690567307982790e-01
1.044107482777374973e-01
1.046524398246767018e-01
1.048941313716159063e-01
1.051358229185551107e-01
1.053775144654943152e-01
1.056192060124335336e-01
1.058608975593727380e-01
1.061025891063119425e-01
1.063442806532511470e-01
1.065859722001903515e-01
1.068276637471295559e-01
1.070693552940687743e-01
1.073110468410079787e-01
1.075527383879471832e-01
1.077944299348863877e-01
1.080361214818255922e-01
1.082778130287648105e-01
1.085195045757040150e-01
1.087611961226432195e-01
1.090028876695824239e-01
1.092445792165216284e-01
1.094862707634608467e-01
1.097279623104000512e-01
1.099696538573392557e-01
1.102113454042784602e-01
1.104530369512176646e-01
1.106947284981568830e-01
1.109364200450960874e-01
1.111781115920352919e-01
1.114198031389744964e-01
1.116614946859137009e-01
1.119031862328529192e-01
1.121448777797921237e-01
1.123865693267313282e-01
1.126282608736705326e-01
1.128699524206097371e-01
1.131116439675489554e-01
1.133533355144881599e-01
1.135950270614273644e-01
1.138367186083665689e-01
1.140784101553057733e-01
1.143201017022449778e-01
1.145617932491841962e-01
1.148034847961234006e-01
1.150451763430626051e-01
1.152868678900018096e-01
1.155285594369410140e-01
1.157702509838802324e-01
1.160119425308194369e-01
1.162536340777586413e-01
1.164953256246978458e-01
1.167370171716370503e-01
1.169787087185762686e-01
1.172204002655154731e-01
1.174620918124546776e-01
1.177037833593938820e-01
1.179454749063330865e-01
1.181871664532723049e-01
1.184288580002115093e-01
1.186705495471507138e-01
1.189122410940899183e-01
1.191539326410291227e-01
1.193956241879683411e-01
1.196373157349075456e-01
1.198790072818467500e-01
1.201206988287859545e-01
1.203623903757251590e-01
1.206040819226643773e-01
1.208457734696035818e-01
1.210874650165427863e-01
1.213291565634819907e-01
1.215708481104211952e-01
1.218125396573603997e-01
1.220542312042996180e-01
1.222959227512388225e-01
1.225376142981780270e-01
1.227793058451172314e-01
1.230209973920564359e-01
1.232626889389956543e-01
1.235043804859348587e-01
1.237460720328740632e-01
1.239877635798132677e-01
1.242294551267524721e-01
1.244711466736916905e-01
1.247128382206308950e-01
1.249545297675700994e-01
1.251962213145093039e-01
1.254379128614485084e-01
1.256796044083877129e-01
1.259212959553269173e-01
1.261629875022661218e-01
1.264046790492053540e-01
1.266463705961445585e-01
1.268880621430837630e-01
1.271297536900229674e-01
1.273714452369621719e-01
1.276131367839013764e-01
1.278548283308405809e-01
1.280965198777797853e-01
1.283382114247189898e-01
1.285799029716581943e-01
1.288215945185974265e-01
1.290632860655366310e-01
1.293049776124758354e-01
1.295466691594150399e-01
1.297883607063542444e-01
1.300300522532934488e-01
1.302717438002326533e-01
1.305134353471718578e-01
1.307551268941110623e-01
1.309968184410502667e-01
1.312385099879894990e-01
1.314802015349287034e-01
1.317218930818679079e-01
1.319635846288071124e-01
1.322052761757463168e-01
1.324469677226855213e-01
1.326886592696247258e-01
1.329303508165639303e-01
1.331720423635031347e-01
1.334137339104423392e-01
1.336554254573815437e-01
1.338971170043207759e-01
1.341388085512599804e-01
1.343805000981991848e-01
1.346221916451383893e-01
1.348638831920775938e-01
1.351055747390167983e-01
1.353472662859560027e-01
1.355889578328952072e-01
1.358306493798344117e-01
1.360723409267736161e-01
1.363140324737128484e-01
1.365557240206520528e-01
1.367974155675912573e-01
1.370391071145304618e-01
1.372807986614696663e-01
1.375224902084088707e-01
1.377641817553480752e-01
1.380058733022872797e-01
1.382475648492264841e-01
1.384892563961656886e-01
1.387309479431049208e-01
1.389726394900441253e-01
1.392143310369833298e-01
1.394560225839225343e-01
1.396977141308617387e-01
1.399394056778009432e-01
1.401810972247401477e-01
1.404227887716793521e-01
1.406644803186185566e-01
1.409061718655577611e-01
1.411478634124969656e-01
1.413895549594361978e-01
1.416312465063754022e-01
1.418729380533146067e-01
1.421146296002538112e-01
1.423563211471930157e-01
1.425980126941322201e-01
1.428397042410714246e-01
1.430813957880106291e-01
1.433230873349498335e-01
1.435647788818890380e-01
1.438064704288282702e-01
1.440481619757674747e-01
1.442898535227066792e-01
1.445315450696458837e-01
1.447732366165850881e-01
1.450149281635242926e-01
1.452566197104634971e-01
1.454983112574027015e-01
1.457400028043419060e-01
1.459816943512811105e-01
1.462233858982203427e-01
1.464650774451595472e-01
1.467067689920987517e-01
1.469484605390379561e-01
1.471901520859771606e-01
1.474318436329163651e-01
1.476735351798555695e-01
1.479152267267947740e-01
1.481569182737339785e-01
1.483986098206731830e-01
1.486403013676123874e-01
1.488819929145516197e-01
1.491236844614908241e-01
1.493653760084300286e-01
1.496070675553692331e-01
1.498487591023084375e-01
1.500904506492476420e-01
1.503321421961868465e-01
1.505738337431260510e-01
1.508155252900652554e-01
1.510572168370044599e-01
1.512989083839436921e-01
1.515405999308828966e-01
1.517822914778221011e-01
1.520239830247613055e-01
1.522656745717005100e-01
1.525073661186397145e-01
1.527490576655789190e-01
1.529907492125181234e-01
1.532324407594573279e-01
1.534741323063965324e-01
1.537158238533357646e-01
1.539575154002749691e-01
1.541992069472141735e-01
1.544408984941533780e-01
1.546825900410925825e-01
1.549242815880317869e-01
1.551659731349709914e-01
1.554076646819101959e-01
1.556493562288494004e-01
1.558910477757886048e-01
1.561327393227278093e-01
1.563744308696670415e-01
1.566161224166062460e-01
1.568578139635454505e-01
1.570995055104846549e-01
1.573411970574238594e-01
1.575828886043630639e-01
1.578245801513022684e-01
1.580662716982414728e-01
1.583079632451806773e-01
1.585496547921198818e-01
1.587913463390591140e-01
1.590330378859983185e-01
1.592747294329375229e-01
1.595164209798767274e-01
1.597581125268159319e-01
1.599998040737551364e-01
1.602414956206943408e-01
1.604831871676335453e-01
1.607248787145727498e-01
1.609665702615119542e-01
1.612082618084511865e-01
1.614499533553903909e-01
1.616916449023295954e-01
1.619333364492687999e-01
1.621750279962080044e-01
1.624167195431472088e-01
1.626584110900864133e-01
1.629001026370256178e-01
1.631417941839648222e-01
1.633834857309040267e-01
1.636251772778432312e-01
1.638668688247824634e-01
1.641085603717216679e-01
1.643502519186608724e-01
1.645919434656000768e-01
1.648336350125392813e-01
1.650753265594784858e-01
1.653170181064176902e-01
1.655587096533568947e-01
1.658004012002960992e-01
1.660420927472353037e-01
1.662837842941745359e-01
1.665254758411137403e-01
1.667671673880529448e-01
1.670088589349921493e-01
1.672505504819313538e-01
1.674922420288705582e-01
1.677339335758097627e-01
1.679756251227489672e-01
1.682173166696881716e-01
1.684590082166273761e-01
1.687006997635666083e-01
1.689423913105058128e-01
1.691840828574450173e-01
1.694257744043842218e-01
1.696674659513234262e-01
1.699091574982626307e-01
1.701508490452018352e-01
1.703925405921410396e-01
1.706342321390802441e-01
1.708759236860194486e-01
1.711176152329586531e-01
1.713593067798978853e-01
1.716009983268370898e-01
1.718426898737762942e-01
1.720843814207154987e-01
1.723260729676547032e-01
1.725677645145939076e-01
1.728094560615331121e-01
1.730511476084723166e-01
1.732928391554115211e-01
1.735345307023507255e-01
1.737762222492899578e-01
1.740179137962291622e-01
1.742596053431683667e-01
1.745012968901075712e-01
1.747429884370467756e-01
1.749846799839859801e-01
1.752263715309251846e-01
1.754680630778643891e-01
1.757097546248035935e-01
1.759514461717427980e-01
1.761931377186820025e-01
1.764348292656212347e-01
1.766765208125604392e-01
1.769182123594996436e-01
1.771599039064388481e-01
1.774015954533780526e-01
1.776432870003172571e-01
1.778849785472564615e-01
1.781266700941956660e-01
1.783683616411348705e-01
1.786100531880740749e-01
1.788517447350133072e-01
1.790934362819525116e-01
1.793351278288917161e-01
1.795768193758309206e-01
1.798185109227701250e-01
1.800602024697093295e-01
1.803018940166485340e-01
1.805435855635877385e-01
1.807852771105269429e-01
1.810269686574661474e-01
1.812686602044053796e-01
1.815103517513445841e-01
1.817520432982837886e-01
1.819937348452229930e-01
1.822354263921621975e-01
1.824771179391014020e-01
1.827188094860406065e-01
1.829605010329798109e-01
1.832021925799190154e-01
1.834438841268582199e-01
1.836855756737974243e-01
1.839272672207366566e-01
1.841689587676758610e-01
1.844106503146150655e-01
1.846523418615542700e-01
1.848940334084934745e-01
1.851357249554326789e-01
1.853774165023718834e-01
1.856191080493110879e-01
1.858607995962502923e-01
1.861024911431894968e-01
1.863441826901287290e-01
1.865858742370679335e-01
1.868275657840071380e-01
1.870692573309463425e-01
1.873109488778855469e-01
1.875526404248247514e-01
1.877943319717639559e-01
1.880360235187031603e-01
1.882777150656423648e-01
1.885194066125815693e-01
1.887610981595208015e-01
1.890027897064600060e-01
1.892444812533992105e-01
1.894861728003384149e-01
1.897278643472776194e-01
1.899695558942168239e-01
1.902112474411560283e-01
1.904529389880952328e-01
1.906946305350344373e-01
1.909363220819736418e-01
1.911780136289128462e-01
1.914197051758520784e-01
1.916613967227912829e-01
1.919030882697304874e-01
1.921447798166696919e-01
1.923864713636088963e-01
1.926281629105481008e-01
1.928698544574873053e-01
1.931115460044265097e-01
1.933532375513657142e-01
1.935949290983049187e-01
1.938366206452441509e-01
1.940783121921833554e-01
1.943200037391225599e-01
1.945616952860617643e-01
1.948033868330009688e-01
1.950450783799401733e-01
1.952867699268793777e-01
1.955284614738185822e-01
1.957701530207577867e-01
1.960118445676969912e-01
1.962535361146362234e-01
1.964952276615754279e-01
1.967369192085146323e-01
1.969786107554538368e-01
1.972203023023930413e-01
1.974619938493322457e-01
1.977036853962714502e-01
1.979453769432106547e-01
1.981870684901498592e-01
1.984287600370890636e-01
1.986704515840282681e-01
1.989121431309675003e-01
1.991538346779067048e-01
1.993955262248459093e-01
1.996372177717851137e-01
1.998789093187243182e-01
2.001206008656635227e-01
2.003622924126027272e-01
2.006039839595419316e-01
2.008456755064811361e-01
2.010873670534203406e-01
2.013290586003595728e-01
2.015707501472987773e-01
2.018124416942379817e-01
2.020541332411771862e-01
2.022958247881163907e-01
2.025375163350555952e-01
2.027792078819947996e-01
2.030208994289340041e-01
2.032625909758732086e-01
2.035042825228124130e-01
2.037459740697516453e-01
2.039876656166908497e-01
2.042293571636300542e-01
2.044710487105692587e-01
2.047127402575084631e-01
2.049544318044476676e-01
2.051961233513868721e-01
2.054378148983260766e-01
2.056795064452652810e-01
2.059211979922044855e-01
2.061628895391436900e-01
2.064045810860829222e-01
2.066462726330221267e-01
2.068879641799613311e-01
2.071296557269005356e-01
2.073713472738397401e-01
2.076130388207789446e-01
2.078547303677181490e-01
2.080964219146573535e-01
2.083381134615965580e-01
2.085798050085357624e-01
2.088214965554749947e-01
2.090631881024141991e-01
2.093048796493534036e-01
2.095465711962926081e-01
2.097882627432318126e-01
2.100299542901710170e-01
2.102716458371102215e-01
2.105133373840494260e-01
2.107550289309886304e-01
2.109967204779278349e-01
2.112384120248670671e-01
2.114801035718062716e-01
2.117217951187454761e-01
2.119634866656846806e-01
2.122051782126238850e-01
2.124468697595630895e-01
2.126885613065022940e-01
2.129302528534414984e-01
2.131719444003807029e-01
2.134136359473199074e-01
2.136553274942591119e-01
2.138970190411983441e-01
2.141387105881375486e-01
2.143804021350767530e-01
2.146220936820159575e-01
2.148637852289551620e-01
2.151054767758943664e-01
2.153471683228335709e-01
2.155888598697727754e-01
2.158305514167119799e-01
2.160722429636511843e-01
2.163139345105904165e-01
2.165556260575296210e-01
2.167973176044688255e-01
2.170390091514080300e-01
2.172807006983472344e-01
2.175223922452864389e-01
2.177640837922256434e-01
2.180057753391648478e-01
2.182474668861040523e-01
2.184891584330432568e-01
2.187308499799824890e-01
2.189725415269216935e-01
2.192142330738608980e-01
2.194559246208001024e-01
2.196976161677393069e-01
2.199393077146785114e-01
2.201809992616177158e-01
2.204226908085569203e-01
2.206643823554961248e-01
2.209060739024353293e-01
2.211477654493745337e-01
2.213894569963137660e-01
2.216311485432529704e-01
2.218728400901921749e-01
2.221145316371313794e-01
2.223562231840705838e-01
2.225979147310097883e-01
2.228396062779489928e-01
2.230812978248881973e-01
2.233229893718274017e-01
2.235646809187666062e-01
2.238063724657058384e-01
2.240480640126450429e-01
2.242897555595842474e-01
2.245314471065234518e-01
2.247731386534626563e-01
2.250148302004018608e-01
2.252565217473410653e-01
2.254982132942802697e-01
2.257399048412194742e-01
2.259815963881586787e-01
2.262232879350979109e-01
2.264649794820371154e-01
2.267066710289763198e-01
2.269483625759155243e-01
2.271900541228547288e-01
2.274317456697939333e-01
2.276734372167331377e-01
2.279151287636723422e-01
2.281568203106115467e-01
2.283985118575507511e-01
2.286402034044899556e-01
2.288818949514291878e-01
2.291235864983683923e-01
2.293652780453075968e-01
2.296069695922468012e-01
2.298486611391860057e-01
2.300903526861252102e-01
2.303320442330644147e-01
2.305737357800036191e-01
2.308154273269428236e-01
2.310571188738820281e-01
2.312988104208212603e-01
2.315405019677604648e-01
2.317821935146996692e-01
2.320238850616388737e-01
2.322655766085780782e-01
2.325072681555172827e-01
2.327489597024564871e-01
2.329906512493956916e-01
2.332323427963348961e-01
2.334740343432741005e-01
2.337157258902133328e-01
2.339574174371525372e-01
2.341991089840917417e-01
2.344408005310309462e-01
2.346824920779701507e-01
2.349241836249093551e-01
2.351658751718485596e-01
2.354075667187877641e-01
2.356492582657269685e-01
2.358909498126661730e-01
2.361326413596053775e-01
2.363743329065446097e-01
2.366160244534838142e-01
2.368577160004230187e-01
2.370994075473622231e-01
2.373410990943014276e-01
2.375827906412406321e-01
2.378244821881798365e-01
2.380661737351190410e-01
2.383078652820582455e-01
2.385495568289974500e-01
2.387912483759366822e-01
2.390329399228758867e-01
2.392746314698150911e-01
2.395163230167542956e-01
2.397580145636935001e-01
2.399997061106327045e-01
2.402413976575719090e-01
2.404830892045111135e-01
2.407247807514503180e-01
2.409664722983895224e-01
2.412081638453287546e-01
2.414498553922679591e-01
2.416915469392071636e-01
2.419332384861463681e-01
2.421749300330855725e-01
2.424166215800247770e-01
2.426583131269639815e-01
2.429000046739031859e-01
2.431416962208423904e-01
2.433833877677815949e-01
2.436250793147207994e-01
2.438667708616600316e-01
2.441084624085992361e-01
2.443501539555384405e-01
2.445918455024776450e-01
2.448335370494168495e-01
2.450752285963560539e-01
2.453169201432952584e-01
2.455586116902344629e-01
2.458003032371736674e-01
2.460419947841128718e-01
2.462836863310521041e-01
2.465253778779913085e-01
2.467670694249305130e-01
2.470087609718697175e-01
2.472504525188089219e-01
2.474921440657481264e-01
2.477338356126873309e-01
2.479755271596265354e-01
2.482172187065657398e-01
2.484589102535049443e-01
2.487006018004441765e-01
2.489422933473833810e-01
2.491839848943225855e-01
2.494256764412617899e-01
2.496673679882009944e-01
2.499090595351401989e-01
2.501507510820794034e-01
2.503924426290186078e-01
2.506341341759578123e-01
2.508758257228970168e-01
2.511175172698362212e-01
2.513592088167754257e-01
2.516009003637146302e-01
2.518425919106538347e-01
2.520842834575930391e-01
2.523259750045322436e-01
2.525676665514715036e-01
2.528093580984107080e-01
2.530510496453499125e-01
2.532927411922891170e-01
2.535344327392283215e-01
2.537761242861675259e-01
2.540178158331067304e-01
2.542595073800459349e-01
2.545011989269851393e-01
2.547428904739243438e-01
2.549845820208635483e-01
2.552262735678027528e-01
2.554679651147419572e-01
2.557096566616811617e-01
2.559513482086203662e-01
2.561930397555595706e-01
2.564347313024987751e-01
2.566764228494379796e-01
2.569181143963771841e-01
2.571598059433163885e-01
2.574014974902555930e-01
2.576431890371948530e-01
2.578848805841340575e-01
2.581265721310732619e-01
2.583682636780124664e-01
2.586099552249516709e-01
2.588516467718908753e-01
2.590933383188300798e-01
2.593350298657692843e-01
2.595767214127084888e-01
2.598184129596476932e-01
2.600601045065868977e-01
2.603017960535261022e-01
2.605434876004653066e-01
2.607851791474045111e-01
2.610268706943437156e-01
2.612685622412829201e-01
2.615102537882221245e-01
2.617519453351613290e-01
2.619936368821005335e-01
2.622353284290397379e-01
2.624770199759789979e-01
2.627187115229182024e-01
2.629604030698574069e-01
2.632020946167966113e-01
2.634437861637358158e-01
2.636854777106750203e-01
2.639271692576142248e-01
2.641688608045534292e-01
2.644105523514926337e-01
2.646522438984318382e-01
2.648939354453710426e-01
2.651356269923102471e-01
2.653773185392494516e-01
2.656190100861886561e-01
2.658607016331278605e-01
2.661023931800670650e-01
2.663440847270062695e-01
2.665857762739454739e-01
2.668274678208846784e-01
2.670691593678238829e-01
2.673108509147630873e-01
2.675525424617023473e-01
2.677942340086415518e-01
2.680359255555807563e-01
2.682776171025199607e-01
2.685193086494591652e-01
2.687610001963983697e-01
2.690026917433375742e-01
2.692443832902767786e-01
2.694860748372159831e-01
2.697277663841551876e-01
2.699694579310943920e-01
2.702111494780335965e-01
2.704528410249728010e-01
2.706945325719120055e-01
2.709362241188512099e-01
2.711779156657904144e-01
2.714196072127296189e-01
2.716612987596688233e-01
2.719029903066080278e-01
2.721446818535472323e-01
2.723863734004864368e-01
2.726280649474256967e-01
2.728697564943649012e-01
2.731114480413041057e-01
2.733531395882433102e-01
2.735948311351825146e-01
2.738365226821217191e-01
2.740782142290609236e-01
2.743199057760001280e-01
2.745615973229393325e-01
2.748032888698785370e-01
2.750449804168177415e-01
2.752866719637569459e-01
2.755283635106961504e-01
2.757700550576353549e-01
2.760117466045745593e-01
2.762534381515137638e-01
2.764951296984529683e-01
2.767368212453921728e-01
2.769785127923313772e-01
2.772202043392705817e-01
2.774618958862098417e-01
2.777035874331490461e-01
2.779452789800882506e-01
2.781869705270274551e-01
2.784286620739666596e-01
2.786703536209058640e-01
2.789120451678450685e-01
2.791537367147842730e-01
2.793954282617234774e-01
2.796371198086626819e-01
2.798788113556018864e-01
2.801205029025410909e-01
2.803621944494802953e-01
2.806038859964194998e-01
2.808455775433587043e-01
2.810872690902979087e-01
2.813289606372371132e-01
2.815706521841763177e-01
2.818123437311155222e-01
2.820540352780547266e-01
2.822957268249939311e-01
2.825374183719331911e-01
2.827791099188723956e-01
2.830208014658116000e-01
2.832624930127508045e-01
2.835041845596900090e-01
2.837458761066292134e-01
2.839875676535684179e-01
2.842292592005076224e-01
2.844709507474468269e-01
2.847126422943860313e-01
2.849543338413252358e-01
2.851960253882644403e-01
2.854377169352036447e-01
2.856794084821428492e-01
2.859211000290820537e-01
2.861627915760212582e-01
2.864044831229604626e-01
2.866461746698996671e-01
2.868878662168388716e-01
2.871295577637780760e-01
2.873712493107172805e-01
2.876129408576565405e-01
2.878546324045957450e-01
2.880963239515349494e-01
2.883380154984741539e-01
2.885797070454133584e-01
2.888213985923525629e-01
2.890630901392917673e-01
2.893047816862309718e-01
2.895464732331701763e-01
2.897881647801093807e-01
2.900298563270485852e-01
2.902715478739877897e-01
2.905132394209269941e-01
2.907549309678661986e-01
2.909966225148054031e-01
2.912383140617446076e-01
2.914800056086838120e-01
2.917216971556230165e-01
2.919633887025622210e-01
2.922050802495014254e-01
2.924467717964406854e-01
2.926884633433798899e-01
2.929301548903190944e-01
2.931718464372582988e-01
2.934135379841975033e-01
2.936552295311367078e-01
2.938969210780759123e-01
2.941386126250151167e-01
2.943803041719543212e-01
2.946219957188935257e-01
2.948636872658327301e-01
2.951053788127719346e-01
2.953470703597111391e-01
2.955887619066503436e-01
2.958304534535895480e-01
2.960721450005287525e-01
2.963138365474679570e-01
2.965555280944071614e-01
2.967972196413463659e-01
2.970389111882855704e-01
2.972806027352247749e-01
2.975222942821640348e-01
2.977639858291032393e-01
2.980056773760424438e-01
2.982473689229816483e-01
2.984890604699208527e-01
2.987307520168600572e-01
2.989724435637992617e-01
2.992141351107384661e-01
2.994558266576776706e-01
2.996975182046168751e-01
2.999392097515560796e-01
3.001809012984952840e-01
3.004225928454344885e-01
3.006642843923736930e-01
3.009059759393128974e-01
3.011476674862521019e-01
3.013893590331913064e-01
3.016310505801305109e-01
3.018727421270697153e-01
3.021144336740089198e-01
3.023561252209481243e-01
3.025978167678873842e-01
3.028395083148265887e-01
3.030811998617657932e-01
3.033228914087049977e-01
3.035645829556442021e-01
3.038062745025834066e-01
3.040479660495226111e-01
3.042896575964618155e-01
3.045313491434010200e-01
3.047730406903402245e-01
3.050147322372794290e-01
3.052564237842186334e-01
3.054981153311578379e-01
3.057398068780970424e-01
3.059814984250362468e-01
3.062231899719754513e-01
3.064648815189146558e-01
3.067065730658538603e-01
3.069482646127930647e-01
3.071899561597322692e-01
3.074316477066715292e-01
3.076733392536107337e-01
3.079150308005499381e-01
3.081567223474891426e-01
3.083984138944283471e-01
3.086401054413675515e-01
3.088817969883067560e-01
3.091234885352459605e-01
3.093651800821851650e-01
3.096068716291243694e-01
3.098485631760635739e-01
3.100902547230027784e-01
3.103319462699419828e-01
3.105736378168811873e-01
3.108153293638203918e-01
3.110570209107595963e-01
3.112987124576988007e-01
3.115404040046380052e-01
3.117820955515772097e-01
3.120237870985164141e-01
3.122654786454556186e-01
3.125071701923948786e-01
3.127488617393340831e-01
3.129905532862732875e-01
3.132322448332124920e-01
3.134739363801516965e-01
3.137156279270909010e-01
3.139573194740301054e-01
3.141990110209693099e-01
3.144407025679085144e-01
3.146823941148477188e-01
3.149240856617869233e-01
3.151657772087261278e-01
3.154074687556653322e-01
3.156491603026045367e-01
3.158908518495437412e-01
3.161325433964829457e-01
3.163742349434221501e-01
3.166159264903613546e-01
3.168576180373005591e-01
3.170993095842397635e-01
3.173410011311789680e-01
3.175826926781182280e-01
3.178243842250574325e-01
3.180660757719966369e-01
3.183077673189358414e-01
3.185494588658750459e-01
3.187911504128142504e-01
3.190328419597534548e-01
3.192745335066926593e-01
3.195162250536318638e-01
3.197579166005710682e-01
3.199996081475102727e-01
3.202412996944494772e-01
3.204829912413886817e-01
3.207246827883278861e-01
3.209663743352670906e-01
3.212080658822062951e-01
3.214497574291454995e-01
3.216914489760847040e-01
3.219331405230239085e-01
3.221748320699631130e-01
3.224165236169023729e-01
3.226582151638415774e-01
3.228999067107807819e-01
3.231415982577199864e-01
3.233832898046591908e-01
3.236249813515983953e-01
3.238666728985375998e-01
3.241083644454768042e-01
3.243500559924160087e-01
3.245917475393552132e-01
3.248334390862944177e-01
3.250751306332336221e-01
3.253168221801728266e-01
3.255585137271120311e-01
3.258002052740512355e-01
3.260418968209904400e-01
3.262835883679296445e-01
3.265252799148688490e-01
3.267669714618080534e-01
3.270086630087472579e-01
3.272503545556864624e-01
3.274920461026257223e-01
3.277337376495649268e-01
3.279754291965041313e-01
3.282171207434433358e-01
3.284588122903825402e-01
3.287005038373217447e-01
3.289421953842609492e-01
3.291838869312001536e-01
3.294255784781393581e-01
3.296672700250785626e-01
3.299089615720177671e-01
3.301506531189569715e-01
3.303923446658961760e-01
3.306340362128353805e-01
3.308757277597745849e-01
3.311174193067137894e-01
3.313591108536529939e-01
3.316008024005921984e-01
3.318424939475314028e-01
3.320841854944706073e-01
3.323258770414098118e-01
3.325675685883490718e-01
3.328092601352882762e-01
3.330509516822274807e-01
3.332926432291666852e-01
3.335343347761058896e-01
3.337760263230450941e-01
3.340177178699842986e-01
3.342594094169235031e-01
3.345011009638627075e-01
3.347427925108019120e-01
3.349844840577411165e-01
3.352261756046803209e-01
3.354678671516195254e-01
3.357095586985587299e-01
3.359512502454979344e-01
3.361929417924371388e-01
3.364346333393763433e-01
3.366763248863155478e-01
3.369180164332547522e-01
3.371597079801939567e-01
3.374013995271332167e-01
3.376430910740724212e-01
3.378847826210116256e-01
3.381264741679508301e-01
3.383681657148900346e-01
3.386098572618292391e-01
3.388515488087684435e-01
3.390932403557076480e-01
3.393349319026468525e-01
3.395766234495860569e-01
3.398183149965252614e-01
3.400600065434644659e-01
3.403016980904036703e-01
3.405433896373428748e-01
3.407850811842820793e-01
3.410267727312212838e-01
3.412684642781604882e-01
3.415101558250996927e-01
3.417518473720388972e-01
3.419935389189781016e-01
3.422352304659173061e-01
3.424769220128565661e-01
3.427186135597957706e-01
3.429603051067349750e-01
3.432019966536741795e-01
3.434436882006133840e-01
3.436853797475525885e-01
3.439270712944917929e-01
3.441687628414309974e-01
3.444104543883702019e-01
3.446521459353094063e-01
3.448938374822486108e-01
3.451355290291878153e-01
3.453772205761270198e-01
3.456189121230662242e-01
3.458606036700054287e-01
3.461022952169446332e-01
3.463439867638838376e-01
3.465856783108230421e-01
3.468273698577622466e-01
3.470690614047014511e-01
3.473107529516406555e-01
3.475524444985799155e-01
3.477941360455191200e-01
3.480358275924583245e-01
3.482775191393975289e-01
3.485192106863367334e-01
3.487609022332759379e-01
3.490025937802151423e-01
3.492442853271543468e-01
3.494859768740935513e-01
3.497276684210327558e-01
3.499693599679719602e-01
3.502110515149111647e-01
3.504527430618503692e-01
3.506944346087895736e-01
3.509361261557287781e-01
3.511778177026679826e-01
3.514195092496071871e-01
3.516612007965463915e-01
3.519028923434855960e-01
3.521445838904248005e-01
3.523862754373640049e-01
3.526279669843032649e-01
3.528696585312424694e-01
3.531113500781816739e-01
3.533530416251208783e-01
3.535947331720600828e-01
3.538364247189992873e-01
3.540781162659384917e-01
3.543198078128776962e-01
3.545614993598169007e-01
3.548031909067561052e-01
3.550448824536953096e-01
3.552865740006345141e-01
3.555282655475737186e-01
3.557699570945129230e-01
3.560116486414521275e-01
3.562533401883913320e-01
3.564950317353305365e-01
3.567367232822697409e-01
3.569784148292089454e-01
3.572201063761481499e-01
3.574617979230874099e-01
3.577034894700266143e-01
3.579451810169658188e-01
3.581868725639050233e-01
3.584285641108442277e-01
3.586702556577834322e-01
3.589119472047226367e-01
3.591536387516618412e-01
3.593953302986010456e-01
3.596370218455402501e-01
3.598787133924794546e-01
3.601204049394186590e-01
3.603620964863578635e-01
3.606037880332970680e-01
3.608454795802362725e-01
3.610871711271754769e-01
3.613288626741146814e-01
3.615705542210538859e-01
3.618122457679930903e-01
3.620539373149322948e-01
3.622956288618714993e-01
3.625373204088107593e-01
3.627790119557499637e-01
3.630207035026891682e-01
3.632623950496283727e-01
3.635040865965675771e-01
3.637457781435067816e-01
3.639874696904459861e-01
3.642291612373851906e-01
3.644708527843243950e-01
3.647125443312635995e-01
3.649542358782028040e-01
3.651959274251420084e-01
3.654376189720812129e-01
3.656793105190204174e-01
3.659210020659596219e-01
3.661626936128988263e-01
3.664043851598380308e-01
3.666460767067772353e-01
3.668877682537164397e-01
3.671294598006556442e-01
3.673711513475948487e-01
3.676128428945341087e-01
3.678545344414733131e-01
3.680962259884125176e-01
3.683379175353517221e-01
3.685796090822909266e-01
3.688213006292301310e-01
3.690629921761693355e-01
3.693046837231085400e-01
3.695463752700477444e-01
3.697880668169869489e-01
3.700297583639261534e-01
3.702714499108653579e-01
3.705131414578045623e-01
3.707548330047437668e-01
3.709965245516829713e-01
3.712382160986221757e-01
3.714799076455613802e-01
3.717215991925005847e-01
3.719632907394397892e-01
3.722049822863789936e-01
3.724466738333182536e-01
3.726883653802574581e-01
3.729300569271966626e-01
3.731717484741358670e-01
3.734134400210750715e-01
3.736551315680142760e-01
3.738968231149534804e-01
3.741385146618926849e-01
3.743802062088318894e-01
3.746218977557710939e-01
3.748635893027102983e-01
3.751052808496495028e-01
3.753469723965887073e-01
3.755886639435279117e-01
3.758303554904671162e-01
3.760720470374063207e-01
3.763137385843455252e-01
3.765554301312847296e-01
3.767971216782239341e-01
3.770388132251631386e-01
3.772805047721023430e-01
3.775221963190416030e-01
3.777638878659808075e-01
3.780055794129200120e-01
3.782472709598592164e-01
3.784889625067984209e-01
3.787306540537376254e-01
3.789723456006768298e-01
3.792140371476160343e-01
3.794557286945552388e-01
3.796974202414944433e-01
3.799391117884336477e-01
3.801808033353728522e-01
3.804224948823120567e-01
3.806641864292512611e-01
3.809058779761904656e-01
3.811475695231296701e-01
3.813892610700688746e-01
3.816309526170080790e-01
3.818726441639472835e-01
3.821143357108864880e-01
3.823560272578256924e-01
3.825977188047649524e-01
3.828394103517041569e-01
3.830811018986433614e-01
3.833227934455825658e-01
3.835644849925217703e-01
3.838061765394609748e-01
3.840478680864001793e-01
3.842895596333393837e-01
3.845312511802785882e-01
3.847729427272177927e-01
3.850146342741569971e-01
3.852563258210962016e-01
3.854980173680354061e-01
3.857397089149746106e-01
3.859814004619138150e-01
3.862230920088530195e-01
3.864647835557922240e-01
3.867064751027314284e-01
3.869481666496706329e-01
3.871898581966098374e-01
3.874315497435490974e-01
3.876732412904883018e-01
3.879149328374275063e-01
3.881566243843667108e-01
3.883983159313059152e-01
3.886400074782451197e-01
3.888816990251843242e-01
3.891233905721235287e-01
3.893650821190627331e-01
3.896067736660019376e-01
3.898484652129411421e-01
3.900901567598803465e-01
3.903318483068195510e-01
3.905735398537587555e-01
3.908152314006979600e-01
3.910569229476371644e-01
3.912986144945763689e-01
3.915403060415155734e-01
3.917819975884547778e-01
3.920236891353939823e-01
3.922653806823331868e-01
3.925070722292724468e-01
3.927487637762116512e-01
3.929904553231508557e-01
3.932321468700900602e-01
3.934738384170292647e-01
3.937155299639684691e-01
3.939572215109076736e-01
3.941989130578468781e-01
3.944406046047860825e-01
3.946822961517252870e-01
3.949239876986644915e-01
3.951656792456036960e-01
3.954073707925429004e-01
3.956490623394821049e-01
3.958907538864213094e-01
3.961324454333605138e-01
3.963741369802997183e-01
3.966158285272389228e-01
3.968575200741781273e-01
3.970992116211173317e-01
3.973409031680565362e-01
3.975825947149957962e-01
3.978242862619350007e-01
3.980659778088742051e-01
3.983076693558134096e-01
3.985493609027526141e-01
3.987910524496918185e-01
3.990327439966310230e-01
3.992744355435702275e-01
3.995161270905094320e-01
3.997578186374486364e-01
3.999995101843878409e-01
4.002412017313270454e-01
4.004828932782662498e-01
4.007245848252054543e-01
4.009662763721446588e-01
4.012079679190838633e-01
4.014496594660230677e-01
4.016913510129622722e-01
4.019330425599014767e-01
4.021747341068406811e-01
4.024164256537799411e-01
4.026581172007191456e-01
4.028998087476583501e-01
4.031415002945975545e-01
4.033831918415367590e-01
4.036248833884759635e-01
4.038665749354151679e-01
4.041082664823543724e-01
4.043499580292935769e-01
4.045916495762327814e-01
4.048333411231719858e-01
4.050750326701111903e-01
4.053167242170503948e-01
4.055584157639895992e-01
4.058001073109288037e-01
4.060417988578680082e-01
4.062834904048072127e-01
4.065251819517464171e-01
4.067668734986856216e-01
4.070085650456248261e-01
4.072502565925640305e-01
4.074919481395032905e-01
4.077336396864424950e-01
4.079753312333816995e-01
4.082170227803209039e-01
4.084587143272601084e-01
4.087004058741993129e-01
4.089420974211385174e-01
4.091837889680777218e-01
4.094254805150169263e-01
4.096671720619561308e-01
4.099088636088953352e-01
4.101505551558345397e-01
4.103922467027737442e-01
4.106339382497129487e-01
4.108756297966521531e-01
4.111173213435913576e-01
4.113590128905305621e-01
4.116007044374697665e-01
4.118423959844089710e-01
4.120840875313481755e-01
4.123257790782873800e-01
4.125674706252266399e-01
4.128091621721658444e-01
4.130508537191050489e-01
4.132925452660442533e-01
4.135342368129834578e-01
4.137759283599226623e-01
4.140176199068618668e-01
4.142593114538010712e-01
4.145010030007402757e-01
4.147426945476794802e-01
4.149843860946186846e-01
4.152260776415578891e-01
4.154677691884970936e-01
4.157094607354362981e-01
4.159511522823755025e-01
4.161928438293147070e-01
4.164345353762539115e-01
4.166762269231931159e-01
4.169179184701323204e-01
4.171596100170715249e-01
4.174013015640107849e-01
4.176429931109499893e-01
4.178846846578891938e-01
4.181263762048283983e-01
4.183680677517676028e-01
4.186097592987068072e-01
4.188514508456460117e-01
4.190931423925852162e-01
4.193348339395244206e-01
4.195765254864636251e-01
4.198182170334028296e-01
4.200599085803420341e-01
4.203016001272812385e-01
4.205432916742204430e-01
4.207849832211596475e-01
4.210266747680988519e-01
4.212683663150380564e-01
4.215100578619772609e-01
4.217517494089164654e-01
4.219934409558556698e-01
4.222351325027948743e-01
4.224768240497341343e-01
4.227185155966733388e-01
4.229602071436125432e-01
4.232018986905517477e-01
4.234435902374909522e-01
4.236852817844301566e-01
4.239269733313693611e-01
4.241686648783085656e-01
4.244103564252477701e-01
4.246520479721869745e-01
4.248937395191261790e-01
4.251354310660653835e-01
4.253771226130045879e-01
4.256188141599437924e-01
4.258605057068829969e-01
4.261021972538222014e-01
4.263438888007614058e-01
4.265855803477006103e-01
4.268272718946398148e-01
4.270689634415790192e-01
4.273106549885182237e-01
4.275523465354574837e-01
4.277940380823966882e-01
4.280357296293358926e-01
4.282774211762750971e-01
4.285191127232143016e-01
4.287608042701535060e-01
4.290024958170927105e-01
4.292441873640319150e-01
4.294858789109711195e-01
4.297275704579103239e-01
4.299692620048495284e-01
4.302109535517887329e-01
4.304526450987279373e-01
4.306943366456671418e-01
4.309360281926063463e-01
4.311777197395455508e-01
4.314194112864847552e-01
4.316611028334239597e-01
4.319027943803631642e-01
4.321444859273023686e-01
4.323861774742416286e-01
4.326278690211808331e-01
4.328695605681200376e-01
4.331112521150592420e-01
4.333529436619984465e-01
4.335946352089376510e-01
4.338363267558768555e-01
4.340780183028160599e-01
4.343197098497552644e-01
4.345614013966944689e-01
4.348030929436336733e-01
4.350447844905728778e-01
4.352864760375120823e-01
4.355281675844512868e-01
4.357698591313904912e-01
4.360115506783296957e-01
4.362532422252689002e-01
4.364949337722081046e-01
4.367366253191473091e-01
4.369783168660865136e-01
4.372200084130257181e-01
4.374616999599649780e-01
4.377033915069041825e-01
4.379450830538433870e-01
4.381867746007825914e-01
4.384284661477217959e-01
4.386701576946610004e-01
4.389118492416002049e-01
4.391535407885394093e-01
4.393952323354786138e-01
4.396369238824178183e-01
4.398786154293570227e-01
4.401203069762962272e-01
4.403619985232354317e-01
4.406036900701746362e-01
4.408453816171138406e-01
4.410870731640530451e-01
4.413287647109922496e-01
4.415704562579314540e-01
4.418121478048706585e-01
4.420538393518098630e-01
4.422955308987490675e-01
4.425372224456883274e-01
4.427789139926275319e-01
4.430206055395667364e-01
4.432622970865059409e-01
4.435039886334451453e-01
4.437456801803843498e-01
4.439873717273235543e-01
4.442290632742627587e-01
4.444707548212019632e-01
4.447124463681411677e-01
4.449541379150803722e-01
4.451958294620195766e-01
4.454375210089587811e-01
4.456792125558979856e-01
4.459209041028371900e-01
4.461625956497763945e-01
4.464042871967155990e-01
4.466459787436548035e-01
4.468876702905940079e-01
4.471293618375332124e-01
4.473710533844724724e-01
4.476127449314116769e-01
4.478544364783508813e-01
4.480961280252900858e-01
4.483378195722292903e-01
4.485795111191684947e-01
4.488212026661076992e-01
4.490628942130469037e-01
4.493045857599861082e-01
4.495462773069253126e-01
4.497879688538645171e-01
4.500296604008037216e-01
4.502713519477429260e-01
4.505130434946821305e-01
4.507547350416213350e-01
4.509964265885605395e-01
4.512381181354997439e-01
4.514798096824389484e-01
4.517215012293781529e-01
4.519631927763173573e-01
4.522048843232565618e-01
4.524465758701958218e-01
4.526882674171350263e-01
4.529299589640742307e-01
4.531716505110134352e-01
4.534133420579526397e-01
4.536550336048918441e-01
4.538967251518310486e-01
4.541384166987702531e-01
4.543801082457094576e-01
4.546217997926486620e-01
4.548634913395878665e-01
4.551051828865270710e-01
4.553468744334662754e-01
4.555885659804054799e-01
4.558302575273446844e-01
4.560719490742838889e-01
4.563136406212230933e-01
4.565553321681622978e-01
4.567970237151015023e-01
4.570387152620407067e-01
4.572804068089799112e-01
4.575220983559191712e-01
4.577637899028583757e-01
4.580054814497975801e-01
4.582471729967367846e-01
4.584888645436759891e-01
4.587305560906151936e-01
4.589722476375543980e-01
4.592139391844936025e-01
4.594556307314328070e-01
4.596973222783720114e-01
4.599390138253112159e-01
4.601807053722504204e-01
4.604223969191896249e-01
4.606640884661288293e-01
4.609057800130680338e-01
4.611474715600072383e-01
4.613891631069464427e-01
4.616308546538856472e-01
4.618725462008248517e-01
4.621142377477640562e-01
4.623559292947033161e-01
4.625976208416425206e-01
4.628393123885817251e-01
4.630810039355209295e-01
4.633226954824601340e-01
4.635643870293993385e-01
4.638060785763385430e-01
4.640477701232777474e-01
4.642894616702169519e-01
4.645311532171561564e-01
4.647728447640953608e-01
4.650145363110345653e-01
4.652562278579737698e-01
4.654979194049129743e-01
4.657396109518521787e-01
4.659813024987913832e-01
4.662229940457305877e-01
4.664646855926697921e-01
4.667063771396089966e-01
4.669480686865482011e-01
4.671897602334874056e-01
4.674314517804266655e-01
4.676731433273658700e-01
4.679148348743050745e-01
4.681565264212442790e-01
4.683982179681834834e-01
4.686399095151226879e-01
4.688816010620618924e-01
4.691232926090010968e-01
4.693649841559403013e-01
4.696066757028795058e-01
4.698483672498187103e-01
4.700900587967579147e-01
4.703317503436971192e-01
4.705734418906363237e-01
4.708151334375755281e-01
4.710568249845147326e-01
4.712985165314539371e-01
4.715402080783931416e-01
4.717818996253323460e-01
4.720235911722715505e-01
4.722652827192107550e-01
4.725069742661500150e-01
4.727486658130892194e-01
4.729903573600284239e-01
4.732320489069676284e-01
4.734737404539068328e-01
4.737154320008460373e-01
4.739571235477852418e-01
4.741988150947244463e-01
4.744405066416636507e-01
4.746821981886028552e-01
4.749238897355420597e-01
4.751655812824812641e-01
4.754072728294204686e-01
4.756489643763596731e-01
4.758906559232988775e-01
4.761323474702380820e-01
4.763740390171772865e-01
4.766157305641164910e-01
4.768574221110556954e-01
4.770991136579948999e-01
4.773408052049341044e-01
4.775824967518733644e-01
4.778241882988125688e-01
4.780658798457517733e-01
4.783075713926909778e-01
4.785492629396301822e-01
4.787909544865693867e-01
4.790326460335085912e-01
4.792743375804477957e-01
4.795160291273870001e-01
4.797577206743262046e-01
4.799994122212654091e-01
4.802411037682046135e-01
4.804827953151438180e-01
4.807244868620830225e-01
4.809661784090222270e-01
4.812078699559614314e-01
4.814495615029006359e-01
4.816912530498398404e-01
4.819329445967790448e-01
4.821746361437182493e-01
4.824163276906575093e-01
4.826580192375967138e-01
4.828997107845359182e-01
4.831414023314751227e-01
4.833830938784143272e-01
4.836247854253535317e-01
4.838664769722927361e-01
4.841081685192319406e-01
4.843498600661711451e-01
4.845915516131103495e-01
4.848332431600495540e-01
4.850749347069887585e-01
4.853166262539279630e-01
4.855583178008671674e-01
4.858000093478063719e-01
4.860417008947455764e-01
4.862833924416847808e-01
4.865250839886239853e-01
4.867667755355631898e-01
4.870084670825023943e-01
4.872501586294415987e-01
4.874918501763808587e-01
4.877335417233200632e-01
4.879752332702592676e-01
4.882169248171984721e-01
4.884586163641376766e-01
4.887003079110768811e-01
4.889419994580160855e-01
4.891836910049552900e-01
4.894253825518944945e-01
4.896670740988336989e-01
4.899087656457729034e-01
4.901504571927121079e-01
4.903921487396513124e-01
4.906338402865905168e-01
4.908755318335297213e-01
4.911172233804689258e-01
4.913589149274081302e-01
4.916006064743473347e-01
4.918422980212865392e-01
4.920839895682257437e-01
4.923256811151649481e-01
4.925673726621042081e-01
4.928090642090434126e-01
4.930507557559826171e-01
4.932924473029218215e-01
4.935341388498610260e-01
4.937758303968002305e-01
4.940175219437394349e-01
4.942592134906786394e-01
4.945009050376178439e-01
4.947425965845570484e-01
4.949842881314962528e-01
4.952259796784354573e-01
4.954676712253746618e-01
4.957093627723138662e-01
4.959510543192530707e-01
4.961927458661922752e-01
4.964344374131314797e-01
4.966761289600706841e-01
4.969178205070098886e-01
4.971595120539490931e-01
4.974012036008883531e-01
4.976428951478275575e-01
4.978845866947667620e-01
4.981262782417059665e-01
4.983679697886451709e-01
4.986096613355843754e-01
4.988513528825235799e-01
4.990930444294627844e-01
4.993347359764019888e-01
4.995764275233411933e-01
4.998181190702803978e-01
5.000598106172196022e-01
5.003015021641588067e-01
5.005431937110980112e-01
5.007848852580372156e-01
5.010265768049764201e-01
5.012682683519156246e-01
5.015099598988548291e-01
5.017516514457940335e-01
5.019933429927332380e-01
5.022350345396724425e-01
5.024767260866116469e-01
5.027184176335508514e-01
5.029601091804900559e-01
5.032018007274292604e-01
5.034434922743684648e-01
5.036851838213076693e-01
5.039268753682468738e-01
5.041685669151860782e-01
5.044102584621252827e-01
5.046519500090644872e-01
5.048936415560038027e-01
5.051353331029430072e-01
5.053770246498822116e-01
5.056187161968214161e-01
5.058604077437606206e-01
5.061020992906998250e-01
5.063437908376390295e-01
5.065854823845782340e-01
5.068271739315174385e-01
5.070688654784566429e-01
5.073105570253958474e-01
5.075522485723350519e-01
5.077939401192742563e-01
5.080356316662134608e-01
5.082773232131526653e-01
5.085190147600918698e-01
5.087607063070310742e-01
5.090023978539702787e-01
5.092440894009094832e-01
5.094857809478486876e-01
5.097274724947878921e-01
5.099691640417270966e-01
5.102108555886663011e-01
5.104525471356055055e-01
5.106942386825447100e-01
5.109359302294839145e-01
5.111776217764231189e-01
5.114193133233623234e-01
5.116610048703015279e-01
5.119026964172407324e-01
5.121443879641799368e-01
5.123860795111191413e-01
5.126277710580583458e-01
5.128694626049975502e-01
5.131111541519367547e-01
5.133528456988759592e-01
5.135945372458151637e-01
5.138362287927543681e-01
5.140779203396935726e-01
5.143196118866327771e-01
5.145613034335719815e-01
5.148029949805111860e-01
5.150446865274505015e-01
5.152863780743897060e-01
5.155280696213289104e-01
5.157697611682681149e-01
5.160114527152073194e-01
5.162531442621465239e-01
5.164948358090857283e-01
5.167365273560249328e-01
5.169782189029641373e-01
5.172199104499033417e-01
5.174616019968425462e-01
5.177032935437817507e-01
5.179449850907209552e-01
5.181866766376601596e-01
5.184283681845993641e-01
5.186700597315385686e-01
5.189117512784777730e-01
5.191534428254169775e-01
5.193951343723561820e-01
5.196368259192953865e-01
5.198785174662345909e-01
5.201202090131737954e-01
5.203619005601129999e-01
5.206035921070522043e-01
5.208452836539914088e-01
5.210869752009306133e-01
5.213286667478698178e-01
5.215703582948090222e-01
5.218120498417482267e-01
5.220537413886874312e-01
5.222954329356266356e-01
5.225371244825658401e-01
5.227788160295050446e-01
5.230205075764442491e-01
5.232621991233834535e-01
5.235038906703226580e-01
5.237455822172618625e-01
5.239872737642010669e-01
5.242289653111402714e-01
5.244706568580794759e-01
5.247123484050186804e-01
5.249540399519579958e-01
5.251957314988972003e-01
5.254374230458364048e-01
5.256791145927756093e-01
5.259208061397148137e-01
5.261624976866540182e-01
5.264041892335932227e-01
5.266458807805324271e-01
5.268875723274716316e-01
5.271292638744108361e-01
5.273709554213500406e-01
5.276126469682892450e-01
5.278543385152284495e-01
5.280960300621676540e-01
5.283377216091068584e-01
5.285794131560460629e-01
5.288211047029852674e-01
5.290627962499244719e-01
5.293044877968636763e-01
5.295461793438028808e-01
5.297878708907420853e-01
5.300295624376812897e-01
5.302712539846204942e-01
5.305129455315596987e-01
5.307546370784989032e-01
5.309963286254381076e-01
5.312380201723773121e-01
5.314797117193165166e-01
5.317214032662557210e-01
5.319630948131949255e-01
5.322047863601341300e-01
5.324464779070733345e-01
5.326881694540125389e-01
5.329298610009517434e-01
5.331715525478909479e-01
5.334132440948301523e-01
5.336549356417693568e-01
5.338966271887085613e-01
5.341383187356477658e-01
5.343800102825869702e-01
5.346217018295261747e-01
5.348633933764654902e-01
5.351050849234046947e-01
5.353467764703438991e-01
5.355884680172831036e-01
5.358301595642223081e-01
5.360718511111615125e-01
5.363135426581007170e-01
5.365552342050399215e-01
5.367969257519791260e-01
5.370386172989183304e-01
5.372803088458575349e-01
5.375220003927967394e-01
5.377636919397359438e-01
5.380053834866751483e-01
5.382470750336143528e-01
5.384887665805535573e-01
5.387304581274927617e-01
5.389721496744319662e-01
5.392138412213711707e-01
5.394555327683103751e-01
5.396972243152495796e-01
5.399389158621887841e-01
5.401806074091279886e-01
5.404222989560671930e-01
5.406639905030063975e-01
5.409056820499456020e-01
5.411473735968848064e-01
5.413890651438240109e-01
5.416307566907632154e-01
5.418724482377024199e-01
5.421141397846416243e-01
5.423558313315808288e-01
5.425975228785200333e-01
5.428392144254592377e-01
5.430809059723984422e-01
5.433225975193376467e-01
5.435642890662768512e-01
5.438059806132160556e-01
5.440476721601552601e-01
5.442893637070944646e-01
5.445310552540336690e-01
5.447727468009728735e-01
5.450144383479121890e-01
5.452561298948513935e-01
5.454978214417905980e-01
5.457395129887298024e-01
5.459812045356690069e-01
5.462228960826082114e-01
5.464645876295474158e-01
5.467062791764866203e-01
5.469479707234258248e-01
5.471896622703650293e-01
5.474313538173042337e-01
5.476730453642434382e-01
5.479147369111826427e-01
5.481564284581218471e-01
5.483981200050610516e-01
5.486398115520002561e-01
5.488815030989394605e-01
5.491231946458786650e-01
5.493648861928178695e-01
5.496065777397570740e-01
5.498482692866962784e-01
5.500899608336354829e-01
5.503316523805746874e-01
5.505733439275138918e-01
5.508150354744530963e-01
5.510567270213923008e-01
5.512984185683315053e-01
5.515401101152707097e-01
5.517818016622099142e-01
5.520234932091491187e-01
5.522651847560883231e-01
5.525068763030275276e-01
5.527485678499667321e-01
5.529902593969059366e-01
5.532319509438451410e-01
5.534736424907843455e-01
5.537153340377235500e-01
5.539570255846627544e-01
5.541987171316019589e-01
5.544404086785411634e-01
5.546821002254803679e-01
5.549237917724196834e-01
5.551654833193588878e-01
5.554071748662980923e-01
5.556488664132372968e-01
5.558905579601765012e-01
5.561322495071157057e-01
5.563739410540549102e-01
5.566156326009941147e-01
5.568573241479333191e-01
5.570990156948725236e-01
5.573407072418117281e-01
5.575823987887509325e-01
5.578240903356901370e-01
5.580657818826293415e-01
5.583074734295685460e-01
5.585491649765077504e-01
5.587908565234469549e-01
5.590325480703861594e-01
5.592742396173253638e-01
5.595159311642645683e-01
5.597576227112037728e-01
5.599993142581429773e-01
5.602410058050821817e-01
5.604826973520213862e-01
5.607243888989605907e-01
5.609660804458997951e-01
5.612077719928389996e-01
5.614494635397782041e-01
5.616911550867174086e-01
5.619328466336566130e-01
5.621745381805958175e-01
5.624162297275350220e-01
5.626579212744742264e-01
5.628996128214134309e-01
5.631413043683526354e-01
5.633829959152918399e-01
5.636246874622310443e-01
5.638663790091702488e-01
5.641080705561094533e-01
5.643497621030486577e-01
5.645914536499878622e-01
5.648331451969271777e-01
5.650748367438663822e-01
5.653165282908055866e-01
5.655582198377447911e-01
5.657999113846839956e-01
5.660416029316232001e-01
5.662832944785624045e-01
5.665249860255016090e-01
5.667666775724408135e-01
5.670083691193800179e-01
5.672500606663192224e-01
5.674917522132584269e-01
5.677334437601976314e-01
5.679751353071368358e-01
5.682168268540760403e-01
5.684585184010152448e-01
5.687002099479544492e-01
5.689419014948936537e-01
5.691835930418328582e-01
5.694252845887720627e-01
5.696669761357112671e-01
5.699086676826504716e-01
5.701503592295896761e-01
5.703920507765288805e-01
5.706337423234680850e-01
5.708754338704072895e-01
5.711171254173464940e-01
5.713588169642856984e-01
5.716005085112249029e-01
5.718422000581641074e-01
5.720838916051033118e-01
5.723255831520425163e-01
5.725672746989817208e-01
5.728089662459209253e-01
5.730506577928601297e-01
5.732923493397993342e-01
5.735340408867385387e-01
5.737757324336777431e-01
5.740174239806169476e-01
5.742591155275561521e-01
5.745008070744953566e-01
5.747424986214345610e-01
5.749841901683738765e-01
5.752258817153130810e-01
5.754675732622522855e-01
5.757092648091914899e-01
5.759509563561306944e-01
5.761926479030698989e-01
5.764343394500091033e-01
5.766760309969483078e-01
5.769177225438875123e-01
5.771594140908267168e-01
5.774011056377659212e-01
5.776427971847051257e-01
5.778844887316443302e-01
5.781261802785835346e-01
5.783678718255227391e-01
5.786095633724619436e-01
5.788512549194011481e-01
5.790929464663403525e-01
5.793346380132795570e-01
5.795763295602187615e-01
5.798180211071579659e-01
5.800597126540971704e-01
5.803014042010363749e-01
5.805430957479755794e-01
5.807847872949147838e-01
5.810264788418539883e-01
5.812681703887931928e-01
5.815098619357323972e-01
5.817515534826716017e-01
5.819932450296108062e-01
5.822349365765500107e-01
5.824766281234892151e-01
5.827183196704284196e-01
5.829600112173676241e-01
5.832017027643068285e-01
5.834433943112460330e-01
5.836850858581852375e-01
5.839267774051244420e-01
5.841684689520636464e-01
5.844101604990028509e-01
5.846518520459420554e-01
5.848935435928813709e-01
5.851352351398205753e-01
5.853769266867597798e-01
5.856186182336989843e-01
5.858603097806381887e-01
5.861020013275773932e-01
5.863436928745165977e-01
5.865853844214558022e-01
5.868270759683950066e-01
5.870687675153342111e-01
5.873104590622734156e-01
5.875521506092126200e-01
5.877938421561518245e-01
5.880355337030910290e-01
5.882772252500302335e-01
5.885189167969694379e-01
5.887606083439086424e-01
5.890022998908478469e-01
5.892439914377870513e-01
5.894856829847262558e-01
5.897273745316654603e-01
5.899690660786046648e-01
5.902107576255438692e-01
5.904524491724830737e-01
5.906941407194222782e-01
5.909358322663614826e-01
5.911775238133006871e-01
5.914192153602398916e-01
5.916609069071790961e-01
5.919025984541183005e-01
5.921442900010575050e-01
5.923859815479967095e-01
5.926276730949359139e-01
5.928693646418751184e-01
5.931110561888143229e-01
5.933527477357535274e-01
5.935944392826927318e-01
5.938361308296319363e-01
5.940778223765711408e-01
5.943195139235103452e-01
5.945612054704495497e-01
5.948028970173887542e-01
5.950445885643280697e-01
5.952862801112672742e-01
5.955279716582064786e-01
5.957696632051456831e-01
5.960113547520848876e-01
5.962530462990240920e-01
5.964947378459632965e-01
5.967364293929025010e-01
5.969781209398417055e-01
5.972198124867809099e-01
5.974615040337201144e-01
5.977031955806593189e-01
5.979448871275985233e-01
5.981865786745377278e-01
5.984282702214769323e-01
5.986699617684161367e-01
5.989116533153553412e-01
5.991533448622945457e-01
5.993950364092337502e-01
5.996367279561729546e-01
5.998784195031121591e-01
6.001201110500513636e-01
6.003618025969905680e-01
6.006034941439297725e-01
6.008451856908689770e-01
6.010868772378081815e-01
6.013285687847473859e-01
6.015702603316865904e-01
6.018119518786257949e-01
6.020536434255649993e-01
6.022953349725042038e-01
6.025370265194434083e-01
6.027787180663826128e-01
6.030204096133218172e-01
6.032621011602610217e-01
6.035037927072002262e-01
6.037454842541394306e-01
6.039871758010786351e-01
6.042288673480178396e-01
6.044705588949570441e-01
6.047122504418962485e-01
6.049539419888355640e-01
6.051956335357747685e-01
6.054373250827139730e-01
6.056790166296531774e-01
6.059207081765923819e-01
6.061623997235315864e-01
6.064040912704707909e-01
6.066457828174099953e-01
6.068874743643491998e-01
6.071291659112884043e-01
6.073708574582276087e-01
6.076125490051668132e-01
6.078542405521060177e-01
6.080959320990452222e-01
6.083376236459844266e-01
6.085793151929236311e-01
6.088210067398628356e-01
6.090626982868020400e-01
6.093043898337412445e-01
6.095460813806804490e-01
6.097877729276196535e-01
6.100294644745588579e-01
6.102711560214980624e-01
6.105128475684372669e-01
6.107545391153764713e-01
6.109962306623156758e-01
6.112379222092548803e-01
6.114796137561940848e-01
6.117213053031332892e-01
6.119629968500724937e-01
6.122046883970116982e-01
6.124463799439509026e-01
6.126880714908901071e-01
6.129297630378293116e-01
6.131714545847685160e-01
6.134131461317077205e-01
6.136548376786469250e-01
6.138965292255861295e-01
6.141382207725253339e-01
6.143799123194645384e-01
6.146216038664037429e-01
6.148632954133430584e-01
6.151049869602822628e-01
6.153466785072214673e-01
6.155883700541606718e-01
6.158300616010998763e-01
6.160717531480390807e-01
6.163134446949782852e-01
6.165551362419174897e-01
6.167968277888566941e-01
6.170385193357958986e-01
6.172802108827351031e-01
6.175219024296743076e-01
6.177635939766135120e-01
6.180052855235527165e-01
6.182469770704919210e-01
6.184886686174311254e-01
6.187303601643703299e-01
6.189720517113095344e-01
6.192137432582487389e-01
6.194554348051879433e-01
6.196971263521271478e-01
6.199388178990663523e-01
6.201805094460055567e-01
6.204222009929447612e-01
6.206638925398839657e-01
6.209055840868231702e-01
6.211472756337623746e-01
6.213889671807015791e-01
6.216306587276407836e-01
6.218723502745799880e-01
6.221140418215191925e-01
6.223557333684583970e-01
6.225974249153976015e-01
6.228391164623368059e-01
6.230808080092760104e-01
6.233224995562152149e-01
6.235641911031544193e-01
6.238058826500936238e-01
6.240475741970328283e-01
6.242892657439720328e-01
6.245309572909112372e-01
6.247726488378504417e-01
6.250143403847897572e-01
6.252560319317289617e-01
6.254977234786681661e-01
6.257394150256073706e-01
6.259811065725465751e-01
6.262227981194857795e-01
6.264644896664249840e-01
6.267061812133641885e-01
6.269478727603033930e-01
6.271895643072425974e-01
6.274312558541818019e-01
6.276729474011210064e-01
6.279146389480602108e-01
6.281563304949994153e-01
6.283980220419386198e-01
6.286397135888778243e-01
6.288814051358170287e-01
6.291230966827562332e-01
6.293647882296954377e-01
6.296064797766346421e-01
6.298481713235738466e-01
6.300898628705130511e-01
6.303315544174522556e-01
6.305732459643914600e-01
6.308149375113306645e-01
6.310566290582698690e-01
6.312983206052090734e-01
6.315400121521482779e-01
6.317817036990874824e-01
6.320233952460266869e-01
6.322650867929658913e-01
6.325067783399050958e-01
6.327484698868443003e-01
6.329901614337835047e-01
6.332318529807227092e-01
6.334735445276619137e-01
6.337152360746011182e-01
6.339569276215403226e-01
6.341986191684795271e-01
6.344403107154187316e-01
6.346820022623579360e-01
6.349236938092972515e-01
6.351653853562364560e-01
6.354070769031756605e-01
6.356487684501148649e-01
6.358904599970540694e-01
6.361321515439932739e-01
6.363738430909324784e-01
6.366155346378716828e-01
6.368572261848108873e-01
6.370989177317500918e-01
6.373406092786892962e-01
6.375823008256285007e-01
6.378239923725677052e-01
6.380656839195069097e-01
6.383073754664461141e-01
6.385490670133853186e-01
6.387907585603245231e-01
6.390324501072637275e-01
6.392741416542029320e-01
6.395158332011421365e-01
6.397575247480813410e-01
6.399992162950205454e-01
6.402409078419597499e-01
6.404825993888989544e-01
6.407242909358381588e-01
6.409659824827773633e-01
6.412076740297165678e-01
6.414493655766557723e-01
6.416910571235949767e-01
6.419327486705341812e-01
6.421744402174733857e-01
6.424161317644125901e-01
6.426578233113517946e-01
6.428995148582909991e-01
6.431412064052302036e-01
6.433828979521694080e-01
6.436245894991086125e-01
6.438662810460478170e-01
6.441079725929870214e-01
6.443496641399262259e-01
6.445913556868654304e-01
6.448330472338047459e-01
6.450747387807439504e-01
6.453164303276831548e-01
6.455581218746223593e-01
6.457998134215615638e-01
6.460415049685007682e-01
6.462831965154399727e-01
6.465248880623791772e-01
6.467665796093183816e-01
6.470082711562575861e-01
6.472499627031967906e-01
6.474916542501359951e-01
6.477333457970751995e-01
6.479750373440144040e-01
6.482167288909536085e-01
6.484584204378928129e-01
6.487001119848320174e-01
6.489418035317712219e-01
6.491834950787104264e-01
6.494251866256496308e-01
6.496668781725888353e-01
6.499085697195280398e-01
6.501502612664672442e-01
6.503919528134064487e-01
6.506336443603456532e-01
6.508753359072848577e-01
6.511170274542240621e-01
6.513587190011632666e-01
6.516004105481024711e-01
6.518421020950416755e-01
6.520837936419808800e-01
6.523254851889200845e-01
6.525671767358592890e-01
6.528088682827984934e-01
6.530505598297376979e-01
6.532922513766769024e-01
6.535339429236161068e-01
6.537756344705553113e-01
6.540173260174945158e-01
6.542590175644337203e-01
6.545007091113729247e-01
6.547424006583121292e-01
6.549840922052514447e-01
6.552257837521906492e-01
6.554674752991298536e-01
6.557091668460690581e-01
6.559508583930082626e-01
6.561925499399474671e-01
6.564342414868866715e-01
6.566759330338258760e-01
6.569176245807650805e-01
6.571593161277042849e-01
6.574010076746434894e-01
6.576426992215826939e-01
6.578843907685218984e-01
6.581260823154611028e-01
6.583677738624003073e-01
6.586094654093395118e-01
6.588511569562787162e-01
6.590928485032179207e-01
6.593345400501571252e-01
6.595762315970963297e-01
6.598179231440355341e-01
6.600596146909747386e-01
6.603013062379139431e-01
6.605429977848531475e-01
6.607846893317923520e-01
6.610263808787315565e-01
6.612680724256707609e-01
6.615097639726099654e-01
6.617514555195491699e-01
6.619931470664883744e-01
6.622348386134275788e-01
6.624765301603667833e-01
6.627182217073059878e-01
6.629599132542451922e-01
6.632016048011843967e-01
6.634432963481236012e-01
6.636849878950628057e-01
6.639266794420020101e-01
6.641683709889412146e-01
6.644100625358804191e-01
6.646517540828196235e-01
6.648934456297589390e-01
6.651351371766981435e-01
6.653768287236373480e-01
6.656185202705765525e-01
6.658602118175157569e-01
6.661019033644549614e-01
6.663435949113941659e-01
6.665852864583333703e-01
6.668269780052725748e-01
6.670686695522117793e-01
6.673103610991509838e-01
6.675520526460901882e-01
6.677937441930293927e-01
6.680354357399685972e-01
6.682771272869078016e-01
6.685188188338470061e-01
6.687605103807862106e-01
6.690022019277254151e-01
6.692438934746646195e-01
6.694855850216038240e-01
6.697272765685430285e-01
6.699689681154822329e-01
6.702106596624214374e-01
6.704523512093606419e-01
6.706940427562998464e-01
6.709357343032390508e-01
6.711774258501782553e-01
6.714191173971174598e-01
6.716608089440566642e-01
6.719025004909958687e-01
6.721441920379350732e-01
6.723858835848742777e-01
6.726275751318134821e-01
6.728692666787526866e-01
6.731109582256918911e-01
6.733526497726310955e-01
6.735943413195703000e-01
6.738360328665095045e-01
6.740777244134487090e-01
6.743194159603879134e-01
6.745611075073271179e-01
6.748027990542664334e-01
6.750444906012056379e-01
6.752861821481448423e-01
6.755278736950840468e-01
6.757695652420232513e-01
6.760112567889624557e-01
6.762529483359016602e-01
6.764946398828408647e-01
6.767363314297800692e-01
6.769780229767192736e-01
6.772197145236584781e-01
6.774614060705976826e-01
6.777030976175368870e-01
6.779447891644760915e-01
6.781864807114152960e-01
6.784281722583545005e-01
6.786698638052937049e-01
6.789115553522329094e-01
6.791532468991721139e-01
6.793949384461113183e-01
6.796366299930505228e-01
6.798783215399897273e-01
6.801200130869289318e-01
6.803617046338681362e-01
6.806033961808073407e-01
6.808450877277465452e-01
6.810867792746857496e-01
6.813284708216249541e-01
6.815701623685641586e-01
6.818118539155033631e-01
6.820535454624425675e-01
6.822952370093817720e-01
6.825369285563209765e-01
6.827786201032601809e-01
6.830203116501993854e-01
6.832620031971385899e-01
6.835036947440777944e-01
6.837453862910169988e-01
6.839870778379562033e-01
6.842287693848954078e-01
6.844704609318346122e-01
6.847121524787738167e-01
6.849538440257131322e-01
6.851955355726523367e-01
6.854372271195915411e-01
6.856789186665307456e-01
6.859206102134699501e-01
6.861623017604091546e-01
6.864039933073483590e-01
6.866456848542875635e-01
6.868873764012267680e-01
6.871290679481659724e-01
6.873707594951051769e-01
6.876124510420443814e-01
6.878541425889835859e-01
6.880958341359227903e-01
6.883375256828619948e-01
6.885792172298011993e-01
6.888209087767404037e-01
6.890626003236796082e-01
6.893042918706188127e-01
6.895459834175580172e-01
6.897876749644972216e-01
6.900293665114364261e-01
6.902710580583756306e-01
6.905127496053148350e-01
6.907544411522540395e-01
6.909961326991932440e-01
6.912378242461324485e-01
6.914795157930716529e-01
6.917212073400108574e-01
6.919628988869500619e-01
6.922045904338892663e-01
6.924462819808284708e-01
6.926879735277676753e-01
6.929296650747068798e-01
6.931713566216460842e-01
6.934130481685852887e-01
6.936547397155244932e-01
6.938964312624636976e-01
6.941381228094029021e-01
6.943798143563421066e-01
6.946215059032813111e-01
6.948631974502206265e-01
6.951048889971598310e-01
6.953465805440990355e-01
6.955882720910382400e-01
6.958299636379774444e-01
6.960716551849166489e-01
6.963133467318558534e-01
6.965550382787950578e-01
6.967967298257342623e-01
6.970384213726734668e-01
6.972801129196126713e-01
6.975218044665518757e-01
6.977634960134910802e-01
6.980051875604302847e-01
6.982468791073694891e-01
6.984885706543086936e-01
6.987302622012478981e-01
6.989719537481871026e-01
6.992136452951263070e-01
6.994553368420655115e-01
6.996970283890047160e-01
6.999387199359439204e-01
7.001804114828831249e-01
7.004221030298223294e-01
7.006637945767615339e-01
7.009054861237007383e-01
7.011471776706399428e-01
7.013888692175791473e-01
7.016305607645183517e-01
7.018722523114575562e-01
7.021139438583967607e-01
7.023556354053359652e-01
7.025973269522751696e-01
7.028390184992143741e-01
7.030807100461535786e-01
7.033224015930927830e-01
7.035640931400319875e-01
7.038057846869711920e-01
7.040474762339103965e-01
7.042891677808496009e-01
7.045308593277888054e-01
7.047725508747280099e-01
7.050142424216673254e-01
7.052559339686065298e-01
7.054976255155457343e-01
7.057393170624849388e-01
7.059810086094241433e-01
7.062227001563633477e-01
7.064643917033025522e-01
7.067060832502417567e-01
7.069477747971809611e-01
7.071894663441201656e-01
7.074311578910593701e-01
7.076728494379985746e-01
7.079145409849377790e-01
7.081562325318769835e-01
7.083979240788161880e-01
7.086396156257553924e-01
7.088813071726945969e-01
7.091229987196338014e-01
7.093646902665730059e-01
7.096063818135122103e-01
7.098480733604514148e-01
7.100897649073906193e-01
7.103314564543298237e-01
7.105731480012690282e-01
7.108148395482082327e-01
7.110565310951474371e-01
7.112982226420866416e-01
7.115399141890258461e-01
7.117816057359650506e-01
7.120232972829042550e-01
7.122649888298434595e-01
7.125066803767826640e-01
7.127483719237218684e-01
7.129900634706610729e-01
7.132317550176002774e-01
7.134734465645394819e-01
7.137151381114786863e-01
7.139568296584178908e-01
7.141985212053570953e-01
7.144402127522962997e-01
7.146819042992355042e-01
7.149235958461748197e-01
7.151652873931140242e-01
7.154069789400532287e-01
7.156486704869924331e-01
7.158903620339316376e-01
7.161320535808708421e-01
7.163737451278100465e-01
7.166154366747492510e-01
7.168571282216884555e-01
7.170988197686276600e-01
7.173405113155668644e-01
7.175822028625060689e-01
7.178238944094452734e-01
7.180655859563844778e-01
7.183072775033236823e-01
7.185489690502628868e-01
7.187906605972020913e-01
7.190323521441412957e-01
7.192740436910805002e-01
7.195157352380197047e-01
7.197574267849589091e-01
7.199991183318981136e-01
7.202408098788373181e-01
7.204825014257765226e-01
7.207241929727157270e-01
7.209658845196549315e-01
7.212075760665941360e-01
7.214492676135333404e-01
7.216909591604725449e-01
7.219326507074117494e-01
7.221743422543509539e-01
7.224160338012901583e-01
7.226577253482293628e-01
7.228994168951685673e-01
7.231411084421077717e-01
7.233827999890469762e-01
7.236244915359861807e-01
7.238661830829253852e-01
7.241078746298645896e-01
7.243495661768037941e-01
7.245912577237429986e-01
7.248329492706823141e-01
7.250746408176215185e-01
7.253163323645607230e-01
7.255580239114999275e-01
7.257997154584391319e-01
7.260414070053783364e-01
7.262830985523175409e-01
7.265247900992567454e-01
7.267664816461959498e-01
7.270081731931351543e-01
7.272498647400743588e-01
7.274915562870135632e-01
7.277332478339527677e-01
7.279749393808919722e-01
7.282166309278311767e-01
7.284583224747703811e-01
7.287000140217095856e-01
7.289417055686487901e-01
7.291833971155879945e-01
7.294250886625271990e-01
7.296667802094664035e-01
7.299084717564056080e-01
7.301501633033448124e-01
7.303918548502840169e-01
7.306335463972232214e-01
7.308752379441624258e-01
7.311169294911016303e-01
7.313586210380408348e-01
7.316003125849800393e-01
7.318420041319192437e-01
7.320836956788584482e-01
7.323253872257976527e-01
7.325670787727368571e-01
7.328087703196760616e-01
7.330504618666152661e-01
7.332921534135544706e-01
7.335338449604936750e-01
7.337755365074328795e-01
7.340172280543720840e-01
7.342589196013112884e-01
7.345006111482504929e-01
7.347423026951896974e-01
7.349839942421290129e-01
7.352256857890682173e-01
7.354673773360074218e-01
7.357090688829466263e-01
7.359507604298858308e-01
7.361924519768250352e-01
7.364341435237642397e-01
7.366758350707034442e-01
7.369175266176426486e-01
7.371592181645818531e-01
7.374009097115210576e-01
7.376426012584602621e-01
7.378842928053994665e-01
7.381259843523386710e-01
7.383676758992778755e-01
7.386093674462170799e-01
7.388510589931562844e-01
7.390927505400954889e-01
7.393344420870346934e-01
7.395761336339738978e-01
7.398178251809131023e-01
7.400595167278523068e-01
7.403012082747915112e-01
7.405428998217307157e-01
7.407845913686699202e-01
7.410262829156091247e-01
7.412679744625483291e-01
7.415096660094875336e-01
7.417513575564267381e-01
7.419930491033659425e-01
7.422347406503051470e-01
7.424764321972443515e-01
7.427181237441835560e-01
7.429598152911227604e-01
7.432015068380619649e-01
7.434431983850011694e-01
7.436848899319403738e-01
7.439265814788795783e-01
7.441682730258187828e-01
7.444099645727579873e-01
7.446516561196971917e-01
7.448933476666365072e-01
7.451350392135757117e-01
7.453767307605149162e-01
7.456184223074541206e-01
7.458601138543933251e-01
7.461018054013325296e-01
7.463434969482717340e-01
7.465851884952109385e-01
7.468268800421501430e-01
7.470685715890893475e-01
7.473102631360285519e-01
7.475519546829677564e-01
7.477936462299069609e-01
7.480353377768461653e-01
7.482770293237853698e-01
7.485187208707245743e-01
7.487604124176637788e-01
7.490021039646029832e-01
7.492437955115421877e-01
7.494854870584813922e-01
7.497271786054205966e-01
7.499688701523598011e-01
7.502105616992990056e-01
7.504522532462382101e-01
7.506939447931774145e-01
7.509356363401166190e-01
7.511773278870558235e-01
7.514190194339950279e-01
7.516607109809342324e-01
7.519024025278734369e-01
7.521440940748126414e-01
7.523857856217518458e-01
7.526274771686910503e-01
7.528691687156302548e-01
7.531108602625694592e-01
7.533525518095086637e-01
7.535942433564478682e-01
7.538359349033870727e-01
7.540776264503262771e-01
7.543193179972654816e-01
7.545610095442046861e-01
7.548027010911440016e-01
7.550443926380832060e-01
7.552860841850224105e-01
7.555277757319616150e-01
7.557694672789008195e-01
7.560111588258400239e-01
7.562528503727792284e-01
7.564945419197184329e-01
7.567362334666576373e-01
7.569779250135968418e-01
7.572196165605360463e-01
7.574613081074752508e-01
7.577029996544144552e-01
7.579446912013536597e-01
7.581863827482928642e-01
7.584280742952320686e-01
7.586697658421712731e-01
7.589114573891104776e-01
7.591531489360496820e-01
7.593948404829888865e-01
7.596365320299280910e-01
7.598782235768672955e-01
7.601199151238064999e-01
7.603616066707457044e-01
7.606032982176849089e-01
7.608449897646241133e-01
7.610866813115633178e-01
7.613283728585025223e-01
7.615700644054417268e-01
7.618117559523809312e-01
7.620534474993201357e-01
7.622951390462593402e-01
7.625368305931985446e-01
7.627785221401377491e-01
7.630202136870769536e-01
7.632619052340161581e-01
7.635035967809553625e-01
7.637452883278945670e-01
7.639869798748337715e-01
7.642286714217729759e-01
7.644703629687121804e-01
7.647120545156513849e-01
7.649537460625907004e-01
7.651954376095299049e-01
7.654371291564691093e-01
7.656788207034083138e-01
7.659205122503475183e-01
7.661622037972867227e-01
7.664038953442259272e-01
7.666455868911651317e-01
7.668872784381043362e-01
7.671289699850435406e-01
7.673706615319827451e-01
7.676123530789219496e-01
7.678540446258611540e-01
7.680957361728003585e-01
7.683374277197395630e-01
7.685791192666787675e-01
7.688208108136179719e-01
7.690625023605571764e-01
7.693041939074963809e-01
7.695458854544355853e-01
7.697875770013747898e-01
7.700292685483139943e-01
7.702709600952531988e-01
7.705126516421924032e-01
7.707543431891316077e-01
7.709960347360708122e-01
7.712377262830100166e-01
7.714794178299492211e-01
7.717211093768884256e-01
7.719628009238276301e-01
7.722044924707668345e-01
7.724461840177060390e-01
7.726878755646452435e-01
7.729295671115844479e-01
7.731712586585236524e-01
7.734129502054628569e-01
7.736546417524020613e-01
7.738963332993412658e-01
7.741380248462804703e-01
7.743797163932196748e-01
7.746214079401588792e-01
7.748630994870981947e-01
7.751047910340373992e-01
7.753464825809766037e-01
7.755881741279158081e-01
7.758298656748550126e-01
7.760715572217942171e-01
7.763132487687334216e-01
7.765549403156726260e-01
7.767966318626118305e-01
7.770383234095510350e-01
7.772800149564902394e-01
7.775217065034294439e-01
7.777633980503686484e-01
7.780050895973078529e-01
7.782467811442470573e-01
7.784884726911862618e-01
7.787301642381254663e-01
7.789718557850646707e-01
7.792135473320038752e-01
7.794552388789430797e-01
7.796969304258822842e-01
7.799386219728214886e-01
7.801803135197606931e-01
7.804220050666998976e-01
7.806636966136391020e-01
7.809053881605783065e-01
7.811470797075175110e-01
7.813887712544567155e-01
7.816304628013959199e-01
7.818721543483351244e-01
7.821138458952743289e-01
7.823555374422135333e-01
7.825972289891527378e-01
7.828389205360919423e-01
7.830806120830311468e-01
7.833223036299703512e-01
7.835639951769095557e-01
7.838056867238487602e-01
7.840473782707879646e-01
7.842890698177271691e-01
7.845307613646663736e-01
7.847724529116056891e-01
7.850141444585448935e-01
7.852558360054840980e-01
7.854975275524233025e-01
7.857392190993625070e-01
7.859809106463017114e-01
7.862226021932409159e-01
7.864642937401801204e-01
7.867059852871193248e-01
7.869476768340585293e-01
7.871893683809977338e-01
7.874310599279369383e-01
7.876727514748761427e-01
7.879144430218153472e-01
7.881561345687545517e-01
7.883978261156937561e-01
7.886395176626329606e-01
7.888812092095721651e-01
7.891229007565113696e-01
7.893645923034505740e-01
7.896062838503897785e-01
7.898479753973289830e-01
7.900896669442681874e-01
7.903313584912073919e-01
7.905730500381465964e-01
7.908147415850858009e-01
7.910564331320250053e-01
7.912981246789642098e-01
7.915398162259034143e-01
7.917815077728426187e-01
7.920231993197818232e-01
7.922648908667210277e-01
7.925065824136602322e-01
7.927482739605994366e-01
7.929899655075386411e-01
7.932316570544778456e-01
7.934733486014170500e-01
7.937150401483562545e-01
7.939567316952954590e-01
7.941984232422346635e-01
7.944401147891738679e-01
7.946818063361130724e-01
7.949234978830523879e-01
7.951651894299915924e-01
7.954068809769307968e-01
7.956485725238700013e-01
7.958902640708092058e-01
7.961319556177484102e-01
7.963736471646876147e-01
7.966153387116268192e-01
7.968570302585660237e-01
7.970987218055052281e-01
7.973404133524444326e-01
7.975821048993836371e-01
7.978237964463228415e-01
7.980654879932620460e-01
7.983071795402012505e-01
7.985488710871404550e-01
7.987905626340796594e-01
7.990322541810188639e-01
7.992739457279580684e-01
7.995156372748972728e-01
7.997573288218364773e-01
7.999990203687756818e-01
8.002407119157148863e-01
8.004824034626540907e-01
8.007240950095932952e-01
8.009657865565324997e-01
8.012074781034717041e-01
8.014491696504109086e-01
8.016908611973501131e-01
8.019325527442893176e-01
8.021742442912285220e-01
8.024159358381677265e-01
8.026576273851069310e-01
8.028993189320461354e-01
8.031410104789853399e-01
8.033827020259245444e-01
8.036243935728637489e-01
8.038660851198029533e-01
8.041077766667421578e-01
8.043494682136813623e-01
8.045911597606205667e-01
8.048328513075598822e-01
8.050745428544990867e-01
8.053162344014382912e-01
8.055579259483774957e-01
8.057996174953167001e-01
8.060413090422559046e-01
8.062830005891951091e-01
8.065246921361343135e-01
8.067663836830735180e-01
8.070080752300127225e-01
8.072497667769519269e-01
8.074914583238911314e-01
8.077331498708303359e-01
8.079748414177695404e-01
8.082165329647087448e-01
8.084582245116479493e-01
8.086999160585871538e-01
8.089416076055263582e-01
8.091832991524655627e-01
8.094249906994047672e-01
8.096666822463439717e-01
8.099083737932831761e-01
8.101500653402223806e-01
8.103917568871615851e-01
8.106334484341007895e-01
8.108751399810399940e-01
8.111168315279791985e-01
8.113585230749184030e-01
8.116002146218576074e-01
8.118419061687968119e-01
8.120835977157360164e-01
8.123252892626752208e-01
8.125669808096144253e-01
8.128086723565536298e-01
8.130503639034928343e-01
8.132920554504320387e-01
8.135337469973712432e-01
8.137754385443104477e-01
8.140171300912496521e-01
8.142588216381888566e-01
8.145005131851280611e-01
8.147422047320673766e-01
8.149838962790065811e-01
8.152255878259457855e-01
8.154672793728849900e-01
8.157089709198241945e-01
8.159506624667633989e-01
8.161923540137026034e-01
8.164340455606418079e-01
8.166757371075810124e-01
8.169174286545202168e-01
8.171591202014594213e-01
8.174008117483986258e-01
8.176425032953378302e-01
8.178841948422770347e-01
8.181258863892162392e-01
8.183675779361554437e-01
8.186092694830946481e-01
8.188509610300338526e-01
8.190926525769730571e-01
8.193343441239122615e-01
8.195760356708514660e-01
8.198177272177906705e-01
8.200594187647298750e-01
8.203011103116690794e-01
8.205428018586082839e-01
8.207844934055474884e-01
8.210261849524866928e-01
8.212678764994258973e-01
8.215095680463651018e-01
8.217512595933043063e-01
8.219929511402435107e-01
8.222346426871827152e-01
8.224763342341219197e-01
8.227180257810611241e-01
8.229597173280003286e-01
8.232014088749395331e-01
8.234431004218787375e-01
8.236847919688179420e-01
8.239264835157571465e-01
8.241681750626963510e-01
8.244098666096355554e-01
8.246515581565747599e-01
8.248932497035140754e-01
8.251349412504532799e-01
8.253766327973924843e-01
8.256183243443316888e-01
8.258600158912708933e-01
8.261017074382100978e-01
8.263433989851493022e-01
8.265850905320885067e-01
8.268267820790277112e-01
8.270684736259669156e-01
8.273101651729061201e-01
8.275518567198453246e-01
8.277935482667845291e-01
8.280352398137237335e-01
8.282769313606629380e-01
8.285186229076021425e-01
8.287603144545413469e-01
8.290020060014805514e-01
8.292436975484197559e-01
8.294853890953589604e-01
8.297270806422981648e-01
8.299687721892373693e-01
8.302104637361765738e-01
8.304521552831157782e-01
8.306938468300549827e-01
8.309355383769941872e-01
8.311772299239333917e-01
8.314189214708725961e-01
8.316606130178118006e-01
8.319023045647510051e-01
8.321439961116902095e-01
8.323856876586294140e-01
8.326273792055686185e-01
8.328690707525078230e-01
8.331107622994470274e-01
8.333524538463862319e-01
8.335941453933254364e-01
8.338358369402646408e-01
8.340775284872038453e-01
8.343192200341430498e-01
8.345609115810822543e-01
8.348026031280215697e-01
8.350442946749607742e-01
8.352859862218999787e-01
8.355276777688391832e-01
8.357693693157783876e-01
8.360110608627175921e-01
8.362527524096567966e-01
8.364944439565960010e-01
8.367361355035352055e-01
8.369778270504744100e-01
8.372195185974136145e-01
8.374612101443528189e-01
8.377029016912920234e-01
8.379445932382312279e-01
8.381862847851704323e-01
8.384279763321096368e-01
8.386696678790488413e-01
8.389113594259880458e-01
8.391530509729272502e-01
8.393947425198664547e-01
8.396364340668056592e-01
8.398781256137448636e-01
8.401198171606840681e-01
8.403615087076232726e-01
8.406032002545624771e-01
8.408448918015016815e-01
8.410865833484408860e-01
8.413282748953800905e-01
8.415699664423192949e-01
8.418116579892584994e-01
8.420533495361977039e-01
8.422950410831369084e-01
8.425367326300761128e-01
8.427784241770153173e-01
8.430201157239545218e-01
8.432618072708937262e-01
8.435034988178329307e-01
8.437451903647721352e-01
8.439868819117113397e-01
8.442285734586505441e-01
8.444702650055897486e-01
8.447119565525289531e-01
8.449536480994682686e-01
8.451953396464074730e-01
8.454370311933466775e-01
8.456787227402858820e-01
8.459204142872250864e-01
8.461621058341642909e-01
8.464037973811034954e-01
8.466454889280426999e-01
8.468871804749819043e-01
8.471288720219211088e-01
8.473705635688603133e-01
8.476122551157995177e-01
8.478539466627387222e-01
8.480956382096779267e-01
8.483373297566171312e-01
8.485790213035563356e-01
8.488207128504955401e-01
8.490624043974347446e-01
8.493040959443739490e-01
8.495457874913131535e-01
8.497874790382523580e-01
8.500291705851915625e-01
8.502708621321307669e-01
8.505125536790699714e-01
8.507542452260091759e-01
8.509959367729483803e-01
8.512376283198875848e-01
8.514793198668267893e-01
8.517210114137659938e-01
8.519627029607051982e-01
8.522043945076444027e-01
8.524460860545836072e-01
8.526877776015228116e-01
8.529294691484620161e-01
8.531711606954012206e-01
8.534128522423404251e-01
8.536545437892796295e-01
8.538962353362188340e-01
8.541379268831580385e-01
8.543796184300972429e-01
8.546213099770364474e-01
8.548630015239757629e-01
8.551046930709149674e-01
8.553463846178541719e-01
8.555880761647933763e-01
8.558297677117325808e-01
8.560714592586717853e-01
8.563131508056109897e-01
8.565548423525501942e-01
8.567965338994893987e-01
8.570382254464286031e-01
8.572799169933678076e-01
8.575216085403070121e-01
8.577633000872462166e-01
8.580049916341854210e-01
8.582466831811246255e-01
8.584883747280638300e-01
8.587300662750030344e-01
8.589717578219422389e-01
8.592134493688814434e-01
8.594551409158206479e-01
8.596968324627598523e-01
8.599385240096990568e-01
8.601802155566382613e-01
8.604219071035774657e-01
8.606635986505166702e-01
8.609052901974558747e-01
8.611469817443950792e-01
8.613886732913342836e-01
8.616303648382734881e-01
8.618720563852126926e-01
8.621137479321518970e-01
8.623554394790911015e-01
8.625971310260303060e-01
8.628388225729695105e-01
8.630805141199087149e-01
8.633222056668479194e-01
8.635638972137871239e-01
8.638055887607263283e-01
8.640472803076655328e-01
8.642889718546047373e-01
8.645306634015439418e-01
8.647723549484832573e-01
8.650140464954224617e-01
8.652557380423616662e-01
8.654974295893008707e-01
8.657391211362400751e-01
8.659808126831792796e-01
8.662225042301184841e-01
8.664641957770576886e-01
8.667058873239968930e-01
8.669475788709360975e-01
8.671892704178753020e-01
8.674309619648145064e-01
8.676726535117537109e-01
8.679143450586929154e-01
8.681560366056321199e-01
8.683977281525713243e-01
8.686394196995105288e-01
8.688811112464497333e-01
8.691228027933889377e-01
8.693644943403281422e-01
8.696061858872673467e-01
8.698478774342065512e-01
8.700895689811457556e-01
8.703312605280849601e-01
8.705729520750241646e-01
8.708146436219633690e-01
8.710563351689025735e-01
8.712980267158417780e-01
8.715397182627809824e-01
8.717814098097201869e-01
8.720231013566593914e-01
8.722647929035985959e-01
8.725064844505378003e-01
8.727481759974770048e-01
8.729898675444162093e-01
8.732315590913554137e-01
8.734732506382946182e-01
8.737149421852338227e-01
8.739566337321730272e-01
8.741983252791122316e-01
8.744400168260514361e-01
8.746817083729906406e-01
8.749233999199299561e-01
8.751650914668691605e-01
8.754067830138083650e-01
8.756484745607475695e-01
8.758901661076867740e-01
8.761318576546259784e-01
8.763735492015651829e-01
8.766152407485043874e-01
8.768569322954435918e-01
8.770986238423827963e-01
8.773403153893220008e-01
8.775820069362612053e-01
8.778236984832004097e-01
8.780653900301396142e-01
8.783070815770788187e-01
8.785487731240180231e-01
8.787904646709572276e-01
8.790321562178964321e-01
8.792738477648356366e-01
8.795155393117748410e-01
8.797572308587140455e-01
8.799989224056532500e-01
8.802406139525924544e-01
8.804823054995316589e-01
8.807239970464708634e-01
8.809656885934100679e-01
8.812073801403492723e-01
8.814490716872884768e-01
8.816907632342276813e-01
8.819324547811668857e-01
8.821741463281060902e-01
8.824158378750452947e-01
8.826575294219844992e-01
8.828992209689237036e-01
8.831409125158629081e-01
8.833826040628021126e-01
8.836242956097413170e-01
8.838659871566805215e-01
8.841076787036197260e-01
8.843493702505589305e-01
8.845910617974981349e-01
8.848327533444374504e-01
8.850744448913766549e-01
8.853161364383158594e-01
8.855578279852550638e-01
8.857995195321942683e-01
8.860412110791334728e-01
8.862829026260726772e-01
8.865245941730118817e-01
8.867662857199510862e-01
8.870079772668902907e-01
8.872496688138294951e-01
8.874913603607686996e-01
8.877330519077079041e-01
8.879747434546471085e-01
8.882164350015863130e-01
8.884581265485255175e-01
8.886998180954647220e-01
8.889415096424039264e-01
8.891832011893431309e-01
8.894248927362823354e-01
8.896665842832215398e-01
8.899082758301607443e-01
8.901499673770999488e-01
8.903916589240391533e-01
8.906333504709783577e-01
8.908750420179175622e-01
8.911167335648567667e-01
8.913584251117959711e-01
8.916001166587351756e-01
8.918418082056743801e-01
8.920834997526135846e-01
8.923251912995527890e-01
8.925668828464919935e-01
8.928085743934311980e-01
8.930502659403704024e-01
8.932919574873096069e-01
8.935336490342488114e-01
8.937753405811880159e-01
8.940170321281272203e-01
8.942587236750664248e-01
8.945004152220056293e-01
8.947421067689449448e-01
8.949837983158841492e-01
8.952254898628233537e-01
8.954671814097625582e-01
8.957088729567017626e-01
8.959505645036409671e-01
8.961922560505801716e-01
8.964339475975193761e-01
8.966756391444585805e-01
8.969173306913977850e-01
8.971590222383369895e-01
8.974007137852761939e-01
8.976424053322153984e-01
8.978840968791546029e-01
8.981257884260938074e-01
8.983674799730330118e-01
8.986091715199722163e-01
8.988508630669114208e-01
8.990925546138506252e-01
8.993342461607898297e-01
8.995759377077290342e-01
8.998176292546682387e-01
9.000593208016074431e-01
9.003010123485466476e-01
9.005427038954858521e-01
9.007843954424250565e-01
9.010260869893642610e-01
9.012677785363034655e-01
9.015094700832426700e-01
9.017511616301818744e-01
9.019928531771210789e-01
9.022345447240602834e-01
9.024762362709994878e-01
9.027179278179386923e-01
9.029596193648778968e-01
9.032013109118171013e-01
9.034430024587563057e-01
9.036846940056955102e-01
9.039263855526347147e-01
9.041680770995739191e-01
9.044097686465131236e-01
9.046514601934523281e-01
9.048931517403916436e-01
9.051348432873308480e-01
9.053765348342700525e-01
9.056182263812092570e-01
9.058599179281484615e-01
9.061016094750876659e-01
9.063433010220268704e-01
9.065849925689660749e-01
9.068266841159052793e-01
9.070683756628444838e-01
9.073100672097836883e-01
9.075517587567228928e-01
9.077934503036620972e-01
9.080351418506013017e-01
9.082768333975405062e-01
9.085185249444797106e-01
9.087602164914189151e-01
9.090019080383581196e-01
9.092435995852973241e-01
9.094852911322365285e-01
9.097269826791757330e-01
9.099686742261149375e-01
9.102103657730541419e-01
9.104520573199933464e-01
9.106937488669325509e-01
9.109354404138717554e-01
9.111771319608109598e-01
9.114188235077501643e-01
9.116605150546893688e-01
9.119022066016285732e-01
9.121438981485677777e-01
9.123855896955069822e-01
9.126272812424461867e-01
9.128689727893853911e-01
9.131106643363245956e-01
9.133523558832638001e-01
9.135940474302030045e-01
9.138357389771422090e-01
9.140774305240814135e-01
9.143191220710206180e-01
9.145608136179598224e-01
9.148025051648991379e-01
9.150441967118383424e-01
9.152858882587775469e-01
9.155275798057167513e-01
9.157692713526559558e-01
9.160109628995951603e-01
9.162526544465343648e-01
9.164943459934735692e-01
9.167360375404127737e-01
9.169777290873519782e-01
9.172194206342911826e-01
9.174611121812303871e-01
9.177028037281695916e-01
9.179444952751087961e-01
9.181861868220480005e-01
9.184278783689872050e-01
9.186695699159264095e-01
9.189112614628656139e-01
9.191529530098048184e-01
9.193946445567440229e-01
9.196363361036832273e-01
9.198780276506224318e-01
9.201197191975616363e-01
9.203614107445008408e-01
9.206031022914400452e-01
9.208447938383792497e-01
9.210864853853184542e-01
9.213281769322576586e-01
9.215698684791968631e-01
9.218115600261360676e-01
9.220532515730752721e-01
9.222949431200144765e-01
9.225366346669536810e-01
9.227783262138928855e-01
9.230200177608320899e-01
9.232617093077712944e-01
9.235034008547104989e-01
9.237450924016497034e-01
9.239867839485889078e-01
9.242284754955281123e-01
9.244701670424673168e-01
9.247118585894066323e-01
9.249535501363458367e-01
9.251952416832850412e-01
9.254369332302242457e-01
9.256786247771634502e-01
9.259203163241026546e-01
9.261620078710418591e-01
9.264036994179810636e-01
9.266453909649202680e-01
9.268870825118594725e-01
9.271287740587986770e-01
9.273704656057378815e-01
9.276121571526770859e-01
9.278538486996162904e-01
9.280955402465554949e-01
9.283372317934946993e-01
9.285789233404339038e-01
9.288206148873731083e-01
9.290623064343123128e-01
9.293039979812515172e-01
9.295456895281907217e-01
9.297873810751299262e-01
9.300290726220691306e-01
9.302707641690083351e-01
9.305124557159475396e-01
9.307541472628867441e-01
9.309958388098259485e-01
9.312375303567651530e-01
9.314792219037043575e-01
9.317209134506435619e-01
9.319626049975827664e-01
9.322042965445219709e-01
9.324459880914611754e-01
9.326876796384003798e-01
9.329293711853395843e-01
9.331710627322787888e-01
9.334127542792179932e-01
9.336544458261571977e-01
9.338961373730964022e-01
9.341378289200356067e-01
9.343795204669748111e-01
9.346212120139140156e-01
9.348629035608533311e-01
9.351045951077925356e-01
9.353462866547317400e-01
9.355879782016709445e-01
9.358296697486101490e-01
9.360713612955493534e-01
9.363130528424885579e-01
9.365547443894277624e-01
9.367964359363669669e-01
9.370381274833061713e-01
9.372798190302453758e-01
9.375215105771845803e-01
9.377632021241237847e-01
9.380048936710629892e-01
9.382465852180021937e-01
9.384882767649413982e-01
9.387299683118806026e-01
9.389716598588198071e-01
9.392133514057590116e-01
9.394550429526982160e-01
9.396967344996374205e-01
9.399384260465766250e-01
9.401801175935158295e-01
9.404218091404550339e-01
9.406635006873942384e-01
9.409051922343334429e-01
9.411468837812726473e-01
9.413885753282118518e-01
9.416302668751510563e-01
9.418719584220902608e-01
9.421136499690294652e-01
9.423553415159686697e-01
9.425970330629078742e-01
9.428387246098470786e-01
9.430804161567862831e-01
9.433221077037254876e-01
9.435637992506646921e-01
9.438054907976038965e-01
9.440471823445431010e-01
9.442888738914823055e-01
9.445305654384215099e-01
9.447722569853608254e-01
9.450139485323000299e-01
9.452556400792392344e-01
9.454973316261784388e-01
9.457390231731176433e-01
9.459807147200568478e-01
9.462224062669960523e-01
9.464640978139352567e-01
9.467057893608744612e-01
9.469474809078136657e-01
9.471891724547528701e-01
9.474308640016920746e-01
9.476725555486312791e-01
9.479142470955704836e-01
9.481559386425096880e-01
9.483976301894488925e-01
9.486393217363880970e-01
9.488810132833273014e-01
9.491227048302665059e-01
9.493643963772057104e-01
9.496060879241449149e-01
9.498477794710841193e-01
9.500894710180233238e-01
9.503311625649625283e-01
9.505728541119017327e-01
9.508145456588409372e-01
9.510562372057801417e-01
9.512979287527193462e-01
9.515396202996585506e-01
9.517813118465977551e-01
9.520230033935369596e-01
9.522646949404761640e-01
9.525063864874153685e-01
9.527480780343545730e-01
9.529897695812937775e-01
9.532314611282329819e-01
9.534731526751721864e-01
9.537148442221113909e-01
9.539565357690505953e-01
9.541982273159897998e-01
9.544399188629290043e-01
9.546816104098682088e-01
9.549233019568075242e-01
9.551649935037467287e-01
9.554066850506859332e-01
9.556483765976251377e-01
9.558900681445643421e-01
9.561317596915035466e-01
9.563734512384427511e-01
9.566151427853819555e-01
9.568568343323211600e-01
9.570985258792603645e-01
9.573402174261995690e-01
9.575819089731387734e-01
9.578236005200779779e-01
9.580652920670171824e-01
9.583069836139563868e-01
9.585486751608955913e-01
9.587903667078347958e-01
9.590320582547740003e-01
9.592737498017132047e-01
9.595154413486524092e-01
9.597571328955916137e-01
9.599988244425308181e-01
9.602405159894700226e-01
9.604822075364092271e-01
9.607238990833484316e-01
9.609655906302876360e-01
9.612072821772268405e-01
9.614489737241660450e-01
9.616906652711052494e-01
9.619323568180444539e-01
9.621740483649836584e-01
9.624157399119228629e-01
9.626574314588620673e-01
9.628991230058012718e-01
9.631408145527404763e-01
9.633825060996796807e-01
9.636241976466188852e-01
9.638658891935580897e-01
9.641075807404972942e-01
9.643492722874364986e-01
9.645909638343757031e-01
9.648326553813150186e-01
9.650743469282542231e-01
9.653160384751934275e-01
9.655577300221326320e-01
9.657994215690718365e-01
9.660411131160110410e-01
9.662828046629502454e-01
9.665244962098894499e-01
9.667661877568286544e-01
9.670078793037678588e-01
9.672495708507070633e-01
9.674912623976462678e-01
9.677329539445854723e-01
9.679746454915246767e-01
9.682163370384638812e-01
9.684580285854030857e-01
9.686997201323422901e-01
9.689414116792814946e-01
9.691831032262206991e-01
9.694247947731599035e-01
9.696664863200991080e-01
9.699081778670383125e-01
9.701498694139775170e-01
9.703915609609167214e-01
9.706332525078559259e-01
9.708749440547951304e-01
9.711166356017343348e-01
9.713583271486735393e-01
9.716000186956127438e-01
9.718417102425519483e-01
9.720834017894911527e-01
9.723250933364303572e-01
9.725667848833695617e-01
9.728084764303087661e-01
9.730501679772479706e-01
9.732918595241871751e-01
9.735335510711263796e-01
9.737752426180655840e-01
9.740169341650047885e-01
9.742586257119439930e-01
9.745003172588831974e-01
9.747420088058225129e-01
9.749837003527617174e-01
9.752253918997009219e-01
9.754670834466401264e-01
9.757087749935793308e-01
9.759504665405185353e-01
9.761921580874577398e-01
9.764338496343969442e-01
9.766755411813361487e-01
9.769172327282753532e-01
9.771589242752145577e-01
9.774006158221537621e-01
9.776423073690929666e-01
9.778839989160321711e-01
9.781256904629713755e-01
9.783673820099105800e-01
9.786090735568497845e-01
9.788507651037889890e-01
9.790924566507281934e-01
9.793341481976673979e-01
9.795758397446066024e-01
9.798175312915458068e-01
9.800592228384850113e-01
9.803009143854242158e-01
9.805426059323634203e-01
9.807842974793026247e-01
9.810259890262418292e-01
9.812676805731810337e-01
9.815093721201202381e-01
9.817510636670594426e-01
9.819927552139986471e-01
9.822344467609378516e-01
9.824761383078770560e-01
9.827178298548162605e-01
9.829595214017554650e-01
9.832012129486946694e-01
9.834429044956338739e-01
9.836845960425730784e-01
9.839262875895122828e-01
9.841679791364514873e-01
9.844096706833906918e-01
9.846513622303298963e-01
9.848930537772692118e-01
9.851347453242084162e-01
9.853764368711476207e-01
9.856181284180868252e-01
9.858598199650260296e-01
9.861015115119652341e-01
9.863432030589044386e-01
9.865848946058436431e-01
9.868265861527828475e-01
9.870682776997220520e-01
9.873099692466612565e-01
9.875516607936004609e-01
9.877933523405396654e-01
9.880350438874788699e-01
9.882767354344180744e-01
9.885184269813572788e-01
9.887601185282964833e-01
9.890018100752356878e-01
9.892435016221748922e-01
9.894851931691140967e-01
9.897268847160533012e-01
9.899685762629925057e-01
9.902102678099317101e-01
9.904519593568709146e-01
9.906936509038101191e-01
9.909353424507493235e-01
9.911770339976885280e-01
9.914187255446277325e-01
9.916604170915669370e-01
9.919021086385061414e-01
9.921438001854453459e-01
9.923854917323845504e-01
9.926271832793237548e-01
9.928688748262629593e-01
9.931105663732021638e-01
9.933522579201413683e-01
9.935939494670805727e-01
9.938356410140197772e-01
9.940773325609589817e-01
9.943190241078981861e-01
9.945607156548373906e-01
9.948024072017767061e-01
9.950440987487159106e-01
9.952857902956551150e-01
9.955274818425943195e-01
9.957691733895335240e-01
9.960108649364727285e-01
9.962525564834119329e-01
9.964942480303511374e-01
9.967359395772903419e-01
9.969776311242295463e-01
9.972193226711687508e-01
9.974610142181079553e-01
9.977027057650471598e-01
9.979443973119863642e-01
9.981860888589255687e-01
9.984277804058647732e-01
9.986694719528039776e-01
9.989111634997431821e-01
9.991528550466823866e-01
9.993945465936215911e-01
9.996362381405607955e-01
