5.264094471055452695e-01
5.264008954826137066e-01
5.263920015358697357e-01
5.263827611790543592e-01
5.263731842527589189e-01
5.263632817269204844e-01
5.263530560955509419e-01
5.263424889394209272e-01
5.263315478772475631e-01
5.263201963165970998e-01
5.263084114376290756e-01
5.262962062629038540e-01
5.262836394794043748e-01
5.262708187899231005e-01
5.262578872430224708e-01
5.262449969464292332e-01
5.262322806041985768e-01
5.262198220404524784e-01
5.262076389215095684e-01
5.261956820502003973e-01
5.261838487146237586e-01
5.261720096160172888e-01
5.261600442770704156e-01
5.261478717393883731e-01
5.261354740108828976e-01
5.261229104688599501e-01
5.261103095199834989e-01
5.260978526350301721e-01
5.260857481240398537e-01
5.260741897473804052e-01
5.260633281815992879e-01
5.260532386593855803e-01
5.260438978500273643e-01
5.260351869410274661e-01
5.260268948172972525e-01
5.260187475356246090e-01
5.260104492672580401e-01
5.260017186603719308e-01
5.259923382849877038e-01
5.259821838566373087e-01
5.259712419913562531e-01
5.259596158034786084e-01
5.259475030640141657e-01
5.259351697096765754e-01
5.259229098483971798e-01
5.259110029161052635e-01
5.258996791904674284e-01
5.258890889475031916e-01
5.258792866138328748e-01
5.258702262727560361e-01
5.258617690339110196e-01
5.258536996049607559e-01
5.258457509740920299e-01
5.258376332078540383e-01
5.258290612449025847e-01
5.258197869283406378e-01
5.258096221234976886e-01
5.257984593978438648e-01
5.257862882400986537e-01
5.257731953793769453e-01
5.257593635672809240e-01
5.257450543353673345e-01
5.257305797608740061e-01
5.257162721889107049e-01
5.257024395036251629e-01
5.256893284808878963e-01
5.256770915649339182e-01
5.256657610116274304e-01
5.256552500206103096e-01
5.256453608525876176e-01
5.256358164453440729e-01
5.256263081256381531e-01
5.256165362050189138e-01
5.256062629020999966e-01
5.255953455203904445e-01
5.255837489934911400e-01
5.255715531254981920e-01
5.255589228457522299e-01
5.255460717293028994e-01
5.255332203025208093e-01
5.255205373790976520e-01
5.255081043447852318e-01
5.254958857495733993e-01
5.254837142026310692e-01
5.254713104087829212e-01
5.254583100268739315e-01
5.254443113558893153e-01
5.254289358289260248e-01
5.254118762598096737e-01
5.253929464984008479e-01
5.253721109901067221e-01
5.253494907569563610e-01
5.253253596534148695e-01
5.253001134160500962e-01
5.252742310330812403e-01
5.252482310509518637e-01
5.252226162241059315e-01
5.251978309309816018e-01
5.251742173158606697e-01
5.251519818736177792e-01
5.251311830891594035e-01
5.251117251634468408e-01
5.250933800029494725e-01
5.250758229975250879e-01
5.250586788197312282e-01
5.250415834207667887e-01
5.250242344319346888e-01
5.250064375958235496e-01
5.249881365049294812e-01
5.249694149690177225e-01
5.249504855392712610e-01
5.249316545371875975e-01
5.249132746869487054e-01
5.248956961479182004e-01
5.248792170919993616e-01
5.248640444402671301e-01
5.248502723048347196e-01
5.248378764114760564e-01
5.248267255041914048e-01
5.248166140684314973e-01
5.248072989129897170e-01
5.247985414866414011e-01
5.247901492116512356e-01
5.247819954617283233e-01
5.247740317387273867e-01
5.247662768604595129e-01
5.247587869581429310e-01
5.247516233701223776e-01
5.247448077787867371e-01
5.247382894313290524e-01
5.247319228065305818e-01
5.247254567307244599e-01
5.247185489461841934e-01
5.247107859387029061e-01
5.247017205746478119e-01
5.246909146601925755e-01
5.246779763104304495e-01
5.246626048117973840e-01
5.246446172048048195e-01
5.246239716480040061e-01
5.246007808410854123e-01
5.245753031697182323e-01
5.245479329393267776e-01
5.245191654300367379e-01
5.244895549117761790e-01
5.244596678128741196e-01
5.244300212671201278e-01
5.244010409725113897e-01
5.243730178593238866e-01
5.243460865695188655e-01
5.243202332882102024e-01
5.242953096775533339e-01
5.242710833473939180e-01
5.242472897823705624e-01
5.242236860388298503e-01
5.242001109668534831e-01
5.241765140085852259e-01
5.241529785837915068e-01
5.241297187071912722e-01
5.241070493738110292e-01
5.240853520427850576e-01
5.240650144430563095e-01
5.240463752363155869e-01
5.240296696819616296e-01
5.240149792505019999e-01
5.240022103100702155e-01
5.239910849505317048e-01
5.239811622499607191e-01
5.239718877510429751e-01
5.239626540079428407e-01
5.239528800152500887e-01
5.239420871441717864e-01
5.239299577901648242e-01
5.239163762050514928e-01
5.239014349553496874e-01
5.238854071905428844e-01
5.238686977948858736e-01
5.238517723193851783e-01
5.238350813081152912e-01
5.238189990235579963e-01
5.238037738918623898e-01
5.237895093806680391e-01
5.237761726056605616e-01
5.237636191082740700e-01
5.237516406083693177e-01
5.237400120385574676e-01
5.237285347983220429e-01
5.237170734738895161e-01
5.237055680153027692e-01
5.236940365921091134e-01
5.236825607213413392e-01
5.236712562446836916e-01
5.236602480943777227e-01
5.236496364290474936e-01
5.236394722461840123e-01
5.236297430145822052e-01
5.236203581891255565e-01
5.236111510023960802e-01
5.236018801351979279e-01
5.235922330174618278e-01
5.235818374291620891e-01
5.235702670148110194e-01
5.235570546052794594e-01
5.235417111519475863e-01
5.235237468284347218e-01
5.235027062035892964e-01
5.234782070395719300e-01
5.234499822151781334e-01
5.234179266392972041e-01
5.233821329417954749e-01
5.233429174610126910e-01
5.233008333205829699e-01
5.232566542354728512e-01
5.232113411906181843e-01
5.231659835984284745e-01
5.231217110857599994e-01
5.230796007661830949e-01
5.230405682953275237e-01
5.230052683958945625e-01
5.229740253275043660e-01
5.229467868092799732e-01
5.229231383724923798e-01
5.229023616387291629e-01
5.228835330988563790e-01
5.228656635841962830e-01
5.228478301836133602e-01
5.228293022632297671e-01
5.228096270349372743e-01
5.227886561580830094e-01
5.227665305214524993e-01
5.227436052566194480e-01
5.227203513124527579e-01
5.226972509958018875e-01
5.226746998244685694e-01
5.226529499441199267e-01
5.226320884332954497e-01
5.226120599063197592e-01
5.225927230541110857e-01
5.225739223514042076e-01
5.225555635585701353e-01
5.225376669001511321e-01
5.225203960813232795e-01
5.225040477523249516e-01
5.224890062871214713e-01
5.224756786316870905e-01
5.224644081420393160e-01
5.224553985046340721e-01
5.224486533206497141e-01
5.224439404658141051e-01
5.224407977798040115e-01
5.224385659897922141e-01
5.224364532915127812e-01
5.224336166457170805e-01
5.224292453334468123e-01
5.224226406260974453e-01
5.224132706105473201e-01
5.224008051329726010e-01
5.223851199392530731e-01
5.223662740204259025e-01
5.223444756803006239e-01
5.223200302215933455e-01
5.222932947998399911e-01
5.222646408871992607e-01
5.222344252531270214e-01
5.222029853888052742e-01
5.221706401263387365e-01
5.221377026169193858e-01
5.221044955232043705e-01
5.220713541881319975e-01
5.220386253864067738e-01
5.220066439670709713e-01
5.219756981023622178e-01
5.219459874427290202e-01
5.219175739130401670e-01
5.218903488949875324e-01
5.218640158530205575e-01
5.218380986349506756e-01
5.218119838426916735e-01
5.217849854863593206e-01
5.217564288439198172e-01
5.217257421655359106e-01
5.216925364760781614e-01
5.216566642254364394e-01
5.216182496283277015e-01
5.215776795418890499e-01
5.215355647851075416e-01
5.214926769780693361e-01
5.214498661301929516e-01
5.214079817500902880e-01
5.213677972820024431e-01
5.213299513241979044e-01
5.212949135281641500e-01
5.212629649727157366e-01
5.212342046615523472e-01
5.212085681264267967e-01
5.211858522917571790e-01
5.211657521115441449e-01
5.211478894914010063e-01
5.211318417516400681e-01
5.211171713468313316e-01
5.211034442412044720e-01
5.210902530245540287e-01
5.210772418703070175e-01
5.210641226144343552e-01
5.210506991664629606e-01
5.210368836557741634e-01
5.210226955253247638e-01
5.210082604262779027e-01
5.209937807628409745e-01
5.209794914294990642e-01
5.209656149101172806e-01
5.209522951819648418e-01
5.209395519109942807e-01
5.209272492027375856e-01
5.209150774705989528e-01
5.209025822733779343e-01
5.208892027983594852e-01
5.208743344874846581e-01
5.208574081795073196e-01
5.208379462592269693e-01
5.208156214474871648e-01
5.207902825220520615e-01
5.207619504883302941e-01
5.207308068288202252e-01
5.206971467894901950e-01
5.206613398703537898e-01
5.206237887744202819e-01
5.205848882236060460e-01
5.205450129082447308e-01
5.205044992381578917e-01
5.204636487951855850e-01
5.204227379644698059e-01
5.203820156048315493e-01
5.203417205100847598e-01
5.203020757829084353e-01
5.202632852431514632e-01
5.202255355991571850e-01
5.201889735241468360e-01
5.201537024712166168e-01
5.201197707254040514e-01
5.200871542534121206e-01
5.200557624060617723e-01
5.200254335284811846e-01
5.199959446377078187e-01
5.199670360733505969e-01
5.199384320271419613e-01
5.199098741491596787e-01
5.198811560751763761e-01
5.198521477557764836e-01
5.198228164986460342e-01
5.197932339059461171e-01
5.197635623581443598e-01
5.197340325732381361e-01
5.197049041539144598e-01
5.196764168661026639e-01
5.196487465865220479e-01
5.196219589834973895e-01
5.195959821802180745e-01
5.195705953430550528e-01
5.195454330514729380e-01
5.195200188511532868e-01
5.194938051630365594e-01
5.194662304489369165e-01
5.194367817431229106e-01
5.194050450740517189e-01
5.193707582109263754e-01
5.193338393854695090e-01
5.192944011491400502e-01
5.192527520432167476e-01
5.192093707497789090e-01
5.191648769432855026e-01
5.191199843711674644e-01
5.190754461348421334e-01
5.190320052557002573e-01
5.189903360697329937e-01
5.189510045692087292e-01
5.189144378428048876e-01
5.188809052327845173e-01
5.188505287862625881e-01
5.188232955856613149e-01
5.187990861230937778e-01
5.187777065717129599e-01
5.187589049234675453e-01
5.187423882188753055e-01
5.187278192535069721e-01
5.187148041954166011e-01
5.187028836989880931e-01
5.186915179473642334e-01
5.186800911749750442e-01
5.186679264464035821e-01
5.186543091211570644e-01
5.186385294618072184e-01
5.186199173065834112e-01
5.185978797981096733e-01
5.185719392530568905e-01
5.185417503766089897e-01
5.185071264588678730e-01
5.184680563436917522e-01
5.184247057531030656e-01
5.183774328058147196e-01
5.183267748155293564e-01
5.182734239758115535e-01
5.182182032363110702e-01
5.181620001984783563e-01
5.181057109669269245e-01
5.180501771125629595e-01
5.179961091933632522e-01
5.179440496347258449e-01
5.178943314162518519e-01
5.178470629157132521e-01
5.178021469310247760e-01
5.177592965689269411e-01
5.177180875221584211e-01
5.176780130535110214e-01
5.176385406985370974e-01
5.175991833816834253e-01
5.175595487796375016e-01
5.175193872431500530e-01
5.174786184106136000e-01
5.174373318436200631e-01
5.173957742655718173e-01
5.173543064278376402e-01
5.173133544549514129e-01
5.172733503678721423e-01
5.172346711876090186e-01
5.171975952502214646e-01
5.171622601478881309e-01
5.171286462188297017e-01
5.170965772837727847e-01
5.170657305883794574e-01
5.170356756245254592e-01
5.170059176686321312e-01
5.169759500085202575e-01
5.169453186527919186e-01
5.169136728279564164e-01
5.168808071630738299e-01
5.168466897402088644e-01
5.168114575611493233e-01
5.167753918786764933e-01
5.167388772456321666e-01
5.167023385448780148e-01
5.166661818440422271e-01
5.166307458103807093e-01
5.165962572170220701e-01
5.165628163803368533e-01
5.165303975081325660e-01
5.164988546499096334e-01
5.164679485005382320e-01
5.164373644413858822e-01
5.164067297587126015e-01
5.163756361431964814e-01
5.163436505980936175e-01
5.163103376672408817e-01
5.162752867003607138e-01
5.162381425081895570e-01
5.161986480148119671e-01
5.161566817749998481e-01
5.161122892339863322e-01
5.160656987561924591e-01
5.160173126428552193e-01
5.159676741505081488e-01
5.159174127403303167e-01
5.158671736893819526e-01
5.158175443391612713e-01
5.157689933321274456e-01
5.157218247806621969e-01
5.156761628985725432e-01
5.156319661798673959e-01
5.155890576932666836e-01
5.155471801352391470e-01
5.155060497264131181e-01
5.154654022258865487e-01
5.154250339819436144e-01
5.153848123429254358e-01
5.153446711958287185e-01
5.153045889805274449e-01
5.152645435961136222e-01
5.152244714409068838e-01
5.151842223040568047e-01
5.151435254866829627e-01
5.151019845746005466e-01
5.150590857772590070e-01
5.150142408592951471e-01
5.149668518156876873e-01
5.149163782200676387e-01
5.148624216741258808e-01
5.148047885522925027e-01
5.147435320916359247e-01
5.146789829457124599e-01
5.146117322991846654e-01
5.145426027327492102e-01
5.144726018808030155e-01
5.144028442213021135e-01
5.143344864751209222e-01
5.142686500675994754e-01
5.142063422212930224e-01
5.141484044051747304e-01
5.140954572869618211e-01
5.140478724704042879e-01
5.140057714645442921e-01
5.139690319906206062e-01
5.139373250557356387e-01
5.139101584873910777e-01
5.138869211075219878e-01
5.138669311308350363e-01
5.138494659707648626e-01
5.138337835714269497e-01
5.138191293597004217e-01
5.138047297858925333e-01
5.137897866187657314e-01
5.137734667994605653e-01
5.137549045820005711e-01
5.137332160221783628e-01
5.137075253541469877e-01
5.136770129899910220e-01
5.136409697034379773e-01
5.135988588970964441e-01
5.135503780632399984e-01
5.134955015862777694e-01
5.134345061123828380e-01
5.133679640291359814e-01
5.132967000526131862e-01
5.132217221891266501e-01
5.131441256454767341e-01
5.130649833137042037e-01
5.129852503322135382e-01
5.129056818034377629e-01
5.128267858891799591e-01
5.127488290219620604e-01
5.126718654072031089e-01
5.125958106729561203e-01
5.125205352516961632e-01
5.124459393718803213e-01
5.123720323150218192e-01
5.122989677417941756e-01
5.122270373877708671e-01
5.121566508783141902e-01
5.120882695231313564e-01
5.120223395468426197e-01
5.119592360297463562e-01
5.118992060933346133e-01
5.118423496553510255e-01
5.117886201331374174e-01
5.117378375500657439e-01
5.116897245268603456e-01
5.116439394316755207e-01
5.116001028959972219e-01
5.115578236093505371e-01
5.115167064660651741e-01
5.114763524584162724e-01
5.114363612011533222e-01
5.113963225292955661e-01
5.113558205698591763e-01
5.113144476140312200e-01
5.112718161809162165e-01
5.112275944842828990e-01
5.111815362203459001e-01
5.111335070109678247e-01
5.110835175363355187e-01
5.110317241691257895e-01
5.109784233983597490e-01
5.109240295114858554e-01
5.108690190685569732e-01
5.108138835321960336e-01
5.107590661572847246e-01
5.107049025374367224e-01
5.106515903582944382e-01
5.105991614552184421e-01
5.105474906665178336e-01
5.104963271517862777e-01
5.104453329754299329e-01
5.103941494656462075e-01
5.103424510284173543e-01
5.102899946919393637e-01
5.102366610573801919e-01
5.101824556198852889e-01
5.101274971873532849e-01
5.100719762534811075e-01
5.100160827515607398e-01
5.099599388174231862e-01
5.099035235265702015e-01
5.098466137253175878e-01
5.097887727830687776e-01
5.097293652259582419e-01
5.096676205339293331e-01
5.096027441883250741e-01
5.095340264044179168e-01
5.094609657369828515e-01
5.093833659605204733e-01
5.093013736565149552e-01
5.092154899564679260e-01
5.091265138196873208e-01
5.090354519578936809e-01
5.089434239753187761e-01
5.088515432672843231e-01
5.087608350343179042e-01
5.086721678412842174e-01
5.085862046309274076e-01
5.085033942984114042e-01
5.084239559694085919e-01
5.083478896547752868e-01
5.082749903956340631e-01
5.082048559588643322e-01
5.081369217137784444e-01
5.080704859873037549e-01
5.080047540988947841e-01
5.079388988913458025e-01
5.078721153919750764e-01
5.078036976757932530e-01
5.077331063854112481e-01
5.076600287694509328e-01
5.075844349775935349e-01
5.075065980540068855e-01
5.074270945649522746e-01
5.073467712166631616e-01
5.072666687163024379e-01
5.071879307668103465e-01
5.071116867904087444e-01
5.070389300033359969e-01
5.069704199220094187e-01
5.069065999931123834e-01
5.068475582699139004e-01
5.067930378611646969e-01
5.067424737560919379e-01
5.066950709243964734e-01
5.066499037763578794e-01
5.066060062091898297e-01
5.065624664720415060e-01
5.065184968798482901e-01
5.064734659465194300e-01
5.064269195387455236e-01
5.063785621123937375e-01
5.063282191815875466e-01
5.062758029805147775e-01
5.062212577682754233e-01
5.061645248113403328e-01
5.061055176995132854e-01
5.060440996552827420e-01
5.059800900566006066e-01
5.059132679955786749e-01
5.058433876946897279e-01
5.057702048419249197e-01
5.056934939338662005e-01
5.056130795448772197e-01
5.055288622937442744e-01
5.054408425813768924e-01
5.053491490085247895e-01
5.052540535909442188e-01
5.051559827724481089e-01
5.050555174405464420e-01
5.049533772834495782e-01
5.048503944812314792e-01
5.047474752384145669e-01
5.046455542203344136e-01
5.045455449388708269e-01
5.044482926689053404e-01
5.043545330828572704e-01
5.042648545524173187e-01
5.041796700433001099e-01
5.040991926746902774e-01
5.040234088092436782e-01
5.039520586679551162e-01
5.038846146871981402e-01
5.038202656343747643e-01
5.037579239593285019e-01
5.036962482363349647e-01
5.036337027058935822e-01
5.035686522769745599e-01
5.034994798881295974e-01
5.034247296759979395e-01
5.033432422218648838e-01
5.032542706050903147e-01
5.031575575177350546e-01
5.030533537849970482e-01
5.029423894210369728e-01
5.028257879493074345e-01
5.027049520319033515e-01
5.025814376218245005e-01
5.024568253249975802e-01
5.023326234873430884e-01
5.022101891246743000e-01
5.020906782880997232e-01
5.019750227120581831e-01
5.018639048466140284e-01
5.017577529763966870e-01
5.016567253767389989e-01
5.015606956134447403e-01
5.014692628938288710e-01
5.013817481079887450e-01
5.012972369790437144e-01
5.012146420245632283e-01
5.011327566366801101e-01
5.010503710502643981e-01
5.009663457011945820e-01
5.008796805572376387e-01
5.007896090291630298e-01
5.006955970284642232e-01
5.005973746659821977e-01
5.004949462635061019e-01
5.003885251425300718e-01
5.002785409592016563e-01
5.001655824343577139e-01
5.000503188247054087e-01
4.999334851958631698e-01
4.998157784056301289e-01
4.996977872487741723e-01
4.995799652853745720e-01
4.994625386536953870e-01
4.993455075307015045e-01
4.992286810091035587e-01
4.991116785820511326e-01
4.989940491326596561e-01
4.988753668594322899e-01
4.987552824645414828e-01
4.986336598136192899e-01
4.985105927510985468e-01
4.983863877532013209e-01
4.982615989663048972e-01
4.981369027364539459e-01
4.980130300220684259e-01
4.978907287011931082e-01
4.977706044199878277e-01
4.976531174139816605e-01
4.975385485148550169e-01
4.974269181559671238e-01
4.973180778326682372e-01
4.972116913007937899e-01
4.971072608537582815e-01
4.970042554639895749e-01
4.969021017338103863e-01
4.968002901041699282e-01
4.966984554988956857e-01
4.965963708466082926e-01
4.964940357378952451e-01
4.963916364382701119e-01
4.962895211409041885e-01
4.961881673579052188e-01
4.960880550280301060e-01
4.959896358482596690e-01
4.958931986012641291e-01
4.957988072801061130e-01
4.957062947910326756e-01
4.956151499689836482e-01
4.955246233492875962e-01
4.954337256409474533e-01
4.953412370650158714e-01
4.952459208257227741e-01
4.951464827157110449e-01
4.950417138270105655e-01
4.949306626061713010e-01
4.948125491029120027e-01
4.946869664253978338e-01
4.945538971406365780e-01
4.944136031858732405e-01
4.942667837942494313e-01
4.941144263797710434e-01
4.939576990286030922e-01
4.937980302928204335e-01
4.936368715426929232e-01
4.934756283200680271e-01
4.933157122611661061e-01
4.931582853739015504e-01
4.930042833347665354e-01
4.928544892956519541e-01
4.927092840819964348e-01
4.925688332193788876e-01
4.924331469646300308e-01
4.923018660169673488e-01
4.921746278604040570e-01
4.920509811542674861e-01
4.919302717762967236e-01
4.918120530613500074e-01
4.916957643966776703e-01
4.915807993636937545e-01
4.914667606072276040e-01
4.913530315394085690e-01
4.912390491222721201e-01
4.911243234889822729e-01
4.910081448715601371e-01
4.908899238423857225e-01
4.907690605142401852e-01
4.906448431324418324e-01
4.905166765613053759e-01
4.903839686440363832e-01
4.902460574167152307e-01
4.901023846397903894e-01
4.899524704950707910e-01
4.897957317980500824e-01
4.896318394527807150e-01
4.894605743563881228e-01
4.892816252265245192e-01
4.890951667222677157e-01
4.889012923520064668e-01
4.887001185258206259e-01
4.884922650823967927e-01
4.882779392227357684e-01
4.880576209611159344e-01
4.878320147769273918e-01
4.876013098133339940e-01
4.873662378832910869e-01
4.871273471700116042e-01
4.868849309082663446e-01
4.866398361277896045e-01
4.863924525648930519e-01
4.861433086889633826e-01
4.858932273172470451e-01
4.856426611083780043e-01
4.853924276828101569e-01
4.851433960226440023e-01
4.848963378563526105e-01
4.846522531796135236e-01
4.844121052159669483e-01
4.841767669126777474e-01
4.839470270385453632e-01
4.837236706527306973e-01
4.835071219585537206e-01
4.832977330704973373e-01
4.830959109896760251e-01
4.829015689009505952e-01
4.827149542735233445e-01
4.825362806569404861e-01
4.823654831951209587e-01
4.822031455812448852e-01
4.820496207736848504e-01
4.819053719830307947e-01
4.817714328267613255e-01
4.816485443155452129e-01
4.815377349473624058e-01
4.814403204554915106e-01
4.813573231452805135e-01
4.812898156399778027e-01
4.812389946199104873e-01
4.812054707660095576e-01
4.811896457886272183e-01
4.811920408403906335e-01
4.812120091420602486e-01
4.812490379221214254e-01
4.813025199420586930e-01
4.813704020144985440e-01
4.814516725068803127e-01
4.815445123228150881e-01
4.816463279554967780e-01
4.817561597997638834e-01
4.818714118588977580e-01
4.819901985453144411e-01
4.821117249078850087e-01
4.822334442740825455e-01
4.823547501069477272e-01
4.824747112086986145e-01
4.825915604577221130e-01
4.827054155519271417e-01
4.828150008685421213e-01
4.829193842509050261e-01
4.830183083057841831e-01
4.831102311681223505e-01
4.831942275195980074e-01
4.832689353211904182e-01
4.833324775879969670e-01
4.833828125301947720e-01
4.834175822070637119e-01
4.834341888478298488e-01
4.834293099225441259e-01
4.834004330004263994e-01
4.833442392363660467e-01
4.832575452689475415e-01
4.831386723910279790e-01
4.829845934213171654e-01
4.827942251969046250e-01
4.825673009731772933e-01
4.823027301786913523e-01
4.820024225480535884e-01
4.816677347184414315e-01
4.813005220242072002e-01
4.809048448359535821e-01
4.804834296371844893e-01
4.800400340962217571e-01
4.795787592428660262e-01
4.791024134407665391e-01
4.786138439594262439e-01
4.781153749200976466e-01
4.776080780748468424e-01
4.770920376330711754e-01
4.765677787067685856e-01
4.760338137248219526e-01
4.754884994995378089e-01
4.749316198101514730e-01
4.743597550683079089e-01
4.737718940656245881e-01
4.731672678185501746e-01
4.725419232945332060e-01
4.718965756322083815e-01
4.712292612392071645e-01
4.705371476755587090e-01
4.698221435833552784e-01
4.690813323293649417e-01
4.683143393920082831e-01
4.675233973685221089e-01
4.667059721990227672e-01
4.658642535704761722e-01
4.650002257013546303e-01
4.641122978102752428e-01
4.632038382688125622e-01
4.622755758850474739e-01
4.613254510099202288e-01
4.603559795693034085e-01
4.593645010493756509e-01
4.583466773755264234e-01
4.573026371929082012e-01
4.562244424795556252e-01
4.551063595958810826e-01
4.539458730359289262e-01
4.527313351268158481e-01
4.514600226028808172e-01
4.501279712689196244e-01
4.487261545268746987e-01
4.472592400571225868e-01
4.457241399297072193e-01
4.441221972782103955e-01
4.424654936527738225e-01
4.407552991208310567e-01
4.390071388235232686e-01
4.372365937878023856e-01
4.354537657214173074e-01
4.336854099852072708e-01
4.319472757302628696e-01
4.302612371721051265e-01
4.286570294315041885e-01
4.271507997122757083e-01
4.257738379743327140e-01
4.245502261141478328e-01
4.234990637520938406e-01
4.226531012823093181e-01
4.220271883236492161e-01
4.216451255804203879e-01
4.215324084639308633e-01
4.216982341351765973e-01
4.221703713435582817e-01
4.229633843846016816e-01
4.240887068168342489e-01
4.255750769963209668e-01
4.274286156419493388e-01
4.296690685653389297e-01
4.323207664187040944e-01
4.353856469145909180e-01
4.388903076367651757e-01
4.428460879335002209e-01
4.472517917601473991e-01
4.521298509375467067e-01
4.574679757081241416e-01
4.632582318592839421e-01
4.695008235047294365e-01
4.761517683912458443e-01
4.831893094281160539e-01
4.905730024450894455e-01
4.982276168978670428e-01
5.061090767503043653e-01
5.141279421017546092e-01
5.221896321214313241e-01
5.302219318649621371e-01
5.380983039020585945e-01
5.457248211300812502e-01
5.530047053766595777e-01
5.598077693457483850e-01
5.660603318914676496e-01
5.716592676241719628e-01
5.765124800982897035e-01
5.805777206197889617e-01
5.837752629843642183e-01
5.860789904292297292e-01
5.874786793953543640e-01
5.879455758687444078e-01
5.875174773085298785e-01
5.862094204473293768e-01
5.840517393878642549e-01
5.811155226621977921e-01
5.774306325929845496e-01
5.730667732428174066e-01
5.680867812030423458e-01
5.625233051314590949e-01
5.564472113703136102e-01
5.498836657792021132e-01
5.428582654023632603e-01
5.354096293390880890e-01
5.275239714192081486e-01
5.192188983007349767e-01
5.104937909211340052e-01
5.013243333194294937e-01
4.917325370184521538e-01
4.817038968995788206e-01
4.712488242076427469e-01
4.604150579591021475e-01
4.492185287625503620e-01
4.377421250961383570e-01
4.260740802152370166e-01
4.142959895876384691e-01
4.025642626515534839e-01
3.909973379598142840e-01
3.797388566118073405e-01
3.689666334543115211e-01
3.587883691944052655e-01
3.493545746094804394e-01
3.407741482789318210e-01
3.330864438377405534e-01
3.263585231043630297e-01
3.205463247956271133e-01
3.155713739806853546e-01
3.113357169213263331e-01
3.076146119145252711e-01
3.041958305658397088e-01
3.007984446283273883e-01
2.970720118793653830e-01
2.927083024977932268e-01
2.873230211382220567e-01
2.805634416767653350e-01
2.721219509354462218e-01
2.616702126541649021e-01
2.489966158955624342e-01
2.339270168855627496e-01
2.163572706254474343e-01
1.963223749948286856e-01
1.738974490290358110e-01
1.492933159028132784e-01
1.228169312554855813e-01
9.482823615044665144e-02
6.581648502179118787e-02
3.629342120508347730e-02
6.825601449060642555e-03
-2.196734013632341970e-02
-4.950707641942607429e-02
-7.518670017454366639e-02
-9.844617865795496359e-02
-1.187976738682522820e-01
-1.357704110068605474e-01
-1.490099041539341140e-01
-1.582259765625856907e-01
-1.631833979541093826e-01
-1.637707608736011511e-01
-1.598992141074854212e-01
-1.515454145528843111e-01
-1.387550516822204372e-01
-1.215405641166485418e-01
-9.996505084581655542e-02
-7.406970046682488651e-02
-4.383047167219881329e-02
-9.247222912129274275e-03
2.977988856546117183e-02
7.338828545232453648e-02
1.217182416681808904e-01
1.750155320980938956e-01
2.334795920811607028e-01
2.973265870389610321e-01
3.667826571976081085e-01
4.419422887503166586e-01
5.228973030771671970e-01
6.095950047483579270e-01
7.018295218177373895e-01
7.993264120959103769e-01
9.015601059796030103e-01
1.007907702818893636e+00
1.117591622765416792e+00
1.229620312045383912e+00
1.342986165660460030e+00
1.456493200668367072e+00
1.568909891882779073e+00
1.679033614477903225e+00
1.785559154737326848e+00
1.887351986432427076e+00
1.983307968441524904e+00
2.072411058175821719e+00
2.153911692350322760e+00
2.227093953967870021e+00
2.291511731407950947e+00
2.346917957317233405e+00
2.393135984836951557e+00
2.430298339147960007e+00
2.458570836879790278e+00
2.478230981938092992e+00
2.489723407414166534e+00
2.493377977115903477e+00
2.489626519791661607e+00
2.478839588064413846e+00
2.461222725137133249e+00
2.437018265186438271e+00
2.406248807723079253e+00
2.368836093370275453e+00
2.324685095983375138e+00
2.273493836499885568e+00
2.215014217864331059e+00
2.149005524126265332e+00
2.075191923273732364e+00
1.993544434502303453e+00
1.904126065255249634e+00
1.807198631628621266e+00
1.703406653811646354e+00
1.593541785457070370e+00
1.478768866122493142e+00
1.360593143014338091e+00
1.240624810909531472e+00
1.120854512782828216e+00
1.003335717920236903e+00
8.901075805902554094e-01
7.833678853840667644e-01
6.849666908219902428e-01
5.966138335988411256e-01
5.197665419732798719e-01
4.552307028841377501e-01
4.035777871863506228e-01
3.647115535486038507e-01
3.379003850136729215e-01
3.221121298548248468e-01
3.155020592224758724e-01
3.159393730245992904e-01
3.209821863298551459e-01
3.276830264088344546e-01
3.332936199245253861e-01
3.348903100606762662e-01
3.297110323620924266e-01
3.155613681552767447e-01
2.904040729705641977e-01
2.530241752925244114e-01
2.028810773935108835e-01
1.399870362740582297e-01
6.541495445691858368e-02
-1.924864454239239714e-02
-1.117026594976169157e-01
-2.089403666219674383e-01
-3.078036871979512035e-01
-4.047098107367244624e-01
-4.961204202037018951e-01
-5.788060972927844272e-01
-6.497428138944135734e-01
-7.066660244698655946e-01
-7.480023624521866532e-01
-7.729372892730660416e-01
-7.817059999210633769e-01
-7.753031052097684173e-01
-7.555563371325888511e-01
-7.250639273585807176e-01
-6.867960046262718832e-01
-6.440901978559867569e-01
-6.003435625517237195e-01
-5.586204674911922075e-01
-5.216541025122223285e-01
-4.914266570511618970e-01
-4.689742022170047542e-01
-4.544767768001926611e-01
-4.468494657215212884e-01
-4.439472242106777267e-01
-4.426568098755498393e-01
-4.386911852951714264e-01
-4.271883732553163338e-01
-4.026428144581584156e-01
-3.591286129417383677e-01
-2.909615784047352438e-01
-1.924859430481349332e-01
-5.875274271787343794e-02
1.141986533310793694e-01
3.294483304764259102e-01
5.884110510116474790e-01
8.911077606691832909e-01
1.235967884353839086e+00
1.619485429526543729e+00
2.036794293314263538e+00
2.481320019440682145e+00
2.945163348730927666e+00
3.419567232196497386e+00
3.894833130851648395e+00
4.361161029753966467e+00
4.808820865759707353e+00
5.228550992537836173e+00
5.612237287144791864e+00
5.952920431109931521e+00
6.245388237432592859e+00
6.486267419769414566e+00
6.674048467694182030e+00
6.809315062193697976e+00
6.894340062116740775e+00
6.933094371095612551e+00
6.930853857088867365e+00
6.893725481136347533e+00
6.828464464337513640e+00
6.741767662684925888e+00
6.640045252562947198e+00
6.529024932387128999e+00
6.413284358035220123e+00
6.296261085302429450e+00
6.179895039300419946e+00
6.064660576501509581e+00
5.949670105021774624e+00
5.832642099589723905e+00
5.710248022995242145e+00
5.578282806463874088e+00
5.431962136480102288e+00
5.266279551001616710e+00
5.076305727379110344e+00
4.857529847508108567e+00
4.606145700873352844e+00
4.319401628741810661e+00
3.995733060964124395e+00
3.635056049806382639e+00
3.238887980302515679e+00
2.810289789871743604e+00
2.354080001170355096e+00
1.876505395188145409e+00
1.385159343904746487e+00
8.888125169543994453e-01
3.967807425677821742e-01
-8.114421496084708862e-02
-5.353770389119061335e-01
-9.570127439795577118e-01
-1.338022276477418115e+00
-1.672062659256917883e+00
-1.954449511560131914e+00
-2.182533934706170964e+00
-2.355967440009729685e+00
-2.476285233821394982e+00
-2.547218055123228631e+00
-2.574102025757091017e+00
-2.563503069076993768e+00
-2.523095416204465202e+00
-2.460653609688873811e+00
-2.384026105312448518e+00
-2.300522489653686442e+00
-2.216316209377734658e+00
-2.136693662723925247e+00
-2.065364169386451731e+00
-2.004736215736717675e+00
-1.956159423681724352e+00
-1.919698127445194524e+00
-1.895015674670313732e+00
-1.881454513683197272e+00
-1.878420349597172745e+00
-1.886210079011397145e+00
-1.905950998564800658e+00
-1.940187589524786649e+00
-1.993157576883779480e+00
-2.070558928078681582e+00
-2.179775910389427196e+00
-2.329526958026418182e+00
-2.529308849940953063e+00
-2.789087609478710483e+00
-3.118491639551591366e+00
-3.525921526926479643e+00
-4.018014884502875361e+00
-4.598592005774645664e+00
-5.267830079513822206e+00
-6.021937117618292312e+00
-6.852180597179034827e+00
-7.744829063437129513e+00
-8.681274322078685657e+00
-9.637742767557398338e+00
-1.058645995058247280e+01
-1.149623082258234064e+01
-1.233339920268905310e+01
-1.306391430696407774e+01
-1.365426294887912739e+01
-1.407358107953438875e+01
-1.429561399788372889e+01
-1.429978827753440562e+01
-1.407344762670985183e+01
-1.361266164800310818e+01
-1.292297386903029377e+01
-1.202031393333380116e+01
-1.093018524029863059e+01
-9.687418608115816454e+00
-8.334918715637991582e+00
-6.921522337157551164e+00
-5.500379934771142842e+00
-4.126005505435885290e+00
-2.851650110928380055e+00
-1.726782629851425499e+00
-7.939703238612739744e-01
-8.683224562927015222e-02
3.720779276959512716e-01
5.729073091324455858e-01
5.189747984688519722e-01
2.271117924470337224e-01
-2.730708122002415417e-01
-9.407815428310437600e-01
-1.725878930000039668e+00
-2.571655034770183867e+00
-3.417958485005554436e+00
-4.204187822760339088e+00
-4.872799150013000791e+00
-5.372368180203706878e+00
-5.660045475134642068e+00
-5.704132294174014461e+00
-5.485324770599869559e+00
-4.997418069951055308e+00
-4.247726171445891374e+00
-3.255763855187332911e+00
-2.052136131956161513e+00
-6.766233981851578205e-01
8.248182078879562340e-01
2.402073440719616482e+00
4.004065198848659968e+00
5.581538508938090004e+00
7.088879727557960031e+00
8.486927907705814178e+00
9.744086475234929878e+00
1.083733906645675837e+01
1.175341293239426932e+01
1.248809591395572305e+01
1.304634934448282202e+01
1.344155571174349006e+01
1.369387844563185297e+01
1.382955966187041952e+01
1.387890261380211321e+01
1.387458012774699156e+01
1.385033431302660567e+01
1.383873870532246286e+01
1.386993431461213078e+01
1.397019836302277973e+01
1.416038399118495938e+01
1.445533758373612798e+01
1.486309259119940585e+01
1.538459518049182684e+01
1.601419144591539023e+01
1.674011864854630716e+01
1.754568906429980757e+01
1.841093313214847171e+01
1.931414751802822849e+01
2.023383417968202380e+01
2.115053952073866839e+01
2.204814695556871484e+01
2.291517286029858269e+01
2.374528183755080235e+01
2.453711608634992913e+01
2.529393374122435389e+01
2.602218747487373207e+01
2.672999565669022459e+01
2.742540508429954826e+01
2.811416001846514234e+01
2.879825581380626431e+01
2.947440004136890224e+01
3.013314935104773795e+01
3.075913746472619792e+01
3.133136229439834253e+01
3.182485379526375979e+01
3.221262289029443338e+01
3.246768437803687846e+01
3.256592009154149991e+01
3.248797189319655843e+01
3.222118588642580050e+01
3.176118914408001004e+01
3.111209761641707416e+01
3.028690351303325201e+01
2.930679338372715037e+01
2.819986368606560490e+01
2.700017059153995902e+01
2.574593296702637701e+01
2.447814885158549814e+01
2.323950149294266865e+01
2.207297355655594728e+01
2.102112750052702594e+01
2.012529375362788286e+01
1.942449748232481710e+01
1.895445616288439084e+01
1.874595083774066850e+01
1.882260092136825591e+01
1.919838878556202033e+01
1.987464967646511127e+01
2.083697318293165779e+01
2.205277311501758675e+01
2.346938966210722199e+01
2.501363993491084514e+01
2.659326662665074892e+01
2.809990712887869435e+01
2.941442520529319538e+01
3.041386460785605195e+01
3.097956595564382454e+01
3.100647298929177964e+01
3.041196758285558843e+01
2.914413490935309525e+01
2.718844678291596750e+01
2.457167121225921491e+01
2.136337977425299073e+01
1.767381455478877328e+01
1.364866629930820530e+01
9.461305759389537329e+00
5.302252368996781762e+00
1.367885292221845850e+00
-2.151449676051201187e+00
-5.082881154231772669e+00
-7.280377445157762750e+00
-8.632580594173184352e+00
-9.067721820402242727e+00
-8.555749130913804734e+00
-7.108418018225993507e+00
-4.776569243766002337e+00
-1.646016406873461513e+00
2.167739087675251142e+00
6.525917786634014561e+00
1.127266574474705685e+01
1.624148066936728441e+01
2.126140800560520461e+01
2.616259329383097310e+01
3.078185395216056008e+01
3.496786350172536117e+01
3.858616769295780102e+01
4.152437614989929671e+01
4.369700682911519607e+01
4.505005592558365635e+01
4.556497554192419130e+01
4.526119963468761398e+01
4.419713945504844332e+01
4.246899262132701836e+01
4.020683632113660622e+01
3.756850927514396687e+01
3.473088540335517393e+01
3.187922983187200998e+01
2.919573007595595371e+01
2.684723462621105483e+01
2.497402769264189359e+01
2.368031852382905456e+01
2.302682701863450276e+01
2.302730485261594850e+01
2.364835356935593325e+01
2.481305506922858584e+01
2.640876339664732342e+01
2.829712168798234018e+01
3.032657338482784937e+01
3.234570096115765381e+01
3.421545941118761647e+01
3.582038198172636356e+01
3.707644956757474120e+01
3.793543849997032424e+01
3.838599894850366923e+01
3.845042450777473420e+01
3.817890330167811186e+01
3.764154302952085374e+01
3.691894994587669032e+01
3.609349017849564234e+01
3.524117155044197602e+01
3.442575431517748541e+01
3.369567841406104236e+01
3.308327455739079426e+01
3.260710394043599791e+01
3.227595823979887513e+01
3.209385760420990152e+01
3.206553645839565547e+01
3.220041783191809515e+01
3.251517922071522548e+01
3.303414381491333529e+01
3.378698807443939955e+01
3.480500408864974560e+01
3.611581194999232736e+01
3.773750053186782338e+01
3.967358861515322133e+01
4.190882330506899933e+01
4.440683576297527679e+01
4.711019813281000523e+01
4.994226987212418578e+01
5.281123382790340770e+01
5.561582491475909507e+01
5.825151373832075308e+01
6.061720422074846937e+01
6.262115432850030317e+01
6.418517948856870703e+01
6.524744954255932328e+01
6.576277472828546422e+01
6.570100282786006574e+01
6.504427623104128031e+01
6.378312782686843718e+01
6.191312012721154190e+01
5.943225496704857136e+01
5.633969268535076935e+01
5.263646797003134026e+01
4.832736405773587052e+01
4.342423299997950181e+01
3.794976801489402618e+01
3.194099216877588177e+01
2.545235490510270537e+01
1.855700881046641726e+01
1.134659673594941509e+01
3.929014725921781359e+00
-3.576322262685779130e+00
-1.104454965299099278e+01
-1.835321761546918751e+01
-2.539077698594790888e+01
-3.206435020488221710e+01
-3.830669368743330949e+01
-4.408052817787123701e+01
-4.937994531674335974e+01
-5.422902603395335319e+01
-5.867709476389596546e+01
-6.279188513730658627e+01
-6.665131135935928341e+01
-7.033444940474890927e+01
-7.391317029491743540e+01
-7.744478560640045828e+01
-8.096622577012050215e+01
-8.449037460472479211e+01
-8.800447222956142923e+01
-9.147076652726188684e+01
-9.482943278765608852e+01
-9.800332237407478431e+01
-1.009040968607420297e+02
-1.034389785456681210e+02
-1.055170756831848422e+02
-1.070543559138123726e+02
-1.079764643073123267e+02
-1.082190356074424784e+02
-1.077256361274194063e+02
-1.064440046682542516e+02
-1.043217850394166248e+02
-1.013027644243204719e+02
-9.732483914863161090e+01
-9.232049906775884551e+01
-8.621975428021747234e+01
-7.895569942067983504e+01
-7.047192352425280149e+01
-6.073081482695953071e+01
-4.972242963878169064e+01
-3.747255055901387522e+01
-2.404934807841141264e+01
-9.568134523740031483e+00
5.807095500697040613e+00
2.186546033797673871e+01
3.835483746029418484e+01
5.499162586285280696e+01
7.147362289844079442e+01
8.749523227917487134e+01
1.027634358910972168e+02
1.170125540956885146e+02
1.300164054569613654e+02
1.415965493394585337e+02
1.516260212949986226e+02
1.600288525585328614e+02
1.667760849331818918e+02
1.718795065680720597e+02
1.753843879276851965e+02
1.773623391157014737e+02
1.779051614598995172e+02
1.771199571869194642e+02
1.751257283018937017e+02
1.720511786327288348e+02
1.680331371790520905e+02
1.632154111071662328e+02
1.577470820245545440e+02
1.517797169113913185e+02
1.454631750297960195e+02
1.389392377030895034e+02
1.323336026860516483e+02
1.257467512946216601e+02
1.192447771325057602e+02
1.128521885588263700e+02
1.065481791026771248e+02
1.002680648636998484e+02
9.391061322513297682e+01
8.735104715611518600e+01
8.045845128146528680e+01
7.311516369867405274e+01
6.523568785671444914e+01
5.678200225228211195e+01
4.777318037737023104e+01
3.828798477756297558e+01
2.845963027478578766e+01
1.846368481857125587e+01
8.500148921320921147e+00
-1.228477857216981883e+00
-1.054074832758972491e+01
-1.929932381223489557e+01
-2.743111618396012830e+01
-3.494219990918530527e+01
-4.192553323556170852e+01
-4.856024846753952318e+01
-5.510155389874448417e+01
-6.186185245870427707e+01
-6.918459696651049740e+01
-7.741275982310730797e+01
-8.685559935562744727e+01
-9.775643343737846180e+01
-1.102645026044037593e+02
-1.244138856277329950e+02
-1.401104300919181185e+02
-1.571283884754345763e+02
-1.751166325387657139e+02
-1.936138742954318559e+02
-2.120724843901471104e+02
-2.298887169124358536e+02
-2.464379393144058383e+02
-2.611121833717892855e+02
-2.733571206263728186e+02
-2.827059268177378044e+02
-2.888066612212317068e+02
-2.914412646003329996e+02
-2.905342229288262956e+02
-2.861502433448592910e+02
-2.784816783174915145e+02
-2.678268282384538566e+02
-2.545620613379746544e+02
-2.391106023937336431e+02
-2.219113191367664797e+02
-2.033905908098003863e+02
-1.839392801134095521e+02
-1.638961267152479593e+02
-1.435374029291845090e+02
-1.230722694382414915e+02
-1.026421835108896232e+02
-8.232336084900680362e+01
-6.213168767812918958e+01
-4.202946157675408045e+01
-2.193536695664261771e+01
-1.737657643085064318e+00
1.868907743285625855e+01
3.946344714928686415e+01
6.067580536928073798e+01
8.236722760763312579e+01
1.045119003894752581e+02
1.270057867799126399e+02
1.496619635960649362e+02
1.722138357002293674e+02
1.943250663548400894e+02
2.156046935554304298e+02
2.356267223065313772e+02
2.539525234039672910e+02
2.701559662672285640e+02
2.838507112355918593e+02
2.947186641993708918e+02
3.025383284609291081e+02
3.072097431835491079e+02
3.087727692753700239e+02
3.074147577438184840e+02
3.034641814251889969e+02
2.973691838178911553e+02
2.896612682944123094e+02
2.809072877800704191e+02
2.716548952180024230e+02
2.623773339216807017e+02
2.534242562991068723e+02
2.449844594383929746e+02
2.370650606647087102e+02
2.294899783009509520e+02
2.219188605353155879e+02
2.138851037946014912e+02
2.048497332588084419e+02
1.942662761437919414e+02
1.816490159725180149e+02
1.666368368640453355e+02
1.490440918965771573e+02
1.288903447775300890e+02
1.064043948071907266e+02
8.200015256647277795e+01
5.622706532487110564e+01
2.970220525190418215e+01
3.033677920150564589e+00
-2.325179513875025705e+01
-4.876572496135319312e+01
-7.328944693721268777e+01
-9.677463604029419741e+01
-1.193129468914476092e+02
-1.410786668333862792e+02
-1.622537859586320224e+02
-1.829473540515564025e+02
-2.031216163271031405e+02
-2.225379112815737983e+02
-2.407317724139881818e+02
-2.570234544707898863e+02
-2.705654262757949482e+02
-2.804223441381458315e+02
-2.856743477545240353e+02
-2.855299397081291772e+02
-2.794320875425797226e+02
-2.671413794899617073e+02
-2.487829146714074966e+02
-2.248488956333758324e+02
-1.961563580525502459e+02
-1.637667487192231306e+02
-1.288801759916125604e+02
-9.272104676778062071e+01
-5.643152238652403696e+01
-2.098697697719019928e+01
1.285781123645923962e+01
4.458899303732837893e+01
7.392254060349836209e+01
1.007686365531042725e+02
1.251797155150361789e+02
1.472910375262871696e+02
1.672623447051933283e+02
1.852270473841352043e+02
2.012546372616959900e+02
2.153299507676508426e+02
2.273509848283302972e+02
2.371448024862842203e+02
2.444985255877977863e+02
2.492001138696201963e+02
2.510818111004804791e+02
2.500592465034137319e+02
2.461593537467635997e+02
2.395329689746774875e+02
2.304505507896014365e+02
2.192817225580613751e+02
2.064623611131144969e+02
1.924532323784696644e+02
1.776957008609412867e+02
1.625694794488892398e+02
1.473570807634655750e+02
1.322200938111872972e+02
1.171898542608222726e+02
1.021757150998003283e+02
8.699088313595238731e+01
7.139309550476468758e+01
5.513677871305644373e+01
3.802868446068233510e+01
1.998030747444617461e+01
1.050077437831978822e+00
-1.853122237054740040e+01
-3.835401175319188383e+01
-5.784451149669099124e+01
-7.629902149430178326e+01
-9.293516151441259865e+01
-1.069566717364413080e+02
-1.176257139533502851e+02
-1.243366546796644769e+02
-1.266827118013913775e+02
-1.245068750768916175e+02
-1.179293733246800571e+02
-1.073454326668946237e+02
-9.339246917567098194e+01
-7.688990394901016145e+01
-5.876015928177954351e+01
-3.994286692376819303e+01
-2.131500278385924929e+01
-3.628251019228986074e+00
1.252952949026635210e+01
2.674611889142326504e+01
3.877325340611836424e+01
4.849732210852809544e+01
5.589981689869948411e+01
6.101594068819650829e+01
6.389657094508861235e+01
6.457865976353554061e+01
6.306733330319519837e+01
5.933081122946625641e+01
5.331028748879270296e+01
4.494407362608329493e+01
3.420423066723203931e+01
2.114208933920257749e+01
5.935086855481434220e+00
-1.107312515194021074e+01
-2.934887796925651315e+01
-4.816903770872502832e+01
-6.664942679725668029e+01
-8.380103870377020314e+01
-9.860722312230099362e+01
-1.101110382025226926e+02
-1.175007144483636239e+02
-1.201802442699370346e+02
-1.178171294788025563e+02
-1.103640634703789658e+02
-9.805571704564819413e+01
-8.138762083633821476e+01
-6.108427645405411965e+01
-3.806269864942422032e+01
-1.339525367620547414e+01
1.172986458145674682e+01
3.605451727059891454e+01
5.830792371377492600e+01
7.727942352135660542e+01
9.190575554719551121e+01
1.013666469213227685e+02
1.051775797838182029e+02
1.032648211517458776e+02
9.600791763927286127e+01
8.423804072598026949e+01
6.918582626220336351e+01
5.238053725448354214e+01
3.550923800536146757e+01
2.025095914849823586e+01
8.105742893585752284e+00
2.382320854563287349e-01
-2.644493546064936584e+00
-3.656128355077428727e-01
6.706498136099708240e+00
1.770453892568289334e+01
3.136353711981400139e+01
4.616504706695332061e+01
6.050791994622743886e+01
7.288389719321509119e+01
8.203817506160612538e+01
8.709622744867738220e+01
8.764216002545826711e+01
8.374167994180712071e+01
7.590825718892975260e+01
6.501892721413832987e+01
5.219256639024772682e+01
3.864751947094743656e+01
2.555852372864495337e+01
1.393229960501119002e+01
4.517984556802672635e+00
-2.237109567409687028e+00
-6.183792884950233493e+00
-7.425250731636037216e+00
-6.242112837797549219e+00
-3.006535486828930903e+00
1.895627693971671635e+00
8.118951893054177305e+00
1.537843991753221395e+01
2.343483385431086674e+01
3.205263765863866610e+01
4.094423591447237953e+01
4.971902630496034448e+01
5.785384771350304334e+01
6.469743405392350155e+01
6.951530111399249279e+01
7.157012048511845137e+01
7.022630470657917101e+01
6.506014455053244205e+01
5.595261896456609918e+01
4.314588989823351994e+01
2.724835868681050144e+01
9.183629312963253355e+00
-9.908898167707443250e+00
-2.880576152563645920e+01
-4.633836757146676888e+01
-6.151387319222229877e+01
-7.359804907989331468e+01
-8.214822075714526761e+01
-8.699919883500270146e+01
-8.821435136440638303e+01
-8.602117575471841349e+01
-8.075280999647169722e+01
-7.280856722438873874e+01
-6.263933056194721161e+01
-5.075220827514779387e+01
-3.772032635432572079e+01
-2.418369008499199779e+01
-1.082857407699268570e+01
1.657751685856258650e+00
1.265040976623759761e+01
2.165523550831077060e+01
2.836484550593548448e+01
3.268856876602055195e+01
3.474880259220324064e+01
3.484594146709125795e+01
3.340138710267432032e+01
3.089263578021121859e+01
2.779485382530927851e+01
2.453747002140611855e+01
2.147950648087752157e+01
1.889989082879818483e+01
1.699524434810008700e+01
1.587867563442676655e+01
1.557408802760004640e+01
1.600768753940830891e+01
1.700171419535445949e+01
1.827786517878712758e+01
1.947887866805579904e+01
2.020980504121319399e+01
2.009697988818199121e+01
1.885525354885973215e+01
1.634844134580801622e+01
1.263004383055327651e+01
7.951129183526027155e+00
2.730555431823696644e+00
-2.508334953450311655e+00
-7.225159229847307962e+00
-1.095609552534239306e+01
-1.339574184128576029e+01
-1.445195738379769246e+01
-1.426222023887044976e+01
-1.317022158780539876e+01
-1.166744923440304049e+01
-1.031094593834528084e+01
-9.633005680866855158e+00
-1.005692662835018680e+01
-1.183234538069071284e+01
-1.499836127733292024e+01
-1.937715759811257854e+01
-2.459749123043299690e+01
-3.014150360436838483e+01
-3.540747167402523843e+01
-3.977988120195687571e+01
-4.269761284548918212e+01
-4.371416619527190051e+01
-4.254397702746918952e+01
-3.909168876735870413e+01
-3.346297814643016721e+01
-2.595622670187783854e+01
-1.703657386483276781e+01
-7.293825895286050631e+00
2.611881025975575810e+00
1.201231246169282230e+01
2.029538953277633340e+01
2.696364483712612881e+01
3.168095087192346782e+01
3.430024393154957352e+01
3.486878209752673285e+01
3.361086284810523495e+01
3.088962168905793604e+01
2.715557115606189598e+01
2.288897938445586533e+01
1.854472312794489852e+01
1.450774321593310745e+01
1.106254356054966337e+01
8.380117583200574316e+00
6.520515528991316145e+00
5.448103365863802061e+00
5.056366305857664223e+00
5.196227464142191721e+00
5.705097995935564548e+00
6.432307032807528024e+00
7.257580753022077502e+00
8.101824172449742179e+00
8.927931302054700424e+00
9.733120890637568579e+00
1.053478001692647936e+01
1.135253380089841890e+01
1.219160887175582708e+01
1.303070286791153620e+01
1.381769900632256665e+01
1.447434900534420521e+01
1.490858436628990624e+01
1.503199646605190232e+01
1.477786711190743674e+01
1.411596068893971534e+01
1.306060822806889554e+01
1.167023421494772428e+01
1.003903250162901095e+01
8.282215537308548647e+00
6.518236838822165424e+00
4.851363026806062351e+00
3.357408789034438179e+00
2.075125065626923337e+00
1.003900461296620694e+00
1.078324705166223835e-01
-6.750140031944790175e-01
-1.419988911955253563e+00
-2.201630874699523233e+00
-3.080246841620112974e+00
-4.090797812737421602e+00
-5.235603015090307011e+00
-6.482113061725816472e+00
-7.765709650792894436e+00
-8.997699467975889931e+00
-1.007753393125685015e+01
-1.090739992160935579e+01
-1.140744740819950565e+01
-1.152894083760200594e+01
-1.126298605040895850e+01
-1.064329426469587325e+01
-9.741971666545600428e+00
-8.658959709999619392e+00
-7.506961195106978124e+00
-6.394429459117740855e+00
-5.409839069675051348e+00
-4.609993068673933436e+00
-4.014230303588006699e+00
-3.605251071795127160e+00
-3.335787937461404784e+00
-3.139568229677782263e+00
-2.944328773779548936e+00
-2.684601084969629348e+00
-2.312674922260605115e+00
-1.806281385835853737e+00
-1.172481482693297217e+00
-4.476627211420216579e-01
3.065303116649594761e-01
1.010716276626720367e+00
1.578316797328884302e+00
1.928198986067173104e+00
1.997816050719008585e+00
1.755153464530784690e+00
1.207237712636790805e+00
4.033392173857295870e-01
-5.685315042592997692e-01
-1.592035162582130292e+00
-2.538664090557623876e+00
-3.287477030207803796e+00
-3.744732515293608621e+00
-3.860014322085329574e+00
-3.635579531082258065e+00
-3.126627953368666279e+00
-2.432517084828384579e+00
-1.680001125515967253e+00
-1.001693367993107708e+00
-5.138559731830225630e-01
-2.973765362191747585e-01
-3.856798258129827128e-01
-7.612805950569331292e-01
-1.361272712509999039e+00
-2.090262869530812750e+00
-2.837632162386955148e+00
-3.495928645191405781e+00
-3.976798768349755875e+00
-4.221960758120098411e+00
-4.208048137428483493e+00
-3.945064855799602199e+00
-3.469767933280102135e+00
-2.835854982733442053e+00
-2.102985509716165602e+00
-1.326829729636694433e+00
-5.517000722270519741e-01
1.934437934237369094e-01
8.951907390817362975e-01
1.552592693412588654e+00
2.171842264152695989e+00
2.759756281319331706e+00
3.317714075580254107e+00
3.837206039593217710e+00
4.297860060718950770e+00
4.668567395947562204e+00
4.911308038683995569e+00
4.987188615052347451e+00
4.863527852179459821e+00
4.520715987057012164e+00
3.957828919966630110e+00
3.195827860202693937e+00
2.277993434229729885e+00
1.267280490049781605e+00
2.407646463968991235e-01
-7.181620975676369367e-01
-1.529227833551359605e+00
-2.125114495375916235e+00
-2.460549585548816420e+00
-2.519221387217883024e+00
-2.317274154514166185e+00
-1.902488749360493170e+00
-1.348595244131665760e+00
-7.454307609587086381e-01
-1.858860478420477358e-01
2.482265256125684438e-01
4.988933313832779604e-01
5.412876749277687471e-01
3.875747529215475273e-01
8.468634730792400089e-02
-2.936553787808213745e-01
-6.595155064743306594e-01
-9.252309379649625853e-01
-1.017721965310618204e+00
-8.900011822094623382e-01
-5.281077277167320894e-01
4.708611552806343109e-02
7.835233688494176452e-01
1.605731462593499748e+00
2.425420340474434333e+00
3.153243788647384083e+00
3.709762843370232765e+00
4.034621509749718449e+00
4.092702513052132396e+00
3.876895323893447820e+00
3.407570085156273798e+00
2.728918504769495268e+00
1.903039466559118154e+00
1.002497017453144901e+00
1.023620859284007228e-01
-7.273546747269924451e-01
-1.428100583501072940e+00
-1.957358425619362352e+00
-2.291235293061157030e+00
-2.424830522536245425e+00
-2.370761584151698909e+00
-2.156184252534046664e+00
-1.818677015902763650e+00
-1.401750282892067601e+00
-9.501848837927584501e-01
-5.057908609947159295e-01
-1.039223760998944784e-01
2.291775657364617524e-01
4.777608290874618691e-01
6.368898006911238863e-01
7.115892481728709473e-01
7.149490077897638907e-01
6.656567914815699760e-01
5.850031764457344075e-01
4.939655346633427535e-01
4.106514052628451039e-01
3.482617417289894934e-01
3.140215634814347845e-01
3.089184491952454148e-01
3.283464999479973057e-01
3.635749619853974601e-01
4.036725512437037144e-01
4.377738848918839021e-01
4.572476510776471992e-01
4.574378932780521767e-01
4.387110341351999065e-01
4.065288982928820793e-01
3.705353110438728836e-01
3.427260039155938798e-01
3.350411173404209131e-01
3.567939604210297322e-01
4.124422023252496960e-01
5.001974645345989012e-01
6.117250216044654021e-01
7.331108348810876363e-01
8.468982824575936874e-01
9.348445742087158061e-01
9.809408298729911380e-01
9.740688901853490345e-01
9.099236230275574711e-01
7.918222922811828379e-01
6.302911393206899193e-01
4.416237278072320249e-01
2.455631557144004884e-01
6.261915331426008702e-02
-8.857667020935504343e-02
-1.935770099604571526e-01
-2.436459070001832095e-01
-2.364984489182926641e-01
-1.761984871613588577e-01
-7.224097984413416218e-02
6.183042360425988759e-02
2.101947103828194496e-01
3.566247446812186861e-01
4.862027562957464411e-01
5.868696239949717786e-01
6.505441217741598781e-01
6.738335112437334740e-01
6.583016431194617102e-01
6.101706127614234809e-01
5.396101937687801664e-01
4.595251444237092309e-01
3.839807040703500096e-01
3.264569646037671080e-01
2.980072024599112468e-01
3.057039408459960583e-01
3.515109456696540180e-01
4.318010739032564493e-01
5.377051303837548923e-01
6.561697031604458719e-01
7.717060341496281284e-01
8.685028058046173616e-01
9.325870795177223505e-01
9.537352389090258953e-01
9.267573291309459949e-01
8.520736413815857002e-01
7.354473574612040432e-01
5.870209688618543975e-01
4.198823351961626926e-01
2.483422617803084653e-01
8.633187653125905248e-02
-5.398574113769917526e-02
-1.631872818249367196e-01
-2.350684406957805339e-01
-2.667916715164582731e-01
-2.586375895066222452e-01
-2.136027235562721893e-01
-1.368997266968636495e-01
-3.537190175306501039e-02
8.300852373724565414e-02
2.097129778382212650e-01
3.361949076628156230e-01
4.544202133335167315e-01
5.574536251592194791e-01
6.399166639563883541e-01
6.984037228014381427e-01
7.317065537896583205e-01
7.407787346533000195e-01
7.285133957306898500e-01
6.992205858119491246e-01
6.579740300335266134e-01
6.098943104142521277e-01
5.594524364060969868e-01
5.099945397805064617e-01
4.634820235521529552e-01
4.205389200983637443e-01
3.807669534562808100e-01
3.432184262373854655e-01
3.069669813147178350e-01
2.715944044340053432e-01
2.375285423890879377e-01
2.061552634302740439e-01
1.796695935337677963e-01
1.607423963674661782e-01
1.520328439699376866e-01
1.556729633547731528e-01
1.728162202682591297e-01
2.033134577285293232e-01
2.456024033562879128e-01
2.967965282975885688e-01
3.529791377684993736e-01
4.096554402807926487e-01
4.622776196916910663e-01
5.067952980556391651e-01
5.401219418646417969e-01
5.604665722091273228e-01
5.674922787256410084e-01
5.622546461574622345e-01
5.469712952810463769e-01
5.246397915894892572e-01
4.985673791706049518e-01
4.719161840257840579e-01
4.472960143025961899e-01
4.264939858786294113e-01
4.103693949991382706e-01
3.988943127314356074e-01
3.913546589657239672e-01
3.866288082760340195e-01
3.834975818857438434e-01
3.809369215699144329e-01
3.783096518370404615e-01
3.754627728254315566e-01
3.726985322688211033e-01
3.706389538223137659e-01
3.700422682597825363e-01
3.715830037105564698e-01
3.756752141878113016e-01
3.823603535752432836e-01
3.912713419463152986e-01
4.016994639581722426e-01
4.127136776594365064e-01
4.233236976350202019e-01
4.326459383699159944e-01
4.400264532360007030e-01
4.451203414154966675e-01
4.478962462864275462e-01
4.485854442497048677e-01
4.475901504243250395e-01
4.453672649263384908e-01
4.423288036414287916e-01
4.387623030638607147e-01
4.347985491433518090e-01
4.304236977444255707e-01
4.255226191815996706e-01
4.199546841291727506e-01
4.136252557266044128e-01
4.065504126815877028e-01
3.988989212909017090e-01
3.909970132557945011e-01
3.833131667725587777e-01
3.764117098642604797e-01
3.708949033246459748e-01
3.673425401433195181e-01
3.662465900760447091e-01
3.679615714542280314e-01
3.726590012692952980e-01
3.802944617747904821e-01
3.905926133393369248e-01
4.030405366537939127e-01
4.169073675298541337e-01
4.312834805311552278e-01
4.451408573820562209e-01
4.574212333925714580e-01
4.671333688759914948e-01
4.734583732800913825e-01
4.758479087130281227e-01
4.740953748548045188e-01
4.683768253172320151e-01
4.592458930587288157e-01
4.475826310498421945e-01
4.345041775657059735e-01
4.212417365308801509e-01
4.090056450567584601e-01
3.988540383039875237e-01
3.915815743441081742e-01
3.876472484403006846e-01
3.871447849804911523e-01
3.898212103872104595e-01
3.951377609852713135e-01
4.023588263738135384e-01
4.106585402341028090e-01
4.192242782846242188e-01
4.273447796987259184e-01
4.344735173475247070e-01
4.402592467115284403e-01
4.445485018540563660e-01
4.473621558696894707e-01
4.488559314141166157e-01
4.492742727924942669e-01
4.489036115371660141e-01
4.480343286098212863e-01
4.469305197762510340e-01
4.458111431226619015e-01
4.448404851557992146e-01
4.441233259064011341e-01
4.437076703939457634e-01
4.435880785771936785e-01
4.437124140241603398e-01
4.439924150545280224e-01
4.443141940634610099e-01
4.445545803675558516e-01
4.445973884351586691e-01
4.443500673767442621e-01
4.437602681630653523e-01
4.428252150798156483e-01
4.415971778350769594e-01
4.401799187115773559e-01
4.387169362402488781e-01
4.373752563752231204e-01
4.363228645675772399e-01
4.357073912285007733e-01
4.356369791462980090e-01
4.361658661344151589e-01
4.372893305486268423e-01
4.389451915989988073e-01
4.410237506436117116e-01
4.433835944111012561e-01
4.458695855807658370e-01
4.483318204279685415e-01
4.506412142688674405e-01
4.527004083685520763e-01
4.544487596823597597e-01
4.558612406566963093e-01
4.569425234834522120e-01
4.577177749346063029e-01
4.582227487482662953e-01
4.584945790509648011e-01
4.585655256623171194e-01
4.584601115737537702e-01
4.581955602704810837e-01
4.577854584852726894e-01
4.572445015404558721e-01
4.565937558379233874e-01
4.558646712150005165e-01
4.551007017947440447e-01
4.543567668342189947e-01
4.536956359109035608e-01
4.531825805368512872e-01
4.528789037634476933e-01
4.528350072513642188e-01
4.530847978643079976e-01
4.536414679977969766e-01
4.544955082568669646e-01
4.556152423839918697e-01
4.569492109868499852e-01
4.584303701709359080e-01
4.599813520476997986e-01
4.615200882681591010e-01
4.629654540361806681e-01
4.642425901156027046e-01
4.652875850883216868e-01
4.660515976046374909e-01
4.665043848891861078e-01
4.666368366475431850e-01
4.664626146253142425e-01
4.660182759884925474e-01
4.653614491416924737e-01
4.645671058621875238e-01
4.637214511835995312e-01
4.629141508083319256e-01
4.622295833595924663e-01
4.617379594525803932e-01
4.614880693901335929e-01
4.615023693138879946e-01
4.617754872277500255e-01
4.622766554137579531e-01
4.629552168986728611e-01
4.637488578602396161e-01
4.645928592789603240e-01
4.654286594588002979e-01
4.662108697418264058e-01
4.669110882604978197e-01
4.675184959905629434e-01
4.680376130062378071e-01
4.684834916895732615e-01
4.688761690594199782e-01
4.692352024093751073e-01
4.695753133000844515e-01
4.699042159003978814e-01
4.702222156365889472e-01
4.705237400584131313e-01
4.708000256074075240e-01
4.710419776105243539e-01
4.712429067641891178e-01
4.714001500991620297e-01
4.715156778757572664e-01
4.715957104937014144e-01
4.716494282008671379e-01
4.716875960551181746e-01
4.717210859774709220e-01
4.717598450498203810e-01
4.718124050483591958e-01
4.718856511527936837e-01
4.719850496479358060e-01
4.721147583733691921e-01
4.722776895587442181e-01
4.724754288833975524e-01
4.727078640364297257e-01
4.729729921015399241e-01
4.732667057058516091e-01
4.735829658373724715e-01
4.739143733185492979e-01
4.742528995268273651e-01
4.745910024250332149e-01
4.749225114760963762e-01
4.752433208802578357e-01
4.755517169710460901e-01
4.758480155692849101e-01
4.761339684559121599e-01
4.764117237414460804e-01
4.766827724140538791e-01
4.769472057319010250e-01
4.772031904709053141e-01
4.774471684261769600e-01
4.776744518272294515e-01
4.778801880668132607e-01
4.780606243576096537e-01
4.782140887810962249e-01
4.783417992713476785e-01
4.784481198395099666e-01
4.785401894230033037e-01
4.786271852748680278e-01
4.787190703468385267e-01
4.788252789838639001e-01
4.789534881232083152e-01
4.791085913357094328e-01
4.792922189504170705e-01
4.795026582332417298e-01
4.797352823187144288e-01
4.799833761178668445e-01
4.802391239873388673e-01
4.804947347304413530e-01
4.807434044335142098e-01
4.809800686260520819e-01
4.812018595735677584e-01
4.814081664598850452e-01
4.816004375683218264e-01
4.817816885995023779e-01
4.819558711378879590e-01
4.821272249091117512e-01
4.822996450159811599e-01
4.824762339858158500e-01
4.826590088179460447e-01
4.828487997376313401e-01
4.830453376652831254e-01
4.832474288704318721e-01
4.834532302113390134e-01
4.836605212091606432e-01
4.838669579317854130e-01
4.840703030552329089e-01
4.842685778182220235e-01
4.844602038452756054e-01
4.846440910155867532e-01
4.848196949999650784e-01
4.849870743766833692e-01
4.851468782694290938e-01
4.853003217408419223e-01
4.854491035170268587e-01
4.855952472230279926e-01
4.857409292924118605e-01
4.858882430459789403e-01
4.860389692988575372e-01
4.861943921072550134e-01
4.863551469985523679e-01
4.865211832794663627e-01
4.866918084418176416e-01
4.868658100591107263e-01
4.870416559392984346e-01
4.872176968044144574e-01
4.873923679842583900e-01
4.875643434503846296e-01
4.877326203051174369e-01
4.878965498404421175e-01
4.880557998604846404e-01
4.882102937191893921e-01
4.883601346648118735e-01
4.885055355199219851e-01
4.886467885406003964e-01
4.887842529836686212e-01
4.889183817070402727e-01
4.890497690929092589e-01
4.891791865867494704e-01
4.893076121595883454e-01
4.894362121441998559e-01
4.895662674506963685e-01
4.896990603861598457e-01
4.898357128094815161e-01
4.899770179517345947e-01
4.901233043198414130e-01
4.902743446634368896e-01
4.904293536377056228e-01
4.905870702796145122e-01
4.907458989018899098e-01
4.909041007810172053e-01
4.910599795268316692e-01
4.912120303529308174e-01
4.913590471261528037e-01
4.915001640604470534e-01
4.916348590597500734e-01
4.917629430651560551e-01
4.918845452462161094e-01
4.920001178069883241e-01
4.921104581916365683e-01
4.922167239597453614e-01
4.923204252140697679e-01
4.924233733950132974e-01
4.925275589339390137e-01
4.926349767365553189e-01
4.927474143973317178e-01
4.928662272184914928e-01
4.929921630445596725e-01
4.931252570860779061e-01
4.932648259184994610e-01
4.934095760925408247e-01
4.935577938315811597e-01
4.937075914469518101e-01
4.938571596053153989e-01
4.940049756737533437e-01
4.941499338985942957e-01
4.942913790310570765e-01
4.944290512439779017e-01
4.945629624219237130e-01
4.946932539541660234e-01
4.948200698824647414e-01
4.949434803782277736e-01
4.950634805956486417e-01
4.951800464574215854e-01
4.952932372699141439e-01
4.954033038912013520e-01
4.955107627812760374e-01
4.956164161524413969e-01
4.957212920758203301e-01
4.958265207228884641e-01
4.959331628319816332e-01
4.960420228467346537e-01
4.961534936365250004e-01
4.962674527369248523e-01
4.963832441078929181e-01
4.964997479126521118e-01
4.966155243907615091e-01
4.967290203604055043e-01
4.968387932822507236e-01
4.969437242226690254e-01
4.970431857964450750e-01
4.971371329394914662e-01
4.972261138469040720e-01
4.973111939621827071e-01
4.973938143784134014e-01
4.974756133273344205e-01
4.975582362823440796e-01
4.976431737715441561e-01
4.977316416461170512e-01
4.978245148715411683e-01
4.979223130986464296e-01
4.980252194005737043e-01
4.981331179193349556e-01
4.982456321892694273e-01
4.983621591917374305e-01
4.984818966009283425e-01
4.986038750895244176e-01
4.987270064632162714e-01
4.988501475638080218e-01
4.989721895696219711e-01
4.990921512983010899e-01
4.992092650344717164e-01
4.993230407254404257e-01
4.994332859954945802e-01
4.995400920452934823e-01
4.996437781216599427e-01
4.997448170504321108e-01
4.998437552159721853e-01
4.999411304731151695e-01
5.000374172247745719e-01
5.001329742052028626e-01
5.002280132896439468e-01
5.003225883745197056e-01
5.004165798615504146e-01
5.005097156767001065e-01
5.006016005252134082e-01
5.006917640379300316e-01
5.007797456842278949e-01
5.008651731312844246e-01
5.009478538077940524e-01
5.010278512804150486e-01
5.011055235975866440e-01
5.011815341164004289e-01
5.012568109862018950e-01
5.013324699302991183e-01
5.014097076635978256e-01
5.014896775821999775e-01
5.015733651693929929e-01
5.016614755172598139e-01
5.017543505617984012e-01
5.018519149143813030e-01
5.019536698961030163e-01
5.020587264169061870e-01
5.021658758701429415e-01
5.022737054866714956e-01
5.023807238555764165e-01
5.024855068696272298e-01
5.025868351581470606e-01
5.026837985769014860e-01
5.027758801651223131e-01
5.028629789681360318e-01
5.029453924559954547e-01
5.030237651020549317e-01
5.030989939672239064e-01
5.031721387731871165e-01
5.032443247572244704e-01
5.033166574546060756e-01
5.033901651586142334e-01
5.034657423946959920e-01
5.035441164259120139e-01
5.036258130640225428e-01
5.037111203835012985e-01
5.038000672699359805e-01
5.038923962231123266e-01
5.039875641939470796e-01
5.040847661318531570e-01
5.041829788206307894e-01
5.042810465103398920e-01
5.043777742002688580e-01
5.044720356776696280e-01
5.045628824581078753e-01
5.046496263482801448e-01
5.047319062375971166e-01
5.048097162300336782e-01
5.048833990847433340e-01
5.049536100691500717e-01
5.050212479453048964e-01
5.050873717531993989e-01
5.051531050580901905e-01
5.052195446678112711e-01
5.052876821407197294e-01
5.053583423861476298e-01
5.054321495308524703e-01
5.055095121433693661e-01
5.055906292639700261e-01
5.056755085625187496e-01
5.057639908327054012e-01
5.058557760289636995e-01
5.059504444158652303e-01
5.060474778504132631e-01
5.061462709416028050e-01
5.062461420632606846e-01
5.063463443496390992e-01
5.064460695295242010e-01
5.065444654027302374e-01
5.066406546726681670e-01
5.067337628088109946e-01
5.068229674238486915e-01
5.069075463871538512e-01
5.069869381382861029e-01
5.070607982398538383e-01
5.071290311443172882e-01
5.071918093473991584e-01
5.072495524920891397e-01
5.073028792935062592e-01
5.073525469189305026e-01
5.073993692993846727e-01
5.074441565769007845e-01
5.074876684504725510e-01
5.075305876726947663e-01
5.075735332073858519e-01
5.076170738565807250e-01
5.076617584932477945e-01
5.077081437042310075e-01
5.077567955820968537e-01
5.078082915086247207e-01
5.078631914804094816e-01
5.079219981018852081e-01
5.079851131097817829e-01
5.080527746500927977e-01
5.081250085795421256e-01
5.082015777411885704e-01
5.082819464711523239e-01
5.083652785873484792e-01
5.084504557236197986e-01
5.085361460812241052e-01
5.086209076761204484e-01
5.087033156941942469e-01
5.087821145570208259e-01
5.088563540867444557e-01
5.089254996118138807e-01
5.089895020255822411e-01
5.090488053322254069e-01
5.091043003198691963e-01
5.091572323698538849e-01
5.092090666160818957e-01
5.092613361475946121e-01
5.093154924431810837e-01
5.093727602965341106e-01
5.094340276944613333e-01
5.094997746660998583e-01
5.095700372950269230e-01
5.096444316255946960e-01
5.097222120923542432e-01
5.098023622979478420e-01
5.098837177892167061e-01
5.099650770671717570e-01
5.100453128338101605e-01
5.101234589563755639e-01
5.101987560823799672e-01
5.102706858706511639e-01
5.103389635940883684e-01
5.104035193665903414e-01
5.104644802106721446e-01
5.105221295853124008e-01
5.105768890534904125e-01
5.106292905403821969e-01
5.106799423361643164e-01
5.107295099821872464e-01
5.107786697018293909e-01
5.108280693074540579e-01
5.108782839997518810e-01
5.109297580101739289e-01
5.109827672588763692e-01
5.110373780009648259e-01
5.110934267533454589e-01
5.111505290033087068e-01
5.112081045096569243e-01
5.112654413654742491e-01
5.113217806304661828e-01
5.113764145088762758e-01
5.114287931992536063e-01
5.114786155540230750e-01
5.115258907540660704e-01
5.115709664697853931e-01
5.116145093793763587e-01
5.116574402515041697e-01
5.117008452916331773e-01
5.117458559029823828e-01
5.117935269769718909e-01
5.118447313673539778e-01
5.119000582419790391e-01
5.119597535025650625e-01
5.120236851986240678e-01
5.120913328149309107e-01
5.121618237527826301e-01
5.122339843060215170e-01
5.123064252045393951e-01
5.123776543162436026e-01
5.124461922951503157e-01
5.125107048770974894e-01
5.125701153081686501e-01
5.126236902993063227e-01
5.126710947380425099e-01
5.127123894566900653e-01
5.127479949065868459e-01
5.127786185956328957e-01
5.128051597236125136e-01
5.128286251241717109e-01
5.128500532906536957e-01
5.128704677197130080e-01
5.128908620835461729e-01
5.129121978708716112e-01
5.129354149384813821e-01
5.129614337748169550e-01
5.129911364350057124e-01
5.130253270736570004e-01
5.130646717251223787e-01
5.131096265344569085e-01
5.131603716808742499e-01
5.132167662258132479e-01
5.132783291118844238e-01
5.133442608603366875e-01
5.134134977080149209e-01
5.134847900658691122e-01
5.135568040954121560e-01
5.136282201421892291e-01
5.136978318154590273e-01
5.137646322033101454e-01
5.138278774484155154e-01
5.138871395216479954e-01
5.139423265864051515e-01
5.139936827659140617e-01
5.140417618999170157e-01
5.140873658364326637e-01
5.141314656195735688e-01
5.141750972977754408e-01
5.142192515228602989e-01
5.142647689241718334e-01
5.143122521270495628e-01
5.143620108334794327e-01
5.144140394641636416e-01
5.144680392893447030e-01
5.145234677329665329e-01
5.145796143898814234e-01
5.146356937466924908e-01
5.146909278065243676e-01
5.147446275210384448e-01
5.147962475912991609e-01
5.148454123157722995e-01
5.148919208642416256e-01
5.149357190578892629e-01
5.149768590870875684e-01
5.150154531162370874e-01
5.150516324351660513e-01
5.150855291129792235e-01
5.151172825102862118e-01
5.151470762167775774e-01
5.151751934627935015e-01
5.152020801874102052e-01
5.152283960534803642e-01
5.152550321088279484e-01
5.152830863160213770e-01
5.153137871643610479e-01
5.153483732549898333e-01
5.153879447250029333e-01
5.154333090333437228e-01
5.154848478356832686e-01
5.155424274998514633e-01
5.156053727240533791e-01
5.156725049078508816e-01
5.157422436623273487e-01
5.158127564853894897e-01
5.158821290470544385e-01
5.159485399870834543e-01
5.160104109623752100e-01
5.160665169084099890e-01
5.161160541307361349e-01
5.161586551183989791e-01
5.161943693607745631e-01
5.162236146303913475e-01
5.162471084342912242e-01
5.162658043440738753e-01
5.162808205463402800e-01
5.162933797885551623e-01
5.163047571779721956e-01
5.163162183957210605e-01
5.163289709259208937e-01
5.163441036372812265e-01
5.163625249266567963e-01
5.163849155852546779e-01
5.164116808870380382e-01
5.164429330128131879e-01
5.164785000563213435e-01
5.165179611699909357e-01
5.165607182896287952e-01
5.166060826218761282e-01
5.166533712378261756e-01
5.167019955382549101e-01
5.167515247489714580e-01
5.168017163155579352e-01
5.168525062059868835e-01
5.169039643378364746e-01
5.169562247365556695e-01
5.170094085108264403e-01
5.170635521644644239e-01
5.171185618566086495e-01
5.171741967872465207e-01
5.172300809493207696e-01
5.172857463654031429e-01
5.173406802899935819e-01
5.173943769200891607e-01
5.174463817280853251e-01
5.174963116942455921e-01
5.175438728879644401e-01
5.175888652705923354e-01
5.176311844540155693e-01
5.176708357353296819e-01
5.177079421621323396e-01
5.177427528871995088e-01
5.177756396395079008e-01
5.178070646801443688e-01
5.178375288910320728e-01
5.178674951796576886e-01
5.178973054576714308e-01
5.179271138189922574e-01
5.179568465886060791e-01
5.179862144308765570e-01
5.180147684276602549e-01
5.180419926628199168e-01
5.180674201511781263e-01
5.180907319783806253e-01
5.181118345304830397e-01
5.181308915735042264e-01
5.181483067704691914e-01
5.181646789238887330e-01
5.181807265242190930e-01
5.181972143855051449e-01
5.182148884875220629e-01
5.182344216480516685e-01
5.182563843575866969e-01
5.182812181591949230e-01
5.183092225266681119e-01
5.183405450714333451e-01
5.183751693232161450e-01
5.184129174964485776e-01
5.184534550054158419e-01
5.184963099914262630e-01
5.185409059622964056e-01
5.185865990319667995e-01
5.186327213444971163e-01
5.186786193293703162e-01
5.187236874483502902e-01
5.187673891816972915e-01
5.188092730782228879e-01
5.188489828619031741e-01
5.188862584586123594e-01
5.189209443235852648e-01
5.189529883977650471e-01
5.189824396161468734e-01
5.190094481697454798e-01
5.190342507328180588e-01
5.190571602825588826e-01
5.190785521084945175e-01
5.190988440162092044e-01
5.191184869858284090e-01
5.191379486532287091e-01
5.191576994483266816e-01
5.191781987391481668e-01
5.191998685400553981e-01
5.192230719800376981e-01
5.192480834469238582e-01
5.192750632676774725e-01
5.193040489663066639e-01
5.193349522189329992e-01
5.193675845149453574e-01
5.194016953768982869e-01
5.194370179778332597e-01
5.194733232534981537e-01
5.195104535241605870e-01
5.195483430919597412e-01
5.195870117785437170e-01
5.196265338795172939e-01
5.196669965545599457e-01
5.197084462364620627e-01
5.197508504083879766e-01
5.197940702770025290e-01
5.198378561235807993e-01
5.198818687767956526e-01
5.199257061468733898e-01
5.199689454061079408e-01
5.200111772317560499e-01
5.200520288672386693e-01
5.200911822235482207e-01
5.201283745350391285e-01
5.201633997943981846e-01
5.201961104270659275e-01
5.202264229817383789e-01
5.202543347563119980e-01
5.202799418484168603e-01
5.203034581452257168e-01
5.203252258594679436e-01
5.203457096761404665e-01
5.203654729866492579e-01
5.203851342595318119e-01
5.204053066231653091e-01
5.204265314206333315e-01
5.204492141490828505e-01
5.204735722362087147e-01
5.204996087777219449e-01
5.205271135260227666e-01
5.205556932441731677e-01
5.205848294407302568e-01
5.206139505421689684e-01
5.206425060781643133e-01
5.206700323803158392e-01
5.206961971842085646e-01
5.207208145695987334e-01
5.207438393730629000e-01
5.207653399785666659e-01
5.207854605639732348e-01
5.208043924853994477e-01
5.208223496542629949e-01
5.208395604041524685e-01
5.208562743782216842e-01
5.208727697957673541e-01
5.208893633549698254e-01
5.209064116060672101e-01
5.209242988025889476e-01
5.209434152051504174e-01
5.209641276996630488e-01
5.209867457651448097e-01
5.210114904814218129e-01
5.210384707789257330e-01
5.210676663254872887e-01
5.210989236066192465e-01
5.211319629748194515e-01
5.211663979499985277e-01
5.212017675014256612e-01
5.212375774374979898e-01
5.212733494142285373e-01
5.213086680681059404e-01
5.213432225608932713e-01
5.213768325501253464e-01
5.214094536389471957e-01
5.214411628676836052e-01
5.214721230187652212e-01
5.215025361190454012e-01
5.215325911984790563e-01
5.215624188590776145e-01
5.215920581661438460e-01
5.216214398357850168e-01
5.216503916425485610e-01
5.216786565429173406e-01
5.217059269708325120e-01
5.217318870496469030e-01
5.217562568211220331e-01
5.217788387903644631e-01
5.217995580298699920e-01
5.218184962987996167e-01
5.218359109615434699e-01
5.218522392476764304e-01
5.218680792284299264e-01
5.218841439446126884e-01
5.219011980380366955e-01
5.219199689684503873e-01
5.219410554357417631e-01
5.219648429661243316e-01
5.219914361115819412e-01
5.220206322277296529e-01
5.220519319034925276e-01
5.220845935559086382e-01
5.221177207257723385e-01
5.221503654425385665e-01
5.221816348681767028e-01
5.222107748294799734e-01
5.222372305736039388e-01
5.222606703098604530e-01
5.222809774981179709e-01
5.222982305815412341e-01
5.223126660980348390e-01
5.223246523579416767e-01
5.223346742055205993e-01
5.223433235783673245e-01
5.223513047615013782e-01
5.223594303121490423e-01
5.223686059608299015e-01
5.223797963899671215e-01
5.223939621888459284e-01
5.224119821728518964e-01
5.224345581397644711e-01
5.224621246008396280e-01
5.224947753791671090e-01
5.225322135155702208e-01
5.225737498241644907e-01
5.226183360791539778e-01
5.226646433973483052e-01
5.227111789424572219e-01
5.227564137761658847e-01
5.227989280543615669e-01
5.228375365544607467e-01
5.228713872419806785e-01
5.229000264980608881e-01
5.229234066086493327e-01
5.229418573493203048e-01
5.229560119111134053e-01
5.229667051744637529e-01
5.229748666287653558e-01
5.229814098588576599e-01
5.229871472421893097e-01
5.229927283312104658e-01
5.229986114047817658e-01
5.230050650263974310e-01
5.230121941221861359e-01
5.230199880373145316e-01
5.230283699277500364e-01
5.230372582812325977e-01
5.230466141380518685e-01
5.230564756419658901e-01
5.230669852629475924e-01
5.230783807900835081e-01
5.230909789334861060e-01
5.231051353379920776e-01
5.231211853738270134e-01
5.231393901133124524e-01
5.231598731651725398e-01
5.231825778680881944e-01
5.232072412641096681e-01
5.232333939920519317e-01
5.232603943796541035e-01
5.232874803046489998e-01
5.233138555417436999e-01
5.233387781454638121e-01
5.233616496398084683e-01
5.233821002133153266e-01
5.234000293775487034e-01
5.234156257111010069e-01
5.234293428423694161e-01
5.234418290967093323e-01
5.234538482511934543e-01
5.234661737379059376e-01
5.234794923128492927e-01
5.234943370548847952e-01
5.235110374462349503e-01
5.235297176098658856e-01
5.235503230150053700e-01
5.235726640057004611e-01
5.235964796057092085e-01
5.236214875854310336e-01
5.236474232661040284e-01
5.236740609352168452e-01
5.237012076800745541e-01
5.237286875145259479e-01
5.237563169371519667e-01
5.237838808586544603e-01
5.238111225232107149e-01
5.238377488308268992e-01
5.238634492074706328e-01
5.238879305897755634e-01
5.239109572508569013e-01
5.239323835607923030e-01
5.239521829330853198e-01
5.239704545608895314e-01
5.239874138407509818e-01
5.240033700306955255e-01
5.240186854019305285e-01
5.240337365998298802e-01
5.240488695852031364e-01
5.240643630224771643e-01
5.240804006760493294e-01
5.240970452599840179e-01
5.241142346193992108e-01
5.241317753131403689e-01
5.241493537508845613e-01
5.241665654185839740e-01
5.241829426832188554e-01
5.241980132818103710e-01
5.242113584102903179e-01
5.242226723363243579e-01
5.242318282815752184e-01
5.242389141647214590e-01
5.242442515860397112e-01
5.242483824002849291e-01
5.242520180151579723e-01
5.242559673419806554e-01
5.242610453285511118e-01
5.242679825143584660e-01
5.242773482383583650e-01
5.242895034210817151e-01
5.243045873255259837e-01
5.243225382296663462e-01
5.243431444656176943e-01
5.243661055822561590e-01
5.243910960795239440e-01
5.244178135628643211e-01
5.244460026171609002e-01
5.244754557804437445e-01
5.245059891539484154e-01
5.245374091358859792e-01
5.245694754922491931e-01
5.246018735382773635e-01
5.246342068578379036e-01
5.246660040842783257e-01
5.246967497413566051e-01
5.247259257365004537e-01
5.247530554220484200e-01
5.247777531089723446e-01
5.247997552323877546e-01
5.248189439902322118e-01
5.248353566578760621e-01
5.248491707685588592e-01
5.248606905749242379e-01
5.248703150851338206e-01
5.248785042437326132e-01
5.248857562126024723e-01
5.248925731816564966e-01
5.248994452092790031e-01
5.249068358295273518e-01
5.249151603789582454e-01
5.249247758616351067e-01
5.249359576176162445e-01
5.249488732158513749e-01
5.249635618351419231e-01
5.249799139367059553e-01
5.249976651030039410e-01
5.250164116377394885e-01
5.250356461786515050e-01
5.250548090895906794e-01
5.250733577109319983e-01
5.250908303205168437e-01
5.251068951941234575e-01
5.251213840061426108e-01
5.251342882806642187e-01
5.251457321502788211e-01
5.251559296183008207e-01
5.251651291281740352e-01
5.251735678706688226e-01
5.251814445945554022e-01
5.251889107431854109e-01
5.251960833548363627e-01
5.252030759133464732e-01
5.252100261370916678e-01
5.252171204454990638e-01
5.252246058566263365e-01
5.252327744794498265e-01
5.252419394437832789e-01
5.252523953264519596e-01
5.252643717618593611e-01
5.252780009098430014e-01
5.252932893886852472e-01
5.253101090170368970e-01
5.253282078561177793e-01
5.253472284925930769e-01
5.253667408167124186e-01
5.253862806069606872e-01
5.254053829550857646e-01
5.254236197562981436e-01
5.254406319486814025e-01
5.254561512170760063e-01
5.254700257508297945e-01
5.254822328761711292e-01
5.254928822725921655e-01
5.255022185534756751e-01
5.255106009108062581e-01
5.255184765143725567e-01
5.255263454484860874e-01
5.255347081204155835e-01
5.255440189214083402e-01
5.255546387859009183e-01
5.255667950382187925e-01
5.255805623304944385e-01
5.255958560989147932e-01
5.256124482667211550e-01
5.256299986050420037e-01
5.256480955375424369e-01
5.256663058439750014e-01
5.256842165263166944e-01
5.257014742178346411e-01
5.257178119140729633e-01
5.257330571751356318e-01
5.257471380478312417e-01
5.257600694440005551e-01
5.257719349657218322e-01
5.257828723228274992e-01
5.257930462674305083e-01
5.258026342486190607e-01
5.258118135716797203e-01
5.258207478067190577e-01
5.258295875928858942e-01
5.258384688844133237e-01
5.258475163514865214e-01
5.258568504810432476e-01
5.258665913189655150e-01
5.258768604722140472e-01
5.258877795208519723e-01
5.258994633949745090e-01
5.259120072804458479e-01
5.259254762522657112e-01
5.259398909673025369e-01
5.259552203484076927e-01
5.259713837301221995e-01
5.259882546249909918e-01
5.260056804157116073e-01
5.260234983267167985e-01
5.260415527837354333e-01
5.260597100270550941e-01
5.260778546236859476e-01
5.260958861166417089e-01
5.261136997859736653e-01
5.261311691824347436e-01
5.261481365817248790e-01
5.261644056552755577e-01
5.261797601923089429e-01
5.261939845991956410e-01
5.262068964796661197e-01
5.262183834060818466e-01
5.262284180195563321e-01
5.262370733126385813e-01
5.262445123932592006e-01
5.262509613241798112e-01
5.262566852344481294e-01
5.262619493175056951e-01
5.262669910343068524e-01
5.262720047171072224e-01
5.262771258819062270e-01
5.262824312929680337e-01
5.262879449136246279e-01
5.262936416054985189e-01
5.262994606255485541e-01
5.263053233135325248e-01
5.263111499850713360e-01
5.263168887130934559e-01
5.263225450654984705e-01
5.263282040874814882e-01
5.263340521773123282e-01
5.263403785611796559e-01
5.263475557426613438e-01
5.263560068728638797e-01
5.263661479535500787e-01
5.263783250108815537e-01
5.263927524408426040e-01
5.264094579529514650e-01
5.264282556045751793e-01
5.264487406518816304e-01
5.264703198818764251e-01
5.264922697188690881e-01
5.265138117664263095e-01
5.265342078288264283e-01
5.265528409476787353e-01
5.265692887277682033e-01
5.265833675230989774e-01
5.265951340651190415e-01
5.266048660932504122e-01
5.266129958209655459e-01
5.266200331655108702e-01
5.266264841377646944e-01
5.266327644580182099e-01
5.266391559339259620e-01
5.266457751575159829e-01
5.266525827323641495e-01
5.266594302479915557e-01
5.266661081019882173e-01
5.266724217942857500e-01
5.266782495271384867e-01
5.266835803962494067e-01
5.266885387646517147e-01
5.266933647709799438e-01
5.266983820914284964e-01
5.267039449169418353e-01
5.267103783010679274e-01
5.267179310504601641e-01
5.267267376746564977e-01
5.267368104461342959e-01
5.267480472525196689e-01
5.267602608111361384e-01
5.267732212235471945e-01
5.267866908613424437e-01
5.268004612181451662e-01
5.268143686505835088e-01
5.268282928711196522e-01
5.268421457201197811e-01
5.268558417891522350e-01
5.268692712100263575e-01
5.268822752791105790e-01
5.268946327341568203e-01
5.269060639029737869e-01
5.269162504123585666e-01
5.269248743540849711e-01
5.269316645737039950e-01
5.269364519767730792e-01
5.269392191787126700e-01
5.269401344898794193e-01
5.269395720417651141e-01
5.269380969253490976e-01
5.269364288631143145e-01
5.269353789630124574e-01
5.269357645666953305e-01
5.269383273196632800e-01
5.269436460925197574e-01
5.269520784724975870e-01
5.269637266938885789e-01
5.269784288719266963e-01
5.269957943063230399e-01
5.270152450525591448e-01
5.270360846591869430e-01
5.270575707347074923e-01
5.270789737839736144e-01
5.270996476964885380e-01
5.271190689476814573e-01
5.271368729045136092e-01
5.271528777502446639e-01
5.271670742440908164e-01
5.271796181207520915e-01
5.271907856003359427e-01
5.272009164942428328e-01
5.272103579080759106e-01
5.272193886244292971e-01
5.272281723940863696e-01
5.272367274668988690e-01
5.272449190729706636e-01
5.272524965797578123e-01
5.272591465076461592e-01
5.272645641551287898e-01
5.272685352544917992e-01
5.272710003557938840e-01
5.272721005777184500e-01
5.272721994297154824e-01
5.272718648200581670e-01
5.272718249236529875e-01
5.272729011083912010e-01
5.272759142179090919e-01
5.272815933831399571e-01
5.272904834473401969e-01
5.273028650462450173e-01
5.273187103646119755e-01
5.273376599833271561e-01
5.273590463901982606e-01
5.273819538876204360e-01
5.274052993242507315e-01
5.274279492046742845e-01
5.274488292686007052e-01
5.274670293371647167e-01
5.274818971036570048e-01
5.274930796804951916e-01
5.275005456476118404e-01
5.275045634311210652e-01
5.275056364314096857e-01
5.275044369673498323e-01
5.275017102420437309e-01
5.274981904138692501e-01
5.274945394232565254e-01
5.274912919065484207e-01
5.274888461419678931e-01
5.274874685505266392e-01
5.274873162903763735e-01
5.274884784984996688e-01
5.274910016079915609e-01
5.274949172633440764e-01
5.275002498503862380e-01
5.275070072007248534e-01
5.275151679369692870e-01
5.275246562343642864e-01
5.275353263200699416e-01
5.275469552517445537e-01
5.275592497870290609e-01
5.275718677143900193e-01
5.275844502546658266e-01
5.275966607469892988e-01
5.276082164144503261e-01
5.276189208195580793e-01
5.276286763199404817e-01
5.276374857700834031e-01
5.276454484168427994e-01
5.276527339295551400e-01
5.276595637381055193e-01
5.276661839902457851e-01
5.276728353884565514e-01
5.276797365051999478e-01
5.276870575218667314e-01
5.276949070799303865e-01
5.277033243546301877e-01
5.277122707194855655e-01
5.277216405298356117e-01
5.277312701489427216e-01
5.277409569060222960e-01
5.277504871220857208e-01
5.277596544089325770e-01
5.277682844546537355e-01
5.277762496600378883e-01
5.277834704204116267e-01
5.277899177174075751e-01
5.277956001221459914e-01
5.278005491513310110e-01
5.278048092096268018e-01
5.278084220210909061e-01
5.278114215846715362e-01
5.278138334081620142e-01
5.278156738931116809e-01
5.278169560800014537e-01
5.278176928250808420e-01
5.278178972113157785e-01
5.278175827574784762e-01
5.278167613336247621e-01
5.278154413099178655e-01
5.278136323397832896e-01
5.278113539622878436e-01
5.278086516557475294e-01
5.278056199240097612e-01
5.278024211335737848e-01
5.277993035484705997e-01
5.277966037646242281e-01
5.277947301659299262e-01
5.277941328371333896e-01
5.277952491584175787e-01
5.277984454240857159e-01
5.278039591226942884e-01
5.278118482359458463e-01
5.278219702839521688e-01
5.278339838812078355e-01
5.278473801198074744e-01
5.278615419171158729e-01
5.278758130631787671e-01
5.278895748037004676e-01
5.279023147478049127e-01
5.279136754616471361e-01
5.279234849114218253e-01
5.279317606652020878e-01
5.279386901443992031e-01
5.279445993656360914e-01
5.279499044895618054e-01
5.279550605594899304e-01
5.279605149675316023e-01
5.279666567401645194e-01
5.279737823432819610e-01
5.279820691197953941e-01
5.279915543612079265e-01
5.280021362389475392e-01
5.280135783322472687e-01
5.280255258669154239e-01
5.280375370875345364e-01
5.280491153044021280e-01
5.280597494588342711e-01
5.280689602046784170e-01
5.280763419687344307e-01
5.280816033315883784e-01
5.280846043799646283e-01
5.280853784455964428e-01
5.280841418352804073e-01
5.280812900394180609e-01
5.280773684128743373e-01
5.280730302083771477e-01
5.280689801209260681e-01
5.280659040864021936e-01
5.280644041109965325e-01
5.280649378931150384e-01
5.280677726117780635e-01
5.280729642107457877e-01
5.280803578618337157e-01
5.280896129980333642e-01
5.281002496861874063e-01
5.281117053229033020e-01
5.281233986248116130e-01
5.281347892841702363e-01
5.281454264842667667e-01
5.281549846944488813e-01
5.281632779962361912e-01
5.281702596376935954e-01
5.281760058654986212e-01
5.281806854943301710e-01
5.281845273861780488e-01
5.281877820019966752e-01
5.281906861760469196e-01
5.281934358285851339e-01
5.281961632054434919e-01
5.281989268904864199e-01
5.282017124068479896e-01
5.282044418825715404e-01
5.282069962280409037e-01
5.282092441154896401e-01
5.282110735161227311e-01
5.282124266939088875e-01
5.282133251614077318e-01
5.282138847352382260e-01
5.282143200155421381e-01
5.282149240673039703e-01
5.282160428887421322e-01
5.282180360253665441e-01
5.282212279836999702e-01
5.282258762763683002e-01
5.282321347633706088e-01
5.282400376324113411e-01
5.282495030862430774e-01
5.282603368464403593e-01
5.282722599379864326e-01
5.282849335537393998e-01
5.282979816879165291e-01
5.283110190895038416e-01
5.283236647988119872e-01
5.283355559511540012e-01
5.283463586784528099e-01
5.283557763251668371e-01
5.283635611927893772e-01
5.283695277485006558e-01
5.283735669931303169e-01
5.283756574231665004e-01
5.283758728548507699e-01
5.283743788709139855e-01
5.283714208222268782e-01
5.283673034502907040e-01
5.283623630070726218e-01
5.283569428114662792e-01
5.283513695523018860e-01
5.283459406471054942e-01
5.283409195412716031e-01
5.283365344644541661e-01
5.283329846309662292e-01
5.283304376044415385e-01
5.283290241244023022e-01
5.283288279795720355e-01
5.283298658741405474e-01
5.283320766219686826e-01
5.283353119143301413e-01
5.283393383245720276e-01
5.283438606932790993e-01
5.283485481539607065e-01
5.283530768180456638e-01
5.283571752266121857e-01
5.283606563593256089e-01
5.283634521059712430e-01
5.283656220882959609e-01
5.283673450971485552e-01
5.283689031163795180e-01
5.283706372031355958e-01
5.283729054417252158e-01
5.283760386641110918e-01
5.283802949850512354e-01
5.283858368767780922e-01
5.283927181156897745e-01
5.284008889594933311e-01
5.284102167706352660e-01
5.284205135159103506e-01
5.284315632569562826e-01
5.284431427618617727e-01
5.284550363802671402e-01
5.284670319507778213e-01
5.284789160594276503e-01
5.284904662434890543e-01
5.285014396922401714e-01
5.285115819637604684e-01
5.285206357921516940e-01
5.285283607145659923e-01
5.285345612867936582e-01
5.285391051350776248e-01
5.285419425435771146e-01
5.285431125118218443e-01
5.285427397862667576e-01
5.285410260212951572e-01
5.285382318055068529e-01
5.285346612933856658e-01
5.285306415249627632e-01
5.285265052991509060e-01
5.285225753033162555e-01
5.285191446166652707e-01
5.285164640623055687e-01
5.285147267070112731e-01
5.285140574347768627e-01
5.285145097981859275e-01
5.285160651882976346e-01
5.285186428952923787e-01
5.285221124655609115e-01
5.285263103842781085e-01
5.285310583523389338e-01
5.285361767923015819e-01
5.285414989965779853e-01
5.285468768289082186e-01
5.285521854546711973e-01
5.285573249976884824e-01
5.285622171080170961e-01
5.285668076035061613e-01
5.285710613534488900e-01
5.285749638901388048e-01
5.285785235412653327e-01
5.285817662120445570e-01
5.285847435303377972e-01
5.285875262081410897e-01
5.285902001297155817e-01
5.285928664579746528e-01
5.285956202253149216e-01
5.285985436746072352e-01
5.286016892543708989e-01
5.286050565036669591e-01
5.286085896904618719e-01
5.286121649619988094e-01
5.286155932727382156e-01
5.286186390086500264e-01
5.286210348592451647e-01
5.286225139155770192e-01
5.286228435354333177e-01
5.286218520848189328e-01
5.286194581680004889e-01
5.286156882569350568e-01
5.286106780348516221e-01
5.286046683505349897e-01
5.285979838671641673e-01
5.285909999107055723e-01
5.285841120668323123e-01
5.285776965770825342e-01
5.285720812577653360e-01
5.285675286724804689e-01
5.285642220624542365e-01
5.285622716974182067e-01
5.285617218680540574e-01
5.285625583893951429e-01
5.285647210069616131e-01
5.285681007004180421e-01
5.285725388324571394e-01
5.285778249466097645e-01
5.285836915862965890e-01
5.285898269478735978e-01
5.285958911445715058e-01
5.286015439692933748e-01
5.286064839633453083e-01
5.286104765984493969e-01
5.286133840225143432e-01
5.286151768931798278e-01
5.286159266471801566e-01
5.286157942628747497e-01
5.286149963637102323e-01
5.286137757744855392e-01
5.286123755110527789e-01
5.286110090333784317e-01
5.286098527537467229e-01
5.286090373936995768e-01
5.286086471536880493e-01
5.286087307220056486e-01
5.286093058179739401e-01
5.286103712907743724e-01
5.286119183977626701e-01
5.286139387465482731e-01
5.286164307741245683e-01
5.286194027620002567e-01
5.286228683985026988e-01
5.286268350063489940e-01
5.286312918069581146e-01
5.286361881165222432e-01
5.286414183821217527e-01
5.286468128639064679e-01
5.286521323576368614e-01
5.286570844876899988e-01
5.286613443562909742e-01
5.286645917098264924e-01
5.286665558100528406e-01
5.286670564193572952e-01
5.286660492841797065e-01
5.286636491323107867e-01
5.286601407711279954e-01
5.286559672508305274e-01
5.286516856869694081e-01
5.286479127493813879e-01
5.286452443879214869e-01
5.286441745936668601e-01
5.286450261506302484e-01
5.286478933125953183e-01
5.286526253252660235e-01
5.286588409423270685e-01
5.286659785432026304e-01
5.286733776961543008e-01
5.286803682943104210e-01
5.286863630949830695e-01
5.286909287234811128e-01
5.286938271028429615e-01
5.286950236572564021e-01
5.286946564102427137e-01
5.286929831762946508e-01
5.286903107655620548e-01
5.286869267260730920e-01
5.286830467584322513e-01
5.286787832340503757e-01
5.286741506597623097e-01
5.286690912443327006e-01
5.286635258185220509e-01
5.286574136445262306e-01
5.286507953853653019e-01
5.286438309203909114e-01
5.286367964843567968e-01
5.286300534338939094e-01
5.286240029463628032e-01
5.286190084803988887e-01
5.286153353681773970e-01
5.286131013465039663e-01
5.286122448736514379e-01
5.286125415082150170e-01
5.286136360686329860e-01
5.286151023621833422e-01
5.286165181657801471e-01
5.286175292357637723e-01
5.286179074486347940e-01
5.286175846398463163e-01
5.286166602413743254e-01
5.286153849036374641e-01
5.286141235474438593e-01
5.286133019259666721e-01
5.286133470684500901e-01
5.286146325701955861e-01
5.286174269069544573e-01
5.286218636449336872e-01
5.286279264553590540e-01
5.286354499322629685e-01
5.286441442223280829e-01
5.286536212517487510e-01
5.286634342905915940e-01
5.286731187302655677e-01
5.286822251364091674e-01
5.286903584415461044e-01
5.286972033750132471e-01
5.287025480307760983e-01
5.287063018767184097e-01
5.287084966318310597e-01
5.287092838904084990e-01
5.287089113613790969e-01
5.287076889643645972e-01
5.287059488139993491e-01
5.287039929001099425e-01
5.287020561681885500e-01
5.287002736861909913e-01
5.286986652169269885e-01
5.286971482772866437e-01
5.286955560139816601e-01
5.286936793998218143e-01
5.286913136591265827e-01
5.286882956841146841e-01
5.286845455203992294e-01
5.286800829428059956e-01
5.286750289860530083e-01
5.286695938253886951e-01
5.286640394265602616e-01
5.286586365138520316e-01
5.286536153479199918e-01
5.286491170665488237e-01
5.286451601997672611e-01
5.286416261369023539e-01
5.286382645381239032e-01
5.286347260660593239e-01
5.286306136832250591e-01
5.286255404780545453e-01
5.286191991243980315e-01
5.286114141667345168e-01
5.286021807028912223e-01
5.285916879195268203e-01
5.285803022999053802e-01
5.285685418662283697e-01
5.285570214435684200e-01
5.285463766155448218e-01
5.285371972852972444e-01
5.285299449675039396e-01
5.285248944248934766e-01
5.285221011669744007e-01
5.285213860196075197e-01
5.285223698641843271e-01
5.285245282399120281e-01
5.285272687292220661e-01
5.285300245920071527e-01
5.285323307580551688e-01
5.285338869797659989e-01
5.285345870901473342e-01
5.285345112171021542e-01
5.285338928447823603e-01
5.285330591255469335e-01
5.285323662510846843e-01
5.285321407757949119e-01
5.285326337062334900e-01
5.285340001414355893e-01
5.285362994602277320e-01
5.285395118048397123e-01
5.285435663754499691e-01
5.285483688324630336e-01
5.285538199994866959e-01
5.285598244345880437e-01
5.285662850250073541e-01
5.285730847011838041e-01
5.285800685621091510e-01
5.285870267513540499e-01
5.285936860295232798e-01
5.285997237214723476e-01
5.286047914858342800e-01
5.286085563474283155e-01
5.286107528616009743e-01
5.286112257440634954e-01
5.286099693823004264e-01
5.286071446311663147e-01
5.286030697688154367e-01
5.285981925840042006e-01
5.285930362793130888e-01
5.285881362952542517e-01
5.285839725740028028e-01
5.285809082383415847e-01
5.285791450491372778e-01
5.285786981468421075e-01
5.285793978543480431e-01
5.285809104534221481e-01
5.285827807803241685e-01
5.285844847505192234e-01
5.285854838091633701e-01
5.285852798467107760e-01
5.285834535726120498e-01
5.285796946126360973e-01
5.285738159774088230e-01
5.285657545290752823e-01
5.285555698450383755e-01
5.285434332055958251e-01
5.285296194634456768e-01
5.285144978676208360e-01
5.284985174433349808e-01
5.284821911317024723e-01
5.284660689686447865e-01
5.284507060711820525e-01
5.284366256349467550e-01
5.284242817307277518e-01
5.284140313887111251e-01
5.284061152680570306e-01
5.284006540858966483e-01
5.283976571166715264e-01
5.283970343021175964e-01
5.283986134580669347e-01
5.284021522553111749e-01
5.284073416668075840e-01
5.284138133510600799e-01
5.284211433815343417e-01
5.284288631037568074e-01
5.284364895306804533e-01
5.284435551311227330e-01
5.284496511629023230e-01
5.284544718561940968e-01
5.284578349716976264e-01
5.284596994880018661e-01
5.284601541247934131e-01
5.284593822643116612e-01
5.284576304504529087e-01
5.284551565798063510e-01
5.284521916258848595e-01
5.284489207152147650e-01
5.284454609077666731e-01
5.284418710483506088e-01
5.284381653648859700e-01
5.284343221831017123e-01
5.284303134104070265e-01
5.284261126380945806e-01
5.284217026141555529e-01
5.284170899659007548e-01
5.284122946249990571e-01
5.284073527076293963e-01
5.284023161299642446e-01
5.283972388317356161e-01
5.283921815837716585e-01
5.283872054074161273e-01
5.283823642715117508e-01
5.283777087373437986e-01
5.283732755640156986e-01
5.283690813614988491e-01
5.283651171097121235e-01
5.283613323494837921e-01
5.283576270158603094e-01
5.283538446523726728e-01
5.283497682361557590e-01
5.283451328800543578e-01
5.283396452121930098e-01
5.283330150767134858e-01
5.283249990406997387e-01
5.283154394336960769e-01
5.283043043645586634e-01
5.282917125058431695e-01
5.282779370065998625e-01
5.282633958680116315e-01
5.282486150960893356e-01
5.282341813154571852e-01
5.282206886662799139e-01
5.282086791329881903e-01
5.281985978656920100e-01
5.281907577728870429e-01
5.281853181529851948e-01
5.281822849610672277e-01
5.281815204715323286e-01
5.281827659630370375e-01
5.281856733614677113e-01
5.281898362704524619e-01
5.281948226776322919e-01
5.282002028796382032e-01
5.282055702566337274e-01
5.282105572065954879e-01
5.282148434068043574e-01
5.282181609164104952e-01
5.282202962062864104e-01
5.282210913057205914e-01
5.282204462990044425e-01
5.282183193149214695e-01
5.282147280649895915e-01
5.282097464536708031e-01
5.282034973313356474e-01
5.281961432997832606e-01
5.281878698140509698e-01
5.281788715248778576e-01
5.281693375340380525e-01
5.281594396442580441e-01
5.281493310051258439e-01
5.281391457673654255e-01
5.281290079214313593e-01
5.281190434488073349e-01
5.281093888153128857e-01
5.281001992734198902e-01
5.280916481507546001e-01
5.280839156747332286e-01
5.280771706187166181e-01
5.280715445075541137e-01
5.280671006975865556e-01
5.280638099094546734e-01
5.280615329594877672e-01
5.280600146528279248e-01
5.280588988877048529e-01
5.280577544872865348e-01
5.280561151016194277e-01
5.280535286193962508e-01
5.280496036058872633e-01
5.280440538981603371e-01
5.280367320719034918e-01
5.280276497620303156e-01
5.280169817588029613e-01
5.280050560872217025e-01
5.279923284658231131e-01
5.279793406725711291e-01
5.279666759082690675e-01
5.279549010845487889e-01
5.279445128955899680e-01
5.279358946399821395e-01
5.279292739419991776e-01
5.279247089768271950e-01
5.279220865028008136e-01
5.279211319933192481e-01
5.279214462402549435e-01
5.279225361293458096e-01
5.279238554109177972e-01
5.279248502287061662e-01
5.279249882603740396e-01
5.279237977587261099e-01
5.279208984562022700e-01
5.279160229633022006e-01
5.279090465972493540e-01
5.279000006622804886e-01
5.278890786744825370e-01
5.278766360736684149e-01
5.278631658351442546e-01
5.278492642721847039e-01
5.278355822057171354e-01
5.278227628854187392e-01
5.278113790801922667e-01
5.278018724005523188e-01
5.277945036440451210e-01
5.277893192956608637e-01
5.277861436026843878e-01
5.277845924814558165e-01
5.277841114059204086e-01
5.277840381135471270e-01
5.277836723082943715e-01
5.277823550028486466e-01
5.277795414951761410e-01
5.277748554363060896e-01
5.277681253848780507e-01
5.277593897203290974e-01
5.277488778687265958e-01
5.277369695989896359e-01
5.277241406445715155e-01
5.277109079020166904e-01
5.276977769878183899e-01
5.276852075120912478e-01
5.276735894825845818e-01
5.276632338638714836e-01
5.276543751263046422e-01
5.276471700764755468e-01
5.276417014205406764e-01
5.276379735779073155e-01
5.276359051163562741e-01
5.276353278745621322e-01
5.276359861164890974e-01
5.276375528608070464e-01
5.276396568000302212e-01
5.276419171133043262e-01
5.276439879949721412e-01
5.276455922094283046e-01
5.276465458304238076e-01
5.276467640073390086e-01
5.276462427100628849e-01
5.276450289157771367e-01
5.276431767342345536e-01
5.276407062422465710e-01
5.276375727137141425e-01
5.276336496228418715e-01
5.276287353667540314e-01
5.276225735099521197e-01
5.276148894391056166e-01
5.276054335837258025e-01
5.275940221139372444e-01
5.275805787571211658e-01
5.275651626854582776e-01
5.275479889588308158e-01
5.275294370998314664e-01
5.275100409709713167e-01
5.274904675420740707e-01
5.274714735413822408e-01
5.274538487710829227e-01
5.274383461727288891e-01
5.274256051002693679e-01
5.274160837045557271e-01
5.274099985238493993e-01
5.274072949296032542e-01
5.274076431328984516e-01
5.274104598626809803e-01
5.274149672554525603e-01
5.274202584918112890e-01
5.274253796908636716e-01
5.274294166903136238e-01
5.274315610477461336e-01
5.274311756212793911e-01
5.274278360123897391e-01
5.274213449793142550e-01
5.274117400804073652e-01
5.273992693251019492e-01
5.273843526121371195e-01
5.273675415855426651e-01
5.273494579356587941e-01
5.273307423064792498e-01
5.273120109768586472e-01
5.272938080554402385e-01
5.272765865741659841e-01
5.272606927371639163e-01
5.272463553212171083e-01
5.272337001318214700e-01
5.272227531885629315e-01
5.272134548161686585e-01
5.272056830637901204e-01
5.271992613144362849e-01
5.271939804906248250e-01
5.271896148027865880e-01
5.271859271883230225e-01
5.271826857538697286e-01
5.271796652911171499e-01
5.271766493044038882e-01
5.271734381310385631e-01
5.271698461641937117e-01
5.271657106715337271e-01
5.271609000352072139e-01
5.271553177889816144e-01
5.271489164056918364e-01
5.271416976405985944e-01
5.271337124343999925e-01
5.271250584262489047e-01
5.271158603159639133e-01
5.271062588638623092e-01
5.270963917478138638e-01
5.270863729786867680e-01
5.270762909018543718e-01
5.270661994228705849e-01
5.270561247367020474e-01
5.270460854585659050e-01
5.270361025547224409e-01
5.270262248599276722e-01
5.270165470176588762e-01
5.270072102421629046e-01
5.269984097462266925e-01
5.269903763151312370e-01
5.269833473285129299e-01
5.269775424546504494e-01
5.269731150099028483e-01
5.269701186169722940e-01
5.269684808005512533e-01
5.269679728559653054e-01
5.269682179327670468e-01
5.269687005519104739e-01
5.269687955702990756e-01
5.269678283159860976e-01
5.269651229265374104e-01
5.269600748530691714e-01
5.269522175792735741e-01
5.269412670587318992e-01
5.269271715142389567e-01
5.269101212826914349e-01
5.268905398201328971e-01
5.268690601135566087e-01
5.268464622856104951e-01
5.268236110256574456e-01
5.268013791131173074e-01
5.267805635824073240e-01
5.267618223605903260e-01
5.267456128215693978e-01
5.267321541648989358e-01
5.267214179100538907e-01
5.267131312876167648e-01
5.267068134118743084e-01
5.267018272645721533e-01
5.266974391131328259e-01
5.266928962550244675e-01
5.266874948339931306e-01
5.266806416114704348e-01
5.266719121018179628e-01
5.266610775710838244e-01
5.266481206037533225e-01
5.266332322014332101e-01
5.266167740340406134e-01
5.265992392554023072e-01
5.265811940000912905e-01
5.265632053760740394e-01
5.265457920872702591e-01
5.265293683184910645e-01
5.265142101124266061e-01
5.265004554260307446e-01
5.264881011571228564e-01
5.264770351003881244e-01
5.264670724459911133e-01
5.264579793902252058e-01
5.264495156483929295e-01
5.264414491855079481e-01
5.264335680238414472e-01
5.264256973765604197e-01
5.264176923328562907e-01
