1.492770018391318433e+07
-1.494914489593324251e+07
1.457526418158270977e+07
-1.393256151878981292e+07
1.288637198825506493e+07
-1.158273424608282559e+07
9.848771473969640210e+06
-7.773176474496049806e+06
5.638194674092496745e+06
-2.896474347812613472e+06
2.030727709929692501e+05
2.809628634557168465e+06
-5.920163941552846693e+06
9.055490168612804264e+06
-1.231436793318108283e+07
1.543972313836767152e+07
-1.859987035613566265e+07
2.147870049988581985e+07
-2.425991436385836452e+07
2.674931559561962262e+07
-2.895061032988628745e+07
3.087637165173117444e+07
-3.233424486908518896e+07
3.361641515747686476e+07
-3.433163722059604526e+07
3.490060776751104742e+07
-3.502132290143050253e+07
3.481464444089717418e+07
-3.444009732638563961e+07
3.369541743038234860e+07
-3.295049847141550854e+07
3.190602507149520144e+07
-3.092121702382354811e+07
2.974945084028250352e+07
-2.877292595170970634e+07
2.770824193058454245e+07
-2.674072387681343406e+07
2.590805330690710619e+07
-2.516590615336878225e+07
2.449405066753407195e+07
-2.402227283262559772e+07
2.357309861691337824e+07
-2.315993655399709195e+07
2.303779872069686651e+07
-2.263131219183028117e+07
2.248958052616740763e+07
-2.225347602479374036e+07
2.193902641969638318e+07
-2.161347790435370803e+07
2.128990156391742453e+07
-2.068731287923349813e+07
2.031694004488999024e+07
-1.951609824883865565e+07
1.890723046520232037e+07
-1.806479934857490659e+07
1.718333556786050275e+07
-1.630010694088780694e+07
1.526291254730979353e+07
-1.441220645853387564e+07
1.319781000800833292e+07
-1.241452445789829455e+07
1.120041293228061870e+07
-1.038345144604356401e+07
9.271305432586699724e+06
-8.424574470431905240e+06
7.389045987037388608e+06
-6.492306959260620177e+06
5.607113081313072704e+06
-4.610175711439365521e+06
3.761507947050206363e+06
-2.683738116069815122e+06
1.892153986848125467e+06
-7.072048404266409343e+05
-1.944196097580036148e+05
1.330468762790104607e+06
-2.350964473548245151e+06
3.480180389071102720e+06
-4.584789929902593605e+06
5.673759438143198378e+06
-6.782987428659413010e+06
7.906658638526060618e+06
-8.949731367467606440e+06
9.995665170606326312e+06
-1.102589802182818018e+07
1.190040452879538015e+07
-1.282187172561250255e+07
1.362099352293012850e+07
-1.430779543080770783e+07
1.487242447338112444e+07
-1.540323040313733555e+07
1.571027879763236083e+07
-1.585631685135067254e+07
1.589718336554071307e+07
-1.565833884527272172e+07
1.529836154561574571e+07
-1.468989176459029876e+07
1.378382662836192362e+07
-1.280700705167048983e+07
1.143050499788338132e+07
-1.003275603137388267e+07
8.235438815628116019e+06
-6.414737443914355710e+06
4.351854154225357808e+06
-2.212363061782709789e+06
1.611301855385825183e+04
2.347410296504742932e+06
-4.533940006554461084e+06
6.877716330734269693e+06
-9.014744273246478289e+06
1.108186920082971826e+07
-1.307174524893372506e+07
1.484731729639774002e+07
-1.653071312558776326e+07
1.797639371405829489e+07
-1.933143118858690560e+07
2.041737987018048763e+07
-2.146800224653328210e+07
2.225519436249782518e+07
-2.300924382685671002e+07
2.364342610329800099e+07
-2.409236012390469760e+07
2.464567432978820428e+07
-2.493089552483619377e+07
2.533248498735748604e+07
-2.553113246421921998e+07
2.586235276039887592e+07
-2.595413485036560148e+07
2.618675314325369149e+07
-2.616700096358769387e+07
2.631261604951872304e+07
-2.623588144448569790e+07
2.621909633767609298e+07
-2.614677156935735792e+07
2.590457253368220851e+07
-2.583114030906308815e+07
2.541780310810681432e+07
-2.530599954076638073e+07
2.479646043536385521e+07
-2.455027967118578404e+07
2.405882465827883780e+07
-2.357785757651942596e+07
2.309570966422086954e+07
-2.252090407058088854e+07
2.191701919145646691e+07
-2.127176337021400407e+07
2.059626291173237935e+07
-1.982074533528516069e+07
1.912231808016410097e+07
-1.830534111909303442e+07
1.751383162506187335e+07
-1.677830790827587247e+07
1.596042168592951074e+07
-1.517539683076188713e+07
1.450668842809724621e+07
-1.372123890567572229e+07
1.308136711035106890e+07
-1.242316518456062302e+07
1.183336201116053946e+07
-1.118806792017282732e+07
1.069964564835719578e+07
-1.009217049044672027e+07
9.618783636271359399e+06
-9.073198520149156451e+06
8.454780966663500294e+06
-8.014777340811021626e+06
7.250518252767371945e+06
-6.687467566725135781e+06
5.888192394548978657e+06
-5.061314833048940636e+06
4.177252294934498146e+06
-3.146149461893650237e+06
2.081348899506954942e+06
-8.659055027636504965e+05
-3.943133548340559937e+05
1.761908524254169315e+06
-3.082388870145299938e+06
4.586786182706202380e+06
-5.959347977708341554e+06
7.357073138949368149e+06
-8.741195286204466596e+06
9.914871382708432153e+06
-1.110727117993435822e+07
1.207355955114280805e+07
-1.285812051328155026e+07
1.355490930850386433e+07
-1.395455239803627320e+07
1.419756640981235914e+07
-1.422995116591986269e+07
1.406574145184236951e+07
-1.364152038413757272e+07
1.315058885453062877e+07
-1.236617920492136106e+07
1.145246384875196777e+07
-1.046909848277875036e+07
9.107067551755141467e+06
-7.908325285988389514e+06
6.313668010551414452e+06
-4.820106073094050400e+06
2.993072767740913667e+06
-1.267415624274394475e+06
-7.075957677923123119e+05
2.724953139517786913e+06
-4.718193066865224391e+06
7.044349497795840725e+06
-9.075912162024196237e+06
1.143857638232288323e+07
-1.365565505184320919e+07
1.590787560812715441e+07
-1.820177762183072791e+07
2.037636934147527814e+07
-2.255259821804612875e+07
2.464721441217220202e+07
-2.659403638137982041e+07
2.850081863201155514e+07
-3.024971155428205431e+07
3.188922147552020475e+07
-3.332865758018054068e+07
3.473846827785135061e+07
-3.587134611853061616e+07
3.704537759294264019e+07
-3.795290523448815197e+07
3.878902909978684783e+07
-3.955205005345632881e+07
4.017318549762429297e+07
-4.073050382154470682e+07
4.108329070772019029e+07
-4.150589414283505827e+07
4.159045841264966130e+07
-4.176856502075804025e+07
4.166883771031171083e+07
-4.147276239809889346e+07
4.117761260881683230e+07
-4.060280090570288897e+07
4.004055667530763894e+07
-3.915848700802186877e+07
3.818442444794759154e+07
-3.705049770703221858e+07
3.577004995643968880e+07
-3.437161995381500572e+07
3.288545755330470949e+07
-3.138456250077611953e+07
2.972263763533566147e+07
-2.827459129512300715e+07
2.668406911079945415e+07
-2.532027177861266583e+07
2.392317729438433051e+07
-2.273767911650703102e+07
2.180800282948474586e+07
-2.082032231066538021e+07
2.024160838053710014e+07
-1.967776775199928135e+07
1.929042969171445817e+07
-1.918442323721196875e+07
1.902298269360086694e+07
-1.902396538278474286e+07
1.913483224801592529e+07
-1.925991982603564113e+07
1.939781607358745486e+07
-1.949033850022915751e+07
1.969264534204372391e+07
-1.960350074397489801e+07
1.976423700905606896e+07
-1.959206635197125003e+07
1.947729861684543639e+07
-1.931545467282382026e+07
1.900975597197068483e+07
-1.869375395169993117e+07
1.828340290465459228e+07
-1.793175802296013385e+07
1.739208051364906505e+07
-1.703006538063434511e+07
1.643284852493815124e+07
-1.601619918754564412e+07
1.544338374644954875e+07
-1.494268267834010907e+07
1.440862737990419008e+07
-1.379035900999803096e+07
1.322497224869122915e+07
-1.251599269312625006e+07
1.180378156181311794e+07
-1.099575767698553950e+07
1.016539663727290370e+07
-9.267222188670871779e+06
8.190284699017456733e+06
-7.142125689818926156e+06
6.002664032548160292e+06
-4.843085216525652446e+06
3.668970932051804382e+06
-2.454767240191436838e+06
1.342813538788658800e+06
-2.393447443788411329e+05
-6.680629271586847026e+05
1.540969606876035454e+06
-2.184884478106082883e+06
2.681237042283926625e+06
-2.960763724214618094e+06
3.017210539906741586e+06
-2.916335709284438286e+06
2.520800933809991926e+06
-1.936103030489274766e+06
1.197087523580067791e+06
-2.285842888028358866e+05
-8.737295830049882643e+05
2.153587036452217959e+06
-3.493948977603521198e+06
4.993543498596190475e+06
-6.530296038637866266e+06
8.150652067403770983e+06
-9.836587062380658463e+06
1.150879980379251204e+07
-1.326452615170083754e+07
1.493134595728247054e+07
-1.674255335195733421e+07
1.837916183502192795e+07
-2.018060548005432636e+07
2.179640121575535461e+07
-2.344472436779270321e+07
2.510197580759796873e+07
-2.650431861468271166e+07
2.806589781738841534e+07
-2.931562173671735823e+07
3.056616788748615235e+07
-3.159094227173061296e+07
3.251485873305762559e+07
-3.320697270841003954e+07
3.368141563338058442e+07
-3.409417192376067489e+07
3.408733815443853289e+07
-3.406070505794116855e+07
3.373641533122993261e+07
-3.325820543107879907e+07
3.262735662151259556e+07
-3.186610524840709940e+07
3.098401869384060055e+07
-2.996459496079134941e+07
2.902953289050910249e+07
-2.785998758596893027e+07
2.688527934494341910e+07
-2.569394861655152217e+07
2.464639538997100294e+07
-2.352908990037294105e+07
2.242905264332909137e+07
-2.127996143678673729e+07
2.010922376333758235e+07
-1.900075659107919782e+07
1.763753729645416513e+07
-1.650072449053350650e+07
1.500890566160721891e+07
-1.372910425939089432e+07
1.223960302485434338e+07
-1.086257675144772418e+07
9.362284587516171858e+06
-7.981416749918409623e+06
6.694322811042462476e+06
-5.434071773687468842e+06
4.368727499214433134e+06
-3.371243351103898603e+06
2.698687348635960370e+06
-2.014236137500402518e+06
1.824830771322936285e+06
-1.496726719625899801e+06
1.686444765911120456e+06
-1.882124518616044661e+06
2.340426184601529501e+06
-2.984025224063783884e+06
3.662054454252515920e+06
-4.743118540162042715e+06
5.641417480852325447e+06
-6.900572063499373384e+06
8.115405591846100055e+06
-9.506573328103054315e+06
1.091657647328069992e+07
-1.252119492418852262e+07
1.405829933006061055e+07
-1.576930459110860154e+07
1.756486562549832091e+07
-1.934872929214490578e+07
2.133661192426249757e+07
-2.323534894257417694e+07
2.535448311018704623e+07
-2.739278485036902875e+07
2.953035315624001622e+07
-3.171637252397011966e+07
3.378264501034253836e+07
-3.595890850873292238e+07
3.805131481961324811e+07
-3.996458706911322474e+07
4.193898655803444982e+07
-4.365932265414167941e+07
4.522552515805795789e+07
-4.672497696099423617e+07
4.792598157531789690e+07
-4.882657744310700893e+07
4.969606277458161861e+07
-5.007369762516640872e+07
5.042611802968307585e+07
-5.036786189514400065e+07
5.014893760670763254e+07
-4.968301549419481307e+07
4.895644142942656577e+07
-4.816513114538253099e+07
4.695989178382776678e+07
-4.597442242329303175e+07
4.445576279492302239e+07
-4.321288512288215756e+07
4.164570815498109907e+07
-4.023082652056804299e+07
3.876626420301429182e+07
-3.727626941852927953e+07
3.595226980617637932e+07
-3.450532649739026278e+07
3.332740523978909850e+07
-3.206521241161369532e+07
3.110254997194632888e+07
-2.998394631925625727e+07
2.914615880331033841e+07
-2.828351001013411954e+07
2.757834385571963713e+07
-2.687897905325453356e+07
2.625999063367727399e+07
-2.575586239672798291e+07
2.512486677622609586e+07
-2.472892775076382980e+07
2.426523063810760528e+07
-2.375950235979006812e+07
2.336281075505336747e+07
-2.289966349136291072e+07
2.241243634814115614e+07
-2.198359768190461770e+07
2.147912687707640231e+07
-2.094371104334648699e+07
2.044776288840312883e+07
-1.990987516133487597e+07
1.931995901794880629e+07
-1.875094634179309011e+07
1.809468397356336564e+07
-1.748636502226411924e+07
1.682535673139908165e+07
-1.609350071055438183e+07
1.536567284077100269e+07
-1.451666696729975566e+07
1.367558731822530739e+07
-1.273600381801976264e+07
1.172814896249678731e+07
-1.066359681042286381e+07
9.474176577924201265e+06
-8.326176377028569579e+06
6.964727950571514666e+06
-5.746929376159076579e+06
4.339900779543795623e+06
-2.969269621520289686e+06
1.592871506204804406e+06
-1.245130312310159206e+05
-1.162803627291283570e+06
2.596033381789868698e+06
-3.911670302284741774e+06
5.239945335424256511e+06
-6.496175150644983165e+06
7.745337232269951142e+06
-8.956230779761467129e+06
1.010089374895921722e+07
-1.126917710264142230e+07
1.230427273864474334e+07
-1.344335321307879314e+07
1.439545935936374031e+07
-1.539687087313826568e+07
1.635639472912160493e+07
-1.718592853411559388e+07
1.804040606593742967e+07
-1.873258263105130568e+07
1.943092771513123438e+07
-1.993780733677839115e+07
2.046252667208924890e+07
-2.071984809937690943e+07
2.091890661510554701e+07
-2.091392540557605028e+07
2.085362918986392021e+07
-2.052898775722529739e+07
2.002430626126251370e+07
-1.942011442236389220e+07
1.863351960849048942e+07
-1.769396998104727641e+07
1.660506018478809297e+07
-1.539533274232445844e+07
1.405858820971807279e+07
-1.271614534150082804e+07
1.124410491959989630e+07
-9.796311574371280149e+06
8.152197453739847988e+06
-6.749753639806573279e+06
5.069587453437578864e+06
-3.672554803063296247e+06
2.035790909949188586e+06
-5.397655959037473658e+05
-9.059903556038468378e+05
2.508436561959150247e+06
-3.857683219072972424e+06
5.470977181375956163e+06
-6.942273176240360364e+06
8.420190593982346356e+06
-9.942841002409372479e+06
1.151021715310127474e+07
-1.291825776755365171e+07
1.446838831994061545e+07
-1.587568269297125749e+07
1.720028324814759195e+07
-1.857191203601647168e+07
1.971912013500635698e+07
-2.075136087652577832e+07
2.171804250330078974e+07
-2.238481559727904201e+07
2.301942213510074839e+07
-2.335189256244029105e+07
2.359231602479628101e+07
-2.355684636862381548e+07
2.344517112580598518e+07
-2.313169096183516830e+07
2.271964247337423638e+07
-2.215140552157333493e+07
2.158398066692252085e+07
-2.091482231927405298e+07
2.017373589067947865e+07
-1.958827314668461680e+07
1.890355990715192631e+07
-1.831866032532225922e+07
1.774147978180280700e+07
-1.732790077171171084e+07
1.678800841301419958e+07
-1.652880925089699775e+07
1.617497074471283518e+07
-1.597578853235225193e+07
1.563404106689281575e+07
-1.553047647682915628e+07
1.514655603207275085e+07
-1.494539384199758805e+07
1.466363764891171828e+07
-1.416602579757168703e+07
1.376844906520913728e+07
-1.312359618246114254e+07
1.250031196225014515e+07
-1.165441960404555127e+07
1.084396042657383159e+07
-9.788103195062741637e+06
8.749868597754372284e+06
-7.499001066441479139e+06
6.344171627777070738e+06
-4.894156703466238454e+06
3.572257052944574505e+06
-2.193396013310409617e+06
6.283606971210277406e+05
7.602214607618950540e+05
-2.314693678526865784e+06
3.790744703385540284e+06
-5.316112826243025251e+06
6.823132573800642043e+06
-8.310897254468666390e+06
9.822185519254731014e+06
-1.128794069185559265e+07
1.272162647493215092e+07
-1.416397648013222776e+07
1.549091424926951341e+07
-1.686801797117679939e+07
1.812098296578967944e+07
-1.933717005342328921e+07
2.057364789532062411e+07
-2.154029520512680337e+07
2.263957670438180491e+07
-2.349891618960010633e+07
2.432000033137909323e+07
-2.508262584284327924e+07
2.568980189147088677e+07
-2.626304823517384008e+07
2.661300026577898860e+07
-2.699292805511640757e+07
2.716611064419432729e+07
-2.724421256589524448e+07
2.714036680655315891e+07
-2.705684926149053127e+07
2.662001699925768375e+07
-2.625231515095869079e+07
2.563406283957107365e+07
-2.483558253848522902e+07
2.404664044196503982e+07
-2.291952082768969983e+07
2.186034179139433801e+07
-2.049246702707303315e+07
1.917828570721864700e+07
-1.765865989687104523e+07
1.616867824671279825e+07
-1.457248963415360451e+07
1.294078497509588301e+07
-1.132458556624571607e+07
9.680472075137205422e+06
-8.125262215453888290e+06
6.559157610722905025e+06
-5.090162250029230490e+06
3.612444316766858567e+06
-2.341626598394750152e+06
1.053727969272560440e+06
9.583794090589246480e+04
-1.105911354002236389e+06
2.143139075962043833e+06
-2.864693712049444206e+06
3.692545999849514570e+06
-4.220275962528309785e+06
4.765623568320661783e+06
-5.134829705590604804e+06
5.407116572323801927e+06
-5.655491497324947268e+06
5.667798280936032534e+06
-5.748501996499858797e+06
5.583383894379016012e+06
-5.523918609417255037e+06
5.247528073122235946e+06
-5.012075405242840759e+06
4.722613797913388349e+06
-4.418539314954471774e+06
4.104082443692646921e+06
-3.800396680777599569e+06
3.567011419425284024e+06
-3.335322605952247512e+06
3.231300692745059263e+06
-3.201620374686703552e+06
3.220445747872400098e+06
-3.471899622737370431e+06
3.704736850434292573e+06
-4.293733031716630794e+06
4.765269186321089976e+06
-5.573092702332739718e+06
6.402382501861116849e+06
-7.379550944179455750e+06
8.506342895547784865e+06
-9.542706132552072406e+06
1.087868198612456955e+07
-1.194772581367758289e+07
1.325840649494673871e+07
-1.429338276917559281e+07
1.547044149603980966e+07
-1.637098013405038044e+07
1.731633181950882077e+07
-1.803959648271523416e+07
1.864285342477269471e+07
-1.912117520608928427e+07
1.948862163129477948e+07
-1.975736463413370028e+07
1.987298241115340590e+07
-1.998704302772827074e+07
1.995831260569285229e+07
-1.996653050069669634e+07
1.990046466516123340e+07
-1.980483775818797573e+07
1.976280255156724527e+07
-1.966929418314391747e+07
1.953946587925941497e+07
-1.951365490242890269e+07
1.932159351329968497e+07
-1.934226658369909227e+07
1.913132908598262072e+07
-1.902065403367248178e+07
1.881076186365000159e+07
-1.873496327306821570e+07
1.844485278715180606e+07
-1.822984945347924158e+07
1.800723581916755065e+07
-1.773065841818731278e+07
1.740500761167094857e+07
-1.710237131053827330e+07
1.682168486643366516e+07
-1.635171973918674700e+07
1.615106885693645477e+07
-1.574599410070777498e+07
1.553666225425031781e+07
-1.518285671330790222e+07
1.511493509031138197e+07
-1.494422729232010618e+07
1.493559817616985738e+07
-1.505544270199302770e+07
1.525654662888709456e+07
-1.549618980878174305e+07
1.597419871437573619e+07
-1.642241178021917678e+07
1.701167663024390116e+07
-1.774514061788997427e+07
1.841822490279699862e+07
-1.930191274588541314e+07
2.010496948743668571e+07
-2.109913352623781562e+07
2.199552251004127413e+07
-2.311109636744612828e+07
2.412338398920615017e+07
-2.525369683918934315e+07
2.640604720258269459e+07
-2.763601853153257072e+07
2.885049029026900977e+07
-3.020124076469865814e+07
3.144828565071303770e+07
-3.288011334364118427e+07
3.422294465600001812e+07
-3.564602113907878846e+07
3.713335523845575750e+07
-3.845090051248276979e+07
4.005737845186971128e+07
-4.135803379813810438e+07
4.288175384667882323e+07
-4.424525014627881348e+07
4.563883939093811810e+07
-4.704001659599760175e+07
4.830058227819598466e+07
-4.958972218328852952e+07
5.076312261564287543e+07
-5.189258580460334569e+07
5.287439647398195416e+07
-5.379692765714752674e+07
5.449840146668462455e+07
-5.512064485988815129e+07
5.554938194884742796e+07
-5.579558277961984277e+07
5.590150169190807641e+07
-5.567753646510869265e+07
5.544969109647864103e+07
-5.487811690308464319e+07
5.426490899985489994e+07
-5.344906177644936740e+07
5.254063063150002807e+07
-5.154871645439010113e+07
5.041800524823555350e+07
-4.947540546095412970e+07
4.825572538103701919e+07
-4.735921972621522099e+07
4.634107181996901333e+07
-4.543627389365997165e+07
4.470105072264631838e+07
-4.394749334343536198e+07
4.346110298198390752e+07
-4.288204717692457885e+07
4.251346480038571358e+07
-4.215104283258980513e+07
4.184094752599242330e+07
-4.152630386013070494e+07
4.119975149005103856e+07
-4.085715077219492197e+07
4.039286168384043127e+07
-3.993359847927232087e+07
3.933997199638178945e+07
-3.868295732283057272e+07
3.795140057098001242e+07
-3.719953359957637638e+07
3.636008020534902066e+07
-3.551864517582753301e+07
3.465504594776586443e+07
-3.381084582116881013e+07
3.299698897918688506e+07
-3.218792084095960110e+07
3.139381305966038257e+07
-3.071921389986044914e+07
2.995137006776991114e+07
-2.922283035792556033e+07
2.851969681295781210e+07
-2.773040564400096983e+07
2.688637962957281247e+07
-2.595715564399579167e+07
2.495518243079914153e+07
-2.368621862207079679e+07
2.249513088169574738e+07
-2.089505799724307656e+07
1.936880864230353758e+07
-1.750119344529387727e+07
1.561181575917998701e+07
-1.357262892265105434e+07
1.131285279036741331e+07
-9.204794396800577641e+06
6.841194139607143588e+06
-4.585380158990211785e+06
2.303298709753976669e+06
-5.724304401185600727e+04
-2.098627690389848780e+06
4.137747510380339809e+06
-6.059049861784146167e+06
7.849483094101708382e+06
-9.516978847597211599e+06
1.094924954062574729e+07
-1.229706955482483469e+07
1.337686764990375750e+07
-1.444006328953216225e+07
1.523046940157859400e+07
-1.593793977739284374e+07
1.651809142715027183e+07
-1.694141462537232786e+07
1.735356595244016871e+07
-1.763301440618847311e+07
1.784258010810511559e+07
-1.799626456373737007e+07
1.816968890513869002e+07
-1.819017856331079081e+07
1.822140174885506928e+07
-1.822854864182998613e+07
1.808019922655948997e+07
-1.797188986325946450e+07
1.773362674075004831e+07
-1.743477839459451661e+07
1.712209804182614386e+07
-1.664607815943085216e+07
1.613653915152492374e+07
-1.561535416756144911e+07
1.502316169385109469e+07
-1.442078451547157578e+07
1.385676197527954914e+07
-1.324443846669139899e+07
1.274060694526002742e+07
-1.228922798780234717e+07
1.195288334040579014e+07
-1.164416333375453018e+07
1.154850412788580358e+07
-1.154159990627926961e+07
1.168445309016732313e+07
-1.202845196662917361e+07
1.241746703171544522e+07
-1.303371647912986763e+07
1.375414426812235266e+07
-1.448950737591959536e+07
1.552313821729944274e+07
-1.648487935926093906e+07
1.751348574857483804e+07
-1.871985437240559235e+07
1.972869094950483367e+07
-2.094456007778540626e+07
2.202525595612373203e+07
-2.311122324202812463e+07
2.420080780296783522e+07
-2.517479543535801396e+07
2.615946628981551528e+07
-2.701359238270572945e+07
2.792618000189175084e+07
-2.864792089278830960e+07
2.938276222778581083e+07
-2.997748260377574340e+07
3.060682739954243228e+07
-3.115004637020365894e+07
3.157572247030729055e+07
-3.205474898344389722e+07
3.240473477504833415e+07
-3.278853142246134579e+07
3.297577849977090582e+07
-3.332025846126195416e+07
3.338741093199003115e+07
-3.354026127492503077e+07
3.358230482814617455e+07
-3.356718804609386623e+07
3.337121420645348355e+07
-3.320599125008732826e+07
3.291808306419647858e+07
-3.241861085805040225e+07
3.197753036013141647e+07
-3.123723438394276798e+07
3.056860259852565080e+07
-2.962645346296769381e+07
2.866342474010881782e+07
-2.753887458846898749e+07
2.641235629414863139e+07
-2.496909315454281867e+07
2.372841921941480413e+07
-2.210393141246202961e+07
2.062130631096280366e+07
-1.897230872404687852e+07
1.725724190496655926e+07
-1.559475295481989346e+07
1.367385316841214523e+07
-1.199623410876085423e+07
1.004129822230620682e+07
-8.300643798023675568e+06
6.376316829946424812e+06
-4.586008701873661019e+06
2.694533390991915949e+06
-9.931515581728558755e+05
-8.265368055501210038e+05
2.405586782717705239e+06
-4.061857927558733616e+06
5.499257280887731351e+06
-6.900918691826306283e+06
8.101918450424743816e+06
-9.132176116881957278e+06
1.007497628955304250e+07
-1.061481649406217225e+07
1.117100503014486097e+07
-1.126526553572918102e+07
1.128958340610156208e+07
-1.088375479763179086e+07
1.035263053772843070e+07
-9.413692891902213916e+06
8.324133071609764360e+06
-6.935431121231460944e+06
5.258876928602463566e+06
-3.483852139945163392e+06
1.348405215925127501e+06
8.438980457968472037e+05
-3.298007670742301736e+06
5.760815404380369000e+06
-8.451947905843464658e+06
1.115385441601797193e+07
-1.388013786368792318e+07
1.678357493628655002e+07
-1.947782986305604503e+07
2.241465343167804182e+07
-2.512597057294033840e+07
2.791457066112608463e+07
-3.052966379474679008e+07
3.320706844720605761e+07
-3.559835814695615321e+07
3.806615360550848395e+07
-4.025161849315692484e+07
4.228743736171679944e+07
-4.422777808483816683e+07
4.582604017838153988e+07
-4.743186376823931187e+07
4.853356260730484128e+07
-4.975632269621701539e+07
5.045302424246941507e+07
-5.116753464437826723e+07
5.151849776528040320e+07
-5.184171288770730048e+07
5.185043800898858160e+07
-5.179095910181439668e+07
5.158413539227777719e+07
-5.119480164766684175e+07
5.065599466384413838e+07
-5.009961126074788719e+07
4.931118087365805358e+07
-4.848140023630529642e+07
4.746459719030378759e+07
-4.629503971155708283e+07
4.515945466266769171e+07
-4.358353965116690099e+07
4.226231742553914338e+07
-4.046478095205143094e+07
3.876322255239997804e+07
-3.689397671626102924e+07
3.483201845020307600e+07
-3.269339756015346944e+07
3.059222599190566316e+07
-2.813456059368314594e+07
2.588527583160734922e+07
-2.333538802877392620e+07
2.082711583330238611e+07
-1.831660334421491623e+07
1.561979804840225354e+07
-1.314661106730334461e+07
1.043149789864406735e+07
-7.971579786526406184e+06
5.377301801294200122e+06
-3.048429397171991412e+06
5.776475968070833478e+05
1.569268974309732439e+06
-3.669017545755594969e+06
5.733209687573616393e+06
-7.493071152774275281e+06
9.237367764084635302e+06
-1.082697876640749909e+07
1.229201249342124909e+07
-1.366941526399092562e+07
1.496512713953026757e+07
-1.611195079426134937e+07
1.740389835536165535e+07
-1.836992139749132097e+07
1.946645190261659026e+07
-2.054380370044901967e+07
2.144337601692752168e+07
-2.251934821344271675e+07
2.333349002518976480e+07
-2.429529123135600239e+07
2.507606595072789490e+07
-2.583055348950333521e+07
2.650472047717847675e+07
-2.715039066381128132e+07
2.763444755056320131e+07
-2.801458727426639944e+07
2.838403594609417766e+07
-2.857306953937258199e+07
2.867965963874849677e+07
-2.870079614255743846e+07
2.862248072729355842e+07
-2.841975107700102776e+07
2.820415988892190903e+07
-2.786466373238121718e+07
2.752857021014469862e+07
-2.703479175967277586e+07
2.668089146240220591e+07
-2.615341271183859184e+07
2.568918004218230397e+07
-2.513912015400216356e+07
2.462895283118672669e+07
-2.415148593319519982e+07
2.349134728541255370e+07
-2.293032766721070558e+07
2.232471671429013833e+07
-2.161525305731481314e+07
2.095179215046619996e+07
-2.011681279643986747e+07
1.927935123778088018e+07
-1.838721681772270054e+07
1.732805105308251083e+07
-1.627719240869874693e+07
1.497505837320686691e+07
-1.370655850203732774e+07
1.219954311880492233e+07
-1.072066942728901654e+07
9.004865409305175766e+06
-7.208210563734885305e+06
5.334197719842838123e+06
-3.354609824683187995e+06
1.349772308276483789e+06
7.619848712092381902e+05
-2.891428166832336225e+06
5.061729087315922603e+06
-7.152535046880315989e+06
9.386675940113507211e+06
-1.139664955749128386e+07
1.351091832489515282e+07
-1.546828501764760911e+07
1.737276068320728093e+07
-1.917030246180385724e+07
2.076884815868237615e+07
-2.240557200008967891e+07
2.367889639931475744e+07
-2.496358775486084819e+07
2.600533887486390769e+07
-2.681841744445855543e+07
2.757018185945245996e+07
-2.803324852252013236e+07
2.846029370332763344e+07
-2.859415673038445786e+07
2.867260359249272943e+07
-2.859311881709999219e+07
2.842412013343334571e+07
-2.818413083048663288e+07
2.777051231709953025e+07
-2.743274324488956854e+07
2.688933648445075005e+07
-2.647327964952593669e+07
2.584711282274075970e+07
-2.526539575601622835e+07
2.456472204510476440e+07
-2.382332353520498052e+07
2.292992550577613711e+07
-2.202341396017913520e+07
2.092269440848677233e+07
-1.973342429835679382e+07
1.850165282130200416e+07
-1.699383478213517740e+07
1.555521998359005526e+07
-1.387674379786683060e+07
1.226677998969273455e+07
-1.047728851683933102e+07
8.813685501262336969e+06
-7.041913897909362800e+06
5.389036135171981528e+06
-3.748737088866748847e+06
2.298730704561894760e+06
-8.101302267836491810e+05
-3.932319145565024810e+05
1.533006613561542705e+06
-2.572925312544251326e+06
3.329592890796802938e+06
-4.214241480269613676e+06
4.657573690580261871e+06
-5.352580266757193953e+06
5.668150194523347542e+06
-6.132704416627879255e+06
6.409678913492197171e+06
-6.748199417000913993e+06
7.059787536017866805e+06
-7.239210277238304727e+06
7.659491370803872123e+06
-7.818395485349313356e+06
8.209805649991168641e+06
-8.428278039868410677e+06
8.848384247154451907e+06
-9.132546409637158737e+06
9.515322704886328429e+06
-9.874628177559791133e+06
1.025065694645273872e+07
-1.069477187971757539e+07
1.098765725533607230e+07
-1.150508068333152868e+07
1.178287573797453009e+07
-1.216279866197446361e+07
1.251847092761746608e+07
-1.279283562396382913e+07
1.304553622949518822e+07
-1.322301930662607588e+07
1.332526613125214726e+07
-1.331892518594974838e+07
1.326570877546837740e+07
-1.307858780868141539e+07
1.276663813413891755e+07
-1.232833998518832773e+07
1.176645261664990149e+07
-1.106473378615867347e+07
1.018691914047443680e+07
-9.172422547408044338e+06
7.994116897997708060e+06
-6.619188457230201922e+06
5.183100918067908846e+06
-3.485936067304258700e+06
1.735600284581783693e+06
2.077565301090060675e+05
-2.196668272855893709e+06
4.292502404783933423e+06
-6.457468438045087270e+06
8.658127036967184395e+06
-1.083015719697613083e+07
1.299617472070199251e+07
-1.524563590634755418e+07
1.728650406032818928e+07
-1.942029697682856023e+07
2.137492493282485008e+07
-2.332296795231630281e+07
2.509823620267463848e+07
-2.692446354802263528e+07
2.855483209964963049e+07
-3.016806841538157687e+07
3.163988680738805607e+07
-3.310338301450891048e+07
3.439972191758925468e+07
-3.558810538061677665e+07
3.681466292421200871e+07
-3.770681551288373023e+07
3.865602527471040934e+07
-3.931975766376750916e+07
3.996210095982372761e+07
-4.031615137614373118e+07
4.062092896975165606e+07
-4.063510497031122446e+07
4.053409094894878566e+07
-4.024385313500470668e+07
3.973427108073895425e+07
-3.914641586121524870e+07
3.826952959057162702e+07
-3.733928175574726611e+07
3.619782400471723080e+07
-3.495387342858185619e+07
3.348679778213617206e+07
-3.206385880660457537e+07
3.032737418962366506e+07
-2.869192316295399889e+07
2.685261727028620616e+07
-2.489930604946466908e+07
2.306512791053051502e+07
-2.095345869177575409e+07
1.903464821125467494e+07
-1.687090152094895393e+07
1.493035979140873998e+07
-1.279817188209120370e+07
1.086537625780723803e+07
-8.882108799595937133e+06
7.027463903083753772e+06
-5.241197479626664892e+06
3.528783973432231694e+06
-2.067813570249337004e+06
5.795295221757683903e+05
6.268915118878768990e+05
-1.771791743657024577e+06
2.644003427524256054e+06
-3.574830226012901869e+06
4.114610909508985002e+06
-4.745053358889389783e+06
5.148862443462013267e+06
-5.510794983986616135e+06
5.816929997769855894e+06
-6.077048054451039992e+06
6.311627862978028134e+06
-6.624780584347317927e+06
6.843156706760605797e+06
-7.185432838768243790e+06
7.561339840352228843e+06
-7.945926769752912223e+06
8.454557556016631424e+06
-8.871020739552387968e+06
9.503238999091602862e+06
-9.947631765989921987e+06
1.057831040852251649e+07
-1.098304858347831294e+07
1.154132307316169515e+07
-1.189992887940263003e+07
1.231362912442092970e+07
-1.251341042980749719e+07
1.266927144268799387e+07
-1.272931431767563336e+07
1.266673840868610144e+07
-1.253088869799121656e+07
1.220292647790237330e+07
-1.188519497845924646e+07
1.142220270608882792e+07
-1.093759518453316018e+07
1.041477275577662885e+07
-9.910161142712427303e+06
9.362150593934383243e+06
-8.967441325663410127e+06
8.530646036794485524e+06
-8.316557940173293464e+06
8.074669676203710958e+06
-8.173769195915488526e+06
8.243151473993891850e+06
-8.537769738894399256e+06
8.946149790753545240e+06
-9.573185012468332425e+06
1.022809629687484168e+07
-1.096104369593906403e+07
1.187663923661927320e+07
-1.262193758557749912e+07
1.356885339115461148e+07
-1.433071231017872319e+07
1.506453573189443909e+07
-1.566907961605094559e+07
1.613039400375920162e+07
-1.640928881722108647e+07
1.657744833995582722e+07
-1.639602989823595993e+07
1.614927224684803933e+07
-1.558984132630712353e+07
1.485891920239431411e+07
-1.393859330928475969e+07
1.276075404530448839e+07
-1.149675187125892565e+07
9.943055576925294474e+06
-8.354782489624180831e+06
6.619497490500312299e+06
-4.777869290310702287e+06
2.874545782032364514e+06
-1.006842955002329778e+06
-9.926247454482428730e+05
2.823184579453313723e+06
-4.687135893629653379e+06
6.504235652617261745e+06
-8.126884065042940900e+06
9.758960321401359513e+06
-1.120503865780925564e+07
1.257268234551787935e+07
-1.385237164283617027e+07
1.502586268112991564e+07
-1.614991756294151582e+07
1.721830697065722197e+07
-1.824476878563554212e+07
1.929248344057346135e+07
-2.028682257012377307e+07
2.142935349930617213e+07
-2.245551906284425035e+07
2.361797068302042410e+07
-2.478314315577178448e+07
2.591310110562820733e+07
-2.713591506022623926e+07
2.822068150131283700e+07
-2.934143664342831448e+07
3.028219144399079680e+07
-3.118217441405551881e+07
3.190084087717326730e+07
-3.247232413499863073e+07
3.280410116834595799e+07
-3.304175072001765668e+07
3.293405552300968766e+07
-3.272880002485235780e+07
3.230305261297754943e+07
-3.156800166486648843e+07
3.080364058127108216e+07
-2.972086838267519698e+07
2.853465274973727018e+07
-2.719613913807964697e+07
2.569221418281466886e+07
-2.405693151390915364e+07
2.237080848313585296e+07
-2.052342090239697695e+07
1.863515088429781795e+07
-1.666229086281054467e+07
1.468124769369964302e+07
-1.263610888626650535e+07
1.060145408417681977e+07
-8.529648603348437697e+06
6.532785523845655844e+06
-4.494229195399393328e+06
2.518396069446264300e+06
-5.912961364435722353e+05
-1.371212915669338545e+06
3.199996647717429325e+06
-5.083057042407799512e+06
6.860300768980659544e+06
-8.635478517530251294e+06
1.035714116835025512e+07
-1.201111298637725227e+07
1.362464108018610068e+07
-1.516114270925916918e+07
1.664779982960194349e+07
-1.801126009006592631e+07
1.936387515215510130e+07
-2.056004705338873714e+07
2.165117856628755108e+07
-2.271259571756230295e+07
2.355096356626883522e+07
-2.437016340195210278e+07
2.501448010161676258e+07
-2.554401974510015547e+07
2.591829162523220852e+07
-2.621384658931908011e+07
2.631464526576424763e+07
-2.626113166760423034e+07
2.610658577060019225e+07
-2.569095948739267886e+07
2.518342836201934516e+07
-2.445345151905496791e+07
2.357375634795921668e+07
-2.251428162266404182e+07
2.127208061670906842e+07
-1.984463966961946338e+07
1.828379467286122590e+07
-1.656466806183477305e+07
1.461318083935270458e+07
-1.267284667212130502e+07
1.050400116942582093e+07
-8.316469618577023968e+06
5.983419077383661643e+06
-3.656455961407466326e+06
1.280758941771601792e+06
1.215967363166929455e+06
-3.547036307472898625e+06
6.045322082569589838e+06
-8.390226699652817100e+06
1.083267341913788207e+07
-1.311329305319443531e+07
1.547621333921171911e+07
-1.768966124716967717e+07
1.989319432028394565e+07
-2.206912218098993599e+07
2.418863464206079766e+07
-2.626965798680316657e+07
2.822385768529351801e+07
-3.034346113751445711e+07
3.223285473491279408e+07
-3.426430814256764203e+07
3.618233468425625563e+07
-3.815517358341327310e+07
4.006423243070288748e+07
-4.202533538524480909e+07
4.388776150567704439e+07
-4.574442268824736774e+07
4.765231196338251978e+07
-4.936189447599492967e+07
5.103010734365340322e+07
-5.262138142007058114e+07
5.412052487509158999e+07
-5.539002089749516547e+07
5.654369857364153862e+07
-5.751143334924539924e+07
5.825003341700801998e+07
-5.878578938795892149e+07
5.909964979198686033e+07
-5.915454288138677180e+07
5.901358199427600950e+07
-5.856865379264399409e+07
5.792746918309906870e+07
-5.709973195025986433e+07
5.595167885713949054e+07
-5.480358757556845993e+07
5.330401028815988451e+07
-5.178665559334161133e+07
5.008751343069102615e+07
-4.824254901867606491e+07
4.649429256192102283e+07
-4.443136707423185557e+07
4.257465631184531748e+07
-4.049018202797324955e+07
3.853011038946118206e+07
-3.643575035933434218e+07
3.439769826957844198e+07
-3.239058712180937827e+07
3.025057659623164311e+07
-2.820517917570914701e+07
2.611937926421320066e+07
-2.402260089973378927e+07
2.188493640666393936e+07
-1.977749511648976430e+07
1.760694309279027954e+07
-1.552631886752426997e+07
1.331381519433011115e+07
-1.117158756708516367e+07
9.042014662138815969e+06
-6.915015256227142178e+06
4.838395211300259456e+06
-2.797405498114188202e+06
8.657642656866479665e+05
1.010570116268414771e+06
-2.820178457988604903e+06
4.453124957240930758e+06
-6.016200078612986952e+06
7.375732840148471296e+06
-8.682427933581121266e+06
9.736158957912748680e+06
-1.072477416139729694e+07
1.149342790155525133e+07
-1.215551078630160540e+07
1.268584742770146765e+07
-1.288698211030145548e+07
1.323077597885685787e+07
-1.311782975838246942e+07
1.302679602776191756e+07
-1.279979842790105753e+07
1.228651137706634402e+07
-1.170193996267039888e+07
1.100756509611497447e+07
-1.010668066679375060e+07
9.100231726504271850e+06
-8.018901273018376902e+06
6.787540567776605487e+06
-5.563252379050751217e+06
4.191699658383133356e+06
-2.921084432467354927e+06
1.582661968637695769e+06
-3.699833908889113809e+05
-7.362300515532656573e+05
1.768748569274449022e+06
-2.575230148268382065e+06
3.195167516934347805e+06
-3.605303688942675013e+06
3.747085706013467629e+06
-3.641349154239781667e+06
3.266886702526498120e+06
-2.678202094291390385e+06
1.829261632574339863e+06
-7.421652201363329077e+05
-5.222416677291030646e+05
1.947911510182272876e+06
-3.503976065211272798e+06
5.131578292270820588e+06
-6.836672082511730492e+06
8.588272241493307054e+06
-1.024187274340944365e+07
1.202303253564309143e+07
-1.353446218292154185e+07
1.523447434864722937e+07
-1.672604892726324499e+07
1.814313547411997616e+07
-1.963727018917341530e+07
2.091804961869785190e+07
-2.237913823391658813e+07
2.361679402849862725e+07
-2.504008899379336089e+07
2.634951910780102015e+07
-2.769486964239494130e+07
2.910146896632502601e+07
-3.050276678951750696e+07
3.190258810789932683e+07
-3.329238426997265592e+07
3.469563096886501461e+07
-3.592669917987870425e+07
3.723069538382415473e+07
-3.832475112436546385e+07
3.933440288019723445e+07
-4.016709562464413792e+07
4.087036979950088263e+07
-4.133183577530974150e+07
4.163487085498127341e+07
-4.176900963808017224e+07
4.162527379466813058e+07
-4.133557429813282192e+07
4.097958020341262966e+07
-4.023547378181855381e+07
3.954258517414430529e+07
-3.870910840782392770e+07
3.761738907749892026e+07
-3.666978010787928104e+07
3.540995493643479049e+07
-3.425321084482203424e+07
3.292683421898975223e+07
-3.165402657319222763e+07
3.029766291661795601e+07
-2.889979049326112121e+07
2.752277448713387549e+07
-2.602929415476334468e+07
2.468675960465192050e+07
-2.318075103830329701e+07
2.185761324548997730e+07
-2.044002643296021968e+07
1.910656201750226691e+07
-1.784245938105727360e+07
1.664875764519635960e+07
-1.556860429243448563e+07
1.451740912427695841e+07
-1.365389925031076930e+07
1.286150529871454835e+07
-1.224036813459629193e+07
1.167217124190547131e+07
-1.135138903519390523e+07
1.094616036987663619e+07
-1.088566062417850271e+07
1.079396374835348688e+07
-1.084394620034526102e+07
1.101247626267218776e+07
-1.129269596825468168e+07
1.160732590513073653e+07
-1.205630800481435657e+07
1.253739178942311928e+07
-1.308763001817978732e+07
1.374071683183280565e+07
-1.439603843156377412e+07
1.514909585716520622e+07
-1.584269109467571601e+07
1.673794304403883033e+07
-1.742852908316409588e+07
1.836987527355779707e+07
-1.907068096751410142e+07
1.996889169951841608e+07
-2.065261831958383694e+07
2.147153020908270404e+07
-2.217816989560220763e+07
2.281918215750093013e+07
-2.346694563769520819e+07
2.393141920673063397e+07
-2.447534672632782534e+07
2.480507939566635340e+07
-2.518637399474562332e+07
2.530881488239984587e+07
-2.552830779253295809e+07
2.551426388146205246e+07
-2.543311540129567310e+07
2.527511760861879960e+07
-2.494373103109655157e+07
2.454069209847392142e+07
-2.401436023908751085e+07
2.332372629793535918e+07
-2.255591024691402912e+07
2.161446287831648439e+07
-2.056744455002370849e+07
1.944565804600600526e+07
-1.808661529594497383e+07
1.675888352647524700e+07
-1.523058281167571619e+07
1.363538395113726519e+07
-1.196905803006706201e+07
1.018949394406883605e+07
-8.420980643979923800e+06
6.516096540876427665e+06
-4.655886335316255689e+06
2.699413627677072305e+06
-7.155952106642882572e+05
-1.254957534348310903e+06
3.182042897496146150e+06
-5.246426502724549733e+06
7.106135466168836690e+06
-9.003387713596019894e+06
1.092855625068270229e+07
-1.259986343400524743e+07
1.433705565780605748e+07
-1.585452947092038393e+07
1.734420119458018243e+07
-1.852360478876936063e+07
1.972186239097988233e+07
-2.067417920810594410e+07
2.132108503591854498e+07
-2.194638769191667065e+07
2.229395500479323789e+07
-2.240988304894766957e+07
2.243230850389960036e+07
-2.220672097508710995e+07
2.174633566959878802e+07
-2.125473140520206094e+07
2.049516479624598846e+07
-1.961682578547395393e+07
1.864222243272158876e+07
-1.748494891535216197e+07
1.624632444074763730e+07
-1.493266008773323521e+07
1.353126348401065916e+07
-1.202037384917907789e+07
1.047954597884052992e+07
-8.941058298535911366e+06
7.209405646565780975e+06
-5.742461429281539284e+06
3.967654883471722249e+06
-2.331927857214329764e+06
7.488514206716952613e+05
9.551161304815836484e+05
-2.511510847545965109e+06
4.129450855933054816e+06
-5.563330930842166767e+06
7.159255161256100982e+06
-8.427955990657264367e+06
9.797480103677567095e+06
-1.097237770503642038e+07
1.208301519795480371e+07
-1.301896674423750862e+07
1.381177454607841372e+07
-1.456986993394409120e+07
1.495223526187144220e+07
-1.538204467040290870e+07
1.547475445310006477e+07
-1.548907436573173851e+07
1.518520810569124483e+07
-1.479848134267154336e+07
1.416442688343757391e+07
-1.330041768113712966e+07
1.231464652526502311e+07
-1.109681854310170002e+07
9.730089337923869491e+06
-8.184346715373203158e+06
6.571466483920833096e+06
-4.724417503708250821e+06
2.902486679163005203e+06
-9.425905985577598913e+05
-1.038191694138855441e+06
3.043670397599213291e+06
-5.040601583364228718e+06
7.105025162499942817e+06
-9.094289350717319176e+06
1.105258898500240035e+07
-1.300671753161802702e+07
1.492661824944118969e+07
-1.678033928115811944e+07
1.863833978951677307e+07
-2.042257829543075711e+07
2.222580518640293926e+07
-2.395267615889526531e+07
2.567593163952822238e+07
-2.741264142288278788e+07
2.901273167528035119e+07
-3.076285105473051965e+07
3.229148722097328678e+07
-3.388479567931086570e+07
3.544154819784671068e+07
-3.686519320343777537e+07
3.830157124183659256e+07
-3.961042140052925050e+07
4.082157284355864674e+07
-4.189594286053560674e+07
4.290531552975544333e+07
-4.364438338241828233e+07
4.424253066923281550e+07
-4.466514685721269250e+07
4.482838903580192477e+07
-4.480492667445838451e+07
4.444821779261437058e+07
-4.394595515935453773e+07
4.310490756208178401e+07
-4.207667262451701611e+07
4.082437718790983409e+07
-3.928640448103345931e+07
3.757300775673611462e+07
-3.569010646316359192e+07
3.354793557773793861e+07
-3.135096049085775390e+07
2.898187102433045954e+07
-2.650436253107463941e+07
2.394158710817960650e+07
-2.130492303873493522e+07
1.858132047171389312e+07
-1.588329893591681123e+07
1.307893745608178526e+07
-1.030357257901602052e+07
7.495758764138398692e+06
-4.657693868305890821e+06
1.908755973959950032e+06
8.510885688292938285e+05
-3.593031746517144144e+06
6.299890833686261438e+06
-8.813216096785653383e+06
1.152811158610307239e+07
-1.387726972715511173e+07
1.631905129014916345e+07
-1.863992681685837358e+07
2.077528453544856235e+07
-2.294770273993602768e+07
2.493774761088389158e+07
-2.682724185093879327e+07
2.861731296461489424e+07
-3.035590723991318420e+07
3.195411904615194723e+07
-3.344690113264708966e+07
3.487691064813934267e+07
-3.614168473839586228e+07
3.736910717098123580e+07
-3.840979024768848717e+07
3.932800349591722339e+07
-4.010455620399667323e+07
4.068684141674502939e+07
-4.112221785239796340e+07
4.127609461462458223e+07
-4.126745210267770290e+07
4.099854628528442234e+07
-4.047843079331586510e+07
3.969003934077753127e+07
-3.867840963588240743e+07
3.731386202278202772e+07
-3.585435819337233901e+07
3.401381349989474565e+07
-3.202308393747543916e+07
2.982251257749744877e+07
-2.746547520569150150e+07
2.492981596236312389e+07
-2.230132517176172882e+07
1.956248742145556584e+07
-1.673331712483482622e+07
1.390482125637378916e+07
-1.094335624929417670e+07
8.068686750933557749e+06
-5.089014394056044519e+06
2.285513750121914782e+06
6.792724145705159754e+05
-3.351111069056484383e+06
6.126777695910576731e+06
-8.641922669410120696e+06
1.108866339245113544e+07
-1.335377151437390782e+07
1.537452579607059807e+07
-1.729257358058502898e+07
1.881495318290124089e+07
-2.020076008807695284e+07
2.125315922759649530e+07
-2.205673972817432135e+07
2.251448191456047446e+07
-2.282476746200541407e+07
2.272001417060561478e+07
-2.242478155573619157e+07
2.197356566000048071e+07
-2.113603239441099763e+07
2.027766759301437438e+07
-1.911148807845844701e+07
1.778135592013476044e+07
-1.646173673849113472e+07
1.480448321169519983e+07
-1.323404685190885514e+07
1.140883891032839380e+07
-9.599511946384994313e+06
7.504584097238242626e+06
-5.631783948238861747e+06
3.273965938662489410e+06
-1.129312316785774427e+06
-1.268685436463579303e+06
3.713145870733890217e+06
-6.169761361184140667e+06
8.842810361614054069e+06
-1.131320863708611764e+07
1.406404047580767982e+07
-1.658420766489012539e+07
1.923437645489374921e+07
-2.161803722869946063e+07
2.418906416292140633e+07
-2.627437808890926465e+07
2.852173637876837701e+07
-3.033805409916226566e+07
3.209408241869366169e+07
-3.360802989719071239e+07
3.482804590373849124e+07
-3.586438189761329442e+07
3.655955398718682677e+07
-3.717330860816409439e+07
3.735979128004024923e+07
-3.742191686680636555e+07
3.727001490626235306e+07
-3.679253101671930403e+07
3.636217605898846686e+07
-3.561155243429056555e+07
3.478205790612930059e+07
-3.390736465996693820e+07
3.292087168682678416e+07
-3.202854757843642682e+07
3.099746719327218831e+07
-3.017724243064304069e+07
2.929735377000716701e+07
-2.862437323333506659e+07
2.788000918852784485e+07
-2.753705058607222885e+07
2.703675485001286492e+07
-2.683975122188688815e+07
2.672720096508368850e+07
-2.664212165355309844e+07
2.682368462187819183e+07
-2.693936275145751610e+07
2.728090261745912954e+07
-2.748110563884887844e+07
2.799763041409666464e+07
-2.839097231306379661e+07
2.880501092422834411e+07
-2.934582489684233814e+07
2.978140777223411575e+07
-3.030094863575587794e+07
3.075766279537513480e+07
-3.117970644675263762e+07
3.161690653029806539e+07
-3.192429909816732630e+07
3.225629993021149933e+07
-3.247644651830567420e+07
3.261644974336903542e+07
-3.265158432684289292e+07
3.268870562841939554e+07
-3.251533562883118168e+07
3.233259124575396627e+07
-3.209258827126589790e+07
3.169309154432208836e+07
-3.133362670851399750e+07
3.083076115083274618e+07
-3.042960861317620426e+07
2.985425750624051690e+07
-2.937248425205144286e+07
2.882555895812073350e+07
-2.840378913280573487e+07
2.778773652216860652e+07
-2.738294244945336133e+07
2.685097078812355548e+07
-2.630678333408612013e+07
2.582653703421754390e+07
-2.523635190121785179e+07
2.461343921012631804e+07
-2.391379049615704268e+07
2.322069555598460510e+07
-2.230307522209514305e+07
2.145202893982844427e+07
-2.037874621004278213e+07
1.927688907243686169e+07
-1.800572845838242024e+07
1.682576610330524668e+07
-1.531760886889692582e+07
1.406290776011341251e+07
-1.248016815571191162e+07
1.107714101613522694e+07
-9.714268778533721343e+06
8.252363530907816254e+06
-7.037738694235864095e+06
5.801683428870649077e+06
-4.841908979526139796e+06
3.895167781002688222e+06
-3.236392733818228357e+06
2.719428273519778159e+06
-2.345270014357564971e+06
2.205950161648748443e+06
-2.246708991048109718e+06
2.325139631679018028e+06
-2.716905621639484540e+06
2.963963254167193081e+06
-3.539531335641348269e+06
3.930285789445671719e+06
-4.460418200236324221e+06
4.918352805916461162e+06
-5.371297858273546211e+06
5.703205550639046356e+06
-6.036584319113961421e+06
6.180447918608574197e+06
-6.313925934854793362e+06
6.394158391110635363e+06
-6.166942128447659314e+06
6.202004543718287721e+06
-5.742357974975818768e+06
5.574974748079305515e+06
-5.070051535376501270e+06
4.759322583824459463e+06
-4.154855683755487204e+06
3.727928716542129871e+06
-3.213486871508846991e+06
2.656037658047928475e+06
-2.260529691420888528e+06
1.715075358245258452e+06
-1.444180485491841799e+06
1.026540918809961062e+06
-8.790035331682242686e+05
6.508372469303025864e+05
-7.429626896832296625e+05
7.219890824808650650e+05
-9.516472545516684186e+05
1.299935781928246608e+06
-1.594380877653843723e+06
2.176337719630437903e+06
-2.536451669073904864e+06
3.212317699676420074e+06
-3.685295400963700842e+06
4.161754635466556996e+06
-4.689895380750727840e+06
5.036922684869986027e+06
-5.272987892722624354e+06
5.503574475381383672e+06
-5.517557876397315413e+06
5.420160791180398315e+06
-5.322157957855606452e+06
4.928238457061924040e+06
-4.719188285537059419e+06
4.228509721539691091e+06
-3.918960676024621353e+06
3.486554618683152832e+06
-3.192100410055931192e+06
2.885256444970227778e+06
-2.619734199054885190e+06
2.511887919639330823e+06
-2.410083306614298839e+06
2.345345782183182426e+06
-2.412381937121667434e+06
2.427068409923621919e+06
-2.376534212419349700e+06
2.440674679397867993e+06
-2.295970586238551885e+06
2.244885341497800313e+06
-1.916191989197796443e+06
1.633153454411384417e+06
-1.181657737555790227e+06
5.592373464760570787e+05
-9.785465998265235612e+03
-7.826969604206320364e+05
1.622835067254335387e+06
-2.533665571289380547e+06
3.542808599017501343e+06
-4.556110340316268615e+06
5.663256055396523327e+06
-6.762821241405447014e+06
7.999239759019814432e+06
-9.199681272471467033e+06
1.040055537364318967e+07
-1.178357573613522574e+07
1.301995795717805997e+07
-1.429481064206894487e+07
1.564881071923162788e+07
-1.682417090331592783e+07
1.806786365353324264e+07
-1.909642059934405982e+07
2.002781734571778774e+07
-2.088978521289405599e+07
2.146166550679829717e+07
-2.183467140448157117e+07
2.199236289054274559e+07
-2.188009245737540349e+07
2.150826219657965750e+07
-2.083578886855651438e+07
1.991429681098758057e+07
-1.871651183509703353e+07
1.728408781684155762e+07
-1.564799675733061880e+07
1.382397910374015383e+07
-1.185549900541613437e+07
9.726738772230755538e+06
-7.643275700664364733e+06
5.387347727255888283e+06
-3.198501584648448043e+06
1.047573027970879106e+06
1.103659027529160026e+06
-3.114834429861268960e+06
5.042465752399096265e+06
-6.994915343912524171e+06
8.576149520230183378e+06
-1.027197690118764527e+07
1.177750764246164262e+07
-1.306219867521512881e+07
1.443304213299507461e+07
-1.550853304747513495e+07
1.663771485489761084e+07
-1.748700200094892085e+07
1.843550402062505484e+07
-1.912838778093572706e+07
1.986116569807638600e+07
-2.034569012412439659e+07
2.087613271903991327e+07
-2.120867041564227268e+07
2.140134419443842396e+07
-2.157021242953365669e+07
2.138463821791695803e+07
-2.128092388341890648e+07
2.068702076110795140e+07
-2.015394870480300486e+07
1.923049079940564558e+07
-1.821087834990879893e+07
1.688285132066534832e+07
-1.531595806189153902e+07
1.361847133970810845e+07
-1.166542716436836869e+07
9.506874505452306941e+06
-7.259562974781102501e+06
4.943489401896745898e+06
-2.444766858299395069e+06
5.508843265466928278e+04
2.435044673372103833e+06
-4.685787728949915618e+06
6.941737057757657953e+06
-8.955379185451002792e+06
1.077927514977632277e+07
-1.241667839336252399e+07
1.368471336318297498e+07
-1.478745195239469968e+07
1.547378574042273685e+07
-1.600016072791681066e+07
1.614743052410864830e+07
-1.606542721630689874e+07
1.573881026572895795e+07
-1.523140447879492678e+07
1.449661226879817992e+07
-1.362687692561435699e+07
1.267976498487976752e+07
-1.160857865914832801e+07
1.056783863736753166e+07
-9.449790184026082978e+06
8.385864202945605852e+06
-7.384507996101084165e+06
6.430374322925332002e+06
-5.551502114437628537e+06
4.793683604723123834e+06
-4.081309838629131671e+06
3.597340131139824167e+06
-3.030073662859316450e+06
2.786608794567974750e+06
-2.356150624496117700e+06
2.332025905443561729e+06
-2.070680512135053752e+06
2.077797954446308780e+06
-2.113848117308739573e+06
2.015778259583367966e+06
-2.214681655968061183e+06
2.126695889009889681e+06
-2.360381638074415736e+06
2.347561011019496713e+06
-2.555415513835830614e+06
2.588765879337575752e+06
-2.824021046632546000e+06
2.875811540948856156e+06
-3.184619173828931991e+06
3.329148057397968601e+06
-3.640648249387525953e+06
4.010294915307186078e+06
-4.343597777117562480e+06
4.956275132737866603e+06
-5.344460215024263598e+06
6.089547710099825636e+06
-6.721130191376741044e+06
7.598717815650233999e+06
-8.350787488692129962e+06
9.298018892700657248e+06
-1.028152171654668078e+07
1.116457153778172843e+07
-1.222574318367051706e+07
1.311467216134064458e+07
-1.412278924458383396e+07
1.493546329842200130e+07
-1.571403776376610436e+07
1.645995247628154419e+07
-1.698759402102286369e+07
1.739245329752589017e+07
-1.774298406251666695e+07
1.773337280511620641e+07
-1.770189178181112185e+07
1.749296969623424485e+07
-1.688307343839472905e+07
1.644816772057246231e+07
-1.553815826345584169e+07
1.465809078012556396e+07
-1.360591346029052883e+07
1.243840383317356184e+07
-1.119952087085426413e+07
9.909551724562417716e+06
-8.633152319365395233e+06
7.299408694967081770e+06
-6.121411882180591114e+06
4.889378234487742186e+06
-3.795583982646398246e+06
2.758093957483088132e+06
-1.838535000332701951e+06
1.044197135997091304e+06
-3.387140697810799466e+05
-3.304812446692221565e+05
8.499916315269063925e+05
-1.334251733258337481e+06
1.748261569513481809e+06
-2.142313650231638923e+06
2.468448379467139021e+06
-2.880656430953096598e+06
3.241055637664034963e+06
-3.610279223651467822e+06
4.032041624327513855e+06
-4.510200803532751277e+06
4.987790538917129859e+06
-5.534690246751047671e+06
6.099160408238385804e+06
-6.722786529099201784e+06
7.397675462115282193e+06
-8.075468023560128175e+06
8.781676536740962416e+06
-9.495785773827373981e+06
1.029851805252584256e+07
-1.100292853383585624e+07
1.182854226620863564e+07
-1.252470755801496282e+07
1.339038585041917302e+07
-1.415194135579309426e+07
1.495382319758099131e+07
-1.572706878519270383e+07
1.659525098075380363e+07
-1.732000220873800665e+07
1.819441091803248972e+07
-1.901850810647084564e+07
1.977082006630097702e+07
-2.069271971636063233e+07
2.137901082502704486e+07
-2.229354376284298301e+07
2.292141619169906899e+07
-2.373254227226559073e+07
2.438468970568524301e+07
-2.499610279634732381e+07
2.557256383342416957e+07
-2.607083263684695587e+07
2.651305595971425995e+07
-2.686370922304692864e+07
2.719575725897601247e+07
-2.738923886832196265e+07
2.758052906682437658e+07
-2.759640593685721233e+07
2.769232330928243324e+07
-2.763018043084304035e+07
2.744220317778775841e+07
-2.726451151961483806e+07
2.691037813943941146e+07
-2.652595099299542606e+07
2.603010398782599717e+07
-2.531119760205109417e+07
2.466585132093761489e+07
-2.375580939069869369e+07
2.282156975795343891e+07
-2.173177597568175197e+07
2.057621998659327999e+07
-1.932026619500384852e+07
1.798218666930731013e+07
-1.667257350063227303e+07
1.520467409781802446e+07
-1.383038819221454859e+07
1.237599635433469340e+07
-1.105697909180920199e+07
9.652633132260592654e+06
-8.494648995101453736e+06
7.246674138880124316e+06
-6.262318678590746596e+06
5.283836005941270851e+06
-4.469834021204953082e+06
3.884077200556094293e+06
-3.235080540945618879e+06
2.917218289298146497e+06
-2.593801844763516448e+06
2.431909932126785163e+06
-2.339733182477784343e+06
2.315335233272287995e+06
-2.369185409315905999e+06
2.411983247999459505e+06
-2.467683194501022343e+06
2.604908722246279009e+06
-2.536351064713708591e+06
2.632039649268374313e+06
-2.515186102350758854e+06
2.515120731823789887e+06
-2.322400578439382836e+06
2.223363389505302534e+06
-2.068308748358056648e+06
1.911577846041823504e+06
-1.815909716312596807e+06
1.662665426214168547e+06
-1.781887134633616079e+06
1.676536662148364354e+06
-1.964659546681459295e+06
2.089648556719424669e+06
-2.543076071610675193e+06
2.958253063166534062e+06
-3.574473440890225582e+06
4.216444101056404412e+06
-5.005365410994921811e+06
5.863293037705170922e+06
-6.707414966153162532e+06
7.787285367711996660e+06
-8.617078922607850283e+06
9.699787995674051344e+06
-1.062340520250546560e+07
1.162738459905182011e+07
-1.247530207847502455e+07
1.332101068011348508e+07
-1.407580863880296797e+07
1.479757346091077290e+07
-1.538884669908680953e+07
1.590410523993393034e+07
-1.642435865812855959e+07
1.682582894703130051e+07
-1.713828389159855247e+07
1.757146014299327880e+07
-1.785800757230650261e+07
1.828229701017563045e+07
-1.878896677918843925e+07
1.924329772592069954e+07
-2.000639943720664084e+07
2.073078654975899681e+07
-2.177225397192331031e+07
2.289249817833129689e+07
-2.421520527501376346e+07
2.570328089046806097e+07
-2.742725468446112052e+07
2.927836889657300338e+07
-3.125823688485100493e+07
3.337458659754957631e+07
-3.560491328009168059e+07
3.783494697952167690e+07
-4.007928139517509192e+07
4.235968258369654417e+07
-4.444644925244595110e+07
4.658944704876219481e+07
-4.843247615765725821e+07
5.015254661981654167e+07
-5.170199058635401726e+07
5.295025046507195383e+07
-5.405745419473858923e+07
5.468782818742486089e+07
-5.534489887946610153e+07
5.551752908833544701e+07
-5.557148927218884975e+07
5.530894988254366070e+07
-5.492407282889761031e+07
5.426393833343853801e+07
-5.341324175778267533e+07
5.247380001747766137e+07
-5.130696655390670896e+07
5.012301469055083394e+07
-4.867568796422642469e+07
4.735816548824240267e+07
-4.570055132185640186e+07
4.428934377567312121e+07
-4.249651213678406179e+07
4.089161785234010965e+07
-3.910798927929574251e+07
3.727256045451243222e+07
-3.552218217223710567e+07
3.353414926667332277e+07
-3.167443289228181913e+07
2.972031044664293900e+07
-2.777798667972376570e+07
2.583541148359652609e+07
-2.393896140925001726e+07
2.201244420425450429e+07
-2.023283849897395074e+07
1.850633111021392047e+07
-1.689467453086367622e+07
1.536616928814410977e+07
-1.399981012200373225e+07
1.280348002162857540e+07
-1.169427620098831318e+07
1.083917407011732459e+07
-1.009710623841670901e+07
9.499337859377067536e+06
-9.113508277740063146e+06
8.894485965540027246e+06
-8.838568977669494227e+06
8.854915071802614257e+06
-9.190366998177923262e+06
9.520062299845719710e+06
-1.015780629418816231e+07
1.080673836257467605e+07
-1.167141717158382386e+07
1.265735175603874587e+07
-1.373063702982796729e+07
1.488936848868120462e+07
-1.619807340061018243e+07
1.751891055304832384e+07
-1.891020446361871436e+07
2.036781194697799534e+07
-2.171449736988920718e+07
2.328808291300815344e+07
-2.449876369093403593e+07
2.597669115829877183e+07
-2.713119639369426295e+07
2.836673498027054593e+07
-2.941400549563989043e+07
3.033128746648230031e+07
-3.122263323913034052e+07
3.188705745579817146e+07
-3.254471081102342159e+07
3.299079156578845903e+07
-3.333861020915637165e+07
3.367137510084179044e+07
-3.380641419573028386e+07
3.392970994314384460e+07
-3.394894025004605204e+07
3.387832403094756603e+07
-3.388077169254449010e+07
3.374212603041791916e+07
-3.369345280226911604e+07
3.360839976608914882e+07
-3.363511966893381625e+07
3.356946741942884028e+07
-3.371965903865390271e+07
3.378128370660387725e+07
-3.404262935822627693e+07
3.423896101987576485e+07
-3.461645106190440059e+07
3.488056809206470847e+07
-3.528840386782056838e+07
3.566699878959853202e+07
-3.592893234866996109e+07
3.625442707395967096e+07
-3.644879820907072723e+07
3.653646384571096301e+07
-3.657829480241705477e+07
3.641134953358656168e+07
-3.607971014722461998e+07
3.573990594521892816e+07
-3.503554157456161827e+07
3.441419196699284762e+07
-3.336398615826119855e+07
3.242796259541879594e+07
-3.120945231164078787e+07
2.997327756959087029e+07
-2.864541094572772831e+07
2.719194461998066306e+07
-2.574945231285912171e+07
2.422315743755156547e+07
-2.269947541504052654e+07
2.112074817262433842e+07
-1.964499904808039591e+07
1.797161645528558269e+07
-1.644476027369676717e+07
1.473503917703019269e+07
-1.307019722390447930e+07
1.128180522489718907e+07
-9.448225703376481310e+06
7.484599817690154538e+06
-5.354497788844441064e+06
3.205470268184680492e+06
-7.506660566531722434e+05
-1.656917652655482292e+06
4.386662344559087418e+06
-7.113536915611423552e+06
1.008704760914981365e+07
-1.302020869751664251e+07
1.617378359260506369e+07
-1.925450906634828448e+07
2.235487963215791434e+07
-2.552498873804647848e+07
2.846285589564679191e+07
-3.145187213949136436e+07
3.418667159888692200e+07
-3.683551253125935793e+07
3.920075725979074091e+07
-4.143814155496630818e+07
4.328899546367540956e+07
-4.517446171421939880e+07
4.649288842634459585e+07
-4.775285065699383616e+07
4.877926309945259243e+07
-4.946680284557446092e+07
5.011009324607677013e+07
-5.031105334958172590e+07
5.063494883715589345e+07
-5.050623591877257079e+07
5.039489667079989612e+07
-5.015929825498565286e+07
4.968969323015976697e+07
-4.927053780466371775e+07
4.870000731208126992e+07
-4.808275189113757759e+07
4.740708860599917173e+07
-4.671595711743965000e+07
4.607457162160190940e+07
-4.526240916353037953e+07
4.465574277449280769e+07
-4.395061187990716845e+07
4.322064327244040370e+07
-4.268724288666541874e+07
4.203126710610621423e+07
-4.153183838820306957e+07
4.097682811835397035e+07
-4.054408140727822483e+07
4.009730912457740307e+07
-3.975187146991454810e+07
3.930268997104224563e+07
-3.904176006624358147e+07
3.863346281988851726e+07
-3.827986083767469227e+07
3.799095852356898785e+07
-3.751115522384212166e+07
3.726388978008894622e+07
-3.672839622235315293e+07
3.647633803281196207e+07
-3.599969212802416831e+07
3.560597592654822022e+07
-3.530061078137531132e+07
3.494268925910965353e+07
-3.480550062912151217e+07
3.441662519255094230e+07
-3.453888803357841074e+07
3.441428183269910514e+07
-3.451156896185429394e+07
3.476440149985868484e+07
-3.499577041025603563e+07
3.542408893892563879e+07
-3.580759214697947353e+07
3.643011465669582039e+07
-3.686387522274135053e+07
3.757935848089385778e+07
-3.806703621906031668e+07
3.870491060983280838e+07
-3.922006931909625977e+07
3.969766812795111537e+07
-4.019424045586799085e+07
4.043521782531778514e+07
-4.088763774760227650e+07
4.089570870636039972e+07
-4.117349947394423187e+07
4.109440728677348047e+07
-4.110247647216442972e+07
4.099285071872586757e+07
-4.074417345187851787e+07
4.063574990705693513e+07
-4.017949521338585764e+07
4.000519476023741066e+07
-3.954924498114044964e+07
3.916229238722790033e+07
-3.872852541479279846e+07
3.832383434514916688e+07
-3.778350109491717815e+07
3.736739572256737202e+07
-3.680408948309232295e+07
3.633037394480440021e+07
-3.580250313421571255e+07
3.527292963969394565e+07
-3.466998795604350418e+07
3.411001348982800543e+07
-3.351160490180538967e+07
3.284357285976926982e+07
-3.221984285155269131e+07
3.145726657904109731e+07
-3.077654714457038045e+07
2.991445882405044511e+07
-2.918572846402260661e+07
2.821918905843074992e+07
-2.741555507497453690e+07
2.639681840817243606e+07
-2.541044533070136979e+07
2.434358781887704134e+07
-2.335002470405527949e+07
2.220909161076853052e+07
-2.104867873991624638e+07
1.995415274761011451e+07
-1.869373048604622111e+07
1.759041772643847764e+07
-1.635188963904859498e+07
1.513367718058929592e+07
-1.393387808058736660e+07
1.274534263670329005e+07
-1.150082416127955914e+07
1.030430903386207111e+07
-9.126712848465163261e+06
7.900562844278272241e+06
-6.747179493238816969e+06
5.633743847324249335e+06
-4.492549726912166923e+06
3.423828437982479576e+06
-2.458970930094292853e+06
1.491749743280294118e+06
-6.306070420886754291e+05
-9.863930323394110019e+04
8.026847026557014324e+05
-1.351211794642771827e+06
1.839326900989057031e+06
-2.106283372453377116e+06
2.356166422595774755e+06
-2.460432121837920044e+06
2.371998377565531060e+06
-2.258469754999754950e+06
1.957949330983213615e+06
-1.592829872722793836e+06
1.098284795798181789e+06
-4.529582626791746588e+05
-2.536400126804574393e+05
1.082667550056925043e+06
-1.904011296220210847e+06
2.929306128632713109e+06
-3.966296245591573883e+06
5.039032541193175130e+06
-6.286754584635062143e+06
7.448293968119567260e+06
-8.769410610019613057e+06
1.004246668194951676e+07
-1.148813757250595465e+07
1.277228021345801465e+07
-1.432179977561533079e+07
1.564766260284987651e+07
-1.717753592925466597e+07
1.861897684847329929e+07
-2.005082513392096385e+07
2.165022353050380945e+07
-2.298134621882542595e+07
2.461965088244052231e+07
-2.586887406801462546e+07
2.749902409892332554e+07
-2.882556033426018804e+07
3.023482538983628154e+07
-3.166399058125885203e+07
3.302696266862776875e+07
-3.434347036005903035e+07
3.569528376021015644e+07
-3.698194620236323774e+07
3.823025729649586976e+07
-3.946806756614266336e+07
4.071713191163710505e+07
-4.191156708539474010e+07
4.303219806351897120e+07
-4.426761625355683267e+07
4.531908217810315639e+07
-4.649983295610462129e+07
4.755465600256306678e+07
-4.863803455183748156e+07
4.963244362821701169e+07
-5.069599323742754012e+07
5.162783965757559240e+07
-5.262234019091345370e+07
5.350248997393186390e+07
-5.443547501311376691e+07
5.520797103861615062e+07
-5.605268515586752445e+07
5.688046348441661894e+07
-5.742302191154194623e+07
5.822841032969033718e+07
-5.869443451594275236e+07
5.926021929932402819e+07
-5.971955658180975169e+07
6.003794237639570981e+07
-6.046216408776423335e+07
6.049512335003881902e+07
-6.076011731725946069e+07
6.069265785760366917e+07
-6.059880528254479915e+07
6.041916459086895734e+07
-5.997124271166345477e+07
5.949041306027635932e+07
-5.874269468872126192e+07
5.789908770556978136e+07
-5.672396338512699306e+07
5.548897413472660631e+07
-5.388847496216112375e+07
5.211297908845133334e+07
-5.008987404873385280e+07
4.794373982208281755e+07
-4.534145836679475754e+07
4.281346476108416170e+07
-3.990178249673899263e+07
3.692659902013282478e+07
-3.382028330423738807e+07
3.061411834368142113e+07
-2.735617974653317407e+07
2.404974515944008529e+07
-2.092871695331901312e+07
1.760459577079488710e+07
-1.470138051667943411e+07
1.159344333943540789e+07
-8.973655869575312361e+06
6.184582564098473638e+06
-3.869383182456871495e+06
1.494503405421347357e+06
5.700774693158194423e+05
-2.529362697338475380e+06
4.325272446125134826e+06
-5.981218206497389823e+06
7.577793013107364997e+06
-8.926978958786007017e+06
1.041701221969441883e+07
-1.150831767481538467e+07
1.288412974308533967e+07
-1.388938212624895759e+07
1.503640086664525233e+07
-1.599794036355744116e+07
1.693597682030193880e+07
-1.781553640236237645e+07
1.865912506289055943e+07
-1.938870548793986812e+07
2.013516106351558119e+07
-2.071794075769275799e+07
2.137497528184632957e+07
-2.188814030765838921e+07
2.241184011571532115e+07
-2.290238274250755832e+07
2.329818959211475030e+07
-2.387841293464493379e+07
2.414909427979072928e+07
-2.475900592530814931e+07
2.509066545380994305e+07
-2.562267838623768836e+07
2.605553692707525194e+07
-2.654071535971707851e+07
2.711877046616571397e+07
-2.759376005457435548e+07
2.825685045290069655e+07
-2.872293257389112189e+07
2.945823288987866417e+07
-2.998226611460918561e+07
3.068926045577691868e+07
-3.134447275976931676e+07
3.195398653586315364e+07
-3.266177940126340091e+07
3.319346756614682823e+07
-3.394221597569385171e+07
3.440359363386531919e+07
-3.502576256803032756e+07
3.552909714609903097e+07
-3.599155852710051090e+07
3.652310265731720626e+07
-3.681797874879800528e+07
3.734574824755007029e+07
-3.762847586748264730e+07
3.796954821597068757e+07
-3.830832905399800092e+07
3.850425762130050361e+07
-3.876676213896278292e+07
3.895233696849237382e+07
-3.905212143995139748e+07
3.907389402805085480e+07
-3.911059887201858312e+07
3.888934859450846165e+07
-3.873634224492852390e+07
3.827561305570894480e+07
-3.786473531781566888e+07
3.721869039379440993e+07
-3.636190022907903045e+07
3.552750108558221161e+07
-3.433199682377259433e+07
3.315455941060705855e+07
-3.171902727460278198e+07
3.020361406869572029e+07
-2.855340307745516673e+07
2.683569318444395810e+07
-2.500163413770723715e+07
2.312353479638256133e+07
-2.116480871438851580e+07
1.932203957076681405e+07
-1.737465508020501956e+07
1.554752622542486712e+07
-1.381102928792466410e+07
1.208883860171607696e+07
-1.063712240578228794e+07
9.133831735814165324e+06
-7.995971803454712033e+06
6.812814537389893085e+06
-5.998842548544732854e+06
5.236155859562961385e+06
-4.644928666005349718e+06
4.312029143445523456e+06
-4.000857989290803205e+06
3.925009498676041141e+06
-3.867702494908060879e+06
4.031704253834106028e+06
-4.099034493256740738e+06
4.318602201208745129e+06
-4.498185584736026824e+06
4.686023184857303277e+06
-4.876681607464349829e+06
4.927745024701746181e+06
-4.997861845454314724e+06
4.992344700514066964e+06
-4.898602968538739718e+06
4.751921855682185851e+06
-4.576224517530352809e+06
4.342202913516527973e+06
-4.075437705636315979e+06
3.871402309157933574e+06
-3.569749203295636456e+06
3.365916152572853956e+06
-3.195460099733758718e+06
3.063227977550728247e+06
-3.018441145249050111e+06
2.959958565423870925e+06
-3.137618620174746029e+06
3.141767988435634412e+06
-3.406410099920028355e+06
3.582028902997163124e+06
-3.856104990207325667e+06
4.204217741228201427e+06
-4.406309354304392822e+06
4.860833067452732474e+06
-5.056147696004460566e+06
5.421885195894685574e+06
-5.724275677374326624e+06
5.968507076142513193e+06
-6.246078414648628794e+06
6.445409569007197395e+06
-6.621111169337428175e+06
6.801445074515476823e+06
-6.928495237525240518e+06
7.064830074508851394e+06
-7.088663506833203137e+06
7.163261600254324265e+06
-7.165644429552563466e+06
7.138820695952022448e+06
-7.054343030554953963e+06
6.967829391873096116e+06
-6.840506632230499759e+06
6.607434941310161725e+06
-6.453274829944180325e+06
6.027231349838562310e+06
-5.763024881117233075e+06
5.292165437061322853e+06
-4.827297501904347911e+06
4.197270773908883333e+06
-3.599376181445919443e+06
2.736829327862429433e+06
-1.943272885137427133e+06
9.853644130050161621e+05
2.177211979710942542e+05
-1.241977349358497653e+06
2.695191985601153690e+06
-4.007360969909692183e+06
5.598374960474777967e+06
-7.193620422332576476e+06
8.867812789984699339e+06
-1.067057149001339078e+07
1.252809024827969633e+07
-1.439907048522419669e+07
1.626200126876593567e+07
-1.817199186847500503e+07
1.997702052681004256e+07
-2.172518877281565964e+07
2.340478149913823977e+07
-2.496405306367661804e+07
2.624942648664063960e+07
-2.745525003683016077e+07
2.841822828446669877e+07
-2.907643140853379294e+07
2.960265905739132315e+07
-2.978164528721306473e+07
2.970912184698680416e+07
-2.937990815926247090e+07
2.874902525986053795e+07
-2.792709695485743880e+07
2.676328251398619637e+07
-2.538717545210707188e+07
2.384005657545068488e+07
-2.195610097699265555e+07
1.997016513570506498e+07
-1.783941219808788970e+07
1.543321606516459212e+07
-1.299172886878864467e+07
1.033010163361766376e+07
-7.634816343896913342e+06
4.728046338568201289e+06
-1.883610021523182280e+06
-1.160890999769243877e+06
4.247716148560114205e+06
-7.259854859198422171e+06
1.043044151120777428e+07
-1.349579093208731152e+07
1.658939629250129126e+07
-1.957579922045342252e+07
2.252236670331901684e+07
-2.525281765716424212e+07
2.795517463847646117e+07
-3.037087879268755764e+07
3.263338537537745386e+07
-3.460431604994542897e+07
3.636544820369751006e+07
-3.776407982759901136e+07
3.893562415378304571e+07
-3.976554887892130017e+07
4.021300600954601914e+07
-4.046005090169169009e+07
4.019656064573203027e+07
-3.981579234739749879e+07
3.893819936698202789e+07
-3.790560357666071504e+07
3.647776459434666485e+07
-3.483661184516141564e+07
3.290060628651900589e+07
-3.077208236048793048e+07
2.832025430263233185e+07
-2.566128622220053896e+07
2.289433656205682829e+07
-1.973747125974133983e+07
1.657736851237700507e+07
-1.307261166235002875e+07
9.559189183777088299e+06
-5.790164601429078728e+06
2.036668594188268064e+06
1.909351610228131758e+06
-5.765270282247485593e+06
9.767702721372663975e+06
-1.361838628239027038e+07
1.743574136895603314e+07
-2.112523132471441478e+07
2.457033936825310066e+07
-2.796612083534544706e+07
3.094426194243113324e+07
-3.375642927104754001e+07
3.616388481593580544e+07
-3.830484292761106789e+07
3.997635297997175902e+07
-4.147834222424677759e+07
4.243288864156401902e+07
-4.308641493026014417e+07
4.342491035052446276e+07
-4.336260796048765630e+07
4.300023448575358838e+07
-4.238391612024433911e+07
4.150408340881124139e+07
-4.039498087971667200e+07
3.909728060253048688e+07
-3.764786481330368668e+07
3.608589801150563359e+07
-3.442430705451115221e+07
3.270051489905318990e+07
-3.090552842089782655e+07
2.908296014181925356e+07
-2.720328835489859805e+07
2.537841858631465584e+07
-2.341426424345856532e+07
2.154371287501551583e+07
-1.962484862945639715e+07
1.766621081492022797e+07
-1.570835058988860995e+07
1.370140301602528803e+07
-1.173749551686413400e+07
9.669969281279858202e+06
-7.665911341713997535e+06
5.623488691290566698e+06
-3.613340861164834816e+06
1.562755835475962842e+06
3.803473806546171545e+05
-2.317698747560908552e+06
4.141111536691511050e+06
-5.932897079476078972e+06
7.640776327775642276e+06
-9.132342469571467489e+06
1.061217873758052848e+07
-1.179196336314555071e+07
1.291310768991446495e+07
-1.379094184917079471e+07
1.450214961629018374e+07
-1.489859635017598048e+07
1.519488703289494105e+07
-1.516195749827183224e+07
1.492710884596535191e+07
-1.445986750850520097e+07
1.369141989860494435e+07
-1.268276834652047791e+07
1.147705485672939941e+07
-1.001109383643996716e+07
8.335769997114257887e+06
-6.510145897699867375e+06
4.364475629794462584e+06
-2.251059287020776886e+06
-2.070136146597182087e+05
2.621468842539313715e+06
-5.231942249432164244e+06
7.862522910289894789e+06
-1.057835626788524538e+07
1.331826791511385888e+07
-1.602951274031505920e+07
1.880993201158776507e+07
-2.149920407246687263e+07
2.420158870529196411e+07
-2.679378248602867499e+07
2.943678354683529213e+07
-3.192036811792648211e+07
3.438623242707967013e+07
-3.672017563177108020e+07
3.910194522751981765e+07
-4.129655804432201385e+07
4.341359563321807981e+07
-4.559096830397688597e+07
4.748380776612643898e+07
-4.946602270652367920e+07
5.130878862659472227e+07
-5.304311263016638905e+07
5.476552694836462289e+07
-5.630375048251772672e+07
5.789761833742173016e+07
-5.924223714485453814e+07
6.067183985710749775e+07
-6.187266095839043707e+07
6.300848935891527683e+07
-6.409127454345489293e+07
6.502633900237035006e+07
-6.589979674330247939e+07
6.660314358359412104e+07
-6.721904137202759087e+07
6.764008852766011655e+07
-6.797744284116025269e+07
6.803505152790945768e+07
-6.808668042836728692e+07
6.768766009489947557e+07
-6.726227455688850582e+07
6.655272728227207810e+07
-6.560770971884836257e+07
6.443279185409132391e+07
-6.306424992620473355e+07
6.143056875466548651e+07
-5.963632295633820444e+07
5.768380770206578821e+07
-5.553211422581226379e+07
5.329067466896244138e+07
-5.098752365141370893e+07
4.861433960373698920e+07
-4.618525903788449615e+07
4.390407008923244476e+07
-4.144573267514234781e+07
3.922851437271068990e+07
-3.695710991005422920e+07
3.485722253755053133e+07
-3.279893352184833959e+07
3.079416125561612844e+07
-2.895415715884231776e+07
2.701039287082213536e+07
-2.533641016524799168e+07
2.348756608418067172e+07
-2.180192048196818680e+07
2.008869167323833704e+07
-1.822965406104267761e+07
1.663446159209791198e+07
-1.477238018548604287e+07
1.311764405290894583e+07
-1.129658680341281742e+07
9.607915916499188170e+06
-7.890389178259397857e+06
6.223467469982503913e+06
-4.688597773595709354e+06
3.141924710860623978e+06
-1.774752656785704428e+06
4.976869039623605204e+05
6.838270102397407172e+05
-1.807934249997389037e+06
2.593709744728258811e+06
-3.556698301589327864e+06
4.159508640280936379e+06
-4.730099608198318630e+06
5.332967224443634041e+06
-5.691421470707521774e+06
6.071731007269870490e+06
-6.328795286152619869e+06
6.625723287425682880e+06
-6.838024472804771736e+06
7.052033343565041199e+06
-7.188951720538464375e+06
7.408165751948678866e+06
-7.472134310170476325e+06
7.646416172509065829e+06
-7.752864297952222638e+06
7.844300121039182879e+06
-7.957052337830160744e+06
7.966484573347978294e+06
-8.136692065881074406e+06
8.036306044185262173e+06
-8.122430086208958179e+06
8.050614005732139573e+06
-8.006951267698531970e+06
7.851322741575873457e+06
-7.695382365554551594e+06
7.441399396230325103e+06
-7.177569220539830625e+06
6.815054622708492912e+06
-6.374924326028272510e+06
6.041114535701049492e+06
-5.436208943523817696e+06
5.048597771163756028e+06
-4.459421733422676101e+06
4.050195143172764685e+06
-3.597696494042132981e+06
3.239445258930797689e+06
-2.922944222612889018e+06
2.726843284856518265e+06
-2.619097048284619115e+06
2.626831878288323060e+06
-2.783577399128938559e+06
2.964904690016784705e+06
-3.342490393981229514e+06
3.721022159518349916e+06
-4.279246484480496496e+06
4.806236004264366813e+06
-5.445748566068998538e+06
6.081479068653061055e+06
-6.814687356059848331e+06
7.422126829048861749e+06
-8.152911270893561654e+06
8.812783431269589812e+06
-9.552180123973766342e+06
1.007903294478171505e+07
-1.072482670786856860e+07
1.128561552668408677e+07
-1.169520611763316579e+07
1.216303765472187102e+07
-1.249595859064193256e+07
1.285344679317878932e+07
-1.289536184318060428e+07
1.310210671349310130e+07
-1.303282886852640659e+07
1.293796722098577209e+07
-1.271317053367708623e+07
1.238840641408571601e+07
-1.186606144792463072e+07
1.125785526167936996e+07
-1.062965986934444681e+07
9.686692146711157635e+06
-8.782990590949570760e+06
7.756520201714173891e+06
-6.560619424214515835e+06
5.428678707928972319e+06
-4.213125767800579779e+06
2.901880172803394962e+06
-1.761089874080774141e+06
6.093432950270391302e+05
5.278473577148927143e+05
-1.490754025714866119e+06
2.405813709726709872e+06
-3.034906544512742199e+06
3.622502043621649500e+06
-3.964582036435798276e+06
4.082512553093694150e+06
-3.992248142258582171e+06
3.777456363232745789e+06
-3.236258817208583467e+06
2.488564201181252021e+06
-1.651498932108612033e+06
4.489391144851226127e+05
8.232660570001981687e+05
-2.270577713010582142e+06
3.916814647898497526e+06
-5.720223732425772585e+06
7.568047993090261705e+06
-9.671522405366880819e+06
1.168240846705978364e+07
-1.397971459860820323e+07
1.616856692756358907e+07
-1.855953558714748546e+07
2.089593354134322330e+07
-2.329219058078271896e+07
2.573443778325713053e+07
-2.806189904911063984e+07
3.054898496796113253e+07
-3.282668472516847402e+07
3.517196568171306700e+07
-3.735856123001534492e+07
3.959144594242993742e+07
-4.150678118115112185e+07
4.345718961608926207e+07
-4.514305117149352282e+07
4.673982672851303965e+07
-4.803285282793510705e+07
4.918417448020605743e+07
-5.004318616617096961e+07
5.060078968392966688e+07
-5.101997672688464075e+07
5.102712465151513368e+07
-5.087584191177821904e+07
5.032821096535032243e+07
-4.965375863918492943e+07
4.865927624599552900e+07
-4.737384059218628705e+07
4.599700180575639009e+07
-4.431306893787753582e+07
4.245162982164216787e+07
-4.055760171058604121e+07
3.837122970575930923e+07
-3.622600552596504241e+07
3.387421851408857852e+07
-3.162525658844541758e+07
2.920007116784816980e+07
-2.693933078899298608e+07
2.460065024837826565e+07
-2.234528546423812956e+07
2.025653425894031674e+07
-1.815919105365079641e+07
1.629635542838997208e+07
-1.442271853201220930e+07
1.286098172728146054e+07
-1.132278535609483346e+07
1.008055929313026555e+07
-8.880013980409489945e+06
7.906149291065935045e+06
-7.093354801861293614e+06
6.386852430847956799e+06
-5.835133273775397800e+06
5.394341354848247021e+06
-5.116490818555320613e+06
4.778640091994243674e+06
-4.716818662714712322e+06
4.609221685185925104e+06
-4.594028724837758578e+06
4.662039756309968419e+06
-4.741668523583834991e+06
4.872257132218099199e+06
-4.996685198253523558e+06
5.318753440285341814e+06
-5.519826940930111334e+06
5.901336924356745556e+06
-6.219401266407310963e+06
6.747619407319541089e+06
-7.197276161796240136e+06
7.761353268758779392e+06
-8.379018912002575584e+06
9.026317745217541233e+06
-9.691126559713618830e+06
1.042373383271669224e+07
-1.105864141124832444e+07
1.169541940154606104e+07
-1.237642792206999287e+07
1.280216200271850824e+07
-1.337588068337530084e+07
1.361228870606690273e+07
-1.386136497417760268e+07
1.392887474964230135e+07
-1.400260112676024251e+07
1.380067449852036498e+07
-1.361652012374668568e+07
1.323553551661515981e+07
-1.292287392693194002e+07
1.245658619163958728e+07
-1.206698641279337369e+07
1.166217633351229317e+07
-1.121184593637211621e+07
1.104947189490424655e+07
-1.073505052251140215e+07
1.076282973182018287e+07
-1.069045541218244098e+07
1.089582530065848865e+07
-1.120091313498804346e+07
1.160867222550089285e+07
-1.210570822961321287e+07
1.276445039751947671e+07
-1.341325257698366791e+07
1.432392108067657985e+07
-1.500916513624048047e+07
1.595543639502413385e+07
-1.679756930231671780e+07
1.767058869120319933e+07
-1.859872008038420603e+07
1.931490158632938936e+07
-2.028244342838176340e+07
2.100006189094922319e+07
-2.176041385159909353e+07
2.243841565071406588e+07
-2.318462370331170037e+07
2.369094966814561188e+07
-2.442207547466604412e+07
2.485608280607030168e+07
-2.541864000454140455e+07
2.586015300020534173e+07
-2.626951777618381009e+07
2.668913066183633730e+07
-2.695308571688904613e+07
2.727756480361428112e+07
-2.746383356245071441e+07
2.759477579810188711e+07
-2.769306085430930927e+07
2.762687398161910102e+07
-2.757310690537572280e+07
2.737641893919688091e+07
-2.701857643590450287e+07
2.668006705896061286e+07
-2.612736819913214073e+07
2.561949250436263531e+07
-2.481144441931863502e+07
2.408403557557598501e+07
-2.316672502746095136e+07
2.217688269018249959e+07
-2.111899400954148173e+07
1.999157802157742158e+07
-1.871251961701699346e+07
1.741940132992641628e+07
-1.601967627796987444e+07
1.450905897130150162e+07
-1.294249008736973628e+07
1.125646385479890183e+07
-9.532320972403384745e+06
7.698976568495280109e+06
-5.879378607063340954e+06
3.903474010379020125e+06
-1.961188341574780177e+06
3.180524740143320014e+04
1.946866975419942988e+06
-3.877511107745971996e+06
5.751169796494176611e+06
-7.564734769087661989e+06
9.243101267902219668e+06
-1.092592581317774951e+07
1.248026195478581637e+07
-1.385164257365691662e+07
1.529366552208183520e+07
-1.655221942205403745e+07
1.778158186855592579e+07
-1.901191466848183423e+07
2.013694483720129356e+07
-2.137158441375210881e+07
2.255101169660602137e+07
-2.381804143661633506e+07
2.512516350980752334e+07
-2.652387368499287218e+07
2.794611555542385951e+07
-2.938777602426050976e+07
3.103919027562752739e+07
-3.252901163709367812e+07
3.417681655282324553e+07
-3.581269494895146042e+07
3.732999232783897966e+07
-3.893591967644035071e+07
4.044449968696296960e+07
-4.185099008095844835e+07
4.322361260553202033e+07
-4.450776877826718241e+07
4.563144049559240043e+07
-4.680801798451305926e+07
4.773144593918556720e+07
-4.865395613548061252e+07
4.942721760217119753e+07
-5.013952635634988546e+07
5.070678657463620603e+07
-5.114118617206224054e+07
5.154027471625947207e+07
-5.171879041797124594e+07
5.181112933414354175e+07
-5.176492449122209847e+07
5.156708345128501952e+07
-5.127991416660040617e+07
5.075370906173516810e+07
-5.009138485398748517e+07
4.940502559577079117e+07
-4.837711765566039085e+07
4.740250971908465773e+07
-4.618434588807986677e+07
4.484296779180514067e+07
-4.343650467836410552e+07
4.185635719803979248e+07
-4.021339054255259782e+07
3.844692684400220215e+07
-3.654702594708845764e+07
3.463363937299150974e+07
-3.257914123794166371e+07
3.047162152334928140e+07
-2.834627039377771318e+07
2.606847012306628749e+07
-2.381467253003867716e+07
2.149361134795670956e+07
-1.916403627094114944e+07
1.680687978796961904e+07
-1.442785084710535035e+07
1.209575569713884406e+07
-9.756213213530473411e+06
7.456423771319239400e+06
-5.305893664824837819e+06
3.033031478514692280e+06
-1.032424071159491199e+06
-1.007401730184973800e+06
2.827756337047284935e+06
-4.549293846868252382e+06
6.227614486199652776e+06
-7.636215676203945652e+06
9.033062434403685853e+06
-1.012349353493226506e+07
1.126518797564052232e+07
-1.210035562017946318e+07
1.289156144273925014e+07
-1.356221977500796132e+07
1.409400062769547291e+07
-1.459731678324688226e+07
1.497585639527771808e+07
-1.533167318087892048e+07
1.566516482507390901e+07
-1.589730915868195891e+07
1.617569450069760345e+07
-1.636628969288621284e+07
1.653450207488819398e+07
-1.674791029954874888e+07
1.683298909513491392e+07
-1.694132947433788702e+07
1.693727246289268509e+07
-1.687356268551781401e+07
1.673263332876272313e+07
-1.648797680881606229e+07
1.608159147157488577e+07
-1.565475165722411685e+07
1.503134416429754905e+07
-1.429247936515622213e+07
1.343941338307528570e+07
-1.246521401376502216e+07
1.131645812722929753e+07
-1.012353609807478823e+07
8.772994504969995469e+06
-7.255990886605680920e+06
5.748638436609777622e+06
-4.040253697283101268e+06
2.261981666069989558e+06
-4.055274914169780095e+05
-1.600476444823510014e+06
3.592865665563920513e+06
-5.802571367556274869e+06
7.972649845331401564e+06
-1.024482594319299795e+07
1.268017137464439683e+07
-1.496566318280127458e+07
1.745780788926450536e+07
-1.985128296027966961e+07
2.232816102573160455e+07
-2.467129036138854548e+07
2.706266178538684547e+07
-2.926754438216695562e+07
3.142688745407469943e+07
-3.345471443613833562e+07
3.527458045933169127e+07
-3.698557411034131050e+07
3.832891099626311660e+07
-3.975010847200495750e+07
4.055729694214554876e+07
-4.151500854620464891e+07
4.206410099923477322e+07
-4.239048409892268479e+07
4.271403143513503671e+07
-4.268855614487551898e+07
4.263735806919359416e+07
-4.237282538614469022e+07
4.219728266078650206e+07
-4.174739887413044274e+07
4.148471189228505641e+07
-4.106844600764851272e+07
4.076587649933443218e+07
-4.044691638597529382e+07
4.016718374914342165e+07
-4.006442050747837126e+07
3.986591208919569105e+07
-3.988364299807499349e+07
3.981985012547506392e+07
-3.990969997966273874e+07
4.001571231488248706e+07
-4.011430806268011034e+07
4.035641780698589236e+07
-4.041561412212783098e+07
4.064870663226272911e+07
-4.075230065249333531e+07
4.091094976721218973e+07
-4.104709291792415082e+07
4.104732229448064417e+07
-4.123629880977672338e+07
4.112872066662519425e+07
-4.122761759340509772e+07
4.114517859612068534e+07
-4.110842718321187794e+07
4.100786432666942477e+07
-4.085848809925376624e+07
4.066004978879708797e+07
-4.042228690407176316e+07
4.009048416217373312e+07
-3.958822458321540058e+07
3.921015266669599712e+07
-3.845885379105836898e+07
3.780763444947762042e+07
-3.676614964180539548e+07
3.582568616803885996e+07
-3.458674368109269440e+07
3.324832903954542428e+07
-3.179709669523992762e+07
3.012447113649418950e+07
-2.840540835435935855e+07
2.645343302216152474e+07
-2.452796839052019268e+07
2.228797777467323095e+07
-2.020510412583888695e+07
1.778967163123144582e+07
-1.552674758313022926e+07
1.297826122569626570e+07
-1.054375065257570893e+07
7.928855388953317888e+06
-5.386284258836160414e+06
2.765268436035840772e+06
-5.785288227449003898e+04
-2.464123778718072455e+06
5.208894248065675609e+06
-7.676310971228124574e+06
1.033945151453277282e+07
-1.270952578590500727e+07
1.519364683264592662e+07
-1.745911425095087290e+07
1.963358002811341733e+07
-2.168439438627756760e+07
2.353699379065294564e+07
-2.527746641396221519e+07
2.668075309950128943e+07
-2.804542074957869574e+07
2.910569284136781842e+07
-2.992394820285022631e+07
3.054748015385135263e+07
-3.083638193659842759e+07
3.100493978832114488e+07
-3.075877970656837896e+07
3.043751865479844064e+07
-2.978230162126617879e+07
2.885957581205873564e+07
-2.793040078921874613e+07
2.646589517705693841e+07
-2.514907969122348726e+07
2.345900087488340586e+07
-2.171069563412749022e+07
1.983184813199346885e+07
-1.787169083628964797e+07
1.584454917381276935e+07
-1.378124696093832515e+07
1.173270593494705483e+07
-9.639613540005851537e+06
7.697847911663773470e+06
-5.598831876958087087e+06
3.943647254987190478e+06
-2.033233882376628462e+06
4.318242780357710435e+05
1.088806300212128554e+06
-2.532192743322385475e+06
3.851870447533021215e+06
-5.034248411508940160e+06
6.088595494308798574e+06
-7.153345463198842481e+06
8.024838241668169387e+06
-8.881811778342833742e+06
9.550751440430909395e+06
-1.025480359695176221e+07
1.076865431225469150e+07
-1.122156087704516761e+07
1.158907581367981248e+07
-1.179396650809539668e+07
1.191732436607931741e+07
-1.194590326129610091e+07
1.173649474230380729e+07
-1.147568409295873903e+07
1.110231597745547257e+07
-1.052628039021603018e+07
9.944730768341597170e+06
-9.209374296586513519e+06
8.383310238719708286e+06
-7.578414446339715272e+06
6.651026198656459339e+06
-5.845508924061233178e+06
4.941135599495497532e+06
-4.187656909742021933e+06
3.488176652709512971e+06
-2.863052455787156243e+06
2.331056017640380654e+06
-1.999915908046013210e+06
1.662589732875390910e+06
-1.566618547173331724e+06
1.473038217355346307e+06
-1.468728566635838244e+06
1.589451096017485019e+06
-1.606728060679677874e+06
1.770866350354632363e+06
-1.841471210189137375e+06
1.927162429893831722e+06
-1.853728278300411534e+06
1.819353683104554657e+06
-1.545933962108261185e+06
1.398905522635355359e+06
-1.023622660363472765e+06
5.781790535631566308e+05
-1.091046641974751547e+05
-4.677675004200391704e+05
1.091539310374221765e+06
-1.710880449944457971e+06
2.413329690713256598e+06
-3.151957306232723407e+06
3.821632857151539996e+06
-4.619806041943162680e+06
5.306868262947459705e+06
-6.145367940604220144e+06
6.923076785116724670e+06
-7.752167960435031913e+06
8.595057279677264392e+06
-9.458517060544729233e+06
1.039046643642427027e+07
-1.128337822779992782e+07
1.232897016885775328e+07
-1.323687163838276267e+07
1.428860330046375468e+07
-1.530981607092015818e+07
1.623354574074876495e+07
-1.725245523089122772e+07
1.813165831768001616e+07
-1.890290154586775601e+07
1.968390313707750291e+07
-2.033208127962319180e+07
2.073370214319245517e+07
-2.121149814946294203e+07
2.135131901079758257e+07
-2.153142646849796176e+07
2.144822260972350463e+07
-2.128738035691460222e+07
2.103499857224143296e+07
-2.057089290440333262e+07
2.019900095221180841e+07
-1.953505630356026068e+07
1.895523108994151279e+07
-1.819026550702681020e+07
1.735133794428627193e+07
-1.647426367669240199e+07
1.546829804259226844e+07
-1.434163898116284423e+07
1.318615615214637481e+07
-1.182123419040158018e+07
1.038677795810845494e+07
-8.741370406403912231e+06
7.071330929548827931e+06
-5.208883398265216500e+06
3.278390481348097790e+06
-1.197473684706120519e+06
-8.618136129909212468e+05
3.008952032164338976e+06
-5.203282769979938865e+06
7.197725487157722935e+06
-9.365998286372656003e+06
1.115482316725002974e+07
-1.309312265942448378e+07
1.461713791088108905e+07
-1.611789939056919515e+07
1.742627860775440186e+07
-1.851099115144393593e+07
1.941832981474952772e+07
-2.029200317733266577e+07
2.086223757238136604e+07
-2.142279377851240709e+07
2.197724907700829208e+07
-2.228343781324360147e+07
2.283010735808549821e+07
-2.318216058031965420e+07
2.363750654407627508e+07
-2.422439046238854900e+07
2.474789678291442245e+07
-2.544973292636597902e+07
2.618012350726328790e+07
-2.695530360056115314e+07
2.793099354138610512e+07
-2.872475170622833073e+07
2.989519169503930956e+07
-3.077389583085807413e+07
3.196322995664834604e+07
-3.304357952152267098e+07
3.415987932751891017e+07
-3.534284281304387003e+07
3.647300478844386339e+07
-3.773713257568685710e+07
3.888521452943698317e+07
-4.019649698362663388e+07
4.134442751870888472e+07
-4.266943619968812168e+07
4.386244694009681046e+07
-4.522852692733004689e+07
4.639674740835076571e+07
-4.774582023888818175e+07
4.895843187896171957e+07
-5.010505953522796184e+07
5.136079659015040100e+07
-5.235551616765573621e+07
5.339485218956989050e+07
-5.421607292238067091e+07
5.491896270174591988e+07
-5.544990083958896250e+07
5.579381948860519379e+07
-5.582822782623273879e+07
5.572914417708521336e+07
-5.525699829937499017e+07
5.463489195003933460e+07
-5.368055153657342494e+07
5.245563485603453964e+07
-5.105557986160510778e+07
4.942120671378682554e+07
-4.762943293732015043e+07
4.564547431934934855e+07
-4.363485012756773084e+07
4.150371372165557742e+07
-3.943960977228063345e+07
3.728120215689510107e+07
-3.532039623382877558e+07
3.334750356092767045e+07
-3.152339218786628544e+07
2.984715642508166283e+07
-2.837743473608577251e+07
2.691431829046313465e+07
-2.573839001304590702e+07
2.473161956037328020e+07
-2.367872073380707949e+07
2.298843647473316640e+07
-2.218377342289523035e+07
2.167794893225225806e+07
-2.107958894153795019e+07
2.059245468207046017e+07
-2.020846362796441466e+07
1.975359788423764333e+07
-1.947260875421384722e+07
1.907671880193810165e+07
-1.881671492140817642e+07
1.846919721231621131e+07
-1.821866147837736830e+07
1.800545224627449736e+07
-1.773199330680125207e+07
1.763614674379770830e+07
-1.740658658136047423e+07
1.731293626988551393e+07
-1.728034673368197680e+07
1.720864766665306315e+07
-1.724011879417406768e+07
1.736131900095799938e+07
-1.739806960709952191e+07
1.764307731589647010e+07
-1.785466665094847232e+07
1.814547014604213461e+07
-1.851456849516493455e+07
1.890617900494033471e+07
-1.943910529212037846e+07
1.989591939746890962e+07
-2.051131073753706738e+07
2.108269252696990594e+07
-2.174057525828806311e+07
2.234684169877532125e+07
-2.302714625448236242e+07
2.356788779565474391e+07
-2.417628076423712820e+07
2.467423697249196470e+07
-2.519194048180328310e+07
2.552794365816412866e+07
-2.594451270518944040e+07
2.620827572225981206e+07
-2.647322397293383628e+07
2.673553820714102313e+07
-2.686381928526709974e+07
2.727918199437215179e+07
-2.731075127945883945e+07
2.780278140147216618e+07
-2.811128427764266729e+07
2.860144280269100890e+07
-2.909260152785004675e+07
2.968822167730943859e+07
-3.042054553927443549e+07
3.109201496831336617e+07
-3.195332170708578825e+07
3.276177158105842769e+07
-3.364655826354006678e+07
3.454635860143529624e+07
-3.551934607955504209e+07
3.635348516285116971e+07
-3.734130021697105467e+07
3.820271410623151064e+07
-3.914596261262028664e+07
4.000802501634700596e+07
-4.089608514978951961e+07
4.176654284637539834e+07
-4.260915718581987917e+07
4.346066796369437128e+07
-4.423472898546811938e+07
4.500654773258832097e+07
-4.565362046534696966e+07
4.635780117330702394e+07
-4.676798092848215997e+07
4.725433385250864178e+07
-4.749685313207655400e+07
4.765038335062417388e+07
-4.756625930306774378e+07
4.737984138152056187e+07
-4.690379023761246353e+07
4.630343517439966649e+07
-4.549928527395141125e+07
4.447128667734652013e+07
-4.332878871662375331e+07
4.189408217974735796e+07
-4.050023183809036016e+07
3.875578599091414362e+07
-3.711038914526818693e+07
3.519947524246446788e+07
-3.331813203570931032e+07
3.138926546834425256e+07
-2.937543253842027113e+07
2.731550681469595432e+07
-2.539945390945004672e+07
2.327741038140674680e+07
-2.140125550596723333e+07
1.935874706691525877e+07
-1.736556776621109992e+07
1.549876782635775954e+07
-1.352028606161134876e+07
1.170651848371528462e+07
-9.838996308081179857e+06
8.066093744877979159e+06
-6.291440488205967471e+06
4.626671529055453837e+06
-2.880695684350788593e+06
1.388709716925774002e+06
2.570801948152277619e+05
-1.648502920611551031e+06
3.069938463218622375e+06
-4.417877845041298307e+06
5.617492218665841036e+06
-6.741928815268619917e+06
7.760411293478117324e+06
-8.764963364752536640e+06
9.471778284893264994e+06
-1.026076804059303179e+07
1.088442001219922863e+07
-1.134851108978972025e+07
1.176993354536896572e+07
-1.206762095413874090e+07
1.231286508280842565e+07
-1.243339071772395447e+07
1.256509864035855792e+07
-1.260975908390952833e+07
1.260777731664504483e+07
-1.259350180379341543e+07
1.260511024373544753e+07
-1.255285008633551374e+07
1.264508835581438430e+07
-1.261679995288881287e+07
1.275989605295808055e+07
-1.287105825209286995e+07
1.306714036155937426e+07
-1.334555130667240173e+07
1.362827540582745709e+07
-1.403985575926665030e+07
1.442225617054731399e+07
-1.500608007429715060e+07
1.544231718815240450e+07
-1.605067913985922374e+07
1.664751305368335918e+07
-1.720953900439393893e+07
1.784750388206881285e+07
-1.844893928705310822e+07
1.895792298460115492e+07
-1.959822406353354082e+07
2.006674495165893435e+07
-2.059850676482948288e+07
2.105878418710381910e+07
-2.144756754691046476e+07
2.187630603999693692e+07
-2.212103304200473428e+07
2.237712962815727666e+07
-2.260909408973571658e+07
2.269297368460191786e+07
-2.276038806076939031e+07
2.269373683967942744e+07
-2.253734431038990244e+07
2.230813098877482116e+07
-2.189538487323178351e+07
2.143164501481726393e+07
-2.074156992948869616e+07
1.998782566842472553e+07
-1.898846253895908222e+07
1.782430765369379520e+07
-1.656251726774463989e+07
1.496177938216126524e+07
-1.330859736053118855e+07
1.141766384543380514e+07
-9.279081833401501179e+06
7.035625301323886961e+06
-4.650775494070537388e+06
2.127449784591382369e+06
6.063219196854601614e+05
-3.304800275762130972e+06
6.243602759390247054e+06
-9.101296931397642940e+06
1.204394224611863494e+07
-1.503661993885520659e+07
1.786640588333791494e+07
-2.084822641230242699e+07
2.364245776169390231e+07
-2.643700468842277676e+07
2.907616905077471957e+07
-3.170673782542338222e+07
3.414702231703526527e+07
-3.645800940667337179e+07
3.872927006936735660e+07
-4.069121208968973905e+07
4.261821657573236525e+07
-4.429502406463224441e+07
4.588453873179479688e+07
-4.717013876519392431e+07
4.830694022955157608e+07
-4.922467445869638771e+07
4.992281200952543318e+07
-5.040640856068773568e+07
5.055804089892297983e+07
-5.059799987317279726e+07
5.026770291579267383e+07
-4.985005695082895458e+07
4.906278004508942366e+07
-4.819558361472704262e+07
4.700411501013094187e+07
-4.564415009109652787e+07
4.424148362373536825e+07
-4.250106277890241146e+07
4.084050549365121126e+07
-3.892243114404021204e+07
3.702256074674022943e+07
-3.497490728104324639e+07
3.298474384415179864e+07
-3.085876748395634070e+07
2.881857818496569991e+07
-2.674834610312544182e+07
2.454162341359968111e+07
-2.252644231034588441e+07
2.032183320213102922e+07
-1.820929364208044857e+07
1.606221264597590826e+07
-1.381223930567950755e+07
1.167438346787230298e+07
-9.376046499846488237e+06
7.143816875514207408e+06
-4.881390146686548367e+06
2.588531474526471458e+06
-3.697521791806358960e+05
-1.916606279295925517e+06
4.083936394081464969e+06
-6.226952814084446058e+06
8.252199999325504526e+06
-1.017170457230545580e+07
1.190566273073300533e+07
-1.362251560996358097e+07
1.492264325035808049e+07
-1.627302602016634867e+07
1.721961833249640465e+07
-1.799796399839584529e+07
1.864743197826130316e+07
-1.891934045495254174e+07
1.916875481726474315e+07
-1.900530781792080402e+07
1.888107538007882237e+07
-1.843208306216147915e+07
1.795947382753033936e+07
-1.729706703841609135e+07
1.659372515705046989e+07
-1.580937958919214644e+07
1.491918674030273594e+07
-1.407528691367128305e+07
1.314815181521626376e+07
-1.223220258447081596e+07
1.137050351696268655e+07
-1.047027642281914502e+07
9.563604395441006869e+06
-8.810727448349684477e+06
7.933784458864481188e+06
-7.222364665995766409e+06
6.450420498748000711e+06
-5.766116524343393743e+06
5.055386989987937734e+06
-4.437180279247587547e+06
3.869478783328752033e+06
-3.230817687280112877e+06
2.840800795126308221e+06
-2.385109558090621606e+06
1.994417506405304186e+06
-1.747066475868187379e+06
1.523529571245225146e+06
-1.512981109150795965e+06
1.455665730500535341e+06
-1.649795999857234303e+06
1.911126415283062030e+06
-2.259040253822509199e+06
2.799172452617974952e+06
-3.405959784019340295e+06
4.112274840699212626e+06
-4.899480574957085773e+06
5.799768113208170980e+06
-6.600143800431324169e+06
7.655093125435450114e+06
-8.496414643655469641e+06
9.408696865434523672e+06
-1.029201454247893021e+07
1.105724419699775241e+07
-1.178465959513925016e+07
1.233440042772990465e+07
-1.282671442636360601e+07
1.317755177545277029e+07
-1.332789671606605500e+07
1.340373275135635771e+07
-1.337277048987331055e+07
1.303855080352212861e+07
-1.273321298305741511e+07
1.226036692703953199e+07
-1.163479795649526082e+07
1.098271028568540327e+07
-1.017724689660657384e+07
9.386995255070857704e+06
-8.461140010902574286e+06
7.601123624889694154e+06
-6.628376917881860398e+06
5.680034397596483119e+06
-4.742940243887761608e+06
3.826233283373869956e+06
-2.904284421653231140e+06
2.094288922521805391e+06
-1.248254337865713052e+06
5.274648502597331535e+05
1.168079301030048955e+05
-7.466265896057550563e+05
1.144081048270720290e+06
-1.626052054319859250e+06
1.781990856333893724e+06
-1.983391067270229105e+06
1.938975390175482724e+06
-1.866713748135692673e+06
1.515339296001262497e+06
-1.151446431155135855e+06
6.845581580683302600e+05
-2.205884628306564537e+03
-6.534156624762663851e+05
1.466266430476949317e+06
-2.267137518237901386e+06
3.189327744299861137e+06
-4.069567485282184090e+06
4.965085023698402569e+06
-5.921970369074369781e+06
6.774244838494339027e+06
-7.666666158847773448e+06
8.525266423887994140e+06
-9.393733338215464726e+06
1.010843595859371871e+07
-1.086945568255662546e+07
1.159245108950920776e+07
-1.222038943641096167e+07
1.286748048385658301e+07
-1.336630086236495711e+07
1.383097271486820653e+07
-1.422546399056081660e+07
1.461495747504174151e+07
-1.468158332862662524e+07
1.490894496200052835e+07
-1.480019724093496613e+07
1.464053464751667157e+07
-1.437847412889278680e+07
1.388329121788286045e+07
-1.323837758946549520e+07
1.257029311021917686e+07
-1.158357768744170852e+07
1.053348104534637742e+07
-9.352530549311080948e+06
7.898573015905495733e+06
-6.502268481302045286e+06
4.784046126146153547e+06
-3.098931583631567191e+06
1.160896355226305081e+06
7.765837231601590756e+05
-2.875680705499381293e+06
4.979817523815014400e+06
-7.229108745425366797e+06
9.456833713008815423e+06
-1.180076460918728821e+07
1.409713185844749585e+07
-1.643293260886312649e+07
1.877674016593251750e+07
-2.106721020851330832e+07
2.333590326488735899e+07
-2.554758832933478802e+07
2.772474065256351605e+07
-2.983016450395219773e+07
3.187691143926774710e+07
-3.376070899689302593e+07
3.572630121659787744e+07
-3.740018950913803279e+07
3.916533069178591669e+07
-4.070648139035367221e+07
4.216985731677065045e+07
-4.361477690334867686e+07
4.484217917307083309e+07
-4.599268178684758395e+07
4.712399595383522660e+07
-4.802952852549365908e+07
4.891584315204147995e+07
-4.966076796806941181e+07
5.033515827580595016e+07
-5.086135654494456947e+07
5.138483635300920904e+07
-5.176256993636808544e+07
5.202549152324365824e+07
-5.235806764377659559e+07
5.246825403852838278e+07
-5.262500752201141417e+07
5.263317868638036400e+07
-5.270777291964671761e+07
5.260020044929140061e+07
-5.259888500999572128e+07
5.235202677947893739e+07
-5.225677592042723298e+07
5.195702709853131324e+07
-5.163887158101706952e+07
5.135746084889341146e+07
-5.080776886421714723e+07
5.046041708559442312e+07
-4.980352038183793426e+07
4.922425171586786956e+07
-4.855834328912234306e+07
4.775015693523098528e+07
-4.703573007052480429e+07
4.614000649364696443e+07
-4.523116149298908561e+07
4.438077452122543007e+07
-4.339255581886631995e+07
4.241625337193011492e+07
-4.146965308860525489e+07
4.051305408310119063e+07
-3.946748941487605870e+07
3.856191483083144575e+07
-3.753273666524123400e+07
3.655716113523168117e+07
-3.556915440869306773e+07
3.461382522702671587e+07
-3.352253022988228127e+07
3.255549820411841199e+07
-3.149948598429471254e+07
3.039184486219806969e+07
-2.931960342261191085e+07
2.816767401720239967e+07
-2.703858011361113191e+07
2.577756053031357005e+07
-2.466090636032709479e+07
2.340573267048041150e+07
-2.225922414433727413e+07
2.108360179706862941e+07
-2.002829971369408444e+07
1.891224464846239612e+07
-1.810454688259315863e+07
1.717822403200753033e+07
-1.661359681698832661e+07
1.593937847231619433e+07
-1.559384947792408429e+07
1.536267637447202578e+07
-1.517203672928834148e+07
1.530877117727355473e+07
-1.528876645540023409e+07
1.571641794105271064e+07
-1.584393254840003699e+07
1.635794325541806407e+07
-1.669231557022220828e+07
1.723659721287411824e+07
-1.756025844889941439e+07
1.806827392818406969e+07
-1.836520074786310643e+07
1.870360333956037462e+07
-1.898666324439070746e+07
1.911508128806441650e+07
-1.934387759642805904e+07
1.921036020233548060e+07
-1.938138804438928515e+07
1.913372727412383258e+07
-1.911833394489687681e+07
1.877561464363067225e+07
-1.862864445463812724e+07
1.829236624085886776e+07
-1.796496040805940330e+07
1.759907788253434747e+07
-1.714937102248009667e+07
1.676400658271344751e+07
-1.613869507825329714e+07
1.568333593367813528e+07
-1.486001739036654681e+07
1.419181963466881216e+07
-1.322394491443334334e+07
1.224274092988015525e+07
-1.099066927391128987e+07
9.649611820491708815e+06
-8.168248295498051681e+06
6.392118333008028567e+06
-4.616201738210809417e+06
2.590204214979039971e+06
-5.151150458588864421e+05
-1.696535606476817280e+06
3.886039674681270029e+06
-6.154695847297175787e+06
8.329274667383494787e+06
-1.044512847560470551e+07
1.246303785412925854e+07
-1.435864595002051815e+07
1.602845460660278425e+07
-1.758198320971581340e+07
1.887499835665479302e+07
-2.007126983211515471e+07
2.099330633564811200e+07
-2.173073491338001937e+07
2.235815529188859090e+07
-2.271814370483299345e+07
2.309070536285354570e+07
-2.315792581950908154e+07
2.326719429071099311e+07
-2.324843523126562685e+07
2.307838959784110636e+07
-2.289852529328675941e+07
2.265306201984066516e+07
-2.221356889931078628e+07
2.183164549878098443e+07
-2.119532946780475229e+07
2.054212700676033646e+07
-1.968297255477500334e+07
1.869905390635852516e+07
-1.758698941520212963e+07
1.613092904465734586e+07
-1.471027948447158188e+07
1.289232378676109202e+07
-1.104837597470555082e+07
8.910704766343990341e+06
-6.755852302774962969e+06
4.385260477883785032e+06
-2.003707799950314220e+06
-4.901316159925151733e+05
2.912623516206231900e+06
-5.330576873870969750e+06
7.707472269234492444e+06
-9.836181787268770859e+06
1.198116627538462169e+07
-1.380654385197157599e+07
1.554683229574906267e+07
-1.692273901587624103e+07
1.824568947817673907e+07
-1.926228433124156669e+07
2.007973953244415298e+07
-2.082156330398669839e+07
2.123010273313241079e+07
-2.168074121114332229e+07
2.189314538211190701e+07
-2.206552936638799682e+07
2.221480802898700535e+07
-2.230060894037727267e+07
2.229637716398600489e+07
-2.233406777863099799e+07
2.243115783031809330e+07
-2.236672188899856433e+07
2.248452950483382493e+07
-2.242756147843310237e+07
2.250063422099924088e+07
-2.246720995276050270e+07
2.253030984155835211e+07
-2.238082285325010121e+07
2.238366989978842437e+07
-2.215659002736583352e+07
2.186966814667284489e+07
-2.161854123653871566e+07
2.099394505011022091e+07
-2.050317990069713444e+07
1.964895101070258021e+07
-1.878611800996118784e+07
1.768817116848107800e+07
-1.642434652699636668e+07
1.502695484392438829e+07
-1.352703520630873926e+07
1.169328800731671974e+07
-1.001344168145353161e+07
8.000280803244953975e+06
-6.063824708679785952e+06
4.037823427497647703e+06
-1.972464893195553450e+06
7.708480274103494594e+03
2.044282375979552744e+06
-3.835503911534952000e+06
5.670608507704045624e+06
-7.219770018979090266e+06
8.705387291347352788e+06
-9.964961788662359118e+06
1.097239400561738387e+07
-1.182202541323978081e+07
1.241341995930431411e+07
-1.283364242551517673e+07
1.305950979638765939e+07
-1.297670585409270599e+07
1.283614955661881715e+07
-1.240141169642588869e+07
1.186095041951902397e+07
-1.108361454679109529e+07
1.028281105620054714e+07
-9.217208321307016537e+06
8.024130299565724097e+06
-6.790107767298885621e+06
5.290783375870182179e+06
-3.751927230054257903e+06
2.012129587860552128e+06
-1.406032513600354723e+05
-1.872187970311553450e+06
3.983765095942007378e+06
-6.358582605516915210e+06
8.784288742562178522e+06
-1.141067424468331598e+07
1.414180798542695120e+07
-1.702813373706945777e+07
2.011824961464504153e+07
-2.316485725097085908e+07
2.648442636580075696e+07
-2.968764283438559994e+07
3.307040453876025602e+07
-3.640369646676564217e+07
3.965898016383855790e+07
-4.299594749627710134e+07
4.604575069528701901e+07
-4.925635045822639018e+07
5.197615630125544965e+07
-5.476470447212738544e+07
5.727334803830599785e+07
-5.949826215771253407e+07
6.163146512763334811e+07
-6.340606623659479618e+07
6.500390892257167399e+07
-6.634641666542537510e+07
6.746304176279149950e+07
-6.827666591315610707e+07
6.896253879354408383e+07
-6.932571899159620702e+07
6.952166938648763299e+07
-6.935760116339531541e+07
6.911702067963281274e+07
-6.849195556025870144e+07
6.773694492986463010e+07
-6.659195917077498138e+07
6.532103312507657707e+07
-6.370374947857337445e+07
6.178516179377208650e+07
-5.974407698699042946e+07
5.728613590468479693e+07
-5.470534474532500654e+07
5.182386414356966317e+07
-4.880070342717598379e+07
4.548860800270766765e+07
-4.213843629053749889e+07
3.855152253893710673e+07
-3.495010832885142416e+07
3.118532086865334213e+07
-2.750998736590568721e+07
2.364752588106223568e+07
-1.991034788371386006e+07
1.617772214290802740e+07
-1.248773865430656075e+07
8.895865564651744440e+06
-5.309592479593191296e+06
1.900849098243037239e+06
1.416222594626768492e+06
-4.653209823648015037e+06
7.772630587424229831e+06
-1.073860545896343701e+07
1.361802795642321557e+07
-1.638582433031306975e+07
1.905388401475379989e+07
-2.151076499896212295e+07
2.405082683546083048e+07
-2.625796836884491518e+07
2.854436911762281507e+07
-3.060931353378710896e+07
3.266198831192216277e+07
-3.451364781040486693e+07
3.634083121636296064e+07
-3.807910323241672665e+07
3.960595110983674228e+07
-4.123802670838767290e+07
4.264400923627201468e+07
-4.398606011978153884e+07
4.530033726165334135e+07
-4.648012589479624480e+07
4.759688651285818964e+07
-4.866571053902760893e+07
4.954175435628562421e+07
-5.044956245358441025e+07
5.112739733403744549e+07
-5.186965390205780417e+07
5.232260155149281770e+07
-5.281706305729278177e+07
5.315013734240453690e+07
-5.336493717605991662e+07
5.360246133273241669e+07
-5.359753782859093696e+07
5.367152315673309565e+07
-5.354046255001027882e+07
5.350499408649120480e+07
-5.323496926401684433e+07
5.305756650583238900e+07
-5.277867011113755405e+07
5.237522961570458114e+07
-5.199438461931546032e+07
5.150474126502797753e+07
-5.098530168528386205e+07
5.030922401970204711e+07
-4.962536612243980914e+07
4.878277051341366023e+07
-4.791405828498235345e+07
4.688965694513285160e+07
-4.582514678761828691e+07
4.471373132361372560e+07
-4.343098638298772275e+07
4.221309425732037425e+07
-4.078688182713732123e+07
3.952718240946383774e+07
-3.811283436710945517e+07
3.676552711297951639e+07
-3.545062686908639222e+07
3.412389899469791353e+07
-3.296547651591274515e+07
3.175768414249804243e+07
-3.078113207773816213e+07
2.969953524310741201e+07
-2.896859640858025104e+07
2.805359442688734457e+07
-2.749903043702387810e+07
2.678881732625655085e+07
-2.625373907264875993e+07
2.581790883927311748e+07
-2.532802117467651889e+07
2.488780801418770850e+07
-2.452490634864859655e+07
2.414674385637377203e+07
-2.364716245118266344e+07
2.338132617600639910e+07
-2.280567492485807091e+07
2.248416873463199660e+07
-2.191888033290626854e+07
2.148487721378853172e+07
-2.091350820157660916e+07
2.043475266844381019e+07
-1.985947341963833198e+07
1.937746593837977201e+07
-1.877141338934862241e+07
1.828178040979358926e+07
-1.770993635482947528e+07
1.723139847396929562e+07
-1.673891584724594094e+07
1.623606101946815848e+07
-1.580239408192463033e+07
1.527492037620220892e+07
-1.492412129677248187e+07
1.437971950774362311e+07
-1.406278665025221743e+07
1.351517938247735426e+07
-1.321958464557196200e+07
1.268121205666029826e+07
-1.238416792730950192e+07
1.197386139173463732e+07
-1.158875027968495525e+07
1.133988019773880206e+07
-1.099290964191148803e+07
1.080221072950131632e+07
-1.059852851319435239e+07
1.053362410121583194e+07
-1.050195061222916842e+07
1.048594260220398568e+07
-1.067515334466095082e+07
1.080603906993062980e+07
-1.111826490923019126e+07
1.141442118130425550e+07
-1.184381288290800713e+07
1.233666264891808853e+07
-1.279903843729087524e+07
1.342104666417031921e+07
-1.398811343309503607e+07
1.470970041429232806e+07
-1.530437802785007283e+07
1.614192611457372829e+07
-1.677493407021960616e+07
1.767131755157505348e+07
-1.838267631209784001e+07
1.929420263031931221e+07
-2.012798170692344755e+07
2.100312675008982047e+07
-2.205694073648213223e+07
2.292439430375150591e+07
-2.396891580827790499e+07
2.497471732773959264e+07
-2.599192914605155960e+07
2.707345979913553596e+07
-2.802008806494482234e+07
2.908918096550955623e+07
-2.999357334043581039e+07
3.087547433011686802e+07
-3.184610984054302424e+07
3.252589285202247277e+07
-3.326507653070496395e+07
3.392234001622979343e+07
-3.446369958023872226e+07
3.489017188128271699e+07
-3.536054384177043289e+07
3.562419207311441749e+07
-3.591702625070989132e+07
3.611864616314961016e+07
-3.628144498004747182e+07
3.631515712277036160e+07
-3.647519993692160398e+07
3.633440245290358365e+07
-3.640955181098509580e+07
3.623465423748756200e+07
-3.609901980736768246e+07
3.585489010726185143e+07
-3.558659355971845239e+07
3.529224029368783534e+07
-3.482985982907589525e+07
3.443415147159273177e+07
-3.389323188423060626e+07
3.338947416112639382e+07
-3.272045809152124077e+07
3.223114865258990973e+07
-3.146776127124915272e+07
3.089266552179533616e+07
-3.017230489277418703e+07
2.952201872588697076e+07
-2.879455802943514287e+07
2.810256180794382840e+07
-2.736326125722259656e+07
2.664667459183361381e+07
-2.583094500509317964e+07
2.498864887325105816e+07
-2.419049940660306811e+07
2.322753718861206621e+07
-2.226981162486305460e+07
2.123124573337973654e+07
-2.014625303506010771e+07
1.896339898168769479e+07
-1.772106403097380325e+07
1.645237857157764025e+07
-1.502590742744020373e+07
1.365255991066122614e+07
-1.208885253255272284e+07
1.055500963447690755e+07
-8.909974342720905319e+06
7.202891045998719521e+06
-5.531861622549678199e+06
3.639045204991044942e+06
-1.946254298449929338e+06
-2.584117576367256333e+04
1.771859079784018453e+06
-3.725153153771525249e+06
5.498042205355894752e+06
-7.405215515423412435e+06
9.145975075038868934e+06
-1.093111934779383801e+07
1.271433758069351315e+07
-1.426343676155800745e+07
1.608109602511013299e+07
-1.749493057228684425e+07
1.920128482267328724e+07
-2.057835469524497911e+07
2.213727800255541503e+07
-2.352811570524347574e+07
2.492807791472468525e+07
-2.621711620663461089e+07
2.754743289514884353e+07
-2.869527750660989061e+07
2.974823738291980699e+07
-3.087789068699046224e+07
3.167849079589373618e+07
-3.260846086472900212e+07
3.318000073438410088e+07
-3.389875914823533595e+07
3.423024715305998176e+07
-3.472976832926628739e+07
3.486228335852535814e+07
-3.509128436833760142e+07
3.515037139590221643e+07
-3.514255584781001508e+07
3.506426286919016391e+07
-3.493433395386246592e+07
3.481508103718215227e+07
-3.454605994757821411e+07
3.444901897879479825e+07
-3.411685122063864022e+07
3.408202399501833320e+07
-3.378118484435951710e+07
3.375263802706650645e+07
-3.363560546600187570e+07
3.360675136578430980e+07
-3.364807820229211450e+07
3.370415036366833001e+07
-3.383671393319433928e+07
3.389967759681598842e+07
-3.417595553596942872e+07
3.430143640930151939e+07
-3.448565704357960075e+07
3.463296785979837179e+07
-3.470686178334239870e+07
3.484455007847684622e+07
-3.472957736319618672e+07
3.474273522332127392e+07
-3.459211182781878859e+07
3.438498054105156660e+07
-3.419912708310569078e+07
3.389047071559155732e+07
-3.366789143025286496e+07
3.335095817144878209e+07
-3.314698457961916178e+07
3.294674439163009450e+07
-3.281317440672392026e+07
3.273751959635655209e+07
-3.270781114256863669e+07
3.285976832540645823e+07
-3.299480232252694666e+07
3.320617418044365942e+07
-3.351799183636632562e+07
3.387105086714836210e+07
-3.421083873659979552e+07
3.457868634373728186e+07
-3.497828074272394180e+07
3.522126062629275024e+07
-3.562119465173844248e+07
3.576437214197355509e+07
-3.605887846424257010e+07
3.608201282511257380e+07
-3.618918800891319662e+07
3.620305039227959514e+07
-3.611390983075299859e+07
3.607722227002798766e+07
-3.590869908215681463e+07
3.588143207350745797e+07
-3.567014416057927907e+07
3.574169024168020487e+07
-3.559600529890162498e+07
3.577531672472675145e+07
-3.585945196785788983e+07
3.621368345500987768e+07
-3.659402681682036072e+07
3.713521688479463756e+07
-3.786640306448453665e+07
3.870668196067527682e+07
-3.980592528544057161e+07
4.092651577924865484e+07
-4.233203321923386306e+07
4.378901599745185673e+07
-4.545709704434312135e+07
4.717414441279976815e+07
-4.910314484618559480e+07
5.097361916164841503e+07
-5.304624904876030982e+07
5.506475075901889056e+07
-5.710507360253217071e+07
5.918095651044065505e+07
-6.120381296806972474e+07
6.308504961685673892e+07
-6.501055704359785467e+07
6.676074882220432162e+07
-6.830033089554655552e+07
6.981998535893824697e+07
-7.107902735156957805e+07
7.217016016344216466e+07
-7.305971120492900908e+07
7.381712692710030079e+07
-7.425172260531942546e+07
7.458266980381830037e+07
-7.464035746709445119e+07
7.455302868169465661e+07
-7.414353805866983533e+07
7.367431840942223370e+07
-7.292253650030043721e+07
7.195772684071175754e+07
-7.092797804112415016e+07
6.964171786859717965e+07
-6.826805755355115235e+07
6.669383016792140901e+07
-6.513514734393956512e+07
6.325046322854904085e+07
-6.158344088428135216e+07
5.951344929551294446e+07
-5.763678163485901058e+07
5.560114924762530625e+07
-5.345146265388414264e+07
5.149489264891130477e+07
-4.920411968810550869e+07
4.719781739830049127e+07
-4.491889092502650619e+07
4.280898233458350599e+07
-4.052116440375536680e+07
3.838585354792452604e+07
-3.617088288329884410e+07
3.390328903010041267e+07
-3.177934076906061172e+07
2.948973515932713449e+07
-2.736738569342758134e+07
2.510925866835651547e+07
-2.301130911379659921e+07
2.091188899213146418e+07
-1.879396728968846425e+07
1.682240830097870156e+07
-1.484340460905814730e+07
1.296875551632913947e+07
-1.121036210527081415e+07
9.510992546016979963e+06
-7.917372546780616976e+06
6.446128164686113596e+06
-5.019291658457173966e+06
3.747191215523006395e+06
-2.536475965242628008e+06
1.411664272647004109e+06
-3.069425692567095393e+05
-6.910744412337021204e+05
1.710425775729493005e+06
-2.710026108047341462e+06
3.692736651435235050e+06
-4.678280572067307308e+06
5.773858727022192441e+06
-6.832954552761684172e+06
7.923557631630095653e+06
-9.173693772794088349e+06
1.027965220160418563e+07
-1.153570336098772101e+07
1.269614736509476416e+07
-1.389071284391833469e+07
1.495752636362599023e+07
-1.599768366401957348e+07
1.689141668318638578e+07
-1.762134646135597304e+07
1.817075903285047784e+07
-1.852820085266573355e+07
1.870885606505107135e+07
-1.857497507886525989e+07
1.827019270206450298e+07
-1.765238251217371225e+07
1.689158912925950065e+07
-1.579725806617990695e+07
1.457163071405120194e+07
-1.311402550718262047e+07
1.141491595313066244e+07
-9.726722075868479908e+06
7.817023353317881003e+06
-5.797660448032571003e+06
3.812836715082340874e+06
-1.730889706859236583e+06
-3.932802744216462597e+05
2.434749804270709865e+06
-4.569647344088519923e+06
6.553385568780805916e+06
-8.568527138879107311e+06
1.057697296650651656e+07
-1.244581457272327319e+07
1.436902940129332058e+07
-1.612609068046224676e+07
1.794096281432814896e+07
-1.958397923886694759e+07
2.118474076921542734e+07
-2.276746716685139015e+07
2.412280407199489325e+07
-2.544909569182635844e+07
2.656307073947505280e+07
-2.761739816248003766e+07
2.842441954555103928e+07
-2.913423284653004631e+07
2.947832151905110851e+07
-2.979512504864941910e+07
2.981616149697998166e+07
-2.957447205533328280e+07
2.929955182097160816e+07
-2.847768124983692914e+07
2.780663668847161159e+07
-2.671683323342707381e+07
2.551107050425194204e+07
-2.407714290926952288e+07
2.254532859941706806e+07
-2.085155603657703102e+07
1.898172125979718566e+07
-1.709155542044034600e+07
1.501647403074793518e+07
-1.299127925343338028e+07
1.070481344320384413e+07
-8.643945316558962688e+06
6.277109405447857454e+06
-4.115900688296712935e+06
1.859549118111923104e+06
4.444551034831067664e+05
-2.557563408499510959e+06
4.890075934566056356e+06
-6.925692272197360173e+06
8.978751603172557428e+06
-1.106791083490573615e+07
1.288469908211116493e+07
-1.465008565966557898e+07
1.636384020456252992e+07
-1.766189346592957526e+07
1.913785187313551083e+07
-2.006451572106429935e+07
2.101590033118598908e+07
-2.166301947317154333e+07
2.203164727468315139e+07
-2.222296827867076546e+07
2.210700394345564023e+07
-2.183320769297895581e+07
2.117742190147439763e+07
-2.042168584819999337e+07
1.935966985019689426e+07
-1.818943720351469889e+07
1.668917730878351629e+07
-1.523343730549118854e+07
1.345796687808734365e+07
-1.170175188896818645e+07
9.757157178087925538e+06
-7.845162122869635001e+06
5.861438833630118519e+06
-3.755778561998224352e+06
1.829818378786043031e+06
2.903456007594588445e+05
-2.251878510563349351e+06
4.257811196935472079e+06
-6.253389190728815272e+06
8.162470424043157138e+06
-1.006133300629874133e+07
1.191770278481511772e+07
-1.373765922601454705e+07
1.540070166199616157e+07
-1.710731454370694607e+07
1.867102599572660401e+07
-2.021192886645897105e+07
2.160777865378267318e+07
-2.299000904857197031e+07
2.424281295830855891e+07
-2.537258352291565016e+07
2.647739251526125520e+07
-2.742666260089117289e+07
2.828540391114545986e+07
-2.899944604652420804e+07
2.962106990423286706e+07
-3.000375916839340702e+07
3.044833635449630395e+07
-3.044205944797560573e+07
3.048618832806472480e+07
-3.033487845603484288e+07
2.987133454035890847e+07
-2.942856391434212774e+07
2.873988180649727583e+07
-2.782385413578871265e+07
2.685027809296388179e+07
-2.566924838918939233e+07
2.440756212642093375e+07
-2.297457843440720811e+07
2.137161210672580451e+07
-1.981441997310044244e+07
1.796249358985963836e+07
-1.622458558926682547e+07
1.419489391221958771e+07
-1.226281822114839777e+07
1.019525920907696895e+07
-8.008519463846322149e+06
5.928703577364044264e+06
-3.658235204690938350e+06
1.413563243449419504e+06
8.736872021829920122e+05
-3.175832346347728744e+06
5.587561034564866684e+06
-7.920310656184093095e+06
1.033867635284154303e+07
-1.273453418232310750e+07
1.514356386548065953e+07
-1.761227137205749750e+07
1.996577257541652769e+07
-2.235244231076061726e+07
2.466844133784872666e+07
-2.691394538504903764e+07
2.909148765005310625e+07
-3.113265328525182977e+07
3.309304895385960862e+07
-3.482231595116931200e+07
3.652944153892530501e+07
-3.790914802195109427e+07
3.921030201007834077e+07
-4.023194411557044834e+07
4.114062804747365415e+07
-4.175127974664593488e+07
4.219198850107220560e+07
-4.248253722172667831e+07
4.239649033061800152e+07
-4.234461503928197920e+07
4.185938077282333374e+07
-4.136822061238789558e+07
4.053456405620391667e+07
-3.964895790553230792e+07
3.847657324681165814e+07
-3.721887351756726950e+07
3.571053084505383670e+07
-3.411970837305373698e+07
3.232305808019521460e+07
-3.037373349772920460e+07
2.830741552825569361e+07
-2.605706175637689605e+07
2.378855785540634766e+07
-2.132283006139303371e+07
1.890728058887069672e+07
-1.627371970494522713e+07
1.372157051687559299e+07
-1.108560355514484085e+07
8.491576167425466701e+06
-5.919831248450498097e+06
3.420322486515625846e+06
-8.446965000745770521e+05
-1.424130266177544370e+06
3.776188498107571620e+06
-5.952278122602769174e+06
8.020117969924670644e+06
-9.950883379933521152e+06
1.173677196065864712e+07
-1.340130309786137566e+07
1.493940678963947296e+07
-1.626754061610213108e+07
1.752236386384546384e+07
-1.865513436384360492e+07
1.954887621752137691e+07
-2.050212565965744108e+07
2.104725317901553586e+07
-2.182801834317675233e+07
2.216253091642524302e+07
-2.265343489917958900e+07
2.293644439117716998e+07
-2.317781659026794508e+07
2.334219710852853209e+07
-2.353625908131685853e+07
2.362757563993442059e+07
-2.374956119643077999e+07
2.391445823327189311e+07
-2.399656127266336232e+07
2.428865825112390891e+07
-2.442347383368486911e+07
2.470617723676427454e+07
-2.500341921565424278e+07
2.538143575349883735e+07
-2.563096388609863445e+07
2.612927891637992486e+07
-2.633954879824254662e+07
2.683377538654382899e+07
-2.702027857850693911e+07
2.739263768436678872e+07
-2.754119190551041439e+07
2.768033588391698897e+07
-2.778079480331396312e+07
2.763048791836149618e+07
-2.760123866438054293e+07
2.722835494201864675e+07
-2.694919209735736996e+07
2.637940125767709315e+07
-2.588297834218295664e+07
2.509431735504352674e+07
-2.434447470216456056e+07
2.345618623538348824e+07
-2.243827901234542951e+07
2.141058907205582410e+07
-2.018965122780174389e+07
1.904656880373570323e+07
-1.753985868824472651e+07
1.626951727418313920e+07
-1.470319239025679603e+07
1.310130466009161249e+07
-1.143774662983961590e+07
9.593668461848765612e+06
-7.808842762143522501e+06
5.599764566432774067e+06
-3.747546688485983759e+06
1.280673357672857121e+06
9.001033669356848113e+05
-3.386644756636645179e+06
5.875089924439735711e+06
-8.467213413151986897e+06
1.101928364976571500e+07
-1.359959865179009922e+07
1.622628298097302951e+07
-1.862423548344892263e+07
2.106066473951046541e+07
-2.318155632507788390e+07
2.532549734056963399e+07
-2.701243529350814596e+07
2.870285092179532722e+07
-2.985886773051800579e+07
3.103877964780201390e+07
-3.166237368194491044e+07
3.219225278397116810e+07
-3.236432563776546344e+07
3.231581137730159238e+07
-3.200968863421778381e+07
3.150868947896288335e+07
-3.076297541789179295e+07
2.987419221428911388e+07
-2.887013364143121243e+07
2.759072317971493676e+07
-2.645674438564595580e+07
2.490116918284605816e+07
-2.361796702842188254e+07
2.191680803403409198e+07
-2.040579397655690834e+07
1.865171209281144291e+07
-1.695206105017295480e+07
1.513289276065487228e+07
-1.315485048484260589e+07
1.128658162745436653e+07
-9.157082211505185813e+06
7.070794412070063874e+06
-4.832981932840907946e+06
2.629613640418225434e+06
-2.074198839226675627e+05
-2.061152641955102328e+06
4.551252114138486795e+06
-6.947632377116798423e+06
9.381244481839977205e+06
-1.183719426144650392e+07
1.421728556699370779e+07
-1.658170755367686599e+07
1.884246844701471552e+07
-2.111754023230164871e+07
2.318406707520096004e+07
-2.520607108505802974e+07
2.707772143648687378e+07
-2.892296840124959499e+07
3.045201014570038766e+07
-3.205836986015067622e+07
3.340321248144235089e+07
-3.462281580143041164e+07
3.577435501167085767e+07
-3.670923209724234790e+07
3.759054308993568271e+07
-3.825311431212309748e+07
3.884271891738075018e+07
-3.919199522466050833e+07
3.953479212474782020e+07
-3.957243743267109245e+07
3.958606352198664099e+07
-3.937090836117468774e+07
3.904324655399119854e+07
-3.850627666187505424e+07
3.797000552989123762e+07
-3.708167710008826107e+07
3.622647103121642023e+07
-3.512257284466785192e+07
3.392477494786679000e+07
-3.266704690621451661e+07
3.113839276989806443e+07
-2.965987113813268766e+07
2.791461255584019423e+07
-2.616776020265233889e+07
2.412895249454229325e+07
-2.223279627070705593e+07
1.987581515783122927e+07
-1.773084947603156418e+07
1.521190455421815440e+07
-1.276075267456566915e+07
1.009422442233514786e+07
-7.375632270089373924e+06
4.614644696753647178e+06
-1.585324391573175555e+06
-1.158967753614102956e+06
4.334239311150011607e+06
-7.234237909072941169e+06
1.032050074053738266e+07
-1.338114115000884980e+07
1.637599286784061976e+07
-1.947121365043624490e+07
2.235271298432718590e+07
-2.533797230999818072e+07
2.822843539377370104e+07
-3.102537019373096898e+07
3.379020934810716659e+07
-3.651620441653851420e+07
3.904597500451944023e+07
-4.163179188216909766e+07
4.404078780077674985e+07
-4.634131530725346506e+07
4.863200206806214899e+07
-5.056158804681482166e+07
5.262692017980434746e+07
-5.427416329177915305e+07
5.591222038461428881e+07
-5.720237431699413061e+07
5.831502370526272058e+07
-5.919535583958188444e+07
5.972050611085055768e+07
-6.004631326977677643e+07
5.997705793682078272e+07
-5.961462435874099284e+07
5.901874271937681735e+07
-5.806206315708380193e+07
5.673603641731466353e+07
-5.525832954960834235e+07
5.342630085841936618e+07
-5.139165007490339130e+07
4.913236575735245645e+07
-4.671705220921132714e+07
4.411178732731655240e+07
-4.142493645347990096e+07
3.865487641568633169e+07
-3.575113424792534858e+07
3.291577112421290576e+07
-2.999193355155251920e+07
2.710831904890168458e+07
-2.429761102338769287e+07
2.145323649253960699e+07
-1.879737079986134171e+07
1.602921018348126300e+07
-1.353179018820160255e+07
1.096580743671228923e+07
-8.617033844480570406e+06
6.307669774335007183e+06
-4.038999980312428437e+06
2.074779495931337820e+06
-4.027523649889633089e+04
-1.824360241409067065e+06
3.466400902424438391e+06
-5.121889622506523505e+06
6.539179814023720101e+06
-7.785078684733579867e+06
9.027768017806705087e+06
-9.987347468546744436e+06
1.089170881703969277e+07
-1.159359759669626690e+07
1.217629144339082390e+07
-1.261574800645758398e+07
1.292893958073623292e+07
-1.312307874748774432e+07
1.319137252673974074e+07
-1.307310692623141780e+07
1.307326149993808754e+07
-1.271762172174037993e+07
1.251896356533824094e+07
-1.213992046989773959e+07
1.176190368808548898e+07
-1.139785230066486634e+07
1.093143661006003246e+07
-1.068333063005050831e+07
1.026191600443241745e+07
-1.006844825161515735e+07
9.818303115150608122e+06
-9.843938533286124468e+06
9.744356341427497566e+06
-9.874971859909452498e+06
1.007966109749350697e+07
-1.035280279631675966e+07
1.065409220356339961e+07
-1.110906334070557915e+07
1.151670215331990831e+07
-1.191160127960140072e+07
1.240220344603630342e+07
-1.274420991223227791e+07
1.309249662406351231e+07
-1.334620225498933904e+07
1.355472857801395841e+07
-1.355721184375658818e+07
1.361319565176062286e+07
-1.339539955151436105e+07
1.315750606639027409e+07
-1.277653954773662239e+07
1.229823150777348131e+07
-1.176207542098947614e+07
1.110242782757848315e+07
-1.042184802665441856e+07
9.744578881385503337e+06
-8.990119598533382639e+06
8.284743614219744690e+06
-7.563276862126149237e+06
6.905646997220880352e+06
-6.341654302601797506e+06
5.665817673266313039e+06
-5.299610081280915067e+06
4.713373190004923381e+06
-4.348388580246468075e+06
4.009112738928996027e+06
-3.641879920843916014e+06
3.413950579669157043e+06
-3.076977816053283866e+06
2.900173656907023396e+06
-2.657196056730880868e+06
2.478876100637714379e+06
-2.316278619481646921e+06
2.263001265433513094e+06
-2.201165495034170337e+06
2.219967747327405959e+06
-2.357078768792934250e+06
2.611271620002481621e+06
-2.910779069195182063e+06
3.412432064067876432e+06
-4.009873920911890455e+06
4.723860007147245109e+06
-5.662323702879859135e+06
6.594742716039252467e+06
-7.769408873091617599e+06
8.950487031877810135e+06
-1.030119205615371279e+07
1.162235034242400341e+07
-1.297856477300197445e+07
1.446775668109354004e+07
-1.572451708045933396e+07
1.711542970633221045e+07
-1.842559894211721420e+07
1.955614880373636261e+07
-2.065669434643284231e+07
2.167473777247536927e+07
-2.239825030674387515e+07
2.316473856526435912e+07
-2.360440004484992474e+07
2.392711361223473400e+07
-2.403431529858598113e+07
2.393765132268404216e+07
-2.366789933677035198e+07
2.311067968934419379e+07
-2.241914500537148491e+07
2.142612962390360609e+07
-2.029367354333909974e+07
1.888267745209871605e+07
-1.737060210744107142e+07
1.559114529950393364e+07
-1.368707674683688767e+07
1.156676625148811750e+07
-9.466995490897357464e+06
7.048011048391018994e+06
-4.711922494901489466e+06
2.192353667776756920e+06
3.165655844531152979e+05
-2.857583378533803392e+06
5.466975317125486210e+06
-7.971183741996983998e+06
1.046645956560137123e+07
-1.294911381676614098e+07
1.525980232955377549e+07
-1.756042270882706344e+07
1.972413158774276450e+07
-2.163602411336470768e+07
2.364046993307492509e+07
-2.518013815401292965e+07
2.682977189291194454e+07
-2.809306950134872645e+07
2.923968569101046398e+07
-3.021158270837418735e+07
3.091610443968625739e+07
-3.142654513689515740e+07
3.170944323112743720e+07
-3.178057275659081712e+07
3.159924206232552230e+07
-3.128354094373222068e+07
3.061546501426041871e+07
-2.985161141016751155e+07
2.879182133831044286e+07
-2.758263352930144966e+07
2.621196596742377430e+07
-2.461801174083066359e+07
2.296602589741287380e+07
-2.106724231377256289e+07
1.922464877522251755e+07
-1.717010791101724654e+07
1.514886787032218650e+07
-1.306628041739626788e+07
1.098019910436208360e+07
-8.903675569120125845e+06
6.830851576115383767e+06
-4.915392123383743688e+06
2.872985360266617499e+06
-1.122245503987018019e+06
-7.000870005681018811e+05
2.287020154954259284e+06
-3.869010368173715658e+06
5.241864815599932335e+06
-6.456849006303934380e+06
7.661599568112961948e+06
-8.482709866935996339e+06
9.381473545190623030e+06
-9.915930882963653654e+06
1.041173159840429015e+07
-1.064539589022684097e+07
1.067335168272416852e+07
-1.055620479681419209e+07
1.020143238122352026e+07
-9.744185292625490576e+06
8.905195943811036646e+06
-8.048848905572598800e+06
6.959391445289151743e+06
-5.689530804551443085e+06
4.200570307400335558e+06
-2.678275208350894041e+06
1.042860831920362660e+06
7.806483342766340356e+05
-2.521538146474814042e+06
4.385845143140525557e+06
-6.229510859962008893e+06
7.949331941762857139e+06
-9.736041471996875480e+06
1.125663338094627671e+07
-1.281831510676039383e+07
1.415990071986121498e+07
-1.528133757950817049e+07
1.636896228546148539e+07
-1.712307347104290500e+07
1.787893794697729498e+07
-1.829131059277669713e+07
1.865606922194184735e+07
-1.881225957181774080e+07
1.886541027675264329e+07
-1.877961995252159610e+07
1.861122758218415454e+07
-1.838251549630710110e+07
1.804132238313119113e+07
-1.773820193344045430e+07
1.733768291614283621e+07
-1.699122646454322338e+07
1.657009832665845007e+07
-1.618331548787382245e+07
1.579053051711852476e+07
-1.544573835058546439e+07
1.501493793037480488e+07
-1.462423642441568524e+07
1.428053481566149183e+07
-1.385750018581038155e+07
1.344638544295593910e+07
-1.308301986922197603e+07
1.270995026855192892e+07
-1.238129784897527099e+07
1.202494627808200009e+07
-1.181100701726883464e+07
1.152528537594000064e+07
-1.136585138926116005e+07
1.126423025266353041e+07
-1.119286247198140249e+07
1.124524607932277583e+07
-1.132854222764862329e+07
1.153837636725449003e+07
-1.171981442511860281e+07
1.211313396998807602e+07
-1.242151274115868658e+07
1.297445077673901618e+07
-1.346139013366454467e+07
1.405946640641566180e+07
-1.478174303009735793e+07
1.549871367059921846e+07
-1.629951303270776942e+07
1.711811832079226896e+07
-1.803407882513105869e+07
1.888239927667129412e+07
-1.979878843853934482e+07
2.062477148305175453e+07
-2.145842712582091987e+07
2.218734064220989123e+07
-2.275987169234628975e+07
2.331894726523135975e+07
-2.357860334474224225e+07
2.376395230621294305e+07
-2.377420840915292874e+07
2.353672440424080566e+07
-2.316758530026499182e+07
2.260721036740189418e+07
-2.184360487122040614e+07
2.094988634897058085e+07
-1.995749051246831939e+07
1.877840956396552920e+07
-1.753427129250358790e+07
1.614166925187842362e+07
-1.483535566436483897e+07
1.330026890980785526e+07
-1.190088429456436634e+07
1.033385980777462386e+07
-8.799871924728617072e+06
7.342557877351250499e+06
-5.792143576844493859e+06
4.340571775983088650e+06
-2.776549843964538537e+06
1.376691891500439262e+06
1.077858837493012252e+05
-1.557162522298593307e+06
3.041518575312806759e+06
-4.464431746556586586e+06
6.014322808271465823e+06
-7.418022544915656559e+06
9.022562880802964792e+06
-1.057030331260230392e+07
1.221544160246371478e+07
-1.383430604969061352e+07
1.548249630800594017e+07
-1.728790216264252737e+07
1.893647874785346538e+07
-2.079799075093633682e+07
2.254539808353025839e+07
-2.435146691148900613e+07
2.607394329355577007e+07
-2.785916043349737301e+07
2.948400825580469146e+07
-3.112113702255396545e+07
3.260826718872815743e+07
-3.403058061251794547e+07
3.534008565165527165e+07
-3.648618778614798188e+07
3.745796397440755367e+07
-3.843639833656809479e+07
3.910721570534685254e+07
-3.968011300571902841e+07
4.020580011645352095e+07
-4.047293630854101479e+07
4.074662086266518384e+07
-4.084729728590961546e+07
4.094231741635146737e+07
-4.093163848199000955e+07
4.093188128958590329e+07
-4.088012933637283742e+07
4.091759704008631408e+07
-4.087064248311346769e+07
4.097067147152461112e+07
-4.105809879335145652e+07
4.119136089613994211e+07
-4.144452986791591346e+07
4.161162664498546720e+07
-4.195793096219880134e+07
4.223840665631870925e+07
-4.252631022272273898e+07
4.288237240766058862e+07
-4.308977058209019154e+07
4.343765927180035412e+07
-4.354663744731938094e+07
4.378695818026800454e+07
-4.384458553870537877e+07
4.388308067660769075e+07
-4.389727369132424146e+07
4.377311814467553794e+07
-4.376391415164235234e+07
4.358597771949693561e+07
-4.336877156366622448e+07
4.317094794044966251e+07
-4.296968152813948691e+07
4.265868107119597495e+07
-4.249513491411664337e+07
4.212181216494666785e+07
-4.191562520207272470e+07
4.155251018803667277e+07
-4.131710919566147774e+07
4.093636287462645769e+07
-4.055449732663201541e+07
4.019939289970108122e+07
-3.970677996846932918e+07
3.923753095935786515e+07
-3.862347205345688015e+07
3.797795411804451793e+07
-3.728463187621122599e+07
3.652845946557016671e+07
-3.561121935673799366e+07
3.471586458672109246e+07
-3.365220005990988016e+07
3.260094173524894565e+07
-3.145676608703819290e+07
3.020680892045209929e+07
-2.891915638124465570e+07
2.761601107468200475e+07
-2.616167156248414516e+07
2.473711171842358634e+07
-2.323092776311421394e+07
2.175541622394201532e+07
-2.017701863642562926e+07
1.870045012261071429e+07
-1.711880972385090217e+07
1.563032862828398496e+07
-1.419810343365882337e+07
1.277571985253834166e+07
-1.148413400260601193e+07
1.023358860521583259e+07
-9.115524336422381923e+06
8.061504211348306388e+06
-7.207916643385834992e+06
6.381497341781946830e+06
-5.746878391208785586e+06
5.189518488794613630e+06
-4.791404322332861833e+06
4.470674636341397651e+06
-4.283056032946961932e+06
4.143622269336343743e+06
-4.121257068585223518e+06
4.075913468735452741e+06
-4.185679027608666569e+06
4.238192355788502842e+06
-4.372136225580900908e+06
4.489673370429887436e+06
-4.651810498841178603e+06
4.817837370550694875e+06
-4.976764052560019307e+06
5.145196472316051833e+06
-5.382345281677327119e+06
5.555707458641987294e+06
-5.802678962492548861e+06
6.081275901555345394e+06
-6.404170325340522453e+06
6.757078666840080172e+06
-7.133352027224216610e+06
7.656147256055260077e+06
-8.105626042118116282e+06
8.760447223309865221e+06
-9.314974264043956995e+06
1.005511192564946413e+07
-1.069473435974403284e+07
1.152203802155075036e+07
-1.215820632692112029e+07
1.302217565416685492e+07
-1.367051777283108234e+07
1.438438429863831215e+07
-1.503482629647367634e+07
1.555758837971452624e+07
-1.611621850503816456e+07
1.639411365124979615e+07
-1.678763758101841062e+07
1.688805380903181061e+07
-1.699285416628956422e+07
1.694600378378311545e+07
-1.677594856123528071e+07
1.655914662880134583e+07
-1.617491653831134737e+07
1.573886912942564674e+07
-1.520598236817761697e+07
1.461575442971598357e+07
-1.397298869294216111e+07
1.321906493355987035e+07
-1.255245743087849021e+07
1.167160310682506301e+07
-1.088231368216575868e+07
1.002368323619434796e+07
-9.195514531781418249e+06
8.232179449237610213e+06
-7.480141686493438669e+06
6.469077849692219868e+06
-5.646264529576133937e+06
4.786947698731323704e+06
-3.875111693471516483e+06
3.021758070877452847e+06
-2.076258891029519495e+06
1.276333182482123375e+06
-3.508740047798301093e+05
-4.579148401154886815e+05
1.386446739689788315e+06
-2.174954428176906426e+06
3.026726045289699454e+06
-3.759154444044742268e+06
4.614320626785598695e+06
-5.232914661841234192e+06
5.900632493391551077e+06
-6.447143748982048593e+06
6.940330549558430910e+06
-7.279938827092308551e+06
7.483038473870923743e+06
-7.586508944918041117e+06
7.548666830198272131e+06
-7.297425702510609291e+06
7.010361145469543524e+06
-6.399591794157994911e+06
5.750573733242738992e+06
-4.975672264128686860e+06
3.903766827206030954e+06
-2.937799375909223687e+06
1.692361757662671153e+06
-5.438942850487332325e+05
-8.372134305233865744e+05
2.013285990492155775e+06
-3.318871437209782191e+06
4.482699122039889917e+06
-5.629038722211973742e+06
6.666661239366156980e+06
-7.588728277986870147e+06
8.376058137624812312e+06
-8.999670519346371293e+06
9.538053581158673391e+06
-9.883653373291803524e+06
1.014784276450673118e+07
-1.021348318481915630e+07
1.026604990997753106e+07
-1.017709349733478017e+07
9.982848512624125928e+06
-9.716041463946506381e+06
9.474981506847679615e+06
-9.039999062014527619e+06
8.728572102847278118e+06
-8.256772657303716056e+06
7.767519533672018908e+06
-7.346968462637744844e+06
6.713538722618035972e+06
-6.184080667844627053e+06
5.545147586329892278e+06
-4.837490270184118301e+06
4.102382892523444258e+06
-3.259454442426034715e+06
2.369933788814380299e+06
-1.366272694982529152e+06
3.416969214494564803e+05
7.344991883265990764e+05
-1.979763292872220743e+06
3.231186112490849569e+06
-4.494024974807334132e+06
5.785156672355765477e+06
-7.134736233282638714e+06
8.398388460566647351e+06
-9.697939330046512187e+06
1.084786383901226521e+07
-1.198934893084224500e+07
1.298070092815477401e+07
-1.381318950511313230e+07
1.459100121956549771e+07
-1.508064584895691089e+07
1.559357314641032554e+07
-1.564908677131638490e+07
1.576930905018377304e+07
-1.549328823761588521e+07
1.508978721304365620e+07
-1.447732930176996998e+07
1.354748920619572513e+07
-1.256095062010073476e+07
1.121087199195326492e+07
-9.830888212915599346e+06
8.134398238042043522e+06
-6.366199895730300806e+06
4.371196096461685374e+06
-2.341258677556272596e+06
1.255540323813441646e+05
2.142025540979661513e+06
-4.391557227832361124e+06
6.803812827268796042e+06
-9.087466586714876816e+06
1.145269837215680256e+07
-1.373127048906466924e+07
1.588666929407013394e+07
-1.807167704937927425e+07
2.008134552125238255e+07
-2.202704008141882345e+07
2.376862964612073824e+07
-2.544353480758554861e+07
2.694294121649583802e+07
-2.827068124422040582e+07
2.945511850375593081e+07
-3.046711967278037220e+07
3.133111378650448099e+07
-3.196958387479386851e+07
3.243932787529426813e+07
-3.278672262343173474e+07
3.287524786856226251e+07
-3.281090973892049491e+07
3.258047466640901566e+07
-3.211037499828900024e+07
3.147841086199262738e+07
-3.063134752370417118e+07
2.966188391909633577e+07
-2.833764734047484025e+07
2.710818049660525844e+07
-2.539269099926143512e+07
2.372368490550189093e+07
-2.183643242745067924e+07
1.975004721445932612e+07
-1.769063165635630116e+07
1.533073563059835508e+07
-1.308439840328886919e+07
1.058588286651764438e+07
-8.247181663970058784e+06
5.788649745610713959e+06
-3.425477127513589803e+06
1.030168089857607265e+06
1.154054839498627931e+06
-3.336282485207993537e+06
5.301114276283890940e+06
-7.122581480160481296e+06
8.679782689344853163e+06
-9.971136063619999215e+06
1.112422418153157830e+07
-1.171828360148195550e+07
1.223007512077791058e+07
-1.220291619322079979e+07
1.187814525457770564e+07
-1.119182219793292135e+07
1.007210751330251247e+07
-8.645859749233450741e+06
6.783527379416079260e+06
-4.655642502883001231e+06
2.154791786413005553e+06
6.008472957310993224e+05
-3.561878533240607474e+06
6.830734194942948408e+06
-1.010992870728966594e+07
1.367466133976854756e+07
-1.722568220658612624e+07
2.088891448766918480e+07
-2.446632045971338823e+07
2.818168696086511388e+07
-3.165168366064772010e+07
3.521439848199277371e+07
-3.860139487429212034e+07
4.177793663519063592e+07
-4.505783677631334215e+07
4.788631237125509232e+07
-5.084116743781567365e+07
5.332949694029591978e+07
-5.589406994499829412e+07
5.805316045901939273e+07
-6.019536731034059078e+07
6.206317930281828344e+07
-6.372453654632169753e+07
6.523302885742712766e+07
-6.647161764905121922e+07
6.770312495750552416e+07
-6.857323199711135030e+07
6.939487793969514966e+07
-6.995235998721422255e+07
7.050359508939532936e+07
-7.077237735666736960e+07
7.099044772161735594e+07
-7.108343669372151792e+07
7.099016967634254694e+07
-7.084144826604811847e+07
7.047621121239875257e+07
-7.013598471640239656e+07
6.950258895897874236e+07
-6.881917141036167741e+07
6.807521582855476439e+07
-6.709638423416515440e+07
6.604547951791920513e+07
-6.491696905961413682e+07
6.367462613799097389e+07
-6.230383418987329304e+07
6.101718446035701036e+07
-5.951634718107724190e+07
5.814385553173582256e+07
-5.670460818105479330e+07
5.533281475938339531e+07
-5.400264492761345953e+07
5.281234175374045968e+07
-5.162012035950420797e+07
5.054059114657475054e+07
-4.976045759756021202e+07
4.876654920676445961e+07
-4.818479334320602566e+07
4.752227680997773260e+07
-4.704188529999161512e+07
4.663712303552524745e+07
-4.626406307064433396e+07
4.604330142611613125e+07
-4.572705667739404738e+07
4.564625535071153194e+07
-4.539028584175471961e+07
4.523808736829382926e+07
-4.515256168553271890e+07
4.498677730580502748e+07
-4.486594782572013885e+07
4.475085243630490452e+07
-4.463609251508125663e+07
4.449091764138817787e+07
-4.452606751700612903e+07
4.431619263329353929e+07
-4.434840758603964746e+07
4.430689212957139313e+07
-4.430229439049123228e+07
4.438794679787589610e+07
-4.439683623997348547e+07
4.464156915267980099e+07
-4.464435844944271445e+07
4.504636332673683017e+07
-4.512847082109917700e+07
4.550387536873050034e+07
-4.580625110907614976e+07
4.610977371532226354e+07
-4.653196990636089444e+07
4.682767087612379342e+07
-4.736119136959624290e+07
4.757310011318315566e+07
-4.812398104930061102e+07
4.844419344050875306e+07
-4.890277470567224175e+07
4.922776528802816570e+07
-4.958873613430954516e+07
4.990371115557333827e+07
-5.016423724421532452e+07
5.047565197284543514e+07
-5.051962880348113924e+07
5.076441776828707010e+07
-5.069019013302632421e+07
5.080385919152294099e+07
-5.060831783674032241e+07
5.044466083383566141e+07
-5.022260799225743860e+07
4.989073020367655903e+07
-4.956576858803505450e+07
4.910499645085495710e+07
-4.870457868764427304e+07
4.817543692347360402e+07
-4.777442431185473502e+07
4.719034455766145140e+07
-4.682894307532938570e+07
4.624728155342988670e+07
-4.585297236782316118e+07
4.537738865098211914e+07
-4.493794886369422078e+07
4.445403290529122204e+07
-4.396946121234021336e+07
4.347368917088979483e+07
-4.289624104363945872e+07
4.224457502553474158e+07
-4.153621752150929719e+07
4.081293171100105345e+07
-3.989802475606486946e+07
3.902018762814842165e+07
-3.793116128968935460e+07
3.698005682414839417e+07
-3.566946859925800562e+07
3.464924129202303290e+07
-3.330164243876214325e+07
3.212907069012581185e+07
-3.084698633291010931e+07
2.960262206913736835e+07
-2.838032422730340809e+07
2.707424089927349612e+07
-2.599803117217743769e+07
2.473791244402588531e+07
-2.361429882391959429e+07
2.244481948967117071e+07
-2.140579149876371771e+07
2.018144989737739414e+07
-1.916059610543668643e+07
1.798504612559177727e+07
-1.695363055627977848e+07
1.578310435542904399e+07
-1.471966622728261352e+07
1.359133927455328777e+07
-1.249865043698113412e+07
1.148908891570855118e+07
-1.038843403170539811e+07
9.440773053963020444e+06
-8.460749119362011552e+06
7.631682351480724290e+06
-6.816275285103817470e+06
6.065445828717021272e+06
-5.448799228909855708e+06
4.813882184632480145e+06
-4.334032116204035468e+06
3.875888359776306897e+06
-3.463122679157925304e+06
3.183902840666544624e+06
-2.795065693595309742e+06
2.545233852354388218e+06
-2.231260106407751795e+06
1.908286418909385102e+06
-1.565277545056623640e+06
1.241116724489590153e+06
-7.047742635161435464e+05
2.703666618648861768e+05
3.551906268353050109e+05
-9.492299146627507871e+05
1.744916622196301818e+06
-2.590062219542121049e+06
3.455082527499414515e+06
-4.513366903982612304e+06
5.531028875026290305e+06
-6.657869838583814912e+06
7.805340557862157002e+06
-8.958551045361977071e+06
1.009515118122477084e+07
-1.125704178413047828e+07
1.232452061115640774e+07
-1.332634241641652212e+07
1.429045156404792145e+07
-1.510554521466453187e+07
1.583991071630061045e+07
-1.650565091931134090e+07
1.696217089206844941e+07
-1.738206457463051006e+07
1.767568477277044579e+07
-1.786951448838381097e+07
1.790875644961640239e+07
-1.803176052650440484e+07
1.786555856650861353e+07
-1.787306553420484066e+07
1.764226562066059187e+07
-1.750469620931141824e+07
1.737118833073781431e+07
-1.714714349485227838e+07
1.692412957992146909e+07
-1.677958027821512520e+07
1.657807912587755732e+07
-1.635808109385992028e+07
1.621891292970851809e+07
-1.595582669045642018e+07
1.586468039762191288e+07
-1.552364462869559601e+07
1.539827371074460074e+07
-1.508788156818658113e+07
1.488546924443062209e+07
-1.459744143423482217e+07
1.434757402969882265e+07
-1.408133133978321590e+07
1.382920088119678572e+07
-1.361840300300420262e+07
1.343730123807592131e+07
-1.333062149759057164e+07
1.332855325187039003e+07
-1.332361850924418494e+07
1.355164268474277295e+07
-1.384065900375972874e+07
1.422596540786433592e+07
-1.489398987187837064e+07
1.547333857022194937e+07
-1.646177621867819317e+07
1.740489397248200700e+07
-1.858407723660485446e+07
1.991508495330693200e+07
-2.130702665004096180e+07
2.283546682868368924e+07
-2.452733893676768243e+07
2.628116052366168052e+07
-2.802698934562556446e+07
2.995016164574198425e+07
-3.177096132682498917e+07
3.368889766328004748e+07
-3.560849468506550789e+07
3.738650337417238206e+07
-3.923324383881994337e+07
4.083223949606893212e+07
-4.243093331020985544e+07
4.387007900860636681e+07
-4.505907350829673558e+07
4.616633829157685488e+07
-4.703055125640700012e+07
4.768219581586007029e+07
-4.814231085462982953e+07
4.844484914766321331e+07
-4.846013332276194543e+07
4.854327282006587088e+07
-4.823538980377557129e+07
4.801757384248574078e+07
-4.767475907958371937e+07
4.728156369453360140e+07
-4.692511385428465903e+07
4.646417669126851857e+07
-4.624247378726703674e+07
4.589940415858803689e+07
-4.574743945001889765e+07
4.555262517229425907e+07
-4.557317327920446545e+07
4.553830014619806409e+07
-4.573626525772833824e+07
4.585179960651195794e+07
-4.608538686198493838e+07
4.642201669894085824e+07
-4.673350146337910742e+07
4.710450153159719706e+07
-4.745191169799043983e+07
4.787259708277276903e+07
-4.819655787607122213e+07
4.862813673195626587e+07
-4.890455284321732819e+07
4.932918351394232363e+07
-4.953591882491371036e+07
4.996024715626706928e+07
-5.015681900786799192e+07
5.047256841703208536e+07
-5.075076226891478151e+07
5.088068538139045984e+07
-5.122469858649877459e+07
5.122386716146590561e+07
-5.142842259656016529e+07
5.143116958486902714e+07
-5.140762123325924575e+07
5.128788959345623851e+07
-5.101470690688037127e+07
5.070316411465008557e+07
-5.022375191589696705e+07
4.960625742628368735e+07
-4.891835611047716439e+07
4.799203808229178190e+07
-4.700958630633560568e+07
4.591988933268214762e+07
-4.460229600962255895e+07
4.329304065982493758e+07
-4.173503064815918356e+07
4.022693219192447513e+07
-3.852610246665599942e+07
3.675804093122276664e+07
-3.499908748485727608e+07
3.300048441930934042e+07
-3.110023207870115340e+07
2.905372497106399760e+07
-2.698305407767037675e+07
2.486605047495140508e+07
-2.272325439906928316e+07
2.052522826524326578e+07
-1.836740181429668516e+07
1.623705298801928014e+07
-1.408223394457214139e+07
1.209241509402250871e+07
-1.006175603869514167e+07
8.261419544374693185e+06
-6.483324333978722803e+06
4.887886217845059931e+06
-3.411064381546127144e+06
2.070132228673840873e+06
-9.095330998056788230e+05
-2.050392465469152085e+05
1.099568513667441672e+06
-2.009199367196550826e+06
2.667734166239684913e+06
-3.379692327636732720e+06
3.941964484508528374e+06
-4.360619966096513905e+06
4.865663203985946253e+06
-5.066641771751469932e+06
5.414325665213273838e+06
-5.445335719866561703e+06
5.491579216867694631e+06
-5.410581236685425974e+06
5.168165575353330933e+06
-4.813916758013519458e+06
4.301762736713033170e+06
-3.785106137426183093e+06
2.974159857591069303e+06
-2.240004854873778764e+06
1.310543568754133768e+06
-3.890937908900441835e+05
-5.549257618330048863e+05
1.541355570775088156e+06
-2.434983507022331003e+06
3.357524469917296432e+06
-4.136702994178642984e+06
4.887344389967496507e+06
-5.444464206456833519e+06
5.980748764235653915e+06
-6.344936080116576515e+06
6.596816185469090939e+06
-6.757905635384401307e+06
6.693760568517764099e+06
-6.740004530209791847e+06
6.442668754798310809e+06
-6.297508202466358431e+06
5.958695257925248705e+06
-5.666959091799898073e+06
5.264828355648600496e+06
-4.922854649358576164e+06
4.636715792534211650e+06
-4.259090559024731629e+06
3.950977351039926056e+06
-3.659171492515820079e+06
3.428508312069593463e+06
-3.071966211643383838e+06
2.839331643645690754e+06
-2.498989617727810051e+06
2.162704769554378465e+06
-1.673417931152589153e+06
1.199355374392925994e+06
-5.000660107188252732e+05
-1.822761058381309849e+05
1.121736894536082633e+06
-2.131127564680977259e+06
3.276830312375327572e+06
-4.581365520648133010e+06
5.921277153344883583e+06
-7.398863808094970882e+06
8.851616044197272509e+06
-1.033549666967901774e+07
1.173863078212982789e+07
-1.319956398630045541e+07
1.440596304457687214e+07
-1.560829214693950862e+07
1.650178028462881595e+07
-1.729486409804803506e+07
1.787492368200133741e+07
-1.820079928492735699e+07
1.839491130446930602e+07
-1.826035674907426164e+07
1.807895916502024606e+07
-1.768302022203227133e+07
1.717449360494981706e+07
-1.655035833947201632e+07
1.587576602001914941e+07
-1.524991075886686333e+07
1.451232694883712381e+07
-1.384324702784096822e+07
1.337457589289881103e+07
-1.276897096826950647e+07
1.244273387771395408e+07
-1.210118539628575929e+07
1.188006225338860042e+07
-1.170416945181001537e+07
1.161079121848858893e+07
-1.156948631230797991e+07
1.148060206681862287e+07
-1.145730285188632272e+07
1.133474972399120592e+07
-1.120279601179324649e+07
1.087285362857509591e+07
-1.066232446121762693e+07
1.009950824860496446e+07
-9.660148667112933472e+06
8.937800561013875529e+06
-8.252443561561622657e+06
7.377048409608206712e+06
-6.479520747568763793e+06
5.609700425638425164e+06
-4.498401426077364944e+06
3.583708682932943106e+06
-2.434013967460162938e+06
1.518766618544553407e+06
-4.002442648204260622e+05
-5.608676882081448566e+05
1.596638715383317787e+06
-2.532632326599032152e+06
3.514643103229603730e+06
-4.462404343641381711e+06
5.311797881568023935e+06
-6.192817389692026190e+06
7.068368492456708103e+06
-7.897303364791842178e+06
8.716793092368748039e+06
-9.498803822306986898e+06
1.021112707294883765e+07
-1.105795166607358679e+07
1.164967953533684276e+07
-1.242318693401160277e+07
1.296196717702033557e+07
-1.356840022409330122e+07
1.410522685865632631e+07
-1.455362570953972638e+07
1.502926807008418255e+07
-1.531559616519727185e+07
1.559549964650448225e+07
-1.582967285019062273e+07
1.589304214037512988e+07
-1.600312793612856790e+07
1.595321256802580506e+07
-1.586755434492433257e+07
1.576937272881547175e+07
-1.550297869159537368e+07
1.534330771753604896e+07
-1.511867195369432867e+07
1.483962260630751401e+07
-1.464812639479076304e+07
1.448611933693285845e+07
-1.426912680614682101e+07
1.427516935744432174e+07
-1.411339360456316546e+07
1.428708509569207393e+07
-1.434795329224716872e+07
1.452436085515270196e+07
-1.482216875732023455e+07
1.505388621794510074e+07
-1.555473950302503631e+07
1.585921494651106186e+07
-1.646451604214776307e+07
1.687678028986636922e+07
-1.749135606110222638e+07
1.805154419341589883e+07
-1.867162652190368623e+07
1.937822328550476581e+07
-2.001200160153701901e+07
2.086727266778523847e+07
-2.154345488466316462e+07
2.248615430150046945e+07
-2.323377990814172104e+07
2.419800136674819887e+07
-2.511329624223241210e+07
2.607065626867678389e+07
-2.701363475831777230e+07
2.800009525551061332e+07
-2.898710473486245424e+07
2.984365292049861699e+07
-3.080848785945891961e+07
3.160669860178491101e+07
-3.237490701701539382e+07
3.306355627739272639e+07
-3.364261930349548906e+07
3.407795049635208398e+07
-3.450123851940619946e+07
3.467132126486550272e+07
-3.483427964039544016e+07
3.474212128402983397e+07
-3.463923288336652517e+07
3.427486466843290627e+07
-3.394715383952546865e+07
3.332794302699308842e+07
-3.271414175908363611e+07
3.200928088509261236e+07
-3.106287085517062619e+07
3.030317192062263191e+07
-2.918374859766286239e+07
2.837072919401274621e+07
-2.724002920849370956e+07
2.639564010384068638e+07
-2.537709216544298828e+07
2.455076164771073312e+07
-2.376124224348961934e+07
2.301829406698573753e+07
-2.251383700704858080e+07
2.192156923511977866e+07
-2.166226085698503256e+07
2.136502023899126798e+07
-2.136469063919815421e+07
2.125527476034182310e+07
-2.149497006228467822e+07
2.165227377477270365e+07
-2.198056215317589045e+07
2.236621841902925447e+07
-2.275010761704729125e+07
2.317294089837529138e+07
-2.359371706700718775e+07
2.395917420457741618e+07
-2.436791569824615493e+07
2.456671318868447840e+07
-2.485053014510215819e+07
2.498879783228182048e+07
-2.505530300709822029e+07
2.512877921371515095e+07
-2.498415610944206268e+07
2.495655699253694713e+07
-2.474076055396937206e+07
2.472039680983128026e+07
-2.437169185417580232e+07
2.437237641468716413e+07
-2.407797114543353766e+07
2.396786824376606196e+07
-2.381639174044417590e+07
2.362159741032027826e+07
-2.351374299056758359e+07
2.330011249250976369e+07
-2.316576358576698601e+07
2.289122152772241831e+07
-2.263902550119682029e+07
2.231983476013774052e+07
-2.193518783447267115e+07
2.141181851778673753e+07
-2.088996105088795349e+07
2.021931688542074710e+07
-1.951102461605856568e+07
1.864726483844126388e+07
-1.772833040125403926e+07
1.676887826159875840e+07
-1.565095745179974847e+07
1.455005743460520171e+07
-1.350896834291548282e+07
1.225736277153389901e+07
-1.125756857701975480e+07
1.012419547043144330e+07
-9.212155386011939496e+06
8.305823710361642763e+06
-7.538068117657399736e+06
6.916663291177377105e+06
-6.451094237198653631e+06
6.147565102014198899e+06
-6.017182338219487108e+06
6.032135757186565548e+06
-6.190823864002743736e+06
6.497586049301911145e+06
-6.865023697665984742e+06
7.418960668778050691e+06
-7.809970932215499692e+06
8.534200861125987023e+06
-8.926091397952532396e+06
9.586006514573523775e+06
-9.958194766400352120e+06
1.038435588654602878e+07
-1.074272740235504322e+07
1.086875615189477801e+07
-1.108365054365332052e+07
1.098601284076436237e+07
-1.094821768093519844e+07
1.063609305438413844e+07
-1.034023221797572821e+07
9.872092289818774909e+06
-9.317002243638554588e+06
8.738360393301617354e+06
-8.001046848667841405e+06
7.320820658792280592e+06
-6.440777450046913698e+06
5.725527915250566788e+06
-4.841174885817575268e+06
4.025996416128488723e+06
-3.261990189231564756e+06
2.413476572427927516e+06
-1.794144428455993533e+06
1.009717958380861091e+06
-5.403566574305746472e+05
-2.049087421174023184e+05
5.709666037619417766e+05
-1.064563786899605300e+06
1.450674139942380600e+06
-1.761470517689799657e+06
2.117077971894098446e+06
-2.229126273634118959e+06
2.517897881513835397e+06
-2.576172118769104593e+06
2.690015717406881042e+06
-2.695499973262099084e+06
2.665895213344417047e+06
-2.554307169578547124e+06
2.419481750609445386e+06
-2.155805507355357520e+06
1.886205752287338022e+06
-1.525566437330285320e+06
1.057721181052357657e+06
-5.764756702614866663e+05
-1.740355274762360204e+04
5.919737669564168900e+05
-1.319978365143618779e+06
2.048531601158520905e+06
-2.773965892226995435e+06
3.614362382696131244e+06
-4.400456436190305278e+06
5.325253399503760040e+06
-6.146894122564083897e+06
7.103335696731710806e+06
-7.962451398209154606e+06
8.945609090733135119e+06
-9.861649230320211500e+06
1.079035022005427070e+07
-1.177161534068714269e+07
1.269343446987509727e+07
-1.359885789109977521e+07
1.451100206641047634e+07
-1.531949849907377921e+07
1.609042478215485811e+07
-1.685294667732997984e+07
1.734650260155543312e+07
-1.794823622637750581e+07
1.822445387870658934e+07
-1.857900380100350454e+07
1.858908006296574697e+07
-1.864004510666341335e+07
1.845329779724301770e+07
-1.818342800881351531e+07
1.778224948399178311e+07
-1.729702371492119879e+07
1.670877046592905559e+07
-1.602896846142956987e+07
1.532171085519868322e+07
-1.440754764413048513e+07
1.364657998388924450e+07
-1.265906641982646473e+07
1.171881005041330494e+07
-1.066122688041759469e+07
9.608871142545053735e+06
-8.486908540861584246e+06
7.317699973740648478e+06
-6.099978837639952078e+06
4.904429964437521994e+06
-3.510452274610417895e+06
2.264400796581422910e+06
-8.007805309988807421e+05
-5.090444258240683703e+05
1.977522814774955856e+06
-3.388070114776033442e+06
4.826394111204201356e+06
-6.280512276160153560e+06
7.594601418427322060e+06
-9.022816610722783953e+06
1.023076084741141275e+07
-1.158225507629042491e+07
1.255856018485184759e+07
-1.376478388080184162e+07
1.456368640565229207e+07
-1.552036947281737998e+07
1.612153736716406606e+07
-1.673166239962853491e+07
1.721403518474980071e+07
-1.747145358272016793e+07
1.783356702712739259e+07
-1.780428483952994645e+07
1.802942848212791607e+07
-1.784826605836990476e+07
1.782099121456513926e+07
-1.772508173481168598e+07
1.748780709825444594e+07
-1.738556358833371103e+07
1.714778850827273354e+07
-1.698705520169594511e+07
1.675071236032549851e+07
-1.661429136424739100e+07
1.638622029000756517e+07
-1.621479875215517171e+07
1.604690949404392391e+07
-1.579673686121252365e+07
1.560118579884108901e+07
-1.532574569671569578e+07
1.503843583936354332e+07
-1.466453352099646255e+07
1.432478886682040617e+07
-1.371002997813572548e+07
1.334318101157779060e+07
-1.257254943926842138e+07
1.192063178658606112e+07
-1.111814326970316097e+07
1.021994134837772138e+07
-9.372883649605652317e+06
8.224505156929609366e+06
-7.194301073121218942e+06
5.945258901572100818e+06
-4.697801354570831172e+06
3.397882233924137428e+06
-1.999101557419692399e+06
5.535539384376698872e+05
8.464187371996705187e+05
-2.459215245099109598e+06
3.851473560206120834e+06
-5.417661159606943838e+06
6.915716439717956819e+06
-8.307516435099123977e+06
9.827704911076175049e+06
-1.112935663540790416e+07
1.246005045804436319e+07
-1.366934025887935236e+07
1.484476917848207802e+07
-1.589894401027347893e+07
1.685578425651076436e+07
-1.778577098728173971e+07
1.853974910131630674e+07
-1.931769862819640711e+07
1.990570229702459648e+07
-2.043357148052662238e+07
2.089387372521227226e+07
-2.120842064029376954e+07
2.143786026345942542e+07
-2.153129553840954229e+07
2.150562958295469731e+07
-2.136199924447827414e+07
2.101972588608143106e+07
-2.056408233439174667e+07
2.003737656049337983e+07
-1.924384558322273940e+07
1.839665706587167457e+07
-1.733381260670466721e+07
1.621899647914984636e+07
-1.495570632752440125e+07
1.350299744478397258e+07
-1.209984695188382268e+07
1.053203303948227689e+07
-8.933015134802669287e+06
7.293876973286174238e+06
-5.619440384870893322e+06
3.869859949150431901e+06
-2.219782145336755551e+06
4.985206037840031786e+05
1.237071393345760647e+06
-2.911295699082416017e+06
4.519629202378491871e+06
-6.202178481017254293e+06
7.799741597194789909e+06
-9.327986097784129903e+06
1.086853131304292008e+07
-1.229266884748763964e+07
1.376955822864196822e+07
-1.510446125316064991e+07
1.642652805199849978e+07
-1.771156053648871183e+07
1.888994297006751597e+07
-2.008788750972089171e+07
2.120713802114025131e+07
-2.221483181942240894e+07
2.327283730126165599e+07
-2.417570996924874187e+07
2.515027097297901660e+07
-2.594989627861589566e+07
2.679261382176429033e+07
-2.751476471757274866e+07
2.816072699506943300e+07
-2.876216553435476869e+07
2.923866104369652271e+07
-2.963789595259951800e+07
2.991629381565357745e+07
-3.008267243817543611e+07
3.011230240325702354e+07
-3.000381354101857170e+07
2.982625789338705689e+07
-2.942126478139437735e+07
2.888392272677792236e+07
-2.833374651313320920e+07
2.745224387743437290e+07
-2.666388565709330887e+07
2.563665966757924482e+07
-2.456075425132236257e+07
2.342919507337082922e+07
-2.214728959844019637e+07
2.091092033158691227e+07
-1.955590825236981362e+07
1.812087544924177602e+07
-1.686675931167462841e+07
1.538267016747963056e+07
-1.404746829037707113e+07
1.267325283159172721e+07
-1.130754430181136169e+07
1.006940235035238042e+07
-8.755162456571338698e+06
7.687278654200923629e+06
-6.483825137989480980e+06
5.526601898925973102e+06
-4.649606646791744977e+06
3.756879806393896695e+06
-3.184210570374822710e+06
2.600013011668147054e+06
-2.137347209258435294e+06
1.933740648580988403e+06
-1.696326751083846204e+06
1.743857701537222136e+06
-1.836822851430884330e+06
2.114758790161410347e+06
-2.537222933229363523e+06
2.981680891961490735e+06
-3.670071423785284162e+06
4.462273236742496490e+06
-5.320174667686524801e+06
6.386576977230070159e+06
-7.540618564655433409e+06
8.822120613359140232e+06
-1.030659806146178581e+07
1.182339209338145144e+07
-1.360598972011000663e+07
1.533858741137959808e+07
-1.738702455474850163e+07
1.940992312465307117e+07
-2.151496010334060341e+07
2.375828445736818388e+07
-2.599535119950678572e+07
2.829381441225364804e+07
-3.049629464811368287e+07
3.281050432271827012e+07
-3.484187626919345558e+07
3.699336771683195233e+07
-3.882316950468201190e+07
4.057562872320275754e+07
-4.219187606156347692e+07
4.347785405592007935e+07
-4.464952435630970448e+07
4.535341366126989573e+07
-4.598183677206803113e+07
4.610152103033909202e+07
-4.607008894402457029e+07
4.559374429470159113e+07
-4.477702317430917919e+07
4.374320239840231836e+07
-4.216846616690783948e+07
4.055960929219943285e+07
-3.847081879169365019e+07
3.617276438751339167e+07
-3.364078348941872269e+07
3.090447209259831533e+07
-2.792212343165706843e+07
2.487084221667564660e+07
-2.160163854443630576e+07
1.825109959391782433e+07
-1.490842541938080639e+07
1.132962211603704281e+07
-7.940824279984237626e+06
4.322436047575867735e+06
-9.398694663078958401e+05
-2.577457864481659140e+06
5.908121324830730446e+06
-9.176784282812453806e+06
1.239019198736720160e+07
-1.532645564226018451e+07
1.825305009727005288e+07
-2.082445291265895590e+07
2.334413714118915424e+07
-2.549314963485763595e+07
2.755660956721044704e+07
-2.920722733824883401e+07
3.069976377281530946e+07
-3.184426595955509692e+07
3.280367586262907088e+07
-3.340511481863727793e+07
3.381380802947880328e+07
-3.389482382235854864e+07
3.372679780976146460e+07
-3.342423097896363214e+07
3.273916924974184856e+07
-3.194548886869041622e+07
3.079936006674475223e+07
-2.955379795660524070e+07
2.803509433360690996e+07
-2.638284233106181771e+07
2.441498027027302980e+07
-2.237759727156582475e+07
2.004748904026503861e+07
-1.764923294301529229e+07
1.504759397302503511e+07
-1.226935436289746687e+07
9.447046469020878896e+06
-6.471159891295730136e+06
3.504019737940669991e+06
-3.736348625306999893e+05
-2.755520865560446866e+06
5.802897362718535587e+06
-8.975274134257955477e+06
1.200092407340104692e+07
-1.506522100459012948e+07
1.806870206302958727e+07
-2.090173291830191389e+07
2.378886534356801584e+07
-2.655863220674485341e+07
2.921283325767957047e+07
-3.183042620315057412e+07
3.432677404664247483e+07
-3.676322416690472513e+07
3.912185754855566472e+07
-4.132697705062674731e+07
4.357122899265602976e+07
-4.562504286990541965e+07
4.767081322915305197e+07
-4.952458259766972065e+07
5.130717453444436938e+07
-5.301756743282083422e+07
5.445014048598849028e+07
-5.592937159790964425e+07
5.700901125589741766e+07
-5.803102350519105047e+07
5.889190158023194224e+07
-5.940054995743653923e+07
5.991490575380378962e+07
-5.994825230367822945e+07
6.006278830590745062e+07
-5.977395723734138161e+07
5.939436207639736682e+07
-5.890900809394801408e+07
5.810707257283654064e+07
-5.734522877915958315e+07
5.635418655444627255e+07
-5.531598605719700456e+07
5.405255444187466800e+07
-5.280732120371320844e+07
5.134698572261299938e+07
-4.985807842040985823e+07
4.822729745385411382e+07
-4.646733955539597571e+07
4.460780324441634119e+07
-4.269470623573777080e+07
4.057689815651977807e+07
-3.843875650994789600e+07
3.622892570452560484e+07
-3.389373877235691994e+07
3.158423007925241813e+07
-2.916516526339820027e+07
2.678076754023818672e+07
-2.439321887804947048e+07
2.202923057146224752e+07
-1.969912057650513947e+07
1.752283159960191324e+07
-1.525251972185303830e+07
1.325138552777491882e+07
-1.119342027600915357e+07
9.332190981137396768e+06
-7.503472416239868850e+06
5.815156607533182018e+06
-4.167548104623171035e+06
2.583664539996041451e+06
-1.183497285549690016e+06
-2.367181470768449944e+05
1.649604330270934384e+06
-2.891483569295672700e+06
4.093661449624980800e+06
-5.327007391450995579e+06
6.364951501849546097e+06
-7.520405017626332119e+06
8.458882309747569263e+06
-9.426550404461383820e+06
1.029880135645056143e+07
-1.113392346839315444e+07
1.186417789044152573e+07
-1.255273463240482286e+07
1.316188503895828873e+07
-1.367261494590675831e+07
1.411750053434938006e+07
-1.447289613752383925e+07
1.477799664365279675e+07
-1.494652350535357371e+07
1.520258553899960779e+07
-1.522800394622974098e+07
1.531309073055576347e+07
-1.537086581939852051e+07
1.528518339985059388e+07
-1.540206646353287436e+07
1.530585418083641492e+07
-1.546014446373879351e+07
1.544527296325420775e+07
-1.565967298274531588e+07
1.578193992396418564e+07
-1.601825951747088879e+07
1.631659927469992824e+07
-1.657641442833897844e+07
1.690661259358547255e+07
-1.711346201023554057e+07
1.745061277180891857e+07
-1.753198946321645007e+07
1.767993641845893860e+07
-1.762929233753869683e+07
1.753668936141334847e+07
-1.720750195207634196e+07
1.691795997849911824e+07
-1.628682573608190939e+07
1.576186143981913663e+07
-1.494463409169537015e+07
1.415293603169046529e+07
-1.328882449334729463e+07
1.228521250515108183e+07
-1.141403814805739000e+07
1.031977315307022817e+07
-9.375219106644716114e+06
8.329614086330409162e+06
-7.295763780880122446e+06
6.171584084210660309e+06
-5.127798348152947612e+06
3.849045545480098110e+06
-2.659777169952644035e+06
1.254308252439173404e+06
1.831763445426799881e+05
-1.801755426268513082e+06
3.585589048287121579e+06
-5.342534456996095367e+06
7.411621186140793376e+06
-9.410364702825395390e+06
1.156396476941596158e+07
-1.375162519371141121e+07
1.586857137560460530e+07
-1.805498261415635794e+07
2.005731743147931248e+07
-2.197099984502761438e+07
2.374410500836597756e+07
-2.521992374668749422e+07
2.658204795857174322e+07
-2.750397535603952780e+07
2.831722262847978249e+07
-2.877648136770612746e+07
2.888127378883617371e+07
-2.884909353995015845e+07
2.848458549296327680e+07
-2.786133193815646693e+07
2.709523157011261955e+07
-2.611802429078623280e+07
2.494964374111629277e+07
-2.378917255387417227e+07
2.243139044171750546e+07
-2.110819121345133334e+07
1.972954068861930072e+07
-1.836578415448425710e+07
1.704107871628210694e+07
-1.572497477001828142e+07
1.458591877891482972e+07
-1.336416194749369286e+07
1.229733874218386225e+07
-1.131432557344537973e+07
1.035869965362468362e+07
-9.535200460703434423e+06
8.618196114430766553e+06
-7.892300371308751404e+06
7.066849817943128757e+06
-6.275245750682487153e+06
5.425498482571057044e+06
-4.582977608816809952e+06
3.684522878416359890e+06
-2.619109588761540130e+06
1.596584686695050681e+06
-4.998612237388713402e+05
-7.826907518376603257e+05
1.961720614468380809e+06
-3.292642159658195917e+06
4.606067906287012622e+06
-5.898285200069553219e+06
7.287627849223755300e+06
-8.412743990355577320e+06
9.773687779441755265e+06
-1.076042738614563644e+07
1.189175953875096142e+07
-1.277796539807760902e+07
1.362887019025969505e+07
-1.440075538092412613e+07
1.506665489193620905e+07
-1.561463950707902201e+07
1.617673757756930217e+07
-1.673520335020418279e+07
1.712435881848971173e+07
-1.781185929539646208e+07
1.820942930257781222e+07
-1.898651510040713847e+07
1.955227185854629427e+07
-2.043000191937963292e+07
2.128986572485827655e+07
-2.220814614935119078e+07
2.335597311529895291e+07
-2.436821866131354496e+07
2.558888248469161987e+07
-2.672860441266814247e+07
2.792242389962718263e+07
-2.906114934439736605e+07
3.018292663153833896e+07
-3.116597130628378317e+07
3.206107810302988067e+07
-3.285499236671935767e+07
3.345251699427780509e+07
-3.393224281163769215e+07
3.420945511032045633e+07
-3.429052710670809448e+07
3.426963258588753641e+07
-3.387939752736921608e+07
3.354188759345014393e+07
-3.284152223170600086e+07
3.206549363894074783e+07
-3.112099843959068879e+07
3.002820203501109034e+07
-2.889978685524002463e+07
2.757575650422126427e+07
-2.631162754659927264e+07
2.486013489126962051e+07
-2.358151994304722548e+07
2.215183152278067544e+07
-2.084995964386563003e+07
1.957551474996709451e+07
-1.842515105978181213e+07
1.734146638149256259e+07
-1.634115796784047782e+07
1.556250578631969541e+07
-1.480354908441672660e+07
1.427785241079269536e+07
-1.380434817535009421e+07
1.350919834300781786e+07
-1.337979076360401139e+07
1.329293472898577712e+07
-1.337636514009918645e+07
1.359187318175981194e+07
-1.386110826064750552e+07
1.427246202637912519e+07
-1.469553479666865990e+07
1.532132638009948656e+07
-1.593633846525709145e+07
1.666208513313053176e+07
-1.748135010836732015e+07
1.833325923277407512e+07
-1.923954767533790693e+07
2.021216163472845033e+07
-2.129210386929224059e+07
2.234884263657084107e+07
-2.353440762181120738e+07
2.463416236667972431e+07
-2.593336348563430831e+07
2.707295105698176846e+07
-2.834102889173902944e+07
2.962104782636960968e+07
-3.078928993777774647e+07
3.214021679690497741e+07
-3.321143484939650446e+07
3.445380882433776557e+07
-3.550434553480622917e+07
3.653139607608076185e+07
-3.747310487632496655e+07
3.823841457468026131e+07
-3.901104194506486505e+07
3.942285825562928617e+07
-3.993001725879698247e+07
4.008483696915663779e+07
-4.011591321011412889e+07
3.993835394375221431e+07
-3.959301115005315840e+07
3.903894852342209965e+07
-3.826554446586613357e+07
3.737048912455038726e+07
-3.620798902998594195e+07
3.497205140305569023e+07
-3.350725257690186426e+07
3.202287315609318763e+07
-3.035042855997466668e+07
2.872426057939493656e+07
-2.697881011686452106e+07
2.533454643010960147e+07
-2.370279961324039474e+07
2.215124944177667052e+07
-2.076698892728243023e+07
1.944105684219236672e+07
-1.846811378779067099e+07
1.749974657805347815e+07
-1.690030925088629872e+07
1.654226314489798248e+07
-1.631105683313421346e+07
1.637857105462813564e+07
-1.668474904650996625e+07
1.715481323331150413e+07
-1.785257261064625904e+07
1.869345549274013937e+07
-1.966217206068770215e+07
2.079310180310877785e+07
-2.193309065007915348e+07
2.320434038258567452e+07
-2.438647872524806112e+07
2.572680962230814621e+07
-2.689523231481209397e+07
2.819280301486975327e+07
-2.934539715852304921e+07
3.040304434955790266e+07
-3.153865236118485779e+07
3.240011377258292213e+07
-3.325784010057950392e+07
3.400300111735247076e+07
-3.460115839714454114e+07
3.510981142169435322e+07
-3.546929802247374505e+07
3.564048130588976294e+07
-3.577517980686605722e+07
3.569416767129167169e+07
-3.542524045461760461e+07
3.508610511403124034e+07
-3.461248477344430983e+07
3.384654545538870990e+07
-3.316158478829886019e+07
3.218199931227976829e+07
-3.112265767915500328e+07
2.991820872327192873e+07
-2.865850403870209306e+07
2.719641162017127126e+07
-2.574363403898400068e+07
2.405505609217518941e+07
-2.234372568504302204e+07
2.055921464945467934e+07
-1.859538134446245432e+07
1.673807542982256971e+07
-1.457673287504612654e+07
1.263262168591750599e+07
-1.033417121865704656e+07
8.292902227103432640e+06
-5.990283666463362053e+06
3.851573710324197076e+06
-1.613350728138693376e+06
-6.339952975019183941e+05
2.722994292071981356e+06
-4.987106019462177530e+06
6.964010003845160827e+06
-9.103444727583516389e+06
1.099076491394505650e+07
-1.293574460999579169e+07
1.471547678117724136e+07
-1.641815068261327036e+07
1.798341900340274721e+07
-1.952954291512558237e+07
2.080957227945056185e+07
-2.203219828501578048e+07
2.322257250467352197e+07
-2.413383593956360221e+07
2.510154710642971471e+07
-2.586281749167000875e+07
2.650837507285532728e+07
-2.713364128743453696e+07
2.767588868005955592e+07
-2.808696832993242890e+07
2.856792682619366795e+07
-2.889716573939550295e+07
2.930940602719990909e+07
-2.955135326552244648e+07
2.998960075962295756e+07
-3.025872265942604095e+07
3.062654861313629895e+07
-3.108334589896667749e+07
3.136957623951219022e+07
-3.195883619847883284e+07
3.230097177761702240e+07
-3.293838108192637563e+07
3.345317721656080335e+07
-3.407714330642212182e+07
3.467024521600829065e+07
-3.535193378128770739e+07
3.599535043267189711e+07
-3.663779233697881550e+07
3.736734241523142904e+07
-3.788892121126677096e+07
3.862421880746848881e+07
-3.906900907583209127e+07
3.963848665200436115e+07
-4.007454110064578056e+07
4.046587827514416724e+07
-4.077504428846463561e+07
4.099654061729586124e+07
-4.119088827735630423e+07
4.115713041175511479e+07
-4.123051834747131169e+07
4.103860630152141303e+07
-4.086129258197633922e+07
4.050332445773162693e+07
-4.011938440989872068e+07
3.969235257166917622e+07
-3.904653799875759333e+07
3.857103346798750758e+07
-3.778704524559587240e+07
3.715422290601867437e+07
-3.650096025069358945e+07
3.572589986152219772e+07
-3.504397241939669102e+07
3.440630154271610081e+07
-3.382043574877301604e+07
3.322283598434132710e+07
-3.283466217084189132e+07
3.235578010363185033e+07
-3.218100655135868490e+07
3.196541572352208197e+07
-3.192184045959426463e+07
3.199198480377776176e+07
-3.215468600517990813e+07
3.248711288634071499e+07
-3.288812963847899809e+07
3.343483717317579687e+07
-3.406218073651139438e+07
3.485071701154219359e+07
-3.562375293488637358e+07
3.661500382512418181e+07
-3.757010945844510198e+07
3.866364308399876952e+07
-3.974232804522076249e+07
4.089798513579434156e+07
-4.212416542832929641e+07
4.320843360286555439e+07
-4.450870355398864299e+07
4.567606488755369931e+07
-4.684523373792668432e+07
4.811511044429615885e+07
-4.920081624361638725e+07
5.038504566371843964e+07
-5.144123991330576688e+07
5.257909208040802181e+07
-5.351011272797413915e+07
5.447223638231819868e+07
-5.533812501027837396e+07
5.602031145963674039e+07
-5.671084016498348862e+07
5.717245923676213622e+07
-5.749273562374798208e+07
5.768897689041960984e+07
-5.773138080093233287e+07
5.748291413985995203e+07
-5.723305599780604988e+07
5.662056314932422340e+07
-5.601156401584124565e+07
5.502471482093521953e+07
-5.399658663917948306e+07
5.283365717086290568e+07
-5.140260921846316010e+07
4.997560999099693447e+07
-4.834668833942330629e+07
4.664422679904403538e+07
-4.483722253682825714e+07
4.288079949152649194e+07
-4.091971295129273087e+07
3.884062551984518766e+07
-3.661984408182940632e+07
3.439381256808574498e+07
-3.205041729521419853e+07
2.970597781401107833e+07
-2.713823233652746305e+07
2.470947140398606658e+07
-2.200105223160444945e+07
1.945355534001675248e+07
-1.668839048976915516e+07
1.401370612138122320e+07
-1.132220623998353630e+07
8.548046161689162254e+06
-5.936247855821215548e+06
3.220683162610666361e+06
-6.511561029350146418e+05
-1.862880120223040693e+06
4.265582448089667596e+06
-6.601513163085257635e+06
8.740613166455999017e+06
-1.082687126160622574e+07
1.264263798462779447e+07
-1.444420327526537515e+07
1.585908116754146107e+07
-1.732795322672065720e+07
1.840481896451603994e+07
-1.931975122715873271e+07
2.006220577475165576e+07
-2.044430438809550554e+07
2.074467214405775070e+07
-2.069895281509615481e+07
2.041066134029555693e+07
-1.989219145809382200e+07
1.914661970463033766e+07
-1.804667923560804874e+07
1.691558201485653967e+07
-1.532656759946913645e+07
1.368702949208859913e+07
-1.176016904700860567e+07
9.739132526412611827e+06
-7.465472948636559770e+06
5.018186830907273106e+06
-2.524167165065179113e+06
-2.856712771947498550e+05
2.984076096478669439e+06
-6.035276625483784825e+06
8.998581974077470601e+06
-1.210783953888270631e+07
1.534003229568530433e+07
-1.847488453239451349e+07
2.174957816238163039e+07
-2.487679695263806731e+07
2.806114854820857570e+07
-3.117126426173876598e+07
3.401434679338353872e+07
-3.686271669046226144e+07
3.947324300597679615e+07
-4.184427961192638427e+07
4.395222107247790694e+07
-4.588632345710790902e+07
4.740447188133848459e+07
-4.870433046132691950e+07
4.965299399265380949e+07
-5.028186527866095304e+07
5.063407507761276513e+07
-5.069749281507959217e+07
5.056831438925004750e+07
-5.001694756233811378e+07
4.943002612418035418e+07
-4.849784555951991677e+07
4.748670779308705777e+07
-4.619550854391212761e+07
4.492067186576362699e+07
-4.340519503884204477e+07
4.176632435021749884e+07
-4.010307657929141819e+07
3.831465949130143970e+07
-3.642564257290752977e+07
3.447563614622794837e+07
-3.251892921798306704e+07
3.035685061725734919e+07
-2.828511050470397994e+07
2.608365706410381943e+07
-2.389365529765367508e+07
2.161041918376122788e+07
-1.931720490440033749e+07
1.703166927076838911e+07
-1.464215488199463673e+07
1.232515581743037328e+07
-9.935213726282441989e+06
7.610416391933993436e+06
-5.229025626900736243e+06
2.938459097731478978e+06
-6.184860806398798013e+05
-1.618590763564010616e+06
3.749513115739735309e+06
-5.945590700779454783e+06
7.893371613738206215e+06
-9.819742106332315132e+06
1.156825742329175025e+07
-1.335664400333748013e+07
1.470996344833688065e+07
-1.619073867803928629e+07
1.740123445117863268e+07
-1.840453472713996097e+07
1.941560685896619409e+07
-2.004385957935569063e+07
2.070283395429840311e+07
-2.120647763874905929e+07
2.142078573348435014e+07
-2.173455155177554488e+07
2.184731621855203435e+07
-2.190424240286120400e+07
2.201837725328742340e+07
-2.199460596386520937e+07
2.212333401465873048e+07
-2.215079528965529054e+07
2.243161565837337822e+07
-2.264508125550607964e+07
2.305630628841518983e+07
-2.350567628448391333e+07
2.412781599026348814e+07
-2.479158893358627707e+07
2.560178195494068041e+07
-2.636689214110494033e+07
2.732738612728986517e+07
-2.815516266360257939e+07
2.901113901419980079e+07
-2.989954266329880431e+07
3.054587308650776371e+07
-3.132395096872138232e+07
3.174478589093929529e+07
-3.231724480157718062e+07
3.250639519266704842e+07
-3.280648379241949320e+07
3.288929201317823678e+07
-3.290149346343008429e+07
3.293827676925495639e+07
-3.284273756416057423e+07
3.272721816511322558e+07
-3.265168960939467698e+07
3.263957205440875888e+07
-3.250863580169919133e+07
3.254212211311750859e+07
-3.249281896073213965e+07
3.257834732699656859e+07
-3.251641295409295335e+07
3.258088611337401718e+07
-3.256474124943182617e+07
3.250444824505959079e+07
-3.247218446927474812e+07
3.222104977881726250e+07
-3.203726401447116584e+07
3.163649792534212396e+07
-3.116990918372935802e+07
3.058564483455631882e+07
-2.986837429780500382e+07
2.908376313937980309e+07
-2.809205474228188768e+07
2.713415597023794800e+07
-2.594725117430651188e+07
2.474414035639972612e+07
-2.350523059890386090e+07
2.211496389687740058e+07
-2.076275699678264558e+07
1.934950328136873618e+07
-1.804240349876769632e+07
1.659687328038395382e+07
-1.525965988476920314e+07
1.398926820457045361e+07
-1.272153787395745143e+07
1.163986706546303071e+07
-1.043654008610454574e+07
9.491815234083868563e+06
-8.590421207527440041e+06
7.812064989329505712e+06
-7.060761399785778485e+06
6.486363987113948911e+06
-6.039252481631322764e+06
5.551108622411324643e+06
-5.426697928942990489e+06
5.140362172968853265e+06
-5.162404142107974738e+06
5.234190244178631343e+06
-5.383605230447355658e+06
5.681906169642183930e+06
-6.033405537473605946e+06
6.492939041293259710e+06
-7.091541718464805745e+06
7.682849390273478813e+06
-8.341154715472124517e+06
9.107828312018290162e+06
-9.837321956402968615e+06
1.066559008928906918e+07
-1.140993730693650618e+07
1.225167388384133764e+07
-1.304341714442008734e+07
1.384420709125869907e+07
-1.457460108155103587e+07
1.538843169448190369e+07
-1.601248543597126566e+07
1.687114837210073322e+07
-1.736647220103361458e+07
1.820347833357212320e+07
-1.883851061395065859e+07
1.944944215720573440e+07
-2.028054556100462750e+07
2.081131961694883555e+07
-2.173493836135524511e+07
2.231372012107332796e+07
-2.327619901854889095e+07
2.396376673553732038e+07
-2.493540735981691256e+07
2.573111147187817097e+07
-2.672214477602192014e+07
2.761970582459030673e+07
-2.850797814050778747e+07
2.947017252961980924e+07
-3.033382313805868104e+07
3.123107627135260776e+07
-3.200070194017794728e+07
3.273662283949897438e+07
-3.338451177231970802e+07
3.396042776760987192e+07
-3.434351599122717977e+07
3.471770312178903818e+07
-3.481933511814847589e+07
3.490584349553319067e+07
-3.462905913948956877e+07
3.450563512517046183e+07
-3.388685319148124009e+07
3.338726287341997400e+07
-3.253973126323428005e+07
3.173835501337061077e+07
-3.064493750548787042e+07
2.957887768363563344e+07
-2.842337472249929979e+07
2.702887048151557148e+07
-2.582862714466613159e+07
2.426790512404848635e+07
-2.300991198870094121e+07
2.128836274310154095e+07
-1.995343467348445579e+07
1.820171034787369892e+07
-1.668722805695502087e+07
1.496875315785664693e+07
-1.313184478202333488e+07
1.147681124124792404e+07
-9.489681191047679633e+06
7.660655817591520026e+06
-5.655480102628950030e+06
3.698040620152755175e+06
-1.616047239189153537e+06
-2.730628014119005529e+05
2.387720941729221493e+06
-4.235208794302565977e+06
6.139288668735108338e+06
-7.924817956972280517e+06
9.529869194346908480e+06
-1.102216217371406592e+07
1.232214960029986501e+07
-1.339663551498967782e+07
1.429322205904258974e+07
-1.480967091119115241e+07
1.513729361233362556e+07
-1.520251882397271320e+07
1.487225997139046714e+07
-1.445256616111779772e+07
1.344721504467920959e+07
-1.252562424020441435e+07
1.106014747115256265e+07
-9.599182718578400090e+06
7.861751296777384356e+06
-5.895119184355710633e+06
3.941398401547035202e+06
-1.878006757728745462e+06
-4.034664149298483389e+05
2.544665742789179552e+06
-4.750741472266064957e+06
7.034339177109994926e+06
-9.117430019473005086e+06
1.135487460869349726e+07
-1.334594568579193205e+07
1.537612746895517595e+07
-1.720491773996503651e+07
1.897446656777267158e+07
-2.056278789442632347e+07
2.202850172685776651e+07
-2.322082716047896817e+07
2.429196187938841060e+07
-2.508176995976278558e+07
2.569980969311886653e+07
-2.598780715295424685e+07
2.610728595420551300e+07
-2.584929954500104859e+07
2.535387795976224914e+07
-2.468393002646746114e+07
2.360491327911422029e+07
-2.243236789562455192e+07
2.090020795206570998e+07
-1.927479799606130645e+07
1.742236242833162844e+07
-1.542835578763077594e+07
1.322766083213811927e+07
-1.106390374432393722e+07
8.633082348084961995e+06
-6.232911174164430238e+06
3.724692624095874373e+06
-1.151882148162448779e+06
-1.372099299617332174e+06
4.076694579248794354e+06
-6.667857208746370859e+06
9.370026989546095952e+06
-1.209797637315705232e+07
1.478825822831221484e+07
-1.751204889331806824e+07
2.031951807610125095e+07
-2.301798499922474101e+07
2.575619432050838321e+07
-2.850018525466444343e+07
3.121035531064957008e+07
-3.387743785461821407e+07
3.649222966292853653e+07
-3.900967133814408630e+07
4.145959976478945464e+07
-4.374938710666880757e+07
4.592423051880864799e+07
-4.789240261198509485e+07
4.965225429818963259e+07
-5.115555560955304652e+07
5.242244244413587451e+07
-5.337164528062740713e+07
5.403910866254329681e+07
-5.446377365229633451e+07
5.441467813960662484e+07
-5.424934991330419481e+07
5.362166034077695757e+07
-5.276123678843532503e+07
5.161619387489803135e+07
-5.026154980618370324e+07
4.858122273222170770e+07
-4.673358768120221794e+07
4.476111556792247295e+07
-4.249926996691720933e+07
4.028278162069194764e+07
-3.772378345827788115e+07
3.530585783448920399e+07
-3.254619289237200841e+07
2.987953739693035558e+07
-2.710260089041972905e+07
2.410528795301995054e+07
-2.121346721300354227e+07
1.810940625576172397e+07
-1.497853608172410913e+07
1.169834462109104544e+07
-8.398412013355974108e+06
4.972828508842922747e+06
-1.517388527893293183e+06
-1.965389313037375221e+06
5.462856887768673711e+06
-8.992582098902380094e+06
1.235510722457841970e+07
-1.574335934305932000e+07
1.892979101794827357e+07
-2.197194067249945179e+07
2.482838951028639078e+07
-2.734944698062522337e+07
2.972050224000899866e+07
-3.167519228431249410e+07
3.339377960326748714e+07
-3.473186603496355563e+07
3.569802864784347266e+07
-3.646170457296236604e+07
3.672174645096321404e+07
-3.674982021519362181e+07
3.644268278978636861e+07
-3.588052672368308157e+07
3.498136280286098272e+07
-3.389594263407441974e+07
3.260033125853575394e+07
-3.105531421123962477e+07
2.945984343963192031e+07
-2.762859946745816991e+07
2.583506777605635300e+07
-2.386021876089961827e+07
2.199371944226158410e+07
-1.998696148080318421e+07
1.806868932743176073e+07
-1.621117457394883968e+07
1.431860002260930650e+07
-1.258727598665012047e+07
1.084382208596079983e+07
-9.135119017559558153e+06
7.549414911900972947e+06
-6.094310664091235027e+06
4.494970572362258099e+06
-3.192486182794862892e+06
1.734058620669406839e+06
-4.673827545284535736e+05
-8.121883345082289306e+05
2.102744000889410730e+06
-3.226413320287354756e+06
4.378385245609063655e+06
-5.469147876199468039e+06
6.507324668965901248e+06
-7.482333957599130459e+06
8.463072644127979875e+06
-9.306954644189063460e+06
1.022433713585129753e+07
-1.099208670139309950e+07
1.184304992502779886e+07
-1.256019466701359861e+07
1.336502671484659612e+07
-1.408202572009940632e+07
1.483007295679347962e+07
-1.563787772739804722e+07
1.631391995846370608e+07
-1.721402431818213686e+07
1.798438399632385746e+07
-1.883264667740627006e+07
1.987191643576623499e+07
-2.072546435200804472e+07
2.188825033427037671e+07
-2.287319593806930631e+07
2.414864874591371790e+07
-2.533905987056145072e+07
2.664727573324447125e+07
-2.794859079991406947e+07
2.929796063317199424e+07
-3.076389967219298333e+07
3.205876337945495918e+07
-3.363147048381073028e+07
3.488684540573205054e+07
-3.633706755405279994e+07
3.759679816538299620e+07
-3.899991659783241898e+07
4.008105159510956705e+07
-4.135696747400265932e+07
4.236842979842481762e+07
-4.339928130598478019e+07
4.433728871839027852e+07
-4.515927896989786625e+07
4.600404301698813587e+07
-4.658001329190441966e+07
4.728379393265277892e+07
-4.772914128194537759e+07
4.822586955548213422e+07
-4.846285124146950990e+07
4.873707035974235833e+07
-4.877148616943398863e+07
4.866674530787474662e+07
-4.843758093370545655e+07
4.800917499439392239e+07
-4.734622693794698268e+07
4.651493683985777944e+07
-4.546317146702078730e+07
4.414132509564422816e+07
-4.266379062660932541e+07
4.093926959690569341e+07
-3.905713905020092428e+07
3.694879045451276749e+07
-3.480858873696807772e+07
3.240321120488196239e+07
-3.004346861621847376e+07
2.755207700743271410e+07
-2.504356900606112927e+07
2.254883141108105704e+07
-1.998320720107640326e+07
1.758944717738444731e+07
-1.508366278438357078e+07
1.272082334931886196e+07
-1.039125221630116366e+07
8.152204849959820509e+06
-5.981067012123107910e+06
3.944588537536507472e+06
-1.878204914735465776e+06
6.385263546123683045e+04
1.761183203159479890e+06
-3.426793204012800474e+06
5.008054332409030758e+06
-6.529658092585198581e+06
7.850469474423380569e+06
-9.275957145150225610e+06
1.043570387639193982e+07
-1.166136871760052629e+07
1.274529607082181424e+07
-1.388231673714369535e+07
1.493152318473371305e+07
-1.596656939756851643e+07
1.706800884639043361e+07
-1.801043471522641927e+07
1.912148898043666407e+07
-2.012967773823546991e+07
2.110257661628755182e+07
-2.212532271634521335e+07
2.307662980188681930e+07
-2.403206462272523716e+07
2.487613030176842585e+07
-2.572144494521121681e+07
2.653523008922774717e+07
-2.722451201912298799e+07
2.801554926547029242e+07
-2.864562049596754089e+07
2.933809446559498087e+07
-3.005174755000821501e+07
3.067879145171091706e+07
-3.157978807509304211e+07
3.224728554534367844e+07
-3.322637845336721465e+07
3.416435387093108147e+07
-3.521664014561516047e+07
3.648457665738411993e+07
-3.763952043139213324e+07
3.913101078900011629e+07
-4.050699228058961779e+07
4.210118464272147417e+07
-4.367823411632516980e+07
4.534695342589710653e+07
-4.691523679802571982e+07
4.855317961521828920e+07
-5.013658155010145903e+07
5.155208495773098618e+07
-5.295564002181886882e+07
5.408400890713852644e+07
-5.516362595591308922e+07
5.588858805341140181e+07
-5.650855523383656144e+07
5.683762323895498365e+07
-5.684791284769741446e+07
5.672154925356452912e+07
-5.617154734853599966e+07
5.549733713570186496e+07
-5.450993598901204020e+07
5.329264569701693207e+07
-5.188475183018210530e+07
5.025199265646807104e+07
-4.850657028395165503e+07
4.656357702726113051e+07
-4.457570615044002980e+07
4.239278495301849395e+07
-4.032412482553573698e+07
3.804108942147252709e+07
-3.586512882328351587e+07
3.369886681168232113e+07
-3.140663326091269031e+07
2.941333340876965970e+07
-2.726263867336245999e+07
2.528534525966997072e+07
-2.342473237045417354e+07
2.145183247220619395e+07
-1.986552669690987468e+07
1.809518899178665504e+07
-1.659255529485146143e+07
1.510922780124338157e+07
-1.372470585242691077e+07
1.251069136236757040e+07
-1.122092372849786468e+07
1.028407516349884868e+07
-9.230659092190956697e+06
8.440404251540988684e+06
-7.670096059337048791e+06
7.045944070364213549e+06
-6.541859104994611815e+06
6.146312140677521937e+06
-5.814284565343810245e+06
5.590880189417933114e+06
-5.435307430003835820e+06
5.279772329342722893e+06
-5.355781969749780372e+06
5.192073367701396346e+06
-5.228840986238684505e+06
5.330071509049659595e+06
-5.184716555799257942e+06
5.356068582516289316e+06
-5.165624094051110558e+06
5.263467593012883328e+06
-5.059637950110594742e+06
4.983505067891344428e+06
-4.816152320303514600e+06
4.447732988882840611e+06
-4.228303331210642122e+06
3.613241235572881997e+06
-3.191041366617809050e+06
2.321896351438538171e+06
-1.579891084403504152e+06
4.647702254915137310e+05
6.912138538513176609e+05
-2.048713597988069057e+06
3.633308115947405342e+06
-5.298345908173467033e+06
7.211408007416366600e+06
-9.151327971723573282e+06
1.134569199587050267e+07
-1.348535493680951744e+07
1.578477624607254937e+07
-1.806519013248195499e+07
2.038288407472158596e+07
-2.264837005800262466e+07
2.484778002448690683e+07
-2.704881451264748350e+07
2.901504683570772409e+07
-3.100444280208743736e+07
3.275385371637696028e+07
-3.450277551215995103e+07
3.599271602458987385e+07
-3.742003787769696116e+07
3.877581242480422556e+07
-3.989397171048369259e+07
4.104632317237174511e+07
-4.192795311198455095e+07
4.284648293709940463e+07
-4.357364872387683392e+07
4.420291995478762686e+07
-4.477764207178834081e+07
4.517418556417050213e+07
-4.544133901559052616e+07
4.564964388440643251e+07
-4.561874220477867126e+07
4.547578505932742357e+07
-4.510673092362470925e+07
4.463038567440461367e+07
-4.391604106806753576e+07
4.297455137074977160e+07
-4.196248531881356239e+07
4.061897150946725160e+07
-3.923629632156608999e+07
3.765956121055492014e+07
-3.591866172699721903e+07
3.407808701415808499e+07
-3.211974826121495292e+07
3.011817072045936063e+07
-2.798736338123424351e+07
2.584130609296954796e+07
-2.356303445148653910e+07
2.132426627147427946e+07
-1.895099167013726011e+07
1.655008026545429416e+07
-1.418044633430535346e+07
1.157913838772303611e+07
-9.123553403059145436e+06
6.483206187386445701e+06
-3.923312007037954405e+06
1.224697915096045472e+06
1.352794891421038425e+06
-4.025354554518959951e+06
6.550440515922568738e+06
-9.146070961868219078e+06
1.163381336635628901e+07
-1.386986354082047939e+07
1.618580145441294275e+07
-1.820043906732712314e+07
2.013459344480432570e+07
-2.186148554503211752e+07
2.345242630741466582e+07
-2.480132044711055607e+07
2.607685102114435285e+07
-2.707647375734316930e+07
2.800751523329767212e+07
-2.874194152684805542e+07
2.934406669098583236e+07
-2.982866246757355332e+07
3.025018398250119761e+07
-3.042932376090229675e+07
3.068764932897787169e+07
-3.067523060539587587e+07
3.064569589414488897e+07
-3.050379974245355651e+07
3.030342800560190156e+07
-2.985965611575957388e+07
2.946409005634978041e+07
-2.891999255407760665e+07
2.823453191399701685e+07
-2.754588949099754170e+07
2.669110516002418473e+07
-2.589926383108014986e+07
2.486129647498127073e+07
-2.402380206236772612e+07
2.293807143693832681e+07
-2.201312422430661693e+07
2.097708898982187733e+07
-2.009934262953493372e+07
1.902572406487259641e+07
-1.819867350758899748e+07
1.719915316178960353e+07
-1.644025680769976974e+07
1.547082147587913647e+07
-1.468544762642000616e+07
1.390015521559730358e+07
-1.296389850233286992e+07
1.227512700095803477e+07
-1.133413912391815335e+07
1.055860006923366524e+07
-9.704507973456373438e+06
8.878764864718634635e+06
-7.986166141713751480e+06
7.225499791838230565e+06
-6.323730255919342861e+06
5.601170102288854308e+06
-4.691642937915178947e+06
4.046970721013412811e+06
-3.198761206561130006e+06
2.528644787043501157e+06
-1.813651246514756000e+06
1.131197117643601727e+06
-4.551645004668853362e+05
-1.861319826399194717e+05
8.472347765283588087e+05
-1.557246210944791557e+06
2.204538259038587566e+06
-3.035911764447005931e+06
3.814947587978410535e+06
-4.693402050523027778e+06
5.687508259867077693e+06
-6.807577301804474555e+06
7.879780957651057281e+06
-9.311608704565998167e+06
1.063992033329341188e+07
-1.218674153061124496e+07
1.379819476856078953e+07
-1.547310623474713974e+07
1.725343654753102362e+07
-1.901800914123851806e+07
2.082447342860118300e+07
-2.261156397995073348e+07
2.426837373724366724e+07
-2.598936790994819626e+07
2.749368003716597706e+07
-2.886538297368702665e+07
3.007039168192997947e+07
-3.111252608913852647e+07
3.198130699902367592e+07
-3.249529816945432499e+07
3.294363264472188801e+07
-3.306644091920744628e+07
3.295893220826946199e+07
-3.266336701925712451e+07
3.216424685199798644e+07
-3.137120569172906503e+07
3.051626386889073998e+07
-2.936878205104965344e+07
2.821279174214119092e+07
-2.683227321911156550e+07
2.535135698017182201e+07
-2.392755767484959960e+07
2.225135346565430611e+07
-2.066784973759733513e+07
1.896053829322900996e+07
-1.733966605932051316e+07
1.559830960764772817e+07
-1.386510404072527029e+07
1.216255126199914888e+07
-1.035195952369257249e+07
8.597201063346566632e+06
-6.815547046502528712e+06
4.955588301280941814e+06
-3.035520543825526256e+06
1.235412915003275033e+06
7.554615299927153392e+05
-2.637837914543815423e+06
4.577899032573321834e+06
-6.491345178939232603e+06
8.346299667273106053e+06
-1.020568537281227112e+07
1.197184881361365505e+07
-1.367570107880778983e+07
1.522743096338048391e+07
-1.669934757145448215e+07
1.805766104549040645e+07
-1.923654061316187307e+07
2.031980430172986165e+07
-2.120647176314388961e+07
2.197658226539109647e+07
-2.262861094199490920e+07
2.307026831607870013e+07
-2.348195169910785183e+07
2.371043022506095842e+07
-2.395070395546038821e+07
2.396282687848487496e+07
-2.401013961347503960e+07
2.395380621537685394e+07
-2.389744619719956815e+07
2.376906909595911950e+07
-2.362817912360616773e+07
2.346882584127850085e+07
-2.334992039159651101e+07
2.316503625090565532e+07
-2.311079014537889883e+07
2.297651588999138772e+07
-2.299475644426728040e+07
2.307973721068141237e+07
-2.307655794115875661e+07
2.342566051361137629e+07
-2.367409619431257620e+07
2.417965822540216520e+07
-2.478015668617202342e+07
2.545800508057506755e+07
-2.632244175809112564e+07
2.734705112862548977e+07
-2.835163578523900360e+07
2.971494589064192027e+07
-3.084800170396291837e+07
3.232442915679826587e+07
-3.374846943324722350e+07
3.511375372067952901e+07
-3.666172818440691382e+07
3.795279101962268353e+07
-3.937024077032614499e+07
4.059842493435552716e+07
-4.174746365791735053e+07
4.280958578718344122e+07
-4.365937091038524359e+07
4.445519583228030056e+07
-4.500214534911514074e+07
4.544747102778663486e+07
-4.574817441473155469e+07
4.587204932691701502e+07
-4.586300018239505589e+07
4.577789634788519889e+07
-4.557744615723742545e+07
4.520271819027179480e+07
-4.487203046352765709e+07
4.433702840865176171e+07
-4.389165322079695761e+07
4.320765072854564339e+07
-4.262964787002430111e+07
4.185692695833285898e+07
-4.112586663850444555e+07
4.025935405187133700e+07
-3.934322153654643148e+07
3.831540472898765653e+07
-3.712373628666222095e+07
3.595868493161085248e+07
-3.452276067680544406e+07
3.298247739681988955e+07
-3.131390163076157495e+07
2.948451292190140858e+07
-2.748197015625470132e+07
2.538851540754157305e+07
-2.314155201284064353e+07
2.080307695533442497e+07
-1.839398603359248489e+07
1.592776074814372323e+07
-1.335496019503814168e+07
1.091349232353810035e+07
-8.376338295358512551e+06
5.928492482116810046e+06
-3.534842834213533904e+06
1.174875839686794905e+06
1.036308581202686182e+06
-3.217436531659127679e+06
5.267855846464554779e+06
-7.205850172092237510e+06
9.038864629132064059e+06
-1.075970793112275936e+07
1.244766100044771843e+07
-1.388819281799327210e+07
1.540938960469584912e+07
-1.667966024846714735e+07
1.797839584249085560e+07
-1.914874780816557258e+07
2.028460622912587970e+07
-2.124701682986507937e+07
2.222534093682542443e+07
-2.311919700898053125e+07
2.382523264865318313e+07
-2.467276484348486736e+07
2.518110884418807924e+07
-2.591257983130633086e+07
2.628841715469000861e+07
-2.684200676899002492e+07
2.710587532867202535e+07
-2.753602241559323668e+07
2.774612442806311697e+07
-2.801099181855736300e+07
2.821862999006848037e+07
-2.827077293345110118e+07
2.855394140241416916e+07
-2.845715617527111992e+07
2.872438857199142501e+07
-2.864882627225672826e+07
2.869542442114812508e+07
-2.874325063486953825e+07
2.868955087075808272e+07
-2.868592310078937188e+07
2.865564606294032186e+07
-2.856299385831390694e+07
2.858900047162893414e+07
-2.850962002093131095e+07
2.845630146280460805e+07
-2.854577322212612256e+07
2.843567129581376165e+07
-2.858530171984707937e+07
2.863793744429185241e+07
-2.865206523441726714e+07
2.892797582866462693e+07
-2.896428996044562012e+07
2.917827829975843802e+07
-2.943448191842117161e+07
2.956245538586184755e+07
-2.986264250815739483e+07
3.008983228249133378e+07
-3.032596941822436824e+07
3.058287143464724720e+07
-3.092723511686744541e+07
3.112205314025985450e+07
-3.140398934128840640e+07
3.165296329846949875e+07
-3.184761482252096757e+07
3.201554798911765963e+07
-3.209854079461575300e+07
3.214681983210370690e+07
-3.202695771655473113e+07
3.187642876328682527e+07
-3.146349166376649961e+07
3.098564698040297627e+07
-3.030724858694744855e+07
2.940108057758819684e+07
-2.839774973633014038e+07
2.705494710048388690e+07
-2.553440881663018838e+07
2.384149965422055498e+07
-2.185395151025542617e+07
1.972387393255374581e+07
-1.739443147614241764e+07
1.478581145076048374e+07
-1.215613756664831005e+07
9.305998873846255243e+06
-6.340413564135965891e+06
3.328593900121039245e+06
-2.661434409328542533e+05
-2.865517199505998753e+06
5.937530812656106427e+06
-8.979889373124757782e+06
1.205242219589295052e+07
-1.502735469535451941e+07
1.788198740473187715e+07
-2.080223486981287599e+07
2.350122986733648926e+07
-2.626847903539362550e+07
2.891582660663726553e+07
-3.149950003502603993e+07
3.412158068360539526e+07
-3.661657076171514392e+07
3.919667356394525617e+07
-4.164745906022208184e+07
4.428132793841450661e+07
-4.662065958511772752e+07
4.912793330784433335e+07
-5.151546487544848770e+07
5.386258689056016505e+07
-5.605139938070771098e+07
5.818954046722929925e+07
-6.017919035151581466e+07
6.205996206061886251e+07
-6.357533744794869423e+07
6.503651163397357613e+07
-6.619673700984839350e+07
6.690716541150972992e+07
-6.771741232870328426e+07
6.780625206712792814e+07
-6.786030607641580701e+07
6.743813368316523731e+07
-6.670890947119937092e+07
6.572596192599239945e+07
-6.432025260787908733e+07
6.271463772230324149e+07
-6.085375807159996778e+07
5.865363237391361594e+07
-5.635538759387121350e+07
5.391563005167695880e+07
-5.126879005508464575e+07
4.868176430484504998e+07
-4.591702491209892929e+07
4.332228316391669214e+07
-4.073772430659394711e+07
3.815079243204634637e+07
-3.586261748949068040e+07
3.345947243261762708e+07
-3.141370974290285632e+07
2.935817691967540234e+07
-2.750615637285959348e+07
2.573216380842356011e+07
-2.408760173316933960e+07
2.256555733821786195e+07
-2.102179125410721079e+07
1.971013330224165320e+07
-1.818344237898580357e+07
1.694182241280950978e+07
-1.552168943362016976e+07
1.426225744567286037e+07
-1.285199527863459848e+07
1.160737073946324922e+07
-1.033415744050126337e+07
9.071822640080899000e+06
-7.963011401579974219e+06
6.768074030966107734e+06
-5.907115463478708640e+06
4.965287392217974178e+06
-4.340683016772540286e+06
3.719616618833572138e+06
-3.362361159311399795e+06
3.167102378110257909e+06
-3.169105429880849086e+06
3.276214926889642607e+06
-3.610273852634391747e+06
4.105192259396957699e+06
-4.714967978562694043e+06
5.529640017052194104e+06
-6.321117073404702358e+06
7.394946445692317560e+06
-8.378924101142893545e+06
9.504727543414216489e+06
-1.069476198389857821e+07
1.186091007800779864e+07
-1.308797344608852454e+07
1.431318004622295871e+07
-1.550825790519742854e+07
1.670618932009482011e+07
-1.793718515344515443e+07
1.904143219988800585e+07
-2.016410897847150639e+07
2.130236288427160308e+07
-2.231092693624214455e+07
2.326792731931800395e+07
-2.427567784547476098e+07
2.508814542133119702e+07
-2.593394880892769620e+07
2.670757663835358992e+07
-2.739011726388772577e+07
2.805603415261815488e+07
-2.864186554924448952e+07
2.924068098254404590e+07
-2.968322341490645707e+07
3.021205607659016922e+07
-3.068207740613064542e+07
3.107780624751819670e+07
-3.150403846040209010e+07
3.189855792741563916e+07
-3.225712893554937094e+07
3.262684623732092977e+07
-3.290565421691935509e+07
3.312521469608635828e+07
-3.325704550333196297e+07
3.335629992209835351e+07
-3.320475536957437545e+07
3.295120480418829620e+07
-3.245271426196049526e+07
3.182958945627918467e+07
-3.084642181569783762e+07
2.966836516188472882e+07
-2.820980749717860296e+07
2.646655967272166163e+07
-2.449664059209534526e+07
2.219537176451282576e+07
-1.979598385888928548e+07
1.702669348903414235e+07
-1.428537345523357578e+07
1.123749130095286667e+07
-8.287418992742769420e+06
5.138944440800156444e+06
-2.027916718655940378e+06
-9.117032834761820268e+05
3.967032564764971845e+06
-6.875432972809155472e+06
9.565114475796941668e+06
-1.233869132012349926e+07
1.479887754717422649e+07
-1.718616241197338700e+07
1.945960501758751646e+07
-2.152695216845910251e+07
2.351457190641124547e+07
-2.529592995303495601e+07
2.701244838092679158e+07
-2.844063509064883366e+07
2.982594857401347533e+07
-3.098685431065720692e+07
3.197356622418771684e+07
-3.279497421336163953e+07
3.346297152592105418e+07
-3.390602517518645525e+07
3.433420864313491434e+07
-3.446500827994003147e+07
3.457628717279640585e+07
-3.466578017873568088e+07
3.446930563104973733e+07
-3.452648459854763001e+07
3.441260126780508459e+07
-3.435559451765821129e+07
3.446538521672022343e+07
-3.452965458610621095e+07
3.489139075545065850e+07
-3.522709985155560821e+07
3.591079910022046417e+07
-3.659438904858706892e+07
3.761305393864143640e+07
-3.873215867590266466e+07
4.002189218207444996e+07
-4.157805960182992369e+07
4.310362406961599737e+07
-4.497107827624104917e+07
4.681325351631613821e+07
-4.876285405587259680e+07
5.079789315910004824e+07
-5.294633726615549624e+07
5.503039810041048378e+07
-5.724402578511738032e+07
5.946381244505250454e+07
-6.160686929056093842e+07
6.384554615688030422e+07
-6.602942388551361859e+07
6.818853488483235240e+07
-7.044711947035318613e+07
7.245595470096078515e+07
-7.473715862459252775e+07
7.672147822583453357e+07
-7.882932083539222181e+07
8.079539490241526067e+07
-8.276837659644792974e+07
8.458350346095430851e+07
-8.624417620102499425e+07
8.792461072700311244e+07
-8.923711509987241030e+07
9.050860547018480301e+07
-9.141566317716161907e+07
9.237736266367959976e+07
-9.265534318764474988e+07
9.308374059349712729e+07
-9.299415692941249907e+07
9.274333736742056906e+07
-9.223483448441767693e+07
9.150629202681683004e+07
-9.047460752817571163e+07
8.927794967934741080e+07
-8.794682938592086732e+07
8.622590285818259418e+07
-8.455803392159551382e+07
8.250471680046737194e+07
-8.039157072763672471e+07
7.800201941468924284e+07
-7.556054345754469931e+07
7.276285847528699040e+07
-6.993435695171797276e+07
6.683238559569044411e+07
-6.363868475031887740e+07
6.023261697108640522e+07
-5.674421308799596876e+07
5.315557169201928377e+07
-4.941629301417100430e+07
4.572840163466332853e+07
-4.189493176547499746e+07
3.816692038678260148e+07
-3.443064322911599278e+07
3.076382751581173390e+07
-2.713478367970485613e+07
2.366649811194272339e+07
-2.026042020724745840e+07
1.698189247785664722e+07
-1.377008977217656374e+07
1.072972827115934715e+07
-7.672715320591516793e+06
4.756497425321741961e+06
-1.891907950162363937e+06
-1.032097523258232977e+06
3.759388777167721651e+06
-6.715576887922152877e+06
9.574114315787464380e+06
-1.247722437805709615e+07
1.541336750322894566e+07
-1.835244714632077143e+07
2.129997552681578323e+07
-2.429618880697870255e+07
2.713604761233924702e+07
-3.004921354058605433e+07
3.276478576384283975e+07
-3.546154816973860562e+07
3.798965579219067097e+07
-4.028024664555346221e+07
4.270095285054831952e+07
-4.453463399645341188e+07
4.657642137656579912e+07
-4.824610346660813689e+07
4.975840937459792197e+07
-5.122762924203487486e+07
5.237643932360200584e+07
-5.350974840262033790e+07
5.442081245905549824e+07
-5.528991940546432137e+07
5.587324630200153589e+07
-5.649120430962253362e+07
5.690134589932536334e+07
-5.718839137522863597e+07
5.742000254439870268e+07
-5.742477382993190736e+07
5.736984859195799381e+07
-5.720925138691871613e+07
5.689426779406821728e+07
-5.645674257172302157e+07
5.597623399590925127e+07
-5.530759488040908426e+07
5.466415549921797961e+07
-5.376839697298447043e+07
5.300941674426982552e+07
-5.208005680933839828e+07
5.119727712868196517e+07
-5.033110095693553984e+07
4.936134964383994788e+07
-4.861747001081109792e+07
4.775270658362936229e+07
-4.699099084461962432e+07
4.633184551500149071e+07
-4.566976835763771087e+07
4.513591473487856239e+07
-4.460882295754253119e+07
4.423708629544840008e+07
-4.385840088039623201e+07
4.358288819803293794e+07
-4.345902151641174406e+07
4.319990568329154700e+07
-4.328534809779244661e+07
4.321378909130191803e+07
-4.337252125292768329e+07
4.352317565600207448e+07
-4.374472584714898467e+07
4.402798291274289042e+07
-4.438321855976580083e+07
4.472592329721894115e+07
-4.512924301990816742e+07
4.552671721020001918e+07
-4.586798698291634023e+07
4.628468858944043517e+07
-4.655138383903396130e+07
4.687299343906598538e+07
-4.696927764643641561e+07
4.714285164111691713e+07
-4.705570663200969249e+07
4.692764822901894152e+07
-4.670430063564625382e+07
4.627687384555973113e+07
-4.574558732588096708e+07
4.506532669627302885e+07
-4.416125956885326654e+07
4.325720131474566460e+07
-4.208423120159562677e+07
4.076152478189864010e+07
-3.934651319253692031e+07
3.774121192182879895e+07
-3.602853228484951705e+07
3.408955261442728341e+07
-3.213580965226897225e+07
2.988838510804735124e+07
-2.766121792296289653e+07
2.515178975812364742e+07
-2.267799131192846596e+07
2.002872079611114413e+07
-1.728574380745818093e+07
1.454741269719116017e+07
-1.169917841745719686e+07
8.936830041890747845e+06
-6.076769147613913752e+06
3.340980858069051057e+06
-6.627385479985962156e+05
-1.910733267079652753e+06
4.320651729214711115e+06
-6.571353045934018679e+06
8.621424958360681310e+06
-1.048562848231452703e+07
1.205855107018377818e+07
-1.340416274209680967e+07
1.446599805643180199e+07
-1.525213639280003868e+07
1.578639065645392798e+07
-1.606380292697440647e+07
1.603807754859750159e+07
-1.582313536782377027e+07
1.541548510919898562e+07
-1.473716598152932897e+07
1.409471793364312686e+07
-1.311674941994195431e+07
1.218961457936415821e+07
-1.114536972053562850e+07
1.004532943425807357e+07
-8.896989996615154669e+06
7.724888809767956845e+06
-6.535675688345479779e+06
5.346916239833822474e+06
-4.070716167007599492e+06
2.758076783542929683e+06
-1.522238313222157769e+06
1.033069325270715053e+05
1.253050339525413699e+06
-2.676959281375044025e+06
4.165410151015361771e+06
-5.577039931519758888e+06
7.101647597684988752e+06
-8.498221307956751436e+06
9.868371074295610189e+06
-1.121790515477947332e+07
1.229213398597113043e+07
-1.336012768572210148e+07
1.410865776735490561e+07
-1.469098141007038020e+07
