2.500457847506257214e-01
5.000915695012514428e-01
7.501373542518772197e-01
1.000183139002502886e+00
1.250228923753128552e+00
1.500274708503754439e+00
1.750320493254380105e+00
2.000366278005005771e+00
2.250412062755631659e+00
2.500457847506257103e+00
2.750503632256882991e+00
3.000549417007508879e+00
3.250595201758134323e+00
3.500640986508760211e+00
3.750686771259385655e+00
4.000732556010011542e+00
4.250778340760636986e+00
4.500824125511263318e+00
4.750869910261888762e+00
5.000915695012514206e+00
5.250961479763140538e+00
5.501007264513765982e+00
5.751053049264391426e+00
6.001098834015017758e+00
6.251144618765643202e+00
6.501190403516268645e+00
6.751236188266894089e+00
7.001281973017520421e+00
7.251327757768145865e+00
7.501373542518771309e+00
7.751419327269397641e+00
8.001465112020023085e+00
8.251510896770648529e+00
8.501556681521273973e+00
8.751602466271899416e+00
9.001648251022526637e+00
9.251694035773152081e+00
9.501739820523777524e+00
9.751785605274402968e+00
1.000183139002502841e+01
1.025187717477565386e+01
1.050192295952628108e+01
1.075196874427690652e+01
1.100201452902753196e+01
1.125206031377815741e+01
1.150210609852878285e+01
1.175215188327940830e+01
1.200219766803003552e+01
1.225224345278066096e+01
1.250228923753128640e+01
1.275233502228191185e+01
1.300238080703253729e+01
1.325242659178316273e+01
1.350247237653378818e+01
1.375251816128441540e+01
1.400256394603504084e+01
1.425260973078566629e+01
1.450265551553629173e+01
1.475270130028691717e+01
1.500274708503754262e+01
1.525279286978816984e+01
1.550283865453879528e+01
1.575288443928942073e+01
1.600293022404004617e+01
1.625297600879067161e+01
1.650302179354129706e+01
1.675306757829192250e+01
1.700311336304254795e+01
1.725315914779317339e+01
1.750320493254379883e+01
1.775325071729442783e+01
1.800329650204505327e+01
1.825334228679567872e+01
1.850338807154630416e+01
1.875343385629692960e+01
1.900347964104755505e+01
1.925352542579818049e+01
1.950357121054880594e+01
1.975361699529943138e+01
2.000366278005005682e+01
2.025370856480068227e+01
2.050375434955130771e+01
2.075380013430193316e+01
2.100384591905256215e+01
2.125389170380318760e+01
2.150393748855381304e+01
2.175398327330443848e+01
2.200402905805506393e+01
2.225407484280568937e+01
2.250412062755631482e+01
2.275416641230694026e+01
2.300421219705756570e+01
2.325425798180819115e+01
2.350430376655881659e+01
2.375434955130944203e+01
2.400439533606007103e+01
2.425444112081069648e+01
2.450448690556132192e+01
2.475453269031194736e+01
2.500457847506257281e+01
2.525462425981319825e+01
2.550467004456382369e+01
2.575471582931444914e+01
2.600476161406507458e+01
2.625480739881570003e+01
2.650485318356632547e+01
2.675489896831695091e+01
2.700494475306757636e+01
2.725499053781820535e+01
2.750503632256883080e+01
2.775508210731945624e+01
2.800512789207008169e+01
2.825517367682070713e+01
2.850521946157133257e+01
2.875526524632195802e+01
2.900531103107258346e+01
2.925535681582320890e+01
2.950540260057383435e+01
2.975544838532445979e+01
3.000549417007508524e+01
3.025553995482571068e+01
3.050558573957633968e+01
3.075563152432696512e+01
3.100567730907759056e+01
3.125572309382821601e+01
3.150576887857884145e+01
3.175581466332946690e+01
3.200586044808009234e+01
3.225590623283071778e+01
3.250595201758134323e+01
3.275599780233196867e+01
3.300604358708259412e+01
3.325608937183321956e+01
3.350613515658384500e+01
3.375618094133447045e+01
3.400622672608509589e+01
3.425627251083572133e+01
3.450631829558634678e+01
3.475636408033697222e+01
3.500640986508759767e+01
3.525645564983823022e+01
3.550650143458885566e+01
3.575654721933948110e+01
3.600659300409010655e+01
3.625663878884073199e+01
3.650668457359135743e+01
3.675673035834198288e+01
3.700677614309260832e+01
3.725682192784323377e+01
3.750686771259385921e+01
3.775691349734448465e+01
3.800695928209511010e+01
3.825700506684573554e+01
3.850705085159636099e+01
3.875709663634698643e+01
3.900714242109761187e+01
3.925718820584823732e+01
3.950723399059886276e+01
3.975727977534948820e+01
4.000732556010011365e+01
4.025737134485073909e+01
4.050741712960136454e+01
4.075746291435198998e+01
4.100750869910261542e+01
4.125755448385324087e+01
4.150760026860386631e+01
4.175764605335449886e+01
4.200769183810512430e+01
4.225773762285574975e+01
4.250778340760637519e+01
4.275782919235700064e+01
4.300787497710762608e+01
4.325792076185825152e+01
4.350796654660887697e+01
4.375801233135950241e+01
4.400805811611012786e+01
4.425810390086075330e+01
4.450814968561137874e+01
4.475819547036200419e+01
4.500824125511262963e+01
4.525828703986325507e+01
4.550833282461388052e+01
4.575837860936450596e+01
4.600842439411513141e+01
4.625847017886575685e+01
4.650851596361638229e+01
4.675856174836700774e+01
4.700860753311763318e+01
4.725865331786825863e+01
4.750869910261888407e+01
4.775874488736950951e+01
4.800879067212014206e+01
4.825883645687076751e+01
4.850888224162139295e+01
4.875892802637201839e+01
4.900897381112264384e+01
4.925901959587326928e+01
4.950906538062389473e+01
4.975911116537452017e+01
5.000915695012514561e+01
5.025920273487577106e+01
5.050924851962639650e+01
5.075929430437702194e+01
5.100934008912764739e+01
5.125938587387827283e+01
5.150943165862889828e+01
5.175947744337952372e+01
5.200952322813014916e+01
5.225956901288077461e+01
5.250961479763140005e+01
5.275966058238202550e+01
5.300970636713265094e+01
5.325975215188327638e+01
5.350979793663390183e+01
5.375984372138452727e+01
5.400988950613515271e+01
5.425993529088577816e+01
5.450998107563641071e+01
5.476002686038703615e+01
5.501007264513766160e+01
5.526011842988828704e+01
5.551016421463891248e+01
5.576020999938953793e+01
5.601025578414016337e+01
5.626030156889078881e+01
5.651034735364141426e+01
5.676039313839203970e+01
5.701043892314266515e+01
5.726048470789329059e+01
5.751053049264391603e+01
5.776057627739454148e+01
5.801062206214516692e+01
5.826066784689579237e+01
5.851071363164641781e+01
5.876075941639704325e+01
5.901080520114766870e+01
5.926085098589829414e+01
5.951089677064891958e+01
5.976094255539954503e+01
6.001098834015017047e+01
6.026103412490079592e+01
6.051107990965142136e+01
6.076112569440204680e+01
6.101117147915267935e+01
6.126121726390330480e+01
6.151126304865393024e+01
6.176130883340455568e+01
6.201135461815518113e+01
6.226140040290580657e+01
6.251144618765643202e+01
6.276149197240705746e+01
6.301153775715768290e+01
6.326158354190830835e+01
6.351162932665893379e+01
6.376167511140955924e+01
6.401172089616018468e+01
6.426176668091081012e+01
6.451181246566143557e+01
6.476185825041206101e+01
6.501190403516268645e+01
6.526194981991331190e+01
6.551199560466393734e+01
6.576204138941456279e+01
6.601208717416518823e+01
6.626213295891581367e+01
6.651217874366643912e+01
6.676222452841706456e+01
6.701227031316769001e+01
6.726231609791831545e+01
6.751236188266894089e+01
6.776240766741956634e+01
6.801245345217019178e+01
6.826249923692081722e+01
6.851254502167144267e+01
6.876259080642206811e+01
6.901263659117269356e+01
6.926268237592331900e+01
6.951272816067394444e+01
6.976277394542456989e+01
7.001281973017519533e+01
7.026286551492582078e+01
7.051291129967646043e+01
7.076295708442708587e+01
7.101300286917771132e+01
7.126304865392833676e+01
7.151309443867896221e+01
7.176314022342958765e+01
7.201318600818021309e+01
7.226323179293083854e+01
7.251327757768146398e+01
7.276332336243208943e+01
7.301336914718271487e+01
7.326341493193334031e+01
7.351346071668396576e+01
7.376350650143459120e+01
7.401355228618521664e+01
7.426359807093584209e+01
7.451364385568646753e+01
7.476368964043709298e+01
7.501373542518771842e+01
7.526378120993834386e+01
7.551382699468896931e+01
7.576387277943959475e+01
7.601391856419022020e+01
7.626396434894084564e+01
7.651401013369147108e+01
7.676405591844209653e+01
7.701410170319272197e+01
7.726414748794334741e+01
7.751419327269397286e+01
7.776423905744459830e+01
7.801428484219522375e+01
7.826433062694584919e+01
7.851437641169647463e+01
7.876442219644710008e+01
7.901446798119772552e+01
7.926451376594835097e+01
7.951455955069897641e+01
7.976460533544960185e+01
8.001465112020022730e+01
8.026469690495085274e+01
8.051474268970147818e+01
8.076478847445210363e+01
8.101483425920272907e+01
8.126488004395335452e+01
8.151492582870397996e+01
8.176497161345460540e+01
8.201501739820523085e+01
8.226506318295585629e+01
8.251510896770648174e+01
8.276515475245710718e+01
8.301520053720773262e+01
8.326524632195837228e+01
8.351529210670899772e+01
8.376533789145962317e+01
8.401538367621024861e+01
8.426542946096087405e+01
8.451547524571149950e+01
8.476552103046212494e+01
8.501556681521275038e+01
8.526561259996337583e+01
8.551565838471400127e+01
8.576570416946462672e+01
8.601574995421525216e+01
8.626579573896587760e+01
8.651584152371650305e+01
8.676588730846712849e+01
8.701593309321775394e+01
8.726597887796837938e+01
8.751602466271900482e+01
8.776607044746963027e+01
8.801611623222025571e+01
8.826616201697088115e+01
8.851620780172150660e+01
8.876625358647213204e+01
8.901629937122275749e+01
8.926634515597338293e+01
8.951639094072400837e+01
8.976643672547463382e+01
9.001648251022525926e+01
9.026652829497588471e+01
9.051657407972651015e+01
9.076661986447713559e+01
9.101666564922776104e+01
9.126671143397838648e+01
9.151675721872901192e+01
9.176680300347963737e+01
9.201684878823026281e+01
9.226689457298088826e+01
9.251694035773151370e+01
9.276698614248213914e+01
9.301703192723276459e+01
9.326707771198339003e+01
9.351712349673401548e+01
9.376716928148464092e+01
9.401721506623526636e+01
9.426726085098589181e+01
9.451730663573651725e+01
9.476735242048714269e+01
9.501739820523776814e+01
9.526744398998839358e+01
9.551748977473901903e+01
9.576753555948964447e+01
9.601758134424028412e+01
9.626762712899090957e+01
9.651767291374153501e+01
9.676771869849216046e+01
9.701776448324278590e+01
9.726781026799341134e+01
9.751785605274403679e+01
9.776790183749466223e+01
9.801794762224528768e+01
9.826799340699591312e+01
9.851803919174653856e+01
9.876808497649716401e+01
9.901813076124778945e+01
9.926817654599841489e+01
9.951822233074904034e+01
9.976826811549966578e+01
1.000183139002502912e+02
1.002683596850009167e+02
1.005184054697515421e+02
1.007684512545021676e+02
1.010184970392527930e+02
1.012685428240034184e+02
1.015185886087540439e+02
1.017686343935046693e+02
1.020186801782552948e+02
1.022687259630059202e+02
1.025187717477565457e+02
1.027688175325071711e+02
1.030188633172577966e+02
1.032689091020084220e+02
1.035189548867590474e+02
1.037690006715096729e+02
1.040190464562602983e+02
1.042690922410109238e+02
1.045191380257615492e+02
1.047691838105121747e+02
1.050192295952628001e+02
1.052692753800134255e+02
1.055193211647640510e+02
1.057693669495146764e+02
1.060194127342653019e+02
1.062694585190159273e+02
1.065195043037665528e+02
1.067695500885171782e+02
1.070195958732678037e+02
1.072696416580184291e+02
1.075196874427690545e+02
1.077697332275196800e+02
1.080197790122703054e+02
1.082698247970209309e+02
1.085198705817715563e+02
1.087699163665221818e+02
1.090199621512728214e+02
1.092700079360234469e+02
1.095200537207740723e+02
1.097700995055246977e+02
1.100201452902753232e+02
1.102701910750259486e+02
1.105202368597765741e+02
1.107702826445271995e+02
1.110203284292778250e+02
1.112703742140284504e+02
1.115204199987790759e+02
1.117704657835297013e+02
1.120205115682803267e+02
1.122705573530309522e+02
1.125206031377815776e+02
1.127706489225322031e+02
1.130206947072828285e+02
1.132707404920334540e+02
1.135207862767840794e+02
1.137708320615347048e+02
1.140208778462853303e+02
1.142709236310359557e+02
1.145209694157865812e+02
1.147710152005372066e+02
1.150210609852878321e+02
1.152711067700384575e+02
1.155211525547890830e+02
1.157711983395397084e+02
1.160212441242903338e+02
1.162712899090409593e+02
1.165213356937915847e+02
1.167713814785422102e+02
1.170214272632928356e+02
1.172714730480434611e+02
1.175215188327940865e+02
1.177715646175447120e+02
1.180216104022953374e+02
1.182716561870459628e+02
1.185217019717965883e+02
1.187717477565472137e+02
1.190217935412978392e+02
1.192718393260484646e+02
1.195218851107990901e+02
1.197719308955497155e+02
1.200219766803003409e+02
1.202720224650509664e+02
1.205220682498015918e+02
1.207721140345522173e+02
1.210221598193028427e+02
1.212722056040534682e+02
1.215222513888040936e+02
1.217722971735547333e+02
1.220223429583053587e+02
1.222723887430559842e+02
1.225224345278066096e+02
1.227724803125572350e+02
1.230225260973078605e+02
1.232725718820584859e+02
1.235226176668091114e+02
1.237726634515597368e+02
1.240227092363103623e+02
1.242727550210609877e+02
1.245228008058116131e+02
1.247728465905622386e+02
1.250228923753128640e+02
1.252729381600634895e+02
1.255229839448141149e+02
1.257730297295647404e+02
1.260230755143153658e+02
1.262731212990659913e+02
1.265231670838166167e+02
1.267732128685672421e+02
1.270232586533178676e+02
1.272733044380684930e+02
1.275233502228191185e+02
1.277733960075697439e+02
1.280234417923203694e+02
1.282734875770709948e+02
1.285235333618216202e+02
1.287735791465722457e+02
1.290236249313228711e+02
1.292736707160734966e+02
1.295237165008241220e+02
1.297737622855747475e+02
1.300238080703253729e+02
1.302738538550759984e+02
1.305238996398266238e+02
1.307739454245772492e+02
1.310239912093278747e+02
1.312740369940785001e+02
1.315240827788291256e+02
1.317741285635797510e+02
1.320241743483303765e+02
1.322742201330810019e+02
1.325242659178316273e+02
1.327743117025822528e+02
1.330243574873328782e+02
1.332744032720835037e+02
1.335244490568341291e+02
1.337744948415847546e+02
1.340245406263353800e+02
1.342745864110860055e+02
1.345246321958366309e+02
1.347746779805872563e+02
1.350247237653378818e+02
1.352747695500885072e+02
1.355248153348391327e+02
1.357748611195897581e+02
1.360249069043403836e+02
1.362749526890910090e+02
1.365249984738416344e+02
1.367750442585922599e+02
1.370250900433428853e+02
1.372751358280935108e+02
1.375251816128441362e+02
1.377752273975947617e+02
1.380252731823453871e+02
1.382753189670960126e+02
1.385253647518466380e+02
1.387754105365972634e+02
1.390254563213478889e+02
1.392755021060985143e+02
1.395255478908491398e+02
1.397755936755997652e+02
1.400256394603503907e+02
1.402756852451010161e+02
1.405257310298516416e+02
1.407757768146022670e+02
1.410258225993529209e+02
1.412758683841035463e+02
1.415259141688541717e+02
1.417759599536047972e+02
1.420260057383554226e+02
1.422760515231060481e+02
1.425260973078566735e+02
1.427761430926072990e+02
1.430261888773579244e+02
1.432762346621085499e+02
1.435262804468591753e+02
1.437763262316098007e+02
1.440263720163604262e+02
1.442764178011110516e+02
1.445264635858616771e+02
1.447765093706123025e+02
1.450265551553629280e+02
1.452766009401135534e+02
1.455266467248641789e+02
1.457766925096148043e+02
1.460267382943654297e+02
1.462767840791160552e+02
1.465268298638666806e+02
1.467768756486173061e+02
1.470269214333679315e+02
1.472769672181185570e+02
1.475270130028691824e+02
1.477770587876198078e+02
1.480271045723704333e+02
1.482771503571210587e+02
1.485271961418716842e+02
1.487772419266223096e+02
1.490272877113729351e+02
1.492773334961235605e+02
1.495273792808741860e+02
1.497774250656248114e+02
1.500274708503754368e+02
1.502775166351260623e+02
1.505275624198766877e+02
1.507776082046273132e+02
1.510276539893779386e+02
1.512776997741285641e+02
1.515277455588791895e+02
1.517777913436298149e+02
1.520278371283804404e+02
1.522778829131310658e+02
1.525279286978816913e+02
1.527779744826323167e+02
1.530280202673829422e+02
1.532780660521335676e+02
1.535281118368841931e+02
1.537781576216348185e+02
1.540282034063854439e+02
1.542782491911360694e+02
1.545282949758866948e+02
1.547783407606373203e+02
1.550283865453879457e+02
1.552784323301385712e+02
1.555284781148891966e+02
1.557785238996398220e+02
1.560285696843904475e+02
1.562786154691410729e+02
1.565286612538916984e+02
1.567787070386423238e+02
1.570287528233929493e+02
1.572787986081435747e+02
1.575288443928942002e+02
1.577788901776448256e+02
1.580289359623954510e+02
1.582789817471460765e+02
1.585290275318967019e+02
1.587790733166473274e+02
1.590291191013979528e+02
1.592791648861485783e+02
1.595292106708992037e+02
1.597792564556498291e+02
1.600293022404004546e+02
1.602793480251510800e+02
1.605293938099017055e+02
1.607794395946523309e+02
1.610294853794029564e+02
1.612795311641535818e+02
1.615295769489042073e+02
1.617796227336548327e+02
1.620296685184054581e+02
1.622797143031560836e+02
1.625297600879067090e+02
1.627798058726573345e+02
1.630298516574079599e+02
1.632798974421585854e+02
1.635299432269092108e+02
1.637799890116598363e+02
1.640300347964104617e+02
1.642800805811610871e+02
1.645301263659117126e+02
1.647801721506623380e+02
1.650302179354129635e+02
1.652802637201635889e+02
1.655303095049142144e+02
1.657803552896648398e+02
1.660304010744154652e+02
1.662804468591660907e+02
1.665304926439167446e+02
1.667805384286673700e+02
1.670305842134179954e+02
1.672806299981686209e+02
1.675306757829192463e+02
1.677807215676698718e+02
1.680307673524204972e+02
1.682808131371711227e+02
1.685308589219217481e+02
1.687809047066723735e+02
1.690309504914229990e+02
1.692809962761736244e+02
1.695310420609242499e+02
1.697810878456748753e+02
1.700311336304255008e+02
1.702811794151761262e+02
1.705312251999267517e+02
1.707812709846773771e+02
1.710313167694280025e+02
1.712813625541786280e+02
1.715314083389292534e+02
1.717814541236798789e+02
1.720314999084305043e+02
1.722815456931811298e+02
1.725315914779317552e+02
1.727816372626823807e+02
1.730316830474330061e+02
1.732817288321836315e+02
1.735317746169342570e+02
1.737818204016848824e+02
1.740318661864355079e+02
1.742819119711861333e+02
1.745319577559367588e+02
1.747820035406873842e+02
1.750320493254380096e+02
1.752820951101886351e+02
1.755321408949392605e+02
1.757821866796898860e+02
1.760322324644405114e+02
1.762822782491911369e+02
1.765323240339417623e+02
1.767823698186923878e+02
1.770324156034430132e+02
1.772824613881936386e+02
1.775325071729442641e+02
1.777825529576948895e+02
1.780325987424455150e+02
1.782826445271961404e+02
1.785326903119467659e+02
1.787827360966973913e+02
1.790327818814480167e+02
1.792828276661986422e+02
1.795328734509492676e+02
1.797829192356998931e+02
1.800329650204505185e+02
1.802830108052011440e+02
1.805330565899517694e+02
1.807831023747023949e+02
1.810331481594530203e+02
1.812831939442036457e+02
1.815332397289542712e+02
1.817832855137048966e+02
1.820333312984555221e+02
1.822833770832061475e+02
1.825334228679567730e+02
1.827834686527073984e+02
1.830335144374580238e+02
1.832835602222086493e+02
1.835336060069592747e+02
1.837836517917099002e+02
1.840336975764605256e+02
1.842837433612111511e+02
1.845337891459617765e+02
1.847838349307124020e+02
1.850338807154630274e+02
1.852839265002136528e+02
1.855339722849642783e+02
1.857840180697149037e+02
1.860340638544655292e+02
1.862841096392161546e+02
1.865341554239667801e+02
1.867842012087174055e+02
1.870342469934680310e+02
1.872842927782186564e+02
1.875343385629692818e+02
1.877843843477199073e+02
1.880344301324705327e+02
1.882844759172211582e+02
1.885345217019717836e+02
1.887845674867224091e+02
1.890346132714730345e+02
1.892846590562236599e+02
1.895347048409742854e+02
1.897847506257249108e+02
1.900347964104755363e+02
1.902848421952261617e+02
1.905348879799767872e+02
1.907849337647274126e+02
1.910349795494780381e+02
1.912850253342286635e+02
1.915350711189792889e+02
1.917851169037299144e+02
1.920351626884805682e+02
1.922852084732311937e+02
1.925352542579818191e+02
1.927853000427324446e+02
1.930353458274830700e+02
1.932853916122336955e+02
1.935354373969843209e+02
1.937854831817349464e+02
1.940355289664855718e+02
1.942855747512361972e+02
1.945356205359868227e+02
1.947856663207374481e+02
1.950357121054880736e+02
1.952857578902386990e+02
1.955358036749893245e+02
1.957858494597399499e+02
1.960358952444905754e+02
1.962859410292412008e+02
1.965359868139918262e+02
1.967860325987424517e+02
1.970360783834930771e+02
1.972861241682437026e+02
1.975361699529943280e+02
1.977862157377449535e+02
1.980362615224955789e+02
1.982863073072462043e+02
1.985363530919968298e+02
1.987863988767474552e+02
1.990364446614980807e+02
1.992864904462487061e+02
1.995365362309993316e+02
1.997865820157499570e+02
2.000366278005005825e+02
2.002866735852512079e+02
2.005367193700018333e+02
2.007867651547524588e+02
2.010368109395030842e+02
2.012868567242537097e+02
2.015369025090043351e+02
2.017869482937549606e+02
2.020369940785055860e+02
2.022870398632562114e+02
2.025370856480068369e+02
2.027871314327574623e+02
2.030371772175080878e+02
2.032872230022587132e+02
2.035372687870093387e+02
2.037873145717599641e+02
2.040373603565105896e+02
2.042874061412612150e+02
2.045374519260118404e+02
2.047874977107624659e+02
2.050375434955130913e+02
2.052875892802637168e+02
2.055376350650143422e+02
2.057876808497649677e+02
2.060377266345155931e+02
2.062877724192662185e+02
2.065378182040168440e+02
2.067878639887674694e+02
2.070379097735180949e+02
2.072879555582687203e+02
2.075380013430193458e+02
2.077880471277699712e+02
2.080380929125205967e+02
2.082881386972712221e+02
2.085381844820218475e+02
2.087882302667724730e+02
2.090382760515230984e+02
2.092883218362737239e+02
2.095383676210243493e+02
2.097884134057749748e+02
2.100384591905256002e+02
2.102885049752762257e+02
2.105385507600268511e+02
2.107885965447774765e+02
2.110386423295281020e+02
2.112886881142787274e+02
2.115387338990293529e+02
2.117887796837799783e+02
2.120388254685306038e+02
2.122888712532812292e+02
2.125389170380318546e+02
2.127889628227824801e+02
2.130390086075331055e+02
2.132890543922837310e+02
2.135391001770343564e+02
2.137891459617849819e+02
2.140391917465356073e+02
2.142892375312862328e+02
2.145392833160368582e+02
2.147893291007874836e+02
2.150393748855381091e+02
2.152894206702887345e+02
2.155394664550393600e+02
2.157895122397899854e+02
2.160395580245406109e+02
2.162896038092912363e+02
2.165396495940418617e+02
2.167896953787924872e+02
2.170397411635431126e+02
2.172897869482937381e+02
2.175398327330443635e+02
2.177898785177950174e+02
2.180399243025456428e+02
2.182899700872962683e+02
2.185400158720468937e+02
2.187900616567975192e+02
2.190401074415481446e+02
2.192901532262987701e+02
2.195401990110493955e+02
2.197902447958000209e+02
2.200402905805506464e+02
2.202903363653012718e+02
2.205403821500518973e+02
2.207904279348025227e+02
2.210404737195531482e+02
2.212905195043037736e+02
2.215405652890543990e+02
2.217906110738050245e+02
2.220406568585556499e+02
2.222907026433062754e+02
2.225407484280569008e+02
2.227907942128075263e+02
2.230408399975581517e+02
2.232908857823087772e+02
2.235409315670594026e+02
2.237909773518100280e+02
2.240410231365606535e+02
2.242910689213112789e+02
2.245411147060619044e+02
2.247911604908125298e+02
2.250412062755631553e+02
2.252912520603137807e+02
2.255412978450644061e+02
2.257913436298150316e+02
2.260413894145656570e+02
2.262914351993162825e+02
2.265414809840669079e+02
2.267915267688175334e+02
2.270415725535681588e+02
2.272916183383187843e+02
2.275416641230694097e+02
2.277917099078200351e+02
2.280417556925706606e+02
2.282918014773212860e+02
2.285418472620719115e+02
2.287918930468225369e+02
2.290419388315731624e+02
2.292919846163237878e+02
2.295420304010744132e+02
2.297920761858250387e+02
2.300421219705756641e+02
2.302921677553262896e+02
2.305422135400769150e+02
2.307922593248275405e+02
2.310423051095781659e+02
2.312923508943287914e+02
2.315423966790794168e+02
2.317924424638300422e+02
2.320424882485806677e+02
2.322925340333312931e+02
2.325425798180819186e+02
2.327926256028325440e+02
2.330426713875831695e+02
2.332927171723337949e+02
2.335427629570844203e+02
2.337928087418350458e+02
2.340428545265856712e+02
2.342929003113362967e+02
2.345429460960869221e+02
2.347929918808375476e+02
2.350430376655881730e+02
2.352930834503387985e+02
2.355431292350894239e+02
2.357931750198400493e+02
2.360432208045906748e+02
2.362932665893413002e+02
2.365433123740919257e+02
2.367933581588425511e+02
2.370434039435931766e+02
2.372934497283438020e+02
2.375434955130944275e+02
2.377935412978450529e+02
2.380435870825956783e+02
2.382936328673463038e+02
2.385436786520969292e+02
2.387937244368475547e+02
2.390437702215981801e+02
2.392938160063488056e+02
2.395438617910994310e+02
2.397939075758500564e+02
2.400439533606006819e+02
2.402939991453513073e+02
2.405440449301019328e+02
2.407940907148525582e+02
2.410441364996031837e+02
2.412941822843538091e+02
2.415442280691044346e+02
2.417942738538550600e+02
2.420443196386056854e+02
2.422943654233563109e+02
2.425444112081069363e+02
2.427944569928575618e+02
2.430445027776081872e+02
2.432945485623588411e+02
2.435445943471094665e+02
2.437946401318600920e+02
2.440446859166107174e+02
2.442947317013613429e+02
2.445447774861119683e+02
2.447948232708625937e+02
2.450448690556132192e+02
2.452949148403638446e+02
2.455449606251144701e+02
2.457950064098650955e+02
2.460450521946157210e+02
2.462950979793663464e+02
2.465451437641169719e+02
2.467951895488675973e+02
2.470452353336182227e+02
2.472952811183688482e+02
2.475453269031194736e+02
2.477953726878700991e+02
2.480454184726207245e+02
2.482954642573713500e+02
2.485455100421219754e+02
2.487955558268726008e+02
2.490456016116232263e+02
2.492956473963738517e+02
2.495456931811244772e+02
2.497957389658751026e+02
2.500457847506257281e+02
2.502958305353763535e+02
2.505458763201269790e+02
2.507959221048776044e+02
2.510459678896282298e+02
2.512960136743788553e+02
2.515460594591294807e+02
2.517961052438801062e+02
2.520461510286307316e+02
2.522961968133813571e+02
2.525462425981319825e+02
2.527962883828826079e+02
2.530463341676332334e+02
2.532963799523838588e+02
2.535464257371344843e+02
2.537964715218851097e+02
2.540465173066357352e+02
2.542965630913863606e+02
2.545466088761369861e+02
2.547966546608876115e+02
2.550467004456382369e+02
2.552967462303888624e+02
2.555467920151394878e+02
2.557968377998901133e+02
2.560468835846407387e+02
2.562969293693913642e+02
2.565469751541419896e+02
2.567970209388926150e+02
2.570470667236432405e+02
2.572971125083938659e+02
2.575471582931444914e+02
2.577972040778951168e+02
2.580472498626457423e+02
2.582972956473963677e+02
2.585473414321469932e+02
2.587973872168976186e+02
2.590474330016482440e+02
2.592974787863988695e+02
2.595475245711494949e+02
2.597975703559001204e+02
2.600476161406507458e+02
2.602976619254013713e+02
2.605477077101519967e+02
2.607977534949026222e+02
2.610477992796532476e+02
2.612978450644038730e+02
2.615478908491544985e+02
2.617979366339051239e+02
2.620479824186557494e+02
2.622980282034063748e+02
2.625480739881570003e+02
2.627981197729076257e+02
2.630481655576582511e+02
2.632982113424088766e+02
2.635482571271595020e+02
2.637983029119101275e+02
2.640483486966607529e+02
2.642983944814113784e+02
2.645484402661620038e+02
2.647984860509126293e+02
2.650485318356632547e+02
2.652985776204138801e+02
2.655486234051645056e+02
2.657986691899151310e+02
2.660487149746657565e+02
2.662987607594163819e+02
2.665488065441670074e+02
2.667988523289176328e+02
2.670488981136682582e+02
2.672989438984188837e+02
2.675489896831695091e+02
2.677990354679201346e+02
2.680490812526707600e+02
2.682991270374213855e+02
2.685491728221720109e+02
2.687992186069226364e+02
2.690492643916732618e+02
2.692993101764238872e+02
2.695493559611745127e+02
2.697994017459251381e+02
2.700494475306757636e+02
2.702994933154263890e+02
2.705495391001770145e+02
2.707995848849276399e+02
2.710496306696782653e+02
2.712996764544288908e+02
2.715497222391795162e+02
2.717997680239301417e+02
2.720498138086807671e+02
2.722998595934313926e+02
2.725499053781820180e+02
2.727999511629326435e+02
2.730499969476832689e+02
2.733000427324338943e+02
2.735500885171845198e+02
2.738001343019351452e+02
2.740501800866857707e+02
2.743002258714363961e+02
2.745502716561870216e+02
2.748003174409376470e+02
2.750503632256882725e+02
2.753004090104388979e+02
2.755504547951895233e+02
2.758005005799401488e+02
2.760505463646907742e+02
2.763005921494413997e+02
2.765506379341920251e+02
2.768006837189426506e+02
2.770507295036932760e+02
2.773007752884439014e+02
2.775508210731945269e+02
2.778008668579451523e+02
2.780509126426957778e+02
2.783009584274464032e+02
2.785510042121970287e+02
2.788010499969476541e+02
2.790510957816982796e+02
2.793011415664489050e+02
2.795511873511995304e+02
2.798012331359501559e+02
2.800512789207007813e+02
2.803013247054514068e+02
2.805513704902020322e+02
2.808014162749526577e+02
2.810514620597032831e+02
2.813015078444539085e+02
2.815515536292045340e+02
2.818015994139552163e+02
2.820516451987058417e+02
2.823016909834564672e+02
2.825517367682070926e+02
2.828017825529577181e+02
2.830518283377083435e+02
2.833018741224589689e+02
2.835519199072095944e+02
2.838019656919602198e+02
2.840520114767108453e+02
2.843020572614614707e+02
2.845521030462120962e+02
2.848021488309627216e+02
2.850521946157133470e+02
2.853022404004639725e+02
2.855522861852145979e+02
2.858023319699652234e+02
2.860523777547158488e+02
2.863024235394664743e+02
2.865524693242170997e+02
2.868025151089677252e+02
2.870525608937183506e+02
2.873026066784689760e+02
2.875526524632196015e+02
2.878026982479702269e+02
2.880527440327208524e+02
2.883027898174714778e+02
2.885528356022221033e+02
2.888028813869727287e+02
2.890529271717233541e+02
2.893029729564739796e+02
2.895530187412246050e+02
2.898030645259752305e+02
2.900531103107258559e+02
2.903031560954764814e+02
2.905532018802271068e+02
2.908032476649777323e+02
2.910532934497283577e+02
2.913033392344789831e+02
2.915533850192296086e+02
2.918034308039802340e+02
2.920534765887308595e+02
2.923035223734814849e+02
2.925535681582321104e+02
2.928036139429827358e+02
2.930536597277333613e+02
2.933037055124839867e+02
2.935537512972346121e+02
2.938037970819852376e+02
2.940538428667358630e+02
2.943038886514864885e+02
2.945539344362371139e+02
2.948039802209877394e+02
2.950540260057383648e+02
2.953040717904889902e+02
2.955541175752396157e+02
2.958041633599902411e+02
2.960542091447408666e+02
2.963042549294914920e+02
2.965543007142421175e+02
2.968043464989927429e+02
2.970543922837433684e+02
2.973044380684939938e+02
2.975544838532446192e+02
2.978045296379952447e+02
2.980545754227458701e+02
2.983046212074964956e+02
2.985546669922471210e+02
2.988047127769977465e+02
2.990547585617483719e+02
2.993048043464989973e+02
2.995548501312496228e+02
2.998048959160002482e+02
3.000549417007508737e+02
3.003049874855014991e+02
3.005550332702521246e+02
3.008050790550027500e+02
3.010551248397533755e+02
3.013051706245040009e+02
3.015552164092546263e+02
3.018052621940052518e+02
3.020553079787558772e+02
3.023053537635065027e+02
3.025553995482571281e+02
3.028054453330077536e+02
3.030554911177583790e+02
3.033055369025090044e+02
3.035555826872596299e+02
3.038056284720102553e+02
3.040556742567608808e+02
3.043057200415115062e+02
3.045557658262621317e+02
3.048058116110127571e+02
3.050558573957633826e+02
3.053059031805140080e+02
3.055559489652646334e+02
3.058059947500152589e+02
3.060560405347658843e+02
3.063060863195165098e+02
3.065561321042671352e+02
3.068061778890177607e+02
3.070562236737683861e+02
3.073062694585190116e+02
3.075563152432696370e+02
3.078063610280202624e+02
3.080564068127708879e+02
3.083064525975215133e+02
3.085564983822721388e+02
3.088065441670227642e+02
3.090565899517733897e+02
3.093066357365240151e+02
3.095566815212746405e+02
3.098067273060252660e+02
3.100567730907758914e+02
3.103068188755265169e+02
3.105568646602771423e+02
3.108069104450277678e+02
3.110569562297783932e+02
3.113070020145290187e+02
3.115570477992796441e+02
3.118070935840302695e+02
3.120571393687808950e+02
3.123071851535315204e+02
3.125572309382821459e+02
3.128072767230327713e+02
3.130573225077833968e+02
3.133073682925340222e+02
3.135574140772846476e+02
3.138074598620352731e+02
3.140575056467858985e+02
3.143075514315365240e+02
3.145575972162871494e+02
3.148076430010377749e+02
3.150576887857884003e+02
3.153077345705390258e+02
3.155577803552896512e+02
3.158078261400402766e+02
3.160578719247909021e+02
3.163079177095415275e+02
3.165579634942921530e+02
3.168080092790427784e+02
3.170580550637934039e+02
3.173081008485440293e+02
3.175581466332946547e+02
3.178081924180452802e+02
3.180582382027959056e+02
3.183082839875465311e+02
3.185583297722971565e+02
3.188083755570477820e+02
3.190584213417984074e+02
3.193084671265490329e+02
3.195585129112996583e+02
3.198085586960502837e+02
3.200586044808009092e+02
3.203086502655515346e+02
3.205586960503021601e+02
3.208087418350527855e+02
3.210587876198034110e+02
3.213088334045540364e+02
3.215588791893046618e+02
3.218089249740552873e+02
3.220589707588059127e+02
3.223090165435565382e+02
3.225590623283071636e+02
3.228091081130577891e+02
3.230591538978084145e+02
3.233091996825590400e+02
3.235592454673096654e+02
3.238092912520602908e+02
3.240593370368109163e+02
3.243093828215615417e+02
3.245594286063121672e+02
3.248094743910627926e+02
3.250595201758134181e+02
3.253095659605640435e+02
3.255596117453146690e+02
3.258096575300652944e+02
3.260597033148159198e+02
3.263097490995665453e+02
3.265597948843171707e+02
3.268098406690677962e+02
3.270598864538184216e+02
3.273099322385690471e+02
3.275599780233196725e+02
3.278100238080702979e+02
3.280600695928209234e+02
3.283101153775715488e+02
3.285601611623221743e+02
3.288102069470727997e+02
3.290602527318234252e+02
3.293102985165740506e+02
3.295603443013246761e+02
3.298103900860753015e+02
3.300604358708259269e+02
3.303104816555765524e+02
3.305605274403271778e+02
3.308105732250778033e+02
3.310606190098284287e+02
3.313106647945790542e+02
3.315607105793296796e+02
3.318107563640803050e+02
3.320608021488309305e+02
3.323108479335815559e+02
3.325608937183321814e+02
3.328109395030828068e+02
3.330609852878334891e+02
3.333110310725841146e+02
3.335610768573347400e+02
3.338111226420853654e+02
3.340611684268359909e+02
3.343112142115866163e+02
3.345612599963372418e+02
3.348113057810878672e+02
3.350613515658384927e+02
3.353113973505891181e+02
3.355614431353397435e+02
3.358114889200903690e+02
3.360615347048409944e+02
3.363115804895916199e+02
3.365616262743422453e+02
3.368116720590928708e+02
3.370617178438434962e+02
3.373117636285941217e+02
3.375618094133447471e+02
3.378118551980953725e+02
3.380619009828459980e+02
3.383119467675966234e+02
3.385619925523472489e+02
3.388120383370978743e+02
3.390620841218484998e+02
3.393121299065991252e+02
3.395621756913497507e+02
3.398122214761003761e+02
3.400622672608510015e+02
3.403123130456016270e+02
3.405623588303522524e+02
3.408124046151028779e+02
3.410624503998535033e+02
3.413124961846041288e+02
3.415625419693547542e+02
3.418125877541053796e+02
3.420626335388560051e+02
3.423126793236066305e+02
3.425627251083572560e+02
3.428127708931078814e+02
3.430628166778585069e+02
3.433128624626091323e+02
3.435629082473597578e+02
3.438129540321103832e+02
3.440629998168610086e+02
3.443130456016116341e+02
3.445630913863622595e+02
3.448131371711128850e+02
3.450631829558635104e+02
3.453132287406141359e+02
3.455632745253647613e+02
3.458133203101153867e+02
3.460633660948660122e+02
3.463134118796166376e+02
3.465634576643672631e+02
3.468135034491178885e+02
3.470635492338685140e+02
3.473135950186191394e+02
3.475636408033697649e+02
3.478136865881203903e+02
3.480637323728710157e+02
3.483137781576216412e+02
3.485638239423722666e+02
3.488138697271228921e+02
3.490639155118735175e+02
3.493139612966241430e+02
3.495640070813747684e+02
3.498140528661253938e+02
3.500640986508760193e+02
3.503141444356266447e+02
3.505641902203772702e+02
3.508142360051278956e+02
3.510642817898785211e+02
3.513143275746291465e+02
3.515643733593797720e+02
3.518144191441303974e+02
3.520644649288810228e+02
3.523145107136316483e+02
3.525645564983822737e+02
3.528146022831328992e+02
3.530646480678835246e+02
3.533146938526341501e+02
3.535647396373847755e+02
3.538147854221354009e+02
3.540648312068860264e+02
3.543148769916366518e+02
3.545649227763872773e+02
3.548149685611379027e+02
3.550650143458885282e+02
3.553150601306391536e+02
3.555651059153897791e+02
3.558151517001404045e+02
3.560651974848910299e+02
3.563152432696416554e+02
3.565652890543922808e+02
3.568153348391429063e+02
3.570653806238935317e+02
3.573154264086441572e+02
3.575654721933947826e+02
3.578155179781454081e+02
3.580655637628960335e+02
3.583156095476466589e+02
3.585656553323972844e+02
3.588157011171479098e+02
3.590657469018985353e+02
3.593157926866491607e+02
3.595658384713997862e+02
3.598158842561504116e+02
3.600659300409010370e+02
3.603159758256516625e+02
3.605660216104022879e+02
3.608160673951529134e+02
3.610661131799035388e+02
3.613161589646541643e+02
3.615662047494047897e+02
3.618162505341554152e+02
3.620662963189060406e+02
3.623163421036566660e+02
3.625663878884072915e+02
3.628164336731579169e+02
3.630664794579085424e+02
3.633165252426591678e+02
3.635665710274097933e+02
3.638166168121604187e+02
3.640666625969110441e+02
3.643167083816616696e+02
3.645667541664122950e+02
3.648167999511629205e+02
3.650668457359135459e+02
3.653168915206641714e+02
3.655669373054147968e+02
3.658169830901654223e+02
3.660670288749160477e+02
3.663170746596666731e+02
3.665671204444172986e+02
3.668171662291679240e+02
3.670672120139185495e+02
3.673172577986691749e+02
3.675673035834198004e+02
3.678173493681704258e+02
3.680673951529210512e+02
3.683174409376716767e+02
3.685674867224223021e+02
3.688175325071729276e+02
3.690675782919235530e+02
3.693176240766741785e+02
3.695676698614248039e+02
3.698177156461754294e+02
3.700677614309260548e+02
3.703178072156766802e+02
3.705678530004273057e+02
3.708178987851779311e+02
3.710679445699285566e+02
3.713179903546791820e+02
3.715680361394298075e+02
3.718180819241804329e+02
3.720681277089310584e+02
3.723181734936816838e+02
3.725682192784323092e+02
3.728182650631829347e+02
3.730683108479335601e+02
3.733183566326841856e+02
3.735684024174348110e+02
3.738184482021854365e+02
3.740684939869360619e+02
3.743185397716866873e+02
3.745685855564373128e+02
3.748186313411879382e+02
3.750686771259385637e+02
3.753187229106891891e+02
3.755687686954398146e+02
3.758188144801904400e+02
3.760688602649410655e+02
3.763189060496916909e+02
3.765689518344423163e+02
3.768189976191929418e+02
3.770690434039435672e+02
3.773190891886941927e+02
3.775691349734448181e+02
3.778191807581954436e+02
3.780692265429460690e+02
3.783192723276966944e+02
3.785693181124473199e+02
3.788193638971979453e+02
3.790694096819485708e+02
3.793194554666991962e+02
3.795695012514498217e+02
3.798195470362004471e+02
3.800695928209510726e+02
3.803196386057016980e+02
3.805696843904523234e+02
3.808197301752029489e+02
3.810697759599535743e+02
3.813198217447041998e+02
3.815698675294548252e+02
3.818199133142054507e+02
3.820699590989560761e+02
3.823200048837067015e+02
3.825700506684573270e+02
3.828200964532079524e+02
3.830701422379585779e+02
3.833201880227092033e+02
3.835702338074598288e+02
3.838202795922104542e+02
3.840703253769611365e+02
3.843203711617117619e+02
3.845704169464623874e+02
3.848204627312130128e+02
3.850705085159636383e+02
3.853205543007142637e+02
3.855706000854648892e+02
3.858206458702155146e+02
3.860706916549661400e+02
3.863207374397167655e+02
3.865707832244673909e+02
3.868208290092180164e+02
3.870708747939686418e+02
3.873209205787192673e+02
3.875709663634698927e+02
3.878210121482205182e+02
3.880710579329711436e+02
3.883211037177217690e+02
3.885711495024723945e+02
3.888211952872230199e+02
3.890712410719736454e+02
3.893212868567242708e+02
3.895713326414748963e+02
3.898213784262255217e+02
3.900714242109761472e+02
3.903214699957267726e+02
3.905715157804773980e+02
3.908215615652280235e+02
3.910716073499786489e+02
3.913216531347292744e+02
3.915716989194798998e+02
3.918217447042305253e+02
3.920717904889811507e+02
3.923218362737317761e+02
3.925718820584824016e+02
3.928219278432330270e+02
3.930719736279836525e+02
3.933220194127342779e+02
3.935720651974849034e+02
3.938221109822355288e+02
3.940721567669861543e+02
3.943222025517367797e+02
3.945722483364874051e+02
3.948222941212380306e+02
3.950723399059886560e+02
3.953223856907392815e+02
3.955724314754899069e+02
3.958224772602405324e+02
3.960725230449911578e+02
3.963225688297417832e+02
3.965726146144924087e+02
3.968226603992430341e+02
3.970727061839936596e+02
3.973227519687442850e+02
3.975727977534949105e+02
3.978228435382455359e+02
3.980728893229961614e+02
3.983229351077467868e+02
3.985729808924974122e+02
3.988230266772480377e+02
3.990730724619986631e+02
3.993231182467492886e+02
3.995731640314999140e+02
3.998232098162505395e+02
4.000732556010011649e+02
4.003233013857517903e+02
4.005733471705024158e+02
4.008233929552530412e+02
4.010734387400036667e+02
4.013234845247542921e+02
4.015735303095049176e+02
4.018235760942555430e+02
4.020736218790061685e+02
4.023236676637567939e+02
4.025737134485074193e+02
4.028237592332580448e+02
4.030738050180086702e+02
4.033238508027592957e+02
4.035738965875099211e+02
4.038239423722605466e+02
4.040739881570111720e+02
4.043240339417617975e+02
4.045740797265124229e+02
4.048241255112630483e+02
4.050741712960136738e+02
4.053242170807642992e+02
4.055742628655149247e+02
4.058243086502655501e+02
4.060743544350161756e+02
4.063244002197668010e+02
4.065744460045174264e+02
4.068244917892680519e+02
4.070745375740186773e+02
4.073245833587693028e+02
4.075746291435199282e+02
4.078246749282705537e+02
4.080747207130211791e+02
4.083247664977718046e+02
4.085748122825224300e+02
4.088248580672730554e+02
4.090749038520236809e+02
4.093249496367743063e+02
4.095749954215249318e+02
4.098250412062755572e+02
4.100750869910261827e+02
4.103251327757768081e+02
4.105751785605274335e+02
4.108252243452780590e+02
4.110752701300286844e+02
4.113253159147793099e+02
4.115753616995299353e+02
4.118254074842805608e+02
4.120754532690311862e+02
4.123254990537818117e+02
4.125755448385324371e+02
4.128255906232830625e+02
4.130756364080336880e+02
4.133256821927843134e+02
4.135757279775349389e+02
4.138257737622855643e+02
4.140758195470361898e+02
4.143258653317868152e+02
4.145759111165374406e+02
4.148259569012880661e+02
4.150760026860386915e+02
4.153260484707893170e+02
4.155760942555399424e+02
4.158261400402905679e+02
4.160761858250411933e+02
4.163262316097918188e+02
4.165762773945424442e+02
4.168263231792930696e+02
4.170763689640436951e+02
4.173264147487943205e+02
4.175764605335449460e+02
4.178265063182955714e+02
4.180765521030461969e+02
4.183265978877968223e+02
4.185766436725474477e+02
4.188266894572980732e+02
4.190767352420486986e+02
4.193267810267993241e+02
4.195768268115499495e+02
4.198268725963005750e+02
4.200769183810512004e+02
4.203269641658018259e+02
4.205770099505524513e+02
4.208270557353030767e+02
4.210771015200537022e+02
4.213271473048043276e+02
4.215771930895549531e+02
4.218272388743055785e+02
4.220772846590562040e+02
4.223273304438068294e+02
4.225773762285574549e+02
4.228274220133080803e+02
4.230774677980587057e+02
4.233275135828093312e+02
4.235775593675599566e+02
4.238276051523105821e+02
4.240776509370612075e+02
4.243276967218118330e+02
4.245777425065624584e+02
4.248277882913130838e+02
4.250778340760637093e+02
4.253278798608143347e+02
4.255779256455649602e+02
4.258279714303155856e+02
4.260780172150662111e+02
4.263280629998168365e+02
4.265781087845674620e+02
4.268281545693180874e+02
4.270782003540687128e+02
4.273282461388193383e+02
4.275782919235699637e+02
4.278283377083205892e+02
4.280783834930712146e+02
4.283284292778218401e+02
4.285784750625724655e+02
4.288285208473230909e+02
4.290785666320737164e+02
4.293286124168243418e+02
4.295786582015749673e+02
4.298287039863255927e+02
4.300787497710762182e+02
4.303287955558268436e+02
4.305788413405774691e+02
4.308288871253280945e+02
4.310789329100787199e+02
4.313289786948293454e+02
4.315790244795799708e+02
4.318290702643305963e+02
4.320791160490812217e+02
4.323291618338318472e+02
4.325792076185824726e+02
4.328292534033330980e+02
4.330792991880837235e+02
4.333293449728343489e+02
4.335793907575849744e+02
4.338294365423355998e+02
4.340794823270862253e+02
4.343295281118368507e+02
4.345795738965874762e+02
4.348296196813381016e+02
4.350796654660887270e+02
4.353297112508394093e+02
4.355797570355900348e+02
4.358298028203406602e+02
4.360798486050912857e+02
4.363298943898419111e+02
4.365799401745925366e+02
4.368299859593431620e+02
4.370800317440937874e+02
4.373300775288444129e+02
4.375801233135950383e+02
4.378301690983456638e+02
4.380802148830962892e+02
4.383302606678469147e+02
4.385803064525975401e+02
4.388303522373481655e+02
4.390803980220987910e+02
4.393304438068494164e+02
4.395804895916000419e+02
4.398305353763506673e+02
4.400805811611012928e+02
4.403306269458519182e+02
4.405806727306025437e+02
4.408307185153531691e+02
4.410807643001037945e+02
4.413308100848544200e+02
4.415808558696050454e+02
4.418309016543556709e+02
4.420809474391062963e+02
4.423309932238569218e+02
4.425810390086075472e+02
4.428310847933581726e+02
4.430811305781087981e+02
4.433311763628594235e+02
4.435812221476100490e+02
4.438312679323606744e+02
4.440813137171112999e+02
4.443313595018619253e+02
4.445814052866125508e+02
4.448314510713631762e+02
4.450814968561138016e+02
4.453315426408644271e+02
4.455815884256150525e+02
4.458316342103656780e+02
4.460816799951163034e+02
4.463317257798669289e+02
4.465817715646175543e+02
4.468318173493681797e+02
4.470818631341188052e+02
4.473319089188694306e+02
4.475819547036200561e+02
4.478320004883706815e+02
4.480820462731213070e+02
4.483320920578719324e+02
4.485821378426225579e+02
4.488321836273731833e+02
4.490822294121238087e+02
4.493322751968744342e+02
4.495823209816250596e+02
4.498323667663756851e+02
4.500824125511263105e+02
4.503324583358769360e+02
4.505825041206275614e+02
4.508325499053781868e+02
4.510825956901288123e+02
4.513326414748794377e+02
4.515826872596300632e+02
4.518327330443806886e+02
4.520827788291313141e+02
4.523328246138819395e+02
4.525828703986325650e+02
4.528329161833831904e+02
4.530829619681338158e+02
4.533330077528844413e+02
4.535830535376350667e+02
4.538330993223856922e+02
4.540831451071363176e+02
4.543331908918869431e+02
4.545832366766375685e+02
4.548332824613881940e+02
4.550833282461388194e+02
4.553333740308894448e+02
4.555834198156400703e+02
4.558334656003906957e+02
4.560835113851413212e+02
4.563335571698919466e+02
4.565836029546425721e+02
4.568336487393931975e+02
4.570836945241438229e+02
4.573337403088944484e+02
4.575837860936450738e+02
4.578338318783956993e+02
4.580838776631463247e+02
4.583339234478969502e+02
4.585839692326475756e+02
4.588340150173982011e+02
4.590840608021488265e+02
4.593341065868994519e+02
4.595841523716500774e+02
4.598341981564007028e+02
4.600842439411513283e+02
4.603342897259019537e+02
4.605843355106525792e+02
4.608343812954032046e+02
4.610844270801538300e+02
4.613344728649044555e+02
4.615845186496550809e+02
4.618345644344057064e+02
4.620846102191563318e+02
4.623346560039069573e+02
4.625847017886575827e+02
4.628347475734082082e+02
4.630847933581588336e+02
4.633348391429094590e+02
4.635848849276600845e+02
4.638349307124107099e+02
4.640849764971613354e+02
4.643350222819119608e+02
4.645850680666625863e+02
4.648351138514132117e+02
4.650851596361638371e+02
4.653352054209144626e+02
4.655852512056650880e+02
4.658352969904157135e+02
4.660853427751663389e+02
4.663353885599169644e+02
4.665854343446675898e+02
4.668354801294182153e+02
4.670855259141688407e+02
4.673355716989194661e+02
4.675856174836700916e+02
4.678356632684207170e+02
4.680857090531713425e+02
4.683357548379219679e+02
4.685858006226725934e+02
4.688358464074232188e+02
4.690858921921738443e+02
4.693359379769244697e+02
4.695859837616750951e+02
4.698360295464257206e+02
4.700860753311763460e+02
4.703361211159269715e+02
4.705861669006775969e+02
4.708362126854282224e+02
4.710862584701788478e+02
4.713363042549294732e+02
4.715863500396800987e+02
4.718363958244307241e+02
4.720864416091813496e+02
4.723364873939319750e+02
4.725865331786826005e+02
4.728365789634332259e+02
4.730866247481838514e+02
4.733366705329344768e+02
4.735867163176851022e+02
4.738367621024357277e+02
4.740868078871863531e+02
4.743368536719369786e+02
4.745868994566876040e+02
4.748369452414382295e+02
4.750869910261888549e+02
4.753370368109394803e+02
4.755870825956901058e+02
4.758371283804407312e+02
4.760871741651913567e+02
4.763372199499419821e+02
4.765872657346926076e+02
4.768373115194432330e+02
4.770873573041938585e+02
4.773374030889444839e+02
4.775874488736951093e+02
4.778374946584457348e+02
4.780875404431963602e+02
4.783375862279469857e+02
4.785876320126976111e+02
4.788376777974482366e+02
4.790877235821988620e+02
4.793377693669494874e+02
4.795878151517001129e+02
4.798378609364507383e+02
4.800879067212013638e+02
4.803379525059519892e+02
4.805879982907026147e+02
4.808380440754532401e+02
4.810880898602038656e+02
4.813381356449544910e+02
4.815881814297051164e+02
4.818382272144557419e+02
4.820882729992063673e+02
4.823383187839569928e+02
4.825883645687076182e+02
4.828384103534582437e+02
4.830884561382088691e+02
4.833385019229594946e+02
4.835885477077101200e+02
4.838385934924607454e+02
4.840886392772113709e+02
4.843386850619619963e+02
4.845887308467126218e+02
4.848387766314632472e+02
4.850888224162138727e+02
4.853388682009644981e+02
4.855889139857151235e+02
4.858389597704657490e+02
4.860890055552163744e+02
4.863390513399669999e+02
4.865890971247176822e+02
4.868391429094683076e+02
4.870891886942189331e+02
4.873392344789695585e+02
4.875892802637201839e+02
4.878393260484708094e+02
4.880893718332214348e+02
4.883394176179720603e+02
4.885894634027226857e+02
4.888395091874733112e+02
4.890895549722239366e+02
4.893396007569745620e+02
4.895896465417251875e+02
4.898396923264758129e+02
4.900897381112264384e+02
4.903397838959770638e+02
4.905898296807276893e+02
4.908398754654783147e+02
4.910899212502289402e+02
4.913399670349795656e+02
4.915900128197301910e+02
4.918400586044808165e+02
4.920901043892314419e+02
4.923401501739820674e+02
4.925901959587326928e+02
4.928402417434833183e+02
4.930902875282339437e+02
4.933403333129845691e+02
4.935903790977351946e+02
4.938404248824858200e+02
4.940904706672364455e+02
4.943405164519870709e+02
4.945905622367376964e+02
4.948406080214883218e+02
4.950906538062389473e+02
4.953406995909895727e+02
4.955907453757401981e+02
4.958407911604908236e+02
4.960908369452414490e+02
4.963408827299920745e+02
4.965909285147426999e+02
4.968409742994933254e+02
4.970910200842439508e+02
4.973410658689945762e+02
4.975911116537452017e+02
4.978411574384958271e+02
4.980912032232464526e+02
4.983412490079970780e+02
4.985912947927477035e+02
4.988413405774983289e+02
4.990913863622489544e+02
4.993414321469995798e+02
4.995914779317502052e+02
4.998415237165008307e+02
5.000915695012514561e+02
5.003416152860020816e+02
5.005916610707527070e+02
5.008417068555033325e+02
5.010917526402539579e+02
5.013417984250045834e+02
5.015918442097552088e+02
5.018418899945058342e+02
5.020919357792564597e+02
5.023419815640070851e+02
5.025920273487577106e+02
5.028420731335083360e+02
5.030921189182589615e+02
5.033421647030095869e+02
5.035922104877602123e+02
5.038422562725108378e+02
5.040923020572614632e+02
5.043423478420120887e+02
5.045923936267627141e+02
5.048424394115133396e+02
5.050924851962639650e+02
5.053425309810145905e+02
5.055925767657652159e+02
5.058426225505158413e+02
5.060926683352664668e+02
5.063427141200170922e+02
5.065927599047677177e+02
5.068428056895183431e+02
5.070928514742689686e+02
5.073428972590195940e+02
5.075929430437702194e+02
5.078429888285208449e+02
5.080930346132714703e+02
5.083430803980220958e+02
5.085931261827727212e+02
5.088431719675233467e+02
5.090932177522739721e+02
5.093432635370245976e+02
5.095933093217752230e+02
5.098433551065258484e+02
5.100934008912764739e+02
5.103434466760270993e+02
5.105934924607777248e+02
5.108435382455283502e+02
5.110935840302789757e+02
5.113436298150296011e+02
5.115936755997802265e+02
5.118437213845308520e+02
5.120937671692814774e+02
5.123438129540321597e+02
5.125938587387827283e+02
5.128439045235334106e+02
5.130939503082839792e+02
5.133439960930346615e+02
5.135940418777852301e+02
5.138440876625359124e+02
5.140941334472864810e+02
5.143441792320371633e+02
5.145942250167877319e+02
5.148442708015384142e+02
5.150943165862889828e+02
5.153443623710396650e+02
5.155944081557902336e+02
5.158444539405409159e+02
5.160944997252914845e+02
5.163445455100421668e+02
5.165945912947927354e+02
5.168446370795434177e+02
5.170946828642939863e+02
5.173447286490446686e+02
5.175947744337952372e+02
5.178448202185459195e+02
5.180948660032964881e+02
5.183449117880471704e+02
5.185949575727977390e+02
5.188450033575484213e+02
5.190950491422989899e+02
5.193450949270496722e+02
5.195951407118002408e+02
5.198451864965509230e+02
5.200952322813014916e+02
5.203452780660521739e+02
5.205953238508027425e+02
5.208453696355534248e+02
5.210954154203039934e+02
5.213454612050546757e+02
5.215955069898052443e+02
5.218455527745559266e+02
5.220955985593064952e+02
5.223456443440571775e+02
5.225956901288077461e+02
5.228457359135584284e+02
5.230957816983089970e+02
5.233458274830596793e+02
5.235958732678102479e+02
5.238459190525609301e+02
5.240959648373114987e+02
5.243460106220621810e+02
5.245960564068127496e+02
5.248461021915634319e+02
5.250961479763140005e+02
5.253461937610646828e+02
5.255962395458152514e+02
5.258462853305659337e+02
5.260963311153165023e+02
5.263463769000671846e+02
5.265964226848177532e+02
5.268464684695684355e+02
5.270965142543190041e+02
5.273465600390696864e+02
5.275966058238202550e+02
5.278466516085709372e+02
5.280966973933215058e+02
5.283467431780721881e+02
5.285967889628227567e+02
5.288468347475734390e+02
5.290968805323240076e+02
5.293469263170746899e+02
5.295969721018252585e+02
5.298470178865759408e+02
5.300970636713265094e+02
5.303471094560771917e+02
5.305971552408277603e+02
5.308472010255784426e+02
5.310972468103290112e+02
5.313472925950796935e+02
5.315973383798302621e+02
5.318473841645809443e+02
5.320974299493315129e+02
5.323474757340821952e+02
5.325975215188327638e+02
5.328475673035834461e+02
5.330976130883340147e+02
5.333476588730846970e+02
5.335977046578352656e+02
5.338477504425859479e+02
5.340977962273365165e+02
5.343478420120871988e+02
5.345978877968377674e+02
5.348479335815884497e+02
5.350979793663390183e+02
5.353480251510897006e+02
5.355980709358402692e+02
5.358481167205909514e+02
5.360981625053415200e+02
5.363482082900922023e+02
5.365982540748427709e+02
5.368482998595934532e+02
5.370983456443440218e+02
5.373483914290947041e+02
5.375984372138452727e+02
5.378484829985959550e+02
5.380985287833465236e+02
5.383485745680972059e+02
5.385986203528477745e+02
5.388486661375984568e+02
5.390987119223490254e+02
5.393487577070997077e+02
5.395988034918502763e+02
5.398488492766009585e+02
5.400988950613515271e+02
5.403489408461022094e+02
5.405989866308527780e+02
5.408490324156034603e+02
5.410990782003540289e+02
5.413491239851047112e+02
5.415991697698552798e+02
5.418492155546059621e+02
5.420992613393565307e+02
5.423493071241072130e+02
5.425993529088577816e+02
5.428493986936084639e+02
5.430994444783590325e+02
5.433494902631097148e+02
5.435995360478602834e+02
5.438495818326109656e+02
5.440996276173615342e+02
5.443496734021122165e+02
5.445997191868627851e+02
5.448497649716134674e+02
5.450998107563640360e+02
5.453498565411147183e+02
5.455999023258652869e+02
5.458499481106159692e+02
5.460999938953665378e+02
5.463500396801172201e+02
5.466000854648677887e+02
5.468501312496184710e+02
5.471001770343690396e+02
5.473502228191197219e+02
5.476002686038702905e+02
5.478503143886209727e+02
5.481003601733715414e+02
5.483504059581222236e+02
5.486004517428727922e+02
5.488504975276234745e+02
5.491005433123740431e+02
5.493505890971247254e+02
5.496006348818752940e+02
5.498506806666259763e+02
5.501007264513765449e+02
5.503507722361272272e+02
5.506008180208777958e+02
5.508508638056284781e+02
5.511009095903790467e+02
5.513509553751297290e+02
5.516010011598802976e+02
5.518510469446309799e+02
5.521010927293815485e+02
5.523511385141322307e+02
5.526011842988827993e+02
5.528512300836334816e+02
5.531012758683840502e+02
5.533513216531347325e+02
5.536013674378853011e+02
5.538514132226359834e+02
5.541014590073865520e+02
5.543515047921372343e+02
5.546015505768878029e+02
5.548515963616384852e+02
5.551016421463890538e+02
5.553516879311397361e+02
5.556017337158903047e+02
5.558517795006409870e+02
5.561018252853915556e+02
5.563518710701422378e+02
5.566019168548928064e+02
5.568519626396434887e+02
5.571020084243940573e+02
5.573520542091447396e+02
5.576020999938953082e+02
5.578521457786459905e+02
5.581021915633965591e+02
5.583522373481472414e+02
5.586022831328978100e+02
5.588523289176484923e+02
5.591023747023990609e+02
5.593524204871497432e+02
5.596024662719003118e+02
5.598525120566509941e+02
5.601025578414015627e+02
5.603526036261522449e+02
5.606026494109028135e+02
5.608526951956534958e+02
5.611027409804040644e+02
5.613527867651547467e+02
5.616028325499053153e+02
5.618528783346559976e+02
5.621029241194065662e+02
5.623529699041572485e+02
5.626030156889078171e+02
5.628530614736584994e+02
5.631031072584090680e+02
5.633531530431597503e+02
5.636031988279104326e+02
5.638532446126610012e+02
5.641032903974116834e+02
5.643533361821622520e+02
5.646033819669129343e+02
5.648534277516635029e+02
5.651034735364141852e+02
5.653535193211647538e+02
5.656035651059154361e+02
5.658536108906660047e+02
5.661036566754166870e+02
5.663537024601672556e+02
5.666037482449179379e+02
5.668537940296685065e+02
5.671038398144191888e+02
5.673538855991697574e+02
5.676039313839204397e+02
5.678539771686710083e+02
5.681040229534216905e+02
5.683540687381722591e+02
5.686041145229229414e+02
5.688541603076735100e+02
5.691042060924241923e+02
5.693542518771747609e+02
5.696042976619254432e+02
5.698543434466760118e+02
5.701043892314266941e+02
5.703544350161772627e+02
5.706044808009279450e+02
5.708545265856785136e+02
5.711045723704291959e+02
5.713546181551797645e+02
5.716046639399304468e+02
5.718547097246810154e+02
5.721047555094316976e+02
5.723548012941822662e+02
5.726048470789329485e+02
5.728548928636835171e+02
5.731049386484341994e+02
5.733549844331847680e+02
5.736050302179354503e+02
5.738550760026860189e+02
5.741051217874367012e+02
5.743551675721872698e+02
5.746052133569379521e+02
5.748552591416885207e+02
5.751053049264392030e+02
5.753553507111897716e+02
5.756053964959404539e+02
5.758554422806910225e+02
5.761054880654417047e+02
5.763555338501922733e+02
5.766055796349429556e+02
5.768556254196935242e+02
5.771056712044442065e+02
5.773557169891947751e+02
5.776057627739454574e+02
5.778558085586960260e+02
5.781058543434467083e+02
5.783559001281972769e+02
5.786059459129479592e+02
5.788559916976985278e+02
5.791060374824492101e+02
5.793560832671997787e+02
5.796061290519504610e+02
5.798561748367010296e+02
5.801062206214517118e+02
5.803562664062022805e+02
5.806063121909529627e+02
5.808563579757035313e+02
5.811064037604542136e+02
5.813564495452047822e+02
5.816064953299554645e+02
5.818565411147060331e+02
5.821065868994567154e+02
5.823566326842072840e+02
5.826066784689579663e+02
5.828567242537085349e+02
5.831067700384592172e+02
5.833568158232097858e+02
5.836068616079604681e+02
5.838569073927110367e+02
5.841069531774617190e+02
5.843569989622122876e+02
5.846070447469629698e+02
5.848570905317135384e+02
5.851071363164642207e+02
5.853571821012147893e+02
5.856072278859654716e+02
5.858572736707160402e+02
5.861073194554667225e+02
5.863573652402172911e+02
5.866074110249679734e+02
5.868574568097185420e+02
5.871075025944692243e+02
5.873575483792197929e+02
5.876075941639704752e+02
5.878576399487210438e+02
5.881076857334717261e+02
5.883577315182222947e+02
5.886077773029729769e+02
5.888578230877235455e+02
5.891078688724742278e+02
5.893579146572247964e+02
5.896079604419754787e+02
5.898580062267260473e+02
5.901080520114767296e+02
5.903580977962272982e+02
5.906081435809779805e+02
5.908581893657285491e+02
5.911082351504792314e+02
5.913582809352298000e+02
5.916083267199804823e+02
5.918583725047310509e+02
5.921084182894817332e+02
5.923584640742323018e+02
5.926085098589829840e+02
5.928585556437335526e+02
5.931086014284842349e+02
5.933586472132348035e+02
5.936086929979854858e+02
5.938587387827360544e+02
5.941087845674867367e+02
5.943588303522373053e+02
5.946088761369879876e+02
5.948589219217385562e+02
5.951089677064892385e+02
5.953590134912398071e+02
5.956090592759904894e+02
5.958591050607410580e+02
5.961091508454917403e+02
5.963591966302423089e+02
5.966092424149929911e+02
5.968592881997435597e+02
5.971093339844942420e+02
5.973593797692448106e+02
5.976094255539954929e+02
5.978594713387460615e+02
5.981095171234967438e+02
5.983595629082473124e+02
5.986096086929979947e+02
5.988596544777485633e+02
5.991097002624992456e+02
5.993597460472498142e+02
5.996097918320004965e+02
5.998598376167510651e+02
6.001098834015017474e+02
6.003599291862523160e+02
6.006099749710029982e+02
6.008600207557535668e+02
6.011100665405042491e+02
6.013601123252548177e+02
6.016101581100055000e+02
6.018602038947560686e+02
6.021102496795067509e+02
6.023602954642573195e+02
6.026103412490080018e+02
6.028603870337585704e+02
6.031104328185092527e+02
6.033604786032598213e+02
6.036105243880105036e+02
6.038605701727610722e+02
6.041106159575117545e+02
6.043606617422623231e+02
6.046107075270130053e+02
6.048607533117635739e+02
6.051107990965142562e+02
6.053608448812648248e+02
6.056108906660155071e+02
6.058609364507660757e+02
6.061109822355167580e+02
6.063610280202673266e+02
6.066110738050180089e+02
6.068611195897685775e+02
6.071111653745192598e+02
6.073612111592698284e+02
6.076112569440205107e+02
6.078613027287710793e+02
6.081113485135217616e+02
6.083613942982723302e+02
6.086114400830230124e+02
6.088614858677735810e+02
6.091115316525242633e+02
6.093615774372748319e+02
6.096116232220255142e+02
6.098616690067760828e+02
6.101117147915267651e+02
6.103617605762773337e+02
6.106118063610280160e+02
6.108618521457785846e+02
6.111118979305292669e+02
6.113619437152798355e+02
6.116119895000305178e+02
6.118620352847810864e+02
6.121120810695317687e+02
6.123621268542823373e+02
6.126121726390330195e+02
6.128622184237835882e+02
6.131122642085342704e+02
6.133623099932848390e+02
6.136123557780355213e+02
6.138624015627860899e+02
6.141124473475367722e+02
6.143624931322873408e+02
6.146125389170380231e+02
6.148625847017887054e+02
6.151126304865392740e+02
6.153626762712899563e+02
6.156127220560405249e+02
6.158627678407912072e+02
6.161128136255417758e+02
6.163628594102924581e+02
6.166129051950430267e+02
6.168629509797937089e+02
6.171129967645442775e+02
6.173630425492949598e+02
6.176130883340455284e+02
6.178631341187962107e+02
6.181131799035467793e+02
6.183632256882974616e+02
6.186132714730480302e+02
6.188633172577987125e+02
6.191133630425492811e+02
6.193634088272999634e+02
6.196134546120505320e+02
6.198635003968012143e+02
6.201135461815517829e+02
6.203635919663024652e+02
6.206136377510530338e+02
6.208636835358037160e+02
6.211137293205542846e+02
6.213637751053049669e+02
6.216138208900555355e+02
6.218638666748062178e+02
6.221139124595567864e+02
6.223639582443074687e+02
6.226140040290580373e+02
6.228640498138087196e+02
6.231140955985592882e+02
6.233641413833099705e+02
6.236141871680605391e+02
6.238642329528112214e+02
6.241142787375617900e+02
6.243643245223124723e+02
6.246143703070630409e+02
6.248644160918137231e+02
6.251144618765642917e+02
6.253645076613149740e+02
6.256145534460655426e+02
6.258645992308162249e+02
6.261146450155667935e+02
6.263646908003174758e+02
6.266147365850680444e+02
6.268647823698187267e+02
6.271148281545692953e+02
6.273648739393199776e+02
6.276149197240705462e+02
6.278649655088212285e+02
6.281150112935717971e+02
6.283650570783224794e+02
6.286151028630730480e+02
6.288651486478237302e+02
6.291151944325742988e+02
6.293652402173249811e+02
6.296152860020755497e+02
6.298653317868262320e+02
6.301153775715768006e+02
6.303654233563274829e+02
6.306154691410780515e+02
6.308655149258287338e+02
6.311155607105793024e+02
6.313656064953299847e+02
6.316156522800805533e+02
6.318656980648312356e+02
6.321157438495818042e+02
6.323657896343324865e+02
6.326158354190830551e+02
6.328658812038337373e+02
6.331159269885843059e+02
6.333659727733349882e+02
6.336160185580855568e+02
6.338660643428362391e+02
6.341161101275868077e+02
6.343661559123374900e+02
6.346162016970880586e+02
6.348662474818387409e+02
6.351162932665893095e+02
6.353663390513399918e+02
6.356163848360905604e+02
6.358664306208412427e+02
6.361164764055918113e+02
6.363665221903424936e+02
6.366165679750930622e+02
6.368666137598437444e+02
6.371166595445943130e+02
6.373667053293449953e+02
6.376167511140955639e+02
6.378667968988462462e+02
6.381168426835968148e+02
6.383668884683474971e+02
6.386169342530980657e+02
6.388669800378487480e+02
6.391170258225993166e+02
6.393670716073499989e+02
6.396171173921005675e+02
6.398671631768512498e+02
6.401172089616018184e+02
6.403672547463525007e+02
6.406173005311030693e+02
6.408673463158537515e+02
6.411173921006043201e+02
6.413674378853550024e+02
6.416174836701055710e+02
6.418675294548562533e+02
6.421175752396068219e+02
6.423676210243575042e+02
6.426176668091080728e+02
6.428677125938587551e+02
6.431177583786093237e+02
6.433678041633600060e+02
6.436178499481105746e+02
6.438678957328612569e+02
6.441179415176118255e+02
6.443679873023625078e+02
6.446180330871130764e+02
6.448680788718637586e+02
6.451181246566143273e+02
6.453681704413650095e+02
6.456182162261155781e+02
6.458682620108662604e+02
6.461183077956168290e+02
6.463683535803675113e+02
6.466183993651180799e+02
6.468684451498687622e+02
6.471184909346193308e+02
6.473685367193700131e+02
6.476185825041205817e+02
6.478686282888712640e+02
6.481186740736218326e+02
6.483687198583725149e+02
6.486187656431230835e+02
6.488688114278737658e+02
6.491188572126243344e+02
6.493689029973750166e+02
6.496189487821255852e+02
6.498689945668762675e+02
6.501190403516268361e+02
6.503690861363775184e+02
6.506191319211280870e+02
6.508691777058787693e+02
6.511192234906293379e+02
6.513692692753800202e+02
6.516193150601305888e+02
6.518693608448812711e+02
6.521194066296318397e+02
6.523694524143825220e+02
6.526194981991330906e+02
6.528695439838837729e+02
6.531195897686343415e+02
6.533696355533850237e+02
6.536196813381355923e+02
6.538697271228862746e+02
6.541197729076368432e+02
6.543698186923875255e+02
6.546198644771380941e+02
6.548699102618887764e+02
6.551199560466393450e+02
6.553700018313900273e+02
6.556200476161405959e+02
6.558700934008912782e+02
6.561201391856418468e+02
6.563701849703925291e+02
6.566202307551430977e+02
6.568702765398937800e+02
6.571203223246443486e+02
6.573703681093950308e+02
6.576204138941455994e+02
6.578704596788962817e+02
6.581205054636468503e+02
6.583705512483975326e+02
6.586205970331481012e+02
6.588706428178987835e+02
6.591206886026493521e+02
6.593707343874000344e+02
6.596207801721506030e+02
6.598708259569012853e+02
6.601208717416518539e+02
6.603709175264025362e+02
6.606209633111531048e+02
6.608710090959037871e+02
6.611210548806543557e+02
6.613711006654050379e+02
6.616211464501556065e+02
6.618711922349062888e+02
6.621212380196568574e+02
6.623712838044075397e+02
6.626213295891581083e+02
6.628713753739087906e+02
6.631214211586593592e+02
6.633714669434100415e+02
6.636215127281606101e+02
6.638715585129112924e+02
6.641216042976618610e+02
6.643716500824125433e+02
6.646216958671631119e+02
6.648717416519137942e+02
6.651217874366643628e+02
6.653718332214150450e+02
6.656218790061656136e+02
6.658719247909162959e+02
6.661219705756669782e+02
6.663720163604175468e+02
6.666220621451682291e+02
6.668721079299187977e+02
6.671221537146694800e+02
6.673721994994200486e+02
6.676222452841707309e+02
6.678722910689212995e+02
6.681223368536719818e+02
6.683723826384225504e+02
6.686224284231732327e+02
6.688724742079238013e+02
6.691225199926744835e+02
6.693725657774250521e+02
6.696226115621757344e+02
6.698726573469263030e+02
6.701227031316769853e+02
6.703727489164275539e+02
6.706227947011782362e+02
6.708728404859288048e+02
6.711228862706794871e+02
6.713729320554300557e+02
6.716229778401807380e+02
6.718730236249313066e+02
6.721230694096819889e+02
6.723731151944325575e+02
6.726231609791832398e+02
6.728732067639338084e+02
6.731232525486844906e+02
6.733732983334350592e+02
6.736233441181857415e+02
6.738733899029363101e+02
6.741234356876869924e+02
6.743734814724375610e+02
6.746235272571882433e+02
6.748735730419388119e+02
6.751236188266894942e+02
6.753736646114400628e+02
6.756237103961907451e+02
6.758737561809413137e+02
6.761238019656919960e+02
6.763738477504425646e+02
6.766238935351932469e+02
6.768739393199438155e+02
6.771239851046944977e+02
6.773740308894450664e+02
6.776240766741957486e+02
6.778741224589463172e+02
6.781241682436969995e+02
6.783742140284475681e+02
6.786242598131982504e+02
6.788743055979488190e+02
6.791243513826995013e+02
6.793743971674500699e+02
6.796244429522007522e+02
6.798744887369513208e+02
6.801245345217020031e+02
6.803745803064525717e+02
6.806246260912032540e+02
6.808746718759538226e+02
6.811247176607045049e+02
6.813747634454550735e+02
6.816248092302057557e+02
6.818748550149563243e+02
6.821249007997070066e+02
6.823749465844575752e+02
6.826249923692082575e+02
6.828750381539588261e+02
6.831250839387095084e+02
6.833751297234600770e+02
6.836251755082107593e+02
6.838752212929613279e+02
6.841252670777120102e+02
6.843753128624625788e+02
6.846253586472132611e+02
6.848754044319638297e+02
6.851254502167145120e+02
6.853754960014650806e+02
6.856255417862157628e+02
6.858755875709663314e+02
6.861256333557170137e+02
6.863756791404675823e+02
6.866257249252182646e+02
6.868757707099688332e+02
6.871258164947195155e+02
6.873758622794700841e+02
6.876259080642207664e+02
6.878759538489713350e+02
6.881259996337220173e+02
6.883760454184725859e+02
6.886260912032232682e+02
6.888761369879738368e+02
6.891261827727245191e+02
6.893762285574750877e+02
6.896262743422257699e+02
6.898763201269763385e+02
6.901263659117270208e+02
6.903764116964775894e+02
6.906264574812282717e+02
6.908765032659788403e+02
6.911265490507295226e+02
6.913765948354800912e+02
6.916266406202307735e+02
6.918766864049813421e+02
6.921267321897320244e+02
6.923767779744825930e+02
6.926268237592332753e+02
6.928768695439838439e+02
6.931269153287345262e+02
6.933769611134850948e+02
6.936270068982357770e+02
6.938770526829863456e+02
6.941270984677370279e+02
6.943771442524875965e+02
6.946271900372382788e+02
6.948772358219888474e+02
6.951272816067395297e+02
6.953773273914900983e+02
6.956273731762407806e+02
6.958774189609913492e+02
6.961274647457420315e+02
6.963775105304926001e+02
6.966275563152432824e+02
6.968776020999938510e+02
6.971276478847445333e+02
6.973776936694951019e+02
6.976277394542457841e+02
6.978777852389963527e+02
6.981278310237470350e+02
6.983778768084976036e+02
6.986279225932482859e+02
6.988779683779988545e+02
6.991280141627495368e+02
6.993780599475001054e+02
6.996281057322507877e+02
6.998781515170013563e+02
7.001281973017520386e+02
7.003782430865026072e+02
7.006282888712532895e+02
7.008783346560038581e+02
7.011283804407545404e+02
7.013784262255051090e+02
7.016284720102557912e+02
7.018785177950063598e+02
7.021285635797570421e+02
7.023786093645076107e+02
7.026286551492582930e+02
7.028787009340088616e+02
7.031287467187595439e+02
7.033787925035101125e+02
7.036288382882607948e+02
7.038788840730113634e+02
7.041289298577620457e+02
7.043789756425126143e+02
7.046290214272632966e+02
7.048790672120138652e+02
7.051291129967645475e+02
7.053791587815151161e+02
7.056292045662657983e+02
7.058792503510163669e+02
7.061292961357670492e+02
7.063793419205176178e+02
7.066293877052683001e+02
7.068794334900188687e+02
7.071294792747695510e+02
7.073795250595201196e+02
7.076295708442708019e+02
7.078796166290213705e+02
7.081296624137720528e+02
7.083797081985226214e+02
7.086297539832733037e+02
7.088797997680238723e+02
7.091298455527745546e+02
7.093798913375251232e+02
7.096299371222758055e+02
7.098799829070263741e+02
7.101300286917770563e+02
7.103800744765276249e+02
7.106301202612783072e+02
7.108801660460288758e+02
7.111302118307795581e+02
7.113802576155301267e+02
7.116303034002808090e+02
7.118803491850313776e+02
7.121303949697820599e+02
7.123804407545326285e+02
7.126304865392833108e+02
7.128805323240338794e+02
7.131305781087845617e+02
7.133806238935351303e+02
7.136306696782858126e+02
7.138807154630363812e+02
7.141307612477870634e+02
7.143808070325376320e+02
7.146308528172883143e+02
7.148808986020388829e+02
7.151309443867895652e+02
7.153809901715401338e+02
7.156310359562908161e+02
7.158810817410413847e+02
7.161311275257920670e+02
7.163811733105426356e+02
7.166312190952933179e+02
7.168812648800438865e+02
7.171313106647945688e+02
7.173813564495452511e+02
7.176314022342958197e+02
7.178814480190465019e+02
7.181314938037970705e+02
7.183815395885477528e+02
7.186315853732983214e+02
7.188816311580490037e+02
7.191316769427995723e+02
7.193817227275502546e+02
7.196317685123008232e+02
7.198818142970515055e+02
7.201318600818020741e+02
7.203819058665527564e+02
7.206319516513033250e+02
7.208819974360540073e+02
7.211320432208045759e+02
7.213820890055552582e+02
7.216321347903058268e+02
7.218821805750565090e+02
7.221322263598070776e+02
7.223822721445577599e+02
7.226323179293083285e+02
7.228823637140590108e+02
7.231324094988095794e+02
7.233824552835602617e+02
7.236325010683108303e+02
7.238825468530615126e+02
7.241325926378120812e+02
7.243826384225627635e+02
7.246326842073133321e+02
7.248827299920640144e+02
7.251327757768145830e+02
7.253828215615652653e+02
7.256328673463158339e+02
7.258829131310665161e+02
7.261329589158170847e+02
7.263830047005677670e+02
7.266330504853183356e+02
7.268830962700690179e+02
7.271331420548195865e+02
7.273831878395702688e+02
7.276332336243208374e+02
7.278832794090715197e+02
7.281333251938220883e+02
7.283833709785727706e+02
7.286334167633233392e+02
7.288834625480740215e+02
7.291335083328245901e+02
7.293835541175752724e+02
7.296335999023258410e+02
7.298836456870765232e+02
7.301336914718270918e+02
7.303837372565777741e+02
7.306337830413283427e+02
7.308838288260790250e+02
7.311338746108295936e+02
7.313839203955802759e+02
7.316339661803308445e+02
7.318840119650815268e+02
7.321340577498320954e+02
7.323841035345827777e+02
7.326341493193333463e+02
7.328841951040840286e+02
7.331342408888345972e+02
7.333842866735852795e+02
7.336343324583358481e+02
7.338843782430865303e+02
7.341344240278370989e+02
7.343844698125877812e+02
7.346345155973383498e+02
7.348845613820890321e+02
7.351346071668396007e+02
7.353846529515902830e+02
7.356346987363408516e+02
7.358847445210915339e+02
7.361347903058421025e+02
7.363848360905927848e+02
7.366348818753433534e+02
7.368849276600940357e+02
7.371349734448446043e+02
7.373850192295952866e+02
7.376350650143458552e+02
7.378851107990965374e+02
7.381351565838471060e+02
7.383852023685977883e+02
7.386352481533483569e+02
7.388852939380990392e+02
7.391353397228496078e+02
7.393853855076002901e+02
7.396354312923508587e+02
7.398854770771015410e+02
7.401355228618521096e+02
7.403855686466027919e+02
7.406356144313533605e+02
7.408856602161040428e+02
7.411357060008546114e+02
7.413857517856052937e+02
7.416357975703558623e+02
7.418858433551065445e+02
7.421358891398571132e+02
7.423859349246077954e+02
7.426359807093583640e+02
7.428860264941090463e+02
7.431360722788596149e+02
7.433861180636102972e+02
7.436361638483608658e+02
7.438862096331115481e+02
7.441362554178621167e+02
7.443863012026127990e+02
7.446363469873633676e+02
7.448863927721140499e+02
7.451364385568646185e+02
7.453864843416153008e+02
7.456365301263658694e+02
7.458865759111165517e+02
7.461366216958671203e+02
7.463866674806178025e+02
7.466367132653683711e+02
7.468867590501190534e+02
7.471368048348696220e+02
7.473868506196203043e+02
7.476368964043708729e+02
7.478869421891215552e+02
7.481369879738721238e+02
7.483870337586228061e+02
7.486370795433733747e+02
7.488871253281240570e+02
7.491371711128746256e+02
7.493872168976253079e+02
7.496372626823758765e+02
7.498873084671265588e+02
7.501373542518771274e+02
7.503874000366278096e+02
7.506374458213783782e+02
7.508874916061290605e+02
7.511375373908796291e+02
7.513875831756303114e+02
7.516376289603808800e+02
7.518876747451315623e+02
7.521377205298821309e+02
7.523877663146328132e+02
7.526378120993833818e+02
7.528878578841340641e+02
7.531379036688846327e+02
7.533879494536353150e+02
7.536379952383858836e+02
7.538880410231365659e+02
7.541380868078871345e+02
7.543881325926378167e+02
7.546381783773883853e+02
7.548882241621390676e+02
7.551382699468896362e+02
7.553883157316403185e+02
7.556383615163908871e+02
7.558884073011415694e+02
7.561384530858921380e+02
7.563884988706428203e+02
7.566385446553933889e+02
7.568885904401440712e+02
7.571386362248946398e+02
7.573886820096453221e+02
7.576387277943958907e+02
7.578887735791465730e+02
7.581388193638971416e+02
7.583888651486478238e+02
7.586389109333983924e+02
7.588889567181490747e+02
7.591390025028996433e+02
7.593890482876503256e+02
7.596390940724008942e+02
7.598891398571515765e+02
7.601391856419021451e+02
7.603892314266528274e+02
7.606392772114033960e+02
7.608893229961540783e+02
7.611393687809046469e+02
7.613894145656553292e+02
7.616394603504058978e+02
7.618895061351565801e+02
7.621395519199071487e+02
7.623895977046578309e+02
7.626396434894083995e+02
7.628896892741590818e+02
7.631397350589096504e+02
7.633897808436603327e+02
7.636398266284109013e+02
7.638898724131615836e+02
7.641399181979121522e+02
7.643899639826628345e+02
7.646400097674134031e+02
7.648900555521640854e+02
7.651401013369146540e+02
7.653901471216653363e+02
7.656401929064159049e+02
7.658902386911665872e+02
7.661402844759171558e+02
7.663903302606678380e+02
7.666403760454184066e+02
7.668904218301690889e+02
7.671404676149196575e+02
7.673905133996703398e+02
7.676405591844209084e+02
7.678906049691715907e+02
7.681406507539222730e+02
7.683906965386728416e+02
7.686407423234235239e+02
7.688907881081740925e+02
7.691408338929247748e+02
7.693908796776753434e+02
7.696409254624260257e+02
7.698909712471765943e+02
7.701410170319272765e+02
7.703910628166778451e+02
7.706411086014285274e+02
7.708911543861790960e+02
7.711412001709297783e+02
7.713912459556803469e+02
7.716412917404310292e+02
7.718913375251815978e+02
7.721413833099322801e+02
7.723914290946828487e+02
7.726414748794335310e+02
7.728915206641840996e+02
7.731415664489347819e+02
7.733916122336853505e+02
7.736416580184360328e+02
7.738917038031866014e+02
7.741417495879372836e+02
7.743917953726878523e+02
7.746418411574385345e+02
7.748918869421891031e+02
7.751419327269397854e+02
7.753919785116903540e+02
7.756420242964410363e+02
7.758920700811916049e+02
7.761421158659422872e+02
7.763921616506928558e+02
7.766422074354435381e+02
7.768922532201941067e+02
7.771422990049447890e+02
7.773923447896953576e+02
7.776423905744460399e+02
7.778924363591966085e+02
7.781424821439472908e+02
7.783925279286978594e+02
7.786425737134485416e+02
7.788926194981991102e+02
7.791426652829497925e+02
7.793927110677003611e+02
7.796427568524510434e+02
7.798928026372016120e+02
7.801428484219522943e+02
7.803928942067028629e+02
7.806429399914535452e+02
7.808929857762041138e+02
7.811430315609547961e+02
7.813930773457053647e+02
7.816431231304560470e+02
7.818931689152066156e+02
7.821432146999572979e+02
7.823932604847078665e+02
7.826433062694585487e+02
7.828933520542091173e+02
7.831433978389597996e+02
7.833934436237103682e+02
7.836434894084610505e+02
7.838935351932116191e+02
7.841435809779623014e+02
7.843936267627128700e+02
7.846436725474635523e+02
7.848937183322141209e+02
7.851437641169648032e+02
7.853938099017153718e+02
7.856438556864660541e+02
7.858939014712166227e+02
7.861439472559673050e+02
7.863939930407178736e+02
7.866440388254685558e+02
7.868940846102191244e+02
7.871441303949698067e+02
7.873941761797203753e+02
7.876442219644710576e+02
7.878942677492216262e+02
7.881443135339723085e+02
7.883943593187228771e+02
7.886444051034735594e+02
7.888944508882241280e+02
7.891444966729748103e+02
7.893945424577253789e+02
7.896445882424760612e+02
7.898946340272266298e+02
7.901446798119773121e+02
7.903947255967278807e+02
7.906447713814785629e+02
7.908948171662291315e+02
7.911448629509798138e+02
7.913949087357303824e+02
7.916449545204810647e+02
7.918950003052316333e+02
7.921450460899823156e+02
7.923950918747328842e+02
7.926451376594835665e+02
7.928951834442341351e+02
7.931452292289848174e+02
7.933952750137353860e+02
7.936453207984860683e+02
7.938953665832366369e+02
7.941454123679873192e+02
7.943954581527378878e+02
7.946455039374885700e+02
7.948955497222391386e+02
7.951455955069898209e+02
7.953956412917403895e+02
7.956456870764910718e+02
7.958957328612416404e+02
7.961457786459923227e+02
7.963958244307428913e+02
7.966458702154935736e+02
7.968959160002441422e+02
7.971459617849948245e+02
7.973960075697453931e+02
7.976460533544960754e+02
7.978960991392466440e+02
7.981461449239973263e+02
7.983961907087478949e+02
7.986462364934985771e+02
7.988962822782491457e+02
7.991463280629998280e+02
7.993963738477503966e+02
7.996464196325010789e+02
7.998964654172516475e+02
8.001465112020023298e+02
8.003965569867528984e+02
8.006466027715035807e+02
8.008966485562541493e+02
8.011466943410048316e+02
8.013967401257554002e+02
8.016467859105060825e+02
8.018968316952566511e+02
8.021468774800073334e+02
8.023969232647579020e+02
8.026469690495085842e+02
8.028970148342591528e+02
8.031470606190098351e+02
8.033971064037604037e+02
8.036471521885110860e+02
8.038971979732616546e+02
8.041472437580123369e+02
8.043972895427629055e+02
8.046473353275135878e+02
8.048973811122641564e+02
8.051474268970148387e+02
8.053974726817654073e+02
8.056475184665160896e+02
8.058975642512666582e+02
8.061476100360173405e+02
8.063976558207679091e+02
8.066477016055185914e+02
8.068977473902691600e+02
8.071477931750198422e+02
8.073978389597704108e+02
8.076478847445210931e+02
8.078979305292716617e+02
8.081479763140223440e+02
8.083980220987729126e+02
8.086480678835235949e+02
8.088981136682741635e+02
8.091481594530248458e+02
8.093982052377754144e+02
8.096482510225260967e+02
8.098982968072766653e+02
8.101483425920273476e+02
8.103983883767779162e+02
8.106484341615285985e+02
8.108984799462791671e+02
8.111485257310298493e+02
8.113985715157804179e+02
8.116486173005311002e+02
8.118986630852816688e+02
8.121487088700323511e+02
8.123987546547829197e+02
8.126488004395336020e+02
8.128988462242841706e+02
8.131488920090348529e+02
8.133989377937854215e+02
8.136489835785361038e+02
8.138990293632866724e+02
8.141490751480373547e+02
8.143991209327879233e+02
8.146491667175386056e+02
8.148992125022891742e+02
8.151492582870398564e+02
8.153993040717904250e+02
8.156493498565411073e+02
8.158993956412916759e+02
8.161494414260423582e+02
8.163994872107929268e+02
8.166495329955436091e+02
8.168995787802941777e+02
8.171496245650448600e+02
8.173996703497954286e+02
8.176497161345461109e+02
8.178997619192966795e+02
8.181498077040473618e+02
8.183998534887979304e+02
8.186498992735486127e+02
8.188999450582991813e+02
8.191499908430498635e+02
8.194000366278005458e+02
8.196500824125511144e+02
8.199001281973017967e+02
8.201501739820523653e+02
8.204002197668030476e+02
8.206502655515536162e+02
8.209003113363042985e+02
8.211503571210548671e+02
8.214004029058055494e+02
8.216504486905561180e+02
8.219004944753068003e+02
8.221505402600573689e+02
8.224005860448080512e+02
8.226506318295586198e+02
8.229006776143093020e+02
8.231507233990598706e+02
8.234007691838105529e+02
8.236508149685611215e+02
8.239008607533118038e+02
8.241509065380623724e+02
8.244009523228130547e+02
8.246509981075636233e+02
8.249010438923143056e+02
8.251510896770648742e+02
8.254011354618155565e+02
8.256511812465661251e+02
8.259012270313168074e+02
8.261512728160673760e+02
8.264013186008180583e+02
8.266513643855686269e+02
8.269014101703193091e+02
8.271514559550698777e+02
8.274015017398205600e+02
8.276515475245711286e+02
8.279015933093218109e+02
8.281516390940723795e+02
8.284016848788230618e+02
8.286517306635736304e+02
8.289017764483243127e+02
8.291518222330748813e+02
8.294018680178255636e+02
8.296519138025761322e+02
8.299019595873268145e+02
8.301520053720773831e+02
8.304020511568280654e+02
8.306520969415786340e+02
8.309021427263293162e+02
8.311521885110798848e+02
8.314022342958305671e+02
8.316522800805811357e+02
8.319023258653318180e+02
8.321523716500823866e+02
8.324024174348330689e+02
8.326524632195836375e+02
8.329025090043343198e+02
8.331525547890848884e+02
8.334026005738355707e+02
8.336526463585861393e+02
8.339026921433368216e+02
8.341527379280873902e+02
8.344027837128380725e+02
8.346528294975886411e+02
8.349028752823393233e+02
8.351529210670898919e+02
8.354029668518405742e+02
8.356530126365911428e+02
8.359030584213418251e+02
8.361531042060923937e+02
8.364031499908430760e+02
8.366531957755936446e+02
8.369032415603443269e+02
8.371532873450948955e+02
8.374033331298455778e+02
8.376533789145961464e+02
8.379034246993468287e+02
8.381534704840973973e+02
8.384035162688480796e+02
8.386535620535986482e+02
8.389036078383493305e+02
8.391536536230998991e+02
8.394036994078505813e+02
8.396537451926011499e+02
8.399037909773518322e+02
8.401538367621024008e+02
8.404038825468530831e+02
8.406539283316036517e+02
8.409039741163543340e+02
8.411540199011049026e+02
8.414040656858555849e+02
8.416541114706061535e+02
8.419041572553568358e+02
8.421542030401074044e+02
8.424042488248580867e+02
8.426542946096086553e+02
8.429043403943593376e+02
8.431543861791099062e+02
8.434044319638605884e+02
8.436544777486111570e+02
8.439045235333618393e+02
8.441545693181124079e+02
8.444046151028630902e+02
8.446546608876136588e+02
8.449047066723643411e+02
8.451547524571149097e+02
8.454047982418655920e+02
8.456548440266161606e+02
8.459048898113668429e+02
8.461549355961174115e+02
8.464049813808680938e+02
8.466550271656186624e+02
8.469050729503693447e+02
8.471551187351199133e+02
8.474051645198705955e+02
8.476552103046211641e+02
8.479052560893718464e+02
8.481553018741224150e+02
8.484053476588730973e+02
8.486553934436236659e+02
8.489054392283743482e+02
8.491554850131249168e+02
8.494055307978755991e+02
8.496555765826261677e+02
8.499056223673768500e+02
8.501556681521274186e+02
8.504057139368781009e+02
8.506557597216286695e+02
8.509058055063793518e+02
8.511558512911299204e+02
8.514058970758806026e+02
8.516559428606311712e+02
8.519059886453818535e+02
8.521560344301324221e+02
8.524060802148831044e+02
8.526561259996336730e+02
8.529061717843843553e+02
8.531562175691349239e+02
8.534062633538856062e+02
8.536563091386361748e+02
8.539063549233868571e+02
8.541564007081374257e+02
8.544064464928881080e+02
8.546564922776386766e+02
8.549065380623893589e+02
8.551565838471399275e+02
8.554066296318906097e+02
8.556566754166411783e+02
8.559067212013918606e+02
8.561567669861424292e+02
8.564068127708931115e+02
8.566568585556436801e+02
8.569069043403943624e+02
8.571569501251449310e+02
8.574069959098956133e+02
8.576570416946461819e+02
8.579070874793968642e+02
8.581571332641474328e+02
8.584071790488981151e+02
8.586572248336486837e+02
8.589072706183993660e+02
8.591573164031499346e+02
8.594073621879006168e+02
8.596574079726511854e+02
8.599074537574018677e+02
8.601574995421524363e+02
8.604075453269031186e+02
8.606575911116536872e+02
8.609076368964043695e+02
8.611576826811549381e+02
8.614077284659056204e+02
8.616577742506561890e+02
8.619078200354068713e+02
8.621578658201574399e+02
8.624079116049081222e+02
8.626579573896586908e+02
8.629080031744093731e+02
8.631580489591599417e+02
8.634080947439106239e+02
8.636581405286611925e+02
8.639081863134118748e+02
8.641582320981624434e+02
8.644082778829131257e+02
8.646583236676636943e+02
8.649083694524143766e+02
8.651584152371649452e+02
8.654084610219156275e+02
8.656585068066661961e+02
8.659085525914168784e+02
8.661585983761674470e+02
8.664086441609181293e+02
8.666586899456686979e+02
8.669087357304193802e+02
8.671587815151699488e+02
8.674088272999206310e+02
8.676588730846711996e+02
8.679089188694218819e+02
8.681589646541724505e+02
8.684090104389231328e+02
8.686590562236737014e+02
8.689091020084243837e+02
8.691591477931749523e+02
8.694091935779256346e+02
8.696592393626762032e+02
8.699092851474268855e+02
8.701593309321774541e+02
8.704093767169281364e+02
8.706594225016788187e+02
8.709094682864293873e+02
8.711595140711800695e+02
8.714095598559306382e+02
8.716596056406813204e+02
8.719096514254318890e+02
8.721596972101825713e+02
8.724097429949331399e+02
8.726597887796838222e+02
8.729098345644343908e+02
8.731598803491850731e+02
8.734099261339356417e+02
8.736599719186863240e+02
8.739100177034368926e+02
8.741600634881875749e+02
8.744101092729381435e+02
8.746601550576888258e+02
8.749102008424393944e+02
8.751602466271900767e+02
8.754102924119406453e+02
8.756603381966913275e+02
8.759103839814418961e+02
8.761604297661925784e+02
8.764104755509431470e+02
8.766605213356938293e+02
8.769105671204443979e+02
8.771606129051950802e+02
8.774106586899456488e+02
8.776607044746963311e+02
8.779107502594468997e+02
8.781607960441975820e+02
8.784108418289481506e+02
8.786608876136988329e+02
8.789109333984494015e+02
8.791609791832000838e+02
8.794110249679506524e+02
8.796610707527013346e+02
8.799111165374519032e+02
8.801611623222025855e+02
8.804112081069531541e+02
8.806612538917038364e+02
8.809112996764544050e+02
8.811613454612050873e+02
8.814113912459556559e+02
8.816614370307063382e+02
8.819114828154569068e+02
8.821615286002075891e+02
8.824115743849581577e+02
8.826616201697088400e+02
8.829116659544594086e+02
8.831617117392100909e+02
8.834117575239606595e+02
8.836618033087113417e+02
8.839118490934619103e+02
8.841618948782125926e+02
8.844119406629631612e+02
8.846619864477138435e+02
8.849120322324644121e+02
8.851620780172150944e+02
8.854121238019656630e+02
8.856621695867163453e+02
8.859122153714669139e+02
8.861622611562175962e+02
8.864123069409681648e+02
8.866623527257188471e+02
8.869123985104694157e+02
8.871624442952200980e+02
8.874124900799706666e+02
8.876625358647213488e+02
8.879125816494719174e+02
8.881626274342225997e+02
8.884126732189731683e+02
8.886627190037238506e+02
8.889127647884744192e+02
8.891628105732251015e+02
8.894128563579756701e+02
8.896629021427263524e+02
8.899129479274769210e+02
8.901629937122276033e+02
8.904130394969781719e+02
8.906630852817288542e+02
8.909131310664794228e+02
8.911631768512301051e+02
8.914132226359806737e+02
8.916632684207313559e+02
8.919133142054819245e+02
8.921633599902326068e+02
8.924134057749831754e+02
8.926634515597338577e+02
8.929134973444844263e+02
8.931635431292351086e+02
8.934135889139856772e+02
8.936636346987363595e+02
8.939136804834869281e+02
8.941637262682376104e+02
8.944137720529881790e+02
8.946638178377388613e+02
8.949138636224894299e+02
8.951639094072401122e+02
8.954139551919906808e+02
8.956640009767413630e+02
8.959140467614919316e+02
8.961640925462426139e+02
8.964141383309931825e+02
8.966641841157438648e+02
8.969142299004944334e+02
8.971642756852451157e+02
8.974143214699956843e+02
8.976643672547463666e+02
8.979144130394969352e+02
8.981644588242476175e+02
8.984145046089981861e+02
8.986645503937488684e+02
8.989145961784994370e+02
8.991646419632501193e+02
8.994146877480006879e+02
8.996647335327513701e+02
8.999147793175019387e+02
9.001648251022526210e+02
9.004148708870031896e+02
9.006649166717538719e+02
9.009149624565044405e+02
9.011650082412551228e+02
9.014150540260056914e+02
9.016650998107563737e+02
9.019151455955069423e+02
9.021651913802576246e+02
9.024152371650081932e+02
9.026652829497588755e+02
9.029153287345094441e+02
9.031653745192601264e+02
9.034154203040106950e+02
9.036654660887613773e+02
9.039155118735119459e+02
9.041655576582626281e+02
9.044156034430131967e+02
9.046656492277638790e+02
9.049156950125144476e+02
9.051657407972651299e+02
9.054157865820156985e+02
9.056658323667663808e+02
9.059158781515169494e+02
9.061659239362676317e+02
9.064159697210182003e+02
9.066660155057688826e+02
9.069160612905194512e+02
9.071661070752701335e+02
9.074161528600207021e+02
9.076661986447713844e+02
9.079162444295219530e+02
9.081662902142726352e+02
9.084163359990232038e+02
9.086663817837738861e+02
9.089164275685244547e+02
9.091664733532751370e+02
9.094165191380257056e+02
9.096665649227763879e+02
9.099166107075269565e+02
9.101666564922776388e+02
9.104167022770282074e+02
9.106667480617788897e+02
9.109167938465294583e+02
9.111668396312801406e+02
9.114168854160307092e+02
9.116669312007813915e+02
9.119169769855319601e+02
9.121670227702826423e+02
9.124170685550332109e+02
9.126671143397838932e+02
9.129171601245344618e+02
9.131672059092851441e+02
9.134172516940357127e+02
9.136672974787863950e+02
9.139173432635369636e+02
9.141673890482876459e+02
9.144174348330382145e+02
9.146674806177888968e+02
9.149175264025394654e+02
9.151675721872901477e+02
9.154176179720407163e+02
9.156676637567913986e+02
9.159177095415419672e+02
9.161677553262926494e+02
9.164178011110432180e+02
9.166678468957939003e+02
9.169178926805444689e+02
9.171679384652951512e+02
9.174179842500457198e+02
9.176680300347964021e+02
9.179180758195469707e+02
9.181681216042976530e+02
9.184181673890482216e+02
9.186682131737989039e+02
9.189182589585494725e+02
9.191683047433001548e+02
9.194183505280507234e+02
9.196683963128014057e+02
9.199184420975519743e+02
9.201684878823026565e+02
9.204185336670532251e+02
9.206685794518039074e+02
9.209186252365544760e+02
9.211686710213051583e+02
9.214187168060557269e+02
9.216687625908064092e+02
9.219188083755570915e+02
9.221688541603076601e+02
9.224188999450583424e+02
9.226689457298089110e+02
9.229189915145595933e+02
9.231690372993101619e+02
9.234190830840608442e+02
9.236691288688114128e+02
9.239191746535620950e+02
9.241692204383126636e+02
9.244192662230633459e+02
9.246693120078139145e+02
9.249193577925645968e+02
9.251694035773151654e+02
9.254194493620658477e+02
9.256694951468164163e+02
9.259195409315670986e+02
9.261695867163176672e+02
9.264196325010683495e+02
9.266696782858189181e+02
9.269197240705696004e+02
9.271697698553201690e+02
9.274198156400708513e+02
9.276698614248214199e+02
9.279199072095721021e+02
9.281699529943226707e+02
9.284199987790733530e+02
9.286700445638239216e+02
9.289200903485746039e+02
9.291701361333251725e+02
9.294201819180758548e+02
9.296702277028264234e+02
9.299202734875771057e+02
9.301703192723276743e+02
9.304203650570783566e+02
9.306704108418289252e+02
9.309204566265796075e+02
9.311705024113301761e+02
9.314205481960808584e+02
9.316705939808314270e+02
9.319206397655821092e+02
9.321706855503326778e+02
9.324207313350833601e+02
9.326707771198339287e+02
9.329208229045846110e+02
9.331708686893351796e+02
9.334209144740858619e+02
9.336709602588364305e+02
9.339210060435871128e+02
9.341710518283376814e+02
9.344210976130883637e+02
9.346711433978389323e+02
9.349211891825896146e+02
9.351712349673401832e+02
9.354212807520908655e+02
9.356713265368414341e+02
9.359213723215921164e+02
9.361714181063426850e+02
9.364214638910933672e+02
9.366715096758439358e+02
9.369215554605946181e+02
9.371716012453451867e+02
9.374216470300958690e+02
9.376716928148464376e+02
9.379217385995971199e+02
9.381717843843476885e+02
9.384218301690983708e+02
9.386718759538489394e+02
9.389219217385996217e+02
9.391719675233501903e+02
9.394220133081008726e+02
9.396720590928514412e+02
9.399221048776021235e+02
9.401721506623526921e+02
9.404221964471033743e+02
9.406722422318539429e+02
9.409222880166046252e+02
9.411723338013551938e+02
9.414223795861058761e+02
9.416724253708564447e+02
9.419224711556071270e+02
9.421725169403576956e+02
9.424225627251083779e+02
9.426726085098589465e+02
9.429226542946096288e+02
9.431727000793601974e+02
9.434227458641108797e+02
9.436727916488614483e+02
9.439228374336121306e+02
9.441728832183626992e+02
9.444229290031133814e+02
9.446729747878639500e+02
9.449230205726146323e+02
9.451730663573652009e+02
9.454231121421158832e+02
9.456731579268664518e+02
9.459232037116171341e+02
9.461732494963677027e+02
9.464232952811183850e+02
9.466733410658689536e+02
9.469233868506196359e+02
9.471734326353702045e+02
9.474234784201208868e+02
9.476735242048714554e+02
9.479235699896221377e+02
9.481736157743727063e+02
9.484236615591233885e+02
9.486737073438739571e+02
9.489237531286246394e+02
9.491737989133752080e+02
9.494238446981258903e+02
9.496738904828764589e+02
9.499239362676271412e+02
9.501739820523777098e+02
9.504240278371283921e+02
9.506740736218789607e+02
9.509241194066296430e+02
9.511741651913802116e+02
9.514242109761308939e+02
9.516742567608814625e+02
9.519243025456321448e+02
9.521743483303827134e+02
9.524243941151333956e+02
9.526744398998839642e+02
9.529244856846346465e+02
9.531745314693852151e+02
9.534245772541358974e+02
9.536746230388864660e+02
9.539246688236371483e+02
9.541747146083877169e+02
9.544247603931383992e+02
9.546748061778889678e+02
9.549248519626396501e+02
9.551748977473902187e+02
9.554249435321409010e+02
9.556749893168914696e+02
9.559250351016421519e+02
9.561750808863927205e+02
9.564251266711434027e+02
9.566751724558939713e+02
9.569252182406446536e+02
9.571752640253952222e+02
9.574253098101459045e+02
9.576753555948964731e+02
9.579254013796471554e+02
9.581754471643977240e+02
9.584254929491484063e+02
9.586755387338989749e+02
9.589255845186496572e+02
9.591756303034002258e+02
9.594256760881509081e+02
9.596757218729014767e+02
9.599257676576521590e+02
9.601758134424027276e+02
9.604258592271534098e+02
9.606759050119039784e+02
9.609259507966546607e+02
9.611759965814052293e+02
9.614260423661559116e+02
9.616760881509064802e+02
9.619261339356571625e+02
9.621761797204077311e+02
9.624262255051584134e+02
9.626762712899089820e+02
9.629263170746596643e+02
9.631763628594102329e+02
9.634264086441609152e+02
9.636764544289114838e+02
9.639265002136621661e+02
9.641765459984127347e+02
9.644265917831634169e+02
9.646766375679139855e+02
9.649266833526646678e+02
9.651767291374152364e+02
9.654267749221659187e+02
9.656768207069164873e+02
9.659268664916671696e+02
9.661769122764177382e+02
9.664269580611684205e+02
9.666770038459189891e+02
9.669270496306696714e+02
9.671770954154202400e+02
9.674271412001709223e+02
9.676771869849214909e+02
9.679272327696721732e+02
9.681772785544227418e+02
9.684273243391734241e+02
9.686773701239239927e+02
9.689274159086746749e+02
9.691774616934252435e+02
9.694275074781759258e+02
9.696775532629264944e+02
9.699275990476771767e+02
9.701776448324277453e+02
9.704276906171784276e+02
9.706777364019289962e+02
9.709277821866796785e+02
9.711778279714302471e+02
9.714278737561809294e+02
9.716779195409314980e+02
9.719279653256821803e+02
9.721780111104327489e+02
9.724280568951834312e+02
9.726781026799339998e+02
9.729281484646846820e+02
9.731781942494353643e+02
9.734282400341859329e+02
9.736782858189366152e+02
9.739283316036871838e+02
9.741783773884378661e+02
9.744284231731884347e+02
9.746784689579391170e+02
9.749285147426896856e+02
9.751785605274403679e+02
9.754286063121909365e+02
9.756786520969416188e+02
9.759286978816921874e+02
9.761787436664428697e+02
9.764287894511934383e+02
9.766788352359441205e+02
9.769288810206946891e+02
9.771789268054453714e+02
9.774289725901959400e+02
9.776790183749466223e+02
9.779290641596971909e+02
9.781791099444478732e+02
9.784291557291984418e+02
9.786792015139491241e+02
9.789292472986996927e+02
9.791792930834503750e+02
9.794293388682009436e+02
9.796793846529516259e+02
9.799294304377021945e+02
9.801794762224528768e+02
9.804295220072034454e+02
9.806795677919541276e+02
9.809296135767046962e+02
9.811796593614553785e+02
9.814297051462059471e+02
9.816797509309566294e+02
9.819297967157071980e+02
9.821798425004578803e+02
9.824298882852084489e+02
9.826799340699591312e+02
9.829299798547096998e+02
9.831800256394603821e+02
9.834300714242109507e+02
9.836801172089616330e+02
9.839301629937122016e+02
9.841802087784628839e+02
9.844302545632134525e+02
9.846803003479641347e+02
9.849303461327147033e+02
9.851803919174653856e+02
9.854304377022159542e+02
9.856804834869666365e+02
9.859305292717172051e+02
9.861805750564678874e+02
9.864306208412184560e+02
9.866806666259691383e+02
9.869307124107197069e+02
9.871807581954703892e+02
9.874308039802209578e+02
9.876808497649716401e+02
9.879308955497222087e+02
9.881809413344728910e+02
9.884309871192234596e+02
9.886810329039741418e+02
9.889310786887247104e+02
9.891811244734753927e+02
9.894311702582259613e+02
9.896812160429766436e+02
9.899312618277272122e+02
9.901813076124778945e+02
9.904313533972284631e+02
9.906813991819791454e+02
9.909314449667297140e+02
9.911814907514803963e+02
9.914315365362309649e+02
9.916815823209816472e+02
9.919316281057322158e+02
9.921816738904828981e+02
9.924317196752334667e+02
9.926817654599841489e+02
9.929318112447347175e+02
9.931818570294853998e+02
9.934319028142359684e+02
9.936819485989866507e+02
9.939319943837372193e+02
9.941820401684879016e+02
9.944320859532384702e+02
9.946821317379891525e+02
9.949321775227397211e+02
9.951822233074904034e+02
9.954322690922409720e+02
9.956823148769916543e+02
9.959323606617422229e+02
9.961824064464929052e+02
9.964324522312434738e+02
9.966824980159941560e+02
9.969325438007447246e+02
9.971825895854954069e+02
9.974326353702459755e+02
9.976826811549966578e+02
9.979327269397472264e+02
9.981827727244979087e+02
9.984328185092484773e+02
9.986828642939991596e+02
9.989329100787497282e+02
9.991829558635004105e+02
9.994330016482509791e+02
9.996830474330016614e+02
9.999330932177522300e+02
1.000183139002502912e+03
1.000433184787253481e+03
1.000683230572004163e+03
1.000933276356754732e+03
1.001183322141505414e+03
1.001433367926255983e+03
1.001683413711006665e+03
1.001933459495757234e+03
1.002183505280507916e+03
1.002433551065258484e+03
1.002683596850009167e+03
1.002933642634759735e+03
1.003183688419510418e+03
1.003433734204260986e+03
1.003683779989011668e+03
1.003933825773762237e+03
1.004183871558512919e+03
1.004433917343263488e+03
1.004683963128014170e+03
1.004934008912764739e+03
1.005184054697515421e+03
1.005434100482265990e+03
1.005684146267016672e+03
1.005934192051767241e+03
1.006184237836517923e+03
1.006434283621268492e+03
1.006684329406019174e+03
1.006934375190769742e+03
1.007184420975520425e+03
1.007434466760270993e+03
1.007684512545021676e+03
1.007934558329772244e+03
1.008184604114522926e+03
1.008434649899273495e+03
1.008684695684024177e+03
1.008934741468774746e+03
1.009184787253525428e+03
1.009434833038275997e+03
1.009684878823026679e+03
1.009934924607777248e+03
1.010184970392527930e+03
1.010435016177278499e+03
1.010685061962029181e+03
1.010935107746779750e+03
1.011185153531530432e+03
1.011435199316281000e+03
1.011685245101031683e+03
1.011935290885782251e+03
1.012185336670532934e+03
1.012435382455283502e+03
1.012685428240034184e+03
1.012935474024784753e+03
1.013185519809535435e+03
1.013435565594286004e+03
1.013685611379036686e+03
1.013935657163787255e+03
1.014185702948537937e+03
1.014435748733288506e+03
1.014685794518039188e+03
1.014935840302789757e+03
1.015185886087540439e+03
1.015435931872291007e+03
1.015685977657041690e+03
1.015936023441792258e+03
1.016186069226542941e+03
1.016436115011293509e+03
1.016686160796044192e+03
1.016936206580794760e+03
1.017186252365545442e+03
1.017436298150296011e+03
1.017686343935046693e+03
1.017936389719797262e+03
1.018186435504547944e+03
1.018436481289298513e+03
1.018686527074049195e+03
1.018936572858799764e+03
1.019186618643550446e+03
1.019436664428301015e+03
1.019686710213051697e+03
1.019936755997802265e+03
1.020186801782552948e+03
1.020436847567303516e+03
1.020686893352054199e+03
1.020936939136804767e+03
1.021186984921555450e+03
1.021437030706306018e+03
1.021687076491056700e+03
1.021937122275807269e+03
1.022187168060557951e+03
1.022437213845308520e+03
1.022687259630059202e+03
1.022937305414809771e+03
1.023187351199560453e+03
1.023437396984311022e+03
1.023687442769061704e+03
1.023937488553812273e+03
1.024187534338562955e+03
1.024437580123313637e+03
1.024687625908064319e+03
1.024937671692814774e+03
1.025187717477565457e+03
1.025437763262316139e+03
1.025687809047066821e+03
1.025937854831817276e+03
1.026187900616567958e+03
1.026437946401318641e+03
1.026687992186069323e+03
1.026938037970819778e+03
1.027188083755570460e+03
1.027438129540321142e+03
1.027688175325071825e+03
1.027938221109822280e+03
1.028188266894572962e+03
1.028438312679323644e+03
1.028688358464074327e+03
1.028938404248824781e+03
1.029188450033575464e+03
1.029438495818326146e+03
1.029688541603076828e+03
1.029938587387827283e+03
1.030188633172577966e+03
1.030438678957328648e+03
1.030688724742079330e+03
1.030938770526829785e+03
1.031188816311580467e+03
1.031438862096331150e+03
1.031688907881081832e+03
1.031938953665832287e+03
1.032188999450582969e+03
1.032439045235333651e+03
1.032689091020084334e+03
1.032939136804834789e+03
1.033189182589585471e+03
1.033439228374336153e+03
1.033689274159086835e+03
1.033939319943837290e+03
1.034189365728587973e+03
1.034439411513338655e+03
1.034689457298089337e+03
1.034939503082839792e+03
1.035189548867590474e+03
1.035439594652341157e+03
1.035689640437091839e+03
1.035939686221842294e+03
1.036189732006592976e+03
1.036439777791343658e+03
1.036689823576094341e+03
1.036939869360844796e+03
1.037189915145595478e+03
1.037439960930346160e+03
1.037690006715096843e+03
1.037940052499847297e+03
1.038190098284597980e+03
1.038440144069348662e+03
1.038690189854099344e+03
1.038940235638849799e+03
1.039190281423600482e+03
1.039440327208351164e+03
1.039690372993101846e+03
1.039940418777852301e+03
1.040190464562602983e+03
1.040440510347353666e+03
1.040690556132104348e+03
1.040940601916854803e+03
1.041190647701605485e+03
1.041440693486356167e+03
1.041690739271106850e+03
1.041940785055857305e+03
1.042190830840607987e+03
1.042440876625358669e+03
1.042690922410109351e+03
1.042940968194859806e+03
1.043191013979610489e+03
1.043441059764361171e+03
1.043691105549111853e+03
1.043941151333862308e+03
1.044191197118612990e+03
1.044441242903363673e+03
1.044691288688114355e+03
1.044941334472864810e+03
1.045191380257615492e+03
1.045441426042366174e+03
1.045691471827116857e+03
1.045941517611867312e+03
1.046191563396617994e+03
1.046441609181368676e+03
1.046691654966119359e+03
1.046941700750869813e+03
1.047191746535620496e+03
1.047441792320371178e+03
1.047691838105121860e+03
1.047941883889872315e+03
1.048191929674622997e+03
1.048441975459373680e+03
1.048692021244124362e+03
1.048942067028874817e+03
1.049192112813625499e+03
1.049442158598376182e+03
1.049692204383126864e+03
1.049942250167877319e+03
1.050192295952628001e+03
1.050442341737378683e+03
1.050692387522129366e+03
1.050942433306879821e+03
1.051192479091630503e+03
1.051442524876381185e+03
1.051692570661131867e+03
1.051942616445882322e+03
1.052192662230633005e+03
1.052442708015383687e+03
1.052692753800134369e+03
1.052942799584884824e+03
1.053192845369635506e+03
1.053442891154386189e+03
1.053692936939136871e+03
1.053942982723887326e+03
1.054193028508638008e+03
1.054443074293388690e+03
1.054693120078139373e+03
1.054943165862889828e+03
1.055193211647640510e+03
1.055443257432391192e+03
1.055693303217141874e+03
1.055943349001892329e+03
1.056193394786643012e+03
1.056443440571393694e+03
1.056693486356144376e+03
1.056943532140894831e+03
1.057193577925645513e+03
1.057443623710396196e+03
1.057693669495146878e+03
1.057943715279897333e+03
1.058193761064648015e+03
1.058443806849398698e+03
1.058693852634149380e+03
1.058943898418899835e+03
1.059193944203650517e+03
1.059443989988401199e+03
1.059694035773151882e+03
1.059944081557902336e+03
1.060194127342653019e+03
1.060444173127403701e+03
1.060694218912154383e+03
1.060944264696904838e+03
1.061194310481655521e+03
1.061444356266406203e+03
1.061694402051156885e+03
1.061944447835907340e+03
1.062194493620658022e+03
1.062444539405408705e+03
1.062694585190159387e+03
1.062944630974909842e+03
1.063194676759660524e+03
1.063444722544411206e+03
1.063694768329161889e+03
1.063944814113912344e+03
1.064194859898663026e+03
1.064444905683413708e+03
1.064694951468164390e+03
1.064944997252914845e+03
1.065195043037665528e+03
1.065445088822416210e+03
1.065695134607166892e+03
1.065945180391917347e+03
1.066195226176668029e+03
1.066445271961418712e+03
1.066695317746169394e+03
1.066945363530919849e+03
1.067195409315670531e+03
1.067445455100421214e+03
1.067695500885171896e+03
1.067945546669922351e+03
1.068195592454673033e+03
1.068445638239423715e+03
1.068695684024174398e+03
1.068945729808924852e+03
1.069195775593675535e+03
1.069445821378426217e+03
1.069695867163176899e+03
1.069945912947927354e+03
1.070195958732678037e+03
1.070446004517428719e+03
1.070696050302179401e+03
1.070946096086929856e+03
1.071196141871680538e+03
1.071446187656431221e+03
1.071696233441181903e+03
1.071946279225932358e+03
1.072196325010683040e+03
1.072446370795433722e+03
1.072696416580184405e+03
1.072946462364934860e+03
1.073196508149685542e+03
1.073446553934436224e+03
1.073696599719186906e+03
1.073946645503937361e+03
1.074196691288688044e+03
1.074446737073438726e+03
1.074696782858189408e+03
1.074946828642939863e+03
1.075196874427690545e+03
1.075446920212441228e+03
1.075696965997191910e+03
1.075947011781942592e+03
1.076197057566693047e+03
1.076447103351443729e+03
1.076697149136194412e+03
1.076947194920945094e+03
1.077197240705695549e+03
1.077447286490446231e+03
1.077697332275196914e+03
1.077947378059947596e+03
1.078197423844698051e+03
1.078447469629448733e+03
1.078697515414199415e+03
1.078947561198950098e+03
1.079197606983700553e+03
1.079447652768451235e+03
1.079697698553201917e+03
1.079947744337952599e+03
1.080197790122703054e+03
1.080447835907453737e+03
1.080697881692204419e+03
1.080947927476955101e+03
1.081197973261705556e+03
1.081448019046456238e+03
1.081698064831206921e+03
1.081948110615957603e+03
1.082198156400708058e+03
1.082448202185458740e+03
1.082698247970209422e+03
1.082948293754960105e+03
1.083198339539710560e+03
1.083448385324461242e+03
1.083698431109211924e+03
1.083948476893962606e+03
1.084198522678713061e+03
1.084448568463463744e+03
1.084698614248214426e+03
1.084948660032965108e+03
1.085198705817715563e+03
1.085448751602466245e+03
1.085698797387216928e+03
1.085948843171967610e+03
1.086198888956718065e+03
1.086448934741468747e+03
1.086698980526219430e+03
1.086949026310970112e+03
1.087199072095720567e+03
1.087449117880471249e+03
1.087699163665221931e+03
1.087949209449972614e+03
1.088199255234723068e+03
1.088449301019473751e+03
1.088699346804224433e+03
1.088949392588975115e+03
1.089199438373725570e+03
1.089449484158476253e+03
1.089699529943226935e+03
1.089949575727977617e+03
1.090199621512728072e+03
1.090449667297478754e+03
1.090699713082229437e+03
1.090949758866980119e+03
1.091199804651730574e+03
1.091449850436481256e+03
1.091699896221231938e+03
1.091949942005982621e+03
1.092199987790733076e+03
1.092450033575483758e+03
1.092700079360234440e+03
1.092950125144985122e+03
1.093200170929735577e+03
1.093450216714486260e+03
1.093700262499236942e+03
1.093950308283987624e+03
1.094200354068738079e+03
1.094450399853488761e+03
1.094700445638239444e+03
1.094950491422990126e+03
1.095200537207740581e+03
1.095450582992491263e+03
1.095700628777241945e+03
1.095950674561992628e+03
1.096200720346743083e+03
1.096450766131493765e+03
1.096700811916244447e+03
1.096950857700995130e+03
1.097200903485745584e+03
1.097450949270496267e+03
1.097700995055246949e+03
1.097951040839997631e+03
1.098201086624748086e+03
1.098451132409498769e+03
1.098701178194249451e+03
1.098951223979000133e+03
1.099201269763750588e+03
1.099451315548501270e+03
1.099701361333251953e+03
1.099951407118002635e+03
1.100201452902753090e+03
1.100451498687503772e+03
1.100701544472254454e+03
1.100951590257005137e+03
1.101201636041755592e+03
1.101451681826506274e+03
1.101701727611256956e+03
1.101951773396007638e+03
1.102201819180758093e+03
1.102451864965508776e+03
1.102701910750259458e+03
1.102951956535010140e+03
1.103202002319760595e+03
1.103452048104511277e+03
1.103702093889261960e+03
1.103952139674012642e+03
1.104202185458763097e+03
1.104452231243513779e+03
1.104702277028264461e+03
1.104952322813015144e+03
1.105202368597765599e+03
1.105452414382516281e+03
1.105702460167266963e+03
1.105952505952017646e+03
1.106202551736768100e+03
1.106452597521518783e+03
1.106702643306269465e+03
1.106952689091020147e+03
1.107202734875770602e+03
1.107452780660521285e+03
1.107702826445271967e+03
1.107952872230022649e+03
1.108202918014773104e+03
1.108452963799523786e+03
1.108703009584274469e+03
1.108953055369025151e+03
1.109203101153775606e+03
1.109453146938526288e+03
1.109703192723276970e+03
1.109953238508027653e+03
1.110203284292778108e+03
1.110453330077528790e+03
1.110703375862279472e+03
1.110953421647030154e+03
1.111203467431780609e+03
1.111453513216531292e+03
1.111703559001281974e+03
1.111953604786032656e+03
1.112203650570783111e+03
1.112453696355533793e+03
1.112703742140284476e+03
1.112953787925035158e+03
1.113203833709785613e+03
1.113453879494536295e+03
1.113703925279286977e+03
1.113953971064037660e+03
1.114204016848788115e+03
1.114454062633538797e+03
1.114704108418289479e+03
1.114954154203040162e+03
1.115204199987790616e+03
1.115454245772541299e+03
1.115704291557291981e+03
1.115954337342042663e+03
1.116204383126793118e+03
1.116454428911543800e+03
1.116704474696294483e+03
1.116954520481045165e+03
1.117204566265795620e+03
1.117454612050546302e+03
1.117704657835296985e+03
1.117954703620047667e+03
1.118204749404798122e+03
1.118454795189548804e+03
1.118704840974299486e+03
1.118954886759050169e+03
1.119204932543800624e+03
1.119454978328551306e+03
1.119705024113301988e+03
1.119955069898052670e+03
1.120205115682803125e+03
1.120455161467553808e+03
1.120705207252304490e+03
1.120955253037055172e+03
1.121205298821805627e+03
1.121455344606556309e+03
1.121705390391306992e+03
1.121955436176057674e+03
1.122205481960808129e+03
1.122455527745558811e+03
1.122705573530309493e+03
1.122955619315060176e+03
1.123205665099810631e+03
1.123455710884561313e+03
1.123705756669311995e+03
1.123955802454062677e+03
1.124205848238813132e+03
1.124455894023563815e+03
1.124705939808314497e+03
1.124955985593065179e+03
1.125206031377815634e+03
1.125456077162566316e+03
1.125706122947316999e+03
1.125956168732067681e+03
1.126206214516818136e+03
1.126456260301568818e+03
1.126706306086319501e+03
1.126956351871070183e+03
1.127206397655820865e+03
1.127456443440571320e+03
1.127706489225322002e+03
1.127956535010072685e+03
1.128206580794823367e+03
1.128456626579573822e+03
1.128706672364324504e+03
1.128956718149075186e+03
1.129206763933825869e+03
1.129456809718576324e+03
1.129706855503327006e+03
1.129956901288077688e+03
1.130206947072828370e+03
1.130456992857578825e+03
1.130707038642329508e+03
1.130957084427080190e+03
1.131207130211830872e+03
1.131457175996581327e+03
1.131707221781332009e+03
1.131957267566082692e+03
1.132207313350833374e+03
1.132457359135583829e+03
1.132707404920334511e+03
1.132957450705085193e+03
1.133207496489835876e+03
1.133457542274586331e+03
1.133707588059337013e+03
1.133957633844087695e+03
1.134207679628838378e+03
1.134457725413588832e+03
1.134707771198339515e+03
1.134957816983090197e+03
1.135207862767840879e+03
1.135457908552591334e+03
1.135707954337342017e+03
1.135958000122092699e+03
1.136208045906843381e+03
1.136458091691593836e+03
1.136708137476344518e+03
1.136958183261095201e+03
1.137208229045845883e+03
1.137458274830596338e+03
1.137708320615347020e+03
1.137958366400097702e+03
1.138208412184848385e+03
1.138458457969598840e+03
1.138708503754349522e+03
1.138958549539100204e+03
1.139208595323850886e+03
1.139458641108601341e+03
1.139708686893352024e+03
1.139958732678102706e+03
1.140208778462853388e+03
1.140458824247603843e+03
1.140708870032354525e+03
1.140958915817105208e+03
1.141208961601855890e+03
1.141459007386606345e+03
1.141709053171357027e+03
1.141959098956107709e+03
1.142209144740858392e+03
1.142459190525608847e+03
1.142709236310359529e+03
1.142959282095110211e+03
1.143209327879860894e+03
1.143459373664611348e+03
1.143709419449362031e+03
1.143959465234112713e+03
1.144209511018863395e+03
1.144459556803613850e+03
1.144709602588364532e+03
1.144959648373115215e+03
1.145209694157865897e+03
1.145459739942616352e+03
1.145709785727367034e+03
1.145959831512117717e+03
1.146209877296868399e+03
1.146459923081618854e+03
1.146709968866369536e+03
1.146960014651120218e+03
1.147210060435870901e+03
1.147460106220621356e+03
1.147710152005372038e+03
1.147960197790122720e+03
1.148210243574873402e+03
1.148460289359623857e+03
1.148710335144374540e+03
1.148960380929125222e+03
1.149210426713875904e+03
1.149460472498626359e+03
1.149710518283377041e+03
1.149960564068127724e+03
1.150210609852878406e+03
1.150460655637628861e+03
1.150710701422379543e+03
1.150960747207130225e+03
1.151210792991880908e+03
1.151460838776631363e+03
1.151710884561382045e+03
1.151960930346132727e+03
1.152210976130883409e+03
1.152461021915633864e+03
1.152711067700384547e+03
1.152961113485135229e+03
1.153211159269885911e+03
1.153461205054636366e+03
1.153711250839387048e+03
1.153961296624137731e+03
1.154211342408888413e+03
1.154461388193638868e+03
1.154711433978389550e+03
1.154961479763140233e+03
1.155211525547890915e+03
1.155461571332641370e+03
1.155711617117392052e+03
1.155961662902142734e+03
1.156211708686893417e+03
1.156461754471643872e+03
1.156711800256394554e+03
1.156961846041145236e+03
1.157211891825895918e+03
1.157461937610646373e+03
1.157711983395397056e+03
1.157962029180147738e+03
1.158212074964898420e+03
1.158462120749648875e+03
1.158712166534399557e+03
1.158962212319150240e+03
1.159212258103900922e+03
1.159462303888651377e+03
1.159712349673402059e+03
1.159962395458152741e+03
1.160212441242903424e+03
1.160462487027653879e+03
1.160712532812404561e+03
1.160962578597155243e+03
1.161212624381905925e+03
1.161462670166656380e+03
1.161712715951407063e+03
1.161962761736157745e+03
1.162212807520908427e+03
1.162462853305658882e+03
1.162712899090409564e+03
1.162962944875160247e+03
1.163212990659910929e+03
1.163463036444661384e+03
1.163713082229412066e+03
1.163963128014162749e+03
1.164213173798913431e+03
1.164463219583663886e+03
1.164713265368414568e+03
1.164963311153165250e+03
1.165213356937915933e+03
1.165463402722666387e+03
1.165713448507417070e+03
1.165963494292167752e+03
1.166213540076918434e+03
1.166463585861668889e+03
1.166713631646419572e+03
1.166963677431170254e+03
1.167213723215920936e+03
1.167463769000671391e+03
1.167713814785422073e+03
1.167963860570172756e+03
1.168213906354923438e+03
1.168463952139673893e+03
1.168713997924424575e+03
1.168964043709175257e+03
1.169214089493925940e+03
1.169464135278676395e+03
1.169714181063427077e+03
1.169964226848177759e+03
1.170214272632928441e+03
1.170464318417678896e+03
1.170714364202429579e+03
1.170964409987180261e+03
1.171214455771930943e+03
1.171464501556681398e+03
1.171714547341432080e+03
1.171964593126182763e+03
1.172214638910933445e+03
1.172464684695683900e+03
1.172714730480434582e+03
1.172964776265185264e+03
1.173214822049935947e+03
1.173464867834686402e+03
1.173714913619437084e+03
1.173964959404187766e+03
1.174215005188938449e+03
1.174465050973688903e+03
1.174715096758439586e+03
1.174965142543190268e+03
1.175215188327940950e+03
1.175465234112691405e+03
1.175715279897442088e+03
1.175965325682192770e+03
1.176215371466943452e+03
1.176465417251693907e+03
1.176715463036444589e+03
1.176965508821195272e+03
1.177215554605945954e+03
1.177465600390696409e+03
1.177715646175447091e+03
1.177965691960197773e+03
1.178215737744948456e+03
1.178465783529699138e+03
1.178715829314449593e+03
1.178965875099200275e+03
1.179215920883950957e+03
1.179465966668701640e+03
1.179716012453452095e+03
1.179966058238202777e+03
1.180216104022953459e+03
1.180466149807704141e+03
1.180716195592454596e+03
1.180966241377205279e+03
1.181216287161955961e+03
1.181466332946706643e+03
1.181716378731457098e+03
1.181966424516207780e+03
1.182216470300958463e+03
1.182466516085709145e+03
1.182716561870459600e+03
1.182966607655210282e+03
1.183216653439960965e+03
1.183466699224711647e+03
1.183716745009462102e+03
1.183966790794212784e+03
1.184216836578963466e+03
1.184466882363714149e+03
1.184716928148464604e+03
1.184966973933215286e+03
1.185217019717965968e+03
1.185467065502716650e+03
1.185717111287467105e+03
1.185967157072217788e+03
1.186217202856968470e+03
1.186467248641719152e+03
1.186717294426469607e+03
1.186967340211220289e+03
1.187217385995970972e+03
1.187467431780721654e+03
1.187717477565472109e+03
1.187967523350222791e+03
1.188217569134973473e+03
1.188467614919724156e+03
1.188717660704474611e+03
1.188967706489225293e+03
1.189217752273975975e+03
1.189467798058726657e+03
1.189717843843477112e+03
1.189967889628227795e+03
1.190217935412978477e+03
1.190467981197729159e+03
1.190718026982479614e+03
1.190968072767230296e+03
1.191218118551980979e+03
1.191468164336731661e+03
1.191718210121482116e+03
1.191968255906232798e+03
1.192218301690983481e+03
1.192468347475734163e+03
1.192718393260484618e+03
1.192968439045235300e+03
1.193218484829985982e+03
1.193468530614736665e+03
1.193718576399487119e+03
1.193968622184237802e+03
1.194218667968988484e+03
1.194468713753739166e+03
1.194718759538489621e+03
1.194968805323240304e+03
1.195218851107990986e+03
1.195468896892741668e+03
1.195718942677492123e+03
1.195968988462242805e+03
1.196219034246993488e+03
1.196469080031744170e+03
1.196719125816494625e+03
1.196969171601245307e+03
1.197219217385995989e+03
1.197469263170746672e+03
1.197719308955497127e+03
1.197969354740247809e+03
1.198219400524998491e+03
1.198469446309749173e+03
1.198719492094499628e+03
1.198969537879250311e+03
1.199219583664000993e+03
1.199469629448751675e+03
1.199719675233502130e+03
1.199969721018252812e+03
1.200219766803003495e+03
1.200469812587754177e+03
1.200719858372504632e+03
1.200969904157255314e+03
1.201219949942005996e+03
1.201469995726756679e+03
1.201720041511507134e+03
1.201970087296257816e+03
1.202220133081008498e+03
1.202470178865759181e+03
1.202720224650509635e+03
1.202970270435260318e+03
1.203220316220011000e+03
1.203470362004761682e+03
1.203720407789512137e+03
1.203970453574262820e+03
1.204220499359013502e+03
1.204470545143764184e+03
1.204720590928514639e+03
1.204970636713265321e+03
1.205220682498016004e+03
1.205470728282766686e+03
1.205720774067517141e+03
1.205970819852267823e+03
1.206220865637018505e+03
1.206470911421769188e+03
1.206720957206519643e+03
1.206971002991270325e+03
1.207221048776021007e+03
1.207471094560771689e+03
1.207721140345522144e+03
1.207971186130272827e+03
1.208221231915023509e+03
1.208471277699774191e+03
1.208721323484524646e+03
1.208971369269275328e+03
1.209221415054026011e+03
1.209471460838776693e+03
1.209721506623527148e+03
1.209971552408277830e+03
1.210221598193028512e+03
1.210471643977779195e+03
1.210721689762529650e+03
1.210971735547280332e+03
1.211221781332031014e+03
1.211471827116781697e+03
1.211721872901532151e+03
1.211971918686282834e+03
1.212221964471033516e+03
1.212472010255784198e+03
1.212722056040534653e+03
1.212972101825285336e+03
1.213222147610036018e+03
1.213472193394786700e+03
1.213722239179537155e+03
1.213972284964287837e+03
1.214222330749038520e+03
1.214472376533789202e+03
1.214722422318539657e+03
1.214972468103290339e+03
1.215222513888041021e+03
1.215472559672791704e+03
1.215722605457542159e+03
1.215972651242292841e+03
1.216222697027043523e+03
1.216472742811794205e+03
1.216722788596544660e+03
1.216972834381295343e+03
1.217222880166046025e+03
1.217472925950796707e+03
1.217722971735547162e+03
1.217973017520297844e+03
1.218223063305048527e+03
1.218473109089799209e+03
1.218723154874549664e+03
1.218973200659300346e+03
1.219223246444051028e+03
1.219473292228801711e+03
1.219723338013552166e+03
1.219973383798302848e+03
1.220223429583053530e+03
1.220473475367804213e+03
1.220723521152554667e+03
1.220973566937305350e+03
1.221223612722056032e+03
1.221473658506806714e+03
1.221723704291557169e+03
1.221973750076307851e+03
1.222223795861058534e+03
1.222473841645809216e+03
1.222723887430559671e+03
1.222973933215310353e+03
1.223223979000061036e+03
1.223474024784811718e+03
1.223724070569562173e+03
1.223974116354312855e+03
1.224224162139063537e+03
1.224474207923814220e+03
1.224724253708564675e+03
1.224974299493315357e+03
1.225224345278066039e+03
1.225474391062816721e+03
1.225724436847567176e+03
1.225974482632317859e+03
1.226224528417068541e+03
1.226474574201819223e+03
1.226724619986569678e+03
1.226974665771320360e+03
1.227224711556071043e+03
1.227474757340821725e+03
1.227724803125572180e+03
1.227974848910322862e+03
1.228224894695073544e+03
1.228474940479824227e+03
1.228724986264574682e+03
1.228975032049325364e+03
1.229225077834076046e+03
1.229475123618826728e+03
1.229725169403577411e+03
1.229975215188327866e+03
1.230225260973078548e+03
1.230475306757829230e+03
1.230725352542579913e+03
1.230975398327330367e+03
1.231225444112081050e+03
1.231475489896831732e+03
1.231725535681582414e+03
1.231975581466332869e+03
1.232225627251083552e+03
1.232475673035834234e+03
1.232725718820584916e+03
1.232975764605335371e+03
1.233225810390086053e+03
1.233475856174836736e+03
1.233725901959587418e+03
1.233975947744337873e+03
1.234225993529088555e+03
1.234476039313839237e+03
1.234726085098589920e+03
1.234976130883340375e+03
1.235226176668091057e+03
1.235476222452841739e+03
1.235726268237592421e+03
1.235976314022342876e+03
1.236226359807093559e+03
1.236476405591844241e+03
1.236726451376594923e+03
1.236976497161345378e+03
1.237226542946096060e+03
1.237476588730846743e+03
1.237726634515597425e+03
1.237976680300347880e+03
1.238226726085098562e+03
1.238476771869849244e+03
1.238726817654599927e+03
1.238976863439350382e+03
1.239226909224101064e+03
1.239476955008851746e+03
1.239727000793602429e+03
1.239977046578352883e+03
1.240227092363103566e+03
1.240477138147854248e+03
1.240727183932604930e+03
1.240977229717355385e+03
1.241227275502106068e+03
1.241477321286856750e+03
1.241727367071607432e+03
1.241977412856357887e+03
1.242227458641108569e+03
1.242477504425859252e+03
1.242727550210609934e+03
1.242977595995360389e+03
1.243227641780111071e+03
1.243477687564861753e+03
1.243727733349612436e+03
1.243977779134362891e+03
1.244227824919113573e+03
1.244477870703864255e+03
1.244727916488614937e+03
1.244977962273365392e+03
1.245228008058116075e+03
1.245478053842866757e+03
1.245728099627617439e+03
1.245978145412367894e+03
1.246228191197118576e+03
1.246478236981869259e+03
1.246728282766619941e+03
1.246978328551370396e+03
1.247228374336121078e+03
1.247478420120871760e+03
1.247728465905622443e+03
1.247978511690372898e+03
1.248228557475123580e+03
1.248478603259874262e+03
1.248728649044624945e+03
1.248978694829375399e+03
1.249228740614126082e+03
1.249478786398876764e+03
1.249728832183627446e+03
1.249978877968377901e+03
1.250228923753128583e+03
1.250478969537879266e+03
1.250729015322629948e+03
1.250979061107380403e+03
1.251229106892131085e+03
1.251479152676881768e+03
1.251729198461632450e+03
1.251979244246382905e+03
1.252229290031133587e+03
1.252479335815884269e+03
1.252729381600634952e+03
1.252979427385385407e+03
1.253229473170136089e+03
1.253479518954886771e+03
1.253729564739637453e+03
1.253979610524387908e+03
1.254229656309138591e+03
1.254479702093889273e+03
1.254729747878639955e+03
1.254979793663390410e+03
1.255229839448141092e+03
1.255479885232891775e+03
1.255729931017642457e+03
1.255979976802392912e+03
1.256230022587143594e+03
1.256480068371894276e+03
1.256730114156644959e+03
1.256980159941395414e+03
1.257230205726146096e+03
1.257480251510896778e+03
1.257730297295647460e+03
1.257980343080397915e+03
1.258230388865148598e+03
1.258480434649899280e+03
1.258730480434649962e+03
1.258980526219400417e+03
1.259230572004151099e+03
1.259480617788901782e+03
1.259730663573652464e+03
1.259980709358402919e+03
1.260230755143153601e+03
1.260480800927904284e+03
1.260730846712654966e+03
1.260980892497405421e+03
1.261230938282156103e+03
1.261480984066906785e+03
1.261731029851657468e+03
1.261981075636407923e+03
1.262231121421158605e+03
1.262481167205909287e+03
1.262731212990659969e+03
1.262981258775410424e+03
1.263231304560161107e+03
1.263481350344911789e+03
1.263731396129662471e+03
1.263981441914412926e+03
1.264231487699163608e+03
1.264481533483914291e+03
1.264731579268664973e+03
1.264981625053415428e+03
1.265231670838166110e+03
1.265481716622916792e+03
1.265731762407667475e+03
1.265981808192417930e+03
1.266231853977168612e+03
1.266481899761919294e+03
1.266731945546669976e+03
1.266981991331420431e+03
1.267232037116171114e+03
1.267482082900921796e+03
1.267732128685672478e+03
1.267982174470422933e+03
1.268232220255173615e+03
1.268482266039924298e+03
1.268732311824674980e+03
1.268982357609425435e+03
1.269232403394176117e+03
1.269482449178926800e+03
1.269732494963677482e+03
1.269982540748427937e+03
1.270232586533178619e+03
1.270482632317929301e+03
1.270732678102679984e+03
1.270982723887430438e+03
1.271232769672181121e+03
1.271482815456931803e+03
1.271732861241682485e+03
1.271982907026432940e+03
1.272232952811183623e+03
1.272482998595934305e+03
1.272733044380684987e+03
1.272983090165435442e+03
1.273233135950186124e+03
1.273483181734936807e+03
1.273733227519687489e+03
1.273983273304437944e+03
1.274233319089188626e+03
1.274483364873939308e+03
1.274733410658689991e+03
1.274983456443440446e+03
1.275233502228191128e+03
1.275483548012941810e+03
1.275733593797692492e+03
1.275983639582442947e+03
1.276233685367193630e+03
1.276483731151944312e+03
1.276733776936694994e+03
1.276983822721445449e+03
1.277233868506196131e+03
1.277483914290946814e+03
1.277733960075697496e+03
1.277984005860447951e+03
1.278234051645198633e+03
1.278484097429949315e+03
1.278734143214699998e+03
1.278984188999450453e+03
1.279234234784201135e+03
1.279484280568951817e+03
1.279734326353702500e+03
1.279984372138452954e+03
1.280234417923203637e+03
1.280484463707954319e+03
1.280734509492705001e+03
1.280984555277455684e+03
1.281234601062206139e+03
1.281484646846956821e+03
1.281734692631707503e+03
1.281984738416458185e+03
1.282234784201208640e+03
1.282484829985959323e+03
1.282734875770710005e+03
1.282984921555460687e+03
1.283234967340211142e+03
1.283485013124961824e+03
1.283735058909712507e+03
1.283985104694463189e+03
1.284235150479213644e+03
1.284485196263964326e+03
1.284735242048715008e+03
1.284985287833465691e+03
1.285235333618216146e+03
1.285485379402966828e+03
1.285735425187717510e+03
1.285985470972468192e+03
1.286235516757218647e+03
1.286485562541969330e+03
1.286735608326720012e+03
1.286985654111470694e+03
1.287235699896221149e+03
1.287485745680971831e+03
1.287735791465722514e+03
1.287985837250473196e+03
1.288235883035223651e+03
1.288485928819974333e+03
1.288735974604725016e+03
1.288986020389475698e+03
1.289236066174226153e+03
1.289486111958976835e+03
1.289736157743727517e+03
1.289986203528478200e+03
1.290236249313228655e+03
1.290486295097979337e+03
1.290736340882730019e+03
1.290986386667480701e+03
1.291236432452231156e+03
1.291486478236981839e+03
1.291736524021732521e+03
1.291986569806483203e+03
1.292236615591233658e+03
1.292486661375984340e+03
1.292736707160735023e+03
1.292986752945485705e+03
1.293236798730236160e+03
1.293486844514986842e+03
1.293736890299737524e+03
1.293986936084488207e+03
1.294236981869238662e+03
1.294487027653989344e+03
1.294737073438740026e+03
1.294987119223490708e+03
1.295237165008241163e+03
1.295487210792991846e+03
1.295737256577742528e+03
1.295987302362493210e+03
1.296237348147243665e+03
1.296487393931994347e+03
1.296737439716745030e+03
1.296987485501495712e+03
1.297237531286246167e+03
1.297487577070996849e+03
1.297737622855747532e+03
1.297987668640498214e+03
1.298237714425248669e+03
1.298487760209999351e+03
1.298737805994750033e+03
1.298987851779500716e+03
1.299237897564251170e+03
1.299487943349001853e+03
1.299737989133752535e+03
1.299988034918503217e+03
1.300238080703253672e+03
1.300488126488004355e+03
1.300738172272755037e+03
1.300988218057505719e+03
1.301238263842256174e+03
1.301488309627006856e+03
1.301738355411757539e+03
1.301988401196508221e+03
1.302238446981258676e+03
1.302488492766009358e+03
1.302738538550760040e+03
1.302988584335510723e+03
1.303238630120261178e+03
1.303488675905011860e+03
1.303738721689762542e+03
1.303988767474513224e+03
1.304238813259263679e+03
1.304488859044014362e+03
1.304738904828765044e+03
1.304988950613515726e+03
1.305238996398266181e+03
1.305489042183016863e+03
1.305739087967767546e+03
1.305989133752518228e+03
1.306239179537268683e+03
1.306489225322019365e+03
1.306739271106770047e+03
1.306989316891520730e+03
1.307239362676271185e+03
1.307489408461021867e+03
1.307739454245772549e+03
1.307989500030523232e+03
1.308239545815273686e+03
1.308489591600024369e+03
1.308739637384775051e+03
1.308989683169525733e+03
1.309239728954276188e+03
1.309489774739026871e+03
1.309739820523777553e+03
1.309989866308528235e+03
1.310239912093278690e+03
1.310489957878029372e+03
1.310740003662780055e+03
1.310990049447530737e+03
1.311240095232281192e+03
1.311490141017031874e+03
1.311740186801782556e+03
1.311990232586533239e+03
1.312240278371283694e+03
1.312490324156034376e+03
1.312740369940785058e+03
1.312990415725535740e+03
1.313240461510286195e+03
1.313490507295036878e+03
1.313740553079787560e+03
1.313990598864538242e+03
1.314240644649288697e+03
1.314490690434039379e+03
1.314740736218790062e+03
1.314990782003540744e+03
1.315240827788291199e+03
1.315490873573041881e+03
1.315740919357792563e+03
1.315990965142543246e+03
1.316241010927293701e+03
1.316491056712044383e+03
1.316741102496795065e+03
1.316991148281545748e+03
1.317241194066296202e+03
1.317491239851046885e+03
1.317741285635797567e+03
1.317991331420548249e+03
1.318241377205298704e+03
1.318491422990049386e+03
1.318741468774800069e+03
1.318991514559550751e+03
1.319241560344301206e+03
1.319491606129051888e+03
1.319741651913802571e+03
1.319991697698553253e+03
1.320241743483303708e+03
1.320491789268054390e+03
1.320741835052805072e+03
1.320991880837555755e+03
1.321241926622306210e+03
1.321491972407056892e+03
1.321742018191807574e+03
1.321992063976558256e+03
1.322242109761308711e+03
1.322492155546059394e+03
1.322742201330810076e+03
1.322992247115560758e+03
1.323242292900311213e+03
1.323492338685061895e+03
1.323742384469812578e+03
1.323992430254563260e+03
1.324242476039313715e+03
1.324492521824064397e+03
1.324742567608815079e+03
1.324992613393565762e+03
1.325242659178316217e+03
1.325492704963066899e+03
1.325742750747817581e+03
1.325992796532568264e+03
1.326242842317318718e+03
1.326492888102069401e+03
1.326742933886820083e+03
1.326992979671570765e+03
1.327243025456321220e+03
1.327493071241071902e+03
1.327743117025822585e+03
1.327993162810573267e+03
1.328243208595323722e+03
1.328493254380074404e+03
1.328743300164825087e+03
1.328993345949575769e+03
1.329243391734326224e+03
1.329493437519076906e+03
1.329743483303827588e+03
1.329993529088578271e+03
1.330243574873328726e+03
1.330493620658079408e+03
1.330743666442830090e+03
1.330993712227580772e+03
1.331243758012331227e+03
1.331493803797081910e+03
1.331743849581832592e+03
1.331993895366583274e+03
1.332243941151333956e+03
1.332493986936084411e+03
1.332744032720835094e+03
1.332994078505585776e+03
1.333244124290336458e+03
1.333494170075086913e+03
1.333744215859837595e+03
1.333994261644588278e+03
1.334244307429338960e+03
1.334494353214089415e+03
1.334744398998840097e+03
1.334994444783590779e+03
1.335244490568341462e+03
1.335494536353091917e+03
1.335744582137842599e+03
1.335994627922593281e+03
1.336244673707343964e+03
1.336494719492094418e+03
1.336744765276845101e+03
1.336994811061595783e+03
1.337244856846346465e+03
1.337494902631096920e+03
1.337744948415847603e+03
1.337994994200598285e+03
1.338245039985348967e+03
1.338495085770099422e+03
1.338745131554850104e+03
1.338995177339600787e+03
1.339245223124351469e+03
1.339495268909101924e+03
1.339745314693852606e+03
1.339995360478603288e+03
1.340245406263353971e+03
1.340495452048104426e+03
1.340745497832855108e+03
1.340995543617605790e+03
1.341245589402356472e+03
1.341495635187106927e+03
1.341745680971857610e+03
1.341995726756608292e+03
1.342245772541358974e+03
1.342495818326109429e+03
1.342745864110860111e+03
1.342995909895610794e+03
1.343245955680361476e+03
1.343496001465111931e+03
1.343746047249862613e+03
1.343996093034613295e+03
1.344246138819363978e+03
1.344496184604114433e+03
1.344746230388865115e+03
1.344996276173615797e+03
1.345246321958366480e+03
1.345496367743116934e+03
1.345746413527867617e+03
1.345996459312618299e+03
1.346246505097368981e+03
1.346496550882119436e+03
1.346746596666870118e+03
1.346996642451620801e+03
1.347246688236371483e+03
1.347496734021121938e+03
1.347746779805872620e+03
1.347996825590623303e+03
1.348246871375373985e+03
1.348496917160124440e+03
1.348746962944875122e+03
1.348997008729625804e+03
1.349247054514376487e+03
1.349497100299126942e+03
1.349747146083877624e+03
1.349997191868628306e+03
1.350247237653378988e+03
1.350497283438129443e+03
1.350747329222880126e+03
1.350997375007630808e+03
1.351247420792381490e+03
1.351497466577131945e+03
1.351747512361882627e+03
1.351997558146633310e+03
1.352247603931383992e+03
1.352497649716134447e+03
1.352747695500885129e+03
1.352997741285635811e+03
1.353247787070386494e+03
1.353497832855136949e+03
1.353747878639887631e+03
1.353997924424638313e+03
1.354247970209388995e+03
1.354498015994139450e+03
1.354748061778890133e+03
1.354998107563640815e+03
1.355248153348391497e+03
1.355498199133141952e+03
1.355748244917892634e+03
1.355998290702643317e+03
1.356248336487393999e+03
1.356498382272144454e+03
1.356748428056895136e+03
1.356998473841645819e+03
1.357248519626396501e+03
1.357498565411146956e+03
1.357748611195897638e+03
1.357998656980648320e+03
1.358248702765399003e+03
1.358498748550149458e+03
1.358748794334900140e+03
1.358998840119650822e+03
1.359248885904401504e+03
1.359498931689151959e+03
1.359748977473902642e+03
1.359999023258653324e+03
1.360249069043404006e+03
1.360499114828154461e+03
1.360749160612905143e+03
1.360999206397655826e+03
1.361249252182406508e+03
1.361499297967156963e+03
1.361749343751907645e+03
1.361999389536658327e+03
1.362249435321409010e+03
1.362499481106159465e+03
1.362749526890910147e+03
1.362999572675660829e+03
1.363249618460411511e+03
1.363499664245161966e+03
1.363749710029912649e+03
1.363999755814663331e+03
1.364249801599414013e+03
1.364499847384164468e+03
1.364749893168915150e+03
1.364999938953665833e+03
1.365249984738416515e+03
1.365500030523166970e+03
1.365750076307917652e+03
1.366000122092668335e+03
1.366250167877419017e+03
1.366500213662169472e+03
1.366750259446920154e+03
1.367000305231670836e+03
1.367250351016421519e+03
1.367500396801171973e+03
1.367750442585922656e+03
1.368000488370673338e+03
1.368250534155424020e+03
1.368500579940174475e+03
1.368750625724925158e+03
1.369000671509675840e+03
1.369250717294426522e+03
1.369500763079176977e+03
1.369750808863927659e+03
1.370000854648678342e+03
1.370250900433429024e+03
1.370500946218179479e+03
1.370750992002930161e+03
1.371001037787680843e+03
1.371251083572431526e+03
1.371501129357181981e+03
1.371751175141932663e+03
1.372001220926683345e+03
1.372251266711434027e+03
1.372501312496184482e+03
1.372751358280935165e+03
1.373001404065685847e+03
1.373251449850436529e+03
1.373501495635186984e+03
1.373751541419937666e+03
1.374001587204688349e+03
1.374251632989439031e+03
1.374501678774189486e+03
1.374751724558940168e+03
1.375001770343690850e+03
1.375251816128441533e+03
1.375501861913191988e+03
1.375751907697942670e+03
1.376001953482693352e+03
1.376251999267444035e+03
1.376502045052194489e+03
1.376752090836945172e+03
1.377002136621695854e+03
1.377252182406446536e+03
1.377502228191196991e+03
1.377752273975947674e+03
1.378002319760698356e+03
1.378252365545449038e+03
1.378502411330199493e+03
1.378752457114950175e+03
1.379002502899700858e+03
1.379252548684451540e+03
1.379502594469201995e+03
1.379752640253952677e+03
1.380002686038703359e+03
1.380252731823454042e+03
1.380502777608204497e+03
1.380752823392955179e+03
1.381002869177705861e+03
1.381252914962456543e+03
1.381502960747206998e+03
1.381753006531957681e+03
1.382003052316708363e+03
1.382253098101459045e+03
1.382503143886209500e+03
1.382753189670960182e+03
1.383003235455710865e+03
1.383253281240461547e+03
1.383503327025212229e+03
1.383753372809962684e+03
1.384003418594713366e+03
1.384253464379464049e+03
1.384503510164214731e+03
1.384753555948965186e+03
1.385003601733715868e+03
1.385253647518466551e+03
1.385503693303217233e+03
1.385753739087967688e+03
1.386003784872718370e+03
1.386253830657469052e+03
1.386503876442219735e+03
1.386753922226970190e+03
1.387003968011720872e+03
1.387254013796471554e+03
1.387504059581222236e+03
1.387754105365972691e+03
1.388004151150723374e+03
1.388254196935474056e+03
1.388504242720224738e+03
1.388754288504975193e+03
1.389004334289725875e+03
1.389254380074476558e+03
1.389504425859227240e+03
1.389754471643977695e+03
1.390004517428728377e+03
1.390254563213479059e+03
1.390504608998229742e+03
1.390754654782980197e+03
1.391004700567730879e+03
1.391254746352481561e+03
1.391504792137232243e+03
1.391754837921982698e+03
1.392004883706733381e+03
1.392254929491484063e+03
1.392504975276234745e+03
1.392755021060985200e+03
1.393005066845735882e+03
1.393255112630486565e+03
1.393505158415237247e+03
1.393755204199987702e+03
1.394005249984738384e+03
1.394255295769489067e+03
1.394505341554239749e+03
1.394755387338990204e+03
1.395005433123740886e+03
1.395255478908491568e+03
1.395505524693242251e+03
1.395755570477992705e+03
1.396005616262743388e+03
1.396255662047494070e+03
1.396505707832244752e+03
1.396755753616995207e+03
1.397005799401745890e+03
1.397255845186496572e+03
1.397505890971247254e+03
1.397755936755997709e+03
1.398005982540748391e+03
1.398256028325499074e+03
1.398506074110249756e+03
1.398756119895000211e+03
1.399006165679750893e+03
1.399256211464501575e+03
1.399506257249252258e+03
1.399756303034002713e+03
1.400006348818753395e+03
1.400256394603504077e+03
1.400506440388254759e+03
1.400756486173005214e+03
1.401006531957755897e+03
1.401256577742506579e+03
1.401506623527257261e+03
1.401756669312007716e+03
1.402006715096758398e+03
1.402256760881509081e+03
1.402506806666259763e+03
1.402756852451010218e+03
1.403006898235760900e+03
1.403256944020511582e+03
1.403506989805262265e+03
1.403757035590012720e+03
1.404007081374763402e+03
1.404257127159514084e+03
1.404507172944264767e+03
1.404757218729015221e+03
1.405007264513765904e+03
1.405257310298516586e+03
1.405507356083267268e+03
1.405757401868017723e+03
1.406007447652768406e+03
1.406257493437519088e+03
1.406507539222269770e+03
1.406757585007020225e+03
1.407007630791770907e+03
1.407257676576521590e+03
1.407507722361272272e+03
1.407757768146022727e+03
1.408007813930773409e+03
1.408257859715524091e+03
1.408507905500274774e+03
1.408757951285025229e+03
1.409007997069775911e+03
1.409258042854526593e+03
1.409508088639277275e+03
1.409758134424027730e+03
1.410008180208778413e+03
1.410258225993529095e+03
1.410508271778279777e+03
1.410758317563030232e+03
1.411008363347780914e+03
1.411258409132531597e+03
1.411508454917282279e+03
1.411758500702032734e+03
1.412008546486783416e+03
1.412258592271534098e+03
1.412508638056284781e+03
1.412758683841035236e+03
1.413008729625785918e+03
1.413258775410536600e+03
1.413508821195287283e+03
1.413758866980037737e+03
1.414008912764788420e+03
1.414258958549539102e+03
1.414509004334289784e+03
1.414759050119040239e+03
1.415009095903790922e+03
1.415259141688541604e+03
1.415509187473292286e+03
1.415759233258042741e+03
1.416009279042793423e+03
1.416259324827544106e+03
1.416509370612294788e+03
1.416759416397045243e+03
1.417009462181795925e+03
1.417259507966546607e+03
1.417509553751297290e+03
1.417759599536047745e+03
1.418009645320798427e+03
1.418259691105549109e+03
1.418509736890299791e+03
1.418759782675050246e+03
1.419009828459800929e+03
1.419259874244551611e+03
1.419509920029302293e+03
1.419759965814052748e+03
1.420010011598803430e+03
1.420260057383554113e+03
1.420510103168304795e+03
1.420760148953055250e+03
1.421010194737805932e+03
1.421260240522556614e+03
1.421510286307307297e+03
1.421760332092057752e+03
1.422010377876808434e+03
1.422260423661559116e+03
1.422510469446309799e+03
1.422760515231060253e+03
1.423010561015810936e+03
1.423260606800561618e+03
1.423510652585312300e+03
1.423760698370062755e+03
1.424010744154813437e+03
1.424260789939564120e+03
1.424510835724314802e+03
1.424760881509065257e+03
1.425010927293815939e+03
1.425260973078566622e+03
1.425511018863317304e+03
1.425761064648067759e+03
1.426011110432818441e+03
1.426261156217569123e+03
1.426511202002319806e+03
1.426761247787070261e+03
1.427011293571820943e+03
1.427261339356571625e+03
1.427511385141322307e+03
1.427761430926072762e+03
1.428011476710823445e+03
1.428261522495574127e+03
1.428511568280324809e+03
1.428761614065075264e+03
1.429011659849825946e+03
1.429261705634576629e+03
1.429511751419327311e+03
1.429761797204077766e+03
1.430011842988828448e+03
1.430261888773579130e+03
1.430511934558329813e+03
1.430761980343080268e+03
1.431012026127830950e+03
1.431262071912581632e+03
1.431512117697332314e+03
1.431762163482082769e+03
1.432012209266833452e+03
1.432262255051584134e+03
1.432512300836334816e+03
1.432762346621085271e+03
1.433012392405835953e+03
1.433262438190586636e+03
1.433512483975337318e+03
1.433762529760087773e+03
1.434012575544838455e+03
1.434262621329589138e+03
1.434512667114339820e+03
1.434762712899090502e+03
1.435012758683840957e+03
1.435262804468591639e+03
1.435512850253342322e+03
1.435762896038093004e+03
1.436012941822843459e+03
1.436262987607594141e+03
1.436513033392344823e+03
1.436763079177095506e+03
1.437013124961845961e+03
1.437263170746596643e+03
1.437513216531347325e+03
1.437763262316098007e+03
1.438013308100848462e+03
1.438263353885599145e+03
1.438513399670349827e+03
1.438763445455100509e+03
1.439013491239850964e+03
1.439263537024601646e+03
1.439513582809352329e+03
1.439763628594103011e+03
1.440013674378853466e+03
1.440263720163604148e+03
1.440513765948354830e+03
1.440763811733105513e+03
1.441013857517855968e+03
1.441263903302606650e+03
1.441513949087357332e+03
1.441763994872108015e+03
1.442014040656858469e+03
1.442264086441609152e+03
1.442514132226359834e+03
1.442764178011110516e+03
1.443014223795860971e+03
1.443264269580611654e+03
1.443514315365362336e+03
1.443764361150113018e+03
1.444014406934863473e+03
1.444264452719614155e+03
1.444514498504364838e+03
1.444764544289115520e+03
1.445014590073865975e+03
1.445264635858616657e+03
1.445514681643367339e+03
1.445764727428118022e+03
1.446014773212868477e+03
1.446264818997619159e+03
1.446514864782369841e+03
1.446764910567120523e+03
1.447014956351870978e+03
1.447265002136621661e+03
1.447515047921372343e+03
1.447765093706123025e+03
1.448015139490873480e+03
1.448265185275624162e+03
1.448515231060374845e+03
1.448765276845125527e+03
1.449015322629875982e+03
1.449265368414626664e+03
1.449515414199377346e+03
1.449765459984128029e+03
1.450015505768878484e+03
1.450265551553629166e+03
1.450515597338379848e+03
1.450765643123130531e+03
1.451015688907880985e+03
1.451265734692631668e+03
1.451515780477382350e+03
1.451765826262133032e+03
1.452015872046883487e+03
1.452265917831634169e+03
1.452515963616384852e+03
1.452766009401135534e+03
1.453016055185885989e+03
1.453266100970636671e+03
1.453516146755387354e+03
1.453766192540138036e+03
1.454016238324888491e+03
1.454266284109639173e+03
1.454516329894389855e+03
1.454766375679140538e+03
1.455016421463890993e+03
1.455266467248641675e+03
1.455516513033392357e+03
1.455766558818143039e+03
1.456016604602893494e+03
1.456266650387644177e+03
1.456516696172394859e+03
1.456766741957145541e+03
1.457016787741895996e+03
1.457266833526646678e+03
1.457516879311397361e+03
1.457766925096148043e+03
1.458016970880898498e+03
1.458267016665649180e+03
1.458517062450399862e+03
1.458767108235150545e+03
1.459017154019901000e+03
1.459267199804651682e+03
1.459517245589402364e+03
1.459767291374153046e+03
1.460017337158903501e+03
1.460267382943654184e+03
1.460517428728404866e+03
1.460767474513155548e+03
1.461017520297906003e+03
1.461267566082656685e+03
1.461517611867407368e+03
1.461767657652158050e+03
1.462017703436908505e+03
1.462267749221659187e+03
1.462517795006409870e+03
1.462767840791160552e+03
1.463017886575911007e+03
1.463267932360661689e+03
1.463517978145412371e+03
1.463768023930163054e+03
1.464018069714913509e+03
1.464268115499664191e+03
1.464518161284414873e+03
1.464768207069165555e+03
1.465018252853916010e+03
1.465268298638666693e+03
1.465518344423417375e+03
1.465768390208168057e+03
1.466018435992918512e+03
1.466268481777669194e+03
1.466518527562419877e+03
1.466768573347170559e+03
1.467018619131921014e+03
1.467268664916671696e+03
1.467518710701422378e+03
1.467768756486173061e+03
1.468018802270923516e+03
1.468268848055674198e+03
1.468518893840424880e+03
1.468768939625175562e+03
1.469018985409926017e+03
1.469269031194676700e+03
1.469519076979427382e+03
1.469769122764178064e+03
1.470019168548928519e+03
1.470269214333679201e+03
1.470519260118429884e+03
1.470769305903180566e+03
1.471019351687931021e+03
1.471269397472681703e+03
1.471519443257432386e+03
1.471769489042183068e+03
1.472019534826933523e+03
1.472269580611684205e+03
1.472519626396434887e+03
1.472769672181185570e+03
1.473019717965936024e+03
1.473269763750686707e+03
1.473519809535437389e+03
1.473769855320188071e+03
1.474019901104938526e+03
1.474269946889689209e+03
1.474519992674439891e+03
1.474770038459190573e+03
1.475020084243941028e+03
1.475270130028691710e+03
1.475520175813442393e+03
1.475770221598193075e+03
1.476020267382943530e+03
1.476270313167694212e+03
1.476520358952444894e+03
1.476770404737195577e+03
1.477020450521946032e+03
1.477270496306696714e+03
1.477520542091447396e+03
1.477770587876198078e+03
1.478020633660948533e+03
1.478270679445699216e+03
1.478520725230449898e+03
1.478770771015200580e+03
1.479020816799951035e+03
1.479270862584701717e+03
1.479520908369452400e+03
1.479770954154203082e+03
1.480020999938953537e+03
1.480271045723704219e+03
1.480521091508454901e+03
1.480771137293205584e+03
1.481021183077956039e+03
1.481271228862706721e+03
1.481521274647457403e+03
1.481771320432208086e+03
1.482021366216958540e+03
1.482271412001709223e+03
1.482521457786459905e+03
1.482771503571210587e+03
1.483021549355961042e+03
1.483271595140711725e+03
1.483521640925462407e+03
1.483771686710213089e+03
1.484021732494963544e+03
1.484271778279714226e+03
1.484521824064464909e+03
1.484771869849215591e+03
1.485021915633966046e+03
1.485271961418716728e+03
1.485522007203467410e+03
1.485772052988218093e+03
1.486022098772968775e+03
1.486272144557719230e+03
1.486522190342469912e+03
1.486772236127220594e+03
1.487022281911971277e+03
1.487272327696721732e+03
1.487522373481472414e+03
1.487772419266223096e+03
1.488022465050973778e+03
1.488272510835724233e+03
1.488522556620474916e+03
1.488772602405225598e+03
1.489022648189976280e+03
1.489272693974726735e+03
1.489522739759477417e+03
1.489772785544228100e+03
1.490022831328978782e+03
1.490272877113729237e+03
1.490522922898479919e+03
1.490772968683230602e+03
1.491023014467981284e+03
1.491273060252731739e+03
1.491523106037482421e+03
1.491773151822233103e+03
1.492023197606983786e+03
1.492273243391734241e+03
1.492523289176484923e+03
1.492773334961235605e+03
1.493023380745986287e+03
1.493273426530736742e+03
1.493523472315487425e+03
1.493773518100238107e+03
1.494023563884988789e+03
1.494273609669739244e+03
1.494523655454489926e+03
1.494773701239240609e+03
1.495023747023991291e+03
1.495273792808741746e+03
1.495523838593492428e+03
1.495773884378243110e+03
1.496023930162993793e+03
1.496273975947744248e+03
1.496524021732494930e+03
1.496774067517245612e+03
1.497024113301996294e+03
1.497274159086746749e+03
1.497524204871497432e+03
1.497774250656248114e+03
1.498024296440998796e+03
1.498274342225749251e+03
1.498524388010499933e+03
1.498774433795250616e+03
1.499024479580001298e+03
1.499274525364751753e+03
1.499524571149502435e+03
1.499774616934253118e+03
1.500024662719003800e+03
1.500274708503754255e+03
1.500524754288504937e+03
1.500774800073255619e+03
1.501024845858006302e+03
1.501274891642756756e+03
1.501524937427507439e+03
1.501774983212258121e+03
1.502025028997008803e+03
1.502275074781759258e+03
1.502525120566509941e+03
1.502775166351260623e+03
1.503025212136011305e+03
1.503275257920761760e+03
1.503525303705512442e+03
1.503775349490263125e+03
1.504025395275013807e+03
1.504275441059764262e+03
1.504525486844514944e+03
1.504775532629265626e+03
1.505025578414016309e+03
1.505275624198766764e+03
1.505525669983517446e+03
1.505775715768268128e+03
1.506025761553018810e+03
1.506275807337769265e+03
1.506525853122519948e+03
1.506775898907270630e+03
1.507025944692021312e+03
1.507275990476771767e+03
1.507526036261522449e+03
1.507776082046273132e+03
1.508026127831023814e+03
1.508276173615774269e+03
1.508526219400524951e+03
1.508776265185275633e+03
1.509026310970026316e+03
1.509276356754776771e+03
1.509526402539527453e+03
1.509776448324278135e+03
1.510026494109028818e+03
1.510276539893779272e+03
1.510526585678529955e+03
1.510776631463280637e+03
1.511026677248031319e+03
1.511276723032781774e+03
1.511526768817532457e+03
1.511776814602283139e+03
1.512026860387033821e+03
1.512276906171784276e+03
1.512526951956534958e+03
1.512776997741285641e+03
1.513027043526036323e+03
1.513277089310786778e+03
1.513527135095537460e+03
1.513777180880288142e+03
1.514027226665038825e+03
1.514277272449789280e+03
1.514527318234539962e+03
1.514777364019290644e+03
1.515027409804041326e+03
1.515277455588791781e+03
1.515527501373542464e+03
1.515777547158293146e+03
1.516027592943043828e+03
1.516277638727794283e+03
1.516527684512544965e+03
1.516777730297295648e+03
1.517027776082046330e+03
1.517277821866796785e+03
1.517527867651547467e+03
1.517777913436298149e+03
1.518027959221048832e+03
1.518278005005799287e+03
1.518528050790549969e+03
1.518778096575300651e+03
1.519028142360051334e+03
1.519278188144801788e+03
1.519528233929552471e+03
1.519778279714303153e+03
1.520028325499053835e+03
1.520278371283804290e+03
1.520528417068554973e+03
1.520778462853305655e+03
1.521028508638056337e+03
1.521278554422806792e+03
1.521528600207557474e+03
1.521778645992308157e+03
1.522028691777058839e+03
1.522278737561809294e+03
1.522528783346559976e+03
1.522778829131310658e+03
1.523028874916061341e+03
1.523278920700811796e+03
1.523528966485562478e+03
1.523779012270313160e+03
1.524029058055063842e+03
1.524279103839814297e+03
1.524529149624564980e+03
1.524779195409315662e+03
1.525029241194066344e+03
1.525279286978816799e+03
1.525529332763567481e+03
1.525779378548318164e+03
1.526029424333068846e+03
1.526279470117819301e+03
1.526529515902569983e+03
1.526779561687320665e+03
1.527029607472071348e+03
1.527279653256821803e+03
1.527529699041572485e+03
1.527779744826323167e+03
1.528029790611073850e+03
1.528279836395824304e+03
1.528529882180574987e+03
1.528779927965325669e+03
1.529029973750076351e+03
1.529280019534826806e+03
1.529530065319577488e+03
1.529780111104328171e+03
1.530030156889078853e+03
1.530280202673829308e+03
1.530530248458579990e+03
1.530780294243330673e+03
1.531030340028081355e+03
1.531280385812831810e+03
1.531530431597582492e+03
1.531780477382333174e+03
1.532030523167083857e+03
1.532280568951834312e+03
1.532530614736584994e+03
1.532780660521335676e+03
1.533030706306086358e+03
1.533280752090836813e+03
1.533530797875587496e+03
1.533780843660338178e+03
1.534030889445088860e+03
1.534280935229839315e+03
1.534530981014589997e+03
1.534781026799340680e+03
1.535031072584091362e+03
1.535281118368841817e+03
1.535531164153592499e+03
1.535781209938343181e+03
1.536031255723093864e+03
1.536281301507844546e+03
1.536531347292595001e+03
1.536781393077345683e+03
1.537031438862096365e+03
1.537281484646847048e+03
1.537531530431597503e+03
1.537781576216348185e+03
1.538031622001098867e+03
1.538281667785849550e+03
1.538531713570600004e+03
1.538781759355350687e+03
1.539031805140101369e+03
1.539281850924852051e+03
1.539531896709602506e+03
1.539781942494353189e+03
1.540031988279103871e+03
1.540282034063854553e+03
1.540532079848605008e+03
1.540782125633355690e+03
1.541032171418106373e+03
1.541282217202857055e+03
1.541532262987607510e+03
1.541782308772358192e+03
1.542032354557108874e+03
1.542282400341859557e+03
1.542532446126610012e+03
1.542782491911360694e+03
1.543032537696111376e+03
1.543282583480862058e+03
1.543532629265612513e+03
1.543782675050363196e+03
1.544032720835113878e+03
1.544282766619864560e+03
1.544532812404615015e+03
1.544782858189365697e+03
1.545032903974116380e+03
1.545282949758867062e+03
1.545532995543617517e+03
1.545783041328368199e+03
1.546033087113118881e+03
1.546283132897869564e+03
1.546533178682620019e+03
1.546783224467370701e+03
1.547033270252121383e+03
1.547283316036872066e+03
1.547533361821622520e+03
1.547783407606373203e+03
1.548033453391123885e+03
1.548283499175874567e+03
1.548533544960625022e+03
1.548783590745375705e+03
1.549033636530126387e+03
1.549283682314877069e+03
1.549533728099627524e+03
1.549783773884378206e+03
1.550033819669128889e+03
1.550283865453879571e+03
1.550533911238630026e+03
1.550783957023380708e+03
1.551034002808131390e+03
1.551284048592882073e+03
1.551534094377632528e+03
1.551784140162383210e+03
1.552034185947133892e+03
1.552284231731884574e+03
1.552534277516635029e+03
1.552784323301385712e+03
1.553034369086136394e+03
1.553284414870887076e+03
1.553534460655637531e+03
1.553784506440388213e+03
1.554034552225138896e+03
1.554284598009889578e+03
1.554534643794640033e+03
1.554784689579390715e+03
1.555034735364141397e+03
1.555284781148892080e+03
1.555534826933642535e+03
1.555784872718393217e+03
1.556034918503143899e+03
1.556284964287894582e+03
1.556535010072645036e+03
1.556785055857395719e+03
1.557035101642146401e+03
1.557285147426897083e+03
1.557535193211647538e+03
1.557785238996398220e+03
1.558035284781148903e+03
1.558285330565899585e+03
1.558535376350650040e+03
1.558785422135400722e+03
1.559035467920151405e+03
1.559285513704902087e+03
1.559535559489652542e+03
1.559785605274403224e+03
1.560035651059153906e+03
1.560285696843904589e+03
1.560535742628655044e+03
1.560785788413405726e+03
1.561035834198156408e+03
1.561285879982907090e+03
1.561535925767657545e+03
1.561785971552408228e+03
1.562036017337158910e+03
1.562286063121909592e+03
1.562536108906660047e+03
1.562786154691410729e+03
1.563036200476161412e+03
1.563286246260912094e+03
1.563536292045662549e+03
1.563786337830413231e+03
1.564036383615163913e+03
1.564286429399914596e+03
1.564536475184665051e+03
1.564786520969415733e+03
1.565036566754166415e+03
1.565286612538917097e+03
1.565536658323667552e+03
1.565786704108418235e+03
1.566036749893168917e+03
1.566286795677919599e+03
1.566536841462670054e+03
1.566786887247420736e+03
1.567036933032171419e+03
1.567286978816922101e+03
1.567537024601672556e+03
1.567787070386423238e+03
1.568037116171173921e+03
1.568287161955924603e+03
1.568537207740675058e+03
1.568787253525425740e+03
1.569037299310176422e+03
1.569287345094927105e+03
1.569537390879677559e+03
1.569787436664428242e+03
1.570037482449178924e+03
1.570287528233929606e+03
1.570537574018680061e+03
1.570787619803430744e+03
1.571037665588181426e+03
1.571287711372932108e+03
1.571537757157682563e+03
1.571787802942433245e+03
1.572037848727183928e+03
1.572287894511934610e+03
1.572537940296685065e+03
1.572787986081435747e+03
1.573038031866186429e+03
1.573288077650937112e+03
1.573538123435687567e+03
1.573788169220438249e+03
1.574038215005188931e+03
1.574288260789939613e+03
1.574538306574690068e+03
1.574788352359440751e+03
1.575038398144191433e+03
1.575288443928942115e+03
1.575538489713692570e+03
1.575788535498443252e+03
1.576038581283193935e+03
1.576288627067944617e+03
1.576538672852695072e+03
1.576788718637445754e+03
1.577038764422196436e+03
1.577288810206947119e+03
1.577538855991697574e+03
1.577788901776448256e+03
1.578038947561198938e+03
1.578288993345949621e+03
1.578539039130700075e+03
1.578789084915450758e+03
1.579039130700201440e+03
1.579289176484952122e+03
1.579539222269702577e+03
1.579789268054453260e+03
1.580039313839203942e+03
1.580289359623954624e+03
1.580539405408705079e+03
1.580789451193455761e+03
1.581039496978206444e+03
1.581289542762957126e+03
1.581539588547707581e+03
1.581789634332458263e+03
1.582039680117208945e+03
1.582289725901959628e+03
1.582539771686710083e+03
1.582789817471460765e+03
1.583039863256211447e+03
1.583289909040962129e+03
1.583539954825712584e+03
1.583790000610463267e+03
1.584040046395213949e+03
1.584290092179964631e+03
1.584540137964715086e+03
1.584790183749465768e+03
1.585040229534216451e+03
1.585290275318967133e+03
1.585540321103717588e+03
1.585790366888468270e+03
1.586040412673218952e+03
1.586290458457969635e+03
1.586540504242720090e+03
1.586790550027470772e+03
1.587040595812221454e+03
1.587290641596972137e+03
1.587540687381722819e+03
1.587790733166473274e+03
1.588040778951223956e+03
1.588290824735974638e+03
1.588540870520725321e+03
1.588790916305475776e+03
1.589040962090226458e+03
1.589291007874977140e+03
1.589541053659727822e+03
1.589791099444478277e+03
1.590041145229228960e+03
1.590291191013979642e+03
1.590541236798730324e+03
1.590791282583480779e+03
1.591041328368231461e+03
1.591291374152982144e+03
1.591541419937732826e+03
1.591791465722483281e+03
1.592041511507233963e+03
1.592291557291984645e+03
1.592541603076735328e+03
1.592791648861485783e+03
1.593041694646236465e+03
1.593291740430987147e+03
1.593541786215737829e+03
1.593791832000488284e+03
1.594041877785238967e+03
1.594291923569989649e+03
1.594541969354740331e+03
1.594792015139490786e+03
1.595042060924241468e+03
1.595292106708992151e+03
1.595542152493742833e+03
1.595792198278493288e+03
1.596042244063243970e+03
1.596292289847994653e+03
1.596542335632745335e+03
1.596792381417495790e+03
1.597042427202246472e+03
1.597292472986997154e+03
1.597542518771747837e+03
1.597792564556498291e+03
1.598042610341248974e+03
1.598292656125999656e+03
1.598542701910750338e+03
1.598792747695500793e+03
1.599042793480251476e+03
1.599292839265002158e+03
1.599542885049752840e+03
1.599792930834503295e+03
1.600042976619253977e+03
1.600293022404004660e+03
1.600543068188755342e+03
1.600793113973505797e+03
1.601043159758256479e+03
1.601293205543007161e+03
1.601543251327757844e+03
1.601793297112508299e+03
1.602043342897258981e+03
1.602293388682009663e+03
1.602543434466760345e+03
1.602793480251510800e+03
1.603043526036261483e+03
1.603293571821012165e+03
1.603543617605762847e+03
1.603793663390513302e+03
1.604043709175263984e+03
1.604293754960014667e+03
1.604543800744765349e+03
1.604793846529515804e+03
1.605043892314266486e+03
1.605293938099017168e+03
1.605543983883767851e+03
1.605794029668518306e+03
1.606044075453268988e+03
1.606294121238019670e+03
1.606544167022770353e+03
1.606794212807520807e+03
1.607044258592271490e+03
1.607294304377022172e+03
1.607544350161772854e+03
1.607794395946523309e+03
1.608044441731273992e+03
1.608294487516024674e+03
1.608544533300775356e+03
1.608794579085525811e+03
1.609044624870276493e+03
1.609294670655027176e+03
1.609544716439777858e+03
1.609794762224528313e+03
1.610044808009278995e+03
1.610294853794029677e+03
1.610544899578780360e+03
1.610794945363530815e+03
1.611044991148281497e+03
1.611295036933032179e+03
1.611545082717782861e+03
1.611795128502533316e+03
1.612045174287283999e+03
1.612295220072034681e+03
1.612545265856785363e+03
1.612795311641535818e+03
1.613045357426286500e+03
1.613295403211037183e+03
1.613545448995787865e+03
1.613795494780538320e+03
1.614045540565289002e+03
1.614295586350039684e+03
1.614545632134790367e+03
1.614795677919540822e+03
1.615045723704291504e+03
1.615295769489042186e+03
1.615545815273792869e+03
1.615795861058543323e+03
1.616045906843294006e+03
1.616295952628044688e+03
1.616545998412795370e+03
1.616796044197545825e+03
1.617046089982296508e+03
1.617296135767047190e+03
1.617546181551797872e+03
1.617796227336548327e+03
1.618046273121299009e+03
1.618296318906049692e+03
1.618546364690800374e+03
1.618796410475550829e+03
1.619046456260301511e+03
1.619296502045052193e+03
1.619546547829802876e+03
1.619796593614553331e+03
1.620046639399304013e+03
1.620296685184054695e+03
1.620546730968805377e+03
1.620796776753555832e+03
1.621046822538306515e+03
1.621296868323057197e+03
1.621546914107807879e+03
1.621796959892558334e+03
1.622047005677309016e+03
1.622297051462059699e+03
1.622547097246810381e+03
1.622797143031560836e+03
1.623047188816311518e+03
1.623297234601062200e+03
1.623547280385812883e+03
1.623797326170563338e+03
1.624047371955314020e+03
1.624297417740064702e+03
1.624547463524815385e+03
1.624797509309565839e+03
1.625047555094316522e+03
1.625297600879067204e+03
1.625547646663817886e+03
1.625797692448568341e+03
1.626047738233319023e+03
1.626297784018069706e+03
1.626547829802820388e+03
1.626797875587570843e+03
1.627047921372321525e+03
1.627297967157072208e+03
1.627548012941822890e+03
1.627798058726573345e+03
1.628048104511324027e+03
1.628298150296074709e+03
1.628548196080825392e+03
1.628798241865575847e+03
1.629048287650326529e+03
1.629298333435077211e+03
1.629548379219827893e+03
1.629798425004578348e+03
1.630048470789329031e+03
1.630298516574079713e+03
1.630548562358830395e+03
1.630798608143580850e+03
1.631048653928331532e+03
1.631298699713082215e+03
1.631548745497832897e+03
1.631798791282583352e+03
1.632048837067334034e+03
1.632298882852084716e+03
1.632548928636835399e+03
1.632798974421585854e+03
1.633049020206336536e+03
1.633299065991087218e+03
1.633549111775837900e+03
1.633799157560588355e+03
1.634049203345339038e+03
1.634299249130089720e+03
1.634549294914840402e+03
1.634799340699590857e+03
1.635049386484341539e+03
1.635299432269092222e+03
1.635549478053842904e+03
1.635799523838593359e+03
1.636049569623344041e+03
1.636299615408094724e+03
1.636549661192845406e+03
1.636799706977595861e+03
1.637049752762346543e+03
1.637299798547097225e+03
1.637549844331847908e+03
1.637799890116598363e+03
1.638049935901349045e+03
1.638299981686099727e+03
1.638550027470850409e+03
1.638800073255601092e+03
1.639050119040351547e+03
1.639300164825102229e+03
1.639550210609852911e+03
1.639800256394603593e+03
1.640050302179354048e+03
1.640300347964104731e+03
1.640550393748855413e+03
1.640800439533606095e+03
1.641050485318356550e+03
1.641300531103107232e+03
1.641550576887857915e+03
1.641800622672608597e+03
1.642050668457359052e+03
1.642300714242109734e+03
1.642550760026860416e+03
1.642800805811611099e+03
1.643050851596361554e+03
1.643300897381112236e+03
1.643550943165862918e+03
1.643800988950613601e+03
1.644051034735364055e+03
1.644301080520114738e+03
1.644551126304865420e+03
1.644801172089616102e+03
1.645051217874366557e+03
1.645301263659117240e+03
1.645551309443867922e+03
1.645801355228618604e+03
1.646051401013369059e+03
1.646301446798119741e+03
1.646551492582870424e+03
1.646801538367621106e+03
1.647051584152371561e+03
1.647301629937122243e+03
1.647551675721872925e+03
1.647801721506623608e+03
1.648051767291374063e+03
1.648301813076124745e+03
1.648551858860875427e+03
1.648801904645626109e+03
1.649051950430376564e+03
1.649301996215127247e+03
1.649552041999877929e+03
1.649802087784628611e+03
1.650052133569379066e+03
1.650302179354129748e+03
1.650552225138880431e+03
1.650802270923631113e+03
1.651052316708381568e+03
1.651302362493132250e+03
1.651552408277882932e+03
1.651802454062633615e+03
1.652052499847384070e+03
1.652302545632134752e+03
1.652552591416885434e+03
1.652802637201636117e+03
1.653052682986386571e+03
1.653302728771137254e+03
1.653552774555887936e+03
1.653802820340638618e+03
1.654052866125389073e+03
1.654302911910139755e+03
1.654552957694890438e+03
1.654803003479641120e+03
1.655053049264391575e+03
1.655303095049142257e+03
1.655553140833892940e+03
1.655803186618643622e+03
1.656053232403394077e+03
1.656303278188144759e+03
1.656553323972895441e+03
1.656803369757646124e+03
1.657053415542396579e+03
1.657303461327147261e+03
1.657553507111897943e+03
1.657803552896648625e+03
1.658053598681399080e+03
1.658303644466149763e+03
1.658553690250900445e+03
1.658803736035651127e+03
1.659053781820401582e+03
1.659303827605152264e+03
1.659553873389902947e+03
1.659803919174653629e+03
1.660053964959404084e+03
1.660304010744154766e+03
1.660554056528905448e+03
1.660804102313656131e+03
1.661054148098406586e+03
1.661304193883157268e+03
1.661554239667907950e+03
1.661804285452658632e+03
1.662054331237409087e+03
1.662304377022159770e+03
1.662554422806910452e+03
1.662804468591661134e+03
1.663054514376411589e+03
1.663304560161162271e+03
1.663554605945912954e+03
1.663804651730663636e+03
1.664054697515414091e+03
1.664304743300164773e+03
1.664554789084915456e+03
1.664804834869666138e+03
1.665054880654416593e+03
1.665304926439167275e+03
1.665554972223917957e+03
1.665805018008668640e+03
1.666055063793419095e+03
1.666305109578169777e+03
1.666555155362920459e+03
1.666805201147671141e+03
1.667055246932421596e+03
1.667305292717172279e+03
1.667555338501922961e+03
1.667805384286673643e+03
1.668055430071424098e+03
1.668305475856174780e+03
1.668555521640925463e+03
1.668805567425676145e+03
1.669055613210426600e+03
1.669305658995177282e+03
1.669555704779927964e+03
1.669805750564678647e+03
1.670055796349429102e+03
1.670305842134179784e+03
1.670555887918930466e+03
1.670805933703681148e+03
1.671055979488431603e+03
1.671306025273182286e+03
1.671556071057932968e+03
1.671806116842683650e+03
1.672056162627434105e+03
1.672306208412184787e+03
1.672556254196935470e+03
1.672806299981686152e+03
1.673056345766436607e+03
1.673306391551187289e+03
1.673556437335937972e+03
1.673806483120688654e+03
1.674056528905439109e+03
1.674306574690189791e+03
1.674556620474940473e+03
1.674806666259691156e+03
1.675056712044441610e+03
1.675306757829192293e+03
1.675556803613942975e+03
1.675806849398693657e+03
1.676056895183444112e+03
1.676306940968194795e+03
1.676556986752945477e+03
1.676807032537696159e+03
1.677057078322446614e+03
1.677307124107197296e+03
1.677557169891947979e+03
1.677807215676698661e+03
1.678057261461449116e+03
1.678307307246199798e+03
1.678557353030950480e+03
1.678807398815701163e+03
1.679057444600451618e+03
1.679307490385202300e+03
1.679557536169952982e+03
1.679807581954703664e+03
1.680057627739454119e+03
1.680307673524204802e+03
1.680557719308955484e+03
1.680807765093706166e+03
1.681057810878456621e+03
1.681307856663207303e+03
1.681557902447957986e+03
1.681807948232708668e+03
1.682057994017459123e+03
1.682308039802209805e+03
1.682558085586960487e+03
1.682808131371711170e+03
1.683058177156461625e+03
1.683308222941212307e+03
1.683558268725962989e+03
1.683808314510713672e+03
1.684058360295464126e+03
1.684308406080214809e+03
1.684558451864965491e+03
1.684808497649716173e+03
1.685058543434466628e+03
1.685308589219217311e+03
1.685558635003967993e+03
1.685808680788718675e+03
1.686058726573469130e+03
1.686308772358219812e+03
1.686558818142970495e+03
1.686808863927721177e+03
1.687058909712471632e+03
1.687308955497222314e+03
1.687559001281972996e+03
1.687809047066723679e+03
1.688059092851474134e+03
1.688309138636224816e+03
1.688559184420975498e+03
1.688809230205726180e+03
1.689059275990476635e+03
1.689309321775227318e+03
1.689559367559978000e+03
1.689809413344728682e+03
1.690059459129479364e+03
1.690309504914229819e+03
1.690559550698980502e+03
1.690809596483731184e+03
1.691059642268481866e+03
1.691309688053232321e+03
1.691559733837983003e+03
1.691809779622733686e+03
1.692059825407484368e+03
1.692309871192234823e+03
1.692559916976985505e+03
1.692809962761736188e+03
1.693060008546486870e+03
1.693310054331237325e+03
1.693560100115988007e+03
1.693810145900738689e+03
1.694060191685489372e+03
1.694310237470239827e+03
1.694560283254990509e+03
1.694810329039741191e+03
1.695060374824491873e+03
1.695310420609242328e+03
1.695560466393993011e+03
1.695810512178743693e+03
1.696060557963494375e+03
1.696310603748244830e+03
1.696560649532995512e+03
1.696810695317746195e+03
1.697060741102496877e+03
1.697310786887247332e+03
1.697560832671998014e+03
1.697810878456748696e+03
1.698060924241499379e+03
1.698310970026249834e+03
1.698561015811000516e+03
1.698811061595751198e+03
1.699061107380501880e+03
1.699311153165252335e+03
1.699561198950003018e+03
1.699811244734753700e+03
1.700061290519504382e+03
1.700311336304254837e+03
1.700561382089005519e+03
1.700811427873756202e+03
1.701061473658506884e+03
1.701311519443257339e+03
1.701561565228008021e+03
1.701811611012758704e+03
1.702061656797509386e+03
1.702311702582259841e+03
1.702561748367010523e+03
1.702811794151761205e+03
1.703061839936511888e+03
1.703311885721262342e+03
1.703561931506013025e+03
1.703811977290763707e+03
1.704062023075514389e+03
1.704312068860264844e+03
1.704562114645015527e+03
1.704812160429766209e+03
1.705062206214516891e+03
1.705312251999267346e+03
1.705562297784018028e+03
1.705812343568768711e+03
1.706062389353519393e+03
1.706312435138269848e+03
1.706562480923020530e+03
1.706812526707771212e+03
1.707062572492521895e+03
1.707312618277272350e+03
1.707562664062023032e+03
1.707812709846773714e+03
1.708062755631524396e+03
1.708312801416274851e+03
1.708562847201025534e+03
1.708812892985776216e+03
1.709062938770526898e+03
1.709312984555277353e+03
1.709563030340028035e+03
1.709813076124778718e+03
1.710063121909529400e+03
1.710313167694279855e+03
1.710563213479030537e+03
1.710813259263781219e+03
1.711063305048531902e+03
1.711313350833282357e+03
1.711563396618033039e+03
1.711813442402783721e+03
1.712063488187534404e+03
1.712313533972284858e+03
1.712563579757035541e+03
1.712813625541786223e+03
1.713063671326536905e+03
1.713313717111287360e+03
1.713563762896038043e+03
1.713813808680788725e+03
1.714063854465539407e+03
1.714313900250289862e+03
1.714563946035040544e+03
1.714813991819791227e+03
1.715064037604541909e+03
1.715314083389292364e+03
1.715564129174043046e+03
1.715814174958793728e+03
1.716064220743544411e+03
1.716314266528294866e+03
1.716564312313045548e+03
1.716814358097796230e+03
1.717064403882546912e+03
1.717314449667297367e+03
1.717564495452048050e+03
1.717814541236798732e+03
1.718064587021549414e+03
1.718314632806299869e+03
1.718564678591050551e+03
1.718814724375801234e+03
1.719064770160551916e+03
1.719314815945302371e+03
1.719564861730053053e+03
1.719814907514803735e+03
1.720064953299554418e+03
1.720314999084304873e+03
1.720565044869055555e+03
1.720815090653806237e+03
1.721065136438556920e+03
1.721315182223307374e+03
1.721565228008058057e+03
1.721815273792808739e+03
1.722065319577559421e+03
1.722315365362309876e+03
1.722565411147060559e+03
1.722815456931811241e+03
1.723065502716561923e+03
1.723315548501312378e+03
1.723565594286063060e+03
1.723815640070813743e+03
1.724065685855564425e+03
1.724315731640314880e+03
1.724565777425065562e+03
1.724815823209816244e+03
1.725065868994566927e+03
1.725315914779317382e+03
1.725565960564068064e+03
1.725816006348818746e+03
1.726066052133569428e+03
1.726316097918319883e+03
1.726566143703070566e+03
1.726816189487821248e+03
1.727066235272571930e+03
1.727316281057322385e+03
1.727566326842073067e+03
1.727816372626823750e+03
1.728066418411574432e+03
1.728316464196324887e+03
1.728566509981075569e+03
1.728816555765826251e+03
1.729066601550576934e+03
1.729316647335327389e+03
1.729566693120078071e+03
1.729816738904828753e+03
1.730066784689579436e+03
1.730316830474329890e+03
1.730566876259080573e+03
1.730816922043831255e+03
1.731066967828581937e+03
1.731317013613332392e+03
1.731567059398083074e+03
1.731817105182833757e+03
1.732067150967584439e+03
1.732317196752334894e+03
1.732567242537085576e+03
1.732817288321836259e+03
1.733067334106586941e+03
1.733317379891337396e+03
1.733567425676088078e+03
1.733817471460838760e+03
1.734067517245589443e+03
1.734317563030339898e+03
1.734567608815090580e+03
1.734817654599841262e+03
1.735067700384591944e+03
1.735317746169342399e+03
1.735567791954093082e+03
1.735817837738843764e+03
1.736067883523594446e+03
1.736317929308344901e+03
1.736567975093095583e+03
1.736818020877846266e+03
1.737068066662596948e+03
1.737318112447347403e+03
1.737568158232098085e+03
1.737818204016848767e+03
1.738068249801599450e+03
1.738318295586349905e+03
1.738568341371100587e+03
1.738818387155851269e+03
1.739068432940601951e+03
1.739318478725352406e+03
1.739568524510103089e+03
1.739818570294853771e+03
1.740068616079604453e+03
1.740318661864354908e+03
1.740568707649105590e+03
1.740818753433856273e+03
1.741068799218606955e+03
1.741318845003357637e+03
1.741568890788108092e+03
1.741818936572858775e+03
1.742068982357609457e+03
1.742319028142360139e+03
1.742569073927110594e+03
1.742819119711861276e+03
1.743069165496611959e+03
1.743319211281362641e+03
1.743569257066113096e+03
1.743819302850863778e+03
1.744069348635614460e+03
1.744319394420365143e+03
1.744569440205115598e+03
1.744819485989866280e+03
1.745069531774616962e+03
1.745319577559367644e+03
1.745569623344118099e+03
1.745819669128868782e+03
1.746069714913619464e+03
1.746319760698370146e+03
1.746569806483120601e+03
1.746819852267871283e+03
1.747069898052621966e+03
1.747319943837372648e+03
1.747569989622123103e+03
1.747820035406873785e+03
1.748070081191624467e+03
1.748320126976375150e+03
1.748570172761125605e+03
1.748820218545876287e+03
1.749070264330626969e+03
1.749320310115377652e+03
1.749570355900128106e+03
1.749820401684878789e+03
1.750070447469629471e+03
1.750320493254380153e+03
1.750570539039130608e+03
1.750820584823881291e+03
1.751070630608631973e+03
1.751320676393382655e+03
1.751570722178133110e+03
1.751820767962883792e+03
1.752070813747634475e+03
1.752320859532385157e+03
1.752570905317135612e+03
1.752820951101886294e+03
1.753070996886636976e+03
1.753321042671387659e+03
1.753571088456138114e+03
1.753821134240888796e+03
1.754071180025639478e+03
1.754321225810390160e+03
1.754571271595140615e+03
1.754821317379891298e+03
1.755071363164641980e+03
1.755321408949392662e+03
1.755571454734143117e+03
1.755821500518893799e+03
1.756071546303644482e+03
1.756321592088395164e+03
1.756571637873145619e+03
1.756821683657896301e+03
1.757071729442646983e+03
1.757321775227397666e+03
1.757571821012148121e+03
1.757821866796898803e+03
1.758071912581649485e+03
1.758321958366400168e+03
1.758572004151150622e+03
1.758822049935901305e+03
1.759072095720651987e+03
1.759322141505402669e+03
1.759572187290153124e+03
1.759822233074903806e+03
1.760072278859654489e+03
1.760322324644405171e+03
1.760572370429155626e+03
1.760822416213906308e+03
1.761072461998656991e+03
1.761322507783407673e+03
1.761572553568158128e+03
1.761822599352908810e+03
1.762072645137659492e+03
1.762322690922410175e+03
1.762572736707160630e+03
1.762822782491911312e+03
1.763072828276661994e+03
1.763322874061412676e+03
1.763572919846163131e+03
1.763822965630913814e+03
1.764073011415664496e+03
1.764323057200415178e+03
1.764573102985165633e+03
1.764823148769916315e+03
1.765073194554666998e+03
1.765323240339417680e+03
1.765573286124168135e+03
1.765823331908918817e+03
1.766073377693669499e+03
1.766323423478420182e+03
1.766573469263170637e+03
1.766823515047921319e+03
1.767073560832672001e+03
1.767323606617422683e+03
1.767573652402173138e+03
1.767823698186923821e+03
1.768073743971674503e+03
1.768323789756425185e+03
1.768573835541175640e+03
1.768823881325926322e+03
1.769073927110677005e+03
1.769323972895427687e+03
1.769574018680178142e+03
1.769824064464928824e+03
1.770074110249679507e+03
1.770324156034430189e+03
1.770574201819180644e+03
1.770824247603931326e+03
1.771074293388682008e+03
1.771324339173432691e+03
1.771574384958183145e+03
1.771824430742933828e+03
1.772074476527684510e+03
1.772324522312435192e+03
1.772574568097185647e+03
1.772824613881936330e+03
1.773074659666687012e+03
1.773324705451437694e+03
1.773574751236188149e+03
1.773824797020938831e+03
1.774074842805689514e+03
1.774324888590440196e+03
1.774574934375190651e+03
1.774824980159941333e+03
1.775075025944692015e+03
1.775325071729442698e+03
1.775575117514193153e+03
1.775825163298943835e+03
1.776075209083694517e+03
1.776325254868445199e+03
1.776575300653195654e+03
1.776825346437946337e+03
1.777075392222697019e+03
1.777325438007447701e+03
1.777575483792198156e+03
1.777825529576948838e+03
1.778075575361699521e+03
1.778325621146450203e+03
1.778575666931200658e+03
1.778825712715951340e+03
1.779075758500702023e+03
1.779325804285452705e+03
1.779575850070203160e+03
1.779825895854953842e+03
1.780075941639704524e+03
1.780325987424455207e+03
1.780576033209205661e+03
1.780826078993956344e+03
1.781076124778707026e+03
1.781326170563457708e+03
1.781576216348208163e+03
1.781826262132958846e+03
1.782076307917709528e+03
1.782326353702460210e+03
1.782576399487210665e+03
1.782826445271961347e+03
1.783076491056712030e+03
1.783326536841462712e+03
1.783576582626213167e+03
1.783826628410963849e+03
1.784076674195714531e+03
1.784326719980465214e+03
1.784576765765215669e+03
1.784826811549966351e+03
1.785076857334717033e+03
1.785326903119467715e+03
1.785576948904218170e+03
1.785826994688968853e+03
1.786077040473719535e+03
1.786327086258470217e+03
1.786577132043220672e+03
1.786827177827971354e+03
1.787077223612722037e+03
1.787327269397472719e+03
1.787577315182223174e+03
1.787827360966973856e+03
1.788077406751724538e+03
1.788327452536475221e+03
1.788577498321225676e+03
1.788827544105976358e+03
1.789077589890727040e+03
1.789327635675477723e+03
1.789577681460228177e+03
1.789827727244978860e+03
1.790077773029729542e+03
1.790327818814480224e+03
1.790577864599230679e+03
1.790827910383981362e+03
1.791077956168732044e+03
1.791328001953482726e+03
1.791578047738233181e+03
1.791828093522983863e+03
1.792078139307734546e+03
1.792328185092485228e+03
1.792578230877235910e+03
1.792828276661986365e+03
1.793078322446737047e+03
1.793328368231487730e+03
1.793578414016238412e+03
1.793828459800988867e+03
1.794078505585739549e+03
1.794328551370490231e+03
1.794578597155240914e+03
1.794828642939991369e+03
1.795078688724742051e+03
1.795328734509492733e+03
1.795578780294243415e+03
1.795828826078993870e+03
1.796078871863744553e+03
1.796328917648495235e+03
1.796578963433245917e+03
1.796829009217996372e+03
1.797079055002747054e+03
1.797329100787497737e+03
1.797579146572248419e+03
1.797829192356998874e+03
1.798079238141749556e+03
1.798329283926500239e+03
1.798579329711250921e+03
1.798829375496001376e+03
1.799079421280752058e+03
1.799329467065502740e+03
1.799579512850253423e+03
1.799829558635003877e+03
1.800079604419754560e+03
1.800329650204505242e+03
1.800579695989255924e+03
1.800829741774006379e+03
1.801079787558757062e+03
1.801329833343507744e+03
1.801579879128258426e+03
1.801829924913008881e+03
1.802079970697759563e+03
1.802330016482510246e+03
1.802580062267260928e+03
1.802830108052011383e+03
1.803080153836762065e+03
1.803330199621512747e+03
1.803580245406263430e+03
1.803830291191013885e+03
1.804080336975764567e+03
1.804330382760515249e+03
1.804580428545265931e+03
1.804830474330016386e+03
1.805080520114767069e+03
1.805330565899517751e+03
1.805580611684268433e+03
1.805830657469018888e+03
1.806080703253769570e+03
1.806330749038520253e+03
1.806580794823270935e+03
1.806830840608021390e+03
1.807080886392772072e+03
1.807330932177522755e+03
1.807580977962273437e+03
1.807831023747023892e+03
1.808081069531774574e+03
1.808331115316525256e+03
1.808581161101275939e+03
1.808831206886026393e+03
1.809081252670777076e+03
1.809331298455527758e+03
1.809581344240278440e+03
1.809831390025028895e+03
1.810081435809779578e+03
1.810331481594530260e+03
1.810581527379280942e+03
1.810831573164031397e+03
1.811081618948782079e+03
1.811331664733532762e+03
1.811581710518283444e+03
1.811831756303033899e+03
1.812081802087784581e+03
1.812331847872535263e+03
1.812581893657285946e+03
1.812831939442036401e+03
1.813081985226787083e+03
1.813332031011537765e+03
1.813582076796288447e+03
1.813832122581038902e+03
1.814082168365789585e+03
1.814332214150540267e+03
1.814582259935290949e+03
1.814832305720041404e+03
1.815082351504792086e+03
1.815332397289542769e+03
1.815582443074293451e+03
1.815832488859043906e+03
1.816082534643794588e+03
1.816332580428545270e+03
1.816582626213295953e+03
1.816832671998046408e+03
1.817082717782797090e+03
1.817332763567547772e+03
1.817582809352298455e+03
1.817832855137048909e+03
1.818082900921799592e+03
1.818332946706550274e+03
1.818582992491300956e+03
1.818833038276051411e+03
1.819083084060802094e+03
1.819333129845552776e+03
1.819583175630303458e+03
1.819833221415053913e+03
1.820083267199804595e+03
1.820333312984555278e+03
1.820583358769305960e+03
1.820833404554056415e+03
1.821083450338807097e+03
1.821333496123557779e+03
1.821583541908308462e+03
1.821833587693058917e+03
1.822083633477809599e+03
1.822333679262560281e+03
1.822583725047310963e+03
1.822833770832061418e+03
1.823083816616812101e+03
1.823333862401562783e+03
1.823583908186313465e+03
1.823833953971063920e+03
1.824083999755814602e+03
1.824334045540565285e+03
1.824584091325315967e+03
1.824834137110066422e+03
1.825084182894817104e+03
1.825334228679567786e+03
1.825584274464318469e+03
1.825834320249068924e+03
1.826084366033819606e+03
1.826334411818570288e+03
1.826584457603320971e+03
1.826834503388071425e+03
1.827084549172822108e+03
1.827334594957572790e+03
1.827584640742323472e+03
1.827834686527073927e+03
1.828084732311824609e+03
1.828334778096575292e+03
1.828584823881325974e+03
1.828834869666076429e+03
1.829084915450827111e+03
1.829334961235577794e+03
1.829585007020328476e+03
1.829835052805078931e+03
1.830085098589829613e+03
1.830335144374580295e+03
1.830585190159330978e+03
1.830835235944081433e+03
1.831085281728832115e+03
1.831335327513582797e+03
1.831585373298333479e+03
1.831835419083083934e+03
1.832085464867834617e+03
1.832335510652585299e+03
1.832585556437335981e+03
1.832835602222086436e+03
1.833085648006837118e+03
1.833335693791587801e+03
1.833585739576338483e+03
1.833835785361088938e+03
1.834085831145839620e+03
1.834335876930590302e+03
1.834585922715340985e+03
1.834835968500091440e+03
1.835086014284842122e+03
1.835336060069592804e+03
1.835586105854343486e+03
1.835836151639093941e+03
1.836086197423844624e+03
1.836336243208595306e+03
1.836586288993345988e+03
1.836836334778096443e+03
1.837086380562847125e+03
1.837336426347597808e+03
1.837586472132348490e+03
1.837836517917098945e+03
1.838086563701849627e+03
1.838336609486600310e+03
1.838586655271350992e+03
1.838836701056101447e+03
1.839086746840852129e+03
1.839336792625602811e+03
1.839586838410353494e+03
1.839836884195103949e+03
1.840086929979854631e+03
1.840336975764605313e+03
1.840587021549355995e+03
1.840837067334106450e+03
1.841087113118857133e+03
1.841337158903607815e+03
1.841587204688358497e+03
1.841837250473108952e+03
1.842087296257859634e+03
1.842337342042610317e+03
1.842587387827360999e+03
1.842837433612111454e+03
1.843087479396862136e+03
1.843337525181612818e+03
1.843587570966363501e+03
1.843837616751114183e+03
1.844087662535864638e+03
1.844337708320615320e+03
1.844587754105366002e+03
1.844837799890116685e+03
1.845087845674867140e+03
1.845337891459617822e+03
1.845587937244368504e+03
1.845837983029119187e+03
1.846088028813869641e+03
1.846338074598620324e+03
1.846588120383371006e+03
1.846838166168121688e+03
1.847088211952872143e+03
1.847338257737622826e+03
1.847588303522373508e+03
1.847838349307124190e+03
1.848088395091874645e+03
1.848338440876625327e+03
1.848588486661376010e+03
1.848838532446126692e+03
1.849088578230877147e+03
1.849338624015627829e+03
1.849588669800378511e+03
1.849838715585129194e+03
1.850088761369879649e+03
1.850338807154630331e+03
1.850588852939381013e+03
1.850838898724131695e+03
1.851088944508882150e+03
1.851338990293632833e+03
1.851589036078383515e+03
1.851839081863134197e+03
1.852089127647884652e+03
1.852339173432635334e+03
1.852589219217386017e+03
1.852839265002136699e+03
1.853089310786887154e+03
1.853339356571637836e+03
1.853589402356388518e+03
1.853839448141139201e+03
1.854089493925889656e+03
1.854339539710640338e+03
1.854589585495391020e+03
1.854839631280141703e+03
1.855089677064892157e+03
1.855339722849642840e+03
1.855589768634393522e+03
1.855839814419144204e+03
1.856089860203894659e+03
1.856339905988645341e+03
1.856589951773396024e+03
1.856839997558146706e+03
1.857090043342897161e+03
1.857340089127647843e+03
1.857590134912398526e+03
1.857840180697149208e+03
1.858090226481899663e+03
1.858340272266650345e+03
1.858590318051401027e+03
1.858840363836151710e+03
1.859090409620902165e+03
1.859340455405652847e+03
1.859590501190403529e+03
1.859840546975154211e+03
1.860090592759904666e+03
1.860340638544655349e+03
1.860590684329406031e+03
1.860840730114156713e+03
1.861090775898907168e+03
1.861340821683657850e+03
1.861590867468408533e+03
1.861840913253159215e+03
1.862090959037909670e+03
1.862341004822660352e+03
1.862591050607411034e+03
1.862841096392161717e+03
1.863091142176912172e+03
1.863341187961662854e+03
1.863591233746413536e+03
1.863841279531164218e+03
1.864091325315914673e+03
1.864341371100665356e+03
1.864591416885416038e+03
1.864841462670166720e+03
1.865091508454917175e+03
1.865341554239667857e+03
1.865591600024418540e+03
1.865841645809169222e+03
1.866091691593919677e+03
1.866341737378670359e+03
1.866591783163421042e+03
1.866841828948171724e+03
1.867091874732922179e+03
1.867341920517672861e+03
1.867591966302423543e+03
1.867842012087174226e+03
1.868092057871924681e+03
1.868342103656675363e+03
1.868592149441426045e+03
1.868842195226176727e+03
1.869092241010927182e+03
1.869342286795677865e+03
1.869592332580428547e+03
1.869842378365179229e+03
1.870092424149929684e+03
1.870342469934680366e+03
1.870592515719431049e+03
1.870842561504181731e+03
1.871092607288932186e+03
1.871342653073682868e+03
1.871592698858433550e+03
1.871842744643184233e+03
1.872092790427934688e+03
1.872342836212685370e+03
1.872592881997436052e+03
1.872842927782186734e+03
1.873092973566937189e+03
1.873343019351687872e+03
1.873593065136438554e+03
1.873843110921189236e+03
1.874093156705939691e+03
1.874343202490690373e+03
1.874593248275441056e+03
1.874843294060191738e+03
1.875093339844942193e+03
1.875343385629692875e+03
1.875593431414443558e+03
1.875843477199194240e+03
1.876093522983944695e+03
1.876343568768695377e+03
1.876593614553446059e+03
1.876843660338196742e+03
1.877093706122947196e+03
1.877343751907697879e+03
1.877593797692448561e+03
1.877843843477199243e+03
1.878093889261949698e+03
1.878343935046700381e+03
1.878593980831451063e+03
1.878844026616201745e+03
1.879094072400952200e+03
1.879344118185702882e+03
1.879594163970453565e+03
1.879844209755204247e+03
1.880094255539954702e+03
1.880344301324705384e+03
1.880594347109456066e+03
1.880844392894206749e+03
1.881094438678957204e+03
1.881344484463707886e+03
1.881594530248458568e+03
1.881844576033209250e+03
1.882094621817959705e+03
1.882344667602710388e+03
1.882594713387461070e+03
1.882844759172211752e+03
1.883094804956962207e+03
1.883344850741712889e+03
1.883594896526463572e+03
1.883844942311214254e+03
1.884094988095964709e+03
1.884345033880715391e+03
1.884595079665466073e+03
1.884845125450216756e+03
1.885095171234967211e+03
1.885345217019717893e+03
1.885595262804468575e+03
1.885845308589219258e+03
1.886095354373969712e+03
1.886345400158720395e+03
1.886595445943471077e+03
1.886845491728221759e+03
1.887095537512972214e+03
1.887345583297722897e+03
1.887595629082473579e+03
1.887845674867224261e+03
1.888095720651974716e+03
1.888345766436725398e+03
1.888595812221476081e+03
1.888845858006226763e+03
1.889095903790977218e+03
1.889345949575727900e+03
1.889595995360478582e+03
1.889846041145229265e+03
1.890096086929979720e+03
1.890346132714730402e+03
1.890596178499481084e+03
1.890846224284231766e+03
1.891096270068982221e+03
1.891346315853732904e+03
1.891596361638483586e+03
1.891846407423234268e+03
1.892096453207984723e+03
1.892346498992735405e+03
1.892596544777486088e+03
1.892846590562236770e+03
1.893096636346987225e+03
1.893346682131737907e+03
1.893596727916488589e+03
1.893846773701239272e+03
1.894096819485989727e+03
1.894346865270740409e+03
1.894596911055491091e+03
1.894846956840241774e+03
1.895097002624992456e+03
1.895347048409742911e+03
1.895597094194493593e+03
1.895847139979244275e+03
1.896097185763994958e+03
1.896347231548745413e+03
1.896597277333496095e+03
1.896847323118246777e+03
1.897097368902997459e+03
1.897347414687747914e+03
1.897597460472498597e+03
1.897847506257249279e+03
1.898097552041999961e+03
1.898347597826750416e+03
1.898597643611501098e+03
1.898847689396251781e+03
1.899097735181002463e+03
1.899347780965752918e+03
1.899597826750503600e+03
1.899847872535254282e+03
1.900097918320004965e+03
1.900347964104755420e+03
1.900598009889506102e+03
1.900848055674256784e+03
1.901098101459007466e+03
1.901348147243757921e+03
1.901598193028508604e+03
1.901848238813259286e+03
1.902098284598009968e+03
1.902348330382760423e+03
1.902598376167511105e+03
1.902848421952261788e+03
1.903098467737012470e+03
1.903348513521762925e+03
1.903598559306513607e+03
1.903848605091264290e+03
1.904098650876014972e+03
1.904348696660765427e+03
1.904598742445516109e+03
1.904848788230266791e+03
1.905098834015017474e+03
1.905348879799767928e+03
1.905598925584518611e+03
1.905848971369269293e+03
1.906099017154019975e+03
1.906349062938770430e+03
1.906599108723521113e+03
1.906849154508271795e+03
1.907099200293022477e+03
1.907349246077772932e+03
1.907599291862523614e+03
1.907849337647274297e+03
1.908099383432024979e+03
1.908349429216775434e+03
1.908599475001526116e+03
1.908849520786276798e+03
1.909099566571027481e+03
1.909349612355777936e+03
1.909599658140528618e+03
1.909849703925279300e+03
1.910099749710029982e+03
1.910349795494780437e+03
1.910599841279531120e+03
1.910849887064281802e+03
1.911099932849032484e+03
1.911349978633782939e+03
1.911600024418533621e+03
1.911850070203284304e+03
1.912100115988034986e+03
1.912350161772785441e+03
1.912600207557536123e+03
1.912850253342286805e+03
1.913100299127037488e+03
1.913350344911787943e+03
1.913600390696538625e+03
1.913850436481289307e+03
1.914100482266039990e+03
1.914350528050790444e+03
1.914600573835541127e+03
1.914850619620291809e+03
1.915100665405042491e+03
1.915350711189792946e+03
1.915600756974543629e+03
1.915850802759294311e+03
1.916100848544044993e+03
1.916350894328795448e+03
1.916600940113546130e+03
1.916850985898296813e+03
1.917101031683047495e+03
1.917351077467797950e+03
1.917601123252548632e+03
1.917851169037299314e+03
1.918101214822049997e+03
1.918351260606800452e+03
1.918601306391551134e+03
1.918851352176301816e+03
1.919101397961052498e+03
1.919351443745802953e+03
1.919601489530553636e+03
1.919851535315304318e+03
1.920101581100055000e+03
1.920351626884805455e+03
1.920601672669556137e+03
1.920851718454306820e+03
1.921101764239057502e+03
1.921351810023807957e+03
1.921601855808558639e+03
1.921851901593309321e+03
1.922101947378060004e+03
1.922351993162810459e+03
1.922602038947561141e+03
1.922852084732311823e+03
1.923102130517062506e+03
1.923352176301812960e+03
1.923602222086563643e+03
1.923852267871314325e+03
1.924102313656065007e+03
1.924352359440815462e+03
1.924602405225566145e+03
1.924852451010316827e+03
1.925102496795067509e+03
1.925352542579817964e+03
1.925602588364568646e+03
1.925852634149319329e+03
1.926102679934070011e+03
1.926352725718820466e+03
1.926602771503571148e+03
1.926852817288321830e+03
1.927102863073072513e+03
1.927352908857822968e+03
1.927602954642573650e+03
1.927853000427324332e+03
1.928103046212075014e+03
1.928353091996825469e+03
1.928603137781576152e+03
1.928853183566326834e+03
1.929103229351077516e+03
1.929353275135827971e+03
1.929603320920578653e+03
1.929853366705329336e+03
1.930103412490080018e+03
1.930353458274830473e+03
1.930603504059581155e+03
1.930853549844331837e+03
1.931103595629082520e+03
1.931353641413832975e+03
1.931603687198583657e+03
1.931853732983334339e+03
1.932103778768085022e+03
1.932353824552835476e+03
1.932603870337586159e+03
1.932853916122336841e+03
1.933103961907087523e+03
1.933354007691837978e+03
1.933604053476588660e+03
1.933854099261339343e+03
1.934104145046090025e+03
1.934354190830840480e+03
1.934604236615591162e+03
1.934854282400341845e+03
1.935104328185092527e+03
1.935354373969842982e+03
1.935604419754593664e+03
1.935854465539344346e+03
1.936104511324095029e+03
1.936354557108845484e+03
1.936604602893596166e+03
1.936854648678346848e+03
1.937104694463097530e+03
1.937354740247847985e+03
1.937604786032598668e+03
1.937854831817349350e+03
1.938104877602100032e+03
1.938354923386850487e+03
1.938604969171601169e+03
1.938855014956351852e+03
1.939105060741102534e+03
1.939355106525852989e+03
1.939605152310603671e+03
1.939855198095354353e+03
1.940105243880105036e+03
1.940355289664855491e+03
1.940605335449606173e+03
1.940855381234356855e+03
1.941105427019107537e+03
1.941355472803857992e+03
1.941605518588608675e+03
1.941855564373359357e+03
1.942105610158110039e+03
1.942355655942860494e+03
1.942605701727611176e+03
1.942855747512361859e+03
1.943105793297112541e+03
1.943355839081862996e+03
1.943605884866613678e+03
1.943855930651364361e+03
1.944105976436115043e+03
1.944356022220865498e+03
1.944606068005616180e+03
1.944856113790366862e+03
1.945106159575117545e+03
1.945356205359868000e+03
1.945606251144618682e+03
1.945856296929369364e+03
1.946106342714120046e+03
1.946356388498870729e+03
1.946606434283621184e+03
1.946856480068371866e+03
1.947106525853122548e+03
1.947356571637873230e+03
1.947606617422623685e+03
1.947856663207374368e+03
1.948106708992125050e+03
1.948356754776875732e+03
1.948606800561626187e+03
1.948856846346376869e+03
1.949106892131127552e+03
1.949356937915878234e+03
1.949606983700628689e+03
1.949857029485379371e+03
1.950107075270130053e+03
1.950357121054880736e+03
1.950607166839631191e+03
1.950857212624381873e+03
1.951107258409132555e+03
1.951357304193883238e+03
1.951607349978633692e+03
1.951857395763384375e+03
1.952107441548135057e+03
1.952357487332885739e+03
1.952607533117636194e+03
1.952857578902386877e+03
1.953107624687137559e+03
1.953357670471888241e+03
1.953607716256638696e+03
1.953857762041389378e+03
1.954107807826140061e+03
1.954357853610890743e+03
1.954607899395641198e+03
1.954857945180391880e+03
1.955107990965142562e+03
1.955358036749893245e+03
1.955608082534643700e+03
1.955858128319394382e+03
1.956108174104145064e+03
1.956358219888895746e+03
1.956608265673646201e+03
1.956858311458396884e+03
1.957108357243147566e+03
1.957358403027898248e+03
1.957608448812648703e+03
1.957858494597399385e+03
1.958108540382150068e+03
1.958358586166900750e+03
1.958608631951651205e+03
1.958858677736401887e+03
1.959108723521152569e+03
1.959358769305903252e+03
1.959608815090653707e+03
1.959858860875404389e+03
1.960108906660155071e+03
1.960358952444905754e+03
1.960608998229656208e+03
1.960859044014406891e+03
1.961109089799157573e+03
1.961359135583908255e+03
1.961609181368658710e+03
1.961859227153409392e+03
1.962109272938160075e+03
1.962359318722910757e+03
1.962609364507661212e+03
1.962859410292411894e+03
1.963109456077162577e+03
1.963359501861913259e+03
1.963609547646663714e+03
1.963859593431414396e+03
1.964109639216165078e+03
1.964359685000915761e+03
1.964609730785666216e+03
1.964859776570416898e+03
1.965109822355167580e+03
1.965359868139918262e+03
1.965609913924668717e+03
1.965859959709419400e+03
1.966110005494170082e+03
1.966360051278920764e+03
1.966610097063671219e+03
1.966860142848421901e+03
1.967110188633172584e+03
1.967360234417923266e+03
1.967610280202673721e+03
1.967860325987424403e+03
1.968110371772175085e+03
1.968360417556925768e+03
1.968610463341676223e+03
1.968860509126426905e+03
1.969110554911177587e+03
1.969360600695928269e+03
1.969610646480678724e+03
1.969860692265429407e+03
1.970110738050180089e+03
1.970360783834930771e+03
1.970610829619681226e+03
1.970860875404431908e+03
1.971110921189182591e+03
1.971360966973933273e+03
1.971611012758683728e+03
1.971861058543434410e+03
1.972111104328185093e+03
1.972361150112935775e+03
1.972611195897686230e+03
1.972861241682436912e+03
1.973111287467187594e+03
1.973361333251938277e+03
1.973611379036688732e+03
1.973861424821439414e+03
1.974111470606190096e+03
1.974361516390940778e+03
1.974611562175691233e+03
1.974861607960441916e+03
1.975111653745192598e+03
1.975361699529943280e+03
1.975611745314693735e+03
1.975861791099444417e+03
1.976111836884195100e+03
1.976361882668945782e+03
1.976611928453696237e+03
1.976861974238446919e+03
1.977112020023197601e+03
1.977362065807948284e+03
1.977612111592698739e+03
1.977862157377449421e+03
1.978112203162200103e+03
1.978362248946950785e+03
1.978612294731701240e+03
1.978862340516451923e+03
1.979112386301202605e+03
1.979362432085953287e+03
1.979612477870703742e+03
1.979862523655454424e+03
1.980112569440205107e+03
1.980362615224955789e+03
1.980612661009706244e+03
1.980862706794456926e+03
1.981112752579207609e+03
1.981362798363958291e+03
1.981612844148708746e+03
1.981862889933459428e+03
1.982112935718210110e+03
1.982362981502960793e+03
1.982613027287711247e+03
1.982863073072461930e+03
1.983113118857212612e+03
1.983363164641963294e+03
1.983613210426713749e+03
1.983863256211464432e+03
1.984113301996215114e+03
1.984363347780965796e+03
1.984613393565716251e+03
1.984863439350466933e+03
1.985113485135217616e+03
1.985363530919968298e+03
1.985613576704718753e+03
1.985863622489469435e+03
1.986113668274220117e+03
1.986363714058970800e+03
1.986613759843721255e+03
1.986863805628471937e+03
1.987113851413222619e+03
1.987363897197973301e+03
1.987613942982723756e+03
1.987863988767474439e+03
1.988114034552225121e+03
1.988364080336975803e+03
1.988614126121726258e+03
1.988864171906476940e+03
1.989114217691227623e+03
1.989364263475978305e+03
1.989614309260728760e+03
1.989864355045479442e+03
1.990114400830230124e+03
1.990364446614980807e+03
1.990614492399731262e+03
1.990864538184481944e+03
1.991114583969232626e+03
1.991364629753983309e+03
1.991614675538733763e+03
1.991864721323484446e+03
1.992114767108235128e+03
1.992364812892985810e+03
1.992614858677736265e+03
1.992864904462486948e+03
1.993114950247237630e+03
1.993364996031988312e+03
1.993615041816738767e+03
1.993865087601489449e+03
1.994115133386240132e+03
1.994365179170990814e+03
1.994615224955741269e+03
1.994865270740491951e+03
1.995115316525242633e+03
1.995365362309993316e+03
1.995615408094743771e+03
1.995865453879494453e+03
1.996115499664245135e+03
1.996365545448995817e+03
1.996615591233746272e+03
1.996865637018496955e+03
1.997115682803247637e+03
1.997365728587998319e+03
1.997615774372749001e+03
1.997865820157499456e+03
1.998115865942250139e+03
1.998365911727000821e+03
1.998615957511751503e+03
1.998866003296501958e+03
1.999116049081252640e+03
1.999366094866003323e+03
1.999616140650754005e+03
1.999866186435504460e+03
2.000116232220255142e+03
2.000366278005005825e+03
2.000616323789756507e+03
2.000866369574506962e+03
2.001116415359257644e+03
2.001366461144008326e+03
2.001616506928759009e+03
2.001866552713509464e+03
2.002116598498260146e+03
2.002366644283010828e+03
2.002616690067761510e+03
2.002866735852511965e+03
2.003116781637262648e+03
2.003366827422013330e+03
2.003616873206764012e+03
2.003866918991514467e+03
2.004116964776265149e+03
2.004367010561015832e+03
2.004617056345766514e+03
2.004867102130516969e+03
2.005117147915267651e+03
2.005367193700018333e+03
2.005617239484769016e+03
2.005867285269519471e+03
2.006117331054270153e+03
2.006367376839020835e+03
2.006617422623771517e+03
2.006867468408521972e+03
2.007117514193272655e+03
2.007367559978023337e+03
2.007617605762774019e+03
2.007867651547524474e+03
2.008117697332275156e+03
2.008367743117025839e+03
2.008617788901776521e+03
2.008867834686526976e+03
2.009117880471277658e+03
2.009367926256028341e+03
2.009617972040779023e+03
2.009868017825529478e+03
2.010118063610280160e+03
2.010368109395030842e+03
2.010618155179781525e+03
2.010868200964531979e+03
2.011118246749282662e+03
2.011368292534033344e+03
2.011618338318784026e+03
2.011868384103534481e+03
2.012118429888285164e+03
2.012368475673035846e+03
2.012618521457786528e+03
2.012868567242536983e+03
2.013118613027287665e+03
2.013368658812038348e+03
2.013618704596789030e+03
2.013868750381539485e+03
2.014118796166290167e+03
2.014368841951040849e+03
2.014618887735791532e+03
2.014868933520541987e+03
2.015118979305292669e+03
2.015369025090043351e+03
2.015619070874794033e+03
2.015869116659544488e+03
2.016119162444295171e+03
2.016369208229045853e+03
2.016619254013796535e+03
2.016869299798546990e+03
2.017119345583297672e+03
2.017369391368048355e+03
2.017619437152799037e+03
2.017869482937549492e+03
2.018119528722300174e+03
2.018369574507050856e+03
2.018619620291801539e+03
2.018869666076551994e+03
2.019119711861302676e+03
2.019369757646053358e+03
2.019619803430804041e+03
2.019869849215554495e+03
2.020119895000305178e+03
2.020369940785055860e+03
2.020619986569806542e+03
2.020870032354556997e+03
2.021120078139307680e+03
2.021370123924058362e+03
2.021620169708809044e+03
2.021870215493559499e+03
2.022120261278310181e+03
2.022370307063060864e+03
2.022620352847811546e+03
2.022870398632562001e+03
2.023120444417312683e+03
2.023370490202063365e+03
2.023620535986814048e+03
2.023870581771564503e+03
2.024120627556315185e+03
2.024370673341065867e+03
2.024620719125816549e+03
2.024870764910567004e+03
2.025120810695317687e+03
2.025370856480068369e+03
2.025620902264819051e+03
2.025870948049569506e+03
2.026120993834320188e+03
2.026371039619070871e+03
2.026621085403821553e+03
2.026871131188572008e+03
2.027121176973322690e+03
2.027371222758073372e+03
2.027621268542824055e+03
2.027871314327574510e+03
2.028121360112325192e+03
2.028371405897075874e+03
2.028621451681826557e+03
2.028871497466577011e+03
2.029121543251327694e+03
2.029371589036078376e+03
2.029621634820829058e+03
2.029871680605579513e+03
2.030121726390330195e+03
2.030371772175080878e+03
2.030621817959831560e+03
2.030871863744582015e+03
2.031121909529332697e+03
2.031371955314083380e+03
2.031622001098834062e+03
2.031872046883584517e+03
2.032122092668335199e+03
2.032372138453085881e+03
2.032622184237836564e+03
2.032872230022587019e+03
2.033122275807337701e+03
2.033372321592088383e+03
2.033622367376839065e+03
2.033872413161589520e+03
2.034122458946340203e+03
2.034372504731090885e+03
2.034622550515841567e+03
2.034872596300592022e+03
2.035122642085342704e+03
2.035372687870093387e+03
2.035622733654844069e+03
2.035872779439594524e+03
2.036122825224345206e+03
2.036372871009095888e+03
2.036622916793846571e+03
2.036872962578597026e+03
2.037123008363347708e+03
2.037373054148098390e+03
2.037623099932849073e+03
2.037873145717599527e+03
2.038123191502350210e+03
2.038373237287100892e+03
2.038623283071851574e+03
2.038873328856602029e+03
2.039123374641352711e+03
2.039373420426103394e+03
2.039623466210854076e+03
2.039873511995604531e+03
2.040123557780355213e+03
2.040373603565105896e+03
2.040623649349856578e+03
2.040873695134607033e+03
2.041123740919357715e+03
2.041373786704108397e+03
2.041623832488859080e+03
2.041873878273609535e+03
2.042123924058360217e+03
2.042373969843110899e+03
2.042624015627861581e+03
2.042874061412612036e+03
2.043124107197362719e+03
2.043374152982113401e+03
2.043624198766864083e+03
2.043874244551614538e+03
2.044124290336365220e+03
2.044374336121115903e+03
2.044624381905866585e+03
2.044874427690617040e+03
2.045124473475367722e+03
2.045374519260118404e+03
2.045624565044869087e+03
2.045874610829619542e+03
2.046124656614370224e+03
2.046374702399120906e+03
2.046624748183871588e+03
2.046874793968622043e+03
2.047124839753372726e+03
2.047374885538123408e+03
2.047624931322874090e+03
2.047874977107624545e+03
