-7.970686442198652091e-03
-1.863430774528156419e-01
3.994692546116517251e-01
-2.926849869537859195e-01
1.180910323140220930e+00
-2.231391107451021760e+00
1.610736614064760541e-01
9.338078955493586131e-01
2.943719754084926254e+00
1.705195917869992694e-01
-8.155227949318807346e-01
2.153561539273545489e-01
-4.044507151803513612e-01
-1.189001786758182577e+00
1.131897410509399737e+00
-6.441315830601062054e-01
-3.288954728725095866e-01
3.357975198248389637e-01
-8.886588643134694099e-01
1.776974044062857638e+00
-1.725858457020227332e+00
1.448724198355466619e+00
-5.201533692760491601e-01
7.499663540680571172e-01
3.036638049297788466e-01
1.744081860849308718e+00
-2.591093681141857896e+00
8.854836579122286055e-01
-4.265378289806273648e-01
-1.571640878155479149e-01
-4.907155593789017112e-01
5.089158076841253653e-01
5.029563605923987879e-01
-1.563856456502515258e+00
-9.292245445806253112e-01
4.079011820982360315e-02
7.273871276913722594e-01
-7.119314505662598380e-01
2.004802337798995693e-01
-7.723580473708532290e-01
-8.636586443744816988e-01
-1.111348702218529994e+00
1.600572216402532888e+00
2.110031472024541888e+00
1.215715873193407237e+00
8.729306533740667229e-01
-1.164639598729945380e+00
-5.272644964087107589e-01
3.663457803542025104e-01
-1.087542016965151181e-01
1.229953026996561505e+00
1.203548881933084624e+00
1.289381119430899406e-02
1.106616870429895538e+00
-7.947077234782303767e-01
-1.302173079445520243e-01
7.296606212984845241e-01
-4.329390667769387746e-01
-1.466831323842669565e+00
-2.401080834328305436e+00
-1.921811982310022815e+00
-1.070072334054770202e+00
-1.698956034962074035e+00
-1.814884142423036084e-01
-8.631559610426854379e-01
-1.902420773034367185e+00
6.251555229196094077e-01
4.746431725418424064e-01
-3.478216377659119063e-01
4.360156683903495534e-01
-3.131599231366992697e-01
2.660544097269775143e+00
3.768267844880733297e-01
-5.379590485775613828e-01
4.127990290725226386e-01
-5.119191527806932207e-01
1.672119585598477731e-01
-4.151135854077659393e-01
-7.623319738566715076e-01
8.112473832066399160e-01
8.804109575561365197e-01
5.292194247638573046e-01
-2.337470485670909981e-01
-8.158570332680737947e-01
-1.857750835888104080e+00
-7.113045503511367107e-01
8.339209290079141468e-01
8.869590650617729943e-02
-1.950237295725502085e+00
-1.167400623451729125e+00
-1.725536384879528262e-01
1.876694472497606250e-02
1.647963033955927026e-01
2.505746723617065519e-01
1.545156125520719348e+00
-8.355225525624629945e-01
-9.889893551753459189e-01
-1.109049584068916738e+00
-2.664323491969055047e-01
-2.008077788642109507e+00
-1.921627390274344704e-01
-1.390493376389497548e+00
7.096029167526007875e-01
-7.902661444167431437e-01
6.685765829460013077e-01
1.059137342803100568e+00
1.302255348987450267e-01
1.669207710439790882e+00
-6.122534118465129405e-01
-9.854408647001507981e-01
-2.743931053356491456e-01
-7.897866493165395241e-02
-1.423818367033732324e+00
9.958719159223189399e-01
-1.623559020229444760e+00
8.913692184414577779e-01
-7.379704637290478431e-01
-3.052714751579236885e-01
2.713041800030535633e-01
5.660332954098162839e-01
1.453567987154380514e+00
-1.103253049237044002e-02
2.985876645615268554e-01
-1.437115272770485452e+00
-5.665660317348973907e-01
1.471176675068666562e+00
-2.021217781815967562e+00
1.690406136514987834e+00
9.513213352322033023e-01
3.577754482646038348e-01
7.249969729126510831e-01
-3.084761043857205953e-01
-1.677331592344445621e+00
-3.056877698649684283e-01
-1.422720105899912379e+00
-1.548436493971862449e+00
-5.851276791099982999e-01
-2.529511233479365018e+00
-6.643641606844872260e-01
-1.275017760551020007e+00
8.503025063712079668e-01
-6.702355073582919043e-02
-4.430514788357957645e-01
7.361713062271426633e-01
-1.129478279981994682e+00
2.040735476658140091e-01
-8.705940898642509918e-02
5.775321053626323309e-01
-2.066875988872130532e-01
-1.699637216071122836e+00
-9.420736137625795870e-01
-1.365865554678865834e+00
1.318846132560231865e+00
1.151890894260479969e+00
-3.024368819828144317e-01
6.903697603544269867e-01
-1.308050462528419944e+00
6.837208002538605056e-01
8.287254172412289455e-01
-3.534167806949617963e-01
1.934591164867760782e-01
4.600384138606272710e-01
-7.891501308101865897e-01
-8.208624581617869342e-01
-2.297735269424915572e+00
-9.208335345673603900e-01
-1.196881636971488083e+00
5.512164620982621388e-01
7.027843149417202229e-01
1.349342011058640989e-01
-3.004022982200838521e-01
5.822904737349358095e-01
-2.323839693953626273e-01
-8.876048533073148672e-01
-3.411324891060744657e-01
1.381611524759481346e+00
1.663839807483773192e-01
6.038852261545573086e-01
2.909920631366660349e-01
-9.506859600929478127e-01
3.523133611110835228e-01
-1.798405786092416747e+00
5.112691999706978629e-01
4.578969316368053932e-01
1.921056194078012869e+00
-7.906676468511256717e-01
2.455423891595832631e-01
-1.211782954135548485e+00
3.417824599933630969e-01
1.531107863598409002e+00
3.784407338945804944e-01
4.069873880663905097e-01
3.861896742377801672e-01
-9.950064697700100602e-01
-1.428286891990083518e+00
-5.477895811225249600e-01
2.913840932635329839e-01
-1.257647783297620281e+00
-5.021906489589850198e-01
-9.335955886650209035e-01
1.285937331609230683e-01
-1.624864295308034445e-01
8.518837025090743031e-01
2.259855328489204673e+00
7.157451998925855596e-01
6.315335257550652726e-01
-3.501078993860056235e-03
-1.113017658090772910e+00
3.124863030767271455e-01
1.341790075417416406e-01
2.192466974616966990e-01
1.037004544511829662e+00
7.847090392837903217e-01
9.408190370607789621e-01
-1.251286654101904317e+00
2.339427229336280778e+00
1.450744914137183372e-01
1.245371714347524250e+00
6.634374039132406864e-01
1.173430271853923346e+00
7.640157353623121539e-01
-1.901644269662143616e+00
1.364751421926950981e+00
9.560157954929544566e-01
3.548739229515225913e-01
1.875446724068815518e-01
-9.180461230088831082e-01
-7.289088802921539489e-01
-8.412670103356882922e-01
2.601658608176066756e-01
9.180139874685611101e-01
4.340201466213619019e-01
9.317282083456507324e-01
2.142043904842679591e+00
-4.893429413573876507e-01
1.309071364087360578e+00
-9.745082499381086949e-01
1.140176348618683555e+00
2.511975943614614959e-01
1.485683002899756966e+00
-4.464319508940691739e-01
-8.903681437828544487e-01
-3.213623692146423405e-01
1.632532013356126521e+00
-1.074008461515896684e+00
-1.529417939542754734e+00
2.009082399491336712e+00
1.161661984254849678e+00
1.724362880424546329e+00
3.989782593633829366e-01
1.309177611714125167e+00
-3.885334531422961479e-01
-2.707879649624260754e+00
6.459175252982904958e-01
1.103463502113738004e+00
3.853954891156731177e-01
-8.679290561247549052e-01
4.624558547056847324e-01
1.254047028169286593e+00
7.369512033400100748e-01
1.379517865485070827e+00
1.483997053877957883e+00
5.340087243775170078e-01
-4.146208281415424413e-01
-1.727676048792801566e+00
6.088735846851547340e-01
5.684232954577014274e-01
-2.277671610941871538e-01
-3.951068484841173678e-01
-1.308834324228877799e+00
-3.069310006995378814e-01
-9.701324017168329039e-01
7.916182551798248146e-02
-5.812588779837798425e-01
-9.757069831639729462e-02
9.969364896841974577e-01
-4.368177712724459760e-01
5.523032991393409530e-01
-6.715775271326659968e-02
-1.317233214426929644e+00
1.315472717505957734e+00
1.651297408659607946e+00
-2.366326540856281024e+00
5.765270612517432447e-01
5.095865210300749570e-01
-9.078881477510741468e-03
-1.763227442769149445e+00
1.801421208694496290e+00
-9.615354286046384757e-02
-5.081941925669080096e-01
1.617175318993990585e+00
-5.205239476778286134e-01
8.665995367252161685e-01
-4.140153530498730805e-01
1.233820067438931578e-01
1.805448828078992096e-01
2.602743209780767897e-01
-1.485818819405194446e+00
8.619979793654425348e-01
3.292370106844978994e-01
2.168620719879674474e-01
-6.406284011584466587e-01
-7.134437711354515432e-01
9.994956240051530161e-01
5.190570087500312457e-01
-4.266148952036040165e-01
9.627664105459803334e-01
-2.211594982599333903e-01
-6.730002227888615129e-01
2.647778585372247973e-01
-6.507051267503042302e-01
-2.445591658558528281e-01
-4.861024076343722217e-02
-4.020013897153048021e-01
-7.658904223390949895e-01
-1.726333855454995903e-01
-4.960476045933895350e-01
6.142856903471735075e-01
1.294719137511551210e+00
3.619551799404011616e-01
1.443648955186583316e-01
1.072664113203652125e-01
-2.620743161725783837e-03
6.696748791275658474e-01
2.871449791616708658e-01
6.413761237423161454e-02
-2.077204063626889141e+00
1.887967443130155187e-01
-8.174349754374424792e-01
1.134363436176409223e+00
-4.150260440348665925e-01
7.468558419439434992e-01
-1.374422582208345567e+00
-3.972777676254664603e-01
1.538253412255023989e+00
-6.456535744141592703e-01
8.867493484490215350e-01
7.069703656975943051e-01
7.508742479005470205e-01
-5.675337644817519678e-01
-4.342650009722781590e-01
-2.583817928820277277e-01
1.302124363712948041e+00
-1.331961312410486320e+00
-1.661984880371666806e+00
4.452450816614845208e-01
-2.448699396353295921e+00
3.617523103795242112e-01
-1.577210723759199018e+00
1.559951749635217544e+00
-1.640771138804697493e+00
-5.314509951378609820e-01
8.853395226676520346e-01
7.387905724664537432e-01
-1.138118591872091662e-01
-1.040994446033728593e+00
1.650742352902248689e+00
-1.101386371536295705e+00
8.557500192497698999e-01
1.700315236610113967e+00
9.258099947394166085e-01
5.678376578641108896e-01
4.798562892794881046e-02
6.158592943808889331e-01
4.477988781504858573e-01
-1.624353211990592794e+00
-2.110418053579403708e+00
-5.507369418685134077e-01
-4.520975943956616061e-01
-3.674772946413008001e-01
7.500335520311054438e-01
7.496587203831468933e-03
-1.067733542923787304e+00
-5.039382285821937257e-01
5.831728408248819662e-01
3.349563339132092810e-01
1.101164036502237042e+00
-3.883194900492230039e-01
7.139563122156482589e-01
1.004376714303957696e+00
2.984110540710122605e-01
8.115080614963897376e-02
-1.437040106074263024e+00
-7.466435603116172715e-01
-4.674039697049073849e-01
1.448241581117448051e+00
1.288269358197101644e+00
1.701281776683835067e+00
4.088356757080122694e-01
-1.180669093489453925e+00
-2.960696736720303424e+00
2.331662623275973623e+00
-5.634120490177559060e-02
1.410970414783302651e+00
4.498876348600882036e-01
1.109311717411053388e+00
-4.444025701813170137e-01
3.841841072943409929e-01
-1.528993051660295643e-01
4.867165746383123603e-01
-1.140785765585416556e+00
-3.144454897382251701e-01
-3.151668002240937572e+00
1.072587301134149129e-01
2.487830792195921403e-01
-1.385112097532589681e+00
6.261422842817085943e-01
-2.062258746081190586e-01
3.799776079522462768e-02
6.719577573473540788e-01
1.741644802446159268e+00
-1.381316493193759376e+00
1.058602049096461828e+00
1.668209325675359400e+00
3.656676929986000385e-02
-6.517072096188161190e-01
-5.563907892439406977e-02
7.507709458611011577e-01
-1.196508578798353151e-01
7.869090890592576049e-01
-3.751939863754744087e-01
-2.540205003287827168e+00
5.648241555347162379e-02
9.657421054011811057e-01
6.493803786086093099e-01
9.254845772112115787e-01
-8.743989219171165450e-01
2.796246789024882818e-03
-9.985809466563978498e-01
9.056644779215602403e-01
4.329800907175596625e-01
1.004515788187505088e+00
-1.550998970672974986e+00
5.491136702379305623e-01
2.289738896117363143e-01
-1.682935691594024341e+00
6.099282380845376661e-01
-5.127729163127956596e-02
-1.346360354878946008e-01
3.591017607080713991e-02
-1.188400888483901741e-01
3.301885120890060699e-01
-1.110006242546311306e+00
1.053340355180487631e+00
-3.463727003475436939e-01
-1.680709067806259449e-01
9.778817189143540478e-01
-1.402630062544451217e+00
-1.019662428771995089e+00
1.181053930705871169e+00
2.050506424302345546e-03
-8.095310596401367187e-01
2.392795726691768099e+00
3.965579408898571301e-01
3.466635128430227697e-01
-8.698668128727359283e-01
1.731441762869886658e-01
3.849728132347623455e-01
4.852350728197197816e-01
-1.846220992751563816e-01
9.689687639927916860e-03
6.840591131691411420e-01
-8.096644848915285353e-01
-6.870937885892524077e-01
-1.109627810564831618e+00
3.853879005268974478e-02
1.498473932681646748e+00
-4.150043174667950030e-01
2.176704087017126144e-01
1.415098770381707949e+00
-1.387561479069139958e+00
8.526939355184994795e-01
1.453622603364135957e+00
-4.525462384735702837e-01
-4.269959227793295176e-01
4.315160237906782159e-01
1.807722641191377599e+00
-8.399606878235337248e-01
-1.202913305962648005e+00
-9.041637268406536865e-02
1.198350470215715280e+00
-1.773138235991400746e+00
1.079651271234109977e+00
1.110696449120659013e+00
-2.137021464819798044e+00
2.505020072382118657e-01
2.079017981718905617e+00
-1.599182671383897025e+00
-6.872666421617276145e-01
-6.443135293061857949e-01
-4.417866780990917230e-01
-1.197580752501294254e+00
-1.150338697383726405e+00
1.310754584113536625e+00
5.225113419950334626e-01
8.328493787751292121e-01
2.417563503673698211e+00
3.384798857876234468e-01
-6.492020078039172359e-01
-4.945869609451414295e-01
3.543689870753985449e-01
1.580306933234059130e+00
1.227872586653647069e+00
6.207436609705718755e-01
-1.364166995712497166e-01
-1.683026067400319459e+00
-2.024912960014756624e+00
1.436113400177030153e+00
3.052314159540490679e-01
8.825457907888036857e-01
6.602308672621854946e-01
1.348149978553188744e+00
-1.151184761532501488e+00
1.204380705692577935e+00
1.198602738042177651e-01
6.875491966557616408e-01
-1.121216375721413971e+00
2.612090072528558959e-01
-1.417208926851300579e-02
1.345356644336132224e+00
2.319850603068843442e-01
-2.558476712382052654e+00
-1.814190012310865074e-01
5.016563053367582015e-01
-4.101288723116721519e-02
4.489509806533672487e-01
-7.127304177850888323e-01
-2.777968406591949879e+00
7.130185105699770043e-01
3.455051267769815304e-02
-9.909801718762875078e-01
-1.232101833209203301e+00
-4.673214058183879360e-01
-2.176577511576709423e+00
-7.795967704060551284e-01
2.853665002812828089e+00
2.026489019210875875e-01
-2.473990035451317793e-01
5.024135455785917470e-01
-2.487082362169943939e-01
5.823354129656471700e-01
1.709720914409068815e+00
-1.560171346823458149e+00
8.415286199045520776e-01
-4.539838047527159359e-01
8.288181717887667110e-01
1.873597254483444718e+00
-7.209116640241131080e-01
-1.508754476550096868e+00
-7.999311976747844888e-01
-5.653073284115367469e-01
8.878263546769576964e-02
-1.458950784140204682e-01
4.293161758766654845e-01
-3.818292782890916337e-01
6.525853843729838566e-01
2.854307679093024963e-01
-2.834173184505123233e-01
1.376575076316412849e+00
-8.651507701466769618e-01
-1.140602090872608748e-01
5.636373757567193499e-01
-1.230011755233313187e+00
2.705933231759444224e-01
1.957141673384090286e+00
3.943754286104891871e-02
1.186203676965079001e+00
-1.956046176607903753e-01
-3.940542169741613754e-01
5.916348561289230812e-01
-1.255698278673383905e-01
-4.856780498551709346e-01
-9.506745732449340958e-01
-6.893797815186519795e-01
1.856924064286910259e+00
-2.340589968601727300e-01
-1.195273929112397937e+00
9.675092561388173862e-02
-1.533983516619838561e+00
-9.062318164501938222e-02
9.434395677209500564e-01
2.228979732350663268e-01
2.722083676872222302e+00
-4.704465180197237029e-01
1.197841282986330080e+00
3.108963045461716757e-01
-1.050189020743446555e+00
2.213317432509987470e-01
2.635140310006134912e-01
-8.475228094901019471e-01
-1.160807019217185293e-01
7.497192497641202991e-01
-9.742308494432290189e-01
1.398000720354025395e-01
8.722125416497352735e-01
-1.882515623917733472e-01
-1.143625255973663490e+00
-1.270461395093202661e+00
-2.714556565242260203e-02
-7.693780177830874534e-01
-2.745519155269532385e-01
1.617245822317665782e+00
1.948900980368231395e-01
4.227693806864608050e-01
-3.660966202960737048e-01
7.225373089862288656e-02
6.265848066374481995e-01
-5.674803501366251224e-01
-1.524616149550460431e+00
-3.390231036385168428e-01
-6.971443603276100687e-01
-1.122843151558178265e+00
-1.497339482092163276e+00
-2.016702854945204570e-01
-2.172184610634063026e-02
-3.046327173106384567e-01
-4.835475185384179309e-01
-5.286333892407670820e-01
8.310047308824536350e-02
-5.084687202813178430e-01
-3.283155017046002211e-01
6.148745467317209279e-01
-6.839358693615792406e-01
-6.993777539049396141e-01
6.459420507490417629e-01
-1.395635850574592052e+00
-1.583773296052582547e+00
-1.135419578802016272e+00
4.477477663770656480e-01
-1.162045257233700113e+00
7.312291293849004781e-01
-2.040167782705951463e-02
1.428454565479800653e+00
7.319660131271064074e-01
1.735388712850369219e-01
5.108675196968111010e-01
7.674571283240256836e-01
-4.398363886871419770e-01
1.380950841815183350e-01
1.843501637025929840e+00
-2.549478839413414910e+00
9.858654206640817819e-01
2.770998668980988004e-03
1.038087653556536427e+00
-1.069296960054182177e+00
-5.915422103537357756e-01
1.328253630044369804e-01
-1.024013336420251274e+00
5.773350271346548990e-01
-6.103731728938274204e-01
1.202413249259401518e+00
1.131727737952572754e+00
-8.492776094852756696e-02
-6.721153393079610794e-01
-5.019971274569697828e-01
1.379701951022700990e-01
-2.705488587780208398e+00
1.059489698897446930e+00
1.062601071324700719e+00
-9.450879911528645705e-01
-1.091671783545804741e+00
-1.328877114363516965e+00
2.487008265707173038e+00
-2.798457226684841204e-01
-4.456342197779853964e-01
-3.511977874651537879e-01
-1.594834346006394732e+00
1.802082789273620200e+00
1.147882557718979069e+00
1.787050420396895323e+00
-1.922081233230712005e+00
1.314768662714474123e+00
1.537940033919000804e+00
2.287465683655699744e-01
1.468172280595388512e+00
-2.014070994250052316e+00
3.789816868100977509e-01
-1.547464658296693607e-01
9.193697530376058191e-01
9.371388286476164398e-01
7.410260623834843963e-02
7.504237569818442699e-01
-1.966552663715050331e+00
3.569292743451688565e-01
-9.500314614619912446e-01
-2.646341562132515368e-01
1.306091648078566703e-01
-9.868397992602817581e-01
-6.661958966328376253e-01
4.318889421089584513e-01
5.603841960001797462e-01
-4.350049571249136604e-01
1.792766914372710130e-01
-2.025808139471072522e-01
-7.603782464539703412e-01
-5.004667084773952723e-01
2.773016276535898994e-01
-6.849424804780205323e-01
-3.441274456469974041e-02
4.104316396114179866e-01
8.619029980558404747e-01
1.949144628810431268e+00
-3.349134961223569906e-01
6.465483524340785992e-01
2.098398826764194536e-01
-8.268118780357688880e-02
-6.367613930510928055e-01
-6.244328785696619255e-02
-5.682906131532827754e-01
3.763713752066188412e-01
-1.406423226912583979e-01
2.279735146403071289e-01
-4.964525819067232004e-01
-5.104112568114049786e-01
2.862649726458547095e-01
6.193642490211028750e-01
-1.844593848442363626e+00
2.810101629379754939e+00
2.355742512429006286e-01
9.211706654884738166e-01
3.837602276133866841e-01
6.060273926455057580e-01
-5.024003837333776978e-01
1.048640306892858032e+00
3.317862360116590748e-01
-1.290418652555605616e+00
-6.843776108124804969e-01
-1.305606359503981295e+00
-1.513842885852861198e+00
9.170934247987444499e-01
1.119767605426696067e+00
1.081837969795561155e-01
4.408499655123040983e-01
5.855139943579680262e-01
1.884503938496798758e+00
-1.487545401512042176e+00
5.074352196423735917e-01
1.496648862729766938e-01
-2.735364727835467580e-01
1.576894037251888481e+00
-1.889408391622483974e+00
1.079017735872141559e+00
-1.188836770136278975e+00
1.889510363363267720e+00
1.796299358007865943e-01
2.797420364408123583e-01
2.355019209409504790e-03
1.514179148914248652e-01
3.462013582263978040e-01
-9.869248073875311889e-01
7.070203834246280294e-02
9.301348843925716370e-01
6.027159203366956319e-01
-4.574038308585501311e-01
-7.684641340346889393e-01
1.150512168238137511e-01
1.394959956590270389e+00
5.541477577866680271e-01
-3.338739453005716284e-01
3.282059619700895825e-02
-2.879335500206493537e-01
8.882773090916554759e-01
1.122408670698487709e+00
1.595823767084782574e+00
2.111251702327281710e-01
1.742585225798380488e+00
-3.075159840798950550e-01
1.387827992018627388e+00
-4.796014934127187379e-01
-2.151228229547652138e+00
-5.459138100122188364e-01
1.515454632813956481e-01
1.358527306616819641e-01
-4.483581082440545040e-02
6.757323453990744522e-01
-1.083574158475874460e+00
2.883163100690550595e-01
8.242797004331616773e-01
-6.685137749582027444e-01
-1.854176194686372459e-01
-6.693623689802563614e-01
-4.032056216599895770e-01
-8.369023825406325390e-01
-1.650328467815035172e+00
8.610771516117239344e-01
-6.708112251572052598e-01
9.891793453485961396e-02
8.991681756593303820e-01
5.752097850870291351e-01
-5.399396450688669358e-01
-1.190714375698161742e+00
1.090833493165163759e+00
2.404650203308891510e-01
6.676589648841994018e-01
-5.129938607074386869e-01
-1.601035544018514889e+00
-7.576445644936638524e-02
-7.058326100433143235e-01
1.548152611622986841e-01
-1.015591859533944596e+00
2.892081630581676333e+00
-1.056107764555351602e+00
-6.929997043658453482e-01
2.511984177532330387e-01
-2.122168785398084456e-01
1.534084005204550127e-01
-5.160798660241332908e-02
3.607335650386772063e-01
-3.944921124403234503e-01
-9.327153730734530912e-01
1.108879591451932711e+00
2.830207838551911936e-01
-1.336238808496512664e+00
1.803045769028206236e+00
-8.287688604538399062e-01
-1.080417231738620476e+00
-6.281059508413546766e-01
-5.239446002477674558e-01
-4.538568199064776931e-01
2.577784869621111419e+00
-5.338515521822062571e-02
-4.426724378434937490e-01
-3.466307497871606857e-02
-2.506914229567397623e+00
4.863674097914855166e-01
-6.720288985957175720e-01
4.736009393438164183e-01
9.510573139393542208e-01
-2.258076642540853829e-01
4.244547541911742328e-01
-8.220657824977058992e-01
-5.368881018945218520e-01
2.221046711917245453e+00
-1.640599100738356464e+00
4.948340768559056913e-01
1.193883673223281372e+00
2.183298295197929825e-02
-9.526184096488707898e-01
-6.714799718495496617e-01
3.442368866066186639e-01
-8.255366672840167008e-02
-5.785956652541588419e-01
-1.181790146741398040e+00
-1.280023702181190659e+00
-9.519637743208043679e-01
-2.475171649962714937e-01
1.610863405748256927e+00
-5.569686138956839727e-01
-1.846812626068300656e+00
-9.599948140379814532e-02
1.158949086267647033e+00
-4.072790251699588693e-02
4.030759143752125628e-01
4.532168102524419262e-01
1.049358478186715127e+00
3.552267874913111467e-01
-8.326844663074917108e-01
-6.912478474143848861e-02
1.711265139247111877e+00
1.488597987467342065e+00
1.863863664549043619e+00
4.198800445568370288e-01
-3.782534783216481844e-01
7.854537705488157454e-03
4.775766666479578926e-01
-1.416026991315193495e+00
-9.680503512403568767e-01
-1.689711131721672033e-01
-2.732126212392143039e-01
-9.632876530113386737e-01
5.057959050733993323e-01
4.758571208742453651e-01
-6.956133124143529800e-01
1.546512387563050116e-02
-2.265780935831626375e-01
-9.624973868379701480e-01
2.882395321709614079e-03
2.839375163130079538e-01
-9.454064425316286435e-01
1.296115165824089088e-01
7.394557431994661645e-01
9.672641550061942262e-01
8.401897902395414341e-01
1.895393166137480323e+00
-9.030152620749716252e-01
1.475210531926433921e+00
-1.070159856505562779e+00
5.549497931361845326e-01
8.986543459543252510e-01
2.083592204630265454e-01
-1.134993557150043575e+00
8.805052790550152442e-02
-1.451207325994004593e+00
8.962425695660416469e-01
6.487986335790238979e-01
-7.623555798334360478e-01
-5.056546373254110910e-02
-6.211582859868739481e-01
6.820330244610652848e-01
4.354832472366171880e-01
1.651124841875982519e+00
-4.233290735035227792e-01
1.170758778987046167e+00
-1.198241145472930924e+00
5.267703998043178348e-01
1.123262012894610695e+00
-1.772533631764946216e-01
1.842848562793380385e+00
1.700318855460047685e+00
-8.567560968648803010e-01
-7.366249411077168130e-01
-1.277207062641242619e+00
-5.919613167236992268e-01
-1.721882192475529871e+00
-4.661712748535420947e-01
-3.469215674414402262e+00
7.706090649844206109e-01
-5.166025284809805385e-01
-1.166078429289901131e+00
2.721348548681246093e-01
-1.686539511365877875e+00
6.319997051142790534e-01
3.939167706375597544e-01
3.773813941905735936e-01
-2.774340258943321036e+00
-1.208281383622103466e-01
2.024783719671531257e-01
-2.283937992824740082e+00
9.316215973841219800e-01
-9.117585850305296447e-01
2.285372968960200257e+00
1.311831476055236312e+00
1.245095783506800835e+00
8.516745112126042905e-01
5.085006722508279564e-01
-2.746195118777859268e+00
-1.626852403021113558e+00
1.186843082116185055e+00
9.384171109896760621e-01
1.903575854807698642e-01
1.441583857874925600e+00
-2.455564377942788534e-01
-3.309414159859108695e-02
-1.292748644055849994e+00
-7.727892500154879274e-01
-2.010065418419383576e+00
4.727675614808469762e-01
-1.105237642605869874e+00
4.564761496371755878e-01
-1.137097846791651268e+00
-2.739542548499005026e+00
6.549585232398022483e-02
-7.921474074724409453e-01
2.751045249184401076e+00
-1.238616743938499631e+00
-6.032461286865581362e-01
-7.786030932808385430e-01
-1.305665677590510942e-01
-6.117663722392003844e-01
-9.006081531493234094e-01
4.834538470614467287e-01
2.647454225197921840e+00
3.836156541584818114e-01
-1.915566058412555783e+00
-3.513785658412063584e-01
-1.252495921117608990e+00
-1.507225117743797860e+00
-7.169803310663926954e-01
-1.634373335293779483e+00
8.213761096730370914e-01
3.516359828578951019e-01
-3.962739907679512230e-01
-1.064414478726767976e+00
-7.109957850631990484e-01
1.955089873182648486e+00
-5.083676368851985927e-01
2.529019663106058524e-01
-2.026384182680923407e-01
-1.261546853150813385e+00
1.145518908583029738e+00
-4.301458799632394969e-01
4.833081778215843061e-01
-8.188429855308259064e-01
-6.704580094292413861e-01
1.529376684741190706e+00
1.472460436827731645e-01
4.804011057330623280e-01
1.986472933095375648e-01
1.698665946695501416e+00
7.725343598302415460e-01
-2.620429614955680719e+00
-2.058378624458549744e-01
-2.486452560710020465e-01
7.507010568832802599e-01
-1.040771533132979487e-01
5.923691112138648185e-01
7.879968346824877123e-01
-5.841057279613567355e-01
7.199952209921213486e-02
3.692651734381899309e-01
-9.124062184721761781e-01
-1.679061248732456879e-01
6.496797676422703116e-01
-3.739887894345215319e-02
-2.756629293055440577e+00
2.354876883942774946e+00
1.238629583523899319e-01
-1.690413577369613174e+00
6.379946800188174283e-01
2.568159644336533431e-01
8.140444287778160204e-01
-1.470160275898097391e+00
1.121865689740767058e+00
8.712337297263675895e-01
5.786573947640571980e-01
7.433682770183885902e-01
-6.210099945525735521e-01
-5.685456861534717854e-01
1.161107250302723770e+00
-5.980896547193926757e-03
-8.931758939661952335e-01
-2.128651305231752666e-01
-2.928749400528029012e-01
-1.139909887637128971e+00
6.663977405241859886e-01
4.750545724664151370e-01
1.031261552222040648e-02
-8.672730540889694861e-01
1.424531212672733638e+00
-6.128174167173133791e-01
5.289781669503555994e-01
-4.236900757205808721e-01
6.749636250392938575e-01
-1.297059146078815450e+00
-1.272610436001328171e+00
1.430155259120585720e+00
-2.134876979086134607e+00
6.860864956064196933e-03
1.152684267131955098e-01
-9.163172908345116330e-01
5.619653176364649561e-01
-1.048390970875115569e+00
1.304547369737121543e-01
-6.239857598590750065e-01
-3.265967344088648860e-01
-7.854893038900798707e-01
1.549459005828755398e+00
4.015703660187636137e-01
-4.630631566988991366e-01
-1.894296646776679471e-01
5.347770185177852520e-01
2.866322973936568652e-01
8.459914895764364395e-01
-9.998575614609114259e-01
-6.840517925633001761e-01
2.921417217306375158e-01
-8.860061170931941010e-01
1.741765513185590697e+00
-6.945486075519609059e-01
5.088082110617843101e-01
-5.376656704448742330e-01
-2.520989210701050087e-01
-1.104101349155217404e+00
-1.244195162609494476e+00
-8.728511758062965642e-01
-1.485555354515503135e+00
5.258149015795786640e-01
-8.941020109662553006e-01
-4.416381674371019361e-01
2.009085163928289175e-01
8.493596033089472197e-01
1.500088194695498478e+00
-1.679444536071188210e-01
-7.832957029214416833e-01
5.450760970296408825e-01
2.771291307917466695e-01
-8.035716014752916081e-01
2.953275640802207613e-01
2.651347609072727263e-01
-6.882810288268143006e-01
-8.382397090524915662e-01
-1.081601250008219939e+00
-1.371486283740916301e+00
-1.407482751127264953e+00
1.749359788304092778e+00
-1.247424031733749550e-01
-4.193654320444925587e-01
6.714675454089701345e-01
-1.455356359972609592e+00
5.772303447858031511e-01
-2.536880298483509266e-01
2.868042014606809187e-01
-3.558863750425038108e-01
-1.122456363629075415e+00
5.311215591921889523e-01
-9.125696082231653516e-01
-4.150486743812398238e-01
-4.661615508082422865e-01
-6.703406630817438927e-01
-4.775774482931376408e-01
3.228922601855870878e-01
1.325444851178992245e+00
-1.354790019620951913e+00
1.207404812647434822e+00
-4.650406206925137842e-01
-4.834516191178324651e-01
-6.523084861412019597e-01
-2.266865123764915335e+00
1.296314748936270522e+00
7.532483278610810906e-01
-1.748576287738757173e+00
-3.532322561842696218e-01
-4.809082019034841005e-02
-2.226787139761190915e+00
1.367111634138049814e+00
-7.915723394786551292e-01
-6.299091484864670631e-01
-1.727079181052600665e-01
-4.388162712964316925e-01
4.916117974165547244e-02
-8.933014846882859628e-01
-1.193310323248872207e+00
-5.793486055079651864e-01
1.441743852903971446e+00
1.745928750311001032e+00
7.234051891890325159e-01
5.380429704165946569e-01
-9.537950682969373317e-02
1.289065925105085331e+00
-1.518022337840193803e+00
2.194966586266442476e+00
-5.456083507428457491e-01
-1.354668987834999616e-01
7.939114377371634390e-01
-4.100831073107100710e-01
-3.282899974604264748e-01
-2.240783124957176908e-01
-7.131071996523979939e-01
1.812897547894394945e+00
-3.603879215279178205e-01
-3.264194418984194823e-01
-1.054675542989863962e-01
-4.896101798670685623e-01
-1.415481275814816531e+00
4.151806869788512988e-01
1.679422631213087769e+00
3.153175044293878848e-01
6.790506722244502580e-01
1.020429892124149751e-01
6.822925314025686250e-01
1.317632331043834704e+00
1.367486739422086428e+00
2.333880733243627326e-01
6.969051843022362747e-02
2.315878295726676028e-01
5.648194593476991709e-01
-7.742760365984914239e-01
-9.257239019659765367e-01
-4.907540049603131838e-01
1.161875477846558091e+00
1.728761028400750133e-01
-6.242358593300850744e-01
-1.681807565038500263e+00
-7.803754447522440740e-01
1.930356606728698271e-02
-1.329920158980996137e-01
1.321535948531885329e-01
7.556026527895352007e-01
9.540995041964510648e-01
-4.786777422308445828e-01
-4.731969333281240697e-01
-1.634049215226511365e+00
1.127162221560498390e+00
-4.970161460706893353e-01
4.425494940182045922e-01
2.596689277109105465e-01
9.779104686646267197e-01
5.958491831794582305e-01
-7.009742100998542780e-01
1.004689873963945601e+00
1.133415055846695774e+00
-4.625708419612955535e-01
-6.193391859416720324e-01
1.856537349915720503e+00
6.377571246273222583e-01
-1.355194906462160453e+00
-1.543760912805895724e-01
6.695442913024062248e-01
-1.702876597879161791e+00
3.535215166933883824e-01
-1.248617850021966902e+00
1.078678795525371409e-01
-1.967829578744682562e-01
4.506569260019516882e-02
-5.301589503899767353e-01
1.274106875244510328e-01
-9.838594436876242355e-01
1.004245071922248017e-01
1.663009784191027129e-01
-1.865734871683409901e+00
-6.292876306085822824e-01
-5.543223187294494814e-01
1.360462882200350165e+00
-1.835320422726192113e+00
-7.933738204847754494e-01
3.895096901066280592e-01
5.162411502037675959e-01
6.674418247135467663e-02
2.160921484837571960e+00
2.113254193715718432e-01
-1.381115283358487433e+00
5.497876535852784796e-01
-8.469654519877621857e-01
-9.238641613194829849e-02
-8.348262183713088813e-01
1.557824321785695298e+00
3.607821704069955060e-01
3.514515554187895297e-01
6.261882813669916725e-01
-6.877943682219568311e-01
-8.789998519046290371e-01
5.209112114043451536e-01
-1.385691115141771679e+00
-6.977399727147186592e-01
3.334840234613390408e-01
1.136176423146435077e+00
-5.676216695093893039e-01
1.858108515000522071e-03
-6.626188963183872183e-01
-1.474932335723997123e-01
-1.025493667038501311e+00
4.886303560227170384e-01
1.472061533733618255e+00
4.586448747655064856e-02
9.161990790082966685e-01
-1.477094782133345108e+00
4.780590149626709473e-01
-1.688771878735925713e-01
4.487027340047797241e-01
-5.961436625995362171e-01
5.905205331322496143e-01
-2.051099647689259009e-01
-6.281229780562058718e-01
6.502727353888295703e-01
5.993450892367384597e-01
9.467319333587713714e-01
-6.111450569041868564e-01
6.522682535274878513e-01
-9.108745052761848537e-01
-1.008848763236656204e-01
5.510233921844034377e-01
-1.323511590904231872e+00
2.863229518739525692e-01
-2.259739885805391590e-01
1.161364734211376870e+00
-1.096208310467962743e+00
1.079706207565668930e+00
-9.746334699314156413e-01
-2.354918354931188340e-01
-1.108420968896974168e+00
6.653048571071996653e-01
1.227819027644357019e+00
8.958222290749424943e-02
4.294724915410355615e-01
1.464180406526263689e-01
-3.686227010791525704e-01
-3.085579343822140164e-01
2.563045033088355296e-01
1.615198774233745471e+00
-6.859794866782668032e-01
7.703939578693254076e-01
-2.019564789300884733e-01
1.216740376187416928e+00
-4.548986207522470182e-01
-3.390082164280838750e-01
1.748804051920787028e+00
-1.235068299890981214e+00
8.394232573260913544e-01
-5.034841450507826499e-01
-9.932957958368480167e-01
-8.161236187840141543e-02
-1.117125739541377172e+00
4.452476004919191932e-01
-5.687869336942728005e-01
2.936799896251473529e-01
5.500998917910392416e-01
-1.388878274058004680e-01
-3.180832020246945196e-02
2.018695607115757185e-02
6.653373588431263919e-01
-1.384662091486165911e-02
1.317566043589601721e+00
-8.152253967229966536e-01
-3.617092930851081301e-01
-8.785925398490782579e-01
-2.423328304763312513e-01
-3.812495122143669257e-02
8.604333235611473230e-01
8.823709936264748643e-01
-9.706209867106696532e-01
-2.924650080222281900e-01
1.589700883243858331e-01
-5.167205528701882544e-01
1.190934972381762380e+00
-4.695315846434809925e-01
-8.340678240377184804e-02
8.019518068433062474e-01
-6.192907338513786719e-01
9.293785154549495664e-02
-9.051137091496282150e-02
-7.178429875648100200e-01
1.952245592032582966e+00
-1.500538763836641198e+00
-5.442862662744873958e-01
-6.028033720253985622e-02
2.059397860563403626e-01
6.676888364505686457e-01
-8.507030494790016606e-01
-3.004515542778798953e-01
1.141691829746849657e-01
1.215952110342182868e+00
6.095168867743416818e-01
-1.842024893371668748e-01
4.557466623122924387e-01
2.042360927098649526e-01
2.324214747073222453e-01
7.722499187027968004e-01
-3.887778545162006577e-02
-1.437414565093268759e-01
-5.797487908012045610e-01
2.082348149556448647e+00
-2.304806625681279919e-01
-8.199717970311273252e-01
-6.394218591617387704e-01
-3.721714068030039790e-01
5.621139036738339451e-02
-9.995712079961267815e-02
2.542814411838027477e-01
3.970516013307290870e-01
-2.748761918739083265e-01
-5.885147377456034778e-01
1.086664082514322338e+00
2.440566441851998114e+00
-7.590437273983297040e-01
-1.386312036201341025e+00
5.036099856983258238e-01
1.965613089714635331e+00
-7.752369796496321186e-01
2.249540953214111128e-01
2.871634724227360991e-01
-2.973021357268751386e-01
1.195421186954330195e-01
5.585692360693100822e-01
-6.697262607677254564e-01
2.155056140727491076e+00
-6.411939681347018638e-01
4.428141096731593174e-01
5.247407222023293683e-01
-1.047730008144878155e+00
-1.099488260933704442e+00
9.476482740624592171e-01
-6.542395407973188304e-01
-1.054957727227486264e-01
1.148700447591743945e+00
3.056983262224846620e-01
1.830460592771426587e+00
5.565357730191072827e-01
-4.233152589373097574e-01
9.954285410608819662e-01
4.351261079801620468e-01
1.722064403669828214e-01
-1.342195234577478136e+00
-1.618050818495760657e-01
6.035690725701309267e-01
1.647886535121083407e+00
-8.573045864856071452e-01
-2.753513973179672614e-01
1.374792621615805954e+00
-2.985103439908800005e-01
-1.500574990655208607e+00
5.492780231169290817e-01
-8.600346841629141759e-02
7.049868488168773428e-01
-1.012410734870959228e+00
-1.023300278920776352e+00
7.446216122276102523e-01
9.827369082261651068e-01
8.083353645621198236e-02
-7.322410304405236880e-01
6.665931145187971030e-01
-2.363150722298657525e-01
4.400420300806714979e-02
-1.366581693988990764e+00
-3.049988564423606469e-02
4.445548256873460002e-01
-7.117566616883489461e-01
-8.385458895294418680e-01
1.162446226421778028e-01
1.548015795162097641e+00
1.372878104258708598e+00
1.542627714850476339e-01
5.864949597463886555e-02
-1.946196902154295749e+00
-7.985675355268174735e-01
1.101499468618478028e+00
5.627889157436705148e-01
1.432857424668364799e-01
-4.628735587248405947e-01
-1.159650620416883715e+00
5.752375330148820076e-01
-1.839986688824956640e-01
2.462790975363100127e-02
-1.386675319659743943e-01
-1.132885833115162555e+00
-3.398404002486271613e-02
7.624944662234737214e-01
1.090847524149935466e-01
-1.579505865104142037e+00
1.224814820047842812e+00
-1.301523654983297584e+00
4.503531497733391231e-01
3.417972891926834289e-01
-6.858623640215864015e-01
-3.846214850715277134e-01
1.327488835910645815e+00
-1.130828017952281828e+00
2.788271903078615166e-01
7.933861452690147420e-01
-6.221914940126588300e-01
-7.755416700013487707e-01
-7.289452906818334466e-01
9.448091354284050558e-01
-3.586468456664485549e-01
8.159587215334652699e-01
1.693368420170559441e+00
2.965708373267296416e+00
-1.237341789057444297e+00
-3.685312106557298018e-01
2.153039492294331059e-01
-1.347534199137700561e+00
2.341703899169633729e-01
-6.212721474723106319e-01
-1.494579285659796142e+00
7.338918770445695960e-01
1.337804705556589813e+00
-1.599654401629329481e+00
8.965808091925180356e-01
-6.017518017372288641e-01
1.088794629345315457e-01
1.230019912137447546e+00
8.018357550707294612e-01
1.098156287619365346e+00
-4.124886821686568616e-02
-3.803910707350089404e-01
-2.578986048053014124e-01
1.637091398627721128e+00
-4.235217491746620100e-01
1.512110424696806232e+00
-2.381294782480419592e+00
4.740665087745491446e-01
2.407478916166664595e-01
2.118057201840203962e+00
2.689095836312954901e+00
1.494225328899410343e-01
-1.321049273259040202e+00
-6.540780066819503746e-01
-2.286041050438942346e+00
-2.184649421649653006e-02
1.064727878899315971e+00
-1.427678783593826939e+00
-3.014461334890403132e-01
1.628641510870450615e+00
-8.853205521408440415e-01
9.485803529499624576e-01
7.987394280925040890e-01
1.239860067877709415e-01
1.069049641956744567e+00
1.359946208905125298e+00
-1.422574529841788893e+00
-1.575416464679404438e-01
4.185474720074012778e-01
4.078226598507090905e-01
2.922387857402353739e-01
-1.374071573707640548e+00
1.914849305540602398e+00
-1.256554724121234506e-02
-1.078982686989779838e+00
9.261344620341888101e-01
-1.617467322679442043e+00
-1.717203975323963405e+00
-5.270924635766638389e-01
-9.058521285028108272e-01
1.547469237568630973e+00
-2.887779900872537373e-02
-1.531566908952777251e+00
9.400779193104855658e-01
-2.546368348957798178e-01
4.057433320375775088e-01
9.401412252568792649e-01
-3.676690186056211229e-01
-3.350143578137453892e-01
8.104531255472101348e-02
4.921025056321180480e-01
4.698066103448702568e-01
4.115550644803550595e-01
1.197666708409807379e+00
-5.785375919353852314e-02
4.121425779860146132e-01
1.433013130838374893e+00
8.227107325372267077e-01
-1.128638044938859331e+00
5.816801602260011084e-01
-2.915060521497391255e-01
-1.262883096966818552e+00
-6.077608202356215017e-01
5.108069927343852346e-01
-9.500497817234319076e-01
-1.456714294755478090e+00
-6.973980930218950380e-01
3.703610740347357266e-02
1.173529066559533904e-03
6.373131456614913315e-01
-9.403542724486747828e-02
3.027927158224294479e-01
-7.760537745308331292e-01
-5.219996381548882569e-01
-1.885176830594503528e-01
-8.902339830933619913e-01
-5.073937126334301384e-01
9.878985548214517243e-01
-5.719383436970227885e-01
1.888065789462588739e+00
-8.426621839890801047e-01
1.613001678337779368e-02
7.058896686046595148e-01
-1.479862540372186785e+00
3.062016191474552507e-01
-1.028085778367449077e-01
-1.243777709948218790e+00
8.843795996170003004e-01
9.383210444587682941e-01
-2.405603245791529121e-01
-4.601316262222505671e-01
-1.075587613910077067e+00
-1.293086695489231719e+00
1.329130410160097364e+00
1.062104436660823215e+00
1.615103143663539076e-01
-2.790007117154288951e-01
-2.844781129653421448e-01
2.825122351307132740e-01
1.262277424759357558e+00
1.743409695393963066e+00
-2.458330704344229733e+00
-7.668626595767047416e-01
-5.708208460548657159e-01
1.161544392412623417e+00
8.230322376753674840e-01
4.857601723160501761e-01
-4.099777088785594992e-01
-2.174973903636606476e+00
-1.061986701167723757e+00
6.986145573096265160e-01
-3.304538873373984859e-02
7.754628689896961857e-01
1.527329243964281880e-01
-1.883767494559406841e-01
-7.628030801900882452e-01
1.748837803294630566e+00
6.768803374935818129e-02
-4.442357951687985196e-01
8.801049759627570523e-01
-2.556582791720585224e+00
-1.897122166135798205e+00
-5.981768112507759305e-01
5.830257969270162821e-01
1.909905497777194761e+00
-1.586779374688263022e-01
4.465516310449343940e-01
-4.485165930540145340e-01
1.449117945307679678e+00
2.140652752902415745e+00
4.412053921104405751e-01
4.203608432379247750e-01
-5.818510789518063220e-01
7.526082824907197599e-01
-9.946192955519701784e-02
-4.078375089415863242e-01
-7.528590777410555379e-01
-1.311822962972524875e+00
3.677853632714143672e-01
8.042254940106015049e-01
-4.315501888852042445e-01
-2.938479925422474714e-01
-5.853273918571397783e-01
7.935807057945450937e-01
7.086061832342432920e-01
5.233236449845621863e-01
-8.307964587662800549e-01
6.633615464488674673e-01
-9.338159335501338143e-01
7.370053127895808132e-01
9.011668306260887107e-01
-1.564955007157422251e-01
1.597125983419536599e+00
-4.633760683458887919e-01
-7.486999867758694638e-01
9.054817522931086771e-01
8.730602225265317040e-01
-1.151167221434429289e+00
-5.674958851744424937e-01
-2.708807201784364516e-01
7.506869524198793719e-01
-3.769836665044507679e-02
1.973988359084577482e-01
2.372578601381974406e-01
-5.909547820074811941e-01
9.089526309195787857e-01
-9.753727298318020100e-01
-2.177501209610412936e-01
-5.944306318603681527e-01
-2.430516677711404228e+00
-1.800294836906117801e-01
-2.904369122873656783e-01
-6.467767243741327776e-02
5.525985742814888413e-01
-8.872080848266573616e-01
-3.153257113059734773e-02
-1.012063452397691021e+00
5.538372609168981109e-01
1.519092855863012348e+00
-9.245241486055730817e-01
-5.599553123688008061e-01
-7.365320442644491816e-01
8.643091089743689670e-01
-1.966106393924898832e+00
3.071162653780989404e-01
-1.867247437763641382e-01
-1.008361287072971013e+00
-4.034343653125806450e-01
1.307267950615268459e+00
-1.313582617350077530e+00
6.212236410427915967e-01
-1.962018521548568373e+00
-6.455773779575709748e-01
6.603331605134027393e-01
-4.116501241626664975e-01
1.001372658411760624e-01
-1.344227194415226201e-01
5.732088165841383587e-01
-1.111762608494720528e+00
-1.053378633580701162e+00
6.443613829771236423e-01
-7.742353255535127099e-01
-3.186241581006920565e-01
1.328006460359577146e+00
-3.454113492256501439e-01
-5.610240734419845721e-01
-5.316221137014208731e-01
1.885573811801893873e-01
1.560866633623898547e+00
1.887252200881936126e+00
6.369254257999704683e-01
2.392054130205042983e-01
-9.740045905662649828e-01
-3.970527232486576463e-01
-7.235367050785008747e-01
1.409387472824750409e+00
-2.162226228889683674e-02
-3.411463902122865433e-01
-1.671053123152367315e-01
6.987453908518670431e-01
3.302264686403506566e-01
2.344241809004924126e-01
1.548490819778576943e+00
5.033778613794733792e-01
-1.084022721380052956e-01
-2.774624585325776160e-01
3.959870456783564641e-01
3.678411907776904521e-02
-8.188914379317864256e-01
-3.900461453741467799e-01
4.027290022056329022e-01
1.231689268797310888e+00
-3.547392316640917698e-01
1.470789000520472456e+00
-4.093482185488803715e-01
8.937059299234948462e-01
-3.167457556435311350e+00
9.847519726999218737e-01
4.247594266193370771e-01
-8.825347395676856610e-02
4.038604907204498273e-01
-8.777508867806167459e-01
1.127412656422080772e+00
-2.389350360355545211e-02
-9.875125121656347371e-01
1.061001678664701409e+00
1.639704927013142799e-01
8.191848382847164434e-01
-4.260906851349381408e-01
1.013921079318206075e+00
5.330872599083539276e-01
4.933305382588915045e-01
-1.457137279595395185e-01
-2.142405579679473593e-01
-3.554562593338065346e-01
6.230445729950372380e-01
-6.315606397329140975e-01
-2.254336312824260613e+00
6.179520942082914470e-01
-9.927895716676718996e-01
8.578281261454930862e-01
-1.510522124323747439e+00
-4.751900909652794769e-01
-1.590815880811270011e+00
-1.455015868548849900e+00
5.557580582950797377e-01
1.069947433741430087e+00
-2.057245998629067540e-01
1.963839973103988168e+00
-1.057337044258944703e+00
-2.004051752963404098e+00
-1.145721301511043733e-01
-1.999469193456977045e+00
-4.058850678132365775e-01
4.006252273206026282e-01
7.340742206707084883e-01
-1.037801476582295379e+00
-3.184342532076161358e+00
-7.183001487626620163e-01
2.000033754061535385e-01
1.069117663096248894e+00
-2.623259123910468560e-01
9.757757789020331529e-01
8.132774869479475477e-01
2.254785245544321359e+00
2.325221532500003629e-01
-9.582130837322709871e-01
4.938614985505056509e-01
7.672688231882147658e-01
2.887828618220443566e+00
3.884196669756759257e-01
1.597881667494462032e+00
1.353035345086608610e+00
6.642553717542470926e-01
-1.656040986906684331e+00
1.667160215567873305e+00
1.091040351412172038e+00
-5.158224498451308149e-01
-1.596462706903718276e+00
6.343328192477833971e-01
-1.706999075988617776e-01
4.590778567452943881e-01
7.989116585636899526e-01
2.314530235516499168e+00
-1.146838818888987532e+00
5.858642909239368812e-01
5.242949533146015195e-01
-1.315452961505068907e-01
-1.285631391164625270e-01
-4.366768272041942622e-01
-6.569142226139127461e-01
-2.377771205359965057e-01
1.250914479532909906e+00
-2.068385538715804994e+00
-1.526716628437817747e+00
-6.092907693021887283e-01
4.912469715810535154e-01
7.145040915044680307e-01
9.851511097878522527e-01
6.738854466438067847e-01
-6.034140242714333136e-01
9.709217135507718366e-01
1.624840199175862088e+00
1.457937666184749848e+00
-1.325195018469135011e+00
-8.339501541112134264e-01
-5.026101850571143004e-01
-9.015114233361314344e-01
-4.972404671380607488e-01
8.064874555817267421e-01
5.656572513054214379e-01
3.439932551544258033e-01
5.990900203980776828e-01
4.453267645274939235e-01
-1.004119519516780690e+00
-4.777456203595907280e-01
-9.420065396336315677e-01
2.009033351928098732e+00
1.576828375632534640e-01
6.677285627497424325e-02
-1.032149996552993221e+00
-1.097632598551080557e-01
5.682748437136960762e-01
6.266513697849132244e-03
-1.505840924705695860e+00
4.413391351802006812e-01
1.973109264393249962e+00
-2.440087084052662836e-01
1.361890395243924301e-01
-1.043021948144929878e+00
-9.535363061695380227e-02
9.168294761096723589e-01
8.788008962968906213e-01
1.254804836217260355e+00
-2.475195547209726454e-01
-5.553349269940471844e-03
1.164304345072110447e+00
1.501258204848917588e+00
8.139616410297436655e-01
2.004211577763599372e+00
-6.261335411284711938e-01
-6.235571640868374788e-01
1.888126181744687937e+00
1.383789804029324166e+00
-6.890381959162721059e-02
3.238097238719917392e+00
6.100506605521980319e-01
-6.169857796776022363e-02
-1.447688844475279568e+00
-3.570422386367304579e-01
9.607312244675114687e-01
-1.962611123975461780e-01
-6.514785513466718747e-01
-7.696634901700497577e-01
1.752709573772865126e-01
-4.813846990267016124e-01
1.743379074290220654e+00
-1.033329134286895323e+00
1.033443389781085325e-01
-2.336169380080872215e-01
-4.958025735587140437e-01
-9.504404535769388485e-01
-1.513166627140146270e+00
1.756230328723903944e-02
9.256724104922717244e-02
9.390509721234271412e-01
-1.168755888290085698e+00
1.083050621955599757e+00
-7.586376119102039572e-02
-1.665972011723708235e+00
8.681306320392284670e-02
1.127200960114689510e+00
1.198132049094095875e+00
2.212617119308164959e+00
1.173831156292015399e+00
3.922420585623958567e-01
5.197678779502142854e-01
1.014964129451569885e+00
8.773838799955422374e-01
3.084277185367355067e-01
-2.946192827406554082e-01
-3.745916964688464357e-02
-5.888613657231371867e-01
1.594421620017555941e-01
-7.811086522703516444e-01
-4.462175608690129858e-01
-2.789832572350263717e-01
-1.187735118139315871e+00
-7.450386806367755854e-01
-2.009345119154018811e+00
1.333883144780079411e+00
9.582353806696717324e-01
9.454174407466222618e-01
1.032181409578894815e+00
1.113203612483153915e+00
7.165143086643800396e-01
4.592544864870060639e-01
-2.414711027191575266e+00
-1.119226805068372688e+00
-3.598520159999907264e-01
2.739500735292517697e-01
1.186486661525864683e+00
-1.594491334000525340e+00
7.792208545429829547e-01
-1.924722301828851734e+00
-3.473511996823437920e-01
-2.944866325780560734e-01
-1.080025364753785189e+00
9.504638243342308224e-01
1.118774645780437962e-02
-3.191971061044285851e-01
-1.090195804742101870e+00
2.044235446170629356e+00
-1.072345578575286673e+00
5.902834081044079362e-01
-1.571265621978026328e+00
-1.591699491736342509e+00
1.519187403693215588e+00
1.008776469191403846e+00
5.271257791319442498e-01
-6.936501200012126223e-01
2.509860792535567153e+00
-3.344844938088459840e-01
9.446322575391659093e-01
2.260013718017533577e-02
-2.158628773976146054e+00
-1.153867061347993328e+00
1.070484060776169644e+00
-4.368384279228805234e-01
-1.237040913439166445e+00
2.416210230923091284e+00
-7.384549477397466255e-01
1.091169235507126745e+00
9.723835087481882411e-01
8.691378394093403070e-01
9.525981128842717638e-01
-1.841088476826939102e+00
-2.909930185003405945e-01
-6.879459762579016591e-01
1.957288727043274834e+00
7.999034171650439839e-01
-1.846826879024806092e-02
1.676508097402537256e+00
9.203691735179697631e-01
-1.387100856786818381e+00
-1.342210178223795625e+00
1.410243366114051877e+00
6.860006418198153488e-01
4.341526181878319762e-02
-8.224715297294287186e-01
1.600184352632030738e+00
-1.227524979095700353e+00
1.299548402849021844e+00
-8.312258470142606104e-01
4.506175468487576552e-01
3.924099896752998584e-02
5.966942463023996446e-01
5.101639754168181273e-01
-2.389679729680004860e-01
-7.253797629145439796e-01
-3.879963825860495152e-01
8.474235901883306887e-01
3.611078915751485541e-01
1.282756306650286282e+00
7.159230995222286564e-01
-7.019237426242302957e-01
-2.584984490442800098e+00
-1.637739450168322008e+00
-5.684177037636775065e-01
3.081128831594316941e-01
8.920917949705465810e-01
5.545791299418693088e-01
-9.196807242512420322e-01
1.403288060438466545e+00
6.129203599906200006e-01
8.919826061422662100e-01
-6.728709711833900098e-01
3.855295555063733004e-01
1.236409501113402420e+00
-1.073735627448055285e-02
3.978352972592509307e-01
2.311274253400063400e-02
-1.442122798280312423e+00
2.558044720952213358e-01
-1.644473090664994031e+00
-9.869375709340137970e-01
9.024102378213924025e-01
1.484012239731575811e-01
-7.295768182169277694e-01
1.129176132167609259e+00
-1.205827313277771373e-01
1.240599811651907469e+00
-1.943131082582547631e+00
-1.604473846556854877e+00
-4.810077232538918501e-01
8.222348767265620362e-01
1.385956512630069637e-01
-7.967915726398520082e-01
1.830183455090643063e+00
-4.620668139316194134e-01
2.380558025894822238e-01
8.065256822693038785e-01
3.244551469115127817e-01
-1.678625251552665398e+00
3.336736435124756373e-01
-1.168869688732038226e+00
8.363971606804507242e-02
-2.020440676474556607e+00
6.589937705489544717e-01
1.785491194870265363e-01
-2.398734147993104859e-01
-6.435481376714853319e-01
-3.921301233820123078e-01
1.359152255654809460e+00
-3.721378801765567457e-01
6.695158932226966675e-01
-4.063727267276602377e-03
3.090698007254519819e-01
-9.897879839577039540e-01
-7.850737612644798080e-01
-7.709355824317044859e-02
3.835900617706243798e-01
-3.494747744514767884e-01
3.718063833951410491e-01
9.782062981244247224e-01
-2.282277371374512309e-01
3.304478090330831286e-01
1.173724734083977594e+00
5.780914539952843878e-01
5.206787955370819621e-01
4.266152160988722630e-01
-1.999866385975346716e+00
-1.208493682819338444e+00
-1.152775753302719197e+00
-1.898892401435363864e+00
-5.332865193910845125e-01
-2.075644783650589520e-01
-9.487880954400076394e-01
5.631578130177372632e-01
-9.896417313122743975e-01
-9.679288007045580011e-01
-1.527936935604576218e+00
-8.915650891183133364e-01
3.996464703682355291e-01
-2.688006446417225415e-01
-5.572712297782713708e-01
1.931628062613568897e+00
2.158061448329094301e+00
-1.942724863776317035e+00
5.327489554505915326e-01
6.846251565894621027e-01
7.062507212205546558e-01
-2.500916605510571968e-03
-1.434921720679789292e+00
-8.062946739675648233e-01
3.478936373055612208e-01
-2.256793564796125695e-01
-1.375457094091440791e+00
1.113475617121614109e-02
1.395602084516968766e+00
6.750007696791644474e-01
1.822833360443724127e-01
-3.284481165761695132e-01
-1.729056183726674245e+00
-6.888563207536666511e-01
-1.093443512233357007e+00
1.430307758568755583e+00
1.903227810510272899e+00
1.269281093598386478e+00
-3.531655250661833167e-01
4.843296967842670719e-01
-1.578370391455245159e+00
1.534063502399684253e+00
-5.325971237428365201e-01
-2.685819675426550091e-01
1.293133840797245693e+00
-1.791111167304151319e+00
-5.802031688296661605e-01
-9.661628380017504847e-02
7.982266856265340937e-01
-1.505860925893894642e+00
9.304070342638084412e-01
6.697640416825366427e-02
-7.152566298808793466e-01
-4.670007917620962457e-01
6.506495361674077271e-01
-8.542499498020549309e-01
3.007600849095246609e-01
6.496234669243465820e-01
-1.369293727817951778e+00
-1.290406610562493395e+00
1.066107185960382342e+00
9.937344112038044575e-01
-9.465702277751475435e-01
-3.376458894101828645e-01
2.620256949657660539e-01
3.927627289406546707e-01
-9.362339342360656014e-01
-9.781742315945549104e-02
1.217943528797783337e+00
-3.676455086934889427e-01
-1.045034167782201484e+00
1.286763281797313474e-01
5.562319859374075248e-01
-2.145378046775916481e-01
-1.470179774164297459e-01
1.706344473864294775e+00
1.504285547761482489e-01
-8.490889593194971274e-01
5.168223835968539515e-01
-5.842338198784682302e-01
1.325881655880581045e+00
1.093211537505486053e+00
4.503304013328134903e-01
1.570771041178009031e-01
-1.707707261405332133e+00
-1.465965221884054648e-01
-3.166081014505057745e-01
-7.455477098203012742e-01
-1.051822299101879077e+00
-4.034838528760716914e-01
1.475469677101828747e+00
-5.526198670877501273e-01
1.954166757328825443e-01
-6.257074900682939589e-01
6.465323896792916081e-01
-6.948926193203053270e-01
1.537017348550497209e+00
-1.115372410225171085e-01
-6.279746961653694948e-01
3.090430961317082836e+00
6.091149799904234108e-01
-1.258879317657900065e+00
-2.443923608905386180e-01
2.802696235221364685e-01
-8.922655674291253558e-02
-1.215736947932031020e+00
1.036856033612555628e+00
1.276841309990453643e+00
1.092847265162307790e+00
-4.012537631260577609e-01
7.153401728346885369e-01
4.930837892708826997e-01
1.655172995603716168e-01
1.078949064996262974e+00
-1.966527090829582047e-01
-1.345340424271946889e+00
3.973432080385950749e-01
4.387650744933470071e-01
-1.003743436119432397e+00
-4.177074960338884035e-01
-6.823457485152872870e-01
-7.732746009989337477e-01
1.079214731684778744e-01
8.634086056490725136e-02
-5.552895618531602517e-01
7.016591231306715803e-01
1.032773478816106261e+00
1.442736777391624425e+00
-3.813352012286517767e-01
2.199322941937091602e-01
1.231597516622261745e-01
2.149640252391430209e-04
-6.790286170440048563e-01
-3.415848758635959825e-01
-8.211169470459845909e-01
-1.590059623824015556e-01
1.849295715142091678e+00
4.007977118226718205e-01
1.359573710055583140e+00
-5.412138750878502380e-01
1.147286226543162702e+00
3.053601519803800235e-01
-4.373988919876752868e-01
-6.272087839186067937e-01
-2.130758152529611260e-01
9.720704866155733814e-01
-5.139982275997877492e-01
-2.071179368935737397e+00
-3.879511018747375251e-01
-6.018383960736236465e-02
-1.785212321669038982e+00
-3.011807033796995176e-03
-3.863988612414215873e-01
-2.296112506943325249e-01
-3.723002359554837271e-01
-4.709091463010692258e-01
-1.270604873209163765e-01
1.434430659555774035e-01
1.336843446363278565e+00
1.560554221416069254e+00
-1.103662779729225329e+00
-4.913262638010635341e-01
2.009039878284731184e+00
-9.018935339725033806e-01
-4.966915702973522251e-01
3.907133540550916662e-01
3.059338804534909584e-01
7.516333010641171319e-02
-6.016169777188885570e-01
-2.833277715014471010e+00
1.880552999891077048e+00
9.616491734084384180e-02
5.252619311858814921e-01
1.015623625659193063e+00
8.772406297987240739e-03
-1.276373063484826487e+00
-4.453029849017137165e-01
-2.817349868244684030e-01
-7.186248961831830373e-01
-2.377652828214097402e-01
3.283618309305315064e-01
1.001696339559883908e+00
-2.078563531322767943e+00
1.438009653508685592e-01
5.547425126969355302e-01
-2.328941763026856904e-01
-2.600941576195214266e-01
-7.331754549344415839e-01
-7.244920172795715763e-01
1.135264553498061435e+00
-3.732361990770036164e-01
8.303516792915227596e-01
1.404300403684640708e+00
-4.099179513612993264e-01
-5.668747311550862422e-01
-4.682184836907592462e-01
2.236585760065916251e+00
-1.921536648069605002e+00
-7.449131382046590977e-01
-9.891701792024899520e-01
-8.718016134518156990e-02
8.945249277596771798e-01
-8.140804215475407890e-01
-1.025750373920863101e+00
1.698343423391910578e+00
-7.974628132495352462e-03
1.400700699079830303e+00
-1.101744413602700812e+00
7.623519150835568192e-01
9.560995305141231082e-01
-2.353598673439905586e-01
9.646933668439390264e-01
1.767892062433294331e+00
2.427599087022969671e-01
1.172427514342583965e+00
-5.266453426150361633e-02
-5.079899890951350416e-02
-1.528349280805056498e+00
-2.013847765587962468e-01
6.879759116146942910e-01
1.205645520853958041e+00
-7.797311201620910071e-01
8.154972584114320577e-01
-5.400546501716425585e-01
-1.814385220670917676e+00
9.390670472822988391e-01
2.189471717573701071e-01
1.330295945822388692e-01
-1.066083321278252338e+00
2.186881623029304667e+00
-7.086725510275923012e-01
1.749896299691446888e+00
-2.171577915306043827e-01
-9.863499818003292896e-01
-5.294068694269424835e-01
-5.314088413236777164e-01
1.447452010530499322e+00
-6.483067881001842725e-01
-2.022171291133754156e+00
1.409572505367935547e+00
-1.281907861561365491e+00
6.369019611435577932e-02
-1.210077110683090984e-01
-6.056385803738389279e-02
1.741650958879819022e+00
-7.256379627131330778e-01
-2.047526149745137192e-01
-9.351789772682418678e-02
-4.439175435730365327e-01
2.984002569309938679e-01
-5.107691041842818969e-01
1.078197324982756555e+00
1.432036997145472945e+00
1.026621671773951361e+00
1.734976319492136598e+00
-9.522287369702739923e-01
2.103187553455917680e+00
-1.629504784618258206e+00
-3.446288230245546091e-01
-8.424431055225206633e-02
-9.734881694232603300e-01
-3.451778431047349271e-01
-1.898079795088887689e+00
1.031436735079609646e+00
6.579228957098621766e-01
-1.563142903599376021e+00
1.372174407997827972e+00
-9.598903247362770008e-01
-4.985040172194751817e-01
-1.236616259138253460e+00
-2.947777843967804845e-01
-7.320195430787596047e-02
-3.411050785396537166e-01
-1.333813291475396401e+00
-1.611322966449560967e+00
-2.341566354189194288e-01
-1.305922588519510485e+00
-4.403466282165337253e-02
-9.081769767998075782e-01
-9.026339057363044205e-01
-1.413924839153882118e+00
-1.400707976408726019e+00
1.113750285583454236e+00
1.249220149931305895e-01
-5.091137335886147808e-01
-3.068201262419224529e-01
3.794742084541510158e-02
-1.262430256477777402e+00
-5.690286928608416783e-01
6.022857973356642303e-01
8.135809011971627536e-01
-9.610556682849622501e-01
2.424611206623116466e+00
2.919478347231633242e-01
-2.124511368115709065e-01
6.917228724507278326e-01
-1.694858634710131456e-02
-1.232867979597716213e+00
1.026239941188125782e+00
1.281523512234193363e-01
2.950009279198468337e-01
1.547270850648805540e+00
-5.301461674544153402e-01
-1.502505582111284821e-01
9.538979060476210359e-02
-1.449966277197283215e+00
2.157843006486363513e-01
1.508253282501366976e-01
8.125222467907919910e-01
-7.101667540690612679e-01
5.344027538016420387e-01
1.015725388456458322e+00
6.573463830620225323e-01
6.331375432973505024e-01
9.150254461758625668e-01
-1.932071278382306856e-01
5.730100247867311314e-01
8.245296796258938521e-02
5.058344839114838898e-01
7.548806254918392078e-01
5.938539434984312360e-01
-8.932860808247682360e-01
-1.347907483794993366e+00
-1.904700755850042004e-01
-8.143989401157603059e-01
1.497724413347006234e+00
-1.638014561283445580e+00
1.222683241690211808e+00
-8.088645217867287962e-02
-5.345401065664266982e-01
-3.586029623087839457e+00
-3.692374035798747234e-01
6.846634342082359437e-01
7.321305538515591183e-01
1.828913185711302236e-01
6.588204193290325694e-01
1.302888111627460654e+00
1.426123838794382870e+00
-4.921006140416870484e-02
4.453842004114499931e-02
-1.570581434340861504e+00
-9.002460350656955601e-01
-1.897826251186270352e-01
2.307589690459603271e-01
2.703045699878969810e-01
-1.883224543824373765e+00
-1.295298587156290815e-01
9.126282382041338570e-01
1.008642594503891488e+00
1.640162541185473444e+00
-1.148886045619154972e+00
-1.345765811782094090e+00
-6.759758517337365324e-01
1.328426548184006017e-01
-9.228627385245451453e-01
-1.122440707275465632e+00
3.571796215159752097e-01
-5.506967640994751140e-02
-1.177850044727372536e+00
-9.217389106396327303e-02
-1.245535340215539799e+00
7.477364215219287624e-01
-1.393577365410404167e-01
1.033307780484931326e+00
-2.589702486518050129e-01
5.585787684943400722e-01
1.421901981603340137e-01
1.955209509008284607e+00
-7.052945936594108289e-01
-1.246819823816275097e+00
8.159585720849930890e-02
7.859471041725629714e-01
-5.735509274671380942e-01
-2.557327923886452137e+00
-8.207604938803270134e-01
-1.066424357844297649e-01
1.702903064371917186e+00
4.308429977502544195e-01
3.417098296819647690e-02
-5.935667228365540948e-01
1.150992553895312520e+00
1.192025947381434081e+00
1.073671043026212635e+00
1.260774097145427097e+00
2.964313843126680781e-01
8.226790531670918893e-01
-2.530992505501921189e-02
6.047195586372840909e-02
-3.203105481843668279e-01
2.681488339208042415e-01
-1.947763478633864453e+00
-5.407903371690059302e-01
-1.287545688895835871e+00
5.993980406860601740e-01
3.648738679324401990e-01
4.001336592031290440e-02
1.306027702121518974e+00
1.533245030585220325e+00
1.365726973876609351e+00
1.887091575595037929e+00
-7.660935097026707608e-01
-3.190971377984059831e-01
-7.898664162717258241e-01
1.366492200374785915e+00
1.161126984083216573e+00
2.868025164881206623e-01
1.027349419405288344e+00
-3.164447857194843672e-02
-2.682713344844164238e-01
1.024883696819266277e+00
6.402591128163076517e-01
-4.799097406825371115e-01
1.239261268182528970e-02
6.029500542027451671e-01
-1.102142817248440654e+00
-5.947420901370956692e-01
2.330750278161706490e-01
-1.263266694841540749e+00
-6.016380767242992533e-01
-8.254659862350640642e-01
-1.717772882917148802e+00
1.228918564502448740e+00
1.116444406895244157e+00
-9.542489595947671877e-01
-2.118314817945093242e+00
1.401543708833334900e+00
-1.974686476810575131e-01
-1.484449245374681037e-01
8.128097137826492125e-01
9.777457738388143360e-01
-2.182933614168257874e-01
-1.503247737888917746e+00
3.305034947329545392e-01
7.923241513715750806e-01
2.774850509371972751e-01
1.242293747908155277e-01
-9.675477035028327011e-01
-1.067171024735747847e-01
1.989156514406043297e-01
3.594090341837400393e-01
3.063755361462292548e-01
-8.535685704695374909e-01
-2.270749238826967609e-01
-1.059955265249427514e+00
9.448245231166899627e-01
6.677844872106153407e-01
2.438649457567087231e-01
-1.127169409371140851e+00
1.015441122912247529e+00
9.053293298526117194e-01
2.911961144040842164e-01
-1.873896619934812269e-01
-1.480787623696092403e+00
9.220463757939810767e-01
5.274287249371907293e-01
-2.024747251125750491e+00
1.419971923134726755e+00
8.877831571677748113e-02
-1.780639632588756793e+00
1.322492464895777209e+00
4.697477969307570778e-01
7.878299626428096891e-01
2.837675923695873736e-01
-1.052862422590059716e-01
-1.785724903552333931e+00
2.472004025631479029e-01
3.521984301858213651e-01
-6.119920810839817316e-01
-2.193970799051222775e-01
-6.495736058903056609e-01
-1.171917737267513582e+00
-6.268761496786514620e-01
9.293459041524770869e-02
-1.096338508242520327e+00
1.071812488910284245e+00
1.839750668368786535e+00
-8.204129528939905214e-01
1.555816179621122508e+00
2.263392925537165645e+00
8.354936310588489956e-01
2.282569714747062772e-01
-2.037054327687291444e+00
-1.102253329256546871e-01
3.415535576051003663e-01
-1.045893347271045770e-01
1.065160786679257399e+00
-1.396252728548968980e+00
6.535136662938954843e-02
9.197313245175979535e-02
8.993356931506206742e-01
6.021178575646037728e-02
-1.003447617724807062e+00
-4.891775908285991292e-01
-7.953321497611881563e-01
-9.746919102102872268e-01
2.069583624824433699e+00
-1.889684187430320073e+00
-6.885099050623980643e-01
-6.709360302218029259e-01
-2.890449929540874763e-01
-6.289479166860622028e-01
-7.131443510456403345e-01
3.050646835816806512e-01
-1.900502264970129085e+00
-1.158504086757304874e+00
1.818359723387513061e+00
1.818644358895747382e-01
1.924447632663430330e+00
-4.547296083132708056e-01
-8.661738710995433577e-01
-2.789566950562500508e-02
-1.949966370038165309e-01
-1.905198348933852870e+00
-2.821335905083549811e+00
-3.884419055100321039e-01
4.843302967033416562e-02
-1.598079244942462174e-01
1.038456561748587026e+00
5.527799620258434521e-01
2.963201603415731022e-01
-4.502488487723670385e-01
2.138003573545664560e-01
-9.456440745987358953e-01
2.169874724375066233e+00
-9.391729812181830450e-01
-8.133285732475762364e-01
-6.075999958190143602e-01
1.537426089063103962e+00
1.015038895311454414e+00
1.266915614550833347e+00
-1.129380795722310982e+00
2.505091453859031869e-01
-1.001292050241249676e+00
1.043798016762276681e+00
8.168909762815529385e-02
-3.583519674324515125e-01
-1.273818654834715680e+00
-1.934568036998366658e+00
-3.951079674410425402e-01
-1.731564890727764316e+00
4.749697225249371879e-01
-1.350972896735565421e+00
-3.069069123908698127e-01
-5.149619591359935189e-01
3.894208010465673164e-02
6.458507028972091391e-01
-1.533562945011373690e+00
-1.873352989296263038e-01
5.055130932510600722e-02
1.338567041877982255e+00
7.227045970217019777e-01
2.323291786800885994e+00
1.152265926256827333e+00
2.593191791160578408e-01
1.827150721779382314e+00
4.397183786127589200e-01
-7.843012312223152094e-01
1.059901217911710436e+00
5.989070509303349166e-01
1.018726161321981821e-01
6.142759670682683693e-01
5.644221000711759917e-01
8.995112441927420877e-01
-1.944311058022654415e-01
1.308546346309967578e+00
1.372017237457788363e+00
-4.544107361719254001e-01
-5.568785827499272978e-01
-1.120051738028780441e+00
-1.324593752089771037e+00
8.563788244919559034e-01
-8.337510460000780999e-01
-1.864595691827462542e-01
5.669456520832286683e-01
1.797199202292061759e+00
-5.097382312979225061e-01
2.050824839726573146e+00
9.678355662552956540e-01
9.258870949759308022e-01
1.850032697975391605e+00
-1.111608406623741108e-01
-2.857391774503794668e-01
-3.786539574075429848e-01
-2.574790624224666535e-01
-1.021599401737418811e+00
-2.286852787438214296e+00
-8.084845997929468453e-02
-6.364526657367715057e-01
1.733963081952884788e-01
8.172770312964124928e-01
3.841828216532902629e-01
2.279515512547904965e+00
8.638241522827442287e-01
-4.829175851789818119e-01
-4.207370063003928462e-01
-5.487532331968258958e-01
-1.611773399953525088e+00
2.503173768785361131e-01
7.095011829453632402e-01
-2.220197580235609980e-01
-2.132839474867085916e-01
-1.764392972342789356e+00
4.754255907267675441e-01
-5.630289797411384134e-01
-1.075687586147372032e+00
-1.111671080289629021e+00
1.689093764510960938e+00
-1.846760580331935075e-01
1.808282793840517932e+00
-1.479311616308105037e+00
4.980361849587486289e-01
-1.822068822454349368e-01
-4.819005004552103233e-01
-5.214678441108937523e-01
2.227139024131595146e+00
-1.727582844273451546e+00
5.319828384862635984e-01
8.395928089255001447e-01
3.606706871973234807e-01
9.069196770761348558e-01
-1.879643957843675217e-01
6.691110616694387336e-02
-7.777591225174308454e-01
-2.782362107887731417e-01
-9.761429639450972529e-01
6.492813447307267394e-01
-1.741408904058945328e+00
-1.841422259676760431e-01
-1.139849912094809958e-01
8.022458230658773282e-01
6.300739222529935235e-01
8.222440423423189593e-01
-1.082569758979202268e+00
1.199743222258416564e+00
2.149561800833494352e-01
5.061673183287985767e-01
-7.358571514348035691e-01
4.837801849002489746e-02
8.990511627955174445e-01
-1.704047862088907239e+00
2.252354571389164617e-01
-5.865437339442225451e-01
8.011433907567976354e-01
-7.955585577639953110e-01
3.209973683803842293e-01
-2.631859010189465664e-01
5.037004208982076570e-01
-2.420398493817308705e-01
1.248205400351454886e+00
2.250388778466562989e-01
-1.246502801860192244e+00
-3.289819554166497628e-01
-9.269415038244499527e-01
6.837621458582882061e-01
-1.189654984980665020e+00
-1.710691000026455910e+00
8.060760108847191130e-02
-5.959565297826313612e-02
-9.768976831510289838e-01
-4.343576172637599320e-01
2.288649690115508728e-01
6.111272610995910348e-01
5.764633247019569362e-01
8.499263883939651709e-01
-6.836552968322986423e-01
-1.254887485114738688e+00
3.439931525166342596e-01
-1.229996578734636081e+00
-6.408021192208460670e-01
1.404265058753065176e+00
-8.577144496659062645e-01
1.188562080638177892e-01
6.805199502638861198e-01
1.671023457356896891e-01
-4.036115716092671946e-01
-1.522190996741025426e+00
-2.145667095662024959e-01
9.928985354917332362e-01
-1.700308246847734017e-01
-5.529659935614356092e-01
6.802497590009871642e-01
-1.622635146337689127e+00
-2.040342337003453022e+00
8.742904242780656643e-02
1.905813770584339484e-01
-1.275579346234111122e-01
3.825324377981773605e-01
-8.061725657156317837e-01
-1.435786384128677318e+00
-1.540151804155044601e+00
-8.052251405484410485e-02
1.501538526962024056e+00
1.224054510988162425e+00
7.828450990608069038e-01
-1.977161098950933060e-01
1.128984210876996963e+00
-4.504647337163773524e-01
-1.863177632942035089e+00
7.692923956889037296e-01
2.139295793075034480e-01
-6.049160745542354611e-01
-5.468311432267823902e-01
-3.290627091013461070e-01
-1.191654318411139002e+00
1.499344794675760983e+00
4.947750562754220094e-01
-2.024758007978254337e+00
-1.817461807424924358e-01
-1.253309090815744931e+00
8.503071863254205720e-01
7.033833485500009530e-01
2.224508960648867717e-01
-7.664608945197435297e-01
-7.030015695463308623e-01
-4.404053169879230678e-01
-2.980518153566050765e-01
-2.363932775512151530e+00
2.930625739180942602e-01
-4.297820615730503224e-01
1.023150094978513058e+00
1.311081207043877983e+00
-1.118743765740160212e+00
-1.653288626858426813e+00
-5.462514890741816398e-01
-8.198478291418171970e-01
-6.907492324653872195e-01
-2.652644866304856852e-01
-9.205068220882951513e-01
-1.566944206761385683e+00
3.107345222410184404e-01
4.564724013108822920e-01
1.139459070073493896e+00
-6.209717147421902617e-01
-2.026434208606258114e-01
2.345670905103943837e-03
-5.135862593319427960e-01
2.368041393101477932e-01
6.140526665902614756e-01
2.810990906984556781e-01
-1.196920585675037119e+00
6.894865803220405764e-01
-5.001077209504105614e-01
6.027517555904080560e-01
9.893838590652864751e-01
9.172373890135264718e-01
-1.430646119680395900e+00
1.318041407971896062e+00
-2.303571091112529778e+00
1.121214239881448693e-01
-1.200946198272272447e+00
1.751424047550613761e-01
1.061174744494211564e-01
-3.097425691966636530e-01
1.125587947715708470e+00
2.731656030042132199e-01
-1.304644041151638234e+00
-5.906322901974373485e-01
8.561774174611794797e-01
2.225032906663481747e+00
-2.134718819063049500e-01
1.395181593391812136e+00
-2.731942097344449150e-01
6.175139070231829841e-01
5.453557924515819444e-01
-1.325068561067188344e-01
-3.601568402495112231e-01
1.560887437206613715e+00
7.129103779863472656e-01
-4.394055161173142099e-01
2.236854624523461343e-01
5.435536689273981134e-03
-1.023667316519105253e+00
-2.636844527255199022e+00
1.587217441873559176e+00
-1.782684741888799218e+00
9.083083819625871191e-01
7.486645644153714363e-01
-1.328716058252984222e+00
-1.674660124081001067e+00
1.606288724213141172e+00
-1.156390974574972530e+00
1.774043891475253876e+00
-1.158526357720770950e+00
5.904752166359871629e-02
-9.460481229979900153e-01
7.492466422157195716e-01
-7.987394703365222615e-01
-7.162066157844075853e-01
6.942785500928329023e-01
-1.419779334460855802e+00
2.110842726543596393e-01
3.922442171500195585e-01
-6.209767605150318115e-01
3.229869103447409739e-01
-5.825412770854206945e-01
-2.029514705108049488e-01
1.527903406088507943e+00
-9.257876761404352228e-01
-9.659134102704056701e-01
4.039857313967563091e-01
-3.598029068409647757e-01
3.441894454713051443e-01
-7.134166965998651744e-01
1.678264269264444219e-02
-8.898953972914900798e-03
1.675561999284364556e-01
-9.604809382683833496e-02
-1.117100976308602389e+00
5.866392882341853188e-01
9.294279258424134049e-01
-1.684692278639981167e+00
3.192620924287420947e-01
8.667684546794811595e-01
-3.270767080517172909e-01
9.219349371101426271e-01
1.168474611304698874e+00
-3.300632146035089032e-01
-3.260156138429491923e-01
3.198639609528973193e-01
1.271350934299125601e+00
-3.688449363009788096e-01
-1.250433118189160919e-01
7.254067155274325218e-01
-1.858981065480747263e+00
6.978151502698118902e-01
6.414370617375876327e-01
-4.135408881278227478e-01
1.164619743874222846e-01
9.064470915635888248e-01
-9.222883396656934574e-01
-3.691338335508598245e-01
-1.129963997819515287e+00
-2.770296110699987935e-01
-2.654539725377748627e-01
9.461043580484674864e-01
-5.445798766238946209e-01
-3.063494096489662866e-01
-3.097959322741115212e-02
4.885367156556813528e-02
8.405737571382415618e-01
-5.236141924728477948e-01
-4.833875324931175554e-01
4.054016568639239870e-01
6.683845333837348246e-01
-1.586616635847241552e+00
-7.379446202186865644e-01
-1.262586675053825602e-02
1.144436626261175372e+00
-9.280079682839287303e-02
-6.454528647961833565e-01
-1.258694597885237076e+00
-9.777241274447833197e-01
-6.924676033192629365e-01
7.313426683642170190e-01
-8.434764274265811324e-01
-7.062462324099143540e-01
2.766413283037004178e-01
6.632892607543715291e-02
-1.340833872263804238e+00
1.969296571366524917e+00
-1.991087309036234876e+00
-1.386241919339535000e+00
1.005994081358055625e-01
-1.036875814720923605e+00
-1.001142967141815499e+00
-6.259939853967343149e-02
-7.332331197239130294e-01
-1.109098102540308384e+00
-6.717709487565881599e-01
-7.622785150975986967e-01
-2.763069025426633907e+00
-1.922992477929347688e+00
-1.196585183054062196e-01
1.085876658234812497e+00
-1.123843569693784739e+00
6.791846091431632537e-01
-1.550110236849748357e+00
1.885281591454526784e-01
-1.617361814065756187e+00
1.261416367639210057e+00
-1.140800755933086608e+00
-2.911936392924159289e-01
-9.833308908751304811e-01
-1.473767622579787995e-01
5.967032969362634498e-01
1.582470005247786027e+00
2.038634322305936386e-01
-3.910794643290322337e-01
8.139080221384318303e-01
5.091839302040741533e-01
2.974465267435468796e-01
-9.217247178539765828e-01
3.058292354592065387e-01
-1.262365254801584458e+00
-1.345240625397984280e+00
6.345392369715903147e-01
-1.936340875185399213e+00
9.736271930961926113e-01
2.583215427925717567e+00
6.146444013350884639e-01
3.236016656331104357e-01
2.082719266809780923e+00
-3.817165189947391846e-01
5.239815326169007248e-01
4.473659327275139597e-01
-1.379156840589847111e+00
6.750708692326475857e-01
-1.063752580645083157e+00
1.370490365565347479e-01
1.729483905832784663e+00
9.307453856942068393e-01
-1.437921537915541892e+00
-3.670533582021614505e-01
-1.459371587223359024e+00
2.322062760053970887e-01
1.788627532806293052e+00
1.254014553651624064e+00
-1.075504613696205869e+00
-7.153518643378524722e-01
1.645871786940028336e+00
-8.255463586338561699e-01
-3.815250368329838881e-01
3.207800918777685140e-01
1.782267432782388694e-01
9.928142996758090311e-01
-4.128127719485413794e-02
2.967500958866294281e-01
-1.011414027287589334e+00
5.724273415376699425e-01
9.322788534158019114e-02
-8.553781750695966801e-01
-1.360067491840172504e+00
-1.765572443522500201e+00
1.394576298497636306e-02
5.419411267675918742e-01
-7.086312432076172785e-01
9.935403918814929292e-02
3.446633158151316545e-01
-9.599495579088336561e-02
-8.466217683294269269e-01
-4.267625745315412611e-01
-1.384162174284836455e-01
1.846814076263464166e+00
-3.731708860900292968e-01
3.019548928658811748e-01
9.675405740706456426e-01
-1.772151540630352953e-04
-1.057039644719257820e+00
6.260900011009952193e-01
6.829968673774058363e-01
-1.358041337692013961e+00
1.425314359561995481e+00
-1.748972472469926487e+00
-1.213582422694874929e-01
-7.578483221430435401e-01
-2.345107872022038700e-02
9.403723303439133485e-02
-1.206534539934105643e+00
6.676029981469884245e-01
-8.080894739897362955e-01
5.540331863210479213e-01
-1.149268988701562577e+00
-1.180608406043029079e+00
2.570651396118635468e+00
-4.037465614707254069e-01
-1.557509935839194393e+00
-6.606488053946031336e-01
-9.763666665551788970e-01
1.629138223969815780e+00
1.216601314982573179e+00
-1.896892437433040091e-01
-5.685094911826158448e-01
2.414764595450470175e+00
1.530616275181758024e+00
-8.459072624373898952e-01
3.679740662240208460e-01
-2.616734459026114346e-01
-9.298032421816849746e-01
6.623494033555342719e-01
1.173408672700341882e+00
-8.191514883471544550e-01
-2.419708090793703636e+00
8.046366335905033584e-02
-5.485339727592118964e-01
1.078767715900105451e+00
1.000224867037560417e+00
3.888762173493988672e-01
1.353935935280448921e-01
-2.480745336642789844e+00
-7.789765350260072774e-01
2.113957995685841862e+00
-9.403860187527296466e-01
-9.295597638484045522e-01
7.058485967334601208e-01
5.213491805880100527e-01
3.373060817578716342e-01
-7.453502212039636587e-01
-5.713377442483684732e-01
6.875634679219267964e-01
2.181193370518478947e+00
-5.039537222928717197e-01
-7.322677489673445894e-01
-1.159834963697945476e+00
-1.513762076293806658e+00
8.039415970841805592e-01
6.338663047406994933e-01
-1.041818138076827438e+00
-3.832103939110120261e-01
-8.521175552773491146e-01
-6.308606073173141926e-01
-1.144530769840383266e+00
1.357570166639530673e-01
-5.619106236446355096e-01
1.223995577963897796e-01
3.450322992794719879e-01
-1.878469700740973136e-01
6.930534058642957573e-01
1.037310688439045503e+00
9.893978527622713237e-01
-9.304244213319333434e-02
-1.015838871163456503e+00
1.020895801115096757e-01
1.634543752070592992e+00
1.530064374683786976e+00
-8.474495446556390421e-01
1.012538162076065174e+00
1.171874885613544803e+00
-6.501837151203974097e-01
2.540354433477212570e+00
-1.460525713432422545e+00
-1.241142241457427881e-01
-1.304740262132756401e+00
6.712766186421200709e-01
-8.147031417513594942e-01
-9.313400195890271238e-01
-4.866934002585586727e-01
1.273682052426403644e+00
1.202735540219859178e+00
2.003058395989905094e+00
-1.902688659568066709e-01
2.771637553020945277e-01
-1.574568162344484268e+00
3.912498693029745067e-01
-6.025728918251009869e-01
-4.594010200789758191e-01
-1.012331714802841044e-02
-1.149378847676915338e+00
-4.452258007453691602e-01
-5.730907550653475679e-01
1.712280320796554012e+00
1.108980663884781448e+00
-6.299331829388952197e-01
1.345768610635337037e+00
1.365909179620917291e+00
-1.594574996724899885e+00
1.138435969597347608e+00
-6.039217489339137046e-01
7.748931575129592852e-01
-6.635586814522357324e-01
-8.885128802160707773e-01
1.074563462918024515e+00
-2.194016068460988567e-01
1.100414285275955528e+00
-6.587328661097657800e-01
-1.645936243307848601e+00
1.258802227831159914e+00
1.639692463007713305e-02
1.780177881389506710e-03
1.655704643517504238e+00
-2.369941378634486728e+00
-8.115159388527317663e-01
1.212565168486307021e+00
1.394652168935988312e+00
-4.783433921378186238e-01
2.334680153856898491e-02
9.545629457986801736e-01
1.173904279675699991e+00
1.719912008133316905e-01
-1.007174352015436369e+00
3.214586026248515971e-01
-8.041084737034566166e-01
-2.395484110475236128e-01
1.074168837103457896e+00
9.486666999663586619e-01
-1.288112775697696888e+00
-6.078584891555800507e-01
3.232182450957946651e-01
-2.778409813934669348e+00
3.347772987086199414e-01
1.750159668179098071e+00
-1.385615878573098980e+00
-1.581239795676050441e+00
9.317951571591254201e-01
-3.900093639259504807e-01
-1.106894170970909919e+00
-1.086347569976396477e+00
2.067572419389178962e-01
-1.266878806562518944e+00
5.974757216362840129e-02
2.603719301896911364e+00
8.403986588268298752e-02
8.850455153449262591e-01
9.278948445443705451e-01
1.132083351525620563e+00
-7.460220932110726011e-01
-6.812845026247728031e-01
2.754533795561838749e-01
4.507625653710214952e-01
-6.953827059169932490e-01
1.336529612905663633e-01
2.525712425220937529e+00
3.323931942618540969e-01
-2.645259391197420096e-02
-1.362508236646106652e-01
3.294338661784281252e-01
-2.932132886699297392e-01
-2.734441249323515954e+00
-1.509970096920154381e+00
9.180694084854270631e-01
3.317366295669582632e-01
-7.039244669283544198e-01
-8.072242248654362129e-01
-1.371356610074951909e+00
-1.929433036847765681e+00
2.872792246346434486e-01
-1.672106172274741287e-02
-1.932569042816162652e-01
2.184261147417843885e-01
3.993891134010700283e-01
3.095293674772281456e-01
3.938324763661100181e-01
-8.817999653314655406e-01
-2.212411607040070186e-02
-1.253540530306296585e-01
-3.768604557319999993e-01
-1.070273307257944451e+00
9.447829221617315421e-01
6.871683022461531065e-01
3.295952500740823021e-01
-7.554790100634417582e-01
2.528917980075417571e+00
3.945837333486463261e-01
2.781575147436374795e-01
1.472429571656892200e-01
-7.604671653153050048e-01
1.746699564170474672e-01
5.370580515774756591e-01
1.177741334739410117e+00
5.292125453522172895e-01
-1.875237576120330762e-01
9.159635464234929803e-01
6.542089286186560937e-01
-2.435392832132434945e-02
6.289897093720255850e-01
9.449107482031281480e-01
-9.909570425355354040e-01
4.791703810395675500e-01
3.724822867465072407e-01
1.675630442156183175e+00
2.137994906789097704e-01
-3.961969883302111639e-01
1.648646431749845709e+00
-1.675752380168265554e-01
-8.544970134219263824e-02
-6.846189089310290576e-01
1.729234353327050888e+00
1.262746113659935387e+00
7.956159929312279777e-01
-1.987957385376431796e-01
6.813721993060545268e-01
-8.752925110708926759e-01
-2.294508369292579467e-02
6.573584243134977800e-01
-6.690254599424003690e-01
1.600930595154693270e+00
3.848966687604091774e-01
-6.629996749297643044e-01
-6.131975062186273417e-01
1.221021678066043004e+00
7.445479399862269254e-01
1.165445080990386906e+00
6.891511549378677437e-02
-1.448265584917912685e+00
-5.979529488481973853e-01
-1.068490980167908111e+00
1.749198561415290065e+00
-1.310709183725172533e+00
8.657392993004233706e-01
8.460356963599600100e-01
-1.537088727394503973e+00
-9.290055194794597515e-01
-6.488114193183065481e-01
4.005528507327999477e-01
-1.540819519643587820e-01
-1.821215291670294834e+00
6.936885661305813855e-02
4.922451916261886828e-01
9.600166671097764004e-01
-3.968579021876710855e-01
-3.767588360518127621e-01
5.354781316746463071e-01
1.317673181276052041e+00
-2.780711512994883172e+00
3.984079310607649971e-01
6.542571208087535339e-01
5.576701619384692998e-01
7.722869573894015627e-01
-1.496111409434304207e-01
-3.224436738894974064e-01
-3.506536053360699290e-01
-5.272684114462733440e-01
5.075070130515034750e-01
-9.977447482428714043e-01
1.853408967682275144e+00
3.598747125808742786e-01
-9.202037291512583927e-02
1.244033217378946454e-01
-5.029166792784195428e-01
-1.378071318894490194e+00
1.375819808013563524e-02
5.923742427314728637e-02
3.866764348770910797e-01
-7.035716487542899023e-01
1.735990649376743800e-01
5.225770954197518359e-01
3.673290780681453139e-03
9.250410525890312430e-01
5.924687037268484557e-01
-1.522240697381805674e+00
-6.742885810193567364e-01
1.357130565077910855e+00
-1.966785584722213764e+00
-2.456213710389328897e-01
1.758604741307645325e+00
5.188364234868995117e-01
-1.131563914560624884e-01
9.463155440521001660e-01
4.919324658235090242e-01
2.531945022733780970e+00
-7.356744244704314095e-01
4.055936405107407605e-01
2.625047927147211579e-02
-6.660620145017738247e-01
1.205954092822511203e+00
-6.411724336446364969e-01
5.018659757034482638e-01
1.426232441597407030e+00
3.171317380413780085e-01
9.676875591564491064e-01
1.523446249592401935e+00
-1.559899249072107530e+00
6.403593828969380564e-01
-6.602696750629123007e-03
-1.799641172851453585e-01
7.921753751109960051e-01
-2.836197811156144777e-01
5.191851019659007305e-01
-6.399998768121846204e-01
-6.355646672854601276e-01
-5.942037400553858983e-01
8.267814508748247970e-01
4.684935365469503621e-01
6.597174552976619033e-01
6.154787594165729570e-02
-4.292968205794054914e-01
-1.390645707091187067e+00
7.086398133713935898e-01
6.477892356831107534e-01
1.033491406517794475e+00
-4.401697015670146262e-01
3.472329367853082549e-01
1.058417440766947076e-01
1.358301217595905552e-01
-9.532722339309384063e-01
4.686614929230167176e-02
-5.779828416692214255e-01
5.217610793847096001e-02
1.602745289117710081e+00
2.642314351628581859e-01
-6.027197122396587003e-01
-1.508649218900364464e-01
6.888475618245966103e-01
1.079811923999424716e-01
5.487016055242698032e-02
1.684196883462352856e+00
-5.891163181397228721e-01
-7.959608945175035144e-01
1.733653816800464709e+00
-2.375397481152248691e+00
5.163903425852852669e-01
-3.067308261375289558e+00
-1.321253382748546645e+00
-5.305069936290929267e-01
-5.526725214497988509e-02
1.618279415279300748e+00
2.016453826079760869e+00
-1.300754622524366244e+00
-5.968162989239051558e-02
-1.287728141023454509e-01
1.187979941757363322e+00
7.308528199848906004e-01
7.302506769582424451e-02
-6.797942334514527341e-01
2.982958165826802288e-01
7.761160260908238628e-01
-1.487712459142858989e+00
-4.587192973178286781e-01
9.877028891472783290e-02
-5.444541292137642374e-01
-7.334163082351822238e-01
4.326783467485712520e-01
-3.454632869780946969e-01
-1.151206353684822298e-01
1.248524681241972578e+00
1.202812352657465084e-01
1.783624941417768783e-01
-5.660313687343842149e-04
9.090203022068299443e-01
-1.236267532247828482e+00
-2.689982329774893155e-01
-1.461749055757435523e+00
-8.718349559935827386e-01
-5.785577589216940320e-01
-1.736792030931097741e-01
-6.118281526729225650e-01
2.750616410295174674e-01
-3.994871657672764420e-01
-1.228941908160204877e+00
-8.734027690665258081e-01
-1.497348535748792120e+00
1.438973391150007108e+00
1.695148115051978044e+00
-2.718022664144865708e+00
2.105706571322099485e+00
1.119375071046214254e+00
7.486462657350846650e-02
-1.500405742476831061e-01
-1.975866714616911490e-01
-1.647669264862342775e+00
1.399179749135230078e-01
-8.800987800535642336e-01
-5.483667063347998916e-01
3.922969541943932548e-02
-2.169890410689149896e+00
-2.937057891345729588e-01
-2.733503519783425095e-01
-1.686016131673055307e+00
7.177528808523481185e-02
-2.854252376358533683e-01
-7.914777396337800974e-01
-9.113912937217844012e-01
1.368796341330208721e-01
9.801710013899572749e-01
7.881312097339552292e-01
6.239422932944661548e-01
1.222939349661932962e+00
9.437930978998324560e-01
1.798279197332965706e+00
2.128001158663343495e-01
2.603282919905922088e-01
-3.654152616619363997e-02
-3.805504666614242804e-02
1.488743239954007258e+00
-3.607300119166395036e-01
-1.642675693885068400e+00
5.937533211594490101e-01
1.519029637255361109e+00
-3.619917128495054870e-01
1.419361079887905275e+00
-2.851524401520533908e-02
1.380832587555935520e+00
1.059711024500005205e+00
1.125384702448418928e+00
2.306923992091206022e-01
-4.411424585971946907e-03
-2.034360875190150075e+00
-8.963914461659691080e-01
8.635169802366156333e-02
6.305265532200470258e-01
9.120466535255917773e-01
4.141312669467000496e-01
3.347486638639019657e-02
1.553031472849740968e+00
-1.190968568521283411e+00
2.247534411199847870e+00
-6.516138692037521940e-01
-3.726108152076865188e-01
3.459770188237243360e+00
9.597472440056453724e-01
1.734039739004425540e+00
-1.099676474244668301e+00
-2.279270626596124200e-02
-5.099600841582709876e-01
6.013363958046544777e-01
5.460294592428448501e-01
-1.959079493364431990e+00
-1.511967461634702858e-01
6.517928355427851095e-01
-4.030293086045350637e-01
-1.169496681840089591e+00
-7.980709919065520630e-01
-3.626369705177812652e-01
-7.839502278066918795e-01
8.857917793324361633e-02
-3.814972306975321081e-01
8.617014156599355212e-01
-1.978550806818495822e+00
-5.935888744397184169e-01
8.140516253430762905e-02
-2.547090754756253239e-01
1.714541994548967052e-01
1.455477655548001459e-01
-9.686854735584171650e-01
-6.625490281797222769e-01
-7.506515226607571867e-01
-9.643653579386896046e-01
-1.191197686993579641e+00
-1.213496000136398134e+00
-3.157447709439157868e-01
2.453259232637991158e-02
8.390098614617018669e-01
-2.378247828133934760e+00
1.125161173061305586e+00
-2.064852090291906972e+00
-4.362499729279143978e-01
-1.833450349077766217e-01
3.093034900035644685e-02
-7.294944766277479120e-01
1.077959104234234244e+00
-2.846058189765843793e-01
-1.844171275811492761e+00
2.873841465379192162e+00
-1.703471431116859280e+00
2.392585091553718346e-01
1.936429618506021022e+00
1.024162821466111817e+00
-1.314984038949774892e+00
1.512511243244302195e-01
-3.458023650719802555e-01
-5.602987095525729933e-02
2.424085211345890223e-01
1.282239335338137831e-01
4.467346201285535279e-01
-1.417053351888288404e+00
-3.487039543321658885e-01
1.132347408841242409e+00
-1.533780240676859030e+00
1.162894501085382171e+00
8.268026437023683339e-01
-9.791940901373559214e-01
7.114842840258930323e-01
-1.561391371950080764e-01
1.912205546848515236e-01
7.247227621529626074e-01
9.461264847074584150e-01
1.623458197303852879e+00
-1.442926681094898467e-01
-2.557764296371108914e-01
-4.478046378814662387e-01
-9.049004994467466645e-01
6.791759572085802610e-01
1.839932882229306843e+00
1.369159798060495925e+00
-1.480225599361822297e+00
1.471319062608354884e-02
-1.475166497433874735e+00
5.708835882527670824e-01
-1.881077861812217922e+00
9.271903690451231972e-01
6.445158868276347486e-02
-6.450816451378840188e-01
2.758054818717825096e+00
6.321467011816379877e-02
1.087457014204134431e+00
4.267491627447012048e-01
-7.636915511179083460e-02
-8.191650647936846719e-01
1.247348469167594148e-01
-5.357940922338773060e-01
1.008266584885510797e+00
8.254456223300020712e-01
-1.432119596502348768e+00
-1.674256200626836333e-01
9.181018916544742003e-01
1.847232629851884578e-01
-1.307059107313881974e+00
8.161240581948473460e-01
8.981525691304134695e-02
1.596955830117252395e+00
-6.991700760319935481e-01
-8.366457590970062252e-01
-1.215479646631604682e+00
-1.260694692154412433e+00
1.649307043482542770e-02
-2.728104246840987290e+00
-4.947820525878098702e-02
-3.133073396572321756e-01
1.378373126365110890e+00
-5.333819288242941381e-02
-3.442402726004596403e-01
-1.956928831391168355e+00
-9.471963221028975033e-01
4.218450193876773641e-02
1.197254438361739615e+00
6.013731895052732979e-01
9.637094445294115408e-01
5.374766692777438459e-01
-2.120203487838861367e+00
-1.798922271568291764e-01
-1.131695361516034337e+00
-2.435710829422689794e-01
2.779712239808101448e-01
2.172007775453040357e-01
1.100406248754518534e+00
4.290762091451463811e-01
1.528919175396736607e+00
2.624237450361971424e-01
4.551580407817811813e-01
-1.356749869167633626e+00
-6.152939628259337379e-01
9.907683539216717294e-01
-1.846622851637579332e+00
-2.733431657066789366e-01
1.689218411600039993e-01
-1.756803747929869708e+00
-3.850421512585971429e-01
-3.927004425076255356e-01
-2.206035295887391057e-01
-1.481667624660292892e+00
3.907733934776513179e-02
-1.927174618942604223e+00
-5.241067882957918256e-01
1.183834515142628607e+00
2.796622636467687717e-01
-1.006083644101482127e-01
2.581065107118150626e-01
-1.536259081285077932e-01
-4.297922162283915881e-01
-8.519448428472057300e-01
5.908949561981071685e-01
-5.562112375575753997e-01
9.110647089550716338e-01
-1.210686930889500301e+00
1.927354108260664223e+00
-1.911715810664389892e+00
-8.046727947340259757e-01
-5.407193476315658165e-01
6.295537722815026660e-01
-1.027807358243729707e+00
-8.610963174004471199e-01
4.730768609114778256e-01
-3.621037843218369301e-01
-6.124054542268979606e-01
-8.298328704951248858e-01
-8.407247867753890880e-01
-1.335126650644297808e+00
1.194868627300963659e+00
-1.015402660936302937e+00
-1.005101175436117655e+00
-2.199630548179560829e+00
5.068046917047021038e-01
1.357535928047566731e+00
8.896597672530807133e-01
5.044065881748568403e-01
-6.104554902175591824e-01
1.755124172128017745e+00
-1.271582326964580067e+00
-7.431871523219767406e-01
2.913058996108626730e-01
-4.524834280249207530e-01
-1.234187076815239426e+00
1.178176185344344651e+00
-1.169796526866490272e+00
-2.276878291844350588e-01
3.819879998952778188e-01
3.038662186101233620e-01
3.575266789359755615e-01
1.610700098974593875e+00
7.120848878429074658e-01
-6.033453741916265933e-01
-1.109783497389801754e+00
-6.828739439125760535e-01
6.387421044201696541e-02
1.504048333198042542e+00
1.417139655237469098e+00
5.421119450577090992e-01
2.229024369140181483e-01
-6.148040420238344295e-01
4.921712943907655124e-01
-3.517031645029299880e-01
-1.151660548266702166e+00
-1.143070798872878768e+00
8.166295837218376930e-01
-6.231634116323748751e-01
2.757363786223460123e-01
-2.796760380902584830e-01
-5.046942067876101223e-01
-6.046704420796916724e-01
2.771931724977509393e-01
1.006248693297968178e+00
-1.384815782715063115e+00
6.141650008975882979e-01
-1.427231359934785893e+00
1.063906652608071379e+00
-1.723434646831534689e+00
5.241323342324902823e-01
2.560253903212588167e-01
1.585191933627480010e+00
4.089753272410439067e+00
-9.242076128617136010e-01
-1.123680775093305606e-01
7.181906623953672186e-01
3.958044257084534778e-01
-3.886620476435247995e-01
-1.255461896163636792e+00
-9.923276325464236436e-02
-4.858560146409949265e-01
-2.428580877055918352e-01
9.925245754558595923e-01
2.917918534655418172e-01
-1.570266575670050235e+00
3.922152850536949620e-01
-6.020091794109760919e-01
3.299654599772428032e-01
-2.911608536531786195e-01
-5.612140359635442444e-01
6.372654939596046342e-01
-8.164718192228445082e-01
1.292066729223559640e-01
3.831730772573794241e-01
-4.052836360992853049e-01
-1.126787414019387729e-01
1.719849931572237089e-01
1.144841496575091044e+00
1.291047521153327216e+00
2.171761119251239616e-02
-1.716244007592840903e+00
1.060768729689820278e+00
-2.028822766643294528e+00
1.298255131945821095e+00
-9.611439588160195502e-01
1.302089500297634317e-01
-8.390661645966953630e-01
7.520694938830321252e-01
-7.361861836446260687e-01
-5.945984686512726380e-01
-1.452058217752647762e+00
-4.449790687842810066e-01
-1.332821580024380115e+00
-1.257114031488800521e+00
2.086990734777329770e-01
1.104310848855806215e+00
2.957430613177168266e-01
-2.381273293082048159e+00
2.531514587374716213e-02
-4.625933548626982028e-01
-2.854301379787650195e+00
1.141413552056090186e+00
7.892099272131797294e-01
2.384814273947345742e-01
1.098497031626064491e+00
-7.837947933349389551e-01
-9.472238644120196949e-02
1.643049930787587321e-01
-4.391633698836243660e-01
6.141265917924960682e-01
1.092735244627495383e+00
1.057587920868838127e+00
5.832286278486016329e-01
1.105437113254243542e+00
-2.780183516978650127e-02
-1.006534556623361887e+00
6.415187470257356361e-01
1.431168108753132939e+00
5.681537712774516191e-02
4.115574182967658701e-02
-1.881147957301306572e+00
8.264791306402967663e-01
1.991936972306644682e+00
-7.170781955063468827e-01
8.924638581619426247e-01
3.542483724752297225e-01
-1.229149685145395667e-02
9.247437764111937630e-01
8.156092484781950480e-01
-9.149830880290042989e-01
2.714996878576230732e-01
5.124407813548659263e-01
-1.031218629415516230e-01
3.169679374397240124e-01
1.324906949880543916e+00
-3.016270471501902861e-01
1.177063947676650013e+00
-2.347409972298665770e-01
-3.000758041024501055e-01
-3.631755472918180017e-01
-6.099366054928455627e-01
8.273887735527810650e-01
-2.156661810934472179e+00
-1.499084274339135270e+00
-1.258148767135659485e+00
-7.853200122528604110e-01
2.608226980422633789e-01
-1.272021597092123368e+00
1.320357238370903019e+00
-8.273336174013553590e-01
-1.930503189797889263e+00
-1.801511124035910516e-01
-1.355583105731240856e+00
-3.167886216906147245e-01
-6.454542134540478537e-01
-8.180809295584903218e-01
5.463775133096815395e-01
2.975355520975634938e-01
-2.209666236884914703e+00
-9.883791090219724573e-01
-1.949854213553068316e-01
-1.435072943423420178e+00
-2.989416226414844391e-01
-1.079789922740929664e-01
-5.595019750126769553e-01
5.270055228369875389e-01
-3.122817319229340138e-01
5.444898955044141092e-02
6.236041123743534254e-01
2.074382487053694768e-01
-1.673220864344853176e-01
-1.890049864472915342e+00
-2.271991846385378877e-01
-2.785443416710153386e+00
1.479313400891588026e+00
1.233223989796830233e+00
-1.820356157395962571e+00
-5.636350822643562131e-01
2.091399150126145745e+00
-8.434399190416050907e-01
1.713255076735930249e+00
3.917838589497273372e-01
-7.484220928709159892e-01
3.976860061739055929e-01
-1.776352455506254424e+00
-1.454645422175351754e+00
-5.522550805644913519e-01
1.022573956780801901e-01
1.538682080244619388e-01
-8.050401094432853011e-01
-9.216374007061431950e-01
7.200179903182289953e-01
-3.812013206932929887e-01
1.895402734062546557e+00
6.237734352159911462e-03
-1.018015539419303339e+00
3.680193236625613484e-01
1.241335107729972576e+00
-7.031992532080084679e-01
-7.364431402583714315e-01
-9.874659772482535791e-01
1.613052846421946906e+00
-2.161949711633367244e+00
3.208598287456146392e-01
-1.395407622120808377e-01
-4.816529136646058862e-01
-5.508878043962625037e-01
4.403914307830632535e-01
-2.558740130920350797e+00
-5.270409915622824570e-01
2.517761628616302372e-01
9.925453125961611889e-01
-3.596581907292407676e-01
7.936612498720577724e-01
-1.330731146982116142e+00
3.060816986160109776e-01
1.147148020423772952e+00
-1.659896432404388555e+00
1.732701531065928391e+00
4.021675159199558092e-01
-5.689668480450614796e-01
-1.698226308991727107e+00
-5.729080137632228675e-01
7.680591770954509068e-02
-9.022535761825740686e-01
6.137825215669830969e-01
-3.591710867467673429e-01
6.983051191964503301e-01
9.211836132292842150e-01
-9.748895495180881499e-01
3.515971189289446297e-02
-1.502259985631732575e-01
-1.298848127748057468e+00
5.176729193981441934e-01
-5.880844049405321572e-01
1.486300343351367736e-01
-3.342396150417555750e-02
4.034272362271591472e-01
-9.909519058927818147e-01
-1.026091930913140438e+00
-5.901042669238869554e-01
-1.504784862983835181e+00
3.021856334403654198e-01
8.627763069496077741e-02
1.313508773613385472e+00
-8.689796202711459472e-01
9.821172275212441960e-01
1.326775525882129436e+00
-3.004983511082635617e-01
1.208535982417378918e+00
-5.185804568459023711e-01
-1.822254065258528399e-01
9.309672741904850835e-01
-7.980848103950556327e-01
1.412134336540826242e-02
-7.075892220391174492e-01
-3.135112741259934444e-01
1.007991469722044064e-01
1.378273697836169376e+00
1.632176522597041379e-01
-1.516962189330416155e+00
1.073209623335892871e-01
-1.650471755012452857e-01
-1.353645968198851079e+00
8.732672360390072441e-01
-1.563451050280816990e+00
-5.284604494343649872e-01
-5.565497889471507920e-01
-4.047979276146758676e-01
2.715338012506935073e+00
1.035911534174992932e+00
-1.546430079610034092e+00
6.525731894053800330e-02
4.953100619975795982e-01
5.213991383890788367e-02
-8.171548143422847632e-01
-9.971429970833327605e-01
7.904808923940928045e-01
-5.152808567417040964e-01
1.523690620680653307e+00
-7.869821340315270586e-01
1.280332333089175267e-01
-1.653595357431646498e-02
-2.573785974453245418e-01
-8.612511033149920781e-02
1.676074794275002944e+00
1.336441430499629712e+00
4.790509306175262383e-01
-1.565918065717452068e+00
3.631774296704306515e-01
-1.329074436873347864e-01
-9.940892762577430153e-01
-5.946145043132290003e-02
-2.594076822965514229e-01
4.553347719755255762e-01
5.139279302968278174e-01
7.895113866769848388e-01
-2.988994584871644378e+00
-9.956677365588323392e-01
-2.646550293080129901e-01
7.631277041869224398e-01
1.252168489683771202e-01
-7.582514980079667344e-02
1.544242610630355839e-01
-3.244217590293204112e-01
-5.349067609247991628e-01
7.060369595479578653e-01
-9.302207445491783577e-01
-2.561972508975314256e-01
2.768482293343769995e-02
-1.032342824122019609e+00
4.329611559739163229e-01
-5.078000986626187707e-01
-1.891543598404871462e-01
-5.174133516773288255e-01
-6.783688888592509514e-01
6.465669493224497355e-01
-1.349490166850035200e+00
-8.543169778517145652e-01
-5.998883486655226527e-01
-1.027211814972234238e+00
1.548995942787094293e+00
-2.653004402386394123e+00
-8.928065113073480052e-01
2.140818568877367600e-01
1.339356959329816910e+00
2.678893029601972509e-01
-2.034933505705440182e-01
-2.102131793897063228e-01
1.492895523166002658e-01
7.395898420486742841e-01
-3.168814649624017710e-01
-2.621151269196606570e-01
-6.193747585054586446e-01
-8.478624159401075833e-01
5.862807090403476806e-01
1.197669268798690734e+00
-2.522782568172555084e+00
-4.431930030600729209e-01
5.259591418020497233e-01
8.256402516803852398e-01
-1.885700588349306095e-01
1.421292930867401827e+00
1.168631276778428596e+00
-2.413808000185725167e+00
1.211853434544587632e-01
1.182883312018287780e+00
2.512687675223021500e-01
1.783668597863940164e+00
-1.085699096127892282e+00
4.655047451586828977e-01
-2.221467010837390177e+00
-6.959736674157597225e-01
1.815696482822272806e+00
1.024300013936958464e+00
-1.473724030227290538e-01
-1.290244861665585108e-01
-5.120734614088668923e-01
-1.130490054876841732e+00
-1.054613250786680778e+00
-1.087937453664511445e-01
-9.792686937555076243e-01
-5.351576672066650220e-01
8.712674955650338005e-01
-1.014641438477926094e+00
-6.319003809559826657e-01
5.200228575855694313e-01
-8.239983267141693934e-01
-7.309253695201105572e-01
-3.230921177736428840e-01
-3.260709315521113649e-01
1.735329737762900892e+00
-1.616639429338956768e+00
3.397506873667232030e-01
2.208106244708407107e-01
-1.939615270925970636e-01
-1.021481073309213894e+00
-2.720442176314022409e-01
6.981180581394201834e-01
9.306023735581097078e-01
2.675832126701890856e-01
1.048575529825441777e+00
6.005305685947031069e-01
7.057709848153834176e-03
-1.571820362714388519e+00
-1.509216864947982573e-01
7.353730350521475723e-01
1.216965953886912644e+00
1.052418669461428619e-01
6.599693284445692365e-01
-3.469911633542704377e-01
1.266056429721444054e+00
1.176721144490379539e-01
1.485722341522309087e+00
-8.713553661703653253e-02
-8.926162360687285302e-01
-1.508060493431655491e+00
8.155252125611327507e-01
5.446718906645113822e-01
8.664738286533390718e-03
-4.010723281415206620e-01
6.916998924248576874e-02
-8.960474400725561006e-01
2.223637753567328859e-03
-7.244255708210378675e-01
1.195177711547850963e-01
5.694124558562063676e-01
8.689417272866707398e-01
5.968368097583804932e-01
1.180546940463476968e+00
2.055121863996709763e-01
6.737614905855686676e-01
-3.618097819834455997e-01
1.265117794311032273e-01
-1.368424021596990281e+00
8.310387175852587127e-01
1.179652539050957349e+00
1.167136901768175639e+00
-2.514655583913447817e-02
-1.521704342171632529e+00
-1.850798961437206680e-01
3.948265818834332808e-01
2.414091543759130098e-01
1.127988031268518876e+00
-1.871256611370125944e-01
-1.139966014101425174e+00
-5.661020303959229949e-01
8.632925332146189623e-01
1.075175368067113224e+00
-8.189753427372926664e-01
-1.406248544544176082e-01
-1.033310738786461291e+00
-5.401312073924129376e-01
5.656658970785924945e-01
-1.545606474371986172e+00
-6.058019207615562562e-01
-9.685206768202248018e-01
3.726915432487304947e-01
-9.579527406664650746e-01
1.275524258778786724e+00
-3.097162221726380005e-01
-1.884122243896193982e+00
-5.444487008233976910e-01
-5.677898201131829081e-01
-8.049686964429368929e-01
-2.169066889398140852e+00
9.658010148669090578e-01
2.687841631625975669e-01
5.241951090142443759e-01
8.677682609308251527e-01
-4.151244331136361154e-02
1.731633015381452756e+00
2.115138801199643925e+00
-6.397311488679354730e-01
1.506073183541258576e-01
2.006993701841504496e+00
-4.110418521903930755e-01
1.028648466004937312e+00
-3.679547533839853113e-01
-6.598002864691215885e-01
-6.164061213234198755e-01
7.704424129434931379e-01
-4.903327107863116319e-01
-1.337596622313899752e+00
-1.137681559739624593e+00
6.146258277021816596e-01
-6.529095965257241119e-01
-9.486963535785426505e-01
-5.184091451563654918e-01
3.694555752163711793e-01
-1.681895344660800928e-01
-5.811192568512802969e-01
2.626914622469065930e-01
9.534870284333274437e-02
5.509418637023023591e-01
7.762909472225105745e-01
1.615096997365042197e+00
-5.103174481567948062e-01
-1.552572842207438353e-01
1.177540166368994390e+00
1.222357775579767936e-01
6.308355617862201337e-01
-2.196674900401287100e+00
-2.407008559825638341e-02
-1.277190882034308972e+00
1.773216260327543647e+00
-7.090743883863126484e-01
2.683438676078522267e-01
-9.144928865012236230e-02
-1.416888641796489434e+00
1.183396457805362990e-02
-5.834532179301961108e-01
7.503672954030390363e-01
-2.206565241668773325e+00
-2.220872541911097786e-01
5.849900056845362961e-01
-1.105606113329829165e+00
-1.458678261657298858e+00
4.387407830095151340e-01
-5.249565905331892157e-01
7.574424896687811382e-01
-1.458472961168237603e-01
1.807316752784573766e-01
1.243743845337901055e+00
-1.819176483125772015e-01
-9.232243253324476928e-01
-1.310666264469606102e+00
-9.101891099830703435e-01
5.050124698178212190e-01
4.987581196061256494e-01
-1.569171763252612262e-01
6.745398285645054504e-01
-3.119399606437525119e-01
-6.194077109731499498e-01
1.302647467589324037e+00
-2.304617066344908149e+00
-7.828508395316231550e-01
-1.828990598528936973e+00
4.591292890260473269e-01
-6.297087430071820480e-01
-4.570120817410223135e-01
-2.357642433420677197e-01
4.128802675337094746e-02
-3.788709523704976712e-01
-5.230729121084778388e-01
4.879143025022477861e-03
3.354026516115107270e-01
3.257094824977099790e-01
1.144061521224535971e+00
6.212431374116712535e-01
-2.302671257107693492e+00
1.769900951712445103e+00
-2.878507004207094822e-01
1.589588026220501771e+00
4.641442314760573784e-01
2.672070208886751508e-01
-9.225845058558928002e-01
-6.786325186304706381e-02
9.553029005888595548e-02
-1.573907160434108166e+00
2.132939246929566046e+00
5.942590859358807265e-01
-1.185125353512051838e+00
-1.258912871472175121e+00
9.359145480144924756e-01
2.969066263663131533e+00
-3.518526423484441001e-01
1.488856994140377754e+00
1.569812464261749918e+00
-6.153606853568532875e-01
1.599766604106364509e+00
3.085078525691599127e-01
1.041552150230407037e+00
1.719703523294647152e+00
-5.464487917406748996e-02
-8.530678322227240873e-01
-2.213426079012781766e+00
-5.359626769240515287e-01
-3.366675332665722276e-02
8.316436719897847274e-01
-3.784805441788415825e-01
1.562385429212284293e+00
-4.949985966948857591e-02
1.175956520088332624e+00
-1.823766025155922677e+00
-1.536035083806827517e+00
-1.866874765316888507e-01
-7.781370483878338185e-01
2.893827670112510408e-01
1.195590017022477580e+00
-4.686625457858843991e-01
1.157411151858873666e+00
-2.836835008611455766e-01
6.435934837412717879e-01
1.490255256983058496e+00
-1.430447021695920862e-01
1.958096552241529009e+00
-2.435059561814491680e+00
8.077467448823064666e-01
3.931775373107238569e-01
-1.547434845678174797e+00
-2.667870577925594566e-01
1.409729685016323231e+00
2.013048903905673703e-01
1.250461021008733686e+00
-2.212935809662270603e-01
-2.385814214127414123e-01
1.419913815525338574e+00
8.216272737697909445e-01
5.433116583341490724e-01
-5.451971617175265239e-01
-5.618568107259220845e-01
6.362289390958590918e-01
-7.504333831692364676e-01
8.203646316496147062e-01
1.376383088558066126e+00
-4.780757449271963999e-01
-2.362360697865660830e-01
-8.281058121882811651e-01
1.970170084240048913e+00
3.766417103287136858e-01
-9.910899054573825140e-01
1.475728855573594789e+00
8.787433677500284812e-01
4.960337784976005110e-02
9.229294041023391459e-01
3.562348747696050255e-01
4.472014842497925025e-01
1.405841376406766763e-01
-1.590386032164302410e+00
6.145431146766828778e-01
-3.339156521402982247e-01
-2.962057969273655278e+00
5.690180692737702994e-01
-6.271685708909461310e-01
1.716129667367741529e+00
4.192958399205400921e-01
1.113669651627392954e+00
1.544652241630803391e-01
-1.815318670000664880e-01
-7.388130632589420266e-01
-7.184688612546392683e-01
7.814760716959171516e-01
2.266096747298863012e-01
-1.676608342028587773e+00
6.724778025697508710e-01
1.483938681862772002e+00
2.508203237893547599e-01
-7.180912788696146576e-01
5.144300784677122707e-01
-5.396502532133081731e-01
1.495157610471295140e+00
-1.582632036678272014e+00
-8.778347904372586497e-01
-2.527773463066212312e+00
4.868196857773398473e-02
-1.616981003186613419e+00
6.475887152423009940e-01
-1.609555251967252021e+00
-4.860502288066331777e-02
-5.813252426301800391e-01
-5.390419249290394621e-01
1.063802281230838837e-01
-2.957718920315184907e-01
-2.297479108410274140e+00
-1.758169769817989669e+00
-2.984134903407156258e-01
1.145572673076537817e-01
-1.222501596977502158e+00
3.386919804096045761e-01
1.293168633734674833e+00
-8.690499297198457374e-01
-2.187361148724357995e-01
-3.884047984774736118e-01
7.639838808880184962e-01
-4.814698910475411764e-01
-4.499773621090736309e-01
-1.109973501368034743e+00
3.702454833891405950e-01
7.584347235209570881e-01
6.841785614041447916e-01
9.083568449371351994e-01
-1.030232605781044170e-01
-8.655568241191671230e-01
2.150222040390289191e+00
-3.516245651240241243e-01
1.408527423301547898e+00
-4.720166324907961730e-01
-1.595782603519713794e+00
-1.319672867280382800e+00
3.754891323218906840e-01
6.304868066988900122e-01
-2.789539937575170048e-01
1.092510609483090533e+00
1.891536479025869230e-02
-9.560344002682256981e-02
-6.656534767754263004e-01
-9.734009828117981544e-02
2.363667433682011543e-01
-2.056356797317118179e+00
1.002389281755807632e-01
-3.556584072748674163e-01
3.579009093954529930e-01
2.453146979773232761e-01
1.009956289960130427e+00
-2.961575947402872444e-01
8.578803595915390767e-02
1.143895303019065057e+00
5.881716967637912186e-01
1.568558950081881287e+00
5.074571244826957539e-01
-1.407814462182595205e+00
-7.218720084392218350e-01
-2.345006501009782585e-01
2.457784972152617375e-01
-1.709642966849916013e+00
1.335561198774975145e+00
-7.416258943718710972e-01
1.080649883269439115e+00
-1.103334938494015677e-01
-7.147960741004830698e-01
5.260410069592934557e-01
1.076848906432445574e+00
-8.134955371200871532e-01
6.053642338362071884e-01
8.347419359584057341e-01
1.435246277707908469e+00
-1.156872165883761738e+00
1.138491320816144015e+00
3.854597196320346808e-01
-1.237313377795678182e+00
9.666304765619009309e-01
-4.427656812736494585e-01
5.521122017005586358e-01
-1.125869455276125253e+00
-3.486226670610987569e-03
-8.913592700599493046e-02
-1.586629457046686342e+00
-5.966420794275284489e-01
6.601782776191325031e-01
1.854380487940599176e+00
7.376311421640358024e-02
-1.091186682319793766e+00
2.720295849453647219e-01
-8.697532595694487667e-02
1.926231374744763025e+00
7.776371407064022190e-01
1.988242264191301123e-01
1.660352903389046730e+00
-4.938402564509664083e-01
3.567544808407412393e-01
1.574203147093622412e+00
1.447126437774111929e-01
-3.688928062581183220e-01
1.524339497135415611e+00
1.682982534445993938e-01
-2.052548347324848477e-01
1.288613622638825396e+00
-7.030504077874451816e-04
-1.582995454545710334e-01
6.336283133526662281e-01
-4.322430263579626342e-01
-4.385893764545562568e-01
-9.015843569428588777e-01
-2.782342695675343314e-01
-1.191623796805436175e+00
-4.723467300902651766e-01
-2.547933375304786141e-01
-1.085166100805698752e+00
-1.004394586850685833e+00
7.645565154662780083e-01
1.451679261307410596e-01
1.215500650992830334e+00
5.827124626752673286e-01
-9.798291059988809559e-01
1.182643587647762118e+00
1.050761988660586566e+00
-4.506016642422413510e-01
-8.937616876648508679e-01
-3.867073962507731610e-01
-1.478786470078250759e-01
4.762815740986380275e-01
-8.948202418791251223e-01
-3.894888320305187057e-01
1.808082447121817093e+00
1.017201733855656265e+00
-8.553246529808293808e-01
6.797392883058789304e-01
3.329589531912598988e-01
1.039346025611305624e+00
1.099701036980797797e+00
4.822377586823463347e-02
1.565190522053643951e+00
1.793933342339139592e-01
-2.890275947070953047e-02
1.422392663519818523e+00
-1.548532672460586790e+00
-2.253900261782903147e+00
3.916825236943607264e-02
1.110984743937421387e-01
-5.986196416500481066e-01
1.719196831176357521e-01
3.782733070315197343e-01
-5.154944992308705398e-01
9.913417354658202729e-01
1.061394507515566410e+00
-1.094923879164682479e+00
-2.850438975310630507e+00
-2.232042616492508832e-02
1.097359179289192910e-01
1.286223960705058511e+00
-1.616780414664667154e+00
-5.955750393824128519e-01
-1.364638189610901664e+00
-5.208106826129540456e-01
1.280607108981451081e-01
6.184309936302324617e-01
3.712139387474623908e-01
-1.045171231206129647e+00
-1.124710695655777970e+00
-1.418916143248035500e+00
-1.633070042651768361e+00
1.019190541439202846e+00
-1.801024424530492662e-01
-6.267690396245196860e-01
1.812312905680731889e-01
1.513974455104251549e+00
-5.121898416286757572e-01
1.248685309070042937e+00
6.974560885122543796e-02
8.062372858384894703e-02
1.414844331785148457e+00
1.251821507449729864e+00
1.141570858582553694e+00
-8.219787998457891987e-03
-8.223567967877910834e-02
-1.451306444701469245e-01
1.127001486985746981e+00
5.293064758205615061e-02
3.453959187806824871e-01
2.262754624725921815e+00
8.015598271026734833e-01
-3.465357223408625786e-02
-1.487950368871816975e+00
3.840698815437411096e-01
1.452948271547140346e-01
4.876902158666600595e-01
-1.075824030024371103e+00
-1.139689660385954650e-01
5.645578596798536131e-01
2.768212059790990387e-01
2.367839163387099599e-01
-2.158889015005026335e-02
8.418415413484410248e-01
5.421240000605397347e-01
-1.282048106707071589e-01
4.645585502525295118e-01
-1.469894139781566134e+00
-2.531299413420474639e-02
-1.330063914202519459e+00
-9.696165942200083432e-01
-1.379643794289308278e+00
-2.623280904461323115e-01
-8.343580239018654199e-01
-1.106283318260993465e+00
-2.942845476099218913e-02
-6.706508056426201403e-01
1.170645594380019805e+00
-3.190727639537364602e-01
1.742202743288582267e+00
3.629005888558290427e-01
-4.327974274286270906e-01
1.546653659942345271e+00
-1.187263807770708723e+00
-6.604721954606852519e-01
-4.474497616084098794e-01
-4.428209790907290944e-01
1.734955333603578786e+00
-5.757608556513519327e-01
-1.523587361020616537e+00
-2.174081346908559365e+00
6.145262131310030851e-01
-1.513718630665322085e+00
-4.353358303654283334e-01
-9.938251565545154209e-01
-7.125057180065965667e-01
-1.376142563390710727e+00
-1.073313900560386003e+00
-2.276776869158161076e-01
7.072862344633363829e-01
5.451172817830260975e-01
-4.408503480578183642e-01
-4.617630724694703481e-01
7.811084381409931776e-01
-9.916638800522710462e-02
1.149319033434675896e+00
5.641072138495167865e-01
1.562760048369621346e+00
1.098902891465724618e+00
1.570398723191257229e-01
-9.867179186644409183e-02
-1.560609745925247704e-01
-4.264300934599861703e-01
7.225613783467154105e-01
1.401389304983981177e+00
-2.364456480659796966e+00
2.072319184209639453e-01
4.844504384867815427e-01
-3.828589809043435599e-01
3.300842421147888728e-01
-9.612390000964728953e-01
2.598812262708840581e+00
5.567263862875927449e-01
3.974697150642100274e-01
-7.065215757793107398e-01
2.032357217692737916e-01
-8.733432645148410112e-01
-4.328586557315472483e-01
-4.340443010923033529e-01
-1.390111409714815061e+00
6.978869554220057392e-01
6.053054222207671087e-01
-9.264281158685734319e-01
-4.784549078821945800e-01
1.342026739313768147e+00
4.041431989596817043e-01
-6.598325716453411205e-02
-1.871986734420291842e+00
-1.275160990588097842e-01
1.005223616377058926e+00
-9.128585631206349582e-01
6.970071582081648343e-01
-7.360954561099850579e-01
-7.511728264327975912e-01
-4.374096473346928970e-01
4.404921600261244574e-01
-1.542993909277976305e+00
2.318841689914906690e-01
-1.011095460131109652e-01
1.083935773277965309e+00
-4.064176573153979732e-02
3.766799505357767974e-01
2.910152864497968575e-02
8.537580074534000252e-01
8.021251398435172986e-01
1.676468151491191216e+00
1.312501073429225951e+00
1.190643277450387783e-01
1.071556005313113902e+00
1.073196158352081486e+00
-2.593625265742686703e-01
-1.259683897600353930e+00
4.945204271550544539e-01
-4.497383356730030313e-01
-9.142988642717070347e-01
-7.179688165127063870e-01
6.188485837364789965e-01
-3.425545459310223168e-02
6.559749299591712823e-01
3.783075557215314078e-01
-9.358383793384171812e-01
-2.298650365080804336e-01
-4.791088567589260050e-01
-6.126451967845195079e-02
1.433359310411743914e+00
4.486363870816603150e-01
-4.371505578843166706e-01
-1.596853883370116467e+00
-1.839685194494251608e+00
2.207975875797242971e+00
4.262692267642526622e-01
2.829449135701222584e+00
-1.922563083312450516e+00
1.266108732430084316e-01
2.182147594412849403e-02
5.106112153150286215e-01
3.504116728982411000e-01
-4.968159657115165384e-01
-8.304821938966481243e-01
1.728551123805853518e+00
-1.034600107780602601e-01
2.137412783298375363e+00
-1.314310063412924556e+00
-1.484745338579798180e-01
-7.853168824386682623e-01
2.303203486769730413e-01
-4.161384681064835278e-01
2.168714337512386015e-01
-8.086859544525186738e-01
-1.114367713959406148e+00
-1.623455445408371167e+00
-1.458392347262040811e+00
-1.327388326582819023e-01
1.067220183886476714e-01
1.024440084030571629e+00
1.984279089739903190e+00
6.359735342541638081e-01
1.474059086644180061e+00
-7.751574490177155774e-02
-1.715754592946665824e-01
1.630769836110501636e+00
-8.566254986944313865e-01
-6.554720042150992132e-01
-2.643956458495026474e-01
-9.129573704174649418e-01
5.444197547628008491e-03
3.142645761284775796e-01
-5.641743038060607063e-01
-6.943227628580910249e-01
1.602445093372033780e+00
-4.729904805929825012e-02
7.854144214490953457e-01
1.292742453231839450e+00
-8.723472554520175226e-01
-1.195999937508263229e-02
3.818975910085129488e-01
-4.917768012946322487e-01
2.287060687451878682e-01
1.399949573696948057e+00
7.355062345623196614e-03
-6.216819464684918313e-03
9.324216807060660139e-01
7.124223990199235468e-01
1.590562414888544440e-01
6.609024765508476618e-01
-1.663150295332167738e+00
-4.951423081778593138e-01
9.843643612798878006e-01
-2.086501503929450441e-01
8.951141050414797018e-01
-1.929065679895842322e+00
-5.291161307374502298e-01
-2.886822177138596013e-01
3.292932726680369293e-01
-9.476311437266808635e-02
-4.002554500995430392e-02
1.967583940804468190e-02
-1.929048473058787294e-01
1.821492335693120967e+00
-1.158505183085396295e+00
1.240453666075506077e-02
-9.436075104353912335e-02
9.778268702013855895e-01
-6.284568626445226347e-02
-2.454180957937666108e-01
4.476217886556921322e-01
1.444393598812033996e+00
-1.227538186363367423e+00
2.185642768776396405e+00
-7.484247227046411099e-01
-2.048780622507666127e+00
-7.561025949836588378e-01
9.889412834594247803e-01
1.637266658419605614e+00
1.221849377832671391e-01
-3.412891505129220793e-01
-1.283786577826015352e+00
3.302526631507801680e-01
-1.091889919891410043e+00
-6.866060781521908796e-01
6.066734004846442430e-01
1.226467202445265636e+00
-5.087324026824959766e-01
3.084690029173878245e-01
-5.971807979297170110e-01
-6.199624744924198128e-02
7.147330160917007014e-01
-1.012113832076575459e+00
-1.107396513656329962e+00
6.153910888966901416e-01
9.280213876067722190e-02
-9.565992023771512365e-01
-6.842060376966528912e-01
1.686027431259028431e+00
-2.129878297008509502e+00
-1.197042731155707695e+00
-3.272687192911827303e-01
8.476148187840247886e-03
-6.472074896982968895e-01
1.495099111555012739e+00
2.396195273118411073e+00
2.483674758102797642e-01
-1.665325987508383454e+00
1.141768084852218479e+00
-3.853684452402212357e-01
4.215863917291444163e-01
-7.887134887181886933e-01
-4.684267884773060664e-01
-2.745973457496460324e-02
-7.796294998150721245e-02
-9.543282713954770458e-01
-1.570667018179411345e+00
-5.391620748907899330e-01
-1.237357817153602602e+00
1.424612931460038090e-01
7.811627414135834113e-02
7.711711789339830043e-03
1.166357932773689932e+00
1.079584293591222988e+00
1.081504077808657760e+00
-2.096180843020862827e+00
-1.398677717158225198e+00
4.650892778151428097e-01
-4.547634235214290110e-01
1.037832118952140448e+00
1.257629683621411587e+00
1.269198663858894793e+00
5.874999476110549512e-01
-1.568618803502582482e-01
-7.752459963929512199e-01
-3.835325304642256405e-01
-1.711992796199785227e-01
3.688917450933043574e-01
-1.819990040588074232e+00
-4.732807374095468478e-01
-8.596642429143963593e-01
8.285353373508482777e-01
-1.417075522008611310e+00
-1.569605498260085108e+00
-1.483881892629175470e+00
-2.199152709381055892e-01
-1.358491325956576457e-01
-1.724302104113415446e+00
-9.066664260796020169e-01
-3.928334107103319539e-01
1.504854844525230106e+00
-8.138776737415737150e-01
1.010555588092609591e+00
-1.519354682144202218e-01
-1.964902423908679863e+00
6.506934451361411353e-01
-2.295236894673994943e+00
5.301197160526224250e-01
1.002579085364831091e+00
-1.967260429481184181e+00
-2.831126399672003746e-01
2.585756363444407513e-01
-6.515965483494228216e-01
-1.160259754422961143e+00
-3.320158456976173844e-01
-8.405664443911642358e-01
1.486525652964389155e-01
1.538430637225192799e+00
-1.137148264360901662e+00
2.889329164144662787e-01
8.215382565181182650e-02
-2.411183344946050966e-01
-1.246352540191292130e-01
-7.600260952035793327e-01
3.054309011875040003e+00
4.307580990889024464e-01
-3.047706722657620437e-01
-1.188307508714032457e+00
-1.238332802671009869e+00
-7.193189642478534651e-01
2.512800494686202146e+00
1.873106110023532722e-01
-2.780072694360637975e-01
2.930099643803466547e-01
1.252617713708569225e+00
-2.374793944082079222e-01
-7.901687973401408938e-01
-8.195165256936454146e-01
5.107755109590365050e-01
-1.646156202402593971e+00
-8.601638005711153001e-01
-1.994356547637783361e-01
2.205223288963164552e-01
1.081153470947359141e+00
1.149097222290760056e+00
-1.986438898082112936e-01
-5.583488984048798898e-01
-3.257880489132712887e-01
1.343231442394068054e-01
2.024183307010054556e+00
-9.136284300369370559e-01
-3.161034283811642864e-01
1.124202113506657108e+00
-9.118479243999876305e-01
-8.961300937654426146e-01
7.727043839897067279e-02
1.304771588712269892e-01
1.278619439774529021e-01
1.099798174788617078e-01
7.195896440041104070e-01
-8.374188112596396838e-01
4.872709654291296211e-01
-2.527945850386084659e-02
1.018682712390740486e+00
-4.431180407610283978e-01
-2.605358292881955196e-01
1.398490383459229658e-01
3.234169503087958031e-01
3.440457798036330450e-01
2.688113341751489083e-01
-1.368320813895400168e+00
-5.868502128410009178e-01
-1.174128424197521614e+00
-6.161980693879138410e-02
-3.057437485985273762e-01
-5.088387233382409836e-01
-8.263886080442632565e-02
-3.276856736171467888e-01
-2.355916744661193107e-01
-1.029096675557248791e-01
-1.162338396360252712e+00
1.629123565445596666e+00
-1.090334034666642360e+00
2.639116521813003047e-01
6.184562637677526453e-01
-8.877670490793278246e-02
-1.273847144743492921e-01
1.423933058423739073e+00
2.534119374142916881e-01
-3.888750839121156433e-02
1.288771306235661607e+00
-2.211677462960483231e-01
-8.988321334503233118e-01
6.762558017189340687e-01
1.523910672132922972e+00
1.168328461215522918e+00
-8.903018137368914342e-01
-8.830863006194769049e-01
7.220319409274518208e-01
-7.841283345899536794e-01
3.667643832932125925e-01
-5.175452428073962219e-01
7.002314361392677489e-01
1.077443495429323717e+00
-3.181389147529591344e-01
-2.339264293840732922e-01
2.115246005601784385e-01
-8.022449571791797629e-01
-1.293591617494779689e+00
-1.244145513761145905e+00
-5.940489254510281647e-01
-1.189391064796022190e+00
1.381623087903310676e+00
8.669679339119695793e-02
1.383468864897408057e-01
-3.305971790274422895e-01
-3.054218194326375757e-01
5.373209664773332950e-01
-5.660514721171355790e-01
1.187519907087389415e+00
1.262290294905297205e+00
1.083877853016166348e+00
-1.508898831398156615e+00
-7.990201117083661764e-01
1.374343836862531143e+00
3.059580001650805681e-01
1.079983617402300755e+00
1.071218123318407489e+00
3.285140441306969028e-01
8.312925991395309078e-01
7.332493821193256656e-01
-2.502588276375085075e-01
-1.456808471245102654e-01
-4.907227826747916910e-01
-9.752470633030927427e-01
-2.086894572599395481e+00
-2.076628181094113401e-01
-1.122822551977910921e+00
-3.360411039222863661e-01
-8.470578207780229407e-01
-1.984982462140268522e+00
9.027545437328849953e-01
-3.738164484101982876e-01
-8.390669029037528537e-01
2.243753427365710595e-01
-2.084141886614466976e+00
1.124971218755039359e+00
1.321677518589223110e+00
-2.865877583413152241e-01
-5.190393523451236613e-01
-7.628660975009743384e-01
-1.201380662469449662e-01
-7.423726708120109707e-01
-5.638810801316456178e-01
-1.877976862662742441e+00
-2.943087438352071317e+00
-1.452367522300087144e+00
-7.991884509946328707e-01
1.047860530925960321e+00
-3.359604010570438337e-01
-7.026007271871288484e-01
-1.799675472127684417e+00
9.538209762086042875e-01
1.391402266237956820e+00
-5.732678778265883901e-01
4.511477812487498240e-01
4.120861417375210056e-01
1.359387768137032326e+00
-1.118373128288457030e+00
1.551190436567589925e+00
4.093312039766117683e-01
2.111822474592687016e+00
-8.978391171707483798e-03
-5.796007050845716213e-01
-1.161535605829548401e-01
5.888011241856745404e-01
-1.180115143499930408e+00
1.519369880307015919e+00
-1.246900391840317923e-01
6.662066768610553913e-01
-6.446117859542337125e-02
-1.352447056143784021e+00
-3.496628425468336632e-01
-1.142309840271080734e+00
-1.565844545717388847e+00
-8.929832886319949425e-01
6.214297254325147346e-01
-3.536864115498315475e-01
-1.508104254017865520e+00
1.109078168221128369e+00
6.895741759217548505e-01
1.758601013559673021e+00
-2.472713861460326401e-01
-4.793831835245860318e-01
2.720373287830006870e-01
6.594030018716558195e-02
1.125768012725077760e+00
6.623989648248315154e-01
1.020964653859296911e+00
7.081855205193712255e-01
-1.054031197423209942e+00
-4.134608497380359848e-02
-2.327299930140991902e-01
9.052654974633448370e-01
-1.215371230946654807e-01
-1.814598305008700896e+00
1.093429670234165263e+00
1.029310961658006229e-01
6.733599683063714592e-01
-1.976372405923535913e+00
-9.429271308408664343e-01
-5.183400283751347093e-01
2.934200179672147302e-01
1.228110360875400930e+00
-2.401947700787879503e-01
4.752196418877014938e-01
5.624588090825322073e-01
-9.267572411564927171e-01
3.448004229113114105e-01
4.762960544764567872e-01
1.062842062234286900e+00
7.993212982769513919e-02
6.756329867641227560e-01
3.828410410386680618e-01
6.214316186414423071e-03
-1.959017829659558674e-01
2.682762780800024061e+00
-9.195031215437746708e-01
4.244082133912793209e-01
5.217120892364672802e-01
-1.413384403113795207e+00
1.208546360922852225e-01
-7.614109060670332108e-01
-7.072307481317167133e-01
9.733761486650523986e-01
-1.879991826244747574e-02
-3.657572328577360365e-01
-1.657696898774409622e+00
-8.359482033850620386e-01
-4.068406592252693521e-01
9.957565313916381944e-02
-3.528241502057934964e-01
-1.833446692145914922e-02
-4.063566430567506216e-01
-1.171097248127073026e-01
1.741419295772338893e+00
1.455376495270108261e+00
7.050614306602672743e-01
6.264427777491753391e-01
-8.493353453699807876e-01
-3.951477039773421129e-01
2.869117797069953846e-01
-1.424386617601343774e+00
-7.823634293229829728e-01
2.529441382270415928e-01
8.795371781417161694e-01
1.523416836007875086e-01
8.122276218841386619e-01
-1.321895004909558580e+00
-7.062730811845929768e-01
5.788135477839710941e-01
-2.066051689413412884e-01
5.796323281837573865e-02
1.457332175740428282e+00
1.524231992021989557e+00
4.412675978298160606e-01
-1.314843177900465454e-01
7.859264307564048924e-01
6.557811388304796152e-01
-5.654807266115887687e-01
-1.019960560664925797e+00
1.624251533352081278e+00
-1.755324455655464355e+00
-4.473596459627896538e-01
1.180008554886541328e+00
1.657618174225853558e+00
-1.844238307451780745e+00
-8.447516538125184882e-01
-1.372790038631034326e+00
1.019639392667071265e+00
-2.269226019782475540e-02
-3.325408487457932605e-01
-4.588933021800258860e-01
-3.288303485582194652e-01
-1.375228340169376118e+00
1.307326110730822943e+00
-6.268967322324690006e-01
-1.995866171539931871e-02
1.195993962089498153e+00
-2.234179586905972847e+00
-3.740377874256950452e-01
-6.179088766491184874e-03
-1.930768586884300309e+00
-4.283470014965682915e-01
-1.080808631026846989e+00
-4.698454460898040530e-01
-4.982267813718633254e-01
-8.728899179692970467e-01
8.543921048463503087e-01
1.568817946760849846e+00
-2.411975947408777077e-01
-1.391891463508613036e+00
-2.204196921267063680e-01
-1.736796458469179738e+00
1.123130555996725288e+00
1.973371388110277680e+00
8.717289044254127039e-02
-5.222452264279685563e-01
1.296033616314001824e+00
-5.968725188802115333e-01
1.358145878238273263e-01
-3.143302757105393974e-01
5.618832848744804709e-01
-2.167951162215537575e-01
-1.122031878232305324e+00
1.838555398837671939e+00
1.868305203782884671e+00
5.426026378113376625e-01
1.047858066733865057e+00
-1.174819102489481182e+00
1.037705922249622326e+00
3.363699181222835621e-01
-9.517835975193137399e-01
-1.183953778554933889e+00
-3.110996213574099278e-01
1.678304529918848376e+00
-1.042356751588413344e+00
-5.991455000385440544e-01
-1.249277862183965970e+00
1.853502812112685527e+00
3.887210419967704333e-01
-3.524748911179185207e-01
-4.120122950253506944e-01
-9.841224581030485474e-01
3.797106139660878510e-01
3.840893930139451795e-01
1.240137294699658499e+00
6.612673983572434078e-02
-4.811855076862092129e-01
-1.900888917936579279e-03
3.316847348528784156e-02
8.223851575613674303e-01
1.240682732488120887e+00
-7.033279544417994078e-01
7.796115479860643571e-01
-6.743369850641504071e-01
1.174249535320674331e+00
-1.454861292776574055e+00
-1.187477688920774765e+00
1.075683286661179183e+00
1.029346682748021102e+00
-8.969469376566991947e-01
1.877390069327620481e-01
1.594017981307785048e+00
3.119839889591253038e-02
-1.737107070781436780e-01
-1.073022603982130230e+00
-1.584017117272563224e+00
-6.384479198895294250e-01
1.140593160593319055e+00
1.401871563226948225e-01
4.098878261932245026e-01
1.356830592268301272e+00
4.703957844645508257e-01
7.194416856578751407e-01
-3.694135686936337315e-01
-2.862937321358063891e-01
4.849955072815083090e-01
6.049704790782010067e-01
5.457885635773920274e-01
-2.893934854542460910e-01
1.901271620553533215e-01
6.184921509472024459e-01
7.739003487937450299e-01
8.167227742642554356e-01
1.042387584990491556e+00
-1.154978175833699217e+00
4.592036602280433755e-01
-1.398926209626439876e+00
7.519888365432954025e-01
-4.561780277564672637e-01
-2.237497027946096839e+00
8.802923551899759502e-01
-3.404751990039397436e-01
1.915078518832704857e+00
1.443121042565121082e+00
-3.555397888902812054e-01
-1.297554717154973281e+00
-1.326808085692510852e+00
-1.856135264228329640e-01
5.310787600638712247e-01
6.249290488538864485e-01
3.659869411078428003e-01
-1.671781358078467505e+00
-1.354678558515666487e-01
-1.238251603641423865e-01
-4.213203812022814909e-01
-1.342324349969256536e+00
7.568593467427974994e-03
-9.854263015335250619e-01
5.473680901734939708e-01
-1.016239079093429698e+00
-3.659741819907627036e-01
-2.141934387238753956e+00
4.081348429129219579e-02
-1.839226686871626715e-01
-1.642881410415751864e+00
-1.660187507680170649e+00
-1.241023376023875358e+00
-3.986165894495156126e-01
-2.696169802596817822e-01
-6.605245714301901661e-01
-8.837697512821302004e-02
-1.931360724418794694e-01
-3.079157966163239002e-01
-7.191487487517900234e-01
-8.544910880608971304e-01
-2.570686783796867769e-01
-6.489033170900853076e-01
5.994677022095883379e-01
5.023979958400689450e-01
1.063638563291734229e+00
1.223429081042111122e+00
9.968510873803547723e-01
4.955658468177374099e-01
-3.158846979711920078e-01
-9.003561121093601738e-01
1.229619386586019436e+00
-3.573070047512114100e-01
-5.303321923502947177e-01
9.045623380198077879e-01
-4.999382012831950495e-01
-1.601732439509216288e+00
1.431572734103120803e+00
-9.077889124066655935e-01
5.691167558274456972e-01
-1.224708863344245863e-01
9.778844057586245642e-01
-8.673215907447821005e-01
3.989437773928055098e-01
6.436089913849600830e-01
-8.757392315343006176e-03
5.645749588279821429e-01
-1.851381066752825488e-01
-2.328357746871164979e-01
4.685853985151501311e-01
2.464970168811710383e-01
-1.434973274045915799e-02
-7.901787212637094715e-01
-1.012548234941682779e+00
-2.083360169446558385e-01
-2.431665990047998660e-01
-3.248907950095588637e-01
-1.798665770982716738e+00
-2.503043165282781493e-02
3.391024991992735438e-01
1.103963056995607150e+00
1.309477362103060427e+00
-6.401880332588000266e-02
8.019737342523092227e-02
1.932918240520759445e+00
-1.759038414892461599e+00
-1.111267420056594624e+00
3.341879101981871103e-01
1.113590661937965270e-01
-1.583505549762061593e+00
-1.272512391060429238e+00
-2.653744546856544040e-01
2.598832332099572096e+00
-1.273231092955661170e+00
-1.621514439416163578e+00
7.062142215025793424e-02
1.126095273930424190e+00
-1.619689401017082586e-01
7.619914189511711733e-01
-2.085679829292399201e-01
-8.165432595653526748e-01
-3.464368091581813136e-01
-1.418767626087634293e+00
-7.682762994724405825e-01
-1.095190424283757791e+00
1.445686371239792267e+00
4.971913628395795426e-01
-2.560710909399934176e-01
5.516916410756818046e-01
1.160367278728394735e+00
-9.211256522247481815e-01
1.769067269111875354e-02
-9.942494146561996482e-01
6.209514213984015929e-02
-6.681805399719722982e-02
4.087362718270332596e-01
-4.413193677601441878e-01
-9.490097039133436052e-01
1.061457394583954078e-01
-1.843276913722804722e-01
6.299388430434731401e-01
-6.902223466946448838e-01
1.489084721975636239e+00
-8.525808298364190296e-01
-1.715435087984964468e+00
-2.088318325234788386e-01
-7.858533198180767121e-01
1.918496654264124190e+00
-7.032263473163702372e-01
-3.055541698939403528e-01
8.468504110920433980e-01
1.135339556982195713e-01
4.542314969250882961e-01
-9.516366579910495727e-01
-7.618574452709725442e-01
-5.493258486543003416e-01
3.485003311138052395e-01
-5.485481520914052833e-01
8.633654619562665111e-01
-7.627035367725158999e-01
-6.584032721756092332e-01
1.026333256567589558e+00
9.646000381365361920e-02
3.262885664493251903e-01
1.217452760242694110e+00
1.502336488609049114e+00
-1.754435007720412387e-01
-8.503088630260702274e-01
-1.061199919502738842e+00
4.363751502433829699e-01
2.907739453416177330e-02
-4.134508519374589519e-01
-1.468924190224772663e-01
-2.308129979182628189e-01
1.371646602073894661e+00
-9.842978639085133707e-01
2.518544559298621643e-02
1.080255520959965798e+00
-5.649489107840792723e-01
2.270641013525720453e+00
-8.839891924329593698e-01
7.019456786465548825e-01
-1.302214682444869931e+00
7.941556385073179625e-01
-3.272095570852920354e-01
5.333241813395925845e-01
1.223494714063912747e+00
-8.069982638142908504e-01
-1.244583652665399054e+00
2.948845455361622792e-01
1.386884822192623767e+00
-1.854728530301854805e+00
-1.399706843679383139e+00
7.575541836098659276e-01
-2.053893244850544697e+00
7.321146219706092806e-02
1.034739398531400179e+00
-3.911769402788477512e-01
-2.290221570541706719e-01
2.656580747390164809e-01
1.930384648542300186e+00
-8.813805813056871385e-02
-9.014668843250226438e-01
1.621190796894020902e-01
2.893470910886086211e-01
-5.822271226242281550e-01
3.537567151846882085e-01
1.965912584444337696e+00
-1.015000594570681924e+00
-7.053724452409454448e-01
2.124185375510491802e+00
2.040138869000687194e-01
-1.177618700406071639e+00
-4.628785802607547906e-01
-1.517984501654914942e+00
1.462410233161792750e-01
3.905390186879172110e-02
-2.008794077551233903e-01
-5.212028212061378118e-01
-7.861402580740166623e-01
3.750639460309228568e-01
-9.277940745390764188e-02
3.079074282603151413e-01
-9.806361763177885021e-03
1.587722137798182720e+00
4.376777984092681262e-01
-9.033527797907798806e-01
-1.768496193403293226e+00
7.256800932837325080e-01
6.354866632673159543e-01
1.483742988939306562e+00
-1.540019177637870218e-01
5.049640125144284619e-01
-7.783777134263903941e-01
1.344327071960081499e+00
-6.433688884258121909e-01
-2.235749674974545631e-01
1.278896110383318518e-01
5.193982681130119294e-01
1.222734065461944297e+00
9.250068362905025654e-02
3.044205385123121416e-02
-1.230659844296080468e-01
-2.809964556169179950e-01
-1.530802714901482453e+00
1.939637058121673752e-01
2.962986053014951549e-01
-3.444075340480669545e-01
1.009295404473720126e+00
-6.663858572969464378e-01
1.767084889753346877e+00
-6.354484407254054612e-02
1.323239807446801697e+00
-5.233300860274816557e-01
-1.252945064778387296e+00
1.621806712865779376e+00
-1.454734273850485815e+00
-2.178708613397874583e+00
1.621658307621301365e+00
4.313342517942447829e-01
-1.731794864708853521e-01
-6.794896429499864832e-01
-1.753325429924275647e-01
-1.130329996500967660e+00
-5.684472835185225836e-01
5.943137883839492153e-01
-9.390912743528606610e-01
-1.073380811411338343e+00
-3.554309467706966430e-01
5.263778100342577648e-01
7.466804874730333941e-01
-1.705048621848154422e+00
2.257355950419215329e+00
4.373770460355382028e-02
-1.369965998195910473e+00
-1.886344268219266873e-01
1.786201676101924818e+00
-5.274348296408764014e-01
9.784752570095180124e-02
6.528771820791355873e-01
-2.528946955853078604e-02
-5.463558895055171671e-01
-7.222891150962591489e-01
-8.684941284408631557e-02
1.843114319992015249e+00
-2.435535517325738142e-01
-2.782073922368554775e-01
6.733195222915298039e-01
8.502755928345776537e-01
-2.328028948612391805e-02
1.451475455338994802e+00
5.598549921811395436e-01
-7.146423164496139568e-01
2.040849569172466238e-01
-6.455379727094592290e-01
-5.886262000393301941e-01
1.157784728735275603e+00
7.924886505511651302e-01
-3.429870922722633858e-02
-5.897920200776176625e-01
-1.637884013429138919e-01
1.353975347394702489e+00
-1.469416104296811021e+00
1.014150960586415406e+00
-6.615442284912057547e-01
2.890853197916885831e-02
6.646855154091267925e-01
-1.154902149908860531e+00
1.635270451538834158e-01
-1.146019530957429700e+00
-4.005990224295601781e-02
2.112477117012004357e-01
-9.684619428722134327e-01
3.057030082642590019e-01
6.414760897702103115e-01
-5.250542196926264588e-02
3.975810933591640839e-01
-5.613912485427482446e-01
-3.398947572854215532e-02
7.518975205130554729e-01
4.818795682471491149e-01
-6.219013163762682206e-01
7.227011192362601255e-01
7.364255535053347845e-01
5.768231897934519153e-02
1.333943010069138735e+00
4.924136942730326649e-01
2.061340863946535262e-01
-2.711967382119129799e-01
1.030598231112959340e+00
7.004692349978460797e-01
1.287349085759647904e+00
1.361871503090918534e+00
5.856879847516920368e-01
1.137134825411701272e-01
-3.858766776730901960e-01
8.051552994630628568e-01
-5.244310585271951819e-01
-3.020016350510637548e-01
-9.964465404662039560e-01
-5.947557519204319521e-01
5.451320993033876849e-01
6.625418703308584290e-01
-3.933438188568151306e-01
1.379043886256493989e+00
4.139315542548064331e-01
-5.125146901103249109e-01
1.750611043325929650e+00
-7.848570091350174360e-01
4.146226660270507791e-01
1.705457247566101453e-01
-2.809856431051696468e+00
4.150545212387724003e-01
3.360989398936203854e-01
2.702572358768981498e-01
5.625937461468417666e-01
-8.342290003234238416e-01
-7.961483762146427667e-02
-1.271640761008513865e+00
3.088793885465898059e-01
1.788182595929588725e+00
-6.977744675926215168e-01
5.450959989187340593e-01
1.365204401966052972e+00
3.030540811827772130e-01
-4.069777057959775290e-01
1.392225270035968299e+00
1.528872627488070401e+00
8.423432069033300051e-02
1.536403081902505963e-01
1.630773706365504117e+00
1.650666238934307417e+00
1.340380052270792266e+00
-4.567037877865727236e-01
-2.096498271752942066e-01
1.921291675188229409e+00
-1.347375646344314282e+00
-2.442392995895251995e-01
1.373324147208589308e+00
-2.076020395250593453e-01
8.321936619131383717e-01
1.361181373031278508e+00
6.944964945513136811e-01
1.054636147465590756e+00
-2.259264455534224059e+00
-6.763300006637538164e-01
-7.298654592522059448e-02
7.366805901991010375e-01
-8.752137821936888107e-02
-1.681644280288483673e+00
6.838482168368497094e-01
5.427879565643866089e-01
-1.004101467570652995e+00
3.948551222342581712e-01
1.134975019569794297e+00
-1.067420907447227618e+00
7.093037892851643544e-01
3.667981210029908623e-01
1.253362227681751317e+00
-5.318886650965394258e-01
-2.017271527426301725e-01
6.631846828325086429e-01
7.754893597720338150e-01
-8.234891519414991867e-01
-5.395779733633588870e-01
8.901515726003957907e-01
3.380477540449952079e-01
7.719904581263624666e-01
6.359296712752980918e-01
1.908902258349996495e-01
2.402665964262330756e-02
-9.965474147972521735e-01
-3.447598799673673442e-01
1.345674761298326638e-01
1.301940256701515253e+00
-1.875894610476340207e-01
9.171045640651154240e-01
-1.223699479403758256e-01
-7.689953144898333814e-01
2.136465776913014647e+00
7.278180545446633065e-01
-3.306752017287573508e+00
9.299649431317870141e-01
1.090448217785448426e+00
8.893836029388448861e-01
-9.886025692172976109e-01
6.152038095230873971e-01
1.295986747857769350e+00
-7.081772816151731265e-01
1.202666829954995631e+00
-1.176552713299127806e+00
9.028133845941187507e-01
6.810203799186353990e-01
-7.529005218515308906e-01
1.269723459731986859e+00
1.852992506002279383e+00
1.471351777032643637e+00
1.586651242272878681e+00
-6.721888039128215420e-01
2.030010987901794905e+00
-7.799191256479384160e-01
-6.879543540327147655e-01
3.465240298590841483e-01
-6.495955743919955561e-01
-4.996120424974365704e-01
9.488296066938504136e-01
-7.204959255677866325e-01
9.118009489813163615e-01
-6.467347815509520981e-01
-5.888105055154347900e-01
7.840740695825213491e-01
1.430689296849526171e+00
9.463209915205167411e-01
-3.215808760453074400e-01
1.255037034560334108e+00
-1.208937713392212121e+00
-1.810830220518783840e+00
1.493449593957610899e-01
6.196552749102008928e-01
-7.397300771221605453e-01
4.233077894431978155e-02
-5.342100095646220570e-01
1.240135244008828908e+00
7.730125327478946096e-01
3.918536271802518511e-01
-8.586079255225841367e-01
9.531071721336913383e-01
-1.657701056360627459e-03
-9.508382519309179770e-01
-7.532494424594770033e-01
-4.540411890622874092e-01
3.490239099874026252e-01
1.247543474296323396e+00
-4.356522123161225002e-01
-4.649531315639887641e-01
-3.259572288601748080e-01
3.687453263503994161e-01
1.132827519243340353e+00
2.293009241331786630e+00
8.674399125332216132e-01
2.547705422516342577e-01
-7.808656344179107922e-01
1.594954453332639646e-02
-2.714244052030740040e+00
7.242999673108723169e-01
3.115190874567453916e-01
-2.058311017299243595e+00
9.979059719294870456e-01
3.650766089622311528e-01
4.031246428372550761e-01
-2.621230470404193880e-01
-1.849372945571770677e+00
1.122706637120762130e+00
6.155567039234919324e-01
-7.926626430269562151e-01
-7.042933800037090020e-01
8.076488459426629518e-01
1.813596050229334899e+00
-2.423767010511880191e-02
1.439500248342843181e+00
-7.020460742503607798e-02
1.005846530995874843e+00
-1.096151298222506787e+00
9.341838406982525544e-01
-1.013539436442714825e+00
7.407061898653574117e-01
-5.900527953917489299e-01
-3.044749944622462401e-01
7.305439905717969751e-01
4.375477110373434120e-01
7.709619697252451109e-01
1.148667394544877762e+00
2.223793801784136326e-01
-1.959843968895080835e-01
6.689661983662241740e-01
1.805955348653944526e-01
1.191485329721405195e+00
2.986144943613063263e-01
1.273446643468123085e+00
-1.936074628163913236e-01
-1.013732740394032383e+00
-1.556342666683972809e+00
4.037452847548141377e-01
-1.403730369322325977e+00
-6.049114214876711859e-01
-5.106571335306377968e-01
-4.635363832894968672e-01
-1.331988350748938732e+00
1.613160992517491676e+00
-4.165802143254729861e-01
-1.672898181287685859e-01
5.280058818618118543e-01
2.467968865812959489e+00
-1.699983547098212977e+00
1.126394685732438505e+00
4.337518889177273684e-01
3.129228225466778590e-01
1.380639711631151512e+00
-7.122211885806828402e-01
-5.588705404980728320e-01
-2.618569762941919121e-01
-2.039313138882173360e-01
-3.558473889081809061e-02
-1.293557550161276382e+00
-3.663078328495474878e-01
3.109518658166717797e-01
2.641456843235071350e+00
-5.527697632990310472e-01
3.198109318391382239e-01
-1.113672741976514668e+00
6.949535226913832187e-01
3.990081194830069622e-01
1.467617595616875326e+00
-1.478144583424348124e-01
9.621572131149422891e-01
-4.262410752919079115e-01
-7.820805187373108813e-01
4.674168762878340710e-01
5.671125838201188651e-01
1.767907726971243987e+00
-8.168686090331906957e-01
-2.509319579334099437e+00
-5.217327217669347483e-01
-3.546078651138002136e-01
1.436638923279977709e-03
3.106188971581267944e-01
-3.974340421659295908e-01
2.327533697978972083e-01
9.587183129501547496e-01
-5.114720993785074610e-01
2.370109732333433250e+00
2.796345717256343722e-03
-1.652601019170950813e+00
-5.264303825367863121e-01
1.569459389817220440e-01
3.651869751210196635e-01
2.784999514559622358e-01
8.593255180141525784e-01
-7.648668090779169315e-01
-2.133406449045887499e+00
-8.689956549150230636e-01
-5.865658940839975077e-01
5.398503528807598872e-01
-1.950301996698358964e-01
5.427936801470818473e-01
7.036660479520319145e-01
1.190494336069951309e-01
1.602221191473626183e+00
1.234584159377155599e+00
2.955989817523236307e-01
6.940634152819797897e-01
-1.811905925363540337e+00
9.640065545924076940e-01
-1.173031650464285258e+00
-4.746986421116182464e-02
-1.520168297199443019e+00
-2.591842705519043832e+00
4.834526073195218737e-02
6.281822591128322086e-01
-1.509327187543154647e+00
3.989586396410874647e-01
3.142891115396751478e-01
-6.911313322175057783e-01
-7.363132902787524747e-01
1.008640480287052110e+00
3.799182696260488545e-01
-7.718875320503817417e-01
8.347671773440180909e-02
2.490803897642759779e+00
-5.011027146252732267e-01
-8.234296443581425873e-01
-9.552758025286327559e-01
1.004350519151828269e+00
-1.367123938202796429e+00
-3.365755689758993530e-01
1.370118954965982017e-01
-5.928457484011243617e-01
7.470396858840758214e-02
-7.250379431044479128e-01
-1.202663255358155103e+00
-9.072799182437686349e-01
1.049109494197212777e+00
-7.835222565661880134e-01
8.361753017572365332e-02
-4.758480978092965996e-01
4.342146307725343324e-02
1.865049556326415781e+00
-1.854813228233242350e+00
-1.137371786090157766e-01
1.761101064993255971e-01
7.036117451506065379e-01
-1.950501516547340497e-01
6.370600425755987839e-01
-1.623444947205863326e-02
2.132119564383840871e+00
9.400186443508732337e-01
1.917358519379680049e+00
8.810834123441840804e-01
2.517187750169161964e-01
-5.213993084043039294e-01
6.899884459148752924e-01
1.047383503026535490e+00
-1.507705705862828260e+00
-1.190889542120566302e+00
4.614599854453572125e-01
1.180940666998218980e+00
5.350149207643416505e-01
-1.561795810566275033e+00
-8.784536636182558797e-03
1.116848141688140394e+00
8.756210836020952848e-02
-1.459100746069068810e+00
1.593332182333157265e-01
-2.120866052974109128e-01
2.124390900375683067e-01
-1.187819004928908628e-01
1.266253258049447439e+00
1.024613683356944138e+00
-8.179987143386056037e-01
2.018614511419406288e+00
3.197622699405212598e-01
-5.190324722868389085e-02
3.877851885616085403e-01
-5.281517990725250744e-01
-8.972523527316814684e-01
6.121899202682068442e-01
-8.172308284118610100e-01
1.092881188672658377e+00
1.601963509061555380e+00
2.061196569414219248e-01
1.365314897147964723e+00
-2.159041904860961592e-01
-6.940340519511506434e-01
4.421828604121297857e-01
1.911539112858874567e+00
1.914263618948084833e+00
-8.660061667825600384e-01
2.379190311289056114e-01
2.188701079341243361e+00
-6.040048462145805042e-01
-2.613379409685272492e-01
-8.929707258367912681e-01
4.221096365788936655e-01
2.778884772628036348e-01
5.784566617593989157e-01
3.288495911991501930e-01
1.239810000952864671e-01
-2.817052223226130248e-01
-1.084587833607426166e+00
6.527613307309858559e-01
4.012533362349079424e-01
4.083724642138844008e-01
3.769096970244309452e-01
5.946241298994767721e-01
-1.155387099514197935e+00
-7.346856313269315431e-01
4.644204451579434650e-02
8.159939294666173071e-01
-6.226340749496489524e-01
-1.017059182340092516e+00
-1.457630283623439604e+00
-6.744056355212090237e-01
-1.133040121553060775e+00
-1.465264492470002011e+00
4.256979969635041328e-01
1.353163890960254800e+00
-8.980456089961584565e-02
-1.219696518159989029e+00
-7.807828300166749225e-01
1.283383491286861910e-01
2.196599099746009975e-01
-6.599156949975462649e-02
-5.887050750280006101e-03
9.233177672446305495e-01
1.625324353350871887e+00
1.761384916410977941e-01
1.116190715331504685e-01
7.682967177586305096e-01
-6.133125920609540094e-01
5.279658062493766124e-01
-5.237348902060959821e-01
-4.896502644654213698e-01
6.146185603104106221e-01
-4.207940171617901015e-01
-2.966374944606392505e-01
-1.515551535394392413e-01
1.668952242855380463e+00
-1.206566372091976425e-01
-6.911767346426483938e-02
-1.116849855092043459e-01
-1.204089450460136490e+00
-2.026196202669397817e+00
-5.633783609865324893e-01
-9.192089675060179932e-01
5.820178156109827583e-01
3.763347589642944691e-01
9.581283545079478658e-01
-1.886610193033303906e+00
-1.205042197873157583e+00
1.816445790025203344e+00
-8.592333832386995773e-01
1.299677275231707840e+00
3.539406888104948967e-01
-7.763378226761810108e-01
-1.184180174779352113e+00
-4.605448472641345825e-01
-4.338587192535956483e-01
-1.849374726751539244e+00
-3.018666094472480244e-02
7.827355581510156979e-01
1.797725947325203369e-02
1.148298812246954181e+00
-3.131884117081801477e+00
1.943085170074510870e+00
-1.714357954637835579e+00
7.208016905321831258e-01
2.626042546815551826e-01
1.935044457388479744e+00
4.008609273406117390e-01
-9.043846750434897386e-01
-4.939290240542866250e-01
-5.239286882827188796e-01
1.822169403241810925e-01
-2.640700205649829435e+00
-6.776597408801224853e-01
7.776520720260694519e-01
-8.608822364777592995e-01
-1.336422089305110972e-01
-1.137686303153694067e-01
-2.840943152513291659e-01
-1.193812711951020678e+00
-9.347193822502837257e-01
2.216010849521575121e+00
-3.261772785826904664e-01
-6.765887909557469770e-01
7.471718677921987406e-02
-5.051977042189870204e-01
1.176008451365006646e+00
-8.018896551736756084e-01
1.750868763490265767e+00
-2.659770029331721131e-01
9.498168757867045953e-01
1.178431179595448519e+00
8.788156175664963987e-01
4.896353168697519798e-01
-9.170792367720922988e-02
-8.010358087470901278e-01
-9.233411364329636717e-01
-1.835975341822354334e+00
-1.771815782090835567e+00
-1.140519508578761582e-01
9.599830341435251491e-01
-1.749906624526147425e+00
8.162749302391928419e-01
7.353644454430083854e-01
3.530964186922421755e-01
-2.528210048007571986e-01
4.612528486428164598e-01
-9.962775197891534651e-01
-7.433622205197664146e-01
-7.884137358293853426e-01
1.222411341322264589e+00
-8.308356406302870312e-01
2.275752621612051746e-02
1.238107158071193092e+00
2.401338902491421956e-01
8.825332038040751836e-01
1.256905891000947573e-01
-8.171093437661810510e-01
-1.856518342532397670e+00
7.477043806793135516e-01
4.740745438720851690e-02
-8.678776509499772640e-01
1.326863413550413817e+00
-1.375769591822250559e+00
4.003485344963758075e-01
-4.350005958017844065e-01
8.006195950925212301e-01
1.103360518824867131e-01
8.771726309774060537e-01
1.639838850486919464e+00
-2.553597519981981590e-01
9.247953225077738537e-01
-1.724513946073802373e+00
1.736722065462980691e+00
-6.623591273629197973e-01
-5.705855927733114452e-01
-1.045923100021815405e-01
-2.813955656233990132e-01
-9.147896541473753140e-02
-9.111922185126881679e-01
-5.136943739798967012e-01
5.925332981746789240e-01
1.414724188756202983e+00
-1.861076353306148345e-01
3.883497329363755912e-01
9.760304315352197335e-01
3.876881382607283988e-01
-6.171803784422547068e-01
-1.370516827240126911e+00
6.162073910441272506e-01
2.987275320990197547e-01
-2.455584634083748941e-01
-2.341755251717305253e+00
6.299915018156236890e-01
-6.209670242575382471e-01
-5.149294632776165725e-01
6.215112258379180687e-01
-9.176723878227089903e-01
2.608669397930867828e-01
-4.878633258359074687e-01
-6.043079539726294719e-02
-9.820915764208809628e-01
1.399199826103128264e-01
8.465062788625238310e-01
-4.728681206516782143e-01
-7.580015069487667789e-01
2.515455683699684974e-01
-4.071359949648532539e-01
-1.001276328012988825e+00
-1.452320574491174465e+00
-1.716671845839622679e-01
-1.031938413467573534e+00
6.652748776003184483e-01
-1.842485382501637958e-01
-2.507240391360129994e+00
1.510465224566611253e+00
1.415622307277865088e+00
-1.040297535541790941e-01
-8.376645113829211953e-01
-4.191515326826791843e-02
6.248479263660586813e-01
1.474403252867219294e+00
-9.165543483529657864e-01
-3.340571101182744918e-01
2.275299536636960773e-01
2.878359472934371999e-01
-3.237849097333989068e-02
6.646064690811880338e-01
1.585180859051990687e+00
-1.214231973773484352e+00
1.157222876816773383e+00
-1.678967933575020499e+00
-2.114562575920999887e-01
6.637240244107185383e-01
-1.052901961602746184e+00
1.069486769511722946e+00
1.303362161434827415e+00
-2.053217228092353963e+00
-1.804609639151882050e-01
3.542366029523213444e-01
-1.765984199458216386e+00
3.986109192834299542e-01
-1.977096343332766099e-03
1.462482006927858791e+00
-1.680542489678586771e+00
1.138340732650893639e+00
8.214064252762197649e-01
-2.217439616269132469e-02
-6.901911255616628438e-01
1.185042826457483711e+00
3.303936414637677621e-01
5.807661442750133851e-01
-1.705905730674331044e+00
-1.338284851189301294e+00
2.337777130761079736e+00
1.272829549401116589e-01
7.295065023580034058e-01
3.080273323979351718e-01
-1.036745111165676914e+00
-1.048138030045770858e-01
1.006802587783366620e+00
-9.528688532398463806e-01
1.016470045523823473e-01
-5.823900282831171449e-01
-5.878286612384827636e-01
1.409069871021723319e+00
-7.842813753452289038e-01
-4.668376462320954490e-01
-1.415332651183563328e+00
2.000816639832201510e-02
-1.353716512642382908e+00
3.549442242446057549e-01
5.115024711878749658e-02
-1.323646760545390322e+00
9.863156966400241643e-01
1.291580345329874646e+00
7.464866679593183951e-01
-2.342285385680513421e-01
1.059770522512000435e+00
7.625173792981970733e-01
1.566969677958663931e-01
4.718255986348944830e-01
1.258599118234421943e-01
1.032086586829801700e+00
2.043268114828603821e+00
-2.060244352157567516e+00
-3.696953135850430394e-01
1.570692765231883614e+00
3.567980638516259073e-02
-4.218566576758910336e-01
5.022497660602408542e-01
1.256848456143039527e+00
-9.625622108700513380e-01
-1.341652638909037298e+00
1.135896619782536865e+00
-1.730356368884035101e+00
-4.341291342542845100e-01
1.528017274221036503e+00
-1.052849919312041305e+00
1.406203774654304350e-01
1.027265427785302609e+00
1.229428233299421913e-01
1.027859756125255736e-01
-3.886927101711110666e-01
-9.288283283276403679e-02
2.296946274298089230e-01
9.595158469865956441e-01
-2.103204491830096279e-01
7.402720649381330231e-01
1.712170665659511481e+00
5.954026599047760326e-01
-1.120861436269923184e+00
-8.075389669537313964e-01
2.558217963656154170e-01
1.193025704009984311e+00
1.054566361188192358e+00
3.981676637479841102e-02
2.744169994077013452e+00
8.795222229163417449e-01
-1.284731268732124954e-01
-8.020182477180530511e-02
1.205402653407963820e+00
-4.992977032926931846e-01
-7.603565588218463844e-01
6.832770613874447063e-01
-1.995777922650649128e+00
1.461821240527623411e+00
-7.813290936458048286e-01
-6.453411041638003054e-01
8.476553776584386801e-01
-3.335276982600480361e-02
1.490957848178023903e+00
1.099212670822825588e+00
-3.922850934050587934e-01
1.994957071436774809e+00
5.682973662333037357e-01
-5.478461936124703335e-01
-9.786597545761535621e-02
1.261527170602678716e-01
1.805353684061774544e+00
1.361377326482991479e-01
-1.948545035757980604e-01
-9.515388136263064345e-01
-1.076469546082414297e+00
9.486933289396951574e-01
-5.277810797933201181e-01
1.545574462446914321e+00
9.692545489558070104e-02
-8.770637535174671262e-01
-8.833867556278480748e-01
4.980838351057905178e-01
-2.007845650298141493e-01
-4.724171356606153283e-01
2.737926077902527178e-01
-6.558141158254523484e-01
-7.556403632651647051e-01
-7.129216324317522169e-01
-1.302152334516880616e+00
1.827842297435779528e+00
-6.345419009136496480e-02
3.508158661996707006e-01
6.326528317265291967e-01
-2.407765450790042838e-01
1.431257135607576725e+00
6.193066358735488386e-01
-3.753921901043134612e-01
9.611436316745082531e-02
-3.671523594685739775e-03
-2.867899237101050880e-01
-2.050708002468659696e+00
-1.414064395462323542e+00
1.365544247752738527e-01
5.903799861487672995e-01
-2.079888044922400869e+00
-1.545457651331195503e+00
-1.037553749532408448e-02
-7.567581181582690997e-01
-8.517665581140052011e-02
2.367578604595396152e-01
-3.629155655342838349e-01
-7.580499372356852561e-02
-1.647633683012363348e-01
-4.768979642385144380e-01
-1.440092614593603049e+00
-1.410771669240031390e+00
-4.214539911695737162e-01
6.070583897539937324e-01
-2.038716495609316226e+00
2.407834925517875480e+00
2.611219440344267895e-01
-1.695624795675074070e+00
1.188358608872180699e+00
3.705585122584847402e-01
1.195462092320837666e+00
2.226015231308988152e-01
2.788574377885363886e-01
-2.310363915748839536e-01
-4.204559054487116976e-01
-7.794430136598946568e-01
-7.033312857300894061e-01
6.047779547389888766e-01
-1.634002199133206323e+00
-3.698082355502656515e-01
1.624466381843476526e-01
3.351299353753573462e-01
-3.804463155678064479e-01
-1.468275804379620686e+00
-1.219090650559241928e-01
4.963121414051159253e-01
-2.125435669399032612e+00
-1.554494135093231200e-01
-7.038919268665325690e-01
1.371376317095406971e+00
1.555811445057354137e+00
-8.548075508046112381e-01
-1.203523275613197496e+00
-1.500117171515083836e+00
-6.481622232610355638e-01
-4.487530340358825143e-01
-2.015625538529602689e+00
1.742808173906791547e+00
5.031396334146435168e-01
-9.961983527252805670e-01
1.753738606027218871e+00
-1.593417176307636574e+00
1.333635122006345153e+00
-6.921881432840512050e-01
4.665489310466123807e-01
2.419136011780460491e-02
-6.986788860255841449e-01
6.988777841873708985e-01
4.584800503142383854e-01
1.405185042872564072e+00
4.975492426865702478e-01
1.398621106224899657e+00
4.773116057811495061e-01
1.863827791968556691e-01
-1.880484656876313110e-01
-1.231601657979975339e+00
-1.496282292140707293e+00
-9.043801283760909138e-02
-1.154645598550780194e+00
-9.338978877423365077e-02
-5.123679449619926718e-01
-3.718337542781094407e-01
1.625208773090822456e+00
2.461605273580535352e-02
-8.807672794083638568e-01
1.094680484688465238e+00
1.597049582824963398e-01
1.720433762881973028e+00
-7.446948710430902896e-01
-8.730208116452864431e-01
1.033636423297532358e+00
-1.785775225971846680e+00
-1.610016018919650793e-01
-3.032138419492243497e-01
-1.652527833821911596e+00
-2.097028837839532756e+00
-3.197572585924544630e-01
6.938166803451901732e-01
-9.895664406718897299e-02
3.223600036412935799e-01
4.467304467363936160e-01
9.988279807503037677e-01
2.062628521085458355e-01
-3.335738247989637473e-01
-2.596699494732397362e-01
-6.345408829349219459e-02
-4.759230932994930330e-02
7.466184116991135822e-01
-6.997119757970199361e-02
5.699815831563109780e-01
7.108547859191478580e-01
-1.144253253026302097e+00
-9.409585223312545710e-02
-1.275957542533449895e-01
6.581226498779471634e-02
-1.047229335232125802e+00
-1.058308345786424409e+00
9.420441245044128831e-01
6.583026184454447705e-02
-9.628224894241186327e-01
4.875230742781523907e-01
5.339061451752900034e-01
5.702250504787702984e-02
8.918987716070978511e-01
3.050459397637992898e-01
-3.254784723432295190e-01
-1.836347963567323827e-01
-1.560187577216423760e+00
-5.307328914627407190e-01
-4.743352548604639618e-01
2.962073913460954167e-01
-1.966957268777603796e-01
4.804806763434170125e-01
-3.118738012410395277e-01
-1.565968894215501006e+00
-7.195564921981149054e-01
-6.614219054718842861e-01
-2.733019445358762789e-02
-2.260657526516505644e+00
5.457453230537002709e-01
-1.772887389199725883e+00
-8.871237914852234119e-02
-6.043205084150153616e-02
-7.316265777255052116e-01
1.956948976641450233e-01
-4.100850236968174301e-01
-1.393085629900794764e+00
7.547836037808591803e-01
1.607202009433432277e+00
5.591057762325470776e-02
-1.179934403085015182e+00
7.151091566580016767e-01
1.982491189450549807e-01
-6.881113375374022789e-01
-3.255521166555033763e-01
-3.965375251399275713e-01
-5.191991794419736905e-01
9.283904173594290654e-01
-2.094674551740192958e-02
-7.652984913108518139e-01
1.307421491474518360e+00
3.221454715408215708e-01
-1.420714572188634062e+00
-4.619989341578170650e-02
5.626131893056476319e-01
-1.661477752876531433e+00
-1.074525400426935118e+00
-7.825879121444203612e-01
-3.787374519101667780e-01
-9.760736470041833091e-01
-1.910119106420818502e+00
-8.754895396692556897e-01
3.687579328937508061e-01
-1.959035577005894480e+00
-9.744883882197390851e-03
-2.596234016464314398e-01
1.346743534176349788e-01
1.474723683954040909e-01
7.818758237519651821e-01
-4.541671477425029968e-01
2.173016951547869002e+00
1.178204544963753930e+00
-1.667505476234110606e+00
-1.067325245106250264e+00
-6.211649211518390779e-01
-2.244892814010074344e-01
1.240137137656209365e+00
-1.787610203274019038e-01
1.012470273402692710e-02
2.866776714046906926e-01
-7.599354219596722304e-01
1.967978536625680508e-01
1.948878803196359422e-01
8.053369533499846744e-01
-1.528316123374865998e-01
9.429153896840503785e-03
6.231989053297559700e-01
-1.745849481098349920e-01
8.629895718911018143e-01
1.526947942925642454e-01
3.182511283061884910e+00
5.617118569445929133e-01
-1.279893494952271338e+00
1.379702938897100051e+00
-6.672820611405315683e-01
-2.140805478423163155e+00
3.702506353914876147e-01
-1.515267727524048258e+00
-5.779291385055362884e-01
1.246223575006060402e+00
6.226988809246459811e-01
-2.387135511216198491e-01
2.934413004239138159e-02
-7.411807972058203076e-01
-1.184124237450625783e+00
-1.877878644950759179e+00
1.048237438704153340e-01
9.589284184369317732e-02
1.183231659441702277e+00
1.810574688554107969e-01
-6.259980189886433788e-01
5.033629085089039723e-01
-6.551456904881076682e-01
1.100294291224393817e+00
-1.562540394176656466e+00
9.970771022126141692e-02
6.572811480757850822e-01
-9.941500198773365327e-01
-1.231487830159048169e+00
-2.379369745104579770e-01
8.546586290042452738e-01
-1.918345925824627429e-01
-9.285008342649322399e-01
8.429803068354903006e-01
-5.035057045108636276e-01
1.026348367881772417e+00
-1.675987107406514243e+00
-1.440460624537564627e+00
2.213555938721062599e+00
1.217773860115483719e+00
-1.704993014969429010e+00
9.082895410311899731e-01
-3.088631670161375298e-01
1.673120488261795824e+00
-1.311286736153321586e+00
-1.331362306644505278e+00
2.104905045793255436e+00
-6.296226667860788107e-01
3.368472423034910568e-01
6.788655504603056112e-01
4.231144864411054418e-01
-7.023221436668872775e-01
-1.522298461044042428e+00
7.369785851175740810e-01
1.959815244279187851e+00
-4.351092835210400023e-01
-1.495483842598440694e+00
-3.137970865747816696e-01
1.820772926197591124e+00
2.428351832995760129e-01
-2.772792649584344127e-01
8.026425345492734786e-01
5.143605606641171724e-01
-1.468635446586699922e-01
9.518206990375976950e-02
2.876998010139146869e-02
4.106960707031856450e-01
-1.057878939276528873e+00
1.709348366288871768e+00
2.704311982606347198e-01
-4.543959105249668062e-01
1.058502216565663456e+00
-4.556142613591002144e-01
6.818983483521505462e-02
8.556322774858765579e-01
-4.990302302031803805e-01
3.118460825423832739e-01
-5.818690173802647525e-01
-1.763120809903380437e-01
-8.690062006385712579e-02
-3.585510964090373731e-01
-1.168907695613299103e+00
-5.769144323115096284e-01
-3.104605390281453547e-01
1.978865958352298060e+00
-1.188543170722354159e+00
-1.582994892988519656e-02
-9.379751171592413117e-01
-1.709220002049776532e+00
-3.929171925795376108e-01
-1.621291133758806791e-01
2.790054297313875886e-01
6.612426455596434050e-01
-2.364528137970828281e-01
7.176607842834650253e-01
4.448649846358142257e-02
-2.946904581524787847e+00
-1.571497358114810838e+00
-1.168400135298976739e-01
3.146972438395905791e-01
2.055066616158042828e-02
6.499487968407069438e-01
3.047307632783647843e-02
2.173195139082218647e-02
1.722903690705497759e+00
-2.118796289738079236e-02
7.331738026759737625e-03
-1.132751568150130728e-01
-1.620340971891840898e+00
-1.376494081570694084e+00
3.468735515448497786e-01
3.834673540700142547e-01
1.196132937241699334e+00
1.637093923709798116e+00
-9.624706503016078329e-01
1.051365159794970250e+00
9.745224397914059589e-01
-1.920030025654328787e+00
-6.127145667566104015e-01
-6.903297998498721944e-01
1.248841183320660519e+00
-7.876634090347091333e-02
1.168202854950832759e-01
4.133811318769436971e-01
-5.202415543986905755e-01
5.651194697164841907e-01
-6.064499715705007343e-01
6.245745701673824923e-01
-1.056755343335828545e+00
-1.663108495675607312e-01
3.973293195847441561e-01
1.120360647287165667e+00
-9.290786065632686830e-01
2.764258708129251341e-01
1.014265925797050716e-01
-5.642910225877281194e-01
2.332617207943668891e+00
1.070119407339538142e-01
1.189001017574325747e+00
1.872516443478171366e+00
-2.169365956550084462e+00
6.431189941690061695e-02
7.451401294802945108e-01
-1.287792347607963794e+00
-8.996082510412926059e-01
-7.353378804910469801e-01
6.546892950113107901e-01
-2.206581652402132221e+00
3.059768574085403259e+00
-9.184324474664018467e-01
1.232735400787566160e+00
1.348356722541668828e+00
9.915828778283261036e-01
-1.896677647256654442e+00
-1.132367563867285043e-01
-3.337951800005753422e-01
4.229270837423477758e-01
4.441778384538988544e-01
8.745851736804329812e-01
1.708801789333072696e+00
4.976075889312354117e-01
-1.256860872946207186e+00
-2.329539887893908312e-01
-2.732418383422719477e-01
-7.259771012232747456e-01
-9.071353653210775247e-01
-4.605276792770860994e-01
2.240535089500332866e-01
8.687740528305731846e-02
9.176856968604776288e-01
1.172197001476031480e-01
8.458633436038336395e-01
1.129356187440633041e+00
-2.470787241638000009e-01
1.559437816812837274e-01
1.927845779959695971e+00
-1.466169636880688687e+00
5.017539347899075963e-01
-1.002191279684970571e+00
1.259152618922570355e+00
-1.011247231626957399e+00
1.007828664655068485e+00
8.697936545787867679e-01
-1.486386801328477780e+00
-1.238100496746442625e+00
5.367800851205200008e-01
-1.105975154576352537e+00
-1.490013070431854603e+00
1.252908608997342244e+00
-3.615567809009528899e-01
-1.876372187818392101e+00
2.040851974902157806e-01
-1.042037083919894469e+00
-8.244123559476468355e-02
-1.412184506437506482e+00
8.113057545111329594e-01
1.013263430675419130e+00
-1.335862573927598884e+00
-3.018349419865188898e-01
1.359451394678847347e+00
6.549947053851272738e-01
-2.038606888279395513e+00
-1.127980942583427071e+00
9.966789240808841821e-02
-1.308679443946119680e-01
-1.203418364457056855e+00
4.429796348511382265e-01
1.667663858432236301e+00
-8.718470207036137509e-01
-2.349866390267783822e-01
-1.704514667399973926e-01
-7.175292704429900859e-01
6.171277828467038873e-01
-1.452723079759123737e+00
5.767060901784052535e-02
1.512167517449840348e+00
3.046278975992538496e-01
-6.068065736817936616e-03
7.778959942506249448e-01
1.157631942593873697e+00
-5.118891607417994649e-01
2.415071492207883919e-01
-7.409447113941559637e-01
-2.075693185256072493e+00
-6.119971010440742321e-01
3.397521489364107028e-01
1.334702269771127492e+00
-1.363546169976785460e+00
3.041096897447434610e+00
5.867562352467662334e-01
2.080787361808033697e+00
2.700100935755309420e-02
6.105650163221840732e-01
-1.994975375934597839e-01
-1.763300695066781998e+00
6.467485470244880297e-01
1.130215869222323422e+00
-2.635253105047105637e-01
1.441800759967780399e-01
2.601478052658838802e-01
2.045630082036987984e-01
-1.454015093164665595e-01
1.781284940787801752e+00
-4.053384573035375693e-01
1.170819976055759160e+00
-6.620107935099699414e-01
-7.008995734296583624e-01
5.361428442433417985e-01
9.964968102841370579e-01
5.840374883860238037e-02
1.712376474824796713e+00
-6.368404566826889324e-02
5.656721220875595701e-01
1.690386706598846267e+00
-2.751742607943389873e-01
9.219943430598724898e-01
8.934621424960312863e-01
1.589584767714325109e+00
1.652215135849522953e-01
6.364292707694225726e-01
-9.889119771488950883e-02
8.306705635206126370e-01
1.055643447310659511e+00
2.836360214962064252e-01
-1.181889044211273249e-01
-1.667795540138275134e+00
1.558386752205052961e+00
1.908985132485420566e+00
-4.851551594414855173e-01
-1.679473556779485510e-01
-7.110478143772781812e-02
-5.788293467902100309e-01
-1.161890970479290131e+00
1.353969276655353215e-01
7.136232740830612542e-01
-7.448483762237990691e-01
-6.629202958736100113e-04
1.812394777244426269e-02
-4.738001061087000476e-01
1.491640001277748651e+00
-7.871047307091196821e-01
2.721951385969815229e-01
3.420088925677935432e-01
-2.206994750533533001e+00
1.447016005409020645e+00
1.215387904582324818e+00
-5.703957135003989709e-01
6.684494527706902334e-01
-2.144258973037222127e+00
7.485572100895701748e-03
-1.058773041161022777e+00
-5.329885894447887740e-01
-6.828899405795822997e-01
-1.204242111930634129e+00
5.545495414733518924e-01
-1.616391485747769252e+00
1.507045761747761725e+00
-7.583520199346395485e-02
-2.313104660826402759e-01
-1.312968410351544324e-01
1.902040273627572387e-01
1.201827746690974585e+00
3.782899340988323811e-01
6.750015525447811138e-01
-1.023821966057876898e+00
4.921493664638514898e-01
-3.963842548622352746e-01
2.175265106741969046e+00
-8.265635285787698017e-01
2.038932138323528598e+00
5.384932438271414767e-01
2.369139712439257694e-01
-9.753219564847129611e-03
-1.155912956705054784e+00
-3.138607552821546798e-01
-1.494638617018814175e+00
3.994092579302228607e-01
6.688417543194443704e-01
5.648355866289067606e-01
-6.641370643116188965e-01
-2.683943729089646735e-01
-1.285946502671541980e+00
-3.760063473249972144e-01
1.428176882782587365e+00
-2.097587448726316861e+00
4.872072481135523159e-01
6.673649637229903675e-01
1.337956836041634734e+00
4.518549188469037081e-01
2.555283518431966661e-02
-7.573786422882370500e-03
8.146370221352698948e-01
-1.273862684248268984e+00
3.296982388142617043e-02
-5.535898354646189012e-02
-4.654251821779791798e-01
1.769521505405201145e+00
-2.057160308230229440e+00
2.111180882014947358e+00
-3.493055492150681784e-02
1.136791766419220862e+00
-1.569171471686845676e+00
-1.375520797329394362e+00
-4.841411719318632345e-01
9.579042328003741780e-01
4.756768201386909339e-02
3.747761155145247769e-01
1.460451418258611467e-01
-1.453379921032411648e+00
-6.228960996650767523e-01
-9.622453774631301027e-02
4.989266934036301615e-02
1.579280928659403116e-01
-7.248264551301393521e-02
-1.181731918418047755e-01
8.657914467103352552e-01
2.070153866144437416e+00
3.387707076719568833e-01
-9.612089937971408649e-01
6.195862085424894694e-01
5.560823092583508896e-03
-6.622124250052738859e-01
-1.703538147172255490e+00
1.562759569935841253e-01
5.072942235714619219e-01
2.875416485306444558e-01
4.780363030096776433e-02
-9.513997026761904507e-01
1.366716004847936095e+00
1.046196072786835130e+00
2.469915922800010322e-01
-6.184955856975959954e-01
-8.127786878486307209e-01
-5.771469232962838092e-01
5.940889597736488392e-01
-3.173275340031456726e-01
2.989610899942530819e-01
1.181818895339372677e+00
2.392179309836285628e-01
1.807411134277701725e+00
2.908933357202412306e-01
2.783684495533316205e-01
4.428637196074450832e-01
7.928068777173488679e-02
-1.434224823602753274e+00
1.254964277615972845e+00
7.675023468380588465e-01
-1.284042521865523256e-01
-4.864248851956013420e-01
-1.691220315011351394e+00
-1.246524597617168162e+00
-6.227418224167634575e-01
-1.044749115547392859e-01
-1.982450453817850455e+00
7.020515458207874371e-01
-1.227227311923931641e+00
1.089211224608966910e+00
1.435427523989123433e+00
-8.214822726306871825e-01
4.694911271026293575e-01
1.304907233156694102e-01
-1.211655467735734737e+00
-6.282892606609978836e-01
1.589050602533867984e+00
-5.196574403613556381e-01
-2.077380496321017955e-01
-5.863952139345324222e-01
-7.356691871690015927e-02
-3.429570281168307644e-01
1.767388196253725507e-01
-8.005672590374386388e-01
1.699970742560656500e+00
3.400959098147918191e-01
9.518316633711229047e-01
-1.348148536821806243e+00
-1.793391969452537704e-01
6.336417481440947963e-01
-6.634593934404746651e-01
-1.030538337868321719e+00
9.360413700093919154e-01
-3.708655080232001744e-01
-9.940593946346552023e-01
-1.251738987298797179e+00
2.769665074466587124e-03
1.470533409942490932e+00
-1.148793482775592567e+00
-1.611152280621509503e-01
-3.665030762676068643e-01
8.718819012855318906e-01
2.161876807883500173e-01
-2.332566603106358827e-01
3.527669324906577142e-01
1.216940392970845775e+00
-1.986429773551559863e-01
-1.366931351082506518e+00
-1.359554472253624580e-01
5.978253737244967336e-01
1.113532145663125972e+00
-1.417959596874041717e+00
-1.079553406517028830e-01
8.769755212745800055e-01
2.574238738343653798e-01
1.054484743775883360e-01
-3.009543659298167251e-01
-8.396699300239539587e-01
1.020243643488654595e+00
1.268403588397443160e+00
-1.988685788851996872e+00
1.325134392173558766e-02
7.139510243082469731e-01
-1.321902190686816914e+00
-1.686203037159899054e-01
-1.702944304468436920e+00
-6.181279842084009823e-01
3.911908200772966637e-01
-5.225268000297708104e-01
6.441865718753431169e-01
1.487269595224967267e+00
6.390908448241425788e-01
-4.193514945880688072e-01
-1.797113951734762571e-01
-1.433801524400888372e-01
-5.951272924050247104e-01
-3.566384111595223283e-01
-4.621935903273078905e-01
-1.224935646588149574e+00
-1.581927703192955725e+00
1.338426982667513032e+00
2.273021786914689313e-01
-2.116840206503680932e-01
-8.543026713754812984e-02
1.107978921502727199e-01
3.440799891939589350e-01
1.636369775125272596e+00
-3.815847935279270686e-01
9.089435767459627113e-01
-4.300093535107014087e-01
1.128412883787435650e+00
1.617050378197658622e-01
1.625506736446719613e-01
4.497796974776770984e-01
6.279732890014096958e-01
-6.464021683977279054e-01
8.684070520643174529e-01
5.957343420640024423e-01
-8.953103040277693436e-01
3.952800404927399591e-01
-2.220379491781956371e+00
1.346297965480063308e+00
1.885194193745379332e+00
4.532232026691525029e-01
-1.619913981680569215e+00
1.364049212685591650e+00
-8.734082669627736273e-01
6.318019479240563063e-01
1.754142856782834117e-02
-1.803846427150678985e-02
2.537054637627506271e+00
-1.375785722896901708e+00
1.509960308114421723e+00
5.235900660454442246e-01
-4.217676785528938210e-01
1.774585181332422046e+00
6.550455133591096546e-01
-4.163394925883249775e-01
1.586547878072651074e-01
-2.242631394210860218e+00
8.781246943999609922e-01
4.015278377915129093e-01
2.090943335487485955e-01
-2.422110541035273068e-01
5.064663202396818553e-01
-4.989730813459088421e-01
-2.877638039207728107e-02
-1.285624749877811057e+00
1.640955109123193978e+00
6.883888574362682089e-01
8.692528284845443265e-01
-3.827431900733731518e-01
-1.480700454319554771e+00
-5.847287409025874183e-01
1.363700574568623480e+00
9.594581812740680116e-01
-1.057409386177502242e+00
-3.688451145208445081e-01
6.599338830644693177e-01
-1.675356636229704099e+00
4.664065580628618535e-01
7.584079754359261960e-01
-1.543032094953672440e-01
1.254295950735874854e+00
1.042116856260508762e+00
4.792169033819272672e-03
1.358413036517214900e+00
1.161167435772874956e+00
3.907579945619060191e-01
5.761911728651785136e-01
7.798103845449408933e-01
-3.840589599710406699e-01
-7.465003355178407851e-01
-2.514144701242685964e-01
-1.081095616270679516e+00
-7.621240315128184895e-01
7.680263361905641517e-01
-1.255880755055941433e+00
3.123423438837936161e-01
5.860237312360512263e-01
3.419507268657848847e-02
9.168673549829904346e-01
-2.516066391004518454e+00
-4.682703268221898862e-01
1.261145619038297472e+00
3.882736657732600571e-01
3.072561181974817757e-01
2.065229088074108876e+00
-1.658323799635878393e+00
6.950274499827764629e-02
6.707663056501015353e-01
4.560432800005713438e-02
1.092426239255851028e+00
-1.166772961001988074e-01
-9.853207359493403317e-01
1.057116929000720296e+00
5.155518653323272193e-01
6.117170377414650195e-01
5.466036972149831419e-01
-2.764388371815821865e-01
-1.580435284991496436e+00
-5.631509735172023356e-01
-5.049506294829257946e-01
-1.241998136186239110e+00
-1.014131798272180085e-01
4.151698926848137461e-01
2.989050107671528678e-01
-7.173632277588639639e-01
-1.806848498400953074e-01
-7.297209246667289984e-01
3.789331988620303626e-02
1.031237573840149135e+00
2.318866909695399825e-01
1.808574070951511903e+00
2.196056457991693023e-01
2.597655625742850694e-01
-7.220516407696615513e-01
-2.109463341835115524e-01
4.152492462950467256e-01
-1.557319645009362097e-01
-2.176883656556166113e-01
-1.316566331721862104e+00
-1.286249703751195961e+00
1.913086040007661026e+00
-1.238166344868662838e+00
-8.960193922774730702e-01
-2.647675531112099120e-02
8.437780527806215680e-01
1.485137771260539247e-03
1.987842631610724053e+00
9.651203236337669855e-01
-2.557810624310332126e-01
-2.969383909549592637e+00
-5.958323589399905362e-01
1.439150087023742364e+00
7.518262381149799171e-04
-9.120281920659313313e-01
7.477962808220005135e-03
-5.369222129781833219e-01
-1.270135308251564954e+00
-7.784665800831327420e-01
3.462275572922093869e-01
-2.470494095487527075e-01
5.420736099212162262e-01
-1.234151611036068130e-01
2.889566152703619828e-01
-4.790549208957204375e-01
-6.649902140368800785e-01
7.166313391334316885e-01
3.980456426721951102e-01
1.034688628288329193e+00
3.429627803194835178e-01
4.841494862272797683e-01
-1.751117525660366436e-01
2.322573096390491421e-01
1.180855241775206510e+00
-1.229598037182187742e+00
-1.273151389625409413e+00
-8.820597807814223312e-01
7.840393824207377849e-01
1.233921348936168477e-02
1.832640074949921649e+00
1.272451086169081591e-01
-7.922594090071902739e-01
1.160406672039735909e+00
4.155715070180722170e-01
4.408931828859607993e-01
9.004324217784358542e-01
-8.861167333250073996e-01
4.021608764734295183e-01
-2.178857294080563278e+00
1.158925306560145918e+00
9.842249431324084918e-01
4.427886000639370545e-01
-7.414306948762693361e-01
-1.494336779460797571e+00
-7.910506139441233486e-01
1.366094216760286972e+00
-3.363967733670089721e+00
6.656917762193287347e-02
3.903280247549468229e-01
7.304722598176863757e-01
1.217194089292902071e+00
-1.154607898132321786e+00
1.676549260405703068e-01
9.912303925437596641e-01
-5.354503840091524580e-01
-3.214207801908223194e-01
-1.126635167563607487e+00
1.367183811881974576e+00
2.420774048687640290e-01
-1.217000261352426893e+00
2.277729465702096057e-01
1.450191889559792724e+00
7.205573341759607953e-01
1.213966011682611867e+00
8.884110869457110260e-01
4.872839314529630039e-01
9.256972379563919162e-01
-9.815780204108991158e-02
-7.576852884393684429e-01
4.709320616249541847e-02
-7.921618358522782843e-01
-2.577539312691113152e-02
9.346794046193277472e-01
-1.390306469832175151e-01
-1.226836679839811567e-01
-6.730813391707616278e-01
3.948125894926843849e-01
1.613680094582943259e-01
-2.256143742912502803e-01
2.511207036678847482e-01
-1.463397841941889599e+00
-1.132019629807522465e+00
9.722652504629316628e-01
-2.295932959418191810e-01
3.365676486082314622e-01
1.468690858239948049e+00
7.212759351028470434e-01
-1.256154142416672670e+00
5.735096121979635919e-01
-1.317447707633999210e+00
1.217145887677396843e+00
-7.682688068534336209e-03
2.289457942743314156e+00
1.063275160897466654e-01
-1.189239179408879910e+00
1.333423444729924467e+00
1.209888918263007040e+00
-1.762987143051941985e-01
3.748011210100819779e-02
-8.060629646584283048e-01
-3.861735721822766032e-01
-9.923223962875348247e-01
-3.717472971163295337e-01
-1.220011209183668593e-01
9.812213332879967664e-01
1.831238207370964099e+00
-5.293402960834272392e-03
3.669477873829738446e-01
1.178488376149815942e+00
6.696283784348732171e-01
-1.372880309689157308e+00
-1.412079411984497712e+00
1.282944779688813375e+00
1.055554557880463040e+00
8.633657963310423789e-01
9.128950048738435075e-02
-2.621016403951745843e+00
2.883921386241325546e+00
-2.510329770394888804e+00
1.729695475532530446e+00
7.402915546921563505e-01
-1.273444356842459158e+00
1.262826039509759857e-01
1.781914451586111836e+00
5.360523864205676281e-01
7.192498462078786847e-01
2.202835868631849436e-01
-2.062766316572058403e-02
1.622457797546594360e+00
1.661970518272519737e+00
-1.034539381888674336e+00
-4.446872651385770370e-01
-4.696343020268220481e-01
1.297496887897738649e+00
7.357340245325103556e-01
6.042957307464642547e-01
-1.392635004429054080e+00
-6.168171106388452563e-01
7.021902404886802840e-01
-1.292915332148703023e-02
-7.942918974749346717e-01
-1.363544125832607534e-01
-4.133579675531868364e-02
4.779016854902320421e-01
3.487816330029820944e-01
1.666013444401006627e-01
-1.583031877798995457e-01
6.186892398280374739e-01
-3.830097177848804102e-01
5.014240047802156486e-01
5.735725850258808212e-01
-1.275114025332781988e-02
-1.018914798178862879e+00
-1.960484705198008548e+00
5.844468874664576763e-01
5.276097669447176175e-01
-1.693841101653792425e-01
-1.769370634820026877e+00
-2.028641722426440364e+00
-2.341982469389472798e-01
3.422076464858697098e-01
5.540665562187248039e-01
1.593930290137714367e+00
6.244043245081497551e-01
1.335967292752980651e+00
-2.314122792085889557e+00
-6.935457746708333371e-01
-9.857617390810832769e-02
3.290115477790508391e-01
9.405617707452683662e-01
1.528628850294782016e+00
-4.324562057895054434e-01
-9.778368556368118025e-02
1.182093938296850721e+00
4.319297951890585519e-01
3.626451290008278483e-01
-3.025074630436009882e-01
1.330210192945367575e+00
3.857068844837422961e-01
3.909847232769854131e-01
1.155456233458986848e-01
1.194209955182948146e+00
1.134707157666649646e+00
6.096710869568209290e-01
-2.256259109858669426e-02
-1.045300007354496463e+00
8.326250024126731208e-01
-1.963176612142486288e+00
4.982965529761617662e-01
-2.099152023402872214e+00
2.569344747312243826e-01
-6.519296112125880782e-01
4.773587194269056644e-01
9.475718460360679218e-01
2.146396915324385812e+00
-5.567139211103393041e-03
-3.337219929405656593e+00
1.272184370627545524e+00
8.707257673612234239e-01
-3.441415328536032853e-02
2.122349676769531013e-01
-3.742919291287815642e-01
1.839297212364644274e+00
1.308346148789505614e+00
-7.881125530610553209e-01
8.374559674862562808e-01
1.832163803609330455e-01
-1.132701485113491779e+00
1.888335492606943722e-01
-1.535880992354962116e+00
9.429861468862076324e-01
-1.421797503442429056e-02
-7.557323051796195346e-01
1.499820307442344125e-01
-2.950648028131462874e-01
1.019311728463065725e+00
3.987932050224203828e-01
4.428146392230656314e-01
5.546403028631801124e-01
-1.670667507138777985e+00
-4.406236493569067048e-02
9.161356417307596756e-01
-2.991190881638922106e-01
-1.264718523383187465e+00
-3.265044968947114490e-01
1.244275275011799353e+00
-2.082228466679403034e-01
-4.742444824716051666e-01
1.924856906831632353e+00
1.466597716990353240e+00
-1.893171169741709958e+00
-1.424511928405451378e-01
1.730890232376447235e+00
2.129693914705397539e-01
1.009483933309908377e+00
-1.081154826631878674e+00
-8.305746753571465746e-01
-1.203266156400264686e+00
-1.405069264446220378e+00
1.057606908261062406e+00
7.010605064262986907e-01
2.046913988554585340e-01
-3.654747125806774855e-01
1.858410141540980609e+00
-5.103370283494742532e-01
-1.020414155018634528e+00
1.503114821386739297e-01
4.555734308449918557e-01
1.402187293362704867e+00
-5.164249169682582075e-01
-9.295714992062543980e-02
1.354340236063286573e+00
-6.512226618480381202e-01
-3.723968054274576223e-01
2.260026868290736235e-01
-2.013804735948651614e-01
5.931803647926182643e-01
-2.699494662275497836e-01
1.757947214948523129e+00
2.410337659329492066e+00
8.118723527940223672e-01
-1.019429400505206473e+00
-9.058836998632182613e-01
-1.975432573670912184e+00
-1.307349038181415679e+00
-5.402912049456741750e-01
-9.743430992979610350e-01
-9.298473222149441497e-01
-5.977167171647630450e-01
3.114159698417454103e-01
-6.014092022731705178e-01
-1.647646102675194069e+00
1.204125413338953843e+00
1.070435578239855801e+00
2.055924836481807794e-01
-1.173114698102938558e+00
1.389241407486694113e+00
-6.944244678896038803e-01
-1.017941805999031946e+00
2.941017692375050840e-01
2.434253551392812315e-04
1.531856754219855343e+00
1.338541666968550148e+00
-1.125683317860221244e+00
1.132226602162822227e+00
1.665485142055815881e+00
2.282849041686871860e+00
-6.674766312667027579e-01
5.858418619469586419e-01
8.201471499974689883e-02
3.391785094898815411e-01
9.839254225165222634e-01
-7.847873792713306457e-03
-9.582770367904166475e-01
-7.010524539761239238e-01
-6.467154797116355658e-01
-2.464079465663120139e-01
-7.937541438702283569e-01
-1.777831805631799655e+00
4.868534143949931337e-01
-1.222525245931771920e+00
-1.301482099563025185e+00
9.182169623388305446e-01
5.698120270299323886e-01
2.615082196898704137e+00
-6.685029416318828410e-01
1.246817083986028862e+00
-5.134695459272040630e-01
-5.396803172474760046e-01
9.851392405054810730e-01
1.173363845999740418e+00
1.260306052261839671e+00
4.002390757444173053e-01
2.677320325268945922e-01
-8.147091679274448550e-01
-6.494641370323970264e-01
7.926716094423170711e-01
-9.289448455932745041e-01
-5.404733435964629296e-01
1.993141618492040745e+00
-2.270877610491178755e-01
-9.013148286366703399e-01
-9.669079377994027613e-01
1.365114676364746371e+00
-2.902480964985322487e+00
-8.567079906970664904e-01
-1.613905931165722007e+00
1.315137267979367697e-01
-1.184863398983079019e+00
4.979396424204824978e-01
3.386553208741359011e+00
-1.386049643496595485e-01
-1.440663676417485828e+00
-2.202016899226602042e+00
5.154075608635385608e-01
1.098940727389709160e+00
5.290474684087911883e-02
1.122136853383578714e+00
1.006805957268018581e+00
4.988206399858749474e-01
1.126617284941274111e+00
1.750954904222448982e-01
2.017647566666057324e-01
-6.147877777974249947e-01
1.674423808169705152e+00
2.344245305769510623e-01
-8.333761537572044187e-01
1.194260106764434504e+00
6.041554768513138773e-01
-6.438895027024852391e-01
2.717649330647380346e+00
-2.533712650879864636e-01
1.155068273052425987e+00
-2.086232222164770889e+00
7.297217143599254996e-01
-1.552472851748865901e-01
-8.835518020648719384e-01
5.943883684906046128e-01
-3.854178252108119151e-01
4.932493780406361772e-01
-3.217739040102055581e-01
-1.273681928797086860e+00
-3.809986581397395433e-01
1.272013820358294467e+00
-5.325618776404840160e-01
8.466282567539337167e-01
6.097720171087894769e-01
-1.021791998235235949e-01
1.102228135586274638e+00
-5.228787141986714904e-01
-1.308218243152146520e+00
-4.876995554129590071e-01
3.668569715144383570e-01
2.455901827233952783e+00
-1.519221504990837746e+00
-1.637165298570683325e-01
1.014306056801751232e+00
9.289406412148079051e-01
-3.058735979415498352e-01
-6.613945110744334777e-01
1.311797671914891383e+00
-1.017168622591985816e+00
1.759862857895543586e-01
2.260409445389967853e-01
-1.235981216352514345e+00
1.744177848851461654e+00
-8.483522674783362527e-01
5.900670672679469986e-01
1.214914913266889496e+00
5.938225658189801859e-01
-9.491013700356001337e-01
-1.004072226351767835e-02
-1.426025227607251589e+00
6.785249204999818096e-01
1.928981177668279146e-01
2.034131891523618119e-01
-1.690114846590460962e+00
4.277114594252596769e-01
3.504297575621628802e-01
-2.247849931935331502e-01
8.617706828513496120e-01
1.658559409590213418e+00
9.858020467507481177e-01
1.034477978622996064e+00
1.800529271804869769e+00
-1.994779020232087530e-02
-9.018628017835735866e-01
-2.208165224414507577e+00
-4.744595186450225599e-01
1.634223503714451242e+00
-1.274495013109481878e+00
8.420847814198081371e-01
-6.024883778627651010e-01
2.148380791672150902e-01
1.282097178009700800e+00
5.580891361423230279e-01
-4.752995901179255522e-01
-1.882674752401918006e-01
-1.479564040602989961e+00
1.812174181920098506e-02
-6.584683015760044444e-01
-1.065474839240589944e+00
1.463092671830537705e+00
-1.482368575144693779e+00
9.519737223711237650e-01
-1.051250061264792146e+00
1.576397776327104649e+00
-3.550764471844905512e-01
-5.247838609751087624e-01
-1.315965867029760705e+00
2.396881006566303485e-01
4.601569263078585381e-01
-1.921990095433086243e-01
-1.575317677061992772e+00
1.412969161763615034e-01
-7.634755077411895519e-01
7.275249308744383692e-01
-2.356337899291474913e-01
3.141775470342144105e-01
6.605462386809839437e-01
-2.896260176531758289e-03
2.662342061435717944e-01
1.128461298906582977e+00
1.424081790430835603e+00
-1.332318753601810624e+00
3.236940832054206463e-01
2.195281458705362621e-01
-1.467273006619140396e+00
4.219418174436392333e-01
2.518816846323805869e+00
-6.299292136519640817e-02
-3.105777802343174243e-01
-3.824918287124949301e-01
-4.593486490900119401e-01
1.519399293635917303e+00
-1.123762703752252845e+00
1.549470335683036604e+00
1.539485771497954403e+00
-7.831773558443518024e-02
6.447018178955443712e-01
-8.171000488282984531e-01
5.435420378880089221e-01
1.218177726373729008e+00
1.083183300942744287e+00
4.900010320635486138e-01
6.382536235810882808e-01
8.054928146854507531e-01
2.369821904641000176e-01
1.143794260171301147e+00
-1.352594269376568570e-01
4.994647751530462698e-01
1.234697262485311420e+00
-1.704184310509619049e+00
-2.916196544932672108e-01
-1.614859496832951491e+00
-2.789429560710302569e-01
1.877548467570530066e+00
1.648235546381191963e+00
7.239910170285598356e-01
6.729545487090438094e-01
1.810355192580668016e+00
6.970522484876060521e-01
-1.460293681655269404e+00
1.394179377888900451e+00
4.828598249447487167e-01
-1.323808129997734673e+00
9.207161407278563470e-02
-6.317621735807276151e-01
-2.260205725218487949e+00
-8.952163224503578709e-01
1.022291673080061081e+00
-2.321985954100091731e-01
-1.200872249995415864e+00
-3.516641727685767549e-01
-1.956358043868575702e+00
6.504375071851858925e-01
-1.626351416247712456e-01
-3.899341967088203464e-01
-9.729685826159075734e-01
1.174911936423733039e+00
9.668083501033891691e-01
-4.350721286656327597e-02
-1.899150873857618216e-01
-9.501414122429611975e-02
1.375674227628475021e+00
7.485519048660410624e-01
-3.681364867418048803e-01
-9.674574567386250434e-01
-5.162849035740872672e-02
1.050844647805020182e+00
-3.444461249147446891e-01
6.903725300630216832e-01
-1.317145043418081807e+00
7.966872866178610346e-01
-2.130224595943347232e+00
1.082633141474050653e+00
-8.292393371297984705e-01
-8.317386209724571267e-02
-7.115638686604949248e-01
-1.322503247590796516e+00
1.222411450585106696e+00
-3.654423434344232779e-01
8.739594055459437572e-02
1.088250096191338834e-01
1.046969655171160252e+00
1.277075911137533604e+00
-6.099644919664217735e-01
-8.571843272696307858e-01
-3.652066117863041472e-01
4.741302603475732180e-01
-1.261299853213446065e+00
6.753135229956214181e-01
1.817101458091721966e+00
-2.552733383325602179e-01
4.949600084573967940e-01
5.517603828698258717e-01
-5.865939502993047228e-01
3.226634558332463348e-02
-1.336191749525284411e+00
-2.483729797764298919e+00
7.811129681515859291e-01
-1.030069813758354824e+00
-5.741811795772175930e-01
-4.718068051430752280e-02
-4.818249484328589460e-01
8.595901221342733267e-01
6.665930711082160842e-01
1.365713575270552260e+00
5.077497651806750500e-01
-2.747795445404229708e-01
-1.350308984950583158e+00
9.774003248437386840e-03
7.197859610065250324e-01
-2.781749489588902780e+00
7.268096776931466385e-01
-1.090551533996718669e+00
6.519576569807979949e-01
1.030416426691765919e+00
1.392745669843519218e+00
7.078219644585709291e-01
-5.166086705756609554e-01
2.609766829900163065e-01
-1.122197859305890555e+00
-2.198668413348605188e+00
-1.161793879871195534e+00
2.692573198870577139e-02
-1.247738080835318231e+00
7.179837042611616482e-01
1.197133525957327471e+00
5.413543936819603664e-01
6.900180061412140020e-01
1.253906873394418753e+00
-8.475479162847227022e-01
-1.500091416419409296e-01
1.147701056134008635e+00
5.792785530663862037e-01
-2.977502003867972258e-01
-1.305429188692170284e+00
-5.822366290309866077e-01
-8.208934563816093766e-01
-3.942762550486456630e-01
-1.578543734996887826e+00
5.353371936944726350e-01
-9.209477521361032482e-01
1.774525710752514529e+00
-8.493660224980494888e-01
1.406143944437753257e+00
-6.284891760806330385e-01
6.117240720252329345e-01
-1.806559087957593013e+00
1.072415842505716643e+00
-8.702279221707005519e-01
-1.106022714365624410e-01
-4.118121883912385650e-01
-2.407841136912513835e-01
-1.409049090515017422e-01
-5.560943883272856381e-01
-1.598718643974066378e+00
7.859125905045104554e-01
-7.103629306093065532e-01
5.286492785734521194e-01
2.016732038203824739e+00
-2.347009408173599820e-01
3.963308528640862027e-01
-1.351231740292593853e-01
-4.049953952359456322e-01
-2.610017686700548456e+00
2.896629084885153360e-01
-9.581667590634986853e-01
4.952535632212787808e-01
7.090465494489880394e-01
-1.081995270270794229e+00
2.209771122543108479e+00
1.404981456863211964e+00
1.171324497527062913e+00
6.079201570963207457e-01
-9.441222280342975726e-02
1.494091110954441692e+00
-1.232350399796119600e+00
6.297382066670987877e-01
5.927002409612764922e-01
7.035757707629591851e-01
4.456552695128934705e-01
6.189385259415065565e-01
1.087911191436925717e+00
-2.858730515343492762e+00
-5.130256648940854092e-01
5.569611988588624163e-01
1.910097219069194940e+00
9.229323687428199197e-01
1.012221503436824932e+00
5.121829821253550685e-01
9.145966413029242847e-01
1.300717349516620880e+00
9.175296551466816108e-02
-2.085640497327083398e-01
-1.259005916256699775e+00
2.518044553306765243e-01
-9.876667002633082726e-01
-2.456481194923511580e-01
6.042524657370487717e-02
-5.751533586812552779e-01
-3.122528803324991498e-01
-3.026444403868464583e-01
6.835899830398484145e-01
2.183395667469893997e-01
4.896648507876041334e-01
-4.699517556021626935e-02
1.032256213746892692e+00
1.384348752627674095e+00
5.210175136995562895e-01
2.281996168642982381e-01
2.541754630795261538e-01
5.786448715657837027e-01
6.650404333211566987e-01
8.138317380218212937e-01
-2.081106950634248776e+00
9.422889994026337757e-01
-8.952591865809288452e-01
6.014256439234175744e-01
-5.540977270452520642e-01
-9.284660088754072005e-01
1.679729610846195431e+00
9.499752548759802240e-01
1.590372388624851085e-01
2.177013643373066021e+00
5.078295319484866371e-02
7.568643146883734518e-01
-2.945858554623637660e-01
-6.104001717852608477e-01
-2.675044093061098582e-01
-8.606089081487974246e-01
1.428258486910150227e+00
6.114929642189617098e-01
1.449381199028084155e-01
4.336088378562680812e-01
-4.815442594927265424e-02
1.957707901496857250e+00
-1.407210847670167464e+00
1.329888667031069449e+00
-1.659989780230712642e+00
1.418929846875886802e-01
-4.321708949942912881e-01
1.125878752989665665e+00
-2.017037303994701769e-01
-9.299257988570879263e-01
1.753766750746165837e+00
5.103814984433918678e-01
2.507875574326475787e-01
2.868930681039628672e-01
8.999916961944356419e-01
5.100513980011752713e-01
-1.141343148659911960e-01
1.294273592541720364e-01
-1.877568512946548474e+00
-4.301179014455145944e-01
2.690221125365013788e-01
3.326650190357238746e-01
1.091072729060531404e-01
5.354053406533567649e-01
-1.418033336874961747e-01
1.285010798939649757e+00
-1.581846131217254925e+00
-6.969652603830291948e-01
2.521983777377833302e+00
4.651802561532180080e-01
1.495569288547897502e+00
-1.015452946799719897e-01
4.131872553592042668e-02
-2.750646615987765720e-01
5.846304306571151743e-01
7.577574157479841088e-02
1.770970554831316157e+00
-1.864151305773005807e-01
1.377690857292298787e+00
-5.922830948429693571e-02
-4.939160278021166306e-01
4.770893550962230223e-01
3.473577754025281711e-02
1.334267219641356972e+00
1.273764811734864777e+00
1.113952427089760222e-01
-6.448253762502372810e-01
-1.112544113390035783e+00
1.153890647117847390e+00
4.405197666947450741e-01
7.930164655467886181e-02
-7.921586163367676514e-01
5.985613781688657875e-01
-4.015915922518763503e-01
7.901993368181066124e-01
-1.017691681745044319e+00
-1.013917808250351937e+00
-1.060478144396912681e+00
-8.783270709513806285e-01
5.782544224884538231e-01
-2.130725731770734821e-01
-1.998921394692884324e+00
-1.076231713483053465e+00
7.993736190925658791e-01
-1.177982719815341417e+00
-1.027602874655231702e+00
-1.344098015618723219e+00
-4.226532697329407062e-01
1.360080648109841084e+00
8.456900293173914840e-02
1.677681540520325587e+00
9.213902499770526555e-02
-2.428596247628257709e-01
-1.145137501994731188e+00
-5.407615595947771192e-01
8.702583860016892547e-01
-1.945848018714765315e-01
5.548962052089911889e-01
2.190007979831322116e-01
1.317107771924790338e+00
2.351316090843700746e+00
-5.319640068587330184e-01
7.718659138521202778e-02
-1.458104386670217578e-01
-5.668657679347494094e-01
6.083521865762880898e-01
6.398780959511418849e-03
-4.833330487574387657e-01
-2.144276373445088979e-01
-1.827302327340349475e+00
-1.631422859432805739e+00
5.261591217701214740e-01
5.317889010088153734e-01
4.552716860701543911e-01
6.178138232070557595e-02
-2.749856334730547136e+00
-9.947971565048260301e-01
-3.873850772576100665e-01
-5.784346815153715848e-01
-8.854731687759614944e-01
5.130036348297016824e-01
-2.685239581712751678e-01
-7.634142903244351963e-01
4.461805077824336219e-01
1.423626120443976517e-01
-1.094151878811593370e+00
-1.817295642889161567e+00
1.166744756990129028e+00
-3.394083730782029851e-01
-1.080321721349696062e+00
-1.541109925941513970e+00
1.129067426424335219e+00
-2.650483293958474373e-01
6.297585303590719219e-01
-1.267173607379594280e+00
-9.781440646112629089e-01
-7.346288337496770238e-01
1.836704453436750262e+00
-1.873628985710568962e-01
5.141363385464261526e-01
-1.743622818942631436e-01
4.275721516222526497e-01
-1.334303909751154704e-01
-1.347890524344799612e+00
-1.963508312316705418e+00
-5.790196956750554014e-01
8.379549289562111536e-01
-1.123441432086349057e+00
-1.455222479456996343e+00
-1.219703375690661673e-01
6.628735079629338722e-01
4.027219583971544670e-01
9.064784931122286116e-01
4.933385768104278646e-01
-2.538853929973122980e+00
-7.833761509646366972e-02
7.983736253571408481e-01
1.023192530742826623e-01
-4.364380603335406561e-01
-5.894502120863005512e-01
-4.059930774605607362e-01
-1.018978335968067639e-01
-1.635003874308594396e+00
6.020943057642359486e-01
1.329358435292898655e+00
-1.506140336645395594e+00
-4.088507754721718013e-01
1.520342126413299078e-01
2.224928111278845211e-01
-9.204071007121893411e-01
7.358385436696142090e-01
-7.992810110448893557e-01
6.417881259340950661e-01
-1.240989348212680143e+00
-8.118147656907297449e-01
7.305630577222079758e-01
3.498434753985542323e-02
-2.011825953910383102e+00
-8.982362599551159399e-02
1.072152158986998893e+00
-8.575892370100794970e-01
-6.216390741659301167e-01
4.202514136451097893e-02
-6.193109657122020106e-01
-1.080023338648956888e-01
-4.064199969789267231e-01
-3.845842476576427638e-01
-4.530721694035039770e-01
4.370641159987113111e-01
-1.878175511417911725e+00
2.101481509041373652e+00
2.768345391533661992e+00
-2.167222347962533269e-01
1.688088260821416053e+00
9.391200797796984967e-02
-3.476045835459867228e-01
-5.908303691031725480e-01
-3.728568295326485649e-02
5.158361703052728453e-01
4.228752382884034544e-01
1.445054579440525400e+00
2.443881394538556684e+00
3.273413615332313453e-01
-1.471156689259957018e-01
2.881421119790351093e-01
-1.215948565796312941e+00
-3.220272180171737109e-01
-4.523339315756096934e-01
4.111247182140864154e-01
-2.274144132475209024e-01
1.439410831841408667e-01
-7.096618858047670786e-01
2.392690034444278968e+00
-8.274561830176141441e-01
8.516928887182105834e-01
-1.158510106376628546e+00
7.255012272938893281e-01
9.977758060830397291e-01
6.615723290900414888e-01
-9.100998968761861985e-01
-7.614530093149936008e-01
-3.104315376239681901e-01
-6.682198956927768441e-01
-2.556943702848914590e+00
5.025776508661402575e-01
8.220419698295872157e-02
-1.151137334374567667e+00
3.911349658882019575e-01
1.086471970436520343e-02
-2.818478217995207258e-01
-1.061153575174498709e+00
1.412520364407404916e+00
1.259815612743657498e+00
-1.091281901576547142e+00
-2.670654040037601651e-01
-1.544951516006852321e+00
1.413931200928194576e+00
-2.269664197255779614e-01
1.071421591182898592e+00
-1.547590667410522203e-01
3.539223634345434744e-01
2.019146731127714200e-01
-2.554147796567862172e-01
1.837161715553387475e+00
-2.555206622852070897e-01
1.527278658888580054e-01
1.036736285762464432e-01
-5.662433497524856918e-01
2.122873955507257604e-01
-6.232786843230332385e-01
1.559702637214619922e-02
5.481055708411184391e-01
-5.212470813092334038e-02
-3.682483987665970820e-02
-2.112613990361372485e-01
1.234435550160746464e+00
5.389692519907403057e-01
-5.820394332421120753e-02
1.921220747822493635e+00
-1.258651732493887954e+00
-9.374796320503888669e-01
2.097515767527533992e+00
2.495998783665404341e-01
1.076315202832446083e+00
-9.258164735161306114e-01
-8.855866466986602736e-01
-6.515148050323107953e-02
-7.516205215166401610e-01
-2.031677679396596492e+00
1.455125027375597124e+00
-9.454541947788165368e-01
-1.342081974371263753e+00
-4.545577276223518592e-01
3.222799690094142466e-01
-1.182316596348521154e+00
7.447335933144241249e-01
1.302660740645708914e+00
5.787404086759190269e-01
2.046354906953437247e+00
1.111874072762797594e+00
-8.083085315028515350e-02
-8.186057952521896830e-01
-9.394023496307691845e-01
7.853072007088175432e-01
-1.459500605330093181e+00
5.238789697506426313e-01
3.351889480156006185e-01
6.136185848973522150e-01
1.499164804765568959e-01
-1.044407818779456099e+00
-2.918187502552791468e-01
-2.040334605741175089e+00
-7.765605538462976298e-01
-6.674586071355227412e-01
1.996855762317501615e+00
7.430297956473114196e-01
1.570370433535152876e-01
8.538320416234232990e-01
-1.895577182446576581e+00
4.590307572013000437e-01
-1.312383336683062840e+00
3.635240151131229336e-01
1.823120594103446512e+00
-7.084865290603984400e-01
-1.901614056558689647e+00
7.424419502765611245e-02
4.586233111962959574e-01
3.031574842247463097e-01
2.579793133846987052e-01
1.711879303001388186e-01
1.583614592465583436e-03
1.182000350913404274e+00
-1.296750582600363133e+00
1.854846461860308882e+00
-3.781149225055745883e-02
-8.225415819178637511e-01
1.063358147756002098e-01
-2.700460070125893508e-01
-2.304884767448053484e+00
4.543960812811209671e-01
1.007161784206093147e+00
4.437171297256037317e-01
8.429992500001153299e-01
1.113114683198500598e+00
-1.242004528349063275e+00
3.769042641099338425e-02
-1.344069170344368791e+00
1.059248397933926888e+00
5.298582975022104735e-01
-5.363660345963007225e-01
7.781373790883407970e-01
-1.327315541799223064e+00
1.679168662804457757e-01
1.669016647948363685e+00
1.146782662251808249e+00
-7.684684231798954990e-01
-2.361808927199779765e-02
-7.118102452378674005e-01
3.101716789495144178e-01
-1.381791058060426458e+00
1.292969964336252442e+00
2.858046572302151977e-01
3.252019240177693171e-01
1.429308790950601482e+00
-2.237525597497080909e+00
1.101812898464789026e+00
2.405292054211436881e+00
8.570494649582682811e-01
-3.542884216423147214e-01
-1.425673601484343189e+00
1.351370881097667676e+00
1.057541709128911434e+00
-1.730279003445670094e+00
-1.156840856473466239e+00
2.763258748820026423e+00
-1.017687367820345079e+00
1.352553987791103030e+00
-3.551230755609465217e-01
-3.723370414534589390e+00
-2.422558993281382467e+00
7.237502103885200266e-02
-1.706462485068665158e+00
1.091036882553160003e+00
-7.973605574451813061e-01
5.701886435126075625e-01
-5.294542776301265352e-01
4.875871830188862055e-01
-2.661789253575943537e+00
-7.513300820109064526e-01
-7.446186815324068453e-01
1.430818668598178967e+00
-7.454281057501715990e-01
-3.219694125446134203e-01
2.076220084082093020e+00
-7.724289663700103503e-01
-4.569115055053848407e-01
-1.209463938680611417e+00
-7.270389877668131939e-01
-1.466593680217991524e+00
-5.448445675712270120e-01
4.205536511490619578e-01
-8.298587297143179553e-01
-5.123112197010791791e-01
1.711763073253045608e-01
-8.944761990393523821e-01
-1.259624422167667512e-01
8.973748373056074090e-01
1.229278319420775922e+00
5.732955929693288599e-01
-1.292229295277132151e+00
1.029503235754201995e+00
2.753371824748543917e-01
-3.015856836316153089e-01
-1.768000872610139940e+00
6.905047879336648764e-01
-4.740719325027932529e-02
-2.692523409677075374e+00
2.422886955571348921e-01
-1.200930618152819401e-01
3.547807378730840483e-02
-1.478238375024774731e+00
1.244915764511913991e+00
6.669088440169664844e-01
-1.269280437785358151e+00
-6.808540004183910588e-01
9.445880644459456743e-01
-8.853374437812328024e-01
9.387166749642582575e-01
8.643412224539005484e-01
6.014756527772053829e-01
2.141936850682033544e+00
3.925833143541407333e-01
1.141975645990351701e-01
-6.509565101578888013e-01
1.375533490673050419e-01
2.888257790735763164e-01
6.410973314697738790e-01
1.090372173417358953e-01
-4.903298960554004493e-01
-4.427384426014381869e-01
-4.604638017362005509e-01
1.636151215436267625e+00
2.343180520120104138e+00
1.753974756965624993e-01
3.566744205008003932e-01
-1.487024685122995349e+00
-5.754567409023539915e-01
4.586053038174247587e-01
1.776280306712396673e-01
4.870790432365190159e-01
-8.526720851171162852e-02
-5.942733887381498326e-01
1.180350312266564394e+00
7.385926161093006037e-01
2.927374121677068786e-01
-9.536999400913290792e-01
5.719318443860941237e-01
1.138798837493800509e+00
-4.399249531924709355e-01
8.138818700505703330e-01
5.792469100078689870e-01
-1.081854959925911963e-01
-1.881566006478534003e+00
8.701060254886523460e-01
1.918667123029418775e+00
-6.203454454538775975e-01
-2.374563165153409650e-01
5.413316464059839822e-02
1.888484672084058236e+00
-3.233676102850554512e-01
3.820768124881862016e-01
-2.890497248175192269e-01
1.141333943494733605e+00
-1.583574748902445872e+00
6.989832761829696262e-01
-1.673397187417409393e+00
2.818173842055230471e-01
-1.095183460425500188e+00
3.498678390113005854e-01
-6.956786065908626693e-01
-7.075293543921569173e-01
2.780295607388623136e+00
1.347301013054433838e+00
9.942565373001540641e-01
-1.252877870636400548e+00
-1.482335269673342448e-01
-2.510621382104827326e+00
1.178825391172175108e+00
6.982751430986284813e-01
-8.176763457202110286e-02
1.581272633420346629e+00
-6.482846285864030111e-01
7.684351116690081307e-01
1.290526622109529953e+00
-1.853205261099308276e-01
5.161383035315226797e-01
-1.662674641475529347e+00
8.922551227064705603e-01
-8.980557858240278968e-01
6.430683493868054601e-01
1.219361595043837176e-01
1.511120826908638470e+00
7.707542763616949122e-01
-5.455959833419064126e-02
-9.251632878391449211e-01
-2.214902577678558249e+00
-8.157827485634205900e-01
4.168036237735133209e-01
-2.412648533150889840e-01
-2.081813566779597557e-01
2.148532749669483100e-01
-7.333424420164642576e-01
5.661266246287971482e-01
-7.388397341322914258e-01
1.176567888005711993e+00
-4.904346418543211739e-01
9.448954854079233412e-02
-1.327076443819731777e+00
-1.198798521930886096e+00
-1.214960296307215026e+00
-2.993305565588721517e+00
1.643039731961647432e+00
-4.646697987356828707e-01
-1.335771183366683657e+00
-1.305030864704009586e-01
-1.801362509890907848e+00
-6.229195815801205072e-01
1.007345450033781287e+00
-1.158560130237739294e+00
2.474045137820597706e-01
-1.049001803212427975e+00
1.011959688576005156e+00
-2.328362203662712737e+00
-1.301099783676873844e+00
-2.494772410143188068e+00
-5.460873519162995349e-01
3.216715217746649036e-01
-6.073066104455551173e-01
-1.218455988570958493e+00
-6.133521295900407067e-01
1.286179938072239182e+00
9.647326082434474204e-01
-5.934891257806605980e-01
-1.734873372959776505e+00
-9.587369614603494794e-01
3.924814903108175823e+00
-3.297109539646245757e-01
1.527554767757942633e+00
-1.435083844910238104e+00
3.012355858356515204e-01
-1.618819537873153580e+00
1.109593469234354091e+00
1.476796171954683601e+00
-1.051907022485592869e+00
-2.663825106189139924e-01
-1.908566463773106348e+00
-7.566298552766430596e-01
-1.257718821332655668e-01
-6.946332466285422003e-01
-1.239497533570750043e-01
-2.229899130651608274e+00
8.162359702407644413e-01
-1.092368543648839507e+00
5.409685816546253578e-01
-9.415349209040634326e-01
-1.444316482060128692e-01
-9.399954532849130739e-01
2.716399582705921745e-01
-4.152328555391389120e-01
4.449942750146976267e-01
-2.745546399792779813e-01
-4.757033569373645965e-01
-8.022151492477888057e-01
1.276683285911874022e-01
1.313051047243460001e+00
-5.356451738933873941e-01
-8.033430837057147222e-01
6.101330488918922657e-02
-5.274952480764185658e-01
-2.048822895582689541e-01
1.315082179202389678e+00
-1.825662180853278249e+00
1.045936799750125434e+00
-1.430324430294737326e+00
-3.300275964257934458e+00
7.969686399893117779e-01
5.639100275471120582e-02
4.158770050233412396e-01
-9.591386420272056679e-01
8.286676211325040287e-01
-9.898014045652293591e-01
-1.363125517394566444e+00
-2.798873798963942214e-02
-7.211026939231851562e-01
9.461617773675480292e-01
-1.938447357942719051e+00
5.781832091369576432e-01
2.855785161780939885e-01
2.796503440938511442e+00
1.616471327507042144e+00
-1.667735657888628764e-01
-3.578383921702906201e-01
-7.113225634730919733e-01
-1.407680251458265586e+00
-5.541412743352309711e-01
6.179833094143329930e-01
8.996221206055292630e-01
-1.406319712731557203e+00
-5.412274462574886424e-01
-5.893773013805906485e-02
6.811174568800112405e-01
-1.625327878109340263e-01
1.374555228468210100e+00
8.653830319418094330e-01
-1.006370850608109935e+00
-7.797996731136593862e-01
-1.597708939048767818e-01
5.783961186347635897e-01
1.067201299815739857e+00
-2.408972494124128616e+00
2.718845002334279393e+00
1.165534782197925168e+00
2.323707183010103108e-02
3.627569316441447977e-01
-4.730212734883292303e-01
3.089061499940876643e-01
-1.464452628176063698e+00
-1.418879014533370730e+00
3.778574339356801648e-01
3.079318093470369000e-01
1.041950271011192752e+00
-6.703491895261235456e-01
5.475791907840763528e-01
2.940630896460974530e-01
1.220638267345142358e+00
-4.278274511680529857e-01
4.454417201666811543e-01
-1.323507176333599489e+00
-1.662940492287658056e+00
-4.869847541525196832e-01
-1.292615319113417316e+00
-2.127188098475315536e-01
-3.263530534552188528e-02
5.226345731654403748e-01
-2.399658588956045668e-01
-1.066110676825292369e+00
6.107614395160101406e-01
-3.554458852804130431e-01
-2.534419697066629951e-01
1.014581658779302620e+00
-1.602916083263137004e-01
-2.423174260882783593e-01
7.424711402004512406e-01
2.208012533710124736e-01
1.101026958244308407e+00
4.027888839030036583e-01
-9.196730614346966259e-01
-1.915923781831955885e+00
1.272092096033274888e+00
-1.201949923953266275e+00
-2.216741052007339119e-01
1.294707982087297315e+00
1.518137740472526254e+00
-8.668677167985047172e-01
-7.559501160673225417e-01
9.023746383476708433e-01
7.750901156458491759e-01
-6.115632272932224750e-03
2.478891997204019926e-01
-1.577122868068665529e+00
1.237823539397222561e+00
-8.035243187366080120e-01
-7.536257441287839143e-01
-1.657556178200012831e-01
1.035251350717407925e+00
4.138671422505046937e-01
4.096249181278986962e-01
-9.120668122809906520e-02
1.986574532765282619e+00
7.870377370391771210e-01
-1.111095939983020697e+00
1.302850180261032831e+00
-1.154359349812495328e+00
4.671904381034585052e-01
1.046785358499985108e+00
-4.558180900173492978e-01
5.211284939187841303e-01
1.202279824469633107e+00
3.126643425909611529e-01
1.089207380004044934e+00
-1.242551111939630380e-02
2.168202968778191853e+00
-1.840922232746812215e+00
1.652550560006859071e+00
-3.682861262624666510e-01
7.693627199444109666e-01
1.291993982890731418e+00
1.367170958044551465e+00
1.815847659504943756e+00
-8.496787525909658967e-02
6.431605704278084423e-02
5.130384176692158738e-01
1.125235156141139559e+00
1.348616069147546281e-01
5.726105986182223467e-02
2.177143677147020284e+00
4.737318899439261211e-01
-7.539973407187625654e-01
-5.771309923067173830e-01
-4.369963575193772792e-02
-1.434109702879330650e-01
8.976025196467628531e-01
2.805999283694950996e-01
1.512087089584691180e+00
9.649953732964754172e-02
1.052446655561721567e+00
-7.468797911571931625e-01
-1.006795869366672536e+00
-4.926687966572563804e-01
-8.330032010619063954e-01
1.176210945399897234e+00
-1.219282062302286640e+00
