2.542694214023515781e-03
2.725192181934981382e-03
2.837959936753569820e-03
2.920788660909291387e-03
2.986696790272322464e-03
3.041650147953652711e-03
3.088900640892642668e-03
3.130423776439494096e-03
3.167512852390452858e-03
3.201062360456199789e-03
3.231717599125087052e-03
3.259959910896315181e-03
3.286158222028422952e-03
3.310601735320083290e-03
3.333521501435619469e-03
3.355105130080495140e-03
3.375507108671983985e-03
3.394856217434725522e-03
3.413260971524249929e-03
3.430813689860741020e-03
3.447593587588458457e-03
3.463669161153769098e-03
3.479100052177523748e-03
3.493938521430849271e-03
3.508230627114054031e-03
3.522017176065511245e-03
3.535334498603219262e-03
3.548215084942667012e-03
3.560688111922686184e-03
3.572779882032836411e-03
3.584514191747730991e-03
3.595912642439651544e-03
3.606994904316720551e-03
3.617778941677243874e-03
3.628281206109221398e-03
3.638516802972879653e-03
3.648499635493049603e-03
3.658242529990536618e-03
3.667757345147974225e-03
3.677055067698963009e-03
3.686145896521602662e-03
3.695039316787603317e-03
3.703744165549641403e-03
3.712268689929953784e-03
3.720620598892589604e-03
3.728807109432503205e-03
3.736834987890877251e-03
3.744710587002878649e-03
3.752439879197657594e-03
3.760028486597900756e-03
3.767481708104983111e-03
3.774804543904030415e-03
3.782001717679203071e-03
3.789077696791981822e-03
3.796036710643259978e-03
3.802882767412509891e-03
3.809619669343694819e-03
3.816251026727193480e-03
3.822780270709396321e-03
3.829210665046342207e-03
3.835545316904458938e-03
3.841787186799947625e-03
3.847939097758166019e-03
3.854003743765577281e-03
3.859983697579030121e-03
3.865881417950297466e-03
3.871699256317830823e-03
3.877439463012305031e-03
3.883104193017900777e-03
3.888695511327037741e-03
3.894215397922650475e-03
3.899665752418726358e-03
3.905048398386970487e-03
3.910365087394788303e-03
3.915617502777492959e-03
3.920807263165487777e-03
3.925935925785371296e-03
3.931004989552168601e-03
3.936015897968398597e-03
3.940970041844342464e-03
3.945868761852586171e-03
3.950713350928905521e-03
3.955505056530425959e-03
3.960245082761188785e-03
3.964934592374381138e-03
3.969574708659733345e-03
3.974166517223936754e-03
3.978711067671295877e-03
3.983209375191253641e-03
3.987662422058967961e-03
3.992071159054576615e-03
3.996436506806420527e-03
4.000759357063053169e-03
4.005040573898572404e-03
4.009280994855399932e-03
4.013481432028388925e-03
4.017642673093874128e-03
4.021765482286943950e-03
4.025850601330096916e-03
4.029898750316130915e-03
4.033910628547949725e-03
4.037886915337823845e-03
4.041828270768418017e-03
4.045735336417755589e-03
4.049608736050186626e-03
4.053449076275248038e-03
4.057256947176176437e-03
4.061032922909784196e-03
4.064777562279203553e-03
4.068491409281007991e-03
4.072174993628045747e-03
4.075828831249305589e-03
4.079453424767972777e-03
4.083049263958860031e-03
4.086616826186234390e-03
4.090156576823085997e-03
4.093668969652723526e-03
4.097154447253639059e-03
4.100613441368430867e-03
4.104046373257619340e-03
4.107453654039039566e-03
4.110835685013557346e-03
4.114192857977741827e-03
4.117525555524145266e-03
4.120834151329728565e-03
4.124119010433049265e-03
4.127380489500694256e-03
4.130618937083469812e-03
4.133834693862819924e-03
4.137028092887921372e-03
4.140199459803855370e-03
4.143349113071304220e-03
4.146477364178088702e-03
4.149584517842951244e-03
4.152670872211924012e-03
4.155736719047565565e-03
4.158782343911423401e-03
4.161808026339993034e-03
4.164814040014432929e-03
4.167800652924320663e-03
4.170768127525713992e-03
4.173716720893707634e-03
4.176646684869768540e-03
4.179558266204017047e-03
4.182451706692699375e-03
4.185327243311007597e-03
4.188185108341490812e-03
4.191025529498147717e-03
4.193848730046476417e-03
4.196654928919547368e-03
4.199444340830322392e-03
4.202217176380321217e-03
4.204973642164809046e-03
4.207713940874612674e-03
4.210438271394725644e-03
4.213146828899771816e-03
4.215839804946519900e-03
4.218517387563489734e-03
4.221179761337789937e-03
4.223827107499310979e-03
4.226459604002308357e-03
4.229077425604543285e-03
4.231680743944021654e-03
4.234269727613436222e-03
4.236844542232376214e-03
4.239405350517430095e-03
4.241952312350191073e-03
4.244485584843288480e-03
4.247005322404503146e-03
4.249511676799015356e-03
4.252004797209876438e-03
4.254484830296738698e-03
4.256951920252928685e-03
4.259406208860901100e-03
4.261847835546134916e-03
4.264276937429536778e-03
4.266693649378360334e-03
4.269098104055754281e-03
4.271490431968927824e-03
4.273870761516001225e-03
4.276239219031600404e-03
4.278595928831198207e-03
4.280941013254283868e-03
4.283274592706366735e-03
4.285596785699868905e-03
4.287907708893943202e-03
4.290207477133229502e-03
4.292496203485617057e-03
4.294773999279001553e-03
4.297040974137126233e-03
4.299297236014452440e-03
4.301542891230186218e-03
4.303778044501413262e-03
4.306002798975388200e-03
4.308217256261032829e-03
4.310421516459621641e-03
4.312615678194722281e-03
4.314799838641376201e-03
4.316974093554569805e-03
4.315663366049347048e-03
4.208828482400380454e-03
4.105675940369730471e-03
4.005542327021768129e-03
3.908325063958818964e-03
3.813925536882682103e-03
3.722248924084600123e-03
3.633204033140814432e-03
3.546703145383747584e-03
3.462661867743637052e-03
3.380998991578202436e-03
3.301636358129491060e-03
3.224498730267240897e-03
3.149513670197169948e-03
3.076611422830523995e-03
3.005724804527815444e-03
2.936789096945642465e-03
2.869741945730435242e-03
2.804523263816459736e-03
2.741075139099395565e-03
2.679341746268167502e-03
2.619269262590465455e-03
2.560805787457381185e-03
2.503901265503694767e-03
2.448507413129514480e-03
2.394577648258829593e-03
2.342067023178421182e-03
2.290932160309409708e-03
2.241131190771206063e-03
2.192623695604797602e-03
2.145370649529327635e-03
2.099334367112399083e-03
2.054478451240686083e-03
2.010767743783017057e-03
1.968168278343992560e-03
1.926647235010928117e-03
1.886172897002036213e-03
1.846714609128444684e-03
1.808242737986780245e-03
1.770728633803430371e-03
1.734144593855424868e-03
1.698463827396490830e-03
1.663660422020458258e-03
1.629709311397562052e-03
1.596586244322168282e-03
1.564267755013508355e-03
1.532731134613984306e-03
1.501954403831957897e-03
1.471916286678814131e-03
1.442596185252277476e-03
1.413974155520361696e-03
1.386030884062359678e-03
1.358747665725552368e-03
1.332106382158024628e-03
1.306089481180054430e-03
1.280679956958027856e-03
1.255861330946890378e-03
1.231617633568272020e-03
1.207933386593286256e-03
1.184793586200311340e-03
1.162183686679344038e-03
1.140089584755964950e-03
1.118497604509004900e-03
1.097394482857410323e-03
1.076767355592592222e-03
1.056603743933967306e-03
1.036891541586061226e-03
1.017619002276758198e-03
9.987747277571219426e-04
9.803476562439408185e-04
9.623270512871463138e-04
9.447024910451091518e-04
9.274638579511654138e-04
9.106013287560486748e-04
8.941053649309632341e-04
8.779667034171550252e-04
8.621763477082209194e-04
8.467255592520216406e-04
8.316058491596193744e-04
8.168089702093395479e-04
8.023269091342777500e-04
7.881518791823768130e-04
7.742763129384202516e-04
7.606928553979160068e-04
7.473943572831180963e-04
7.343738685919074622e-04
7.216246323707051994e-04
7.091400787028239111e-04
6.969138189040933670e-04
6.849396399179647236e-04
6.732114989025469358e-04
6.617235180023762564e-04
6.504699792979985783e-04
6.394453199267749466e-04
6.286441273684694299e-04
6.180611348896284827e-04
6.076912171407657017e-04
5.975293859008329539e-04
5.875707859635059078e-04
5.778106911601682679e-04
5.682445005145467763e-04
5.588677345242700758e-04
5.496760315647243860e-04
5.406651444108281999e-04
5.318309368724642196e-04
5.231693805394870521e-04
5.146765516324361715e-04
5.063486279551385151e-04
4.981818859456185094e-04
4.901726978218417423e-04
4.823175288189147209e-04
4.746129345145731087e-04
4.670555582398363214e-04
4.596421285718381411e-04
4.523694569060296585e-04
4.452344351049479748e-04
4.382340332209105254e-04
4.313652972901219507e-04
4.246253471956872743e-04
4.180113745972081581e-04
4.115206409246778768e-04
4.051504754344718027e-04
3.988982733253488059e-04
3.927614939124004969e-04
3.867376588570389752e-04
3.808243504510881641e-04
3.750192099532004232e-04
3.693199359758326519e-04
3.637242829210922098e-04
3.582300594638640804e-04
3.528351270805813204e-04
3.475373986222209284e-04
3.423348369299840485e-04
3.372254534923310059e-04
3.322073071419580251e-04
3.272785027914544868e-04
3.224371902063553484e-04
3.176815628143950742e-04
3.130098565497722971e-04
3.084203487313143927e-04
3.039113569734384099e-04
2.994812381288616690e-04
2.951283872620514984e-04
2.908512366524201105e-04
2.866482548263366513e-04
2.825179456170304041e-04
2.784588472515054270e-04
2.744695314636241444e-04
2.705486026325191486e-04
2.666946969455651615e-04
2.629064815851206655e-04
2.591826539383043312e-04
2.555219408291016189e-04
2.519230977721005627e-04
2.483849082471813879e-04
2.449061829945325887e-04
2.414857593293470901e-04
2.381225004756250892e-04
2.348152949184598864e-04
2.315630557742814389e-04
2.283647201784928750e-04
2.252192486899679512e-04
2.221256247119172522e-04
2.190828539286197646e-04
2.160899637575390358e-04
2.131460028163686884e-04
2.102500404045651251e-04
2.074011659989234170e-04
2.045984887627908823e-04
2.018411370685080407e-04
1.991282580326864940e-04
1.964590170639409286e-04
1.938325974227242572e-04
1.912481997928889481e-04
1.887050418646506926e-04
1.862023579286070586e-04
1.837393984805041109e-04
1.813154298364232444e-04
1.789297337580971771e-04
1.765816070880651847e-04
1.742703613943687461e-04
1.719953226245337057e-04
1.697558307685555689e-04
1.675512395306440400e-04
1.653809160094668921e-04
1.632442403866605802e-04
1.611406056233617278e-04
1.590694171645483932e-04
1.570300926509545685e-04
1.550220616383599375e-04
1.530447653240292959e-04
1.510976562801276206e-04
1.491801981938848927e-04
1.472918656143544155e-04
1.454321437055542917e-04
1.436005280058282355e-04
1.417965241932641490e-04
1.400196478569729996e-04
1.382694242741026945e-04
1.365453881924029065e-04
1.348470836181981454e-04
1.331740636096315959e-04
1.315258900750128921e-04
1.299021335761551459e-04
1.283023731365539959e-04
1.267261960542742888e-04
1.251731977194301998e-04
1.236429814361206117e-04
1.221351582487134721e-04
1.206493467723529283e-04
1.191851730275837208e-04
1.177422702789744793e-04
1.163202788776441604e-04
1.149188461075793040e-04
1.135376260356503697e-04
1.121762793652169454e-04
1.108344732932420171e-04
1.095118813708139267e-04
1.082081833669885901e-04
1.069230651358659589e-04
1.056562184868183247e-04
1.044073410577838130e-04
1.031761361915469480e-04
1.019623128149362912e-04
1.007655853208512374e-04
9.958567345305608743e-05
9.842230219366189970e-05
9.727520165323342443e-05
9.614410696345383419e-05
9.502875817227459461e-05
9.392890014149419197e-05
9.284428244670731977e-05
9.177465927955162520e-05
9.071978935220483919e-05
8.967943580407602001e-05
8.865336611062370328e-05
8.764135199426428542e-05
8.664316933730522240e-05
8.565859809685642313e-05
8.468742222167272883e-05
8.372942957088018022e-05
8.278441183453085937e-05
8.185216445595233008e-05
8.093248655583715504e-05
8.002518085804312137e-05
7.913005361704027435e-05
7.824691454699039372e-05
7.737557675239575784e-05
7.651585666029727328e-05
7.566757395397018585e-05
7.483055150808868227e-05
7.400461532532196397e-05
7.318959447432590588e-05
7.238532102909941415e-05
7.159163000966899918e-05
7.080835932407024424e-05
7.003534971159983710e-05
6.927244468729967537e-05
6.851949048764985730e-05
6.777633601744064763e-05
6.704283279779146149e-05
6.631883491529668676e-05
6.560419897226241713e-05
6.489878403801914734e-05
6.420245160127165693e-05
6.351506552347841166e-05
6.283649199321949988e-05
6.216659948154120460e-05
6.150525869824974041e-05
6.085234254913389409e-05
6.020772609409146979e-05
5.957128650614376350e-05
5.894290303131358421e-05
5.832245694934785505e-05
5.770983153526386248e-05
5.710491202170686815e-05
5.650758556208706563e-05
5.591774119449373392e-05
5.533526980635738204e-05
5.476006409984623729e-05
5.419201855798222363e-05
5.363102941145835787e-05
5.307699460614050786e-05
5.252981377123927564e-05
5.198938818813952386e-05
5.145562075986489896e-05
5.092841598117399030e-05
5.040767990926255148e-05
4.989332013506772492e-05
4.938524575515392060e-05
4.888336734417210900e-05
4.838759692787631257e-05
4.789784795668699602e-05
4.741403527978861577e-05
4.693607511974866395e-05
4.646388504764851682e-05
4.599738395871291448e-05
4.553649204842720964e-05
4.508113078913363725e-05
4.463122290709469901e-05
4.418669236001126913e-05
4.374746431499029157e-05
4.331346512694887545e-05
4.288462231744366202e-05
4.246086455392364704e-05
4.204212162938610281e-05
4.162832444243822898e-05
4.121940497774774731e-05
4.081529628687667382e-05
4.041593246949103807e-05
4.002124865493818755e-05
3.963118098418240746e-05
3.924566659209030399e-05
3.886464359006418950e-05
3.848805104900848028e-05
3.811582898262651860e-05
3.774791833104033104e-05
3.738426094472635731e-05
3.702479956875969548e-05
3.666947782735869844e-05
3.631824020872947409e-05
3.597103205019784827e-05
3.562779952362387758e-05
3.528848962109835632e-05
3.495305014090638280e-05
3.462142967376070229e-05
3.429357758929418100e-05
3.396944402280763003e-05
3.364897986226848662e-05
3.333213673555500617e-05
3.301886699793659351e-05
3.270912371979366830e-05
3.240286067456425067e-05
3.210003232691796505e-05
3.180059382114880888e-05
3.150450096978461265e-05
3.121171024241004715e-05
3.092217875469439588e-05
3.063586425762313703e-05
3.035272512693005216e-05
3.007272035272329859e-05
2.979580952930173556e-05
2.952195284515951869e-05
2.925111107317426010e-05
2.898324556097401744e-05
2.871831822148058775e-05
2.845629152362650415e-05
2.819712848323940272e-05
2.794079265409258074e-05
2.768724811911965565e-05
2.743645948178596240e-05
2.718839185761758021e-05
2.694301086588188679e-05
2.670028262142039213e-05
2.646017372662565933e-05
2.622265126356362040e-05
2.598768278623808512e-05
2.575523631299126987e-05
2.552528031904184732e-05
2.529778372915578039e-05
2.507271591044616275e-05
2.485004666530375985e-05
2.462974622444926185e-05
2.441178524011170038e-05
2.419613477932571757e-05
2.398276631734696572e-05
2.377165173118494975e-05
2.356276329324743070e-05
2.335607366509751505e-05
2.315155589132057376e-05
2.294918339349708109e-05
2.274892996428164762e-05
2.255076976158452054e-05
2.235467730285511074e-05
2.216062745946323028e-05
2.196859545118025935e-05
2.177855684075298887e-05
2.159048752857267630e-05
2.140436374743638067e-05
2.122016205739748676e-05
2.103785934070465612e-05
2.085743279682893052e-05
2.067885993757423769e-05
2.050211858227307118e-05
2.032718685306261143e-05
2.015404317024251080e-05
1.998266624771169336e-05
1.981303508848119104e-05
1.964512898026465613e-05
1.947892749114277911e-05
1.931441046530088331e-05
1.915155801883832768e-05
1.899035053564891463e-05
1.883076866337033437e-05
1.867279330940102303e-05
1.851640563698457668e-05
1.836158706135954607e-05
1.820831924597242352e-05
1.805658409875524143e-05
1.790636376846432658e-05
1.775764064107957321e-05
1.761039733626448568e-05
1.746461670388342632e-05
1.732028182057781000e-05
1.717737598639762690e-05
1.703588272148944880e-05
1.689578576283836431e-05
1.675706906106313481e-05
1.661971677726449670e-05
1.648371327992501401e-05
1.634904314185896021e-05
1.621569113721288305e-05
1.608364223851368457e-05
1.595288161376652022e-05
1.582339462359806504e-05
1.569516681844722387e-05
1.556818393580056486e-05
1.544243189747322855e-05
1.531789680693254767e-05
1.519456494666617010e-05
1.507242277559107656e-05
1.495145692650550221e-05
1.483165420358039779e-05
1.471300157989245287e-05
1.459548619499481559e-05
1.447909535252846647e-05
1.436381651786987584e-05
1.424963731581741290e-05
1.413654552831347765e-05
1.402452909220337707e-05
1.391357609702961235e-05
1.380367478286049979e-05
1.369481353815344545e-05
1.358698089765225703e-05
1.348016554031629741e-05
1.337435628728377525e-05
1.326954209986522224e-05
1.316571207757000963e-05
1.306285545616269396e-05
1.296096160574970170e-05
1.286002002889612436e-05
1.276002035877214609e-05
1.266095235732734039e-05
1.256280591349364400e-05
1.246557104141713833e-05
1.236923787871531642e-05
1.227379668476260701e-05
1.217923783900192779e-05
1.208555183928250694e-05
1.199272930022226521e-05
1.190076095159649496e-05
1.180963763675074068e-05
1.171935031103750475e-05
1.162989004027770028e-05
1.154124799924476190e-05
1.145341547017222795e-05
1.136638384128412309e-05
1.128014460534733150e-05
1.119468935824579486e-05
1.111000979757682457e-05
1.102609772126815949e-05
1.094294502621627413e-05
1.086054370694444467e-05
1.077888585428181800e-05
1.069796365406199135e-05
1.061776938584123461e-05
1.053829542163533716e-05
1.045953422467615509e-05
1.038147834818617812e-05
1.030412043417156182e-05
1.022745321223294424e-05
1.015146949839428052e-05
1.007616219394860125e-05
1.000152428432131631e-05
9.927548837949796940e-06
9.854229005180391442e-06
9.781558017180379201e-06
9.709529184867358293e-06
9.638135897853608653e-06
9.567371623405574786e-06
9.497229905419982495e-06
9.427704363413186284e-06
9.358788691526959345e-06
9.290476657547393934e-06
9.222762101939104243e-06
9.155638936893074962e-06
9.089101145388123372e-06
9.023142780266639007e-06
8.957757963323013578e-06
8.892940884405755556e-06
8.828685800532195047e-06
8.764987035016471849e-06
8.701838976609541204e-06
8.639236078651832531e-06
8.577172858238249430e-06
8.515643895394479264e-06
8.454643832266216618e-06
8.394167372318725627e-06
8.334209279548904521e-06
8.274764377707904197e-06
8.215827549535015714e-06
8.157393736002686117e-06
8.099457935571973080e-06
8.042015203458611193e-06
7.985060650909420508e-06
7.928589444489402959e-06
7.872596805378135807e-06
7.817078008676820759e-06
7.762028382724414985e-06
7.707443308424265327e-06
7.653318218579170502e-06
7.599648597236384072e-06
7.546429979042154164e-06
7.493657948603977118e-06
7.441328139863307754e-06
7.389436235476031008e-06
7.337977966201896861e-06
7.286949110302196911e-06
7.236345492946289885e-06
7.186162985626002026e-06
7.136397505577896414e-06
7.087045015214354815e-06
7.038101521561465440e-06
6.989563075705764745e-06
6.941425772247411589e-06
6.893685748762087538e-06
6.846339185269392206e-06
6.799382303708774656e-06
6.752811367423090632e-06
6.706622680648446481e-06
6.660812588011543534e-06
6.615377474033960553e-06
6.570313762642656772e-06
6.525617916687737411e-06
6.481286437466353394e-06
6.437315864253109670e-06
6.393702773837209144e-06
6.350443780065261560e-06
6.307535533390922012e-06
6.264974720429796308e-06
6.222758063521448701e-06
6.180882320296112349e-06
6.139344283248152325e-06
6.098140779314708227e-06
6.057268669460127956e-06
6.016724848266307010e-06
5.976506243527799957e-06
5.936609815853032240e-06
5.897032558270329910e-06
5.857771495839634637e-06
5.818823685268968888e-06
5.780186214536168801e-06
5.741856202515772946e-06
5.703830798610543511e-06
5.666107182388223000e-06
5.628682563222785289e-06
5.591554179940555421e-06
5.554719300470977074e-06
5.518175221502034482e-06
5.481919268140006917e-06
5.445948793574018235e-06
5.410261178744540365e-06
5.374853832016675764e-06
5.339724188857421764e-06
5.304869711517380164e-06
5.270287888716176807e-06
5.235976235332623710e-06
5.201932292098378586e-06
5.168153625295878495e-06
5.134637826459810704e-06
5.101382512083139742e-06
5.068385323326215105e-06
5.035643925730070935e-06
5.003156008933172274e-06
4.970919286392133052e-06
4.938931495105694312e-06
4.907190395342326877e-06
4.875693770371640599e-06
4.844439426198747198e-06
4.813425191302261962e-06
4.782648916375911263e-06
4.752108474072896321e-06
4.721801758753986451e-06
4.691726686238529495e-06
4.661881193558901203e-06
4.632263238717749828e-06
4.602870800448571251e-06
4.573701877979252956e-06
4.544754490798551287e-06
4.516026678425565493e-06
4.487516500182129819e-06
4.459222034968152415e-06
4.431141381039501268e-06
4.403272655789074146e-06
4.375613995530402003e-06
4.348163555283843465e-06
4.320919508565722755e-06
4.293880047180034124e-06
4.267043381012588287e-06
4.240407737827935419e-06
4.213971363068692044e-06
4.187732519657449673e-06
4.161689487800983985e-06
4.135840564797187218e-06
4.110184064844149489e-06
4.084718318851576218e-06
4.059441674254846614e-06
4.034352494831025413e-06
4.009449160517309831e-06
3.984730067231753355e-06
3.960193626696067289e-06
3.935838266260767749e-06
3.911662428732190356e-06
3.887664572202087536e-06
3.863843169878765729e-06
3.840196709920777240e-06
3.816723695272294309e-06
3.793422643500695200e-06
3.770292086636027316e-06
3.747330571012538773e-06
3.724536657111989159e-06
3.701908919408943625e-06
3.679445946217948665e-06
3.657146339542612862e-06
3.635008714926377048e-06
3.613031701305157678e-06
3.591213940861851133e-06
3.569554088882493972e-06
3.548050813614071512e-06
3.526702796124378344e-06
3.505508730163026579e-06
3.484467322024774542e-06
3.463577290413811341e-06
3.442837366310297508e-06
3.422246292837961044e-06
3.401802825133655193e-06
3.381505730218390477e-06
3.361353786869717742e-06
3.341345785495808673e-06
3.321480528011091867e-06
3.301756827713070105e-06
3.282173509161043024e-06
3.262729408055742461e-06
3.243423371120885910e-06
3.224254255985840431e-06
3.205220931069673588e-06
3.186322275466757407e-06
3.167557178833514146e-06
3.148924541276610908e-06
3.130423273242458268e-06
3.112052295408001462e-06
3.093810538572696161e-06
3.075696943551932248e-06
3.057710461071530774e-06
3.039850051663555949e-06
3.022114685563398938e-06
3.004503342607929777e-06
2.987015012134914329e-06
2.969648692883578541e-06
2.952403392896318317e-06
2.935278129421690958e-06
2.918271928818199838e-06
2.901383826459602049e-06
2.884612866640950427e-06
2.867958102485987017e-06
2.851418595855419564e-06
2.834993417256399107e-06
2.818681645752935657e-06
2.802482368877374778e-06
2.786394682542889775e-06
2.770417690956999621e-06
2.754550506536080470e-06
2.738792249820757649e-06
2.723142049392489007e-06
2.707599041790786506e-06
2.692162371431638897e-06
2.676831190526760258e-06
2.661604659003764343e-06
2.646481944427270658e-06
2.631462221920879175e-06
2.616544674090003938e-06
2.601728490945687529e-06
2.587012869829108414e-06
2.572397015337102176e-06
2.557880139248508197e-06
2.543461460451141012e-06
2.529140204869930577e-06
2.514915605395486474e-06
2.500786901813845002e-06
2.486753340736700337e-06
2.472814175532527632e-06
2.458968666258567958e-06
2.445216079593448533e-06
2.431555688770583908e-06
2.417986773512365315e-06
2.404508619965041626e-06
2.391120520634288943e-06
2.377821774321675502e-06
2.364611686061567037e-06
2.351489567058935930e-06
2.338454734627769203e-06
2.325506512130202010e-06
2.312644228916310103e-06
2.299867220264481261e-06
2.287174827322682865e-06
2.274566397050036961e-06
2.262041282159356269e-06
2.249598841060131668e-06
2.237238437802154530e-06
2.224959442019864538e-06
2.212761228877193015e-06
2.200643179013077959e-06
2.188604678487502533e-06
2.176645118728246342e-06
2.164763896478112738e-06
2.152960413742741426e-06
2.141234077739056770e-06
2.129584300844181116e-06
2.118010500545018121e-06
2.106512099388239270e-06
2.095088524930981477e-06
2.083739209691924154e-06
2.072463591103019344e-06
2.061261111461609375e-06
2.050131217883200112e-06
2.039073362254711940e-06
2.028087001188097507e-06
2.017171595974653620e-06
2.006326612539738432e-06
1.995551521397919360e-06
1.984845797608698670e-06
1.974208920732666817e-06
1.963640374788107677e-06
1.953139648208131902e-06
1.942706233798169420e-06
1.932339628694025211e-06
1.922039334320303117e-06
1.911804856349328133e-06
1.901635704660433131e-06
1.891531393299741953e-06
1.881491440440372619e-06
1.871515368343001596e-06
1.861602703317006162e-06
1.851752975681756901e-06
1.841965719728548448e-06
1.832240473682909695e-06
1.822576779667118988e-06
1.812974183663338494e-06
1.803432235476994432e-06
1.793950488700718240e-06
1.784528500678337936e-06
1.775165832469641125e-06
1.765862048815219742e-06
1.756616718101791677e-06
1.747429412327927914e-06
1.738299707070011128e-06
1.729227181448667554e-06
1.720211418095503790e-06
1.711252003120193857e-06
1.702348526077873503e-06
1.693500579936943006e-06
1.684707761047173416e-06
1.675969669108079613e-06
1.667285907137754581e-06
1.658656081441896164e-06
1.650079801583226212e-06
1.641556680351226517e-06
1.633086333732156175e-06
1.624668380879358638e-06
1.616302444083962630e-06
1.607988148745777245e-06
1.599725123344605914e-06
1.591512999411692703e-06
1.583351411501624753e-06
1.575239997164454098e-06
1.567178396918061940e-06
1.559166254220865345e-06
1.551203215444807053e-06
1.543288929848558537e-06
1.535423049551085369e-06
1.527605229505377136e-06
1.519835127472559140e-06
1.512112403996133709e-06
1.504436722376654122e-06
1.496807748646466932e-06
1.489225151544872090e-06
1.481688602493392761e-06
1.474197775571460394e-06
1.466752347492144266e-06
1.459351997578351125e-06
1.451996407739026950e-06
1.444685262445800448e-06
1.437418248709783660e-06
1.430195056058525683e-06
1.423015376513349243e-06
1.415878904566813476e-06
1.408785337160425741e-06
1.401734373662579585e-06
1.394725715846708497e-06
1.387759067869672163e-06
1.380834136250351737e-06
1.373950629848429966e-06
1.367108259843445976e-06
1.360306739713999341e-06
1.353545785217151723e-06
1.346825114368133656e-06
1.340144447420113803e-06
1.333503506844299607e-06
1.326902017310113335e-06
1.320339705665649330e-06
1.313816300918314654e-06
1.307331534215620495e-06
1.300885138826204397e-06
1.294476850120990547e-06
1.288106405554616680e-06
1.281773544646966849e-06
1.275478008964895422e-06
1.269219542104176594e-06
1.262997889671593669e-06
1.256812799267212139e-06
1.250664020466827466e-06
1.244551304804558774e-06
1.238474405755704468e-06
1.232433078719598085e-06
1.226427081002821153e-06
1.220456171802459048e-06
1.214520112189509945e-06
1.208618665092560591e-06
1.202751595281514162e-06
1.196918669351520780e-06
1.191119655707077647e-06
1.185354324546232514e-06
1.179622447845009498e-06
1.173923799341933155e-06
1.168258154522707560e-06
1.162625290605061405e-06
1.157024986523739637e-06
1.151457022915621929e-06
1.145921182104958479e-06
1.140417248088869863e-06
1.134945006522799665e-06
1.129504244706269927e-06
1.124094751568681700e-06
1.118716317655273776e-06
1.113368735113245539e-06
1.108051797677964727e-06
1.102765300659322576e-06
1.097509040928253928e-06
1.092282816903323827e-06
1.087086428537506186e-06
1.081919677305020888e-06
1.076782366188378848e-06
1.071674299665442309e-06
1.066595283696728033e-06
1.061545125712737803e-06
1.056523634601442243e-06
1.051530620695897830e-06
1.046565895761954753e-06
1.041629272986093308e-06
1.036720566963383110e-06
1.031839593685521935e-06
1.026986170529028076e-06
1.022160116243551711e-06
1.017361250940205546e-06
1.012589396080136645e-06
1.007844374463098894e-06
1.003126010216185561e-06
9.984341287826738685e-07
9.937685569108992187e-07
9.891291226433460428e-07
9.845156553057682982e-07
9.799279854964052571e-07
9.753659450753213851e-07
9.708293671538669217e-07
9.663180860841994477e-07
9.618319374489015906e-07
9.573707580507221850e-07
9.529343859023987483e-07
9.485226602165637064e-07
9.441354213957803222e-07
9.397725110226023398e-07
9.354337718498119303e-07
9.311190477906825184e-07
9.268281839093312889e-07
9.225610264112381355e-07
9.183174226337400446e-07
9.140972210366949930e-07
9.099002711932176305e-07
9.057264237804371979e-07
9.015755305704574614e-07
8.974474444212749318e-07
8.933420192678638423e-07
8.892591101133275135e-07
8.851985730200974685e-07
8.811602651012306996e-07
8.771440445118072012e-07
8.731497704403928304e-07
8.691773031005518259e-07
8.652265037224956977e-07
8.612972345447138006e-07
8.573893588058141837e-07
8.535027407363088528e-07
8.496372455505487463e-07
8.457927394386973570e-07
8.419690895588084329e-07
8.381661640289460294e-07
8.343838319193867246e-07
8.306219632448942545e-07
8.268804289570514304e-07
8.231591009366902049e-07
8.194578519863658903e-07
8.157765558228855866e-07
8.121150870699463010e-07
8.084733212507876778e-07
8.048511347809765483e-07
8.012484049611829046e-07
7.976650099700603757e-07
7.941008288572000785e-07
7.905557415361175019e-07
7.870296287773226132e-07
7.835223722014419505e-07
7.800338542724221360e-07
7.765639582907420718e-07
7.731125683867567429e-07
7.696795695140386917e-07
7.662648474428291826e-07
7.628682887534902133e-07
7.594897808300799826e-07
7.561292118539281446e-07
7.527864707972932264e-07
7.494614474170922551e-07
7.461540322486536777e-07
7.428641165995291503e-07
7.395915925434044302e-07
7.363363529139816800e-07
7.330982912990084152e-07
7.298773020342970276e-07
7.266732801977979904e-07
7.234861216037672946e-07
7.203157227969412983e-07
7.171619810467834664e-07
7.140247943417866981e-07
7.109040613838009588e-07
7.077996815824448744e-07
7.047115550495158434e-07
7.016395825935357796e-07
6.985836657142221049e-07
6.955437065971225366e-07
6.925196081082256287e-07
6.895112737886573923e-07
6.865186078493823637e-07
6.835415151659992222e-07
6.805799012735304787e-07
6.776336723613110551e-07
6.747027352678956050e-07
6.717869974759681629e-07
6.688863671073863666e-07
6.660007529181892565e-07
6.631300642936708260e-07
6.602742112435317112e-07
6.574331043970201861e-07
6.546066549981401794e-07
6.517947749009033377e-07
6.489973765646132751e-07
6.462143730491945041e-07
6.434456780105684830e-07
6.406912056960331567e-07
6.379508709397517654e-07
6.352245891582062894e-07
6.325122763457281853e-07
6.298138490700781449e-07
6.271292244680246889e-07
6.244583202409898882e-07
6.218010546507299196e-07
6.191573465150365848e-07
6.165271152034973818e-07
6.139102806332699747e-07
6.113067632649117213e-07
6.087164840982113178e-07
6.061393646681263233e-07
6.035753270406519681e-07
6.010242938088284525e-07
5.984861880886997518e-07
5.959609335153633734e-07
5.934484542390279468e-07
5.909486749211027907e-07
5.884615207303227372e-07
5.859869173389132957e-07
5.835247909187814404e-07
5.810750681377425015e-07
5.786376761557724682e-07
5.762125426212868670e-07
5.737995956674877204e-07
5.713987639086665658e-07
5.690099764366378114e-07
5.666331628170980827e-07
5.642682530861010830e-07
5.619151777465129728e-07
5.595738677645096762e-07
5.572442545661135753e-07
5.549262700337385686e-07
5.526198465027875394e-07
5.503249167582670832e-07
5.480414140314045638e-07
5.457692719963566489e-07
5.435084247668751770e-07
5.412588068930560331e-07
5.390203533580601781e-07
5.367929995749255229e-07
5.345766813833537089e-07
5.323713350465449574e-07
5.301768972480616126e-07
5.279933050887007904e-07
5.258204960834091661e-07
5.236584081582227509e-07
5.215069796472183141e-07
5.193661492895153100e-07
5.172358562262527115e-07
5.151160399976563702e-07
5.130066405400809658e-07
5.109075981830921890e-07
5.088188536465857711e-07
5.067403480379023836e-07
5.046720228489807604e-07
5.026138199535544427e-07
5.005656816043230062e-07
4.985275504302033334e-07
4.964993694335502866e-07
4.944810819874391091e-07
4.924726318329511074e-07
4.904739630764753225e-07
4.884850201870672688e-07
4.865057479937674403e-07
4.845360916830215650e-07
4.825759967960379688e-07
4.806254092262268884e-07
4.786842752166416912e-07
4.767525413574287232e-07
4.748301545833176568e-07
4.729170621711074436e-07
4.710132117372207719e-07
4.691185512351968488e-07
4.672330289532966795e-07
4.653565935120523892e-07
4.634891938618872191e-07
4.616307792807291174e-07
4.597812993716407933e-07
4.579407040604809012e-07
4.561089435935914811e-07
4.542859685354714242e-07
4.524717297665142597e-07
4.506661784807187302e-07
4.488692661834351024e-07
4.470809446891619807e-07
4.453011661192937826e-07
4.435298828999535513e-07
4.417670477597958589e-07
4.400126137278443834e-07
4.382665341313551099e-07
4.365287625936858835e-07
4.347992530321751743e-07
4.330779596560596999e-07
4.313648369643903008e-07
4.296598397439671915e-07
4.279629230672982937e-07
4.262740422905679982e-07
4.245931530516327146e-07
4.229202112680044561e-07
4.212551731348840293e-07
4.195979951231938000e-07
4.179486339776176590e-07
4.163070467146709516e-07
4.146731906207878244e-07
4.130470232504013722e-07
4.114285024240640187e-07
4.098175862265675270e-07
4.082142330050855625e-07
4.066184013673228726e-07
4.050300501796778604e-07
4.034491385654504223e-07
4.018756259030052097e-07
4.003094718240067298e-07
3.987506362116293006e-07
3.971990791988096217e-07
3.956547611664790697e-07
3.941176427418473974e-07
3.925876847966778045e-07
3.910648484455736543e-07
3.895490950442853609e-07
3.880403861880383991e-07
3.865386837098533205e-07
3.850439496788946212e-07
3.835561463988310455e-07
3.820752364062020821e-07
3.806011824688115668e-07
3.791339475840997376e-07
3.776734949775780771e-07
3.762197881012271491e-07
3.747727906319456289e-07
3.733324664699794804e-07
3.718987797373918440e-07
3.704716947765193722e-07
3.690511761484618108e-07
3.676371886315638513e-07
3.662296972199219177e-07
3.648286671219089526e-07
3.634340637586779221e-07
3.620458527627182064e-07
3.606639999763985447e-07
3.592884714505158561e-07
3.579192334428818589e-07
3.565562524168946555e-07
3.551994950401285817e-07
3.538489281829476663e-07
3.525045189171038976e-07
3.511662345143713827e-07
3.498340424451807718e-07
3.485079103772533116e-07
3.471878061742755560e-07
3.458736978945373906e-07
3.445655537896326309e-07
3.432633423031247339e-07
3.419670320692584607e-07
3.406765919116516342e-07
3.393919908420136312e-07
3.381131980588726099e-07
3.368401829463066008e-07
3.355729150726884692e-07
3.343113641894371768e-07
3.330555002297847133e-07
3.318052933075383697e-07
3.305607137158709101e-07
3.293217319261041274e-07
3.280883185865138906e-07
3.268604445211296350e-07
3.256380807285628625e-07
3.244211983808180133e-07
3.232097688221454244e-07
3.220037635678610952e-07
3.208031543032255332e-07
3.196079128822792429e-07
3.184180113267320536e-07
3.172334218248209486e-07
3.160541167302169159e-07
3.148800685608961184e-07
3.137112499980600326e-07
3.125476338850421406e-07
3.113891932262141993e-07
3.102359011859335367e-07
3.090877310874543502e-07
3.079446564118869679e-07
3.068066507971437158e-07
3.056736880368867971e-07
3.045457420795136528e-07
3.034227870271072230e-07
3.023047971344338540e-07
3.011917468079250587e-07
3.000836106046708711e-07
2.989803632314240532e-07
2.978819795436184896e-07
2.967884345443742942e-07
2.956997033835255754e-07
2.946157613566619655e-07
2.935365839041563324e-07
2.924621466102173207e-07
2.913924252019357510e-07
2.903273955483557957e-07
2.892670336595289490e-07
2.882113156855967958e-07
2.871602179158689639e-07
2.861137167779084867e-07
2.850717888366247902e-07
2.840344107933786966e-07
2.830015594850872161e-07
2.819732118833323631e-07
2.809493450934886054e-07
2.799299363538450743e-07
2.789149630347346022e-07
2.779044026376796494e-07
2.768982327945330943e-07
2.758964312666309364e-07
2.748989759439503453e-07
2.739058448442645335e-07
2.729170161123316166e-07
2.719324680190478979e-07
2.709521789606460459e-07
2.699761274578717254e-07
2.690042921551825157e-07
2.680366518199450829e-07
2.670731853416420917e-07
2.661138717310772123e-07
2.651586901196021500e-07
2.642076197583191634e-07
2.632606400173311760e-07
2.623177303849610758e-07
2.613788704669888042e-07
2.604440399859031604e-07
2.595132187801490544e-07
2.585863868033719003e-07
2.576635241236952561e-07
2.567446109229690823e-07
2.558296274960550042e-07
2.549185542500857940e-07
2.540113717037608511e-07
2.531080604866260116e-07
2.522086013383607713e-07
2.513129751080814409e-07
2.504211627536389041e-07
2.495331453409192320e-07
2.486489040431701867e-07
2.477684201402956424e-07
2.468916750181908238e-07
2.460186501680665322e-07
2.451493271857783487e-07
2.442836877711504899e-07
2.434217137273341806e-07
2.425633869601398212e-07
2.417086894773866250e-07
2.408576033882600914e-07
2.400101109026656131e-07
2.391661943305988664e-07
2.383258360814996574e-07
2.374890186636387757e-07
2.366557246834784585e-07
2.358259368450670794e-07
2.349996379494105175e-07
2.341768108938741790e-07
2.333574386715629423e-07
2.325415043707282350e-07
2.317289911741683345e-07
2.309198823586258366e-07
2.301141612942124408e-07
2.293118114438091181e-07
2.285128163624893615e-07
2.277171596969435476e-07
2.269248251849038009e-07
2.261357966545714001e-07
2.253500580240591121e-07
2.245675933008123516e-07
2.237883865810732996e-07
2.230124220493091306e-07
2.222396839776728753e-07
2.214701567254484027e-07
2.207038247385122630e-07
2.199406725487965362e-07
2.191806847737489016e-07
2.184238461158050424e-07
2.176701413618563908e-07
2.169195553827314533e-07
2.161720731326715499e-07
2.154276796488159767e-07
2.146863600506839136e-07
2.139480995396683476e-07
2.132128833985321422e-07
2.124806969908990756e-07
2.117515257607604975e-07
2.110253552319731440e-07
2.103021710077664825e-07
2.095819587702638202e-07
2.088647042799824488e-07
2.081503933753606031e-07
2.074390119722743876e-07
2.067305460635611084e-07
2.060249817185478206e-07
2.053223050825828653e-07
2.046225023765680434e-07
2.039255598964916088e-07
2.032314640129786532e-07
2.025402011708234112e-07
2.018517578885400417e-07
2.011661207579095184e-07
2.004832764435416076e-07
1.998032116824126799e-07
1.991259132834420077e-07
1.984513681270409855e-07
1.977795631646812486e-07
1.971104854184662335e-07
1.964441219806927057e-07
1.957804600134309493e-07
1.951194867481017004e-07
1.944611894850451131e-07
1.938055555931151366e-07
1.931525725092541991e-07
1.925022277380861816e-07
1.918545088515053954e-07
1.912094034882666710e-07
1.905668993535845262e-07
1.899269842187289991e-07
1.892896459206296868e-07
1.886548723614751250e-07
1.880226515083220147e-07
1.873929713927041843e-07
1.867658201102436163e-07
1.861411858202620823e-07
1.855190567454070722e-07
1.848994211712539273e-07
1.842822674459484185e-07
1.836675839798132994e-07
1.830553592449884500e-07
1.824455817750529941e-07
1.818382401646558336e-07
1.812333230691550250e-07
1.806308192042551956e-07
1.800307173456402496e-07
1.794330063286177987e-07
1.788376750477665589e-07
1.782447124565801465e-07
1.776541075671113767e-07
1.770658494496318364e-07
1.764799272322780890e-07
1.758963301007119344e-07
1.753150472977725171e-07
1.747360681231422245e-07
1.741593819330053326e-07
1.735849781397179541e-07
1.730128462114651231e-07
1.724429756719384981e-07
1.718753561000041672e-07
1.713099771293764867e-07
1.707468284482913387e-07
1.701858997991880169e-07
1.696271809783854751e-07
1.690706618357667805e-07
1.685163322744587505e-07
1.679641822505216470e-07
1.674142017726359861e-07
1.668663809017956477e-07
1.663207097509922761e-07
1.657771784849179713e-07
1.652357773196548783e-07
1.646964965223810811e-07
1.641593264110574387e-07
1.636242573541443586e-07
1.630912797702982943e-07
1.625603841280742514e-07
1.620315609456444138e-07
1.615048007904960971e-07
1.609800942791478602e-07
1.604574320768689786e-07
1.599368048973851270e-07
1.594182035025980111e-07
1.589016187023115909e-07
1.583870413539440367e-07
1.578744623622534225e-07
1.573638726790646108e-07
1.568552633029894674e-07
1.563486252791615012e-07
1.558439496989631469e-07
1.553412276997540785e-07
1.548404504646095558e-07
1.543416092220528414e-07
1.538446952457884382e-07
1.533496998544476090e-07
1.528566144113242611e-07
1.523654303241136893e-07
1.518761390446634956e-07
1.513887320687106647e-07
1.509032009356328009e-07
1.504195372281955804e-07
1.499377325723040672e-07
1.494577786367471476e-07
1.489796671329619490e-07
1.485033898147778777e-07
1.480289384781801634e-07
1.475563049610619707e-07
1.470854811429877321e-07
1.466164589449539673e-07
1.461492303291479584e-07
1.456837872987155567e-07
1.452201218975238284e-07
1.447582262099296292e-07
1.442980923605481261e-07
1.438397125140183545e-07
1.433830788747830164e-07
1.429281836868515490e-07
1.424750192335834433e-07
1.420235778374551777e-07
1.415738518598426627e-07
1.411258337007988422e-07
1.406795157988325910e-07
1.402348906306914510e-07
1.397919507111422497e-07
1.393506885927547100e-07
1.389110968656898502e-07
1.384731681574843088e-07
1.380368951328390887e-07
1.376022704934090435e-07
1.371692869775923367e-07
1.367379373603255126e-07
1.363082144528712350e-07
1.358801111026200289e-07
1.354536201928802161e-07
1.350287346426787567e-07
1.346054474065580404e-07
1.341837514743760399e-07
1.337636398711061993e-07
1.333451056566433046e-07
1.329281419256021017e-07
1.325127418071228760e-07
1.320988984646827491e-07
1.316866050958964676e-07
1.312758549323268789e-07
1.308666412392952493e-07
1.304589573156895963e-07
1.300527964937806966e-07
1.296481521390321131e-07
1.292450176499125770e-07
1.288433864577176341e-07
1.284432520263796186e-07
1.280446078522889553e-07
1.276474474641117039e-07
1.272517644226104373e-07
1.268575523204638773e-07
1.264648047820902346e-07
1.260735154634694647e-07
1.256836780519692554e-07
1.252952862661664087e-07
1.249083338556789958e-07
1.245228146009922394e-07
1.241387223132827007e-07
1.237560508342520234e-07
1.233747940359600147e-07
1.229949458206488863e-07
1.226165001205835622e-07
1.222394508978813721e-07
1.218637921443483093e-07
1.214895178813151561e-07
1.211166221594724717e-07
1.207450990587113496e-07
1.203749426879601521e-07
1.200061471850242358e-07
1.196387067164290388e-07
1.192726154772590648e-07
1.189078676910033133e-07
1.185444576093966588e-07
1.181823795122664988e-07
1.178216277073757478e-07
1.174621965302748184e-07
1.171040803441427234e-07
1.167472735396377862e-07
1.163917705347495818e-07
1.160375657746475168e-07
1.156846537315294221e-07
1.153330289044777160e-07
1.149826858193108296e-07
1.146336190284370801e-07
1.142858231107070490e-07
1.139392926712750260e-07
1.135940223414492298e-07
1.132500067785549461e-07
1.129072406657861113e-07
1.125657187120729111e-07
1.122254356519328082e-07
1.118863862453396098e-07
1.115485652775778705e-07
1.112119675591112313e-07
1.108765879254396686e-07
1.105424212369733125e-07
1.102094623788867438e-07
1.098777062609899542e-07
1.095471478175949512e-07
1.092177820073839789e-07
1.088896038132741118e-07
1.085626082422899876e-07
1.082367903254324382e-07
1.079121451175459818e-07
1.075886676971967309e-07
1.072663531665376483e-07
1.069451966511862165e-07
1.066251933000936904e-07
1.063063382854266321e-07
1.059886268024330001e-07
1.056720540693246627e-07
1.053566153271515351e-07
1.050423058396786000e-07
1.047291208932650605e-07
1.044170557967443519e-07
1.041061058812992975e-07
1.037962665003465150e-07
1.034875330294163888e-07
1.031799008660338114e-07
1.028733654296016622e-07
1.025679221612825416e-07
1.022635665238840238e-07
1.019602940017418725e-07
1.016581001006069354e-07
1.013569803475284655e-07
1.010569302907416905e-07
1.007579454995574605e-07
1.004600215642454765e-07
1.001631540959272334e-07
9.986733872646167053e-08
9.957257110833607632e-08
9.927884691455860805e-08
9.898616183854725088e-08
9.869451159402106689e-08
9.840389191489402471e-08
9.811429855516865725e-08
9.782572728882678117e-08
9.753817390972782646e-08
9.725163423149999273e-08
9.696610408743779793e-08
9.668157933039711239e-08
9.639805583269350168e-08
9.611552948599781658e-08
9.583399620123617693e-08
9.555345190848524405e-08
9.527389255687499718e-08
9.499531411448603075e-08
9.471771256825124561e-08
9.444108392385613739e-08
9.416542420564006420e-08
9.389072945649852023e-08
9.361699573778515783e-08
9.334421912921603309e-08
9.307239572877414261e-08
9.280152165261177645e-08
9.253159303495476370e-08
9.226260602800989446e-08
9.199455680187273879e-08
9.172744154442778950e-08
9.146125646126247505e-08
9.119599777556867875e-08
9.093166172805839280e-08
9.066824457686248462e-08
9.040574259744943460e-08
9.014415208252962145e-08
8.988346934196598660e-08
8.962369070268704134e-08
8.936481250859500341e-08
8.910683112048180843e-08
8.884974291593677001e-08
8.859354428926276327e-08
8.833823165138769659e-08
8.808380142977921280e-08
8.783025006835976086e-08
8.757757402741825299e-08
8.732576978352856420e-08
8.707483382946526576e-08
8.682476267411663227e-08
8.657555284240618523e-08
8.632720087520486629e-08
8.607970332925246175e-08
8.583305677707361394e-08
8.558725780689932504e-08
8.534230302258090389e-08
8.509818904351524177e-08
8.485491250456210759e-08
8.461247005596199891e-08
8.437085836326385296e-08
8.413007410723867581e-08
8.389011398380790184e-08
8.365097470396121836e-08
8.341265299368151052e-08
8.317514559386791367e-08
8.293844926025709223e-08
8.270256076335218160e-08
8.246747688834197588e-08
8.223319443502738159e-08
8.199971021775018752e-08
8.176702106531258336e-08
8.153512382091008525e-08
8.130401534205265588e-08
8.107369250049363309e-08
8.084415218215959822e-08
8.061539128707222406e-08
8.038740672928439007e-08
8.016019543680205678e-08
7.993375435151585470e-08
7.970808042913138933e-08
7.948317063909811693e-08
7.925902196454058919e-08
7.903563140218526435e-08
7.881299596229781352e-08
7.859111266860921702e-08
7.836997855825046347e-08
7.814959068168294748e-08
7.792994610263245403e-08
7.771104189802218994e-08
7.749287515790246688e-08
7.727544298539173995e-08
7.705874249660183053e-08
7.684277082058018250e-08
7.662752509923957169e-08
7.641300248729551813e-08
7.619920015220040271e-08
7.598611527408068094e-08
7.577374504567388482e-08
7.556208667226166755e-08
7.535113737161033917e-08
7.514089437390753758e-08
7.493135492169707326e-08
7.472251626982143682e-08
7.451437568535730543e-08
7.430693044755229325e-08
7.410017784777009287e-08
7.389411518942391697e-08
7.368873978791919133e-08
7.348404897059170810e-08
7.328004007665083497e-08
7.307671045711776114e-08
7.287405747476740936e-08
7.267207850406907751e-08
7.247077093112972705e-08
7.227013215363461132e-08
7.207015958078947878e-08
7.187085063326530409e-08
7.167220274313759294e-08
7.147421335383379982e-08
7.127687992007313570e-08
7.108019990781358884e-08
7.088417079419390298e-08
7.068879006747981722e-08
7.049405522700718249e-08
7.029996378312906168e-08
7.010651325715866080e-08
6.991370118131726289e-08
6.972152509867977976e-08
6.952998256312101826e-08
6.933907113926053053e-08
6.914878840241226848e-08
6.895913193853130011e-08
6.877009934415862004e-08
6.858168822637255096e-08
6.839389620273441444e-08
6.820672090123829130e-08
6.802015996025765847e-08
6.783421102849786258e-08
6.764887176494126128e-08
6.746413983879906151e-08
6.728001292946089456e-08
6.709648872644404703e-08
6.691356492934551083e-08
6.673123924778950684e-08
6.654950940138087162e-08
6.636837311965557219e-08
6.618782814203178980e-08
6.600787221776153329e-08
6.582850310588245073e-08
6.564971857517071331e-08
6.547151640409310499e-08
6.529389438075880782e-08
6.511685030287311950e-08
6.494038197769039013e-08
6.476448722196934125e-08
6.458916386192313055e-08
6.441440973317525325e-08
6.424022268071525814e-08
6.406660055884993732e-08
6.389354123116176865e-08
6.372104257045970841e-08
6.354910245873744847e-08
6.337771878712799417e-08
6.320688945585854652e-08
6.303661237420785945e-08
6.286688546046116174e-08
6.269770664186677306e-08
6.252907385459318322e-08
6.236098504368492706e-08
6.219343816302145039e-08
6.202643117527179374e-08
6.185996205185515239e-08
6.169402877289579834e-08
6.152862932718301828e-08
6.136376171212832521e-08
6.119942393372452291e-08
6.103561400650409546e-08
6.087232995349704090e-08
6.070956980619274144e-08
6.054733160449582519e-08
6.038561339668824814e-08
6.022441323938825282e-08
6.006372919750993563e-08
5.990355934422346286e-08
5.974390176091694090e-08
5.958475453715430284e-08
5.942611577063896549e-08
5.926798356717198723e-08
5.911035604061714778e-08
5.895323131285774292e-08
5.879660751376159801e-08
5.864048278114149572e-08
5.848485526071876680e-08
5.832972310608318841e-08
5.817508447865642271e-08
5.802093754765547533e-08
5.786728049005486345e-08
5.771411149054922723e-08
5.756142874151757574e-08
5.740923044298581903e-08
5.725751480259088828e-08
5.710628003554518694e-08
5.695552436459744191e-08
5.680524602000195226e-08
5.665544323947929487e-08
5.650611426818092105e-08
5.635725735865649952e-08
5.620887077081621014e-08
5.606095277189739866e-08
5.591350163642893513e-08
5.576651564619803402e-08
5.561999309021413625e-08
5.547393226467625206e-08
5.532833147293828563e-08
5.518318902547557062e-08
5.503850323985083007e-08
5.489427244068116857e-08
5.475049495960476006e-08
5.460716913524770762e-08
5.446429331319096292e-08
5.432186584593803967e-08
5.417988509288125142e-08
5.403834942027080811e-08
5.389725720118265527e-08
5.375660681548489711e-08
5.361639664980614528e-08
5.347662509750603155e-08
5.333729055864085001e-08
5.319839143993350065e-08
5.305992615474244692e-08
5.292189312302987261e-08
5.278429077133075187e-08
5.264711753272414939e-08
5.251037184679906112e-08
5.237405215962744820e-08
5.223815692373142766e-08
5.210268459805479096e-08
5.196763364793221959e-08
5.183300254505923529e-08
5.169878976746388400e-08
5.156499379947598457e-08
5.143161313169803189e-08
5.129864626097578232e-08
5.116609169037138687e-08
5.103394792913004590e-08
5.090221349265553119e-08
5.077088690247993097e-08
5.063996668623476481e-08
5.050945137762379909e-08
5.037933951639320901e-08
5.024962964830549260e-08
5.012032032511092964e-08
4.999141010451890834e-08
4.986289755017115771e-08
4.973478123161535725e-08
4.960705972427522604e-08
4.947973160942574045e-08
4.935279547416562542e-08
4.922624991138915087e-08
4.910009351976117737e-08
4.897432490368940917e-08
4.884894267329798395e-08
4.872394544440201556e-08
4.859933183848052201e-08
4.847510048265018732e-08
4.835125000964087699e-08
4.822777905776742780e-08
4.810468627090716174e-08
4.798197029847158322e-08
4.785962979538139158e-08
4.773766342204320754e-08
4.761606984432198506e-08
4.749484773351744664e-08
4.737399576633859954e-08
4.725351262487915194e-08
4.713339699659363062e-08
4.701364757427041484e-08
4.689426305601093776e-08
4.677524214520245557e-08
4.665658355049490639e-08
4.653828598577721971e-08
4.642034817015354001e-08
4.630276882791851053e-08
4.618554668853471443e-08
4.606868048660811746e-08
4.595216896186506570e-08
4.583601085912968037e-08
4.572020492829959832e-08
4.560474992432343956e-08
4.548964460717769919e-08
4.537488774184455249e-08
4.526047809828750270e-08
4.514641445143125076e-08
4.503269558113685343e-08
4.491932027218070628e-08
4.480628731423136940e-08
4.469359550182890774e-08
4.458124363436078373e-08
4.446923051604212413e-08
4.435755495589217506e-08
4.424621576771306670e-08
4.413521177006886244e-08
4.402454178626325807e-08
4.391420464431931257e-08
4.380419917695558557e-08
4.369452422156877984e-08
4.358517862020962068e-08
4.347616121956309621e-08
4.336747087092722864e-08
4.325910643019329469e-08
4.315106675782343883e-08
4.304335071883183998e-08
4.293595718276338349e-08
4.282888502367351768e-08
4.272213312010766690e-08
4.261570035508214029e-08
4.250958561606243971e-08
4.240378779494478387e-08
4.229830578803595163e-08
4.219313849603280092e-08
4.208828482400415690e-08
4.198374368136889487e-08
4.187951398187852325e-08
4.177559464359776796e-08
4.167198458888432302e-08
4.156868274436968645e-08
4.146568804094100201e-08
4.136299941372137227e-08
4.126061580205152171e-08
4.115853614947053331e-08
4.105675940369730647e-08
4.095528451661229950e-08
4.085411044423827945e-08
4.075323614672244840e-08
4.065266058831886754e-08
4.055238273736779086e-08
4.045240156628092150e-08
4.035271605152022271e-08
4.025332517358173154e-08
4.015422791697785721e-08
4.005542327021785301e-08
3.995691022579184839e-08
3.985868778015310766e-08
3.976075493369891872e-08
3.966311069075566415e-08
3.956575405955860492e-08
3.946868405223728231e-08
3.937189968479652579e-08
3.927539997710067050e-08
3.917918395285418791e-08
3.908325063958833186e-08
3.898759906864118034e-08
3.889222827514243521e-08
3.879713729799658743e-08
3.870232517986573154e-08
3.860779096715296251e-08
3.851353370998740706e-08
3.841955246220597277e-08
3.832584628133845881e-08
3.823241422859001971e-08
3.813925536882682539e-08
3.804636877055834620e-08
3.795375350592247034e-08
3.786140865066837128e-08
3.776933328414249200e-08
3.767752648927184918e-08
3.758598735254744991e-08
3.749471496401033543e-08
3.740370841723499791e-08
3.731296680931484846e-08
3.722248924084615663e-08
3.713227481591201633e-08
3.704232264206973960e-08
3.695263183033239395e-08
3.686320149515666593e-08
3.677403075442540435e-08
3.668511872943539785e-08
3.659646454487958719e-08
3.650806732883473697e-08
3.641992621274469348e-08
3.633204033140815569e-08
3.624440882296178747e-08
3.615703082886683718e-08
3.606990549389516161e-08
3.598303196611315881e-08
3.589640939686944639e-08
3.581003694078007821e-08
3.572391375571346977e-08
3.563803900277730895e-08
3.555241184630406380e-08
3.546703145383747630e-08
3.538189699611848049e-08
3.529700764707091537e-08
3.521236258378865399e-08
3.512796098652128326e-08
3.504380203866047870e-08
3.495988492672741799e-08
3.487620884035736898e-08
3.479277297228889663e-08
3.470957651834796129e-08
3.462661867743637787e-08
3.454389865151746261e-08
3.446141564560382389e-08
3.437916886774366411e-08
3.429715752900792201e-08
3.421538084347712381e-08
3.413383802822898210e-08
3.405252830332478376e-08
3.397145089179717418e-08
3.389060501963733261e-08
3.380998991578202848e-08
3.372960481210164379e-08
3.364944894338681914e-08
3.356952154733637025e-08
3.348982186454505893e-08
3.341034913849083463e-08
3.333110261552286353e-08
3.325208154484867740e-08
3.317328517852303650e-08
3.309471277143456227e-08
3.301636358129504363e-08
3.293823686862560643e-08
3.286033189674679396e-08
3.278264793176483574e-08
3.270518424256106619e-08
3.262794010077962948e-08
3.255091478081538940e-08
3.247410755980332824e-08
3.239751771760570234e-08
3.232114453680085859e-08
3.224498730267254724e-08
3.216904530319686574e-08
3.209331782903210751e-08
3.201780417350764468e-08
3.194250363261095125e-08
3.186741550497796814e-08
3.179253909188139023e-08
3.171787369721940356e-08
3.164341862750423707e-08
3.156917319185217032e-08
3.149513670197183382e-08
3.142130847215280056e-08
3.134768781925577892e-08
3.127427406270136972e-08
3.120106652445854515e-08
3.112806452903471606e-08
3.105526740346558735e-08
3.098267447730286283e-08
3.091028508260466972e-08
3.083809855392576485e-08
3.076611422830525270e-08
3.069433144525797608e-08
3.062274954676265767e-08
3.055136787725211283e-08
3.048018578360376681e-08
3.040920261512789553e-08
3.033841772355845380e-08
3.026783046304259330e-08
3.019744019013119965e-08
3.012724626376735155e-08
3.005724804527815485e-08
2.998744489836301651e-08
2.991783618908504181e-08
2.984842128586063845e-08
2.977919955944994103e-08
2.971017038294636215e-08
2.964133313176759266e-08
2.957268718364603617e-08
2.950423191861835344e-08
2.943596671901572818e-08
2.936789096945655142e-08
2.930000405683348110e-08
2.923230537030659966e-08
2.916479430129358049e-08
2.909747024345880885e-08
2.903033259270556669e-08
2.896338074716670866e-08
2.889661410719414697e-08
2.883003207535116857e-08
2.876363405640227073e-08
2.869741945730435323e-08
2.863138768719755320e-08
2.856553815739670199e-08
2.849987028138149827e-08
2.843438347478804434e-08
2.836907715539960150e-08
2.830395074313864589e-08
2.823900366005667754e-08
2.817423533032678243e-08
2.810964518023332247e-08
2.804523263816482838e-08
2.798099713460418933e-08
2.791693810212072853e-08
2.785305497536126971e-08
2.778934719104168994e-08
2.772581418793768496e-08
2.766245540687803266e-08
2.759927029073429300e-08
2.753625828441343289e-08
2.747341883484915070e-08
2.741075139099406437e-08
2.734825540381017899e-08
2.728593032626225941e-08
2.722377561330842688e-08
2.716179072189222471e-08
2.709997511093528615e-08
2.703832824132797732e-08
2.697684957592171436e-08
2.691553857952228642e-08
2.685439471887974091e-08
2.679341746268168331e-08
2.673260628154556790e-08
2.667196064800964172e-08
2.661148003652662495e-08
2.655116392345462516e-08
2.649101178704988787e-08
2.643102310745927586e-08
2.637119736671218594e-08
2.631153404871275360e-08
2.625203263923317601e-08
2.619269262590476856e-08
2.613351349821122827e-08
2.607449474748102705e-08
2.601563586687981490e-08
2.595693635140292891e-08
2.589839569786812405e-08
2.584001340490783404e-08
2.578178897296228258e-08
2.572372190427155567e-08
2.566581170286912313e-08
2.560805787457391753e-08
2.555045992698312443e-08
2.549301736946515473e-08
2.543572971315277901e-08
2.537859647093580206e-08
2.532161715745311528e-08
2.526479128908709508e-08
2.520811838395574460e-08
2.515159796190550059e-08
2.509522954450493027e-08
2.503901265503693930e-08
2.498294681849263409e-08
2.492703156156447277e-08
2.487126641263804628e-08
2.481565090178749584e-08
2.476018456076664882e-08
2.470486692300365870e-08
2.464969752359350409e-08
2.459467589929131512e-08
2.453980158850654012e-08
2.448507413129515029e-08
2.443049306935399500e-08
2.437605794601317190e-08
2.432176830623092815e-08
2.426762369658576915e-08
2.421362366527047965e-08
2.415976776208613167e-08
2.410605553843485493e-08
2.405248654731389110e-08
2.399906034330882410e-08
2.394577648258839210e-08
2.389263452289636455e-08
2.383963402354654931e-08
2.378677454541628777e-08
2.373405565093998291e-08
2.368147690410304769e-08
2.362903787043523797e-08
2.357673811700558685e-08
2.352457721241540009e-08
2.347255472679241294e-08
2.342067023178430503e-08
2.336892330055352880e-08
2.331731350777042412e-08
2.326584042960805993e-08
2.321450364373545800e-08
2.316330272931183577e-08
2.311223726698137190e-08
2.306130683886630434e-08
2.301051102856191096e-08
2.295984942113017002e-08
2.290932160309408577e-08
2.285892716243206024e-08
2.280866568857175895e-08
2.275853677238495584e-08
2.270854000618117066e-08
2.265867498370249407e-08
2.260894130011780406e-08
2.255933855201662821e-08
2.250986633740439903e-08
2.246052425569642542e-08
2.241131190771196678e-08
2.236222889566973646e-08
2.231327482318082439e-08
2.226444929524497475e-08
2.221575191824394209e-08
2.216718229993591281e-08
2.211874004945138578e-08
2.207042477728624062e-08
2.202223609529735356e-08
2.197417361669733998e-08
2.192623695604797326e-08
2.187842572925648902e-08
2.183073955356942092e-08
2.178317804756733652e-08
2.173574083116006603e-08
2.168842752558101804e-08
2.164123775338221302e-08
2.159417113842914494e-08
2.154722730589553358e-08
2.150040588225874534e-08
2.145370649529327827e-08
2.140712877406754608e-08
2.136067234893746246e-08
2.131433685154193463e-08
2.126812191479781753e-08
2.122202717289495407e-08
2.117605226129113260e-08
2.113019681670700142e-08
2.108446047712172442e-08
2.103884288176725702e-08
2.099334367112398855e-08
2.094796248691616297e-08
2.090269897210581734e-08
2.085755277088981384e-08
2.081252352869339772e-08
2.076761089216614080e-08
2.072281450917721000e-08
2.067813402881073181e-08
2.063356910136035936e-08
2.058911937832577182e-08
2.054478451240695361e-08
2.050056415749984009e-08
2.045645796869196332e-08
2.041246560225764118e-08
2.036858671565321938e-08
2.032482096751311096e-08
2.028116801764431705e-08
2.023762752702242328e-08
2.019419915778748046e-08
2.015088257323864772e-08
2.010767743783025186e-08
2.006458341716728415e-08
2.002160017800102291e-08
1.997872738822434172e-08
1.993596471686723274e-08
1.989331183409319688e-08
1.985076841119393331e-08
1.980833412058548147e-08
1.976600863580398594e-08
1.972379163150123625e-08
1.968168278343992218e-08
1.963968176849055004e-08
1.959778826462575168e-08
1.955600195091731320e-08
1.951432250753100349e-08
1.947274961572286180e-08
1.943128295783529675e-08
1.938992221729206704e-08
1.934866707859488997e-08
1.930751722731917319e-08
1.926647235010927664e-08
1.922553213467572658e-08
1.918469626978983229e-08
1.914396444527999359e-08
1.910333635202847475e-08
1.906281168196609075e-08
1.902239012806924595e-08
1.898207138435526219e-08
1.894185514587894098e-08
1.890174110872834495e-08
1.886172897002036408e-08
1.882181842789820446e-08
1.878200918152587590e-08
1.874230093108516450e-08
1.870269337777185401e-08
1.866318622379132863e-08
1.862377917235508888e-08
1.858447192767718807e-08
1.854526419496962003e-08
1.850615568043957940e-08
1.846714609128444567e-08
1.842823513568947695e-08
1.838942252282257230e-08
1.835070796283187621e-08
1.831209116684103387e-08
1.827357184694620342e-08
1.823514971621190678e-08
1.819682448866778714e-08
1.815859587930443332e-08
1.812046360407045158e-08
1.808242737986787640e-08
1.804448692454965253e-08
1.800664195691527746e-08
1.796889219670759188e-08
1.793123736460898134e-08
1.789367718223800791e-08
1.785621137214582357e-08
1.781883965781296403e-08
1.778156176364491506e-08
1.774437741496982616e-08
1.770728633803437795e-08
1.767028826000011280e-08
1.763338290894064561e-08
1.759657001383800100e-08
1.755984930457851386e-08
1.752322051195081097e-08
1.748668336764098694e-08
1.745023760423022851e-08
1.741388295519103930e-08
1.737761915488398737e-08
1.734144593855432034e-08
1.730536304232877915e-08
1.726937020321217016e-08
1.723346715908412599e-08
1.719765364869582981e-08
1.716192941166675959e-08
1.712629418848138600e-08
1.709074772048627728e-08
1.705528974988620814e-08
1.701992001974155588e-08
1.698463827396497501e-08
1.694944425731789674e-08
1.691433771540799111e-08
1.687931839468527263e-08
1.684438604243936733e-08
1.680954040679658117e-08
1.677478123671640936e-08
1.674010828198854198e-08
1.670552129322985634e-08
1.667102002188123730e-08
1.663660422020465234e-08
1.660227364127990243e-08
1.656802803900190885e-08
1.653386716807745080e-08
1.649979078402188316e-08
1.646579864315677401e-08
1.643189050260652982e-08
1.639806612029524878e-08
1.636432525494445435e-08
1.633066766606913142e-08
1.629709311397569143e-08
1.626360135975850816e-08
1.623019216529734020e-08
1.619686529325415462e-08
1.616362050707038731e-08
1.613045757096409087e-08
1.609737624992675164e-08
1.606437630972110924e-08
1.603145751687751695e-08
1.599861963869168851e-08
1.596586244322169046e-08
1.593318569928503382e-08
1.590058917645579542e-08
1.586807264506253018e-08
1.583563587618443625e-08
1.580327864164925730e-08
1.577100071403069839e-08
1.573880186664488568e-08
1.570668187354856972e-08
1.567464050953570100e-08
1.564267755013508071e-08
1.561079277160777333e-08
1.557898595094384424e-08
1.554725686586047042e-08
1.551560529479843322e-08
1.548403101692049378e-08
1.545253381210746554e-08
1.542111346095704964e-08
1.538976974477971549e-08
1.535850244559732438e-08
1.532731134613984059e-08
1.529619622984316752e-08
1.526515688084584222e-08
1.523419308398739102e-08
1.520330462480521927e-08
1.517249128953236476e-08
1.514175286509440736e-08
1.511108913910768230e-08
1.508049989987617991e-08
1.504998493638938832e-08
1.501954403831958034e-08
1.498917699601964950e-08
1.495888360052003962e-08
1.492866364352709369e-08
1.489851691741963602e-08
1.486844321524765699e-08
1.483844233072866519e-08
1.480851405824626964e-08
1.477865819284722176e-08
1.474887453023908940e-08
1.471916286678814085e-08
1.468952299951647124e-08
1.465995472609995446e-08
1.463045784486589393e-08
1.460103215479050965e-08
1.457167745549671804e-08
1.454239354725162889e-08
1.451318023096449561e-08
1.448403730818407982e-08
1.445496458109640477e-08
1.442596185252277665e-08
1.439702892591713437e-08
1.436816560536376652e-08
1.433937169557517392e-08
1.431064700189001824e-08
1.428199133027031616e-08
1.425340448729972220e-08
1.422488628018081719e-08
1.419643651673352833e-08
1.416805500539214313e-08
1.413974155520361859e-08
1.411149597582521221e-08
1.408331807752244708e-08
1.405520767116646990e-08
1.402716456823239658e-08
1.399918858079690684e-08
1.397127952153629866e-08
1.394343720372380987e-08
1.391566144122791912e-08
1.388795204851044504e-08
1.386030884062353690e-08
1.383273163320874659e-08
1.380522024249366857e-08
1.377777448529072390e-08
1.375039417899523790e-08
1.372307914158198088e-08
1.369582919160495306e-08
1.366864414819376649e-08
1.364152383105272853e-08
1.361446806045785571e-08
1.358747665725557677e-08
1.356054944286002935e-08
1.353368623925185404e-08
1.350688686897546132e-08
1.348015115513718863e-08
1.345347892140355996e-08
1.342686999199896646e-08
1.340032419170391612e-08
1.337384134585306506e-08
1.334742128033294777e-08
1.332106382158024498e-08
1.329476879658015744e-08
1.326853603286351737e-08
1.324236535850598614e-08
1.321625660212512933e-08
1.319020959287929011e-08
1.316422416046511930e-08
1.313830013511598881e-08
1.311243734759985257e-08
1.308663562921740688e-08
1.306089481180054357e-08
1.303521472770991148e-08
1.300959520983345566e-08
1.298403609158444867e-08
1.295853720689960959e-08
1.293309839023713862e-08
1.290771947657503461e-08
1.288240030140937451e-08
1.285714070075209985e-08
1.283194051112939709e-08
1.280679956958022860e-08
1.278171771365400493e-08
1.275669478140902309e-08
1.273173061141030103e-08
1.270682504272883315e-08
1.268197791493842881e-08
1.265718906811492487e-08
1.263245834283425669e-08
1.260778558017031743e-08
1.258317062169351371e-08
1.255861330946901041e-08
1.253411348605471232e-08
1.250967099450020534e-08
1.248528567834424022e-08
1.246095738161345700e-08
1.243668594882054875e-08
1.241247122496279241e-08
1.238831305551983862e-08
1.236421128645246431e-08
1.234016576420082075e-08
1.231617633568271959e-08
1.229224284829180484e-08
1.226836514989616981e-08
1.224454308883640658e-08
1.222077651392417173e-08
1.219706527444049223e-08
1.217340922013390926e-08
1.214980820121939625e-08
1.212626206837619336e-08
1.210277067274625396e-08
1.207933386593291130e-08
1.205595149999895112e-08
1.203262342746545195e-08
1.200934950130954017e-08
1.198612957496346852e-08
1.196296350231253984e-08
1.193985113769390936e-08
1.191679233589455646e-08
1.189378695215035319e-08
1.187083484214385248e-08
1.184793586200311018e-08
1.182508986830019119e-08
1.180229671804930829e-08
1.177955626870553341e-08
1.175686837816343609e-08
1.173423290475479217e-08
1.171164970724829098e-08
1.168911864484683709e-08
1.166663957718685380e-08
1.164421236433634094e-08
1.162183686679348685e-08
1.159951294548531015e-08
1.157724046176622211e-08
1.155501927741611418e-08
1.153284925463942662e-08
1.151073025606331712e-08
1.148866214473636539e-08
1.146664478412709753e-08
1.144467803812255000e-08
1.142276177102689322e-08
1.140089584755964815e-08
1.137908013285473339e-08
1.135731449245867845e-08
1.133559879232952528e-08
1.131393289883498696e-08
1.129231667875148485e-08
1.127074999926244460e-08
1.124923272795697101e-08
1.122776473282865855e-08
1.120634588227368885e-08
1.118497604509009779e-08
1.116365509047589783e-08
1.114238288802795302e-08
1.112115930774061749e-08
1.109998422000410255e-08
1.107885749560343120e-08
1.105777900571710795e-08
1.103674862191548934e-08
1.101576621615948853e-08
1.099483166079956614e-08
1.097394482857414541e-08
1.095310559260810671e-08
1.093231382641189250e-08
1.091156940387983152e-08
1.089087219928915771e-08
1.087022208729844686e-08
1.084961894294610451e-08
1.082906264164973067e-08
1.080855305920433151e-08
1.078809007178098585e-08
1.076767355592600979e-08
1.074730338855912696e-08
1.072697944697268929e-08
1.070670160882996976e-08
1.068646975216432028e-08
1.066628375537760834e-08
1.064614349723911026e-08
1.062604885688408840e-08
1.060599971381291605e-08
1.058599594788937504e-08
1.056603743933976079e-08
1.054612406875145783e-08
1.052625571707207797e-08
1.050643226560748986e-08
1.048665359602150639e-08
1.046691959033398049e-08
1.044723013091990350e-08
1.042758510050834639e-08
1.040798438218080703e-08
1.038842785937040125e-08
1.036891541586056743e-08
1.034944693578399947e-08
1.033002230362096098e-08
1.031064140419896101e-08
1.029130412269074406e-08
1.027201034461375563e-08
1.025275995582854915e-08
1.023355284253788599e-08
1.021438889128533583e-08
1.019526798895451405e-08
1.017619002276762585e-08
1.015715488028425860e-08
1.013816244940055464e-08
1.011921261834799369e-08
1.010030527569203459e-08
1.008144031033107968e-08
1.006261761149569231e-08
1.004383706874691599e-08
1.002509857197579129e-08
1.000640201140155928e-08
9.987747277571221377e-09
9.969134261357995892e-09
9.950562853960371712e-09
9.932032946901004839e-09
9.913544432025648025e-09
9.895097201502214400e-09
9.876691147819276967e-09
9.858326163785383697e-09
9.840002142527997083e-09
9.821718977492025067e-09
9.803476562439410760e-09
9.785274791447281209e-09
9.767113558907565241e-09
9.748992759525572368e-09
9.730912288319230124e-09
9.712872040617623267e-09
9.694871912060457762e-09
9.676911798596465982e-09
9.658991596482943480e-09
9.641111202284415582e-09
9.623270512871461129e-09
9.605469425420221135e-09
9.587707837410731191e-09
9.569985646626406959e-09
9.552302751152780238e-09
9.534659049376559289e-09
9.517054439984796688e-09
9.499488821963521176e-09
9.481962094597133807e-09
9.464474157467023260e-09
9.447024910451051320e-09
9.429614253722232707e-09
9.412242087747651466e-09
9.394908313287941497e-09
9.377612831395958104e-09
9.360355543415770490e-09
9.343136350982072801e-09
9.325955156018643919e-09
9.308811860738071182e-09
9.291706367640307783e-09
9.274638579511688421e-09
9.257608399424389984e-09
9.240615730735165959e-09
9.223660477084535799e-09
9.206742542395679804e-09
9.189861830873868372e-09
9.173018247004882080e-09
9.156211695555053045e-09
9.139442081569283000e-09
9.122709310370962228e-09
9.106013287560485602e-09
9.089353919014830721e-09
9.072731110886110345e-09
9.056144769601163770e-09
9.039594801860273039e-09
9.023081114636613697e-09
9.006603615174893252e-09
8.990162210991103020e-09
8.973756809870901812e-09
8.957387319869382676e-09
8.941053649309631937e-09
8.924755706782317274e-09
8.908493401144518076e-09
8.892266641518957825e-09
8.876075337293077650e-09
8.859919398118298483e-09
8.843798733908972196e-09
8.827713254841655332e-09
8.811662871354129729e-09
8.795647494144810253e-09
8.779667034171512302e-09
8.763721402650968733e-09
8.747810511057651954e-09
8.731934271123180012e-09
8.716092594835453011e-09
8.700285394437630725e-09
8.684512582427484079e-09
8.668774071556561360e-09
8.653069774829187320e-09
8.637399605501839488e-09
8.621763477082210145e-09
8.606161303328508183e-09
8.590592998248441673e-09
8.575058476098504838e-09
8.559557651383332847e-09
8.544090438854532186e-09
8.528656753510356402e-09
8.513256510594443824e-09
8.497889625595276589e-09
8.482556014245290593e-09
8.467255592520217060e-09
8.451988276638066757e-09
8.436753983058489763e-09
8.421552628482121994e-09
8.406384129849446999e-09
8.391248404340398919e-09
8.376145369373277224e-09
8.361074942604232203e-09
8.346037041926310402e-09
8.331031585468754830e-09
8.316058491596191009e-09
8.301117678908057875e-09
8.286209066237562224e-09
8.271332572651088104e-09
8.256488117447468894e-09
8.241675620157211412e-09
8.226895000541624064e-09
8.212146178592279177e-09
8.197429074530028656e-09
8.182743608804588736e-09
8.168089702093395168e-09
8.153467275301321973e-09
8.138876249559498578e-09
8.124316546224949164e-09
8.109788086879652986e-09
8.095290793329854510e-09
8.080824587605400007e-09
8.066389391958976554e-09
8.051985128865471791e-09
8.037611721021102074e-09
8.023269091342775549e-09
8.008957162967577640e-09
7.994675859251710609e-09
7.980425103770007169e-09
7.966204820315177755e-09
7.952014932897208331e-09
7.937855365742521632e-09
7.923726043293356779e-09
7.909626890207057901e-09
7.895557831355384268e-09
7.881518791823767484e-09
7.867509696910896241e-09
7.853530472127541721e-09
7.839581043196451720e-09
7.825661336051214100e-09
7.811771276835750554e-09
7.797910791903783904e-09
7.784079807817886841e-09
7.770278251349065026e-09
7.756506049475981196e-09
7.742763129384235517e-09
7.729049418465819642e-09
7.715364844318458280e-09
7.701709334744848185e-09
7.688082817752138688e-09
7.674485221551033382e-09
7.660916474555566779e-09
7.647376505381976038e-09
7.633865242848479280e-09
7.620382615974294550e-09
7.606928553979191490e-09
7.593502986282948703e-09
7.580105842504394227e-09
7.566737052460980362e-09
7.553396546168325415e-09
7.540084253839183029e-09
7.526800105883122894e-09
7.513544032905776357e-09
7.500315965708325225e-09
7.487115835286710982e-09
7.473943572831209613e-09
7.460799109725659024e-09
7.447682377546890763e-09
7.434593308064241162e-09
7.421531833238707605e-09
7.408497885222616839e-09
7.395491396358696866e-09
7.382512299179895800e-09
7.369560526408342095e-09
7.356636010954985551e-09
7.343738685919074537e-09
7.330868484587343695e-09
7.318025340433562305e-09
7.305209187117850203e-09
7.292419958486337812e-09
7.279657588570131336e-09
7.266922011585252380e-09
7.254213161931633748e-09
7.241530974192754662e-09
7.228875383135018716e-09
7.216246323707052432e-09
7.203643731039551401e-09
7.191067540444135466e-09
7.178517687413149374e-09
7.165994107619030805e-09
7.153496736913641187e-09
7.141025511327786758e-09
7.128580367070761959e-09
7.116161240529480072e-09
7.103768068268329287e-09
7.091400787028239643e-09
7.079059333726397653e-09
7.066743645455409192e-09
7.054453659483160537e-09
7.042189313251843118e-09
7.029950544377686336e-09
7.017737290650383504e-09
7.005549490032385435e-09
6.993387080658567083e-09
6.981250000835428492e-09
6.969138189040961616e-09
6.957051583923627101e-09
6.944990124302273216e-09
6.932953749165309504e-09
6.920942397670257621e-09
6.908956009143260816e-09
6.896994523078502427e-09
6.885057879137807179e-09
6.873146017149888446e-09
6.861258877110088521e-09
6.849396399179648213e-09
6.837558523685376801e-09
6.825745191118904266e-09
6.813956342136405838e-09
6.802191917558033720e-09
6.790451858367200757e-09
6.778736105710381078e-09
6.767044600896428503e-09
6.755377285395980971e-09
6.743734100841355490e-09
6.732114989025495964e-09
6.720519891901890471e-09
6.708948751583866508e-09
6.697401510344201390e-09
6.685878110614631728e-09
6.674378494985259517e-09
6.662902606204123654e-09
6.651450387176788833e-09
6.640021780965673042e-09
6.628616730789657136e-09
6.617235180023761410e-09
6.605877072198468967e-09
6.594542350999155786e-09
6.583230960265854979e-09
6.571942843992698442e-09
6.560677946327389115e-09
6.549436211570739417e-09
6.538217584176202231e-09
6.527022008749447388e-09
6.515849430047879424e-09
6.504699792980040353e-09
6.493573042605356549e-09
6.482469124133567994e-09
6.471387982924207978e-09
6.460329564486280503e-09
6.449293814477607633e-09
6.438280678704614431e-09
6.427290103121684581e-09
6.416322033830710405e-09
6.405376417080832301e-09
6.394453199267746392e-09
6.383552326933348837e-09
6.372673746765411579e-09
6.361817405596850288e-09
6.350983250405580432e-09
6.340171228313983747e-09
6.329381286588227465e-09
6.318613372638225437e-09
6.307867434016871340e-09
6.297143418419764048e-09
6.286441273684694783e-09
6.275760947791360909e-09
6.265102388860669448e-09
6.254465545154553444e-09
6.243850365075391283e-09
6.233256797165692363e-09
6.222684790107559431e-09
6.212134292722298974e-09
6.201605253970025005e-09
6.191097622949205767e-09
6.180611348896284882e-09
6.170146381185220614e-09
6.159702669327063178e-09
6.149280162969531225e-09
6.138878811896641263e-09
6.128498566028267599e-09
6.118139375419765144e-09
6.107801190261382940e-09
6.097483960878173175e-09
6.087187637729274840e-09
6.076912171407655648e-09
6.066657512639743117e-09
6.056423612284869526e-09
6.046210421334937738e-09
6.036017890914187105e-09
6.025845972278511047e-09
6.015694616815213029e-09
6.005563776042585532e-09
5.995453401609540299e-09
5.985363445295169104e-09
5.975293859008330160e-09
5.965244594787300707e-09
5.955215604799513962e-09
5.945206841340731946e-09
5.935218256835300249e-09
5.925249803835067736e-09
5.915301435019672750e-09
5.905373103195571178e-09
5.895464761296094346e-09
5.885576362380753370e-09
5.875707859635057168e-09
5.865859206370066613e-09
5.856030356022001624e-09
5.846221262151890438e-09
5.836431878445108873e-09
5.826662158711179322e-09
5.816912056883234738e-09
5.807181527017715891e-09
5.797470523293968525e-09
5.787779000013905874e-09
5.778106911601682748e-09
5.768454212603220734e-09
5.758820857685885596e-09
5.749206801638132412e-09
5.739611999369161470e-09
5.730036405908611381e-09
5.720479976405884928e-09
5.710942666130328566e-09
5.701424430470424263e-09
5.691925224933445397e-09
5.682445005145491492e-09
5.672983726850673452e-09
5.663541345911113556e-09
5.654117818306330863e-09
5.644713100132969073e-09
5.635327147604660866e-09
5.625959917051253663e-09
5.616611364918865871e-09
5.607281447769302073e-09
5.597970122279821409e-09
5.588677345242700004e-09
5.579403073565029132e-09
5.570147264268125441e-09
5.560909874487462289e-09
5.551690861472227212e-09
5.542490182584901707e-09
5.533307795300990752e-09
5.524143657208734941e-09
5.514997726008686972e-09
5.505869959513470934e-09
5.496760315647242987e-09
5.487668752445665720e-09
5.478595228055386198e-09
5.469539700733671176e-09
5.460502128848190381e-09
5.451482470876628558e-09
5.442480685406458002e-09
5.433496731134350426e-09
5.424530566866180277e-09
5.415582151516535864e-09
5.406651444108280133e-09
5.397738403772519230e-09
5.388842989748074758e-09
5.379965161381165318e-09
5.371104878125126089e-09
5.362262099540207000e-09
5.353436785293011073e-09
5.344628895156392679e-09
5.335838389009122531e-09
5.327065226835362424e-09
5.318309368724643726e-09
5.309570774871368594e-09
5.300849405574587455e-09
5.292145221237586249e-09
5.283458182367707756e-09
5.274788249576005831e-09
5.266135383576833473e-09
5.257499545187663325e-09
5.248880695328798987e-09
5.240278795022889464e-09
5.231693805394871258e-09
5.223125687671522523e-09
5.214574403181110683e-09
5.206039913353243541e-09
5.197522179718505319e-09
5.189021163908126611e-09
5.180536827653683294e-09
5.172069132786912889e-09
5.163618041239252997e-09
5.155183515041657664e-09
5.146765516324404648e-09
5.138364007316438637e-09
5.129978950345542477e-09
5.121610307837725057e-09
5.113258042317028576e-09
5.104922116405289490e-09
5.096602492821818388e-09
5.088299134383045965e-09
5.080012004002360061e-09
5.071741064689694559e-09
5.063486279551382968e-09
5.055247611789793640e-09
5.047025024703000552e-09
5.038818481684574027e-09
5.030627946223407854e-09
5.022453381903113795e-09
5.014294752402153101e-09
5.006152021493273207e-09
4.998025153043282737e-09
4.989914111012857943e-09
4.981818859456185364e-09
4.973739362520815415e-09
4.965675584447273612e-09
4.957627489568685031e-09
4.949595042310767692e-09
4.941578207191436338e-09
4.933576948820415317e-09
4.925591231899294829e-09
4.917621021220764953e-09
4.909666281668870425e-09
4.901726978218418373e-09
4.893803075934789721e-09
4.885894539973793604e-09
4.878001335581195048e-09
4.870123428092593377e-09
4.862260782933179846e-09
4.854413365617332323e-09
4.846581141748529264e-09
4.838764077019064334e-09
4.830962137209594767e-09
4.823175288189147157e-09
4.815403495914682358e-09
4.807646726430906064e-09
4.799904945870042986e-09
4.792178120451525005e-09
4.784466216481765353e-09
4.776769200353879851e-09
4.769087038547545463e-09
4.761419697628568508e-09
4.753767144248774642e-09
4.746129345145730102e-09
4.738506267142467079e-09
4.730897877147206616e-09
4.723304142153246107e-09
4.715725029238522548e-09
4.708160505565607574e-09
4.700610538381127605e-09
4.693075095015935901e-09
4.685554142884500446e-09
4.678047649484858453e-09
4.670555582398343398e-09
4.663077909289361677e-09
4.655614597905077451e-09
4.648165616075175249e-09
4.640730931711826048e-09
4.633310512809111560e-09
4.625904327443127626e-09
4.618512343771453995e-09
4.611134530033182449e-09
4.603770854548458543e-09
4.596421285718364146e-09
4.589085792024758623e-09
4.581764342029808170e-09
4.574456904376060255e-09
4.567163447785908442e-09
4.559883941061575008e-09
4.552618353084858666e-09
4.545366652816844212e-09
4.538128809297617156e-09
4.530904791646257104e-09
4.523694569060315801e-09
4.516498110815851881e-09
4.509315386267126458e-09
4.502146364846219316e-09
4.494991016063088468e-09
4.487849309505082944e-09
4.480721214836967609e-09
4.473606701800445049e-09
4.466505740214126623e-09
4.459418299973266110e-09
4.452344351049480122e-09
4.445283863490634778e-09
4.438236807420470994e-09
4.431203153038589594e-09
4.424182870620079075e-09
4.417175930515364238e-09
4.410182303149959684e-09
4.403201959024328369e-09
4.396234868713514333e-09
4.389281002867202259e-09
4.382340332209106189e-09
4.375412827537220152e-09
4.368498459723191996e-09
4.361597199712373016e-09
4.354709018523581379e-09
4.347833887248726587e-09
4.340971777052804511e-09
4.334122659173571482e-09
4.327286504921382167e-09
4.320463285678959609e-09
4.313652972901219039e-09
4.306855538115032958e-09
4.300070952919030129e-09
4.293299188983426007e-09
4.286540218049793611e-09
4.279794011930811231e-09
4.273060542510170614e-09
4.266339781742309783e-09
4.259631701652221130e-09
4.252936274335259513e-09
4.246253471956873421e-09
4.239583266752549550e-09
4.232925631027505099e-09
4.226280537156521497e-09
4.219647957583708664e-09
4.213027864822423120e-09
4.206420231454954479e-09
4.199825030132317000e-09
4.193242233574247112e-09
4.186671814568755073e-09
4.180113745972065419e-09
4.173568000708511085e-09
4.167034551770099959e-09
4.160513372216581884e-09
4.154004435175062369e-09
4.147507713839906629e-09
4.141023181472603936e-09
4.134550811401409442e-09
4.128090577021364861e-09
4.121642451793889019e-09
4.115206409246762957e-09
4.108782422973959538e-09
4.102370466635211656e-09
4.095970513956194217e-09
4.089582538727973233e-09
4.083206514807105919e-09
4.076842416115298229e-09
4.070490216639292371e-09
4.064149890430643459e-09
4.057821411605561528e-09
4.051504754344750227e-09
4.045199892893091671e-09
4.038906801559765551e-09
4.032625454717711464e-09
4.026355826803674412e-09
4.020097892317969884e-09
4.013851625824359772e-09
4.007617001949729779e-09
4.001393995384028200e-09
3.995182580880119517e-09
3.988982733253487437e-09
3.982794427382188574e-09
3.976617638206572857e-09
3.970452340729180137e-09
3.964298510014510227e-09
3.958156121188903792e-09
3.952025149440317350e-09
3.945905570018243043e-09
3.939797358233417464e-09
3.933700489457730669e-09
3.927614939124035923e-09
3.921540682725913960e-09
3.915477695817695308e-09
3.909425954014041744e-09
3.903385432989966138e-09
3.897356108480620705e-09
3.891337956281004173e-09
3.885330952246033752e-09
3.879335072290081916e-09
3.873350292387155896e-09
3.867376588570405509e-09
3.861413936932175272e-09
3.855462313623747976e-09
3.849521694855217297e-09
3.843592056895276042e-09
3.837673376071127636e-09
3.831765628768233011e-09
3.825868791430258487e-09
3.819982840558792052e-09
3.814107752713306969e-09
3.808243504510896245e-09
3.802390072626151868e-09
3.796547433791094492e-09
3.790715564794812791e-09
3.784894442483513914e-09
3.779084043760238107e-09
3.773284345584727194e-09
3.767495324973357573e-09
3.761716958998753099e-09
3.755949224789968712e-09
3.750192099532004060e-09
3.744445560465909377e-09
3.738709584888405807e-09
3.732984150151950748e-09
3.727269233664359837e-09
3.721564812888867328e-09
3.715870865343851058e-09
3.710187368602698856e-09
3.704514300293658409e-09
3.698851638099685065e-09
3.693199359758326847e-09
3.687557443061510635e-09
3.681925865855490463e-09
3.676304606040614667e-09
3.670693641571114957e-09
3.665092950455115100e-09
3.659502510754458038e-09
3.653922300584395288e-09
3.648352298113678750e-09
3.642792481564181039e-09
3.637242829210922363e-09
3.631703319381873245e-09
3.626173930457732006e-09
3.620654640871888374e-09
3.615145429110291132e-09
3.609646273711148268e-09
3.604157153264926558e-09
3.598678046414215083e-09
3.593208931853460530e-09
3.587749788328981258e-09
3.582300594638657099e-09
3.576861329631892966e-09
3.571431972209592386e-09
3.566012501323695511e-09
3.560602895977342081e-09
3.555203135224585630e-09
3.549813198170286364e-09
3.544433063970023897e-09
3.539062711829839583e-09
3.533702121006181920e-09
3.528351270805813082e-09
3.523010140585588887e-09
3.517678709752290052e-09
3.512356957762595723e-09
3.507044864122925486e-09
3.501742408389211475e-09
3.496449570166860740e-09
3.491166329110596008e-09
3.485892664924321273e-09
3.480628557360888114e-09
3.475373986222223495e-09
3.470128931358826425e-09
3.464893372670014872e-09
3.459667290103495216e-09
3.454450663655413533e-09
3.449243473370184784e-09
3.444045699340209090e-09
3.438857321706004082e-09
3.433678320655934000e-09
3.428508676425990073e-09
3.423348369299840983e-09
3.418197379608611176e-09
3.413055687730747687e-09
3.407923274091886138e-09
3.402800119164813926e-09
3.397686203469197255e-09
3.392581507571572866e-09
3.387486012085151991e-09
3.382399697669760385e-09
3.377322545031620779e-09
3.372254534923309863e-09
3.367195648143634624e-09
3.362145865537396188e-09
3.357105167995406773e-09
3.352073536454299028e-09
3.347050951896372589e-09
3.342037395349567196e-09
3.337032847887168216e-09
3.332037290627953467e-09
3.327050704735745305e-09
3.322073071419580600e-09
3.317104371933405516e-09
3.312144587576029184e-09
3.307193699690976462e-09
3.302251689666393227e-09
3.297318538934901206e-09
3.292394228973482576e-09
3.287478741303368718e-09
3.282572057489967832e-09
3.277674159142597762e-09
3.272785027914544308e-09
3.267904645502875528e-09
3.263032993648258929e-09
3.258170054134955264e-09
3.253315808790601394e-09
3.248470239486170588e-09
3.243633328135826938e-09
3.238805056696807483e-09
3.233985407169260084e-09
3.229174361596270720e-09
3.224371902063581421e-09
3.219578010699524918e-09
3.214792669675049048e-09
3.210015861203377195e-09
3.205247567540076942e-09
3.200487770982836328e-09
3.195736453871387324e-09
3.190993598587404922e-09
3.186259187554444269e-09
3.181533203237689204e-09
3.176815628143963424e-09
3.172106444821598135e-09
3.167405635860262480e-09
3.162713183890911015e-09
3.158029071585688582e-09
3.153353281657726821e-09
3.148685796861180981e-09
3.144026599990939581e-09
3.139375673882695130e-09
3.134733001412675299e-09
3.130098565497723564e-09
3.125472349094973717e-09
3.120854335201925550e-09
3.116244506856181397e-09
3.111642847135500731e-09
3.107049339157582198e-09
3.102463966079966841e-09
3.097886711099979367e-09
3.093317557454599936e-09
3.088756488420333050e-09
3.084203487313156272e-09
3.079658537488337831e-09
3.075121622340436618e-09
3.070592725303096225e-09
3.066071829849019712e-09
3.061558919489786385e-09
3.057053977775859245e-09
3.052556988296336831e-09
3.048067934679018151e-09
3.043586800590135925e-09
3.039113569734396693e-09
3.034648225854753761e-09
3.030190752732441525e-09
3.025741134186717807e-09
3.021299354074906867e-09
3.016865396292221972e-09
3.012439244771669860e-09
3.008020883483965948e-09
3.003610296437430114e-09
2.999207467677902733e-09
2.994812381288628875e-09
2.990425021390109410e-09
2.986045372140162222e-09
2.981673417733616977e-09
2.977309142402341180e-09
2.972952530415167798e-09
2.968603566077685979e-09
2.964262233732274974e-09
2.959928517757849357e-09
2.955602402569971115e-09
2.951283872620514633e-09
2.946972912397782093e-09
2.942669506426273927e-09
2.938373639266606924e-09
2.934085295515576276e-09
2.929804459805786233e-09
2.925531116805783701e-09
2.921265251219867569e-09
2.917006847787998553e-09
2.912755891285776444e-09
2.908512366524201056e-09
2.904276258349732193e-09
2.900047551644115946e-09
2.895826231324287494e-09
2.891612282342333057e-09
2.887405689685326113e-09
2.883206438375331536e-09
2.879014513469165295e-09
2.874829900058521019e-09
2.870652583269637880e-09
2.866482548263377107e-09
2.862319780235067306e-09
2.858164264414450691e-09
2.854015986065511030e-09
2.849874930486543131e-09
2.845741083009843887e-09
2.841614429001821880e-09
2.837494953862793477e-09
2.833382643026950576e-09
2.829277481962253481e-09
2.825179456170303930e-09
2.821088551186324007e-09
2.817004752579060183e-09
2.812928045950609197e-09
2.808858416936435840e-09
2.804795851205272869e-09
2.800740334458968387e-09
2.796691852432444902e-09
2.792650390893604196e-09
2.788615935643284734e-09
2.784588472515054445e-09
2.780567987375319091e-09
2.776554466123022409e-09
2.772547894689726348e-09
2.768548259039460111e-09
2.764555545168610967e-09
2.760569739105863037e-09
2.756590826912178269e-09
2.752618794680597505e-09
2.748653628536265705e-09
2.744695314636241700e-09
2.740743839169497774e-09
2.736799188356818752e-09
2.732861348450689500e-09
2.728930305735266391e-09
2.725006046526235439e-09
2.721088557170787074e-09
2.717177824047462698e-09
2.713273833566164611e-09
2.709376572167975274e-09
2.705486026325191634e-09
2.701602182541137770e-09
2.697725027350150417e-09
2.693854547317455715e-09
2.689990729039136535e-09
2.686133559141994342e-09
2.682283024283548368e-09
2.678439111151883406e-09
2.674601806465601839e-09
2.670771096973733890e-09
2.666946969455651179e-09
2.663129410721087402e-09
2.659318407609870744e-09
2.655513946992006591e-09
2.651716015767563381e-09
2.647924600866542323e-09
2.644139689248811639e-09
2.640361267904159910e-09
2.636589323851994578e-09
2.632823844141437063e-09
2.629064815851206551e-09
2.625312226089519901e-09
2.621566061993995278e-09
2.617826310731665807e-09
2.614092959498786006e-09
2.610365995520882661e-09
2.606645406052545549e-09
2.602931178377477070e-09
2.599223299808370648e-09
2.595521757686735785e-09
2.591826539383032064e-09
2.588137632296430508e-09
2.584455023854753194e-09
2.580778701514510062e-09
2.577108652760685092e-09
2.573444865106758636e-09
2.569787326094615187e-09
2.566136023294441637e-09
2.562490944304690878e-09
2.558852076751969725e-09
2.555219408291015335e-09
2.551592926604606288e-09
2.547972619403437683e-09
2.544358474426146366e-09
2.540750479439144255e-09
2.537148622236610480e-09
2.533552890640423966e-09
2.529963272500048460e-09
2.526379755692485376e-09
2.522802328122192324e-09
2.519230977721005761e-09
2.515665692448202210e-09
2.512106460290135535e-09
2.508553269260523151e-09
2.505006107400072546e-09
2.501464962776584271e-09
2.497929823484867978e-09
2.494400677646616273e-09
2.490877513410354676e-09
2.487360318951427143e-09
2.483849082471814086e-09
2.480343792200243216e-09
2.476844436391892585e-09
2.473351003328517557e-09
2.469863481318298610e-09
2.466381858695787151e-09
2.462906123821804605e-09
2.459436265083475083e-09
2.455972270894036791e-09
2.452514129692869323e-09
2.449061829945336082e-09
2.445615360142820682e-09
2.442174708802590454e-09
2.438739864467791079e-09
2.435310815707262534e-09
2.431887551115644558e-09
2.428470059313190954e-09
2.425058328945676112e-09
2.421652348684450849e-09
2.418252107226338180e-09
2.414857593293490219e-09
2.411468795633384040e-09
2.408085703018805963e-09
2.404708304247693977e-09
2.401336588143129462e-09
2.397970543553274747e-09
2.394610159351234961e-09
2.391255424435159369e-09
2.387906327727982873e-09
2.384562858177494262e-09
2.381225004756260517e-09
2.377892756461477507e-09
2.374566102315020039e-09
2.371245031363334729e-09
2.367929532677307660e-09
2.364619595352331382e-09
2.361315208508175043e-09
2.358016361288898777e-09
2.354723042862831371e-09
2.351435242422510705e-09
2.348152949184608895e-09
2.344876152389861983e-09
2.341604841303032299e-09
2.338339005212863790e-09
2.335078633431938512e-09
2.331823715296704747e-09
2.328574240167413727e-09
2.325330197427988524e-09
2.322091576486026948e-09
2.318858366772719655e-09
2.315630557742814575e-09
2.312408138874552810e-09
2.309191099669505264e-09
2.305979429652712435e-09
2.302773118372473075e-09
2.299572155400322262e-09
2.296376530330989637e-09
2.293186232782365895e-09
2.290001252395346865e-09
2.286821578833910437e-09
2.283647201784929208e-09
2.280478110958245339e-09
2.277314296086490642e-09
2.274155746925075417e-09
2.271002453252157018e-09
2.267854404868594769e-09
2.264711591597802730e-09
2.261574003285793946e-09
2.258441629801080777e-09
2.255314461034583077e-09
2.252192486899669971e-09
2.249075697332008475e-09
2.245964082289548197e-09
2.242857631752444825e-09
2.239756335723066323e-09
2.236660184225846116e-09
2.233569167307305004e-09
2.230483275035972166e-09
2.227402497502284250e-09
2.224326824818633342e-09
2.221256247119172583e-09
2.218190754559914190e-09
2.215130337318558227e-09
2.212074985594502120e-09
2.209024689608742220e-09
2.205979439603878770e-09
2.202939225843972799e-09
2.199904038614628840e-09
2.196873868222781523e-09
2.193848704996766705e-09
2.190828539286206909e-09
2.187813361461985683e-09
2.184803161916163225e-09
2.181797931061986722e-09
2.178797659333760075e-09
2.175802337186827346e-09
2.172811955097538852e-09
2.169826503563171751e-09
2.166845973101890338e-09
2.163870354252708826e-09
2.160899637575390421e-09
2.157933813650474216e-09
2.154972873079102301e-09
2.152016806483133095e-09
2.149065604504964321e-09
2.146119257807495376e-09
2.143177757074149662e-09
2.140241093008735206e-09
2.137309256335450038e-09
2.134382237798854478e-09
2.131460028163695362e-09
2.128542618215027226e-09
2.125629998758067544e-09
2.122722160618115255e-09
2.119819094640556965e-09
2.116920791690868603e-09
2.114027242654413588e-09
2.111138438436551601e-09
2.108254369962470258e-09
2.105375028177228122e-09
2.102500404045651300e-09
2.099630488552289200e-09
2.096765272701393013e-09
2.093904747516827212e-09
2.091048904042045145e-09
2.088197733340077048e-09
2.085351226493421262e-09
2.082509374603997503e-09
2.079672168793150997e-09
2.076839600201571004e-09
2.074011659989234563e-09
2.071188339335386649e-09
2.068369629438491777e-09
2.065555521516137223e-09
2.062746006805046261e-09
2.059941076561004539e-09
2.057140722058833203e-09
2.054344934592290040e-09
2.051553705474092236e-09
2.048767026035819170e-09
2.045984887627908290e-09
2.043207281619552949e-09
2.040434199398711504e-09
2.037665632372015916e-09
2.034901571964782916e-09
2.032142009620885377e-09
2.029386936802831723e-09
2.026636344991564512e-09
2.023890225686539846e-09
2.021148570405640102e-09
2.018411370685096589e-09
2.015678618079487071e-09
2.012950304161725423e-09
2.010226420522906951e-09
2.007506958772350576e-09
2.004791910537536383e-09
2.002081267464075844e-09
1.999375021215601386e-09
1.996673163473811474e-09
1.993975685938364734e-09
1.991282580326864647e-09
1.988593838374811160e-09
1.985909451835543610e-09
1.983229412480230388e-09
1.980553712097748991e-09
1.977882342494757164e-09
1.975215295495578752e-09
1.972552562942143720e-09
1.969894136694003052e-09
1.967240008628222868e-09
1.964590170639418335e-09
1.961944614639620498e-09
1.959303332558335831e-09
1.956666316342409341e-09
1.954033557956035735e-09
1.951405049380708135e-09
1.948780782615153144e-09
1.946160749675359382e-09
1.943544942594418670e-09
1.940933353422605440e-09
1.938325974227242727e-09
1.935722797092739397e-09
1.933123814120471858e-09
1.930529017428798122e-09
1.927938399152992871e-09
1.925351951445220163e-09
1.922769666474468080e-09
1.920191536426540875e-09
1.917617553504008922e-09
1.915047709926145854e-09
1.912481997928889686e-09
1.909920409764855634e-09
1.907362937703251329e-09
1.904809574029805268e-09
1.902260311046781701e-09
1.899715141072971534e-09
1.897174056443522343e-09
1.894637049510046318e-09
1.892104112640493710e-09
1.889575238219124701e-09
1.887050418646506927e-09
1.884529646339423659e-09
1.882012913730881246e-09
1.879500213270037568e-09
1.876991537422183834e-09
1.874486878668684201e-09
1.871986229506997276e-09
1.869489582450503657e-09
1.866996930028661021e-09
1.864508264786758040e-09
1.862023579286078788e-09
1.859542866103675467e-09
1.857066117832466431e-09
1.854593327081143127e-09
1.852124486474130391e-09
1.849659588651575282e-09
1.847198626269284421e-09
1.844741591998673533e-09
1.842288478526803226e-09
1.839839278556218512e-09
1.837393984805048490e-09
1.834952590006856412e-09
1.832515086910670500e-09
1.830081468280953959e-09
1.827651726897460222e-09
1.825225855555375428e-09
1.822803847065098190e-09
1.820385694252334512e-09
1.817971389958011555e-09
1.815560927038226765e-09
1.813154298364232156e-09
1.810751496822415703e-09
1.808352515314212828e-09
1.805957346756114675e-09
1.803565984079662317e-09
1.801178420231292491e-09
1.798794648172422794e-09
1.796414660879369175e-09
1.794038451343305397e-09
1.791666012570240505e-09
1.789297337580978494e-09
1.786932419411055032e-09
1.784571251110786265e-09
1.782213825745098209e-09
1.779860136393668612e-09
1.777510176150714370e-09
1.775163938125067212e-09
1.772821415440104011e-09
1.770482601233726724e-09
1.768147488658298287e-09
1.765816070880652335e-09
1.763488341082023922e-09
1.761164292458014990e-09
1.758843918218587334e-09
1.756527211588005533e-09
1.754214165804803235e-09
1.751904774121792881e-09
1.749599029805931907e-09
1.747296926138410427e-09
1.744998456414526944e-09
1.742703613943687116e-09
1.740412392049404992e-09
1.738124784069190517e-09
1.735840783354597303e-09
1.733560383271131636e-09
1.731283577198253927e-09
1.729010358529320185e-09
1.726740720671583263e-09
1.724474657046110755e-09
1.722212161087802370e-09
1.719953226245336785e-09
1.717697845981125531e-09
1.715446013771285484e-09
1.713197723105638459e-09
1.710952967487654956e-09
1.708711740434389435e-09
1.706474035476489829e-09
1.704239846158199612e-09
1.702009166037216350e-09
1.699781988684776488e-09
1.697558307685562706e-09
1.695338116637644772e-09
1.693121409152538073e-09
1.690908178855074566e-09
1.688698419383461513e-09
1.686492124389177462e-09
1.684289287536957150e-09
1.682089902504805153e-09
1.679893962983901587e-09
1.677701462678608310e-09
1.675512395306440592e-09
1.673326754598033618e-09
1.671144534297062245e-09
1.668965728160299736e-09
1.666790329957525529e-09
1.664618333471482635e-09
1.662449732497920654e-09
1.660284520845478522e-09
1.658122692335707463e-09
1.655964240803008332e-09
1.653809160094682485e-09
1.651657444070760142e-09
1.649509086604084962e-09
1.647364081580271654e-09
1.645222422897628014e-09
1.643084104467140653e-09
1.640949120212469419e-09
1.638817464069915959e-09
1.636689129988356722e-09
1.634564111929254742e-09
1.632442403866605667e-09
1.630323999786927626e-09
1.628208893689211390e-09
1.626097079584905485e-09
1.623988551497881035e-09
1.621883303464389161e-09
1.619781329533100069e-09
1.617682623764951672e-09
1.615587180233245548e-09
1.613494993023525750e-09
1.611406056233623691e-09
1.609320363973551220e-09
1.607237910365562669e-09
1.605158689544023949e-09
1.603082695655492577e-09
1.601009922858615937e-09
1.598940365324105013e-09
1.596874017234722605e-09
1.594810872785312487e-09
1.592750926182631279e-09
1.590694171645483902e-09
1.588640603404568066e-09
1.586590215702496602e-09
1.584543002793802638e-09
1.582498958944841570e-09
1.580458078433822916e-09
1.578420355550742481e-09
1.576385784597387945e-09
1.574354359887287368e-09
1.572326075745697819e-09
1.570300926509545816e-09
1.568278906527471170e-09
1.566260010159715517e-09
1.564244231778142592e-09
1.562231565766214645e-09
1.560222006518932272e-09
1.558215548442847851e-09
1.556212185956016122e-09
1.554211913487978880e-09
1.552214725479691980e-09
1.550220616383600193e-09
1.548229580663495765e-09
1.546241612794566176e-09
1.544256707263338525e-09
1.542274858567674140e-09
1.540296061216730952e-09
1.538320309730915928e-09
1.536347598641888170e-09
1.534377922492535966e-09
1.532411275836927363e-09
1.530447653240292589e-09
1.528487049279014957e-09
1.526529458540560965e-09
1.524574875623533649e-09
1.522623295137562159e-09
1.520674711703328223e-09
1.518729119952515072e-09
1.516786514527803096e-09
1.514846890082817320e-09
1.512910241282153043e-09
1.510976562801276579e-09
1.509045849326562274e-09
1.507118095555243492e-09
1.505193296195380154e-09
1.503271445965847770e-09
1.501352539596330623e-09
1.499436571827241732e-09
1.497523537409730095e-09
1.495613431105673864e-09
1.493706247687635673e-09
1.491801981938849202e-09
1.489900628653176987e-09
1.488002182635066996e-09
1.486106638699603704e-09
1.484213991672419380e-09
1.482324236389680646e-09
1.480437367698080408e-09
1.478553380454800640e-09
1.476672269527478461e-09
1.474794029794224754e-09
1.472918656143549716e-09
1.471046143474367407e-09
1.469176486695954807e-09
1.467309680727959051e-09
1.465445720500341391e-09
1.463584600953368095e-09
1.461726317037575703e-09
1.459870863713763380e-09
1.458018235952964377e-09
1.456168428736413355e-09
1.454321437055537082e-09
1.452477255911933752e-09
1.450635880317296885e-09
1.448797305293498251e-09
1.446961525872458004e-09
1.445128537096181697e-09
1.443298334016714789e-09
1.441470911696123204e-09
1.439646265206502223e-09
1.437824389629884257e-09
1.436005280058282476e-09
1.434188931593632496e-09
1.432375339347801271e-09
1.430564498442508508e-09
1.428756404009361620e-09
1.426951051189810227e-09
1.425148435135106452e-09
1.423348551006329947e-09
1.421551393974307856e-09
1.419756959219630747e-09
1.417965241932642059e-09
1.416176237313349801e-09
1.414389940571495213e-09
1.412606346926443157e-09
1.410825451607225345e-09
1.409047249852504558e-09
1.407271736910526256e-09
1.405498908039119203e-09
1.403728758505646037e-09
1.401961283587041326e-09
1.400196478569729673e-09
1.398434338749632955e-09
1.396674859432151919e-09
1.394918035932105176e-09
1.393163863573773665e-09
1.391412337690830957e-09
1.389663453626315552e-09
1.387917206732666856e-09
1.386173592371629437e-09
1.384432605914289626e-09
1.382694242741032714e-09
1.380958498241513169e-09
1.379225367814651331e-09
1.377494846868604664e-09
1.375766930820737361e-09
1.374041615097612276e-09
1.372318895134977484e-09
1.370598766377717681e-09
1.368881224279866805e-09
1.367166264304553849e-09
1.365453881924029126e-09
1.363744072619579486e-09
1.362036831881549819e-09
1.360332155209342849e-09
1.358630038111345309e-09
1.356930476104945932e-09
1.355233464716475275e-09
1.353538999481276230e-09
1.351847075943545009e-09
1.350157689656432669e-09
1.348470836181982050e-09
1.346786511091093645e-09
1.345104709963499342e-09
1.343425428387800681e-09
1.341748661961355321e-09
1.340074406290385195e-09
1.338402656989802390e-09
1.336733409683321643e-09
1.335066660003374103e-09
1.333402403591085005e-09
1.331740636096316057e-09
1.330081353177550256e-09
1.328424550501950620e-09
1.326770223745308075e-09
1.325118368592023876e-09
1.323468980735106297e-09
1.321822055876122661e-09
1.320177589725205536e-09
1.318535578001034335e-09
1.316896016430773482e-09
1.315258900750128455e-09
1.313624226703251695e-09
1.311991990042776931e-09
1.310362186529765207e-09
1.308734811933708194e-09
1.307109862032505647e-09
1.305487332612429628e-09
1.303867219468146223e-09
1.302249518402634474e-09
1.300634225227227949e-09
1.299021335761551668e-09
1.297410845833544848e-09
1.295802751279405486e-09
1.294197047943593664e-09
1.292593731678792056e-09
1.290992798345928876e-09
1.289394243814109226e-09
1.287798063960630606e-09
1.286204254670952925e-09
1.284612811838677620e-09
1.283023731365540207e-09
1.281437009161388776e-09
1.279852641144133532e-09
1.278270623239802840e-09
1.276690951382445406e-09
1.275113621514161918e-09
1.273538629585075479e-09
1.271965971553312987e-09
1.270395643384963783e-09
1.268827641054096194e-09
1.267261960542742224e-09
1.265698597840857236e-09
1.264137548946283140e-09
1.262578809864786028e-09
1.261022376610005926e-09
1.259468245203446451e-09
1.257916411674438417e-09
1.256366872060148520e-09
1.254819622405562381e-09
1.253274658763433260e-09
1.251731977194307493e-09
1.250191573766478789e-09
1.248653444555999191e-09
1.247117585646606492e-09
1.245583993129783994e-09
1.244052663104668698e-09
1.242523591678090590e-09
1.240996774964532730e-09
1.239472209086113884e-09
1.237949890172556883e-09
1.236429814361206197e-09
1.234911977796997543e-09
1.233396376632419622e-09
1.231883007027520118e-09
1.230371865149900944e-09
1.228862947174649581e-09
1.227356249284395333e-09
1.225851767669214400e-09
1.224349498526692545e-09
1.222849438061845885e-09
1.221351582487134750e-09
1.219855928022439281e-09
1.218362470895041435e-09
1.216871207339614031e-09
1.215382133598210406e-09
1.213895245920223263e-09
1.212410540562402249e-09
1.210928013788795021e-09
1.209447661870803284e-09
1.207969481087061401e-09
1.206493467723529458e-09
1.205019618073398337e-09
1.203547928437105643e-09
1.202078395122325159e-09
1.200611014443935822e-09
1.199145782724013248e-09
1.197682696291826011e-09
1.196221751483771737e-09
1.194762944643437082e-09
1.193306272121520800e-09
1.191851730275837466e-09
1.190399315471310239e-09
1.188949024079952041e-09
1.187500852480822962e-09
1.186054797060076164e-09
1.184610854210862758e-09
1.183169020333385775e-09
1.181729291834854261e-09
1.180291665129461974e-09
1.178856136638374563e-09
1.177422702789744460e-09
1.175991360018650698e-09
1.174562104767106982e-09
1.173134933484055273e-09
1.171709842625321948e-09
1.170286828653637037e-09
1.168865888038602370e-09
1.167447017256652704e-09
1.166030212791088601e-09
1.164615471132049132e-09
1.163202788776441568e-09
1.161792162228005068e-09
1.160383587997254853e-09
1.158977062601475372e-09
1.157572582564678329e-09
1.156170144417651277e-09
1.154769744697886484e-09
1.153371379949590026e-09
1.151975046723644776e-09
1.150580741577637493e-09
1.149188461075793266e-09
1.147798201789029281e-09
1.146409960294855149e-09
1.145023733177425635e-09
1.143639517027486479e-09
1.142257308442398593e-09
1.140877104026084290e-09
1.139498900389027287e-09
1.138122694148270844e-09
1.136748481927407010e-09
1.135376260356513137e-09
1.134006026072190755e-09
1.132637775717555238e-09
1.131271505942180169e-09
1.129907213402092177e-09
1.128544894759802158e-09
1.127184546684223387e-09
1.125826165850708945e-09
1.124469748941035179e-09
1.123115292643337593e-09
1.121762793652169166e-09
1.120412248668430866e-09
1.119063654399381166e-09
1.117717007558606677e-09
1.116372304866045103e-09
1.115029543047928578e-09
1.113688718836790078e-09
1.112349828971449978e-09
1.111012870197000960e-09
1.109677839264797459e-09
1.108344732932420721e-09
1.107013547963711681e-09
1.105684281128701688e-09
1.104356929203644762e-09
1.103031488970965485e-09
1.101707957219295808e-09
1.100386330743394610e-09
1.099066606344204358e-09
1.097748780828789482e-09
1.096432851010338651e-09
1.095118813708139546e-09
1.093806665747612560e-09
1.092496403960230985e-09
1.091188025183545819e-09
1.089881526261167367e-09
1.088576904042770407e-09
1.087274155384027192e-09
1.085973277146659766e-09
1.084674266198373170e-09
1.083377119412887703e-09
1.082081833669886188e-09
1.080788405855031345e-09
1.079496832859920293e-09
1.078207111582125498e-09
1.076919238925118463e-09
1.075633211798310056e-09
1.074349027116988676e-09
1.073066681802362855e-09
1.071786172781496529e-09
1.070507496987335921e-09
1.069230651358659705e-09
1.067955632840117885e-09
1.066682438382159206e-09
1.065411064941059073e-09
1.064141509478899286e-09
1.062873768963549634e-09
1.061607840368661073e-09
1.060343720673641113e-09
1.059081406863666024e-09
1.057820895929637611e-09
1.056562184868187563e-09
1.055305270681684268e-09
1.054050150378180298e-09
1.052796820971417361e-09
1.051545279480837478e-09
1.050295522931534379e-09
1.049047548354264879e-09
1.047801352785419102e-09
1.046556933267032264e-09
1.045314286846750555e-09
1.044073410577838169e-09
1.042834301519140286e-09
1.041596956735088451e-09
1.040361373295689409e-09
1.039127548276520549e-09
1.037895478758692479e-09
1.036665161828844270e-09
1.035436594579165581e-09
1.034209774107329244e-09
1.032984697516542343e-09
1.031761361915469493e-09
1.030539764418265514e-09
1.029319902144549167e-09
1.028101772219406670e-09
1.026885371773336484e-09
1.025670697942296049e-09
1.024457747867650496e-09
1.023246518696176169e-09
1.022037007580032698e-09
1.020829211676786170e-09
1.019623128149363214e-09
1.018418754166047902e-09
1.017216086900488570e-09
1.016015123531647572e-09
1.014815861243853387e-09
1.013618297226725143e-09
1.012422428675181507e-09
1.011228252789447302e-09
1.010035766775026004e-09
1.008844967842707188e-09
1.007655853208516274e-09
1.006468420093741207e-09
1.005282665724901227e-09
1.004098587333751835e-09
1.002916182157260804e-09
1.001735447437587499e-09
1.000556380422113483e-09
9.993789783633761348e-10
9.982032385190959490e-10
9.970291581521461338e-10
9.958567345305608839e-10
9.946859649275151152e-10
9.935168466212969602e-10
9.923493768953189356e-10
9.911835530381055339e-10
9.900193723432634457e-10
9.888568321095065812e-10
9.876959296406012699e-10
9.865366622453797022e-10
9.853790272377494419e-10
9.842230219366187731e-10
9.830686436659665971e-10
9.819158897547746038e-10
9.807647575370376108e-10
9.796152443517505360e-10
9.784673475428901992e-10
9.773210644594209057e-10
9.761763924552661155e-10
9.750333288893287089e-10
9.738918711254281211e-10
9.727520165323383923e-10
9.716137624837608709e-10
9.704771063582987775e-10
9.693420455394793322e-10
9.682085774157136362e-10
9.670766993802879864e-10
9.659464088313953082e-10
9.648177031720633980e-10
9.636905798101799448e-10
9.625650361584840519e-10
9.614410696345459711e-10
9.603186776607509726e-10
9.591978576643150611e-10
9.580786070772374135e-10
9.569609233363320181e-10
9.558448038831732876e-10
9.547302461641281124e-10
9.536172476303207055e-10
9.525058057376172993e-10
9.513959179466400015e-10
9.502875817227459081e-10
9.491807945360010477e-10
9.480755538612006472e-10
9.469718571778308748e-10
9.458697019700882786e-10
9.447690857268227113e-10
9.436700059415993688e-10
9.425724601126148310e-10
9.414764457427291154e-10
9.403819603394607141e-10
9.392890014149458547e-10
9.381975664859436706e-10
9.371076530738436455e-10
9.360192587046391434e-10
9.349323809089071431e-10
9.338470172218247814e-10
9.327631651831480535e-10
9.316808223371822412e-10
9.305999862328139660e-10
9.295206544234520458e-10
9.284428244670729901e-10
9.273664939261672326e-10
9.262916603677443018e-10
9.252183213633266167e-10
9.241464744889380099e-10
9.230761173251046579e-10
9.220072474568229247e-10
9.209398624735548124e-10
9.198739599692484334e-10
9.188095375422867259e-10
9.177465927955165081e-10
9.166851233361985374e-10
9.156251267760456640e-10
9.145666007311624469e-10
9.135095428220880636e-10
9.124539506737349956e-10
9.113998219154236664e-10
9.103471541808497680e-10
9.092959451080871561e-10
9.082461923395547625e-10
9.071978935220520610e-10
9.061510463066968216e-10
9.051056483489588184e-10
9.040616973086306713e-10
9.030191908498163691e-10
9.019781266409402647e-10
9.009385023547232941e-10
8.999003156681679835e-10
8.988635642625705468e-10
8.978282458234895563e-10
8.967943580407605215e-10
8.957618986084642498e-10
8.947308652249230205e-10
8.937012555927224016e-10
8.926730674186499356e-10
8.916462984137254343e-10
8.906209462931710972e-10
8.895970087764317776e-10
8.885744835871256618e-10
8.875533684530620531e-10
8.865336611062403387e-10
8.855153592828072857e-10
8.844984607230821671e-10
8.834829631715371160e-10
8.824688643767705529e-10
8.814561620915460625e-10
8.804448540727112273e-10
8.794349380812611132e-10
8.784264118822906035e-10
8.774192732449864372e-10
8.764135199426500598e-10
8.754091497526326897e-10
8.744061604563840184e-10
8.734045498394078532e-10
8.724043156912792806e-10
8.714054558055970007e-10
8.704079679800392649e-10
8.694118500162868448e-10
8.684170997200523969e-10
8.674237149010601973e-10
8.664316933730522413e-10
8.654410329537733549e-10
8.644517314649413123e-10
8.634637867322679295e-10
8.624771965854461393e-10
8.614919588581249693e-10
8.605080713879193644e-10
8.595255320163869224e-10
8.585443385890389580e-10
8.575644889553095862e-10
8.565859809685640980e-10
8.556088124860880002e-10
8.546329813690674729e-10
8.536584854826089123e-10
8.526853226956982948e-10
8.517134908812084152e-10
8.507429879158878229e-10
8.497738116803681636e-10
8.488059600591314017e-10
8.478394309405245032e-10
8.468742222167269684e-10
8.459103317837694439e-10
8.449477575414984640e-10
8.439864973935964061e-10
8.430265492475531601e-10
8.420679110146818444e-10
8.411105806100742423e-10
8.401545559526198263e-10
8.391998349649947984e-10
8.382464155736476147e-10
8.372942957088019832e-10
8.363434733044442500e-10
8.353939462982981698e-10
8.344457126318482741e-10
8.334987702503038888e-10
8.325531171026204336e-10
8.316087511414567196e-10
8.306656703232116549e-10
8.297238726079566226e-10
8.287833559594975198e-10
8.278441183453151998e-10
8.269061577365656798e-10
8.259694721081019571e-10
8.250340594384445411e-10
8.240999177097555005e-10
8.231670449078731013e-10
8.222354390222795471e-10
8.213050980460811263e-10
8.203760199760360267e-10
8.194482028125172148e-10
8.185216445595268093e-10
8.175963432246462422e-10
8.166722968191002629e-10
8.157495033576811473e-10
8.148279608587816817e-10
8.139076673443656944e-10
8.129886208399935951e-10
8.120708193747613703e-10
8.111542609813441134e-10
8.102389436959582850e-10
8.093248655583781529e-10
8.084120246119057033e-10
8.075004189033694002e-10
8.065900464831340081e-10
8.056809054050738121e-10
8.047729937265561776e-10
8.038663095084888030e-10
8.029608508152316250e-10
8.020566157146628897e-10
8.011536022781208361e-10
8.002518085804343023e-10
7.993512326998862256e-10
7.984518727182220181e-10
7.975537267206401571e-10
7.966567927957855683e-10
7.957610690357447655e-10
7.948665535360302378e-10
7.939732443955701099e-10
7.930811397167432972e-10
7.921902376052945132e-10
7.913005361704093355e-10
7.904120335246477221e-10
7.895247277839712042e-10
7.886386170677218969e-10
7.877536994986166052e-10
7.868699732027419647e-10
7.859874363095494784e-10
7.851060869518443495e-10
7.842259232657786573e-10
7.833469433908518747e-10
7.824691454699040429e-10
7.815925276490919910e-10
7.807170880779008124e-10
7.798428249091249437e-10
7.789697362988892570e-10
7.780978204065871256e-10
7.772270753949448399e-10
7.763574994299371324e-10
7.754890906808587279e-10
7.746218473202552747e-10
7.737557675239574656e-10
7.728908494710469163e-10
7.720270913438636105e-10
7.711644913279994892e-10
7.703030476122962790e-10
7.694427583888140596e-10
7.685836218528560790e-10
7.677256362029426975e-10
7.668687996408286550e-10
7.660131103714536468e-10
7.651585666029791334e-10
7.643051665467478086e-10
7.634529084173118268e-10
7.626017904323977515e-10
7.617518108129173087e-10
7.609029677829427778e-10
7.600552595697158843e-10
7.592086844036523492e-10
7.583632405183048724e-10
7.575189261503759542e-10
7.566757395397021789e-10
7.558336789292712754e-10
7.549927425651941997e-10
7.541529286966833180e-10
7.533142355760889065e-10
7.524766614588599630e-10
7.516402046035585798e-10
7.508048632718244779e-10
7.499706357284003396e-10
7.491375202411222960e-10
7.483055150808867362e-10
7.474746185216684020e-10
7.466448288405139770e-10
7.458161443175180989e-10
7.449885632358354563e-10
7.441620838816652799e-10
7.433367045442615779e-10
7.425124235158952933e-10
7.416892390918740524e-10
7.408671495705347205e-10
7.400461532532196201e-10
7.392262484442841823e-10
7.384074334511007731e-10
7.375897065840302583e-10
7.367730661564240720e-10
7.359575104846375547e-10
7.351430378879806324e-10
7.343296466887701364e-10
7.335173352122624909e-10
7.327061017866917634e-10
7.318959447432591185e-10
7.310868624160949739e-10
7.302788531422974648e-10
7.294719152618823990e-10
7.286660471178249265e-10
7.278612470560120798e-10
7.270575134252513558e-10
7.262548445772776437e-10
7.254532388667328558e-10
7.246526946511551734e-10
7.238532102909941439e-10
7.230547841495881392e-10
7.222574145931673549e-10
7.214610999908318895e-10
7.206658387145742855e-10
7.198716291392425127e-10
7.190784696425593038e-10
7.182863586051061279e-10
7.174952944103173996e-10
7.167052754444711740e-10
7.159163000966899734e-10
7.151283667589380992e-10
7.143414738260012623e-10
7.135556196954991978e-10
7.127708027678670537e-10
7.119870214463599396e-10
7.112042741370295599e-10
7.104225592487470637e-10
7.096418751931611694e-10
7.088622203847375589e-10
7.080835932407054212e-10
7.073059921810855764e-10
7.065294156286809632e-10
7.057538620090488251e-10
7.049793297505193215e-10
7.042058172841852919e-10
7.034333230438898478e-10
7.026618454662209963e-10
7.018913829905126739e-10
7.011219340588395766e-10
7.003534971160014435e-10
6.995860706095316389e-10
6.988196529896787475e-10
6.980542427094095729e-10
6.972898382244059321e-10
6.965264379930393233e-10
6.957640404764051507e-10
6.950026441382758849e-10
6.942422474451229835e-10
6.934828488660842175e-10
6.927244468729966548e-10
6.919670399403661585e-10
6.912106265453552887e-10
6.904552051678015010e-10
6.897007742901943989e-10
6.889473323976776979e-10
6.881948779780475721e-10
6.874434095217264936e-10
6.866929255217913572e-10
6.859434244739406001e-10
6.851949048764989575e-10
6.844473652304194281e-10
6.837008040392646615e-10
6.829552198092107849e-10
6.822106110490438869e-10
6.814669762701384077e-10
6.807243139864787491e-10
6.799826227146333218e-10
6.792419009737515466e-10
6.785021472855726437e-10
6.777633601744065037e-10
6.770255381671297585e-10
6.762886797931936400e-10
6.755527835845973029e-10
6.748178480759102622e-10
6.740838718042371351e-10
6.733508533092376992e-10
6.726187911331101429e-10
6.718876838205851714e-10
6.711575299189218708e-10
6.704283279779142223e-10
6.697000765498714563e-10
6.689727741896099879e-10
6.682464194544715111e-10
6.675210109042954950e-10
6.667965471014213557e-10
6.660730266106849401e-10
6.653504479994161480e-10
6.646288098374311775e-10
6.639081106970215646e-10
6.631883491529667978e-10
6.624695237825056769e-10
6.617516331653499617e-10
6.610346758836682416e-10
6.603186505220932772e-10
6.596035556677154861e-10
6.588893899100534746e-10
6.581761518410898130e-10
6.574638400552290567e-10
6.567524531493158405e-10
6.560419897226244353e-10
6.553324483768568873e-10
6.546238277161298861e-10
6.539161263469654592e-10
6.532093428783063783e-10
6.525034759215084041e-10
6.517985240903114388e-10
6.510944860008488316e-10
6.503913602716681618e-10
6.496891455236807807e-10
6.489878403801916934e-10
6.482874434668759843e-10
6.475879534117872956e-10
6.468893688453461437e-10
6.461916884003350588e-10
6.454949107118896935e-10
6.447990344175134013e-10
6.441040581570466313e-10
6.434099805726799558e-10
6.427168003089507624e-10
6.420245160127165764e-10
6.413331263331830825e-10
6.406426299218694858e-10
6.399530254326291919e-10
6.392643115216232335e-10
6.385764868473346427e-10
6.378895500705507699e-10
6.372034998543615262e-10
6.365183348641627954e-10
6.358340537676492996e-10
6.351506552347840972e-10
6.344681379378468688e-10
6.337865005513844942e-10
6.331057417522172553e-10
6.324258602194504173e-10
6.317468546344512741e-10
6.310687236808584540e-10
6.303914660445581388e-10
6.297150804137073276e-10
6.290395654787020940e-10
6.283649199321949570e-10
6.276911424690772000e-10
6.270182317864775264e-10
6.263461865837672297e-10
6.256750055625340339e-10
6.250046874266027730e-10
6.243352308820100585e-10
6.236666346370195821e-10
6.229988974021031946e-10
6.223320178899379065e-10
6.216659948154146774e-10
6.210008268956096712e-10
6.203365128498100023e-10
6.196730513994874725e-10
6.190104412682958824e-10
6.183486811820885061e-10
6.176877698688793169e-10
6.170277060588634597e-10
6.163684884844133225e-10
6.157101158800598208e-10
6.150525869824972578e-10
6.143959005305878737e-10
6.137400552653294820e-10
6.130850499298860758e-10
6.124308832695568078e-10
6.117775540317904666e-10
6.111250609661655205e-10
6.104734028244030424e-10
6.098225783603435489e-10
6.091725863299582702e-10
6.085234254913438772e-10
6.078750946046959084e-10
6.072275924323548846e-10
6.065809177387357926e-10
6.059350692903767848e-10
6.052900458559178797e-10
6.046458462060895877e-10
6.040024691137183918e-10
6.033599133537237485e-10
6.027181777030950307e-10
6.020772609409195479e-10
6.014371618483494590e-10
6.007978792086161453e-10
6.001594118070234887e-10
5.995217584309317422e-10
5.988849178697609420e-10
5.982488889150017642e-10
5.976136703601817135e-10
5.969792610008895256e-10
5.963456596347519023e-10
5.957128650614400257e-10
5.950808760826649052e-10
5.944496915021660040e-10
5.938193101257112389e-10
5.931897307611015299e-10
5.925609522181624247e-10
5.919329733087187669e-10
5.913057928466315050e-10
5.906794096477604694e-10
5.900538225299726443e-10
5.894290303131358604e-10
5.888050318191340979e-10
5.881818258718185791e-10
5.875594112970529534e-10
5.869377869226856900e-10
5.863169515785316733e-10
5.856969040964108735e-10
5.850776433101060570e-10
5.844591680553700242e-10
5.838414771699329508e-10
5.832245694934783994e-10
5.826084438676641027e-10
5.819930991361009734e-10
5.813785341443430752e-10
5.807647477399140918e-10
5.801517387722686570e-10
5.795395060928025904e-10
5.789280485548676840e-10
5.783173650137387174e-10
5.777074543266180083e-10
5.770983153526387203e-10
5.764899469528764442e-10
5.758823479902958444e-10
5.752755173298024612e-10
5.746694538382049708e-10
5.740641563842301778e-10
5.734596238384955113e-10
5.728558550735391140e-10
5.722528489637816882e-10
5.716506043855536895e-10
5.710491202170685466e-10
5.704483953384313472e-10
5.698484286316217766e-10
5.692492189805227597e-10
5.686507652708680378e-10
5.680530663902853891e-10
5.674561212282633344e-10
5.668599286761623046e-10
5.662644876272011983e-10
5.656697969764557279e-10
5.650758556208705170e-10
5.644826624592314932e-10
5.638902163921761246e-10
5.632985163221890770e-10
5.627075611536021104e-10
5.621173497925737098e-10
5.615278811471118327e-10
5.609391541270409253e-10
5.603511676440303566e-10
5.597639206115613314e-10
5.591774119449372301e-10
5.585916405612899156e-10
5.580066053795610189e-10
5.574223053204958381e-10
5.568387393066549191e-10
5.562559062624040263e-10
5.556738051139034923e-10
5.550924347891196953e-10
5.545117942178067574e-10
5.539318823315158507e-10
5.533526980635737939e-10
5.527742403491034216e-10
5.521965081250033183e-10
5.516195003299511273e-10
5.510432159043947617e-10
5.504676537905617104e-10
5.498928129324369109e-10
5.493186922757710211e-10
5.487452907680783512e-10
5.481726073586363472e-10
5.476006409984624292e-10
5.470293906403368428e-10
5.464588552387805317e-10
5.458890337500634096e-10
5.453199251321942273e-10
5.447515283449198488e-10
5.441838423497218394e-10
5.436168661098088139e-10
5.430505985901245019e-10
5.424850387573351333e-10
5.419201855798222005e-10
5.413560380276950724e-10
5.407925950727740381e-10
5.402298556885914434e-10
5.396678188503843501e-10
5.391064835350958800e-10
5.385458487213807984e-10
5.379859133895800782e-10
5.374266765217444747e-10
5.368681371016021620e-10
5.363102941145857201e-10
5.357531465478027694e-10
5.351966933900428989e-10
5.346409336317920382e-10
5.340858662651959581e-10
5.335314902840818808e-10
5.329778046839436943e-10
5.324248084619480522e-10
5.318725006169252755e-10
5.313208801493627343e-10
5.307699460614072269e-10
5.302196973568639450e-10
5.296701330411882024e-10
5.291212521214818157e-10
5.285730536064994119e-10
5.280255365066327120e-10
5.274786998339144596e-10
5.269325426020111836e-10
5.263870638262300223e-10
5.258422625235056951e-10
5.252981377123929546e-10
5.247546884130872665e-10
5.242119136473897570e-10
5.236698124387249979e-10
5.231283838121416267e-10
5.225876267942901162e-10
5.220475404134346651e-10
5.215081236994427549e-10
5.209693756837882520e-10
5.204312953995494428e-10
5.198938818813951788e-10
5.193571341655917006e-10
5.188210512899968475e-10
5.182856322940620226e-10
5.177508762188116161e-10
5.172167821068683380e-10
5.166833490024198206e-10
5.161505759512444679e-10
5.156184620006836418e-10
5.150870061996572748e-10
5.145562075986489811e-10
5.140260652497111229e-10
5.134965782064537468e-10
5.129677455240516150e-10
5.124395662592304535e-10
5.119120394702741895e-10
5.113851642170137848e-10
5.108589395608333364e-10
5.103333645646598398e-10
5.098084382929601906e-10
5.092841598117419082e-10
5.087605281885450710e-10
5.082375424924549309e-10
5.077152017940730651e-10
5.071935051655414678e-10
5.066724516805203200e-10
5.061520404141921252e-10
5.056322704432629500e-10
5.051131408459490864e-10
5.045946507019910097e-10
5.040767990926277363e-10
5.035595851006146083e-10
5.030430078102106787e-10
5.025270663071812961e-10
5.020117596787842501e-10
5.014970870137801104e-10
5.009830474024220944e-10
5.004696399364550326e-10
4.999568637091188847e-10
4.994447178151217525e-10
4.989332013506773100e-10
4.984223134134700616e-10
4.979120531026569966e-10
4.974024195188797903e-10
4.968934117642473292e-10
4.963850289423385037e-10
4.958772701582037580e-10
4.953701345183537172e-10
4.948636211307634261e-10
4.943577291048628369e-10
4.938524575515390838e-10
4.933478055831411360e-10
4.928437723134589112e-10
4.923403568577338225e-10
4.918375583326524706e-10
4.913353758563496429e-10
4.908338085483923901e-10
4.903328555297923302e-10
4.898325159229903460e-10
4.893327888518664079e-10
4.888336734417210654e-10
4.883351688192960235e-10
4.878372741127444676e-10
4.873399884516420235e-10
4.868433109669967869e-10
4.863472407912193385e-10
4.858517770581394939e-10
4.853569189030033054e-10
4.848626654624527959e-10
4.843690158745561513e-10
4.838759692787651203e-10
4.833835248159487221e-10
4.828916816283619171e-10
4.824004388596661830e-10
4.819097956549073877e-10
4.814197511605316088e-10
4.809303045243657989e-10
4.804414548956280212e-10
4.799532014249161800e-10
4.794655432642143272e-10
4.789784795668698117e-10
4.784920094876305029e-10
4.780061321825985714e-10
4.775208468092480669e-10
4.770361525264323627e-10
4.765520484943594440e-10
4.760685338746056593e-10
4.755856078301097235e-10
4.751032695251668246e-10
4.746215181254219023e-10
4.741403527978860887e-10
4.736597727109143740e-10
4.731797770342019878e-10
4.727003649388045618e-10
4.722215355971168296e-10
4.717432881828678705e-10
4.712656218711303119e-10
4.707885358383184682e-10
4.703120292621678681e-10
4.698361013217566576e-10
4.693607511974866788e-10
4.688859780710896731e-10
4.684117811256138401e-10
4.679381595454371756e-10
4.674651125162511346e-10
4.669926392250726259e-10
4.665207388602213676e-10
4.660494106113362241e-10
4.655786536693634188e-10
4.651084672265630482e-10
4.646388504764888674e-10
4.641698026140024558e-10
4.637013228352704254e-10
4.632334103377495831e-10
4.627660643201955643e-10
4.622992839826565778e-10
4.618330685264770760e-10
4.613674171542765067e-10
4.609023290699750076e-10
4.604378034787648169e-10
4.599738395871310042e-10
4.595104366028275860e-10
4.590475937348893645e-10
4.585853101936288775e-10
4.581235851906232151e-10
4.576624179387285472e-10
4.572018076520588235e-10
4.567417535460011798e-10
4.562822548372030648e-10
4.558233107435711030e-10
4.553649204842720252e-10
4.549070832797284809e-10
4.544497983516149538e-10
4.539930649228596752e-10
4.535368822176401775e-10
4.530812494613824672e-10
4.526261658807522877e-10
4.521716307036614782e-10
4.517176431592641999e-10
4.512642024779470614e-10
4.508113078913402340e-10
4.503589586322960999e-10
4.499071539349101388e-10
4.494558930345012305e-10
4.490051751676173935e-10
4.485549995720276682e-10
4.481053654867239265e-10
4.476562721519259383e-10
4.472077188090626563e-10
4.467597047007827111e-10
4.463122290709471732e-10
4.458652911646320348e-10
4.454188902281161121e-10
4.449730255088910228e-10
4.445276962556537424e-10
4.440829017182953329e-10
4.436386411479224501e-10
4.431949137968276165e-10
4.427517189185041625e-10
4.423090557676398671e-10
4.418669236001127191e-10
4.414253216729937082e-10
4.409842492445411904e-10
4.405437055741893588e-10
4.401036899225761612e-10
4.396642015514977534e-10
4.392252397239517191e-10
4.387868037040920924e-10
4.383488927572621346e-10
4.379115061499720521e-10
4.374746431499029769e-10
4.370383030259130676e-10
4.366024850480090230e-10
4.361671884873794795e-10
4.357324126163687483e-10
4.352981567084800206e-10
4.348644200383722658e-10
4.344312018818736730e-10
4.339985015159510455e-10
4.335663182187297562e-10
4.331346512694888368e-10
4.327034999486456228e-10
4.322728635377730208e-10
4.318427413195812594e-10
4.314131325779267809e-10
4.309840365978030388e-10
4.305554526653382754e-10
4.301273800678027072e-10
4.296998180936010292e-10
4.292727660322575769e-10
4.288462231744366958e-10
4.284201888119304369e-10
4.279946622376544214e-10
4.275696427456412740e-10
4.271451296310565471e-10
4.267211221901761276e-10
4.262976197203975080e-10
4.258746215202329096e-10
4.254521268893076808e-10
4.250301351283594691e-10
4.246086455392363604e-10
4.241876574248884519e-10
4.237671700893757105e-10
4.233471828378661114e-10
4.229276949766237476e-10
4.225087058130081576e-10
4.220902146554845105e-10
4.216722208136101636e-10
4.212547235980368345e-10
4.208377223205113241e-10
4.204212162938610936e-10
4.200052048320111175e-10
4.195896872499675469e-10
4.191746628638224662e-10
4.187601309907471203e-10
4.183460909489988938e-10
4.179325420579080763e-10
4.175194836378824637e-10
4.171069150104044110e-10
4.166948354980277306e-10
4.162832444243857059e-10
4.158721411141641554e-10
4.154615248931295063e-10
4.150513950881058390e-10
4.146417510269863136e-10
4.142325920387171426e-10
4.138239174533119117e-10
4.134157266018358635e-10
4.130080188164117390e-10
4.126007934302169349e-10
4.121940497774775574e-10
4.117877871934772635e-10
4.113820050145379249e-10
4.109767025780308473e-10
4.105718792223744435e-10
4.101675342870314418e-10
4.097636671124950310e-10
4.093602770403073679e-10
4.089573634130435515e-10
4.085549255743160166e-10
4.081529628687668315e-10
4.077514746420690413e-10
4.073504602409343718e-10
4.069499190130903782e-10
4.065498503072951791e-10
4.061502534733386978e-10
4.057511278620138141e-10
4.053524728251596876e-10
4.049542877156141955e-10
4.045565718872405567e-10
4.041593246949104268e-10
4.037625454945221477e-10
4.033662336429695731e-10
4.029703884981725708e-10
4.025750094190427984e-10
4.021800957655081562e-10
4.017856468985028617e-10
4.013916621799525083e-10
4.009981409727950550e-10
4.006050826409630421e-10
4.002124865493851941e-10
3.998203520639854367e-10
3.994286785516873438e-10
3.990374653804032801e-10
3.986467119190315580e-10
3.982564175374590740e-10
3.978665816065717005e-10
3.974772034982271952e-10
3.970882825852757257e-10
3.966998182415361402e-10
3.963118098418256417e-10
3.959242567619219971e-10
3.955371583785927462e-10
3.951505140695727652e-10
3.947643232135703149e-10
3.943785851902715903e-10
3.939932993803237637e-10
3.936084651653449622e-10
3.932240819279219932e-10
3.928401490516035715e-10
3.924566659209063168e-10
3.920736319212955218e-10
3.916910464392111559e-10
3.913089088620417584e-10
3.909272185781310034e-10
3.905459749767871094e-10
3.901651774482586958e-10
3.897848253837525158e-10
3.894049181754233748e-10
3.890254552163703566e-10
3.886464359006434408e-10
3.882678596232392638e-10
3.878897257800870042e-10
3.875120337680685464e-10
3.871347829849945949e-10
3.867579728296195640e-10
3.863816027016391995e-10
3.860056720016717605e-10
3.856301801312755449e-10
3.852551264929422208e-10
3.848805104900848321e-10
3.845063315270540316e-10
3.841325890091186946e-10
3.837592823424807561e-10
3.833864109342567024e-10
3.830139741924900312e-10
3.826419715261374473e-10
3.822704023450870091e-10
3.818992660601301082e-10
3.815285620829805975e-10
3.811582898262650720e-10
3.807884487035167685e-10
3.804190381291845609e-10
3.800500575186299618e-10
3.796815062881090280e-10
3.793133838547946943e-10
3.789456896367557322e-10
3.785784230529749992e-10
3.782115835233202295e-10
3.778451704685730367e-10
3.774791833104032714e-10
3.771136214713803946e-10
3.767484843749670673e-10
3.763837714455238036e-10
3.760194821082950116e-10
3.756556157894189196e-10
3.752921719159244746e-10
3.749291499157191410e-10
3.745665492176080292e-10
3.742043692512683567e-10
3.738426094472667148e-10
3.734812692370453693e-10
3.731203480529343574e-10
3.727598453281276549e-10
3.723997604967046825e-10
3.720400929936199147e-10
3.716808422546982787e-10
3.713220077166332410e-10
3.709635888169951316e-10
3.706055849942150649e-10
3.702479956875968830e-10
3.698908203373094519e-10
3.695340583843806645e-10
3.691777092707055062e-10
3.688217724390421249e-10
3.684662473329992173e-10
3.681111333970492634e-10
3.677564300765234599e-10
3.674021368176071193e-10
3.670482530673305710e-10
3.666947782735869967e-10
3.663417118851167149e-10
3.659890533515089896e-10
3.656368021231958270e-10
3.652849576514647963e-10
3.649335193884400567e-10
3.645824867870889744e-10
3.642318593012293610e-10
3.638816363855106027e-10
3.635318174954249315e-10
3.631824020872962057e-10
3.628333896182961956e-10
3.624847795464157355e-10
3.621365713304970353e-10
3.617887644301957334e-10
3.614413583060066432e-10
3.610943524192547572e-10
3.607477462320866132e-10
3.604015392074818752e-10
3.600557308092371512e-10
3.597103205019785048e-10
3.593653077511472377e-10
3.590206920230111082e-10
3.586764727846507351e-10
3.583326495039714876e-10
3.579892216496876142e-10
3.576461886913322725e-10
3.573035500992476023e-10
3.569613053445901030e-10
3.566194538993303748e-10
3.562779952362386946e-10
3.559369288289023354e-10
3.555962541517102633e-10
3.552559706798562393e-10
3.549160778893349423e-10
3.545765752569489478e-10
3.542374622602974066e-10
3.538987383777804385e-10
3.535604030885959275e-10
3.532224558727330593e-10
3.528848962109836431e-10
3.525477235849331162e-10
3.522109374769527378e-10
3.518745373702078084e-10
3.515385227486550855e-10
3.512028930970414390e-10
3.508676479008953730e-10
3.505327866465321952e-10
3.501983088210539657e-10
3.498642139123412765e-10
3.495305014090653493e-10
3.491971708006664250e-10
3.488642215773714970e-10
3.485316532301796283e-10
3.481994652508733251e-10
3.478676571320035965e-10
3.475362283668938828e-10
3.472051784496448125e-10
3.468745068751279462e-10
3.465442131389809690e-10
3.462142967376084140e-10
3.458847571681898310e-10
3.455555939286608126e-10
3.452268065177287113e-10
3.448983944348588869e-10
3.445703571802814278e-10
3.442426942549837580e-10
3.439154051607179781e-10
3.435884893999875792e-10
3.432619464760563345e-10
3.429357758929418374e-10
3.426099771554165351e-10
3.422845497690031279e-10
3.419594932399791698e-10
3.416348070753713822e-10
3.413104907829531203e-10
3.409865438712473201e-10
3.406629658495207078e-10
3.403397562277888152e-10
3.400169145168069319e-10
3.396944402280763610e-10
3.393723328738360957e-10
3.390505919670654556e-10
3.387292170214863104e-10
3.384082075515552726e-10
3.380875630724617336e-10
3.377672831001351527e-10
3.374473671512360104e-10
3.371278147431555492e-10
3.368086253940220815e-10
3.364897986226875991e-10
3.361713339487335641e-10
3.358532308924724590e-10
3.355354889749393605e-10
3.352181077178962302e-10
3.349010866438257110e-10
3.345844252759362449e-10
3.342681231381570066e-10
3.339521797551346985e-10
3.336365946522392890e-10
3.333213673555500539e-10
3.330064973918720164e-10
3.326919842887219371e-10
3.323778275743258323e-10
3.320640267776275041e-10
3.317505814282828539e-10
3.314374910566534715e-10
3.311247551938137695e-10
3.308123733715428150e-10
3.305003451223282589e-10
3.301886699793672661e-10
3.298773474765523501e-10
3.295663771484841946e-10
3.292557585304662249e-10
3.289454911585020228e-10
3.286355745692892783e-10
3.283260083002337995e-10
3.280167918894302293e-10
3.277079248756718679e-10
3.273994067984471575e-10
3.270912371979367353e-10
3.267834156150158635e-10
3.264759415912494143e-10
3.261688146688907329e-10
3.258620343908855662e-10
3.255556003008659625e-10
3.252495119431500130e-10
3.249437688627395773e-10
3.246383706053261765e-10
3.243333167172742952e-10
3.240286067456437663e-10
3.237242402381628884e-10
3.234202167432499319e-10
3.231165358099880136e-10
3.228131969881561680e-10
3.225101998281919166e-10
3.222075438812173249e-10
3.219052286990261807e-10
3.216032538340855449e-10
3.213016188395346664e-10
3.210003232691796565e-10
3.206993666774991762e-10
3.203987486196432984e-10
3.200984686514194465e-10
3.197985263293087305e-10
3.194989212104558144e-10
3.191996528526666414e-10
3.189007208144141726e-10
3.186021246548283572e-10
3.183038639337028017e-10
3.180059382114880492e-10
3.177083470492924582e-10
3.174110900088829261e-10
3.171141666526818396e-10
3.168175765437696590e-10
3.165213192458722525e-10
3.162253943233759919e-10
3.159298013413160687e-10
3.156345398653760291e-10
3.153396094618932021e-10
3.150450096978461366e-10
3.147507401408703699e-10
3.144568003592401779e-10
3.141631899218747270e-10
3.138699083983410212e-10
3.135769553588500762e-10
3.132843303742433228e-10
3.129920330160184564e-10
3.127000628563011056e-10
3.124084194678594117e-10
3.121171024241029945e-10
3.118261112990688902e-10
3.115354456674371648e-10
3.112451051045201086e-10
3.109550891862614092e-10
3.106653974892375991e-10
3.103760295906560910e-10
3.100869850683560054e-10
3.097982635008038272e-10
3.095098644670921657e-10
3.092217875469439415e-10
3.089340323207059764e-10
3.086465983693520950e-10
3.083594852744729919e-10
3.080726926182930337e-10
3.077862199836488041e-10
3.075000669539997537e-10
3.072142331134255637e-10
3.069287180466256283e-10
3.066435213389182282e-10
3.063586425762313278e-10
3.060740813451130185e-10
3.057898372327273827e-10
3.055059098268462221e-10
3.052222987158611036e-10
3.049390034887677975e-10
3.046560237351739297e-10
3.043733590453042024e-10
3.040910090099756312e-10
3.038089732206289773e-10
3.035272512693006237e-10
3.032458427486380332e-10
3.029647472518891500e-10
3.026839643729033301e-10
3.024034937061394068e-10
3.021233348466523520e-10
3.018434873900916736e-10
3.015639509327201822e-10
3.012847250713878835e-10
3.010058094035424210e-10
3.007272035272330569e-10
3.004489070411007979e-10
3.001709195443829961e-10
2.998932406369036817e-10
2.996158699190851946e-10
2.993388069919423949e-10
2.990620514570750107e-10
2.987856029166746181e-10
2.985094609735241239e-10
2.982336252309859784e-10
2.979580952930186668e-10
2.976828707641557723e-10
2.974079512495245863e-10
2.971333363548300830e-10
2.968590256863597265e-10
2.965850188509861597e-10
2.963113154561601730e-10
2.960379151099091015e-10
2.957648174208454591e-10
2.954920219981526694e-10
2.952195284515963877e-10
2.949473363915146265e-10
2.946754454288195653e-10
2.944038551749981187e-10
2.941325652421139532e-10
2.938615752427969404e-10
2.935908847902480167e-10
2.933204934982439912e-10
2.930504009811235874e-10
2.927806068537972653e-10
2.925111107317425693e-10
2.922419122310049031e-10
2.919730109681895165e-10
2.917044065604693639e-10
2.914360986255824674e-10
2.911680867818298487e-10
2.909003706480657067e-10
2.906329498437145815e-10
2.903658239887593597e-10
2.900989927037339340e-10
2.898324556097401598e-10
2.895662123284293471e-10
2.893002624820132210e-10
2.890346056932555461e-10
2.887692415854748668e-10
2.885041697825465751e-10
2.882393899088915369e-10
2.879749015894913949e-10
2.877107044498647354e-10
2.874467981160959879e-10
2.871831822148082315e-10
2.869198563731697093e-10
2.866568202189023065e-10
2.863940733802745713e-10
2.861316154860952526e-10
2.858694461657166603e-10
2.856075650490398870e-10
2.853459717665059674e-10
2.850846659490924662e-10
2.848236472283248004e-10
2.845629152362650717e-10
2.843024696055156344e-10
2.840423099692132015e-10
2.837824359610336009e-10
2.835228472151908966e-10
2.832635433664313398e-10
2.830045240500361093e-10
2.827457889018212594e-10
2.824873375581333257e-10
2.822291696558547534e-10
2.819712848323939195e-10
2.817136827256905096e-10
2.814563629742151556e-10
2.811993252169689192e-10
2.809425690934730033e-10
2.806860942437785238e-10
2.804299003084654748e-10
2.801739869286384384e-10
2.799183537459191909e-10
2.796630004024564231e-10
2.794079265409257912e-10
2.791531318045174064e-10
2.788986158369471046e-10
2.786443782824461070e-10
2.783904187857660865e-10
2.781367369921768412e-10
2.778833325474672769e-10
2.776302050979380656e-10
2.773773542904084181e-10
2.771247797722144814e-10
2.768724811911988438e-10
2.766204581957194274e-10
2.763687104346563117e-10
2.761172375573858847e-10
2.758660392138015223e-10
2.756151150543085219e-10
2.753644647298162955e-10
2.751140878917474693e-10
2.748639841920262510e-10
2.746141532830851507e-10
2.743645948178607417e-10
2.741153084497979000e-10
2.738662938328437035e-10
2.736175506214427274e-10
2.733690784705526058e-10
2.731208770356200952e-10
2.728729459725991686e-10
2.726252849379453291e-10
2.723778935886076481e-10
2.721307715820352795e-10
2.718839185761757534e-10
2.716373342294708402e-10
2.713910182008586707e-10
2.711449701497738388e-10
2.708991897361423357e-10
2.706536766203833588e-10
2.704084304634120003e-10
2.701634509266313375e-10
2.699187376719323289e-10
2.696742903617044645e-10
2.694301086588189119e-10
2.691861922266395283e-10
2.689425407290157773e-10
2.686991538302826262e-10
2.684560311952636989e-10
2.682131724892630047e-10
2.679705773780781211e-10
2.677282455279806001e-10
2.674861766057289447e-10
2.672443702785641108e-10
2.670028262142038723e-10
2.667615440808577621e-10
2.665205235471983791e-10
2.662797642823929760e-10
2.660392659560760593e-10
2.657990282383661914e-10
2.655590507998522383e-10
2.653193333116052091e-10
2.650798754451662616e-10
2.648406768725519240e-10
2.646017372662565763e-10
2.643630562992403530e-10
2.641246336449394828e-10
2.638864689772582749e-10
2.636485619705776500e-10
2.634109122997410777e-10
2.631735196400660538e-10
2.629363836673329334e-10
2.626995040577949602e-10
2.624628804881680307e-10
2.622265126356373111e-10
2.619904001778478284e-10
2.617545427929147064e-10
2.615189401594129301e-10
2.612835919563841692e-10
2.610484978633235433e-10
2.608136575601970450e-10
2.605790707274283558e-10
2.603447370458983817e-10
2.601106561969503189e-10
2.598768278623830370e-10
2.596432517244509752e-10
2.594099274658766535e-10
2.591768547698240479e-10
2.589440333199236127e-10
2.587114628002522727e-10
2.584791428953463481e-10
2.582470732901947824e-10
2.580152536702331961e-10
2.577836837213595524e-10
2.575523631299126498e-10
2.573212915826874771e-10
2.570904687669255969e-10
2.568598943703198510e-10
2.566295680810085692e-10
2.563994895875786203e-10
2.561696585790632404e-10
2.559400747449437388e-10
2.557107377751431912e-10
2.554816473600303684e-10
2.552528031904195296e-10
2.550242049575659765e-10
2.547958523531671388e-10
2.545677450693623675e-10
2.543398827987351577e-10
2.541122652343042569e-10
2.538848920695295063e-10
2.536577629983128237e-10
2.534308777149889490e-10
2.532042359143329409e-10
2.529778372915578500e-10
2.527516815423079467e-10
2.525257683626686468e-10
2.523000974491550352e-10
2.520746684987178622e-10
2.518494812087434405e-10
2.516245352770458384e-10
2.513998304018748418e-10
2.511753662819092847e-10
2.509511426162584454e-10
2.507271591044615291e-10
2.505034154464913906e-10
2.502799113427365944e-10
2.500566464940300049e-10
2.498336206016157497e-10
2.496108333671752770e-10
2.493882844928125689e-10
2.491659736810522290e-10
2.489439006348501837e-10
2.487220650575776560e-10
2.485004666530376570e-10
2.482791051254490111e-10
2.480579801794536459e-10
2.478370915201157127e-10
2.476164388529172959e-10
2.473960218837622904e-10
2.471758403189703526e-10
2.469558938652826392e-10
2.467361822298555516e-10
2.465167051202627003e-10
2.462974622444925788e-10
2.460784533109537330e-10
2.458596780284653007e-10
2.456411361062588727e-10
2.454228272539854720e-10
2.452047511817054725e-10
2.449869075998889612e-10
2.447692962194222518e-10
2.445519167516002855e-10
2.443347689081264755e-10
2.441178524011169980e-10
2.439011669430950540e-10
2.436847122469940742e-10
2.434684880261476897e-10
2.432524939943088087e-10
2.430367298656257835e-10
2.428211953546580753e-10
2.426058901763689125e-10
2.423908140461243607e-10
2.421759666796959074e-10
2.419613477932571531e-10
2.417469571033843804e-10
2.415327943270576910e-10
2.413188591816538197e-10
2.411051513849516662e-10
2.408916706551340010e-10
2.406784167107782635e-10
2.404653892708585259e-10
2.402525880547551095e-10
2.400400127822348358e-10
2.398276631734697415e-10
2.396155389490254460e-10
2.394036398298613585e-10
2.391919655373308328e-10
2.389805157931865961e-10
2.387692903195693748e-10
2.385582888390148224e-10
2.383475110744504692e-10
2.381369567491965496e-10
2.379266255869627965e-10
2.377165173118494756e-10
2.375066316483512625e-10
2.372969683213430258e-10
2.370875270560927001e-10
2.368783075782621645e-10
2.366693096138895103e-10
2.364605328894064118e-10
2.362519771316284066e-10
2.360436420677600658e-10
2.358355274253850677e-10
2.356276329324743146e-10
2.354199583173827271e-10
2.352125033088475387e-10
2.350052676359880368e-10
2.347982510283053044e-10
2.345914532156828402e-10
2.343848739283850082e-10
2.341785128970526945e-10
2.339723698527095631e-10
2.337664445267575579e-10
2.335607366509751453e-10
2.333552459575197953e-10
2.331499721789267411e-10
2.329449150481033953e-10
2.327400742983401813e-10
2.325354496632955140e-10
2.323310408770073554e-10
2.321268476738838822e-10
2.319228697887094317e-10
2.317191069566402622e-10
2.315155589132066728e-10
2.313122253943049640e-10
2.311091061362100525e-10
2.309062008755617710e-10
2.307035093493716404e-10
2.305010312950213191e-10
2.302987664502605612e-10
2.300967145532060526e-10
2.298948753423431692e-10
2.296932485565261320e-10
2.294918339349708983e-10
2.292906312172648555e-10
2.290896401433561965e-10
2.288888604535557041e-10
2.286882918885486411e-10
2.284879341893719769e-10
2.282877870974336202e-10
2.280878503544978131e-10
2.278881237026979015e-10
2.276886068845192742e-10
2.274892996428164233e-10
2.272902017208004335e-10
2.270913128620399123e-10
2.268926328104645576e-10
2.266941613103643043e-10
2.264958981063815695e-10
2.262978429435234539e-10
2.260999955671456371e-10
2.259023557229691798e-10
2.257049231570599737e-10
2.255076976158470687e-10
2.253106788461106787e-10
2.251138665949858520e-10
2.249172606099629890e-10
2.247208606388799830e-10
2.245246664299315526e-10
2.243286777316616934e-10
2.241328942929664439e-10
2.239373158630945317e-10
2.237419421916402132e-10
2.235467730285511837e-10
2.233518081241212876e-10
2.231570472289941117e-10
2.229624900941611497e-10
2.227681364709611820e-10
2.225739861110793450e-10
2.223800387665470536e-10
2.221862941897414583e-10
2.219927521333851610e-10
2.217994123505464215e-10
2.216062745946323338e-10
2.214133386194018276e-10
2.212206041789497457e-10
2.210280710277155292e-10
2.208357389204823127e-10
2.206436076123713926e-10
2.204516768588486634e-10
2.202599464157160361e-10
2.200684160391199165e-10
2.198770854855416409e-10
2.196859545118025429e-10
2.194950228750648318e-10
2.193042903328243036e-10
2.191137566429166735e-10
2.189234215635127945e-10
2.187332848531199749e-10
2.185433462705800404e-10
2.183536055750723061e-10
2.181640625261069853e-10
2.179747168835340040e-10
2.177855684075299471e-10
2.175966168586079844e-10
2.174078619976140707e-10
2.172193035857228877e-10
2.170309413844458829e-10
2.168427751556214470e-10
2.166548046614167233e-10
2.164670296643314592e-10
2.162794499271954731e-10
2.160920652131662760e-10
2.159048752857267712e-10
2.157178799086932159e-10
2.155310788462030716e-10
2.153444718627273347e-10
2.151580587230563451e-10
2.149718391923117283e-10
2.147858130359338072e-10
2.145999800196966718e-10
2.144143399096900853e-10
2.142288924723333387e-10
2.140436374743637999e-10
2.138585746828482096e-10
2.136737038651679216e-10
2.134890247890314140e-10
2.133045372224655774e-10
2.131202409338207043e-10
2.129361356917634579e-10
2.127522212652831020e-10
2.125684974236884762e-10
2.123849639366032401e-10
2.122016205739748944e-10
2.120184671060636141e-10
2.118355033034492277e-10
2.116527289370285292e-10
2.114701437780132356e-10
2.112877475979312020e-10
2.111055401686259821e-10
2.109235212622555102e-10
2.107416906512930312e-10
2.105600481085238181e-10
2.103785934070474210e-10
2.101973263202758573e-10
2.100162466219339738e-10
2.098353540860578700e-10
2.096546484869956991e-10
2.094741295994050834e-10
2.092937971982561900e-10
2.091136510588278281e-10
2.089336909567079653e-10
2.087539166677921772e-10
2.085743279682893082e-10
2.083949246347113385e-10
2.082157064438787608e-10
2.080366731729223640e-10
2.078578245992744959e-10
2.076791605006780592e-10
2.075006806551771275e-10
2.073223848411239252e-10
2.071442728371767079e-10
2.069663444222957811e-10
2.067885993757424148e-10
2.066110374770883821e-10
2.064336585062020260e-10
2.062564622432552649e-10
2.060794484687234891e-10
2.059026169633812180e-10
2.057259675083078905e-10
2.055494998848796450e-10
2.053732138747724725e-10
2.051971092599648799e-10
2.050211858227307289e-10
2.048454433456473016e-10
2.046698816115854775e-10
2.044945004037152653e-10
2.043192995055061646e-10
2.041442787007215312e-10
2.039694377734200758e-10
2.037947765079609826e-10
2.036202946889961545e-10
2.034459921014703676e-10
2.032718685306261576e-10
2.030979237619988820e-10
2.029241575814171854e-10
2.027505697750045248e-10
2.025771601291738964e-10
2.024039284306331086e-10
2.022308744663813959e-10
2.020579980237098325e-10
2.018852988901961106e-10
2.017127768537147511e-10
2.015404317024251351e-10
2.013682632247807066e-10
2.011962712095191234e-10
2.010244554456711499e-10
2.008528157225525397e-10
2.006813518297688703e-10
2.005100635572095451e-10
2.003389506950583147e-10
2.001680130337758285e-10
1.999972503641177808e-10
1.998266624771169972e-10
1.996562491640985050e-10
1.994860102166670995e-10
1.993159454267164427e-10
1.991460545864197839e-10
1.989763374882336818e-10
1.988067939249014423e-10
1.986374236894479228e-10
1.984682265751758361e-10
1.982992023756743061e-10
1.981303508848118628e-10
1.979616718967385105e-10
1.977931652058819532e-10
1.976248306069555050e-10
1.974566678949451653e-10
1.972886768651193381e-10
1.971208573130279015e-10
1.969532090344917643e-10
1.967857318256175231e-10
1.966184254827840718e-10
1.964512898026481337e-10
1.962843245821434858e-10
1.961175296184799250e-10
1.959509047091443796e-10
1.957844496518966182e-10
1.956181642447718088e-10
1.954520482860804414e-10
1.952861015744058979e-10
1.951203239086058483e-10
1.949547150878128192e-10
1.947892749114277571e-10
1.946240031791287659e-10
1.944588996908611030e-10
1.942939642468459679e-10
1.941291966475717395e-10
1.939645966938005420e-10
1.938001641865639793e-10
1.936358989271607831e-10
1.934718007171626027e-10
1.933078693584105418e-10
1.931441046530087475e-10
1.929805064033384464e-10
1.928170744120380667e-10
1.926538084820229352e-10
1.924907084164714481e-10
1.923277740188260273e-10
1.921650050927976440e-10
1.920024014423654827e-10
1.918399628717707374e-10
1.916776891855186795e-10
1.915155801883840346e-10
1.913536356854000219e-10
1.911918554818674798e-10
1.910302393833482736e-10
1.908687871956696128e-10
1.907074987249163734e-10
1.905463737774427825e-10
1.903854121598607077e-10
1.902246136790405108e-10
1.900639781421185955e-10
1.899035053564899111e-10
1.897431951298101497e-10
1.895830472699918949e-10
1.894230615852122209e-10
1.892632378839019659e-10
1.891035759747530466e-10
1.889440756667174764e-10
1.887847367690007997e-10
1.886255590910682695e-10
1.884665424426435296e-10
1.883076866337034185e-10
1.881489914744836305e-10
1.879904567754753037e-10
1.878320823474234690e-10
1.876738680013306428e-10
1.875158135484524332e-10
1.873579188002979534e-10
1.872001835686328457e-10
1.870426076654739311e-10
1.868851909030925696e-10
1.867279330940101883e-10
1.865708340510050278e-10
1.864138935871044913e-10
1.862571115155875739e-10
1.861004876499846562e-10
1.859440218040777110e-10
1.857877137918978216e-10
1.856315634277299124e-10
1.854755705261030552e-10
1.853197349017982244e-10
1.851640563698472626e-10
1.850085347455262892e-10
1.848531698443654455e-10
1.846979614821362030e-10
1.845429094748614442e-10
1.843880136388118698e-10
1.842332737905028191e-10
1.840786897466951749e-10
1.839242613243984136e-10
1.837699883408652802e-10
1.836158706135954589e-10
1.834619079603321355e-10
1.833081001990644266e-10
1.831544471480245365e-10
1.830009486256874732e-10
1.828476044507734000e-10
1.826944144422465245e-10
1.825413784193090496e-10
1.823884962014095230e-10
1.822357676082379258e-10
1.820831924597242246e-10
1.819307705760412930e-10
1.817785017776016543e-10
1.816263858850567318e-10
1.814744227193035182e-10
1.813226121014715214e-10
1.811709538529363613e-10
1.810194477953078794e-10
1.808680937504344552e-10
1.807168915404083314e-10
1.805658409875524308e-10
1.804149419144333325e-10
1.802641941438505187e-10
1.801135974988429404e-10
1.799631518026837698e-10
1.798128568788842522e-10
1.796627125511922841e-10
1.795127186435861317e-10
1.793628749802862184e-10
1.792131813857438801e-10
1.790636376846439506e-10
1.789142437019053553e-10
1.787649992626852482e-10
1.786159041923670943e-10
1.784669583165726126e-10
1.783181614611565028e-10
1.781695134522006290e-10
1.780210141160222139e-10
1.778726632791700135e-10
1.777244607684245493e-10
1.775764064107965057e-10
1.774285000335259549e-10
1.772807414640834420e-10
1.771331305301740438e-10
1.769856670597236428e-10
1.768383508808928336e-10
1.766911818220727102e-10
1.765441597118786358e-10
1.763972843791559039e-10
1.762505556529778774e-10
1.761039733626455745e-10
1.759575373376844641e-10
1.758112474078522456e-10
1.756651034031260802e-10
1.755191051537143775e-10
1.753732524900496097e-10
1.752275452427906122e-10
1.750819832428200503e-10
1.749365663212443156e-10
1.747912943093972489e-10
1.746461670388350213e-10
1.745011843413370137e-10
1.743563460489070053e-10
1.742116519937701755e-10
1.740671020083788425e-10
1.739226959254015802e-10
1.737784335777330931e-10
1.736343147984899772e-10
1.734903394210069711e-10
1.733465072788439361e-10
1.732028182057780491e-10
1.730592720358087403e-10
1.729158686031558835e-10
1.727726077422584776e-10
1.726294892877728635e-10
1.724865130745793670e-10
1.723436789377720624e-10
1.722009867126664243e-10
1.720584362347958374e-10
1.719160273399095809e-10
1.717737598639763175e-10
1.716316336431811987e-10
1.714896485139269504e-10
1.713478043128315203e-10
1.712061008767307411e-10
1.710645380426739870e-10
1.709231156479271726e-10
1.707818335299724169e-10
1.706406915265058977e-10
1.704996894754384980e-10
1.703588272148945132e-10
1.702181045832151928e-10
1.700775214189517092e-10
1.699370775608695262e-10
1.697967728479482957e-10
1.696566071193798158e-10
1.695165802145687540e-10
1.693766919731294167e-10
1.692369422348916424e-10
1.690973308398929694e-10
1.689578576283843487e-10
1.688185224408267060e-10
1.686793251178917946e-10
1.685402655004618335e-10
1.684013434296285253e-10
1.682625587466910655e-10
1.681239112931612869e-10
1.679854009107586964e-10
1.678470274414100610e-10
1.677087907272525105e-10
1.675706906106313912e-10
1.674327269340960531e-10
1.672948995404065185e-10
1.671572082725293724e-10
1.670196529736371678e-10
1.668822334871098731e-10
1.667449496565348982e-10
1.666078013257003733e-10
1.664707883386049723e-10
1.663339105394512431e-10
1.661971677726449872e-10
1.660605598827996028e-10
1.659240867147301910e-10
1.657877481134578982e-10
1.656515439242056770e-10
1.655154739924009232e-10
1.653795381636744410e-10
1.652437362838598753e-10
1.651080681989907381e-10
1.649725337553083708e-10
1.648371327992501305e-10
1.647018651774575331e-10
1.645667307367759168e-10
1.644317293242466616e-10
1.642968607871144272e-10
1.641621249728260414e-10
1.640275217290248133e-10
1.638930509035566852e-10
1.637587123444651924e-10
1.636245058999952626e-10
1.634904314185896234e-10
1.633564887488896805e-10
1.632226777397349238e-10
1.630889982401628492e-10
1.629554500994102000e-10
1.628220331669088566e-10
1.626887472922887573e-10
1.625555923253791134e-10
1.624225681162032137e-10
1.622896745149809312e-10
1.621569113721288274e-10
1.620242785382583678e-10
1.618917758641775513e-10
1.617594032008893583e-10
1.616271603995909502e-10
1.614950473116739275e-10
1.613630637887266303e-10
1.612312096825272626e-10
1.610994848450523190e-10
1.609678891284683648e-10
1.608364223851375677e-10
1.607050844676120624e-10
1.605738752286386557e-10
1.604427945211575075e-10
1.603118421982980473e-10
1.601810181133834714e-10
1.600503221199287529e-10
1.599197540716374362e-10
1.597893138224070655e-10
1.596590012263244281e-10
1.595288161376651673e-10
1.593987584108989519e-10
1.592688279006816954e-10
1.591390244618608038e-10
1.590093479494701088e-10
1.588797982187361754e-10
1.587503751250736227e-10
1.586210785240820222e-10
1.584919082715528257e-10
1.583628642234647120e-10
1.582339462359819327e-10
1.581051541654570522e-10
1.579764878684309737e-10
1.578479472016306126e-10
1.577195320219686380e-10
1.575912421865445068e-10
1.574630775526441274e-10
1.573350379777363963e-10
1.572071233194814437e-10
1.570793334357178641e-10
1.569516681844722544e-10
1.568241274239570689e-10
1.566967110125671551e-10
1.565694188088823906e-10
1.564422506716646068e-10
1.563152064598616472e-10
1.561882860326024563e-10
1.560614892492002848e-10
1.559348159691516815e-10
1.558082660521329517e-10
1.556818393580056634e-10
1.555555357468133644e-10
1.554293550787766966e-10
1.553032972143032449e-10
1.551773620139771970e-10
1.550515493385675897e-10
1.549258590490212780e-10
1.548002910064666051e-10
1.546748450722114387e-10
1.545495211077438680e-10
1.544243189747323080e-10
1.542992385350216473e-10
1.541742796506391419e-10
1.540494421837887286e-10
1.539247259968528600e-10
1.538001309523927114e-10
1.536756569131488272e-10
1.535513037420373982e-10
1.534270713021520974e-10
1.533029594567651134e-10
1.531789680693254708e-10
1.530550970034568842e-10
1.529313461229633420e-10
1.528077152918193611e-10
1.526842043741815671e-10
1.525608132343773212e-10
1.524375417369122677e-10
1.523143897464654745e-10
1.521913571278934913e-10
1.520684437462241721e-10
1.519456494666617409e-10
1.518229741545832770e-10
1.517004176755415576e-10
1.515779798952618015e-10
1.514556606796419789e-10
1.513334598947544661e-10
1.512113774068462516e-10
1.510894130823314923e-10
1.509675667877996814e-10
1.508458383900151574e-10
1.507242277559107711e-10
1.506027347525905737e-10
1.504813592473337203e-10
1.503601011075854483e-10
1.502389602009657369e-10
1.501179363952637241e-10
1.499970295584386882e-10
1.498762395586204362e-10
1.497555662641100272e-10
1.496350095433744476e-10
1.495145692650550122e-10
1.493942452979568174e-10
1.492740375110586936e-10
1.491539457735050106e-10
1.490339699546113386e-10
1.489141099238568746e-10
1.487943655508926883e-10
1.486747367055379996e-10
1.485552232577747245e-10
1.484358250777582285e-10
1.483165420358052289e-10
1.481973740024016791e-10
1.480783208482019928e-10
1.479593824440238230e-10
1.478405586608501551e-10
1.477218493698334173e-10
1.476032544422888116e-10
1.474847737496973121e-10
1.473664071637043724e-10
1.472481545561215547e-10
1.471300157989251333e-10
1.470119907642527084e-10
1.468940793244113492e-10
1.467762813518650046e-10
1.466585967192478677e-10
1.465410252993539584e-10
1.464235669651404838e-10
1.463062215897283812e-10
1.461889890464017233e-10
1.460718692086061414e-10
1.459548619499493686e-10
1.458379671442007223e-10
1.457211846652924748e-10
1.456045143873185345e-10
1.454879561845335411e-10
1.453715099313515221e-10
1.452551755023491490e-10
1.451389527722649883e-10
1.450228416159944348e-10
1.449068419085950363e-10
1.447909535252846329e-10
1.446751763414399608e-10
1.445595102325976091e-10
1.444439550744518995e-10
1.443285107428584802e-10
1.442131771138300600e-10
1.440979540635374944e-10
1.439828414683104576e-10
1.438678392046392519e-10
1.437529471491680611e-10
1.436381651786993190e-10
1.435234931701958030e-10
1.434089310007741464e-10
1.432944785477086377e-10
1.431801356884314019e-10
1.430659023005319093e-10
1.429517782617518571e-10
1.428377634499919425e-10
1.427238577433095096e-10
1.426100610199146985e-10
1.424963731581741156e-10
1.423827940366115318e-10
1.422693235339016524e-10
1.421559615288793714e-10
1.420427079005263299e-10
1.419295625279851849e-10
1.418165252905504327e-10
1.417035960676703218e-10
1.415907747389453794e-10
1.414780611841300142e-10
1.413654552831347654e-10
1.412529569160188059e-10
1.411405659629958366e-10
1.410282823044327416e-10
1.409161058208475726e-10
1.408040363929102978e-10
1.406920739014442502e-10
1.405802182274225858e-10
1.404684692519714371e-10
1.403568268563655708e-10
1.402452909220337386e-10
1.401338613305544374e-10
1.400225379636551861e-10
1.399113207032149550e-10
1.398002094312638561e-10
1.396892040299795494e-10
1.395783043816913794e-10
1.394675103688776348e-10
1.393568218741650312e-10
1.392462387803294099e-10
1.391357609702961504e-10
1.390253883271406366e-10
1.389151207340822076e-10
1.388049580744927137e-10
1.386949002318896410e-10
1.385849470899392129e-10
1.384750985324557439e-10
1.383653544433991064e-10
1.382557147068773935e-10
1.381461792071458846e-10
1.380367478286049773e-10
1.379274204558037038e-10
1.378181969734361884e-10
1.377090772663429926e-10
1.376000612195101581e-10
1.374911487180695948e-10
1.373823396472972453e-10
1.372736338926188497e-10
1.371650313396000189e-10
1.370565318739522838e-10
1.369481353815355765e-10
1.368398417483487699e-10
1.367316508605380522e-10
1.366235626043937223e-10
1.365155768663496982e-10
1.364076935329818886e-10
1.362999124910121479e-10
1.361922336273024860e-10
1.360846568288618406e-10
1.359771819828378315e-10
1.358698089765226025e-10
1.357625376973513478e-10
1.356553680329000376e-10
1.355482998708870203e-10
1.354413330991740313e-10
1.353344676057614875e-10
1.352277032787936839e-10
1.351210400065538816e-10
1.350144776774674102e-10
1.349080161801019518e-10
1.348016554031629916e-10
1.346953952354986000e-10
1.345892355660957881e-10
1.344831762840799644e-10
1.343772172787195623e-10
1.342713584394221624e-10
1.341655996557320110e-10
1.340599408173359657e-10
1.339543818140559211e-10
1.338489225358558143e-10
1.337435628728377476e-10
1.336383027152397649e-10
1.335331419534421596e-10
1.334280804779608568e-10
1.333231181794470773e-10
1.332182549486947564e-10
1.331134906766318845e-10
1.330088252543242548e-10
1.329042585729767305e-10
1.327997905239275319e-10
1.326954209986521652e-10
1.325911498887658009e-10
1.324869770860170959e-10
1.323829024822919415e-10
1.322789259696094309e-10
1.321750474401285284e-10
1.320712667861411934e-10
1.319675839000744741e-10
1.318639986744913352e-10
1.317605110020893905e-10
1.316571207757005933e-10
1.315538278882936142e-10
1.314506322329677152e-10
1.313475337029583843e-10
1.312445321916348029e-10
1.311416275925016803e-10
1.310388197991951447e-10
1.309361087054843448e-10
1.308334942052735443e-10
1.307309761925976756e-10
1.306285545616274838e-10
1.305262292066639948e-10
1.304240000221403769e-10
1.303218669026251713e-10
1.302198297428155462e-10
1.301178884375434223e-10
1.300160428817680805e-10
1.299142929705853381e-10
1.298126385992201303e-10
1.297110796630281125e-10
1.296096160574980386e-10
1.295082476782449369e-10
1.294069744210182785e-10
1.293057961816990817e-10
1.292047128562939417e-10
1.291037243409436632e-10
1.290028305319175744e-10
1.289020313256123893e-10
1.288013266185583856e-10
1.287007163074138474e-10
1.286002002889617818e-10
1.284997784601213451e-10
1.283994507179361322e-10
1.282992169595790626e-10
1.281990770823503126e-10
1.280990309836822519e-10
1.279990785611309917e-10
1.278992197123812436e-10
1.277994543352485690e-10
1.276997823276735369e-10
1.276002035877219824e-10
1.275007180135917536e-10
1.274013255036024234e-10
1.273020259562074645e-10
1.272028192699783260e-10
1.271037053436191683e-10
1.270046840759580475e-10
1.269057553659489066e-10
1.268069191126736943e-10
1.267081752153386180e-10
1.266095235732734187e-10
1.265109640859360251e-10
1.264124966529096059e-10
1.263141211739019238e-10
1.262158375487436040e-10
1.261176456773917526e-10
1.260195454599278629e-10
1.259215367965596250e-10
1.258236195876146961e-10
1.257257937335485846e-10
1.256280591349374636e-10
1.255304156924830052e-10
1.254328633070111395e-10
1.253354018794691078e-10
1.252380313109289522e-10
1.251407515025836384e-10
1.250435623557508037e-10
1.249464637718703271e-10
1.248494556525036573e-10
1.247525378993361911e-10
1.246557104141714307e-10
1.245589730989415054e-10
1.244623258556932637e-10
1.243657685866010177e-10
1.242693011939553501e-10
1.241729235801728850e-10
1.240766356477862331e-10
1.239804372994548993e-10
1.238843284379527984e-10
1.237883089661794987e-10
1.236923787871526748e-10
1.235965378040101747e-10
1.235007859200098655e-10
1.234051230385312354e-10
1.233095490630705087e-10
1.232140638972463581e-10
1.231186674447947093e-10
1.230233596095726183e-10
1.229281402955539542e-10
1.228330094068346472e-10
1.227379668476260968e-10
1.226430125222590231e-10
1.225481463351856901e-10
1.224533681909704191e-10
1.223586779943024614e-10
1.222640756499857878e-10
1.221695610629392181e-10
1.220751341382038914e-10
1.219807947809373983e-10
1.218865428964112735e-10
1.217923783900192678e-10
1.216983011672679127e-10
1.216043111337812770e-10
1.215104081953021041e-10
1.214165922576884514e-10
1.213228632269125273e-10
1.212292210090654735e-10
1.211356655103535644e-10
1.210421966370985442e-10
1.209488142957377810e-10
1.208555183928250688e-10
1.207623088350284299e-10
1.206691855291299603e-10
1.205761483820305336e-10
1.204831973007420467e-10
1.203903321923927447e-10
1.202975529642254888e-10
1.202048595235962314e-10
1.201122517779772988e-10
1.200197296349527900e-10
1.199272930022226352e-10
1.198349417875985893e-10
1.197426758990076952e-10
1.196504952444884584e-10
1.195583997321954743e-10
1.194663892703935340e-10
1.193744637674621482e-10
1.192826231318935829e-10
1.191908672722907394e-10
1.190991960973718588e-10
1.190076095159654818e-10
1.189161074370131885e-10
1.188246897695675819e-10
1.187333564227951061e-10
1.186421073059716253e-10
1.185509423284858108e-10
1.184598613998383133e-10
1.183688644296392557e-10
1.182779513276106887e-10
1.181871220035855054e-10
1.180963763675073891e-10
1.180057143294325201e-10
1.179151357995225956e-10
1.178246406880565397e-10
1.177342289054172949e-10
1.176439003621000414e-10
1.175536549687114221e-10
1.174634926359650705e-10
1.173734132746859277e-10
1.172834167958084327e-10
1.171935031103750752e-10
1.171036721295385922e-10
1.170139237645595905e-10
1.169242579268084334e-10
1.168346745277620869e-10
1.167451734790109445e-10
1.166557546922478663e-10
1.165664180792777699e-10
1.164771635520106762e-10
1.163879910224683662e-10
1.162989004027775047e-10
1.162098916051722511e-10
1.161209645419962244e-10
1.160321191256973844e-10
1.159433552688337964e-10
1.158546728840694566e-10
1.157660718841762437e-10
1.156775521820298991e-10
1.155891136906146154e-10
1.155007563230218474e-10
1.154124799924476106e-10
1.153242846121948593e-10
1.152361700956726209e-10
1.151481363563956470e-10
1.150601833079844647e-10
1.149723108641651571e-10
1.148845189387691437e-10
1.147968074457322367e-10
1.147091762990972649e-10
1.146216254130091232e-10
1.145341547017231999e-10
1.144467640795921159e-10
1.143594534610767362e-10
1.142722227607442057e-10
1.141850718932622623e-10
1.140980007734063969e-10
1.140110093160523834e-10
1.139240974361826759e-10
1.138372650488805799e-10
1.137505120693366762e-10
1.136638384128412463e-10
1.135772439947906709e-10
1.134907287306834484e-10
1.134042925361202473e-10
1.133179353268036082e-10
1.132316570185433469e-10
1.131454575272464341e-10
1.130593367689268053e-10
1.129732946596960809e-10
1.128873311157726521e-10
1.128014460534733058e-10
1.127156393892184594e-10
1.126299110395293427e-10
1.125442609210298076e-10
1.124586889504450485e-10
1.123731950445989401e-10
1.122877791204210552e-10
1.122024410949383539e-10
1.121171808852806126e-10
1.120319984086773475e-10
1.119468935824579439e-10
1.118618663240549002e-10
1.117769165509975212e-10
1.116920441809180176e-10
1.116072491315496716e-10
1.115225313207211495e-10
1.114378906663653813e-10
1.113533270865115341e-10
1.112688404992918754e-10
1.111844308229343930e-10
1.111000979757682621e-10
1.110158418762208729e-10
1.109316624428213325e-10
1.108475595941931893e-10
1.107635332490631434e-10
1.106795833262520771e-10
1.105957097446819570e-10
1.105119124233732229e-10
1.104281912814426422e-10
1.103445462381087256e-10
1.102609772126824860e-10
1.101774841245763692e-10
1.100940668932995752e-10
1.100107254384588985e-10
1.099274596797585600e-10
1.098442695370000390e-10
1.097611549300810517e-10
1.096781157789973099e-10
1.095951520038413697e-10
1.095122635248007453e-10
1.094294502621632076e-10
1.093467121363086029e-10
1.092640490677138553e-10
1.091814609769577609e-10
1.090989477847060348e-10
1.090165094117286036e-10
1.089341457788849493e-10
1.088518568071337898e-10
1.087696424175276631e-10
1.086875025312173869e-10
1.086054370694444196e-10
1.085234459535483569e-10
1.084415291049627959e-10
1.083596864452190571e-10
1.082779178959379131e-10
1.081962233788384156e-10
1.081146028157350268e-10
1.080330561285314020e-10
1.079515832392324872e-10
1.078701840699313751e-10
1.077888585428177317e-10
1.077076065801752759e-10
1.076264281043814436e-10
1.075453230379056430e-10
1.074642913033125629e-10
1.073833328232603897e-10
1.073024475204978599e-10
1.072216353178696503e-10
1.071408961383125387e-10
1.070602299048554178e-10
1.069796365406199402e-10
1.068991159688221870e-10
1.068186681127690346e-10
1.067382928958598104e-10
1.066579902415862400e-10
1.065777600735311555e-10
1.064976023153714030e-10
1.064175168908755812e-10
1.063375037239007841e-10
1.062575627383991928e-10
1.061776938584127632e-10
1.060978970080750486e-10
1.060181721116115874e-10
1.059385190933375896e-10
1.058589378776609351e-10
1.057794283890787877e-10
1.056999905521799474e-10
1.056206242916431312e-10
1.055413295322376711e-10
1.054621061988249361e-10
1.053829542163533944e-10
1.053038735098649860e-10
1.052248640044884786e-10
1.051459256254451681e-10
1.050670582980435404e-10
1.049882619476845186e-10
1.049095364998559834e-10
1.048308818801379427e-10
1.047522980141963664e-10
1.046737848277898688e-10
1.045953422467620053e-10
1.045169701970486652e-10
1.044386686046738973e-10
1.043604373957487724e-10
1.042822764964747951e-10
1.042041858331401823e-10
1.041261653321234683e-10
1.040482149198896408e-10
1.039703345229928421e-10
1.038925240680734997e-10
1.038147834818618033e-10
1.037371126911765670e-10
1.036595116229192714e-10
1.035819802040848685e-10
1.035045183617516616e-10
1.034271260230861782e-10
1.033498031153437899e-10
1.032725495658637239e-10
1.031953653020755509e-10
1.031182502514924516e-10
1.030412043417152103e-10
1.029642275004337399e-10
1.028873196554212788e-10
1.028104807345382556e-10
1.027337106657306214e-10
1.026570093770322542e-10
1.025803767965614043e-10
1.025038128525223746e-10
1.024273174732061154e-10
1.023508905869885049e-10
1.022745321223302851e-10
1.021982420077776559e-10
1.021220201719647698e-10
1.020458665436078254e-10
1.019697810515088670e-10
1.018937636245535231e-10
1.018178141917172486e-10
1.017419326820546365e-10
1.016661190247066167e-10
1.015903731488995772e-10
1.015146949839427663e-10
1.014390844592323249e-10
1.013635415042445401e-10
1.012880660485431216e-10
1.012126580217751692e-10
1.011373173536690791e-10
1.010620439740397137e-10
1.009868378127839296e-10
1.009116987998837960e-10
1.008366268654017480e-10
1.007616219394868160e-10
1.006866839523680601e-10
1.006118128343600761e-10
1.005370085158598549e-10
1.004622709273456059e-10
1.003875999993792649e-10
1.003129956626062740e-10
1.002384578477530618e-10
1.001639864856277534e-10
1.000895815071233767e-10
1.000152428432135706e-10
9.994097042495258560e-11
9.986676418348076339e-11
9.979262405001395186e-11
9.971854995585635210e-11
9.964454183238902838e-11
9.957059961107631879e-11
9.949672322346330199e-11
9.942291260117729650e-11
9.934916767592611585e-11
9.927548837949881823e-11
9.920187464376467247e-11
9.912832640067487708e-11
9.905484358225980726e-11
9.898142612063312495e-11
9.890807394798505800e-11
9.883478699659050394e-11
9.876156519880237380e-11
9.868840848705310424e-11
9.861531679385547185e-11
9.854229005180389854e-11
9.846932819357216384e-11
9.839643115191145330e-11
9.832359885965603244e-11
9.825083124971675851e-11
9.817812825508641842e-11
9.810548980883418405e-11
9.803291584411088551e-11
9.796040629414602554e-11
9.788796109224832234e-11
9.781558017180380967e-11
9.774326346627924893e-11
9.767101090921785111e-11
9.759882243424484732e-11
9.752669797506008296e-11
9.745463746544446711e-11
9.738264083925640536e-11
9.731070803043054607e-11
9.723883897298432029e-11
9.716703360100955361e-11
9.709529184867435322e-11
9.702361365022894979e-11
9.695199893999891209e-11
9.688044765238672373e-11
9.680895972187427768e-11
9.673753508301929609e-11
9.666617367045617044e-11
9.659487541889824916e-11
9.652364026313533026e-11
9.645246813803357089e-11
9.638135897853606889e-11
9.631031271966300500e-11
9.623932929651050551e-11
9.616840864425305910e-11
9.609755069813936809e-11
9.602675539349475241e-11
9.595602266572169242e-11
9.588535245029980306e-11
9.581474468278176260e-11
9.574419929879880562e-11
9.567371623405575992e-11
9.560329542433577695e-11
9.553293680549553679e-11
9.546264031346739361e-11
9.539240588426086200e-11
9.532223345395796412e-11
9.525212295871923968e-11
9.518207433477741280e-11
9.511208751844208370e-11
9.504216244609631659e-11
9.497229905419983204e-11
9.490249727928581462e-11
9.483275705796062851e-11
9.476307832691002141e-11
9.469346102288834529e-11
9.462390508272902542e-11
9.455441044333521581e-11
9.448497704168776084e-11
9.441560481484078789e-11
9.434629369992188836e-11
9.427704363413188494e-11
9.420785455474643435e-11
9.413872639911500623e-11
9.406965910465849213e-11
9.400065260887387125e-11
9.393170684933008753e-11
9.386282176366961350e-11
9.379399728960901900e-11
9.372523336493515833e-11
9.365652992750957766e-11
9.358788691526921289e-11
9.351930426622022461e-11
9.345078191844161700e-11
9.338231981008606500e-11
9.331391787937963000e-11
9.324557606461952385e-11
9.317729430417545299e-11
9.310907253648811926e-11
9.304091070007272245e-11
9.297280873351605221e-11
9.290476657547394198e-11
9.283678416467809312e-11
9.276886143992763515e-11
9.270099834009816013e-11
9.263319480413390313e-11
9.256545077104931914e-11
9.249776617993347742e-11
9.243014096994396104e-11
9.236257508031117082e-11
9.229506845033687774e-11
9.222762101939103059e-11
9.216023272691848967e-11
9.209290351243063872e-11
9.202563331551273904e-11
9.195842207582099558e-11
9.189126973307851155e-11
9.182417622708213846e-11
9.175714149769775864e-11
9.169016548486170692e-11
9.162324812857998227e-11
9.155638936893036742e-11
9.148958914605869364e-11
9.142284740018068894e-11
9.135616407158302502e-11
9.128953910062080982e-11
9.122297242771964261e-11
9.115646399337490307e-11
9.109001373815088538e-11
9.102362160268079821e-11
9.095728752766715245e-11
9.089101145388125714e-11
9.082479332216501603e-11
9.075863307342906642e-11
9.069253064865071116e-11
9.062648598887855869e-11
9.056049903522798643e-11
9.049456972888390664e-11
9.042869801110000393e-11
9.036288382319788218e-11
9.029712710656698700e-11
9.023142780266602745e-11
9.016578585302279511e-11
9.010020119922902002e-11
9.003467378294908195e-11
8.996920354591172566e-11
8.990379042991678176e-11
8.983843437682835534e-11
8.977313532858203802e-11
8.970789322717613205e-11
8.964270801468095608e-11
8.957757963323013394e-11
8.951250802502912490e-11
8.944749313234578870e-11
8.938253489751885117e-11
8.931763326295150654e-11
8.925278817111479078e-11
8.918799956454750404e-11
8.912326738585336721e-11
8.905859157770439530e-11
8.899397208283725266e-11
8.892940884405755686e-11
8.886490180423461842e-11
8.880045090630724394e-11
8.873605609327639488e-11
8.867171730821223154e-11
8.860743449425061046e-11
8.854320759459287759e-11
8.847903655250493778e-11
8.841492131132034372e-11
8.835086181443780151e-11
8.828685800532197197e-11
8.822290982750246253e-11
8.815901722457328438e-11
8.809518014019550205e-11
8.803139851809555317e-11
8.796767230206416282e-11
8.790400143595649862e-11
8.784038586369448426e-11
8.777682552926391728e-11
8.771332037671560643e-11
8.764987035016469962e-11
8.758647539379209268e-11
8.752313545184268456e-11
8.745985046862488614e-11
8.739662038851385148e-11
8.733344515594650171e-11
8.727032471542506651e-11
8.720725901151685138e-11
8.714424798885222142e-11
8.708129159212572578e-11
8.701838976609538680e-11
8.695554245558492304e-11
8.689274960547905764e-11
8.683001116072726649e-11
8.676732706634437272e-11
8.670469726740678565e-11
8.664212170905460752e-11
8.657960033649094846e-11
8.651713309498307678e-11
8.645471992986173401e-11
8.639236078651905396e-11
8.633005561041095384e-11
8.626780434705886614e-11
8.620560694204167363e-11
8.614346334100620422e-11
8.608137348965810611e-11
8.601933733376931826e-11
8.595735481917054825e-11
8.589542589175857470e-11
8.583355049748948767e-11
8.577172858238248849e-11
8.570996009252075579e-11
8.564824497404639184e-11
8.558658317316732444e-11
8.552497463615015947e-11
8.546341930932516991e-11
8.540191713908468018e-11
8.534046807187953775e-11
8.527907205422735905e-11
8.521772903270284892e-11
8.515643895394514180e-11
8.509520176465308424e-11
8.503401741158704435e-11
8.497288584156971312e-11
8.491180700148313175e-11
8.485078083827277586e-11
8.478980729894259239e-11
8.472888633055927770e-11
8.466801788024914976e-11
8.460720189520112086e-11
8.454643832266219979e-11
8.448572710994235156e-11
8.442506820441047777e-11
8.436446155349678190e-11
8.430390710469212299e-11
8.424340480554668446e-11
8.418295460367045231e-11
8.412255644673581296e-11
8.406221028247297793e-11
8.400191605867290484e-11
8.394167372318762046e-11
8.388148322392709301e-11
8.382134450886150687e-11
8.376125752602091360e-11
8.370122222349665370e-11
8.364123854943647101e-11
8.358130645204999286e-11
8.352142587960507231e-11
8.346159678042914530e-11
8.340181910290854559e-11
8.334209279548974556e-11
8.328241780667647402e-11
8.322279408503390377e-11
8.316322157918363683e-11
8.310370023780840906e-11
8.304423000964742430e-11
8.298481084350015427e-11
8.292544268822504607e-11
8.286612549273600668e-11
8.280685920601029995e-11
8.274764377707942175e-11
8.268847915503456714e-11
8.262936528902563513e-11
8.257030212826029814e-11
8.251128962200525569e-11
8.245232771958222772e-11
8.239341637037510198e-11
8.233455552382202407e-11
8.227574512941985653e-11
8.221698513672551000e-11
8.215827549535048907e-11
8.209961615496484719e-11
8.204100706529707038e-11
8.198244817613217727e-11
8.192393943731262386e-11
8.186548079873730830e-11
8.180707221036450477e-11
8.174871362220670660e-11
8.169040498433701099e-11
8.163214624688188122e-11
8.157393736002753146e-11
8.151577827401483440e-11
8.145766893914231984e-11
8.139960930576546375e-11
8.134159932429676590e-11
8.128363894520355260e-11
8.122572811901120793e-11
8.116786679630122203e-11
8.111005492771112659e-11
8.105229246393355122e-11
8.099457935572035947e-11
8.093691555387586328e-11
8.087930100926407377e-11
8.082173567280046821e-11
8.076421949546163184e-11
8.070675242827549970e-11
8.064933442232873669e-11
8.059196542876134791e-11
8.053464539877134450e-11
8.047737428361050434e-11
8.042015203458646587e-11
8.036297860306188794e-11
8.030585394045633686e-11
8.024877799824377897e-11
8.019175072795155964e-11
8.013477208116451326e-11
8.007784200952157703e-11
8.002096046471681195e-11
7.996412739849900221e-11
7.990734276267270208e-11
7.985060650909420336e-11
7.979391858967948413e-11
7.973727895639423083e-11
7.968068756126151557e-11
7.962414435635741465e-11
7.956764929381453698e-11
7.951120232581700932e-11
7.945480340460549104e-11
7.939845248247320628e-11
7.934214951176847715e-11
7.928589444489467203e-11
7.922968723430560442e-11
7.917352783251322309e-11
7.911741619208103343e-11
7.906135226562675994e-11
7.900533600582144148e-11
7.894936736539011631e-11
7.889344629711171868e-11
7.883757275381840672e-11
7.878174668839489040e-11
7.872596805378201165e-11
7.867023680297050170e-11
7.861455288900593132e-11
7.855891626498735362e-11
7.850332688406670963e-11
7.844778469944911252e-11
7.839228966439129676e-11
7.833684173220431929e-11
7.828144085625191810e-11
7.822608698995012455e-11
7.817078008676821971e-11
7.811552010022695081e-11
7.806030698390208553e-11
7.800514069141886726e-11
7.795002117645670682e-11
7.789494839274702401e-11
7.783992229407319588e-11
7.778494283427257306e-11
7.773000996723235671e-11
7.767512364689153726e-11
7.762028382724479765e-11
7.756549046233447419e-11
7.751074350625785900e-11
7.745604291316120294e-11
7.740138863724657866e-11
7.734678063276376384e-11
7.729221885401578593e-11
7.723770325535819834e-11
7.718323379119643090e-11
7.712881041598850401e-11
7.707443308424330970e-11
7.702010175052027555e-11
7.696581636943166531e-11
7.691157689563933479e-11
7.685738328385857050e-11
7.680323548885335919e-11
7.674913346543859803e-11
7.669507716848283457e-11
7.664106655290210171e-11
7.658710157366542363e-11
7.653318218579168795e-11
7.647930834435071856e-11
7.642548000446339187e-11
7.637169712129949137e-11
7.631795965008153331e-11
7.626426754608026889e-11
7.621062076461839368e-11
7.615701926106809193e-11
7.610346299085191541e-11
7.604995190944306780e-11
7.599648597236447406e-11
7.594306513518827643e-11
7.588968935353685542e-11
7.583635858308414818e-11
7.578307277955232681e-11
7.572983189871315549e-11
7.567663589638903734e-11
7.562348472845238116e-11
7.557037835082301644e-11
7.551731671947258780e-11
7.546429979042120745e-11
7.541132751973821781e-11
7.535839986354318663e-11
7.530551677800413637e-11
7.525267821933735031e-11
7.519988414381172818e-11
7.514713450774069526e-11
7.509442926748950490e-11
7.504176837947336439e-11
7.498915180015234263e-11
7.493657948603948688e-11
7.488405139369443792e-11
7.483156747972605376e-11
7.477912770079257771e-11
7.472673201359898876e-11
7.467438037490019402e-11
7.462207274149943895e-11
7.456980907024863051e-11
7.451758931804664400e-11
7.446541344184339436e-11
7.441328139863308945e-11
7.436119314546212707e-11
7.430914863942112041e-11
7.425714783765274332e-11
7.420519069734433743e-11
7.415327717573392210e-11
7.410140723010417149e-11
7.404958081778829537e-11
7.399779789616578683e-11
7.394605842266483920e-11
7.389436235476092438e-11
7.384270964997569419e-11
7.379110026588044425e-11
7.373953416009245620e-11
7.368801129027802217e-11
7.363653161414803740e-11
7.358509508946340279e-11
7.353370167403026860e-11
7.348235132570342074e-11
7.343104400238329514e-11
7.337977966201896335e-11
7.332855826260438442e-11
7.327737976218316113e-11
7.322624411884317632e-11
7.317515129072000490e-11
7.312410123599633236e-11
7.307309391290196760e-11
7.302212927971169747e-11
7.297120729474802681e-11
7.292032791637961455e-11
7.286949110302259203e-11
7.281869681313675022e-11
7.276794500523165311e-11
7.271723563786040796e-11
7.266656866962461552e-11
7.261594405916926476e-11
7.256536176518831629e-11
7.251482174641902849e-11
7.246432396164745044e-11
7.241386836970354938e-11
7.236345492946349830e-11
7.231308359984902978e-11
7.226275433982974946e-11
7.221246710841724240e-11
7.216222186467200071e-11
7.211201856769864143e-11
7.206185717664722483e-11
7.201173765071402987e-11
7.196165994914002915e-11
7.191162403121135414e-11
7.186162985626031627e-11
7.181167738366306752e-11
7.176176657284367173e-11
7.171189738326815925e-11
7.166206977444858525e-11
7.161228370594350797e-11
7.156253913735453782e-11
7.151283602832905156e-11
7.146317433855967531e-11
7.141355402778238464e-11
7.136397505577894729e-11
7.131443738237665181e-11
7.126494096744543825e-11
7.121548577090078035e-11
7.116607175270245773e-11
7.111669887285508578e-11
7.106736709140854216e-11
7.101807636845398604e-11
7.096882666413015238e-11
7.091961793861796237e-11
7.087045015214354776e-11
7.082132326497629931e-11
7.077223723743125775e-11
7.072319202986550790e-11
7.067418760268100910e-11
7.062522391632394902e-11
7.057630093128372257e-11
7.052741860809372035e-11
7.047857690733095381e-11
7.042977578961702460e-11
7.038101521561524236e-11
7.033229514603395930e-11
7.028361554162549748e-11
7.023497636318423589e-11
7.018637757154834239e-11
7.013781912759969621e-11
7.008930099226386199e-11
7.004082312650886207e-11
6.999238549134578382e-11
6.994398804782908994e-11
6.989563075705797547e-11
6.984731358017088778e-11
6.979903647835324259e-11
6.975079941283129763e-11
6.970260234487410434e-11
6.965444523579380509e-11
6.960632804694634404e-11
6.955825073972893390e-11
6.951021327558255043e-11
6.946221561598867537e-11
6.941425772247409153e-11
6.936633955660682443e-11
6.931846107999758987e-11
6.927062225429873408e-11
6.922282304120543574e-11
6.917506340245495637e-11
6.912734329982869531e-11
6.907966269514627022e-11
6.903202155027373722e-11
6.898441982711552583e-11
6.893685748762145713e-11
6.888933449377960929e-11
6.884185080762440845e-11
6.879440639122849907e-11
6.874700120670737098e-11
6.869963521621859685e-11
6.865230838196188383e-11
6.860502066617778112e-11
6.855777203114890783e-11
6.851056243919917745e-11
6.846339185269392713e-11
6.841626023404021497e-11
6.836916754568702675e-11
6.832211375012322095e-11
6.827509880988006200e-11
6.822812268753031551e-11
6.818118534568730480e-11
6.813428674700472994e-11
6.808742685417995064e-11
6.804060562994795038e-11
6.799382303708830286e-11
6.794707903841815387e-11
6.790037359679806327e-11
6.785370667512754593e-11
6.780707823634909136e-11
6.776048824344338154e-11
6.771393665943400845e-11
6.766742344738377760e-11
6.762094857039711203e-11
6.757451199161815235e-11
6.752811367423145472e-11
6.748175358146236565e-11
6.743543167657699613e-11
6.738914792288165295e-11
6.734290228372216664e-11
6.729669472248502882e-11
6.725052520259842620e-11
6.720439368752716112e-11
6.715830014078036767e-11
6.711224452590329151e-11
6.706622680648417880e-11
6.702024694615007561e-11
6.697430490856713816e-11
6.692840065744280416e-11
6.688253415652265208e-11
6.683670536959443368e-11
6.679091426048274906e-11
6.674516079305444911e-11
6.669944493121416365e-11
6.665376663890589111e-11
6.660812588011518280e-11
6.656252261886574379e-11
6.651695681922011780e-11
6.647142844528038525e-11
6.642593746118955904e-11
6.638048383112810787e-11
6.633506751931605000e-11
6.628968849001295327e-11
6.624434670751736638e-11
6.619904213616784000e-11
6.615377474033960507e-11
6.610854448444941961e-11
6.606335133295008858e-11
6.601819525033754667e-11
6.597307620114245725e-11
6.592799414993534344e-11
6.588294906132740237e-11
6.583794089996621422e-11
6.579296963053885701e-11
6.574803521777047203e-11
6.570313762642657729e-11
6.565827682130893168e-11
6.561345276725925722e-11
6.556866542915640863e-11
6.552391477191847996e-11
6.547920076050183533e-11
6.543452335990079867e-11
6.538988253514788639e-11
6.534527825131414344e-11
6.530071047350849704e-11
6.525617916687789888e-11
6.521168429660713124e-11
6.516722582791936272e-11
6.512280372607608370e-11
6.507841795637487026e-11
6.503406848415320999e-11
6.498975527478620132e-11
6.494547829368436927e-11
6.490123750629904216e-11
6.485703287811694903e-11
6.481286437466379981e-11
6.476873196150175208e-11
6.472463560423079401e-11
6.468057526848986880e-11
6.463655091995257076e-11
6.459256252433283221e-11
6.454861004737924946e-11
6.450469345487958068e-11
6.446081271265764395e-11
6.441696778657542397e-11
6.437315864253135308e-11
6.432938524646133233e-11
6.428564756433821447e-11
6.424194556217176518e-11
6.419827920600903792e-11
6.415464846193336573e-11
6.411105329606534359e-11
6.406749367456286713e-11
6.402396956361984021e-11
6.398048092946685988e-11
6.393702773837209530e-11
6.389360995664027959e-11
6.385022755061150786e-11
6.380688048666339558e-11
6.376356873120996713e-11
6.372029225070150064e-11
6.367705101162573002e-11
6.363384498050498860e-11
6.359067412389944028e-11
6.354753840840485653e-11
6.350443780065314624e-11
6.346137226731333805e-11
6.341834177508845256e-11
6.337534629072107284e-11
6.333238578098661072e-11
6.328946021269805011e-11
6.324656955270460284e-11
6.320371376789035159e-11
6.316089282517622733e-11
6.311810669151823868e-11
6.307535533390922963e-11
6.303263871937663068e-11
6.298995681498393220e-11
6.294730958783184771e-11
6.290469700505388070e-11
6.286211903382167542e-11
6.281957564134080345e-11
6.277706679485311600e-11
6.273459246163642079e-11
6.269215260900175493e-11
6.264974720429793443e-11
6.260737621490909849e-11
6.256503960825286127e-11
6.252273735178204380e-11
6.248046941298776302e-11
6.243823575939285304e-11
6.239603635855684121e-11
6.235387117807369918e-11
6.231174018557385917e-11
6.226964334872099574e-11
6.222758063521475286e-11
6.218555201278897327e-11
6.214355744921280997e-11
6.210159691229116566e-11
6.205967036986044056e-11
6.201777778979686877e-11
6.197591914000717377e-11
6.193409438843357026e-11
6.189230350305433284e-11
6.185054645188174098e-11
6.180882320296138111e-11
6.176713372437478323e-11
6.172547798423728835e-11
6.168385595069802265e-11
6.164226759194245654e-11
6.160071287618760962e-11
6.155919177168731104e-11
6.151770424672841255e-11
6.147625026963191292e-11
6.143482980875334575e-11
6.139344283248175836e-11
6.135208930924060361e-11
6.131076920748836029e-11
6.126948249571572848e-11
6.122822914244794302e-11
6.118700911624539395e-11
6.114582238570022728e-11
6.110466891944046798e-11
6.106354868612607794e-11
6.102246165445235520e-11
6.098140779314709045e-11
6.094038707097218267e-11
6.089939945672348404e-11
6.085844491923041214e-11
6.081752342735520040e-11
6.077663494999307895e-11
6.073577945607554468e-11
6.069495691456451915e-11
6.065416729445612274e-11
6.061341056478068744e-11
6.057268669460128353e-11
6.053199565301412021e-11
6.049133740914805446e-11
6.045071193216641344e-11
6.041011919126469386e-11
6.036955915567182864e-11
6.032903179464964403e-11
6.028853707749398411e-11
6.024807497353100137e-11
6.020764545212264969e-11
6.016724848266283282e-11
6.012688403457806352e-11
6.008655207732708874e-11
6.004625258040241473e-11
6.000598551332911800e-11
5.996575084566540104e-11
5.992554854700048560e-11
5.988537858695770175e-11
5.984524093519178653e-11
5.980513556139192132e-11
5.976506243527824214e-11
5.972502152660274440e-11
5.968501280515216508e-11
5.964503624074318769e-11
5.960509180322657818e-11
5.956517946248438024e-11
5.952529918843137584e-11
5.948545095101388320e-11
5.944563472021187645e-11
5.940585046603633608e-11
5.936609815853029582e-11
5.932637776776880387e-11
5.928668926385978887e-11
5.924703261694307760e-11
5.920740779718889574e-11
5.916781477480130583e-11
5.912825352001511824e-11
5.908872400309795917e-11
5.904922619434760814e-11
5.900976006409548763e-11
5.897032558270328978e-11
5.893092272056518650e-11
5.889155144810693764e-11
5.885221173578587810e-11
5.881290355408975460e-11
5.877362687354027993e-11
5.873438166468863523e-11
5.869516789811783513e-11
5.865598554444319312e-11
5.861683457430991747e-11
5.857771495839635542e-11
5.853862666741112380e-11
5.849956967209361319e-11
5.846054394321480210e-11
5.842154945157821344e-11
5.838258616801696767e-11
5.834365406339537255e-11
5.830475310860954351e-11
5.826588327458662819e-11
5.822704453228378537e-11
5.818823685268990397e-11
5.814946020682487277e-11
5.811071456573981311e-11
5.807199990051565067e-11
5.803331618226455011e-11
5.799466338212987634e-11
5.795604147128567101e-11
5.791745042093614203e-11
5.787889020231654887e-11
5.784036078669317678e-11
5.780186214536192790e-11
5.776339424965013081e-11
5.772495707091510583e-11
5.768655058054550277e-11
5.764817474995849621e-11
5.760982955060491666e-11
5.757151495396256202e-11
5.753323093154144499e-11
5.749497745488178328e-11
5.745675449555352140e-11
5.741856202515774594e-11
5.738040001532420398e-11
5.734226843771421119e-11
5.730416726401864202e-11
5.726609646595887965e-11
5.722805601528532324e-11
5.719004588377976600e-11
5.715206604325251950e-11
5.711411646554559315e-11
5.707619712252995411e-11
5.703830798610543688e-11
5.700044902820353498e-11
5.696262022078451231e-11
5.692482153583834668e-11
5.688705294538564092e-11
5.684931442147567781e-11
5.681160593618782233e-11
5.677392746163145707e-11
5.673627896994454762e-11
5.669866043329597541e-11
5.666107182388221611e-11
5.662351311393148846e-11
5.658598427570047135e-11
5.654848528147471747e-11
5.651101610356912504e-11
5.647357671432926256e-11
5.643616708612901010e-11
5.639878719137147692e-11
5.636143700248940863e-11
5.632411649194468954e-11
5.628682563222785157e-11
5.624956439585947010e-11
5.621233275538863884e-11
5.617513068339306033e-11
5.613795815248024793e-11
5.610081513528723499e-11
5.606370160447847460e-11
5.602661753274827593e-11
5.598956289282020318e-11
5.595253765744526615e-11
5.591554179940555854e-11
5.587857529150956626e-11
5.584163810659543743e-11
5.580473021753133776e-11
5.576785159721179289e-11
5.573100221856221202e-11
5.569418205453473261e-11
5.565739107811141282e-11
5.562062926230232507e-11
5.558389658014606014e-11
5.554719300470999855e-11
5.551051850908912800e-11
5.547387306640806603e-11
5.543725664981938633e-11
5.540066923250299184e-11
5.536411078766886127e-11
5.532758128855392134e-11
5.529108070842366234e-11
5.525460902057178271e-11
5.521816619832099683e-11
5.518175221502035317e-11
5.514536704404915689e-11
5.510901065881343498e-11
5.507268303274722224e-11
5.503638413931291673e-11
5.500011395200136374e-11
5.496387244433082835e-11
5.492765958984740892e-11
5.489147536212512767e-11
5.485531973476617616e-11
5.481919268140050822e-11
5.478309417568502567e-11
5.474702419130599522e-11
5.471098270197607585e-11
5.467496968143556598e-11
5.463898510345326298e-11
5.460302894182550678e-11
5.456710117037533970e-11
5.453120176295370203e-11
5.449533069343996195e-11
5.445948793574041623e-11
5.442367346378793481e-11
5.438788725154409339e-11
5.435212927299689869e-11
5.431639950216215842e-11
5.428069791308339087e-11
5.424502447983091369e-11
5.420937917650269689e-11
5.417376197722305104e-11
5.413817285614428160e-11
5.410261178744540290e-11
5.406707874533339834e-11
5.403157370404143673e-11
5.399609663783015188e-11
5.396064752098672493e-11
5.392522632782662270e-11
5.388983303269092877e-11
5.385446760994851482e-11
5.381913003399379174e-11
5.378382027925021866e-11
5.374853832016673576e-11
5.371328413121908258e-11
5.367805768691014052e-11
5.364285896176907981e-11
5.360768793035264552e-11
5.357254456724376172e-11
5.353742884705115014e-11
5.350234074441227059e-11
5.346728023398939831e-11
5.343224729047131707e-11
5.339724188857463106e-11
5.336226400304112179e-11
5.332731360864071429e-11
5.329239068016755446e-11
5.325749519244393175e-11
5.322262712031756495e-11
5.318778643866340515e-11
5.315297312238131585e-11
5.311818714639921356e-11
5.308342848567030845e-11
5.304869711517356959e-11
5.301399300991503038e-11
5.297931614492636036e-11
5.294466649526580869e-11
5.291004403601677600e-11
5.287544874229002452e-11
5.284088058922104140e-11
5.280633955197294681e-11
5.277182560573314642e-11
5.273733872571622653e-11
5.270287888716175690e-11
5.266844606533567365e-11
5.263404023553009188e-11
5.259966137306164485e-11
5.256530945327490255e-11
5.253098445153842319e-11
5.249668634324689228e-11
5.246241510382068962e-11
5.242817070870625118e-11
5.239395313337605623e-11
5.235976235332644300e-11
5.232559834408102084e-11
5.229146108118852472e-11
5.225735054022266658e-11
5.222326669678314993e-11
5.218920952649550181e-11
5.215517900500931506e-11
5.212117510800136316e-11
5.208719781117285372e-11
5.205324709024944142e-11
5.201932292098423301e-11
5.198542527915343163e-11
5.195155414056020786e-11
5.191770948103161061e-11
5.188389127642117798e-11
5.185009950260625535e-11
5.181633413549061266e-11
5.178259515100181420e-11
5.174888252509418486e-11
5.171519623374491330e-11
5.168153625295878888e-11
5.164790255876296071e-11
5.161429512721120919e-11
5.158071393438186523e-11
5.154715895637761629e-11
5.151363016932735468e-11
5.148012754938387694e-11
5.144665107272396783e-11
5.141320071555126318e-11
5.137977645409204288e-11
5.134637826459810018e-11
5.131300612334720051e-11
5.127966000664006355e-11
5.124633989080242475e-11
5.121304575218505468e-11
5.117977756716328084e-11
5.114653531213612172e-11
5.111331896352873597e-11
5.108012849778918483e-11
5.104696389139110752e-11
5.101382512083139478e-11
5.098071216263296768e-11
5.094762499334145599e-11
5.091456358952846168e-11
5.088152792778782363e-11
5.084851798473975359e-11
5.081553373702825764e-11
5.078257516132038019e-11
5.074964223430854323e-11
5.071673493270895025e-11
5.068385323326234869e-11
5.065099711273275694e-11
5.061816654790953871e-11
5.058536151560445621e-11
5.055258199265452004e-11
5.051982795592111680e-11
5.048709938228889105e-11
5.045439624866587462e-11
5.042171853198534126e-11
5.038906620920322816e-11
5.035643925730091482e-11
5.032383765328115813e-11
5.029126137417344977e-11
5.025871039702893026e-11
5.022618469892378172e-11
5.019368425695666233e-11
5.016120904825070964e-11
5.012875904995315929e-11
5.009633423923410426e-11
5.006393459328759346e-11
5.003156008933172863e-11
4.999921070460729440e-11
4.996688641637824933e-11
4.993458720193365826e-11
4.990231303858525589e-11
4.987006390366824177e-11
4.983783977454120263e-11
4.980564062858573119e-11
4.977346644320759583e-11
4.974131719583513788e-11
4.970919286392114576e-11
4.967709342494095501e-11
4.964501885639273912e-11
4.961296913579825915e-11
4.958094424070298651e-11
4.954894414867507545e-11
4.951696883730628073e-11
4.948501828421070391e-11
4.945309246702626675e-11
4.942119136341365143e-11
4.938931495105693380e-11
4.935746320766243314e-11
4.932563611096067021e-11
4.929383363870389865e-11
4.926205576866814709e-11
4.923030247865232732e-11
4.919857374647789181e-11
4.916686954998866569e-11
4.913518986705301161e-11
4.910353467556045643e-11
4.907190395342326799e-11
4.904029767857854250e-11
4.900871582898364208e-11
4.897715838261989123e-11
4.894562531749127147e-11
4.891411661162358765e-11
4.888263224306692367e-11
4.885117218989230790e-11
4.881973643019417534e-11
4.878832494208912037e-11
4.875693770371661411e-11
4.872557469323867478e-11
4.869423588883935079e-11
4.866292126872517947e-11
4.863163081112586571e-11
4.860036449429235613e-11
4.856912229649912675e-11
4.853790419604220553e-11
4.850671017124033559e-11
4.847554020043460038e-11
4.844439426198745434e-11
4.841327233428488133e-11
4.838217439573421033e-11
4.835110042476500727e-11
4.832005039983015424e-11
4.828902429940273462e-11
4.825802210197948399e-11
4.822704378607806948e-11
4.819608933023979748e-11
4.816515871302677671e-11
4.813425191302281641e-11
4.810336890883481583e-11
4.807250967909131015e-11
4.804167420244190180e-11
4.801086245755896653e-11
4.798007442313712997e-11
4.794931007789171662e-11
4.791856940056099235e-11
4.788785236990434197e-11
4.785715896470248897e-11
4.782648916375911756e-11
4.779584294589923123e-11
4.776522028996917217e-11
4.773462117483697665e-11
4.770404557939269816e-11
4.767349348254766427e-11
4.764296486323558809e-11
4.761245970041060378e-11
4.758197797304878516e-11
4.755151966014852699e-11
4.752108474072896173e-11
4.749067319383072206e-11
4.746028499851626402e-11
4.742992013386872315e-11
4.739957857899382091e-11
4.736926031301748652e-11
4.733896531508820280e-11
4.730869356437460864e-11
4.727844504006705640e-11
4.724821972137795445e-11
4.721801758753986077e-11
4.718783861780689819e-11
4.715768279145484487e-11
4.712755008778066253e-11
4.709744048610132682e-11
4.706735396575648975e-11
4.703729050610578491e-11
4.700725008653032673e-11
4.697723268643308533e-11
4.694723828523653417e-11
4.691726686238529319e-11
4.688731839734504959e-11
4.685739286960127181e-11
4.682749025866156831e-11
4.679761054405403963e-11
4.676775370532776313e-11
4.673791972205226946e-11
4.670810857381910654e-11
4.667832024023915761e-11
4.664855470094445716e-11
4.661881193558899878e-11
4.658909192384677699e-11
4.655939464541174854e-11
4.652972007999938331e-11
4.650006820734581778e-11
4.647043900720784857e-11
4.644083245936295826e-11
4.641124854360847532e-11
4.638168723976307333e-11
4.635214852766638975e-11
4.632263238717751372e-11
4.629313879817713152e-11
4.626366774056496753e-11
4.623421919426315754e-11
4.620479313921230674e-11
4.617538955537542528e-11
4.614600842273403795e-11
4.611664972129118269e-11
4.608731343106949772e-11
4.605799953211311508e-11
4.602870800448609018e-11
4.599943882827130976e-11
4.597019198357376821e-11
4.594096745051801502e-11
4.591176520924876219e-11
4.588258523993061284e-11
4.585342752274868803e-11
4.582429203790905978e-11
4.579517876563562324e-11
4.576608768617509213e-11
4.573701877979272065e-11
4.570797202677384149e-11
4.567894740742422132e-11
4.564994490206960191e-11
4.562096449105507332e-11
4.559200615474672821e-11
4.556306987353030480e-11
4.553415562781032091e-11
4.550526339801309183e-11
4.547639316458329240e-11
4.544754490798588278e-11
4.541871860870562374e-11
4.538991424724789744e-11
4.536113180413634213e-11
4.533237125991587661e-11
4.530363259514968873e-11
4.527491579042179448e-11
4.524622082633595234e-11
4.521754768351446771e-11
4.518889634260006057e-11
4.516026678425583959e-11
4.513165898916230364e-11
4.510307293802213036e-11
4.507450861155573008e-11
4.504596599050418616e-11
4.501744505562663779e-11
4.498894578770318155e-11
4.496046816753268066e-11
4.493201217593385071e-11
4.490357779374444534e-11
4.487516500182129506e-11
4.484677378104173539e-11
4.481840411230135155e-11
4.479005597651547121e-11
4.476172935461876387e-11
4.473342422756555101e-11
4.470514057632835858e-11
4.467687838190046309e-11
4.464863762529251832e-11
4.462041828753625826e-11
4.459222034968153082e-11
4.456404379279733833e-11
4.453588859797185691e-11
4.450775474631351569e-11
4.447964221894797239e-11
4.445155099702077586e-11
4.442348106169690078e-11
4.439543239416034697e-11
4.436740497561380335e-11
4.433939878727822793e-11
4.431141381039501910e-11
4.428345002622346950e-11
4.425550741604215544e-11
4.422758596114859434e-11
4.419968564285919309e-11
4.417180644250889258e-11
4.414394834145112895e-11
4.411611132105996616e-11
4.408829536272613455e-11
4.406050044786022974e-11
4.403272655789091606e-11
4.400497367426707209e-11
4.397724177845408767e-11
4.394953085193790941e-11
4.392184087622246216e-11
4.389417183282959085e-11
4.386652370330121894e-11
4.383889646919687980e-11
4.381129011209501560e-11
4.378370461359230529e-11
4.375613995530401998e-11
4.372859611886465627e-11
4.370107308592617203e-11
4.367357083815976999e-11
4.364608935725472162e-11
4.361862862491882595e-11
4.359118862287824799e-11
4.356376933287800342e-11
4.353637073668039470e-11
4.350899281606751849e-11
4.348163555283844155e-11
4.345429892881124287e-11
4.342698292582233514e-11
4.339968752572643887e-11
4.337241271039581986e-11
4.334515846172170441e-11
4.331792476161321956e-11
4.329071159199840116e-11
4.326351893482170591e-11
4.323634677204754622e-11
4.320919508565741449e-11
4.318206385765129190e-11
4.315495307004727361e-11
4.312786270488153642e-11
4.310079274420765376e-11
4.307374317009860551e-11
4.304671396464368896e-11
4.301970510995162079e-11
4.299271658814801669e-11
4.296574838137683898e-11
4.293880047180035132e-11
4.291187284159805250e-11
4.288496547296802698e-11
4.285807834812521305e-11
4.283121144930347075e-11
4.280436475875418601e-11
4.277753825874581182e-11
4.275073193156536103e-11
4.272394575951763090e-11
4.269717972492447925e-11
4.267043381012587143e-11
4.264370799748021632e-11
4.261700226936182018e-11
4.259031660816453788e-11
4.256365099629840600e-11
4.253700541619253798e-11
4.251037985029228068e-11
4.248377428106098507e-11
4.245718869097951506e-11
4.243062306254708765e-11
4.240407737827934713e-11
4.237755162070990311e-11
4.235104577239015606e-11
4.232455981588801773e-11
4.229809373378984988e-11
4.227164750869884225e-11
4.224522112323558765e-11
4.221881456003878641e-11
4.219242780176350799e-11
4.216606083108289704e-11
4.213971363068707477e-11
4.211338618328322304e-11
4.208707847159683150e-11
4.206079047836894469e-11
4.203452218635968402e-11
4.200827357834462880e-11
4.198204463711874543e-11
4.195583534549208984e-11
4.192964568629266396e-11
4.190347564236596325e-11
4.187732519657432408e-11
4.185119433179724035e-11
4.182508303093129239e-11
4.179899127688986912e-11
4.177291905260376256e-11
4.174686634102052806e-11
4.172083312510542780e-11
4.169481938783937578e-11
4.166882511222171015e-11
4.164285028126772458e-11
4.161689487801001249e-11
4.159095888549812445e-11
4.156504228679825809e-11
4.153914506499447294e-11
4.151326720318574363e-11
4.148740868449030907e-11
4.146156949204085797e-11
4.143574960898863243e-11
4.140994901850072673e-11
4.138416770376163174e-11
4.135840564797204594e-11
4.133266283434971548e-11
4.130693924612879439e-11
4.128123486656057487e-11
4.125554967891299612e-11
4.122988366646966854e-11
4.120423681253231650e-11
4.117860910041819983e-11
4.115300051346165838e-11
4.112741103501392456e-11
4.110184064844149484e-11
4.107628933712883751e-11
4.105075708447658963e-11
4.102524387390131795e-11
4.099974968883674677e-11
4.097427451273248484e-11
4.094881832905528550e-11
4.092338112128734714e-11
4.089796287292835523e-11
4.087256356749375692e-11
4.084718318851576917e-11
4.082182171954264846e-11
4.079647914413872316e-11
4.077115544588533698e-11
4.074585060837955008e-11
4.072056461523536689e-11
4.069529745008246948e-11
4.067004909656681862e-11
4.064481953835068600e-11
4.061960875911319715e-11
4.059441674254847023e-11
4.056924347236776154e-11
4.054408893229824418e-11
4.051895310608295627e-11
4.049383597748139557e-11
4.046873753026890550e-11
4.044365774823726970e-11
4.041859661519377498e-11
4.039355411496206435e-11
4.036853023138222751e-11
4.034352494831041955e-11
4.031853824961718075e-11
4.029357011919071945e-11
4.026862054093525123e-11
4.024368949876968058e-11
4.021877697663019232e-11
4.019388295846726598e-11
4.016900742824929473e-11
4.014415036995864331e-11
4.011931176759519592e-11
4.009449160517309269e-11
4.006968986672365065e-11
4.004490653629337985e-11
4.002014159794392513e-11
3.999539503575414703e-11
3.997066683381731069e-11
3.994595697624379351e-11
3.992126544715813840e-11
3.989659223070123152e-11
3.987193731103035401e-11
3.984730067231752763e-11
3.982268229875080725e-11
3.979808217453389305e-11
3.977350028388552311e-11
3.974893661104099852e-11
3.972439114025064532e-11
3.969986385578009238e-11
3.967535474191110508e-11
3.965086378294080978e-11
3.962639096318115748e-11
3.960193626696066864e-11
3.957749967862303730e-11
3.955308118252678215e-11
3.952868076304626109e-11
3.950429840457132226e-11
3.947993409150722651e-11
3.945558780827470554e-11
3.943125953930923169e-11
3.940694926906266579e-11
3.938265698200159638e-11
3.935838266260768219e-11
3.933412629537821438e-11
3.930988786482617467e-11
3.928566735547889767e-11
3.926146475187963477e-11
3.923728003858659768e-11
3.921311320017362406e-11
3.918896422122914357e-11
3.916483308635710842e-11
3.914071978017673490e-11
3.911662428732207684e-11
3.909254659244239398e-11
3.906848668020275943e-11
3.904444453528178491e-11
3.902042014237480025e-11
3.899641348619164324e-11
3.897242455145627192e-11
3.894845332290964674e-11
3.892449978530556241e-11
3.890056392341446060e-11
3.887664572202087096e-11
3.885274516592463240e-11
3.882886223994028569e-11
3.880499692889801047e-11
3.878114921764162842e-11
3.875731909103123340e-11
3.873350653394087794e-11
3.870971153126017591e-11
3.868593406789238320e-11
3.866217412875720237e-11
3.863843169878766135e-11
3.861470676293317012e-11
3.859099930615614090e-11
3.856730931343502548e-11
3.854363676976308732e-11
3.851998166014743227e-11
3.849634396960997137e-11
3.847272368318860356e-11
3.844912078593437864e-11
3.842553526291373324e-11
3.840196709920778649e-11
3.837841627991203620e-11
3.835488279013732183e-11
3.833136661500784697e-11
3.830786773966308571e-11
3.828438614925716233e-11
3.826092182895912264e-11
3.823747476395196467e-11
3.821404493943265159e-11
3.819063234061428951e-11
3.816723695272292863e-11
3.814385876100014817e-11
3.812049775070135677e-11
3.809715390709650336e-11
3.807382721547001254e-11
3.805051766112108182e-11
3.802722522936306773e-11
3.800394990552311745e-11
3.798069167494404934e-11
3.795745052298155479e-11
3.793422643500695112e-11
3.791101939640497149e-11
3.788782939257505091e-11
3.786465640893094495e-11
3.784150043089981211e-11
3.781836144392531569e-11
3.779523943346257676e-11
3.777213438498291750e-11
3.774904628397094667e-11
3.772597511592552897e-11
3.770292086636041835e-11
3.767988352080262951e-11
3.765686306479367864e-11
3.763385948388961578e-11
3.761087276365937041e-11
3.758790288968796973e-11
3.756494984757263537e-11
3.754201362292569796e-11
3.751909420137297505e-11
3.749619156855497308e-11
3.747330571012568543e-11
