2.625210766620414233e+03
-2.906551408492900009e+03
2.925626631814021039e+03
-3.008407056944823125e+03
2.913956876683886094e+03
-3.061572191446723082e+03
2.495476765385788440e+03
-2.000571807701336411e+03
2.406029072463355533e+03
-1.296782314575792952e+03
1.027368570567814913e+03
-5.027142295564729579e+02
-1.149027049052248515e+02
4.179195081088533925e+02
-1.163459244511420593e+03
1.669525428830415876e+03
-2.505888107989144373e+03
2.906409841757176309e+03
-3.550206112105777265e+03
4.051718178255712701e+03
-4.446551372555884882e+03
4.797052098639974247e+03
-4.725322238654651301e+03
5.063083257527650858e+03
-4.666173351555721638e+03
4.974915382698355643e+03
-4.757115011795683131e+03
4.232155870571978994e+03
-3.993197988987060853e+03
3.339484794695992605e+03
-3.175818590437789226e+03
2.563529576648587408e+03
-2.170514378100885097e+03
1.479453697807801746e+03
-1.559555233368534118e+03
1.112620576636595160e+03
-7.629286269676584880e+02
6.803834218305840977e+02
-6.444536264655863533e+02
4.115079553256389318e+02
-7.548772003653579077e+02
5.737797570009422543e+02
-4.672582995041000800e+02
1.347994398229467151e+03
-7.408476106439198929e+02
1.309495026892859642e+03
-1.470300160766955742e+03
1.341288330940958758e+03
-1.428689732062458006e+03
1.730727321764509043e+03
-1.294631996639393492e+03
2.005991696902938884e+03
-1.439643682255562908e+03
1.764598681320400829e+03
-1.580802056587938068e+03
1.400545452345392732e+03
-1.323919395988505812e+03
1.137300556279705916e+03
-1.487397714559071119e+03
6.003123830438159985e+02
-1.391529129543088175e+03
5.627755549878721695e+02
-1.124973219688469726e+03
6.450286805573168749e+02
-9.624596860013000423e+02
5.317539283510449195e+02
-6.780432766343910771e+02
8.822725221534545881e+02
-6.490597112378884503e+02
8.336435911549808679e+02
-4.803652522263014930e+02
1.112088178251612135e+03
-3.161734844733044838e+02
5.840292386543487737e+02
-2.569220965688776914e+02
3.194764251735545599e+02
-8.904120976426925438e+01
-3.672744877521492590e+00
-2.353079540664029068e+01
-2.228199718263573459e+01
3.845028681490367148e+02
-2.291825573706210264e+02
4.381245610293380537e+02
-6.795575045228804356e+02
3.991790728034520725e+02
-8.065279461307901556e+02
9.440892719033395224e+02
-9.472252648690877095e+02
8.621181437690165694e+02
-1.443638980325927605e+03
1.425988044967796441e+03
-1.498117371655589295e+03
1.797970415642975922e+03
-1.714341573906557187e+03
2.095621676260490403e+03
-2.090631607311976950e+03
1.833584594949722486e+03
-2.160083942196331918e+03
1.783459084655135712e+03
-2.035831228529077180e+03
1.416699655988272070e+03
-1.380387119621479314e+03
9.187036213947902752e+02
-6.249700151687779908e+02
3.408779687540078385e+02
4.397548263008016534e+02
-4.707145111795269941e+02
1.301604006678157475e+03
-1.426898856987729005e+03
1.612202255077803784e+03
-2.030581324630809604e+03
2.108772758133651223e+03
-2.396575585028514070e+03
2.404794171595883654e+03
-2.542778800022905216e+03
2.382548369264130542e+03
-2.404529924166579804e+03
2.149216853364052895e+03
-2.074149005367296922e+03
2.148862645399898611e+03
-1.679951251945599324e+03
2.099979788330005704e+03
-1.806839105696194565e+03
1.911416746111566454e+03
-1.872498295555430786e+03
2.209460179893612349e+03
-2.031111272401696397e+03
2.268341582528159961e+03
-1.782439284792535773e+03
2.190623699256776490e+03
-1.831399441445233379e+03
1.935840129076550738e+03
-2.010944423817288452e+03
1.581460286198045196e+03
-1.889235355050067938e+03
1.229768053413105690e+03
-1.766114506045512599e+03
1.109697529271996927e+03
-1.612197716317569302e+03
1.332079813578233143e+03
-1.248424277165744797e+03
1.471993348780590850e+03
-1.439227741759739502e+03
1.498149518056349962e+03
-1.535070838473737467e+03
1.507398115389565874e+03
-1.239326531281249117e+03
1.408067043734829440e+03
-1.137867346648882631e+03
9.547813065886558661e+02
-1.233187393774840757e+03
8.975203521788999979e+02
-7.680320747309668832e+02
1.140827458419551931e+03
-7.577558489623592095e+02
9.234962993140353547e+02
-9.234582150616192848e+02
1.014865786609418024e+03
-7.110454563689119141e+02
9.970012413012811976e+02
-8.322605779003137059e+02
1.078310865561012861e+03
-1.047842193417097633e+03
7.942719468550650390e+02
-1.434018371496331838e+03
8.408816441791582292e+02
-1.287951154782952472e+03
1.089278399409625990e+03
-9.364734244323299208e+02
1.022090361629180961e+03
-8.566009789363922664e+02
8.669660269350441695e+02
-6.256145042959086595e+02
3.593325577413779115e+02
-1.507376278860622278e+02
1.205981523930995678e+02
5.102317139384135771e+02
-6.445156720293656463e+02
1.043617378984283505e+03
-1.509054978960562494e+03
1.547456949160488421e+03
-2.103344982752143551e+03
2.188243788607780971e+03
-2.187954118237260900e+03
2.639393272560434980e+03
-2.530343816729331138e+03
2.490007744030109279e+03
-2.558679599402299118e+03
2.449996805836392468e+03
-2.097650644951706909e+03
2.354160028261722800e+03
-2.046543347578296107e+03
1.965989170659799356e+03
-2.164770838478314545e+03
1.446843705332886202e+03
-1.898514707139548591e+03
1.494313175760783224e+03
-1.729471828666260308e+03
1.157276437440787504e+03
-1.393478059401811379e+03
9.389782666710244712e+02
-8.235164882570450118e+02
8.447696662324505041e+02
6.039858348726495763e+01
3.550392983103002393e+02
2.989434087480566404e+02
-4.792084321475715569e+02
6.167638486054364648e+02
-1.158496532630498450e+03
1.328799583106024784e+03
-1.680627004285981684e+03
2.111644984104127161e+03
-2.101591054606143189e+03
2.531884036575138907e+03
-2.733168472511540585e+03
2.954918042170234457e+03
-2.757205044792854551e+03
2.991870709457107750e+03
-2.691381524248339247e+03
3.021434415774695481e+03
-2.746402275286065105e+03
2.568306753309843316e+03
-2.719459218080646679e+03
2.861794947176126698e+03
-2.899975493026698132e+03
2.781876330721868271e+03
-3.315820116036302352e+03
2.923162920919975477e+03
-3.499149555219450576e+03
3.409893155154742090e+03
-3.489655009164691819e+03
3.776106607408051332e+03
-3.592009860630038929e+03
4.100341987628482457e+03
-3.897304743639428580e+03
3.869875430872574725e+03
-3.787932230839506246e+03
3.592897847472649573e+03
-3.269535614212526525e+03
3.090777280461679766e+03
-2.851314828496988412e+03
2.121042419372811764e+03
-2.225327444478504276e+03
1.725932483784373972e+03
-1.570174898395246373e+03
8.678810067797860484e+02
-6.582075399126179036e+02
9.770968772878842401e+02
-3.358052954673473778e+02
7.147180254484801480e+02
-5.261134676229029310e+02
4.635575588960235223e+02
-1.147802836562424318e+03
8.719924313947045675e+02
-8.822086687982114199e+02
1.195124515421554179e+03
-1.398739386418232698e+03
1.418323762140733606e+03
-1.318323925450227080e+03
1.752030064344956827e+03
-1.218280108884240917e+03
1.890489153124618042e+03
-1.448911146448354430e+03
1.407018288217934924e+03
-1.686248792646367974e+03
1.369890339343083497e+03
-1.250516194466328898e+03
1.085413962367140584e+03
-1.240575420438608262e+03
8.274256799249839105e+02
-1.179692706376304841e+03
7.602945372043976704e+02
-1.031419901782763191e+03
8.464906569821864650e+02
-1.028179948711379666e+03
1.179053943564727206e+03
-1.137908549613486457e+03
1.357922872838208377e+03
-1.287969765227546077e+03
1.227689594761849094e+03
-1.204073819458745675e+03
1.510403102973071100e+03
-1.626926827928933562e+03
1.223077603181687664e+03
-1.095370557307170884e+03
9.449401536776236981e+02
-8.311891212028327800e+02
5.765417265704619467e+02
-7.139389400518815876e+01
-2.397373877613691491e+02
6.878836729048240386e+02
-7.676722064691338119e+02
1.166413968260556430e+03
-1.298863544831707486e+03
1.518901196743534456e+03
-1.554992037135232295e+03
1.590657440240338246e+03
-1.777404396194232504e+03
1.547407594880014130e+03
-1.314344908773426368e+03
1.282580012018041316e+03
-1.110887858534215638e+03
8.446092443687512059e+02
-5.433232585779608144e+02
5.159072008823652595e+02
-2.274175492321851664e+02
1.140265404092420596e+02
1.170631666459177609e+02
-4.088617982602672214e+02
4.838072166189917311e+02
-7.333416051953257693e+02
7.019938884958938843e+02
-1.070786657173125832e+03
9.562257207615562038e+02
-1.458091041711337766e+03
1.321457113791871052e+03
-1.578756081721153578e+03
1.944483164373434647e+03
-1.691002187159807363e+03
2.402018968628253333e+03
-2.379278412959121397e+03
2.718858932086931873e+03
-2.854375009705648608e+03
3.186656132372451793e+03
-3.199714226084150141e+03
3.268110421624794981e+03
-3.755395506264965206e+03
3.372595664142056194e+03
-3.513710245201656562e+03
3.372036535846365496e+03
-3.094033658945472325e+03
2.919662033765745946e+03
-2.758761346889022661e+03
2.367669270108845012e+03
-1.907943657784831885e+03
1.994703562507713286e+03
-1.488450682114839992e+03
1.725185928462298762e+03
-1.327593249423759289e+03
1.412121854322072977e+03
-1.543429312254620527e+03
1.604073332311726972e+03
-1.551015222845281869e+03
1.656319186098210366e+03
-2.132314089318276274e+03
1.779898818903314577e+03
-2.345518815738967078e+03
1.757470290364037965e+03
-2.002298426589742803e+03
1.679622616191886664e+03
-1.587433647236243132e+03
9.556306628546985849e+02
-6.230346579027694816e+02
5.635092682750525910e+02
-1.534412047507094599e+02
-1.341577719041414127e+02
4.935746069033584149e+02
-4.049846421619280932e+02
7.885818001429781816e+02
-1.877936985984421483e+02
8.378006735684703017e+02
-2.745176968793169863e+02
3.418852311649789044e+02
-1.437296149965033862e+02
2.998146635956755901e+01
-2.572325180154010695e+02
-5.653838939201668836e+02
7.555082447788898037e+01
-4.644841852473537074e+02
4.317437847860192619e+02
-5.064490257066448180e+02
5.384647207437618590e+02
-8.762985630328855677e+02
6.146739411532247459e+02
-7.370759520404725436e+02
9.932509246851342368e+02
-8.629120331284465237e+02
1.249499857673099996e+03
-1.188930397702942628e+03
1.674419678219585421e+03
-1.686836039735505437e+03
1.989914079677907694e+03
-2.482420858792896979e+03
2.378964172190348563e+03
-2.946084261409586816e+03
3.430024812872931761e+03
-3.260422187273425152e+03
4.035540120218556694e+03
-4.069152284258055715e+03
4.142555793123234253e+03
-4.957805337398695883e+03
5.027852536733287707e+03
-4.777403979473107938e+03
5.313266440152028736e+03
-4.889026135293500374e+03
5.243761119811796561e+03
-5.016957817785448242e+03
4.948564686060939493e+03
-4.782293990536624733e+03
4.526352819025451936e+03
-4.541891629873121019e+03
3.756459034248992793e+03
-4.250414620100313186e+03
3.161588657079193581e+03
-3.190763448873551170e+03
2.494392797010107643e+03
-2.351860362500760857e+03
2.156440107190013350e+03
-1.787044844414416502e+03
1.823302813586489037e+03
-1.178748160013653433e+03
1.250624142226543881e+03
-1.011224450543412559e+03
1.419737710364229315e+03
-9.453633365863842073e+02
1.054637578887988639e+03
-1.034759605309463723e+03
1.197127959202834518e+03
-1.074678427765654305e+03
1.167918408654539689e+03
-1.364901919363708885e+03
8.516878439160885819e+02
-1.373608890737300044e+03
1.543229778570307190e+03
-1.292956242479362345e+03
1.615004292208754350e+03
-1.614421340780287665e+03
1.494216770244290501e+03
-1.733967008210699078e+03
1.672652786482170541e+03
-1.435364754701193078e+03
1.634462937318800414e+03
-1.623017445940613243e+03
1.434945581421491170e+03
-1.397033798857204374e+03
1.108385810085037065e+03
-1.303992035327521990e+03
1.315234139826554610e+03
-1.306523868456960372e+03
1.334392709189148718e+03
-1.236676786507642873e+03
1.264104438732340213e+03
-1.303518960943450338e+03
1.207552042160433530e+03
-1.099639362474021254e+03
8.105749706578673113e+02
-7.596395825437799658e+02
2.903883774467353192e+02
-5.007424741994788064e+02
1.774753791205977791e+02
5.708088493428903831e+01
-2.475670033714244482e+02
7.094881154157124001e+02
-4.051594972014688665e+02
7.192555151929452677e+02
-8.219649951791766398e+02
8.730929516885631756e+02
-8.113495292983734544e+02
9.064191017717098475e+02
-9.160814167693057470e+02
8.741832055285772185e+02
-9.703019562769170534e+02
8.098686989381974399e+02
-1.197495888840858015e+03
9.194014722637851946e+02
-1.105361933724671417e+03
1.350798585042225795e+03
-1.226135116130828919e+03
1.441894702400128608e+03
-1.352234709611433345e+03
1.551628313166786484e+03
-1.598447435741206391e+03
2.095118488635997437e+03
-1.972317632330730021e+03
2.018528545844790642e+03
-2.064583016394861716e+03
2.507888236695650903e+03
-2.416593366350095039e+03
2.091245857003541460e+03
-2.217199601144985536e+03
2.237906929390131154e+03
-2.136777892665179479e+03
1.943860924517646936e+03
-1.606581693229723669e+03
1.259195680004417227e+03
-1.317079808685083208e+03
1.193710892518538458e+03
-1.069098859608900739e+03
3.970799231555513984e+02
-6.662809128168460120e+02
8.726462751982209909e+01
-4.515614958445289631e+02
-1.620858523302023002e+02
2.659409379849651032e+02
-8.684961245599552626e+01
5.770497565353347227e+02
-7.504395539986513874e+00
6.505913925877825932e+02
-6.995308550631872322e+02
6.052243587723331757e+02
-8.466967655508603912e+02
1.360186045785381339e+03
-1.087163842863187028e+03
1.651413757866087280e+03
-1.766189993298279205e+03
1.713929226499212746e+03
-2.465080482359811867e+03
2.536360620839378953e+03
-2.570657325180022781e+03
3.030014999070293470e+03
-2.823840228628089790e+03
3.180963574029588472e+03
-3.068221644259124787e+03
3.139605133109514099e+03
-2.806777619595490251e+03
2.806708999219247744e+03
-2.671733248819927667e+03
2.403998790378819194e+03
-2.024202457012362856e+03
1.971744270177308181e+03
-1.552131215405479679e+03
9.733566362314029448e+02
-1.208284472625601438e+03
9.545180733040009500e+02
-8.040969947023864961e+02
6.570098327706560895e+02
-8.048491927401649946e+02
1.733920067449490432e+02
-6.290791389882547264e+02
6.610450105883344349e+02
-9.486846380348962384e+02
6.648629792170276005e+02
-1.286550071938314659e+03
8.004514117172651595e+02
-1.359025036602719638e+03
1.790462017088173070e+03
-1.419022010280987161e+03
1.751000779050563551e+03
-1.607319989100601788e+03
1.774659056164645108e+03
-1.566396017949665747e+03
1.862773879752752009e+03
-1.617200687111176194e+03
1.573325977072318210e+03
-1.294344013597433559e+03
1.447508569216155593e+03
-7.324367200952980284e+02
7.963594220030331599e+02
-9.512247296052861429e+02
2.495835109859106637e+02
-4.827727591996487604e+02
1.746384638334777435e+02
-1.224000941832923104e+02
-3.264808796814709524e+01
2.085006377482881703e+02
-2.761878569448529674e+02
5.570342908476196726e+02
-6.763944829944053936e+02
8.472733526060550275e+02
-9.825135920381757160e+02
9.125911198034509653e+02
-1.149280654384493801e+03
1.152289256675446950e+03
-1.305866705314226238e+03
1.760296110816896316e+03
-1.381813079160061534e+03
1.768739078785814399e+03
-1.612162068872050895e+03
1.589121386614303447e+03
-1.743224548131761139e+03
1.778434756216108781e+03
-1.944622529710902427e+03
1.672692769997679989e+03
-2.018726533937139038e+03
2.104264455776633895e+03
-2.001193043371145905e+03
1.876958982272624326e+03
-2.284779805401164140e+03
1.922412790980305772e+03
-2.265307291197585528e+03
2.324665683886325496e+03
-2.029103755106436893e+03
2.475693712425527792e+03
-1.957792067291095236e+03
2.163752165630257878e+03
-1.683738379705207535e+03
1.564526633617285370e+03
-1.296813885913720696e+03
1.225197802353681254e+03
-1.046125436439135001e+03
7.120608424904630738e+02
-4.840046606909497200e+02
2.620421226584680312e+02
-1.886294030466201548e+02
9.338961333837258394e+01
1.103920201619661867e+02
-4.604019654217302104e+02
1.972772495538036139e+02
-5.278950038835323539e+02
5.236325606473633343e+02
-5.518988271240175436e+02
1.011681961861633340e+03
-6.220449367629956896e+02
1.028044060651946211e+03
-7.775758226364730490e+02
8.940179679744874193e+02
-7.669275673881404600e+02
7.128275428661867181e+02
-9.826664783718598528e+02
6.120489473637436504e+02
-8.182491498396143470e+02
4.029222232795334548e+02
-6.924097760720994756e+02
3.174354193459795965e+02
-2.501068936239224740e+02
1.483583386188267070e+02
-7.226774502831447933e+01
-1.240847862542256195e+02
2.748835031288986102e+02
-3.805777415639273045e+02
5.756454797439720323e+02
-5.785779811061029250e+02
6.882270496062723169e+02
-9.901719643061173883e+02
9.390747169295894992e+02
-1.205175978939337710e+03
6.934628083561749463e+02
-1.182443117717700034e+03
8.932858839384406338e+02
-8.402773167629719637e+02
6.411851589862087621e+02
-2.010903047258258596e+02
3.405074044157025241e+02
5.461649637509193553e+02
-4.188534811214144611e+02
1.089939380834128315e+03
-1.036581584301240355e+03
1.607655559816965933e+03
-1.643726903578278780e+03
2.135937166541219540e+03
-2.227923453595792580e+03
2.140429311314924234e+03
-1.962161595627418819e+03
2.013956775127822993e+03
-1.911590944022683743e+03
1.562374610958853737e+03
-1.540431146151100165e+03
1.179038366089694364e+03
-1.217010135716275272e+03
1.103450364048765778e+03
-8.942593080182226686e+02
1.197315615129662319e+03
-1.070960878657952208e+03
9.506151315048599599e+02
-1.207096922712836658e+03
9.367916206135255379e+02
-1.519995813657440294e+03
1.184570704991398998e+03
-1.049329869519709518e+03
9.638141801330835960e+02
-1.429222595438113558e+03
1.030384732528207451e+03
-1.003453357922774899e+03
1.299197313681994501e+03
-1.425067560061286258e+03
1.271948153578866595e+03
-1.527709815346911455e+03
1.680213560906070825e+03
-1.074786748568942585e+03
1.576110499155176512e+03
-1.294712684270147747e+03
1.302115020198579487e+03
-7.050676554636090714e+02
9.977883222506136462e+02
-5.854541356101118481e+02
4.610319377762401132e+02
-6.935081828936365582e+02
7.024325602735683560e+02
-5.278144687101945465e+02
9.669294521565251443e+02
-8.308296601754919948e+02
9.708644591823285737e+02
-1.328129416903403126e+03
1.098891080177356571e+03
-1.397216813113157741e+03
1.144678833388349403e+03
-1.336523872563134546e+03
1.056077770828836265e+03
-1.420590431593567246e+03
1.220076710132907237e+03
-1.161751100621705973e+03
1.211001174803323693e+03
-1.317177560668799742e+03
1.276063944325361035e+03
-1.603401680337035714e+03
1.399808289204118410e+03
-1.772930162469169090e+03
1.732278759698518115e+03
-2.033423987944299370e+03
2.361466143398762597e+03
-2.123659056515846714e+03
2.909319066399729763e+03
-2.621980999293294644e+03
3.026846530869522212e+03
-3.035736877549712062e+03
3.189979855502732789e+03
-3.558222030322895080e+03
3.503135339474567900e+03
-3.785195140662318408e+03
3.906779307022201465e+03
-4.165184341488888094e+03
4.306290732711554483e+03
-4.599486339492459592e+03
4.554029254281446811e+03
-4.777662547951595116e+03
4.943672714689999339e+03
-5.083794028284189153e+03
5.284889576343954104e+03
-4.801153405595621734e+03
5.026587403605068175e+03
-4.595894728927024516e+03
4.547784143553370086e+03
-4.272854693898497317e+03
4.050033522270724916e+03
-3.643424311128407680e+03
3.096794512530284464e+03
-3.327166494627621432e+03
2.446370449900110543e+03
-2.778314977213362454e+03
2.357088171196422991e+03
-2.007192263778339566e+03
2.098594022602193036e+03
-1.863891134702907493e+03
2.220876236868699834e+03
-1.934273525797189905e+03
2.161284164968279129e+03
-2.415680567207423792e+03
2.652060545556331363e+03
-2.860071810763653502e+03
3.133089505735676539e+03
-3.364733999313950790e+03
3.294674503228921822e+03
-3.438970209327835619e+03
3.380707448623883465e+03
-3.095583262738499343e+03
2.967168965942350042e+03
-2.869482466409691369e+03
2.633419542009112320e+03
-2.439539486038559971e+03
2.168237064705165267e+03
-2.112271095985643569e+03
2.084691218788947481e+03
-1.886055078811075191e+03
1.818877182855850606e+03
-2.148769714910857601e+03
2.032221514680872360e+03
-1.989063894827469767e+03
2.353584968413324532e+03
-2.435766911349302973e+03
2.477185674975797610e+03
-2.664485739579478377e+03
2.860290730325858476e+03
-2.469402295367030547e+03
2.982380925080850830e+03
-2.414342736394094118e+03
2.690475544373695811e+03
-2.154728179789808109e+03
2.084474800602295545e+03
-1.811784672220133189e+03
9.709873761349980441e+02
-1.198631619364398148e+03
5.727049443461820601e+02
-3.141734950985377850e+02
1.261174673069632135e+01
4.043408296396149240e+02
-7.070548101948864996e+02
8.411055420811578642e+02
-9.573259689825844134e+02
1.184416448791194398e+03
-1.502076306909707682e+03
1.409157109507094219e+03
-1.672600407615223730e+03
1.426689433247242732e+03
-1.871199686581851438e+03
1.660918467476926480e+03
-1.668509560849175614e+03
1.601656765922256454e+03
-1.324317952790308027e+03
1.500567385153781061e+03
-1.410773380130321357e+03
1.203545294753448843e+03
-1.187670535381373838e+03
1.480701033480519754e+03
-1.336568568750413533e+03
1.432018228272034548e+03
-1.771813799618260418e+03
1.555073925481692186e+03
-1.808389233866055065e+03
1.770696200300963937e+03
-1.798154545162342174e+03
2.058734553873597633e+03
-1.702187179202927382e+03
1.408465865253369202e+03
-1.324205745524845270e+03
1.145239527020122750e+03
-9.142720473889042978e+02
8.268473993716736459e+02
-4.341960526251656916e+02
2.787461116073017138e+02
-2.057069146695661743e+02
1.134615873086791709e+02
2.640722254086100520e+02
-2.892660111960830136e+02
3.964440880218021448e+02
-3.552882890288489648e+02
5.971741433064520521e+01
-2.522361315958694377e+02
-8.883543589092485604e+01
2.254325602847140431e+02
8.247240513180695842e+00
7.738270245086686145e+02
-8.614233857413568103e+02
9.415754748434945895e+02
-1.571108139058741699e+03
1.326968362665488485e+03
-1.711967532231692530e+03
1.809503516860022728e+03
-1.765038472277806704e+03
2.065522699912036842e+03
-1.993024826697022945e+03
2.054219545969157480e+03
-2.080208445592319094e+03
2.437398499447014729e+03
-2.288128874747548707e+03
2.264498735454073540e+03
-1.961500936216380978e+03
2.165634047629105680e+03
-2.182109914220696282e+03
1.884815161057116939e+03
-2.033146644824343639e+03
2.010307293759128697e+03
-2.189844666375149245e+03
1.804392692066634481e+03
-2.339657564494805229e+03
1.911682299075888977e+03
-2.103146525346346152e+03
2.325553745619562960e+03
-2.359526902900131972e+03
2.031259397054917372e+03
-2.342913291550618396e+03
2.476151814890967671e+03
-2.186682127289077016e+03
2.411378145331746055e+03
-2.077045496776885102e+03
2.383962265882374595e+03
-2.091880292529137478e+03
2.007131842438289596e+03
-1.942263733904865603e+03
2.144507693097488755e+03
-1.434145307630665684e+03
2.008089188849609400e+03
-1.346348947929395763e+03
1.437590406393210515e+03
-1.322383057193566401e+03
1.111446915406247399e+03
-1.229011887950442315e+03
4.921302732128909270e+02
-8.210332102522643254e+02
3.115403748408450042e+02
-5.152022674000334064e+02
1.488685876231859595e+02
1.140598178282859188e+01
-4.142804870868546345e+02
3.782501448206065788e+02
-8.089722188286201572e+02
6.877641496399515972e+02
-1.145976613967705816e+03
1.286195835662701029e+03
-1.675179855134603258e+03
1.794533951809044765e+03
-1.950148101082012317e+03
2.432012813693349472e+03
-2.145292585077813328e+03
2.748346061336181265e+03
-2.566607254164511687e+03
2.861831146303812147e+03
-2.660192767984994589e+03
2.733504357631103630e+03
-2.331627643550680204e+03
2.318537650785068763e+03
-2.135264497124282116e+03
1.627920358087987324e+03
-1.667941636588193205e+03
1.098834285690129946e+03
-7.116232335877087962e+02
2.189547309605155192e+02
-5.499547601756779613e+01
-5.189170476374285954e+02
8.738700525391172960e+02
-9.387197826417993838e+02
1.646159539334937335e+03
-1.463052474705049917e+03
2.119636283902418654e+03
-2.186743278846044177e+03
2.459275038396811397e+03
-2.439619481677873864e+03
2.967740603209457731e+03
-2.762504061855395321e+03
3.541877293882197591e+03
-3.572316968736312901e+03
3.630607223554391112e+03
-4.101067958268718030e+03
3.890981371119668893e+03
-4.465609219586541258e+03
3.894837533560867996e+03
-4.601518993602818227e+03
3.993281510535119196e+03
-4.079340864211375447e+03
3.696537608556456689e+03
-3.820221841687006417e+03
3.424364022521026072e+03
-3.458326744613579194e+03
3.559362447154923302e+03
-3.396394950633485223e+03
3.119578305255934993e+03
-3.558936088320474482e+03
3.517857517172498774e+03
-3.792752017149554831e+03
3.680285228423915669e+03
-3.564652776966018337e+03
4.007150713952964907e+03
-3.145504094415232885e+03
3.840151393086331609e+03
-3.131989861127504355e+03
3.295609275774263551e+03
-3.382034322201532177e+03
2.736258045329631386e+03
-2.571345581248762301e+03
2.909269987008625776e+03
-2.202419169746779971e+03
2.590304625834844046e+03
-2.044109149687971694e+03
1.903272922186328969e+03
-1.854886942742195288e+03
1.205774689317982848e+03
-1.418709484351076526e+03
7.061770166155959032e+02
-5.963831440735121987e+02
7.146594822119330104e+01
-6.539419474784044617e+00
-9.103419210789659246e+02
8.078482622256229888e+02
-1.013195918530505992e+03
1.623706186958413127e+03
-1.378719658833665108e+03
1.406812402460215026e+03
-1.540432492591463870e+03
1.428158292404677013e+03
-1.436204430572006231e+03
1.341157372283038740e+03
-1.099267646236688279e+03
1.731573006619485795e+03
-1.068840298483712786e+03
1.069283481222960972e+03
-1.416437050038348843e+03
1.055529346368197366e+03
-1.619879361129516838e+03
1.264514281555161460e+03
-1.712771208472978742e+03
1.660038920686847177e+03
-1.576660320888803199e+03
1.667783095485978720e+03
-1.951283310095944671e+03
1.814898291499310517e+03
-1.637211422841184230e+03
1.997518190839441559e+03
-1.932177168455059018e+03
1.935053265522914899e+03
-2.050465202398530892e+03
2.037239272352214130e+03
-1.844653448525466047e+03
1.891058917892756654e+03
-1.805110062425818796e+03
1.717576736464650821e+03
-1.352365515875381334e+03
1.705425112162058667e+03
-1.453214806273401791e+03
1.592031597823362972e+03
-1.278491113736885609e+03
1.551428978543467110e+03
-1.878394333822918952e+03
1.402250308187053179e+03
-1.521061681542544875e+03
1.625730504286335190e+03
-1.488973784721100856e+03
1.670530188347032890e+03
-1.407029270693627041e+03
1.427492920662317601e+03
-1.557392452302936817e+03
1.470091437195610297e+03
-1.593745384050285566e+03
1.265152733337734844e+03
-1.299911387235400525e+03
1.079928994146726382e+03
-1.348259311385579849e+03
1.013411789996272773e+03
-5.961060499745444758e+02
2.697649642939018122e+02
-5.841020258583943559e+01
-4.331586384681012447e+01
3.831735102705683857e+02
-6.862876322861757217e+02
9.259632614293973347e+02
-8.556502838549168928e+02
1.405353454315990575e+03
-1.252655790255082820e+03
1.584349275761152740e+03
-1.789931747927084416e+03
2.020670330292224435e+03
-2.119644610393308540e+03
2.104177588592699067e+03
-2.628025987974434429e+03
2.470387053317864229e+03
-2.890099348614826795e+03
2.990159274347255632e+03
-2.825840242103137371e+03
3.027859559587181593e+03
-2.995165486705252988e+03
3.166802806712505571e+03
-2.862233761454515388e+03
2.772876836293188262e+03
-2.586149152993154075e+03
2.519469145969466354e+03
-2.469064753762148939e+03
1.978937857926933930e+03
-2.047063945857428507e+03
1.727921971578269677e+03
-2.062845074550766640e+03
1.920829722424534339e+03
-2.069476073817400447e+03
2.120707207262810243e+03
-2.204275747360160949e+03
2.103757675725074932e+03
-2.277988272857845004e+03
2.076951138268422255e+03
-2.049117517952438448e+03
2.202237740879517332e+03
-1.638589235052309505e+03
1.659381380386344063e+03
-1.224640104346780845e+03
1.139307189708469195e+03
-5.628744626792805548e+02
5.292605007171258649e+02
-8.056550153904365175e+01
-2.772119216059954283e+02
5.410138559914977350e+02
-6.186708652667683737e+02
1.138505481604426905e+03
-9.362096373363211796e+02
1.016789834731258679e+03
-1.057786724306379483e+03
7.364257144494748673e+02
-1.060789363610916553e+03
3.581516799834360540e+02
-7.981123347711682072e+02
2.626967071569476957e+02
-3.685951565948661823e+02
1.369502814597179281e+02
-2.428585519958056693e+02
2.768769642295159770e+02
1.186682192271018721e+02
4.639038604027621204e+02
-3.355112349842330133e+01
2.244693901135503893e+02
-3.941470224640473585e+00
2.949698972727594537e+02
-1.889184371846115198e+02
2.189272863034754835e+02
-1.429675561435217901e+02
1.636097815678073175e+02
-3.921850958875866695e+02
6.735726083873665004e+01
-5.899745883900729950e+02
2.392995885613451605e+02
-2.773865964270776203e+02
6.170289902092799821e+02
-6.295620282736573472e+02
7.897612212579286961e+02
-8.782860049711680404e+02
8.837955842061622889e+02
-7.722986304958546953e+02
9.504381261701164476e+02
-9.655995021405527723e+02
8.822430525068386942e+02
-8.834213817164868487e+02
9.116743554442472259e+02
-1.019197543012611163e+03
9.376545674684390406e+02
-1.004810709021751791e+03
9.309746606528631219e+02
-7.759966963126822748e+02
9.750047632728893632e+02
-6.643914202138558949e+02
5.610080410971347646e+02
-1.837020602958252482e+02
-7.204877356643986275e+01
2.459847911535260323e+02
-7.796681112460103122e+02
1.045801248222317554e+03
-1.085709516675083023e+03
1.241274071438103419e+03
-1.845029655759760544e+03
1.790558807510956740e+03
-2.269943641100802779e+03
2.261132364272592440e+03
-2.358470346836118097e+03
2.197857691259599960e+03
-2.520356836256634324e+03
2.437521998417345912e+03
-2.561953906127166647e+03
2.481094951582808335e+03
-2.845640140706985221e+03
2.757733933080105999e+03
-2.710409398669787151e+03
3.447824660115372808e+03
-3.104129883287676421e+03
3.512296752564531744e+03
-3.454810910199166301e+03
3.759560837872435059e+03
-3.709466308426234264e+03
3.940796174713028449e+03
-3.707180368063678998e+03
3.673792135404863075e+03
-3.552363114183619473e+03
3.357046191549530249e+03
-3.443087753358701320e+03
3.079867205270238173e+03
-3.100570682511669474e+03
3.002489273604157006e+03
-2.764740161716918465e+03
2.372965481830571662e+03
-2.459317599709629576e+03
1.880604998707716277e+03
-2.102265434002843904e+03
1.747579405311519167e+03
-1.230109700180399386e+03
1.494589408036825034e+03
-9.489342827653593986e+02
1.057634159859129113e+03
-5.314382421162331411e+02
7.413061328277657367e+02
-1.539088621419403466e+02
2.665017577874363042e+02
8.241090022497546741e+00
-1.075526966629641805e+02
3.485017576791495912e+02
-6.268703366260563143e+02
3.792381123152976556e+02
-7.881649461027184316e+02
7.609565953963411857e+02
-7.366109792752545218e+02
5.094106240957150362e+02
-9.681903342092090270e+02
3.518389756715424141e+02
-5.392301538137711532e+02
2.956552048257157139e+02
-1.281547961451894935e+02
7.042008311891724759e+01
2.110915725596346988e+02
-2.681970966500701934e+02
1.270140441474787849e+02
-5.003318885665593712e+02
3.947621088557152689e+02
-2.795348239816543128e+02
2.805356777437983737e+02
-6.214775901635172239e+00
1.259015106050557335e+02
4.363096705671103450e+02
-3.876291582696764522e+02
8.160843095304616099e+02
-5.555193571916063320e+02
9.779051544481878864e+02
-1.047068651900652640e+03
1.481849321451765718e+03
-1.273691555306693999e+03
1.334482525624062191e+03
-1.484140933053332901e+03
1.566091411430317066e+03
-1.687013098236373480e+03
1.379478462128422734e+03
-1.464678728280739278e+03
1.176386533310219420e+03
-1.059635876820603471e+03
8.734191105960043160e+02
-6.995602841714395481e+02
3.550187104097590236e+02
-3.094287879322347408e+02
-8.538023232371971005e+01
1.644165558494955235e+02
-6.562010100343607064e+02
2.293965330594254226e+02
-5.331479099497114476e+02
5.958702646719489167e+02
-5.662754836480960421e+02
3.905189185152887887e+01
6.507750904399185288e+01
-1.493833486073217216e+02
7.522017671360852091e+02
-5.895232182557100487e+02
1.318246848375649961e+03
-1.585512756487524712e+03
1.806213015280050513e+03
-2.076319455664142424e+03
2.157347863576992950e+03
-2.329435444873185588e+03
2.638978507454352439e+03
-2.281036754765914338e+03
2.481149556687820677e+03
-2.245912408288653296e+03
2.180021787531560676e+03
-2.228497744917291584e+03
1.924198961528633845e+03
-1.975760518313556076e+03
1.413284752572731122e+03
-1.293308428712037994e+03
1.136355119128645356e+03
-7.397195093177083436e+02
4.026626515077328463e+02
-2.503876737066700571e+02
-3.508086599846604372e+02
4.230955030401659087e+02
-7.988653717070677658e+02
1.362846128252167773e+03
-1.327971654099397711e+03
1.697366714792949551e+03
-1.773241199332356700e+03
1.748318491283696858e+03
-1.787212353792617023e+03
1.732253143327518274e+03
-1.696613025168724789e+03
1.575415094281732991e+03
-1.459054125755874111e+03
1.287341389405143445e+03
-1.106312879446129273e+03
1.395929042469140768e+03
-1.133751132470345055e+03
1.356825995001025149e+03
-1.550078027772373616e+03
1.627524515243962924e+03
-2.126117286408340988e+03
2.285200269851269695e+03
-2.736217364776241993e+03
2.838787515783348226e+03
-3.145994071223459287e+03
3.432626354629826437e+03
-3.544319441363811620e+03
3.545373777057547613e+03
-3.733858732909787250e+03
3.391784681520819959e+03
-3.568793853347075128e+03
3.522309176095580824e+03
-3.073674109939188838e+03
3.250076790064761099e+03
-2.946839500783928997e+03
2.841565816185542189e+03
-2.794639310237448171e+03
2.537085213317272974e+03
-2.333495518522742714e+03
2.452611402402687418e+03
-2.070097423308388898e+03
1.896699657275537447e+03
-1.564252726170672531e+03
1.455775859525030683e+03
-1.133981305864789420e+03
8.500543228535030948e+02
-4.948013442432848024e+02
4.244631279695925627e+02
-1.986327597649185464e+02
3.676969132948854480e+01
-1.178238915763621719e+02
-2.552127629842043461e+02
1.034628378325594440e+02
-4.068885499137618353e+02
4.533483717535889355e+02
-6.493209445024733668e+02
9.377596823947974372e+02
-1.047680128341103682e+03
1.232930197904639954e+03
-1.390519521550794707e+03
1.630568883221180158e+03
-1.636584926004303725e+03
1.998160927595178009e+03
-2.014089788869770246e+03
1.963364612225882865e+03
-2.256925878384726275e+03
2.053636711770128841e+03
-2.172022621555792739e+03
2.257266229648979788e+03
-2.091583174428484199e+03
2.058436267515985037e+03
-2.272639307224004824e+03
2.242973779360338995e+03
-2.227685989498336312e+03
2.389437507996003205e+03
-2.211136401251840653e+03
2.212735173308189587e+03
-2.106984983191665378e+03
2.083772369842956778e+03
-2.101766758535079134e+03
1.982168989784385985e+03
-1.860215369343646444e+03
1.842928737046871674e+03
-1.704460513441584908e+03
1.136949948159480755e+03
-1.156585351465889062e+03
8.325143882656143433e+02
-5.743473920929408223e+02
2.204619004365610238e+02
-1.148122520611706818e+02
-9.917180848041627428e+01
6.098086579935658165e+02
-4.669400382939601286e+02
8.517885153619585026e+02
-9.250393069810760380e+02
1.268192537924402586e+03
-1.280257657235508077e+03
1.666838994212888110e+03
-1.648976062255101624e+03
1.701309461347844945e+03
-1.921388473225675398e+03
2.146370879179654366e+03
-2.060591232903393120e+03
1.806996789126118529e+03
-2.287644651338060612e+03
1.996378220899866619e+03
-2.248115804633203425e+03
2.186679253719526514e+03
-2.361047103684475587e+03
2.418051366442497056e+03
-2.666528729925184052e+03
2.626334849014294377e+03
-2.753203755994689800e+03
3.458739637635138479e+03
-3.402254827735748222e+03
3.356413529244784968e+03
-3.741860410781141127e+03
4.183522406764526750e+03
-4.193156551948006381e+03
4.324814849210574721e+03
-4.536594191777059677e+03
4.574010442888267789e+03
-4.672104970444087485e+03
4.755805126292830209e+03
-4.773485517126423474e+03
4.890672575619426425e+03
-4.606196625665774263e+03
4.496064087761706105e+03
-4.377491295399900991e+03
3.904561652717562538e+03
-4.111152097353845420e+03
3.641576349135106284e+03
-3.566498619108131152e+03
3.195461582769009965e+03
-2.815981626285203674e+03
3.039303885382323642e+03
-2.389063299980371085e+03
2.662587860700178680e+03
-2.330244108381677506e+03
2.435905461628989997e+03
-2.151063367773784648e+03
2.140471661039560331e+03
-2.354957354368866618e+03
1.976847358598516394e+03
-1.945130488590738196e+03
2.052520745247021750e+03
-1.887169570605441322e+03
1.709507841145170460e+03
-1.597265488208484840e+03
1.475240776322941656e+03
-1.674969067443622862e+03
1.276315359399215822e+03
-1.089591462423475377e+03
9.353401372167144245e+02
-7.713251650884652690e+02
4.117781705493754316e+02
-2.060790148724658195e+02
1.695607433863931988e+02
1.396157061401652015e+02
-4.734448003218931831e+02
6.191386666775809999e+02
-7.945990909230505395e+02
8.124669949772672908e+02
-1.087476078181454795e+03
9.625371395503307212e+02
-1.114592645166263537e+03
1.055867265922715887e+03
-1.304358287404953899e+03
1.377826089041768228e+03
-9.461430978785541583e+02
1.601861522563770222e+03
-1.121705505634375868e+03
1.253354811054431366e+03
-1.659922958156510504e+03
1.186360196085112193e+03
-1.115618034432772902e+03
1.324808912345369890e+03
-1.030702182142644460e+03
8.277953245818873711e+02
-8.079791153071765848e+02
5.349609911164081950e+02
-3.694828534356111618e+02
-8.919548250462327132e+01
2.925841019565244210e+02
-8.304440812377828252e+02
1.020797166209338570e+03
-1.234615592369379783e+03
1.675911437020791936e+03
-1.926963885408439410e+03
2.065924589921575716e+03
-2.277024609568308279e+03
2.287265558673700525e+03
-2.182500954078134328e+03
2.052641710562940716e+03
-2.035128833492972490e+03
1.869225933292710351e+03
-1.490178281186260847e+03
1.113201178021675105e+03
-7.411550560293210310e+02
3.579919844007693541e+02
-1.537468278497994731e+02
-3.587073414588460878e+02
7.463170503398894198e+02
-8.321816258672590720e+02
1.371336643487593847e+03
-9.131377850296970564e+02
1.679969670146968610e+03
-1.491524794724735330e+03
1.292167270853111859e+03
-1.492533104759087792e+03
1.137248680204142147e+03
-1.473700620309938131e+03
1.126161135118200946e+03
-1.469674230178075732e+03
1.287715259859593971e+03
-1.198098172698387316e+03
1.369040444761419167e+03
-1.636676723335506949e+03
1.791558079781928427e+03
-2.119950682095769025e+03
2.565073683547401288e+03
-2.463865188950416723e+03
3.102135208616764885e+03
-3.299032239338468571e+03
3.556108240008211851e+03
-3.786887818142964079e+03
4.114613349503120844e+03
-4.058058436785651793e+03
4.189110478716442231e+03
-4.349626143251785834e+03
3.965166843626996979e+03
-3.866736091385398595e+03
4.207643957991549541e+03
-3.256883998562539091e+03
3.474345763769965743e+03
-3.529397705149700869e+03
2.879839331319350549e+03
-3.349181425907998801e+03
2.756379898259765923e+03
-2.813174027362465949e+03
2.489196502955065625e+03
-2.656005166092647414e+03
2.604819033995549034e+03
-2.474564305962403978e+03
2.401247193426620925e+03
-2.023761101370827873e+03
2.154116885846893638e+03
-1.748602102592116580e+03
1.897152539929351406e+03
-1.598589039721015524e+03
1.247513518534231935e+03
-1.071997892322404368e+03
9.794673946785077305e+02
-8.379129701385778617e+02
5.140531777464257175e+02
-4.431538489822837619e+02
4.036226002485557842e+02
-4.859229970288531604e+02
3.385465358446379014e+02
-6.579256852371983086e+02
3.619824758993655678e+01
-5.550435355999464946e+02
3.686734942193176039e+02
-2.963217509783252694e+02
4.417256946593780640e+02
-6.520018517836422234e+02
6.205350570168369586e+02
-7.018693745526172734e+02
7.513386486105594031e+02
-6.608570786146127602e+02
8.643153545485017730e+02
-9.302656843629456489e+02
1.031410021672492803e+03
-9.283164721897487652e+02
1.438812885645137840e+03
-1.170420592680556410e+03
1.735147552061506076e+03
-1.438888660825816032e+03
1.831429056592995039e+03
-1.490488568451275796e+03
1.944846125941891842e+03
-2.038360782375724511e+03
2.074814206842408112e+03
-2.199696201740082870e+03
1.938737286504460371e+03
-2.261695923100524851e+03
2.152276391898360089e+03
-2.374066125648004345e+03
1.976931652602473378e+03
-2.428005765354665073e+03
2.320199001203689022e+03
-2.273695321677517313e+03
2.423540619823142151e+03
-2.291075542078450781e+03
2.381130122116719576e+03
-2.483417046652521094e+03
2.326750041077897095e+03
-2.458746294802821012e+03
2.267687684654085388e+03
-2.285829835850982818e+03
2.346996161506256612e+03
-1.984369801966337945e+03
2.173907157827858555e+03
-1.868509244627757653e+03
1.686439226490346073e+03
-1.478391208472316293e+03
1.182959773624646914e+03
-1.166495571263022157e+03
9.123391975928001330e+02
-9.720787774082344868e+02
7.771282498211706979e+02
-3.790315186238409524e+02
3.303253927994072114e+02
-3.078023372969184379e+02
-3.191667364210384790e+02
1.441253193055352142e+02
-3.518119155163699929e+02
9.892360983266726180e+02
-8.937374651760500228e+02
1.292348140042942077e+03
-1.541457935533243699e+03
1.928372892524030249e+03
-1.758729896349441560e+03
2.428549452208176717e+03
-2.661187336387838968e+03
2.207863602577133406e+03
-2.582071194853802353e+03
2.655346018061261930e+03
-2.354972718096516928e+03
2.604551814256704347e+03
-2.536859578492993933e+03
2.039705739926749857e+03
-2.411324482306984464e+03
2.145876027439736390e+03
-1.976485254567071706e+03
2.006359507001423935e+03
-1.711686415811432198e+03
1.532056543590854517e+03
-1.490688446053536381e+03
1.433419869144009681e+03
-1.018415615668466444e+03
8.672878540992735452e+02
-8.143345282818454507e+02
2.099419056329988962e+02
-9.050085366715859436e+02
2.146836684546100003e+02
-1.162272756211553570e+02
3.704705693304340457e+02
8.626669613759054300e+01
-8.688402082271734628e+01
2.880355989899529732e+02
-1.577061019264116339e+02
9.410900629048900328e+02
-5.698623340359988561e+02
9.569707628423307142e+02
-1.076910744922119875e+03
1.261557819719793315e+03
-1.250192837387952750e+03
1.237499570923981082e+03
-1.702981333202202222e+03
1.297871574243452869e+03
-1.683519470414767966e+03
1.712904176054194977e+03
-1.856959672909703386e+03
1.646932096957621070e+03
-1.841591072067653386e+03
1.854880348624068120e+03
-1.607911058581686348e+03
1.727517084561551883e+03
-1.577932316767225984e+03
1.405958028199239834e+03
-1.211534492124134658e+03
1.125477285718946177e+03
-5.569620751539310959e+02
5.307853054346795716e+02
-1.379914873136420113e+02
3.825487644716605296e+00
8.527679555083318519e+01
-1.668118638166382652e+02
5.635909740185319379e+02
-6.791639016770745911e+02
5.859390010878158819e+02
-7.462695710211750111e+02
8.627942788884471383e+02
-7.847622985538586136e+02
9.448138652430092179e+02
-8.638307538768714267e+02
1.006088533090651936e+03
-9.864685729736861504e+02
1.075623298914361612e+03
-1.342952284084969506e+03
1.162466105885197749e+03
-1.836388245176029159e+03
1.529069091514338879e+03
-1.739491737100946693e+03
1.983333397255570389e+03
-1.979538169825670366e+03
2.256083240008501434e+03
-2.477993652760279019e+03
2.614333009315843356e+03
-2.807209485057958773e+03
3.385907466136181938e+03
-3.365095915009500459e+03
3.461069929810083522e+03
-3.806218206667328104e+03
3.920545205533348508e+03
-4.122346979156190173e+03
3.921053763719402014e+03
-4.017510439732481245e+03
3.778365049340571659e+03
-3.740977690078869273e+03
3.779410763424828019e+03
-3.455322706111188381e+03
3.176331404177198692e+03
-3.067391735888653329e+03
2.429727472976665013e+03
-2.270522725271972377e+03
1.990943770977308532e+03
-1.679448287700480250e+03
1.461491986418416673e+03
-1.168457990143956522e+03
8.260416313134375059e+02
-8.619573326883709115e+02
5.491350379759121552e+02
-4.203552176399252858e+02
1.108592553663084317e+02
3.087019982944114531e+02
-3.037860599023530881e+02
4.302224866649050909e+02
-8.409447418237385818e+02
1.061158277540079098e+03
-8.434528030226308601e+02
1.756744403098525254e+03
-1.420893895883694540e+03
1.805800129711779391e+03
-2.030604360889609779e+03
1.887095150327977308e+03
-2.270689261659782915e+03
2.397299367845471807e+03
-2.272444355790927148e+03
2.273115107116424952e+03
-2.500112223833349162e+03
2.549781227071225658e+03
-2.461012576714710121e+03
2.666412350075263475e+03
-2.550570471006946718e+03
2.931294411705931907e+03
-2.981800942542603480e+03
3.104985916067106700e+03
-3.366695077954139379e+03
3.515691386996735218e+03
-3.860082206268858044e+03
3.829714441029763293e+03
-4.080997792273988580e+03
4.314884773213164408e+03
-4.300775867655738693e+03
4.431083551929968053e+03
-4.387424834238073345e+03
4.100976256022010602e+03
-4.336940736455501792e+03
3.846574101941074787e+03
-3.524716802849054147e+03
3.265787245998401886e+03
-2.976031569004142966e+03
2.623019368916111489e+03
-2.375387744344462590e+03
2.130407783087300686e+03
-1.918635999956385149e+03
1.836317710857382508e+03
-1.375002800966194854e+03
1.289660351719156324e+03
-8.601129886961517741e+02
8.818148604049856658e+02
-1.684436938363752176e+02
1.641920834528317528e+02
4.202829137883315411e+02
-6.351987835860541054e+02
1.018188712904689851e+03
-1.412309971434770432e+03
1.618372364045394079e+03
-2.332992054128942527e+03
2.263651280843436780e+03
-2.647085023785599333e+03
2.754330454676100089e+03
-2.866644267968134045e+03
2.624511665127373362e+03
-3.018647622807207881e+03
2.461143328288671910e+03
-2.387659114284347652e+03
2.568315718232835479e+03
-2.080241903113490480e+03
2.217110645361943625e+03
-1.824073392463617438e+03
1.295166953170641364e+03
-1.640176988375012115e+03
9.901958857959898523e+02
-1.277849328038917520e+03
1.105954539016218177e+03
-1.042800870684239271e+03
6.291798254097894869e+02
-1.349573092141889219e+03
5.077266972168030179e+02
-6.956415709528004072e+02
5.100192566118772675e+02
-1.853278820759473433e+02
1.404467567873010694e+02
5.907488671130217881e+02
-3.713585684160847791e+02
1.254761166349861242e+03
-1.462807434094348764e+03
1.977893274111682786e+03
-2.060692314607994376e+03
3.142966581936047533e+03
-2.748700642461850293e+03
3.577196791476520048e+03
-3.359568539643089025e+03
3.796436373951653422e+03
-4.064252608345576391e+03
4.129882453074110344e+03
-4.088515841423615711e+03
3.991390102114824458e+03
-4.415603231111238529e+03
4.056054132321579800e+03
-4.041821918547579116e+03
3.958024797364915230e+03
-3.409611220669299655e+03
3.779792884756630428e+03
-3.359416959524794038e+03
2.936850312962836597e+03
-2.642100052002894699e+03
2.269177643425282440e+03
-2.195353937274308464e+03
1.614333066107044942e+03
-1.665475856053093366e+03
1.340146662674995923e+03
-1.263895420483143880e+03
7.396501334142677706e+02
-1.419902669493683106e+03
9.203184830978873379e+02
-1.146000680141975408e+03
1.333116539710697452e+03
-1.125902256225543169e+03
1.613620960640233079e+03
-1.584980912374908939e+03
1.817142897681253089e+03
-1.393123851006831501e+03
2.074539840382834427e+03
-2.078067785264861868e+03
1.817042353018911399e+03
-2.209945119809118296e+03
2.034014674979630854e+03
-2.316860110090556645e+03
2.326345770709170210e+03
-2.307497779043706487e+03
2.535298073887806368e+03
-2.467438834679066531e+03
2.663811549437526992e+03
-2.866616131432195289e+03
2.688066688799331587e+03
-2.794313567154476914e+03
2.954045583061367324e+03
-2.674920026708595287e+03
2.624606721194624697e+03
-2.741752064316633550e+03
2.329382520294564983e+03
-2.306243985120614980e+03
2.009801430803611083e+03
-2.206443911899662908e+03
1.776982973702889240e+03
-1.599954930084743637e+03
1.593396730821738856e+03
-1.768835252314080890e+03
1.374848542390381226e+03
-1.724927388137738262e+03
1.745777640837705121e+03
-1.550910493052023412e+03
1.952544514415263166e+03
-1.966482071156179472e+03
1.934001200169973799e+03
-1.888327067234387869e+03
2.266199410924774838e+03
-1.917747784278485824e+03
2.310879721156476080e+03
-2.111118003369870166e+03
1.970151752952235938e+03
-1.732656174861388081e+03
2.054354527951330056e+03
-1.422398575778705890e+03
1.858673308393226534e+03
-1.000703306439297648e+03
8.740582103307945090e+02
-9.421156636501001458e+02
2.315212058708463587e+02
-1.192432351149612941e+02
-3.192596056379801439e+02
2.468332118667904354e+02
-7.520424712028734575e+02
6.396097399285301890e+02
-7.213109220668029593e+02
8.845938798461611441e+02
-7.076186836243928155e+02
4.147324269476824270e+02
-4.955682834391357119e+02
-9.910328861310844673e+01
-1.200069529926096550e+02
-6.690443665225208179e+02
5.310836017259316577e+02
-8.046703312963203416e+02
1.021359524710305777e+03
-1.188605606506441745e+03
1.156493924402230277e+03
-1.280734123617070509e+03
9.667919547443664214e+02
-1.147295514409112229e+03
1.327295056066817551e+03
-6.682225059352264225e+02
1.396514077000506632e+03
-4.697931478302936625e+02
8.870384047901862914e+02
-4.739067394296866382e+02
8.111840185316215184e+02
-1.809179524173111133e+02
3.537076828295300857e+02
-1.959475160487185974e+02
-1.081301143630066264e+02
4.564915088844460733e+00
-4.494142676265169598e+02
2.309798234338683471e+02
-7.498721977730481285e+02
6.745042665609072401e+02
-1.136549667389545448e+03
7.631567841697665244e+02
-1.291743790778817129e+03
1.172181856206818566e+03
-7.786444546636918176e+02
1.091006376791157436e+03
-5.022944007363113883e+02
9.105832996950863389e+02
-1.940204538992878440e+02
1.817025049456359511e+02
-2.753053196567040573e+02
-4.928384479370905638e+02
4.148303292108756750e+02
-4.605136232773654683e+02
7.987882583509735923e+02
-7.219321915931571993e+02
5.303524880456242272e+02
-6.890199758883044296e+02
-3.144999891533848846e+00
-1.530283964265996701e+02
-4.690149485626075148e+02
4.961045576353149613e+02
-7.654641786062810525e+02
7.409891957499013415e+02
-9.443084827537032879e+02
1.147101811416855298e+03
-8.666196052052082450e+02
7.191653292660082570e+02
-7.265668582904482946e+02
3.617248284400403691e+01
1.290111915783474785e+02
-3.540056443733745795e+01
5.620972589786864546e+02
-5.484338902587604707e+02
1.007813865185238456e+03
-6.576652813023190447e+02
8.118845457774186798e+02
-6.759264784223680635e+02
1.427145995698163574e+02
-5.877844932975144729e+02
2.764028329787304301e+02
-5.613993054078243006e+01
-1.984104320373031101e+02
4.483972893019612229e+02
-3.438924744488464285e+02
4.444868259216421507e+02
-2.331554743997222943e+02
5.401750871614713105e+02
-3.791764032031695137e+02
2.170795287175792225e+02
-7.612177639330901684e+02
6.381800281417592942e+02
-6.149464712966192792e+02
1.261827639186938086e+03
-1.255161154460672378e+03
1.868003236792150119e+03
-1.838092686125033424e+03
2.030044775140660931e+03
-2.743180944128314422e+03
2.881030965168697094e+03
-2.930878473660609870e+03
3.141859193279909050e+03
-3.335261285992854482e+03
3.388742343344124492e+03
-3.278773152400587605e+03
3.156361652219939060e+03
-2.854641693783055871e+03
2.552703969094999138e+03
-2.201204641402253856e+03
1.892191203096872187e+03
-1.401804689458703933e+03
8.973618399832793102e+02
-7.938733986718534652e+02
1.785455855176680302e+02
2.179813911186832058e+02
-3.199626473368765573e+02
8.560027168553161800e+02
-8.338479195728403965e+02
9.891021138334506304e+02
-1.745265375280754597e+03
1.086516637442886122e+03
-1.651603096490495773e+03
1.734281562540806817e+03
-1.477876058060024661e+03
1.893732318569503377e+03
-1.827498963723238830e+03
2.032917217112778417e+03
-1.674135768971234938e+03
2.021148857267801077e+03
-1.886161121732726315e+03
2.059723438339100994e+03
-1.742491917804806008e+03
2.107249937398542897e+03
-2.069567026083308519e+03
2.107663080562880623e+03
-2.490701534815872037e+03
2.221937883579856589e+03
-2.751231971167766460e+03
2.233383697657243374e+03
-2.488469550714028628e+03
2.472696340163340665e+03
-2.578230173492266658e+03
2.468061800702412711e+03
-2.108261010083307156e+03
2.122129421645903221e+03
-1.900483201098111522e+03
1.125885374755630664e+03
-9.825001781609242926e+02
7.024831018685224535e+02
3.526308997432309411e+00
-4.208628456573961216e+02
1.130529558125882886e+03
-1.249074245526305504e+03
1.786339871540830927e+03
-1.974625568131707269e+03
2.373181778349257911e+03
-2.775603541280902846e+03
2.723401587575742269e+03
-3.005927247334908316e+03
2.733878571600707346e+03
-2.943808835447822275e+03
2.632379955169753430e+03
-2.329857551941211568e+03
2.119914945327583609e+03
-1.960128003805041772e+03
1.599872176224896066e+03
-1.178162129269040179e+03
1.061540055788188511e+03
-6.537572056731635257e+02
6.367973568137736038e+02
-2.976303670674382147e+02
1.042014152015999287e+02
-1.394764559998851325e+02
6.865104523162462336e+00
1.391889382179429617e+02
-1.334545599263611848e+02
2.797941915742581500e+02
7.589591666442798612e+01
2.301124304523526973e+02
1.340051504650014635e+02
3.436282953842046481e+02
3.079014811193812875e+02
1.247889930288811229e+02
1.880572481824752629e+02
-5.293523260720160124e+02
3.416151492015046642e+01
-6.324022512839501360e+02
4.172727008873967947e+01
-5.809478702066111282e+02
3.177188275174556793e+02
-5.462865926522282507e+02
3.272474049051351130e+02
-5.372162158165191386e+02
8.926664475290918688e+01
-4.902964479622508520e+02
1.630018282693541654e-01
-4.950915804880104076e+01
6.638759483680036055e+01
1.135597198164117145e+02
3.099719509030983886e+02
4.068295969821126619e+02
-1.065619943271925649e+02
1.510730951848886718e+02
2.230318450715856500e+02
6.246967253276592658e+01
2.450174309453926185e+02
-5.813358921001985209e+02
3.429384869484496789e+02
-7.624625452864542012e+02
7.657924655473270832e+02
-1.209716602208853374e+03
1.162393504237890284e+03
-1.159086015808558159e+03
1.713026747286644877e+03
-1.635516127474920950e+03
1.728548286901668234e+03
-2.237871113409780264e+03
1.798273863900265269e+03
-2.114344104568699095e+03
2.303777712468076516e+03
-1.544150830931426526e+03
2.200715449473376339e+03
-1.633680997290159894e+03
1.535989113723969012e+03
-1.422617420188239294e+03
1.072535252996247436e+03
-6.534118772198394254e+02
3.161840624209198722e+02
5.618029892862876551e+01
-4.988150040952087352e+02
4.564219807973319689e+02
-8.370355623452179543e+02
1.043863145241941993e+03
-1.304400863115284437e+03
1.335247276769868222e+03
-1.203889622076332898e+03
1.113385361401921728e+03
-1.282340251606971151e+03
1.161084419644732407e+03
-1.063369813114730505e+03
9.055482318570176403e+02
-7.443705151056675504e+02
4.527208673798627956e+02
-6.593070084155216364e+02
5.696279605797317345e+02
-2.726862316562152273e+02
2.686890850673390787e+02
-3.619910621423751991e+02
2.855720755965340345e+02
-2.633795999569329638e+02
1.856852820803950124e+02
-2.633523164251686239e+02
4.770280723227959356e+02
-4.364424607281715680e+02
3.611709008929904030e+02
-4.225736530547042094e+02
6.412080623270942397e+02
-5.443825032958840211e+02
6.728868510392369444e+02
-3.891718184840268577e+02
8.006049027899077828e+02
-8.358245614626671340e+02
8.309407358833515218e+02
-8.025348488281824757e+02
1.087888954817502281e+03
-7.183581174663415823e+02
1.079907467577755369e+03
-1.144498564473039323e+03
9.660478545739663332e+02
-1.517429661194649270e+03
1.310653532447458929e+03
-1.887713369984001929e+03
1.557931073628833474e+03
-2.086048403284473352e+03
2.209425006763897272e+03
-2.233925813057141568e+03
2.308088698106456377e+03
-2.400546690578256403e+03
2.403139938651689135e+03
-2.366907542877556807e+03
2.483739976107308394e+03
-2.286741867597261262e+03
2.241072621531961431e+03
-1.826888707972236944e+03
2.279087268219856014e+03
-2.283204968195323090e+03
1.980125945362328139e+03
-2.119558751370247592e+03
1.996168733590178363e+03
-2.192926663732389898e+03
2.162515656420534469e+03
-1.713655127654459420e+03
2.060979299269520197e+03
-1.783193834106297800e+03
1.740119111182924598e+03
-1.479236442851219863e+03
1.391382865086805168e+03
-1.099077782061226799e+03
9.080415661318983211e+02
-1.021650011560843495e+03
5.856020973489761445e+02
-4.594826207691830859e+02
1.232117435562362147e+02
-2.041517184408767775e+02
-2.801719890911956554e+02
4.235247154753825782e+01
-4.808051980636333269e+02
3.818197660372288738e+02
-6.394954339077916075e+02
7.077391755549889467e+02
-3.495880918031769511e+02
8.305162615897444311e+02
-4.364884182205958041e+02
4.069331764098498070e+02
-2.275776796979359631e+02
5.462424790517843576e+01
3.161491788872372766e+01
-3.826761807952955792e+02
3.830318810807236787e+02
-5.969119435701803695e+02
1.067804105002495135e+03
-7.111522755644667768e+02
1.153042858494341090e+03
-8.979873929296361439e+02
1.131524236769510026e+03
-7.144208740348102538e+02
7.289797666216585412e+02
-6.472439795471755133e+02
4.792632383557706817e+02
-2.990231898155965951e+02
5.064455404318812271e+01
-4.582909480098300037e+02
-2.334271345404526699e+02
-1.050540831574244578e+02
-3.571666528896059845e+02
-3.345095603688385211e+01
-5.028088321566713859e+01
-1.628935268477011107e+02
1.388296440181415221e+02
-3.901770326360044692e+02
5.231479789671006984e+02
-5.185131386584009761e+02
1.176287729432460765e+03
-7.320163238401042918e+02
1.190694544019244404e+03
-1.370210158275773892e+03
1.759477128506459394e+03
-1.712415839639350224e+03
1.739986140024129327e+03
-1.830944534795984509e+03
2.065313236706307180e+03
-1.971737492246481452e+03
1.852483242832612177e+03
-2.195074420076643491e+03
1.969251533915768732e+03
-1.543736843046849572e+03
1.664356783357206268e+03
-1.146064675827868314e+03
1.104908504085570257e+03
-1.103780277237028031e+03
5.192922798197181464e+02
-6.348142198918176291e+02
2.233881958621648494e+02
-3.980149465253625181e+02
3.421668251986801010e+02
-2.224782660603536044e+02
1.557375072402609817e+02
-5.271832249885927695e+02
7.452770046249536335e+02
-9.118030964954639330e+02
1.158781396460829228e+03
-1.727739060400644803e+03
1.873866121405112381e+03
-2.219391341570034001e+03
2.739699617286116791e+03
-2.881353730590215037e+03
3.648604739263141710e+03
-3.747366294175893472e+03
3.961699428312272175e+03
-4.376136908394555576e+03
4.626386631953625511e+03
-4.866096402008874975e+03
4.350191388203801580e+03
-4.862400599789890293e+03
4.569955413920073624e+03
-4.524532023853813371e+03
4.332010703834479500e+03
-4.493285294656656333e+03
4.314654434232604217e+03
-3.918224015956490348e+03
3.969510189523874487e+03
-3.651168671586249275e+03
3.615824885756900130e+03
-3.087788292697974157e+03
3.262384843082988482e+03
-2.711597642693775015e+03
3.172079093954286236e+03
-2.508479673444397122e+03
2.726590755938074835e+03
-2.439288540586743238e+03
2.200878303909189526e+03
-2.414612481918457433e+03
1.807341962392065852e+03
-1.665545532226091609e+03
1.522484784993054063e+03
-1.199670637017682793e+03
9.275862201760215839e+02
-6.778631505450673558e+02
2.811012964710170436e+01
1.237984903944766160e+02
-3.212730385023694453e+02
5.540962560388538805e+02
-8.917491420865192140e+02
1.097420295608346123e+03
-1.014023117189930758e+03
1.285880046893672443e+03
-1.086011715204492248e+03
9.947850405462281742e+02
-1.241924633461816939e+03
1.045775111282433954e+03
-8.833481020565415065e+02
8.193088983186689802e+02
-1.163966407301220670e+03
8.240204221131078839e+02
-9.282701103826467488e+02
5.734127212306574393e+02
-6.023139873009405392e+02
4.047689331985510535e+02
-4.280234225856407448e+01
-2.395046846907599303e+01
7.304059603297375247e+01
-4.042981491573825110e+02
5.510593563732007851e+02
-7.826506027930513483e+02
1.116401571589754440e+03
-1.110718123420891061e+03
1.991640486126531641e+03
-1.550366518717388089e+03
2.351068581163477120e+03
-2.172933123471579165e+03
2.622605012578176229e+03
-2.634150240658749681e+03
2.504373419600141915e+03
-2.752963662833285071e+03
2.590022238035772261e+03
-2.886385742571875198e+03
2.592156894480733627e+03
-2.578148631239918359e+03
2.872989431819715264e+03
-2.780350004086379158e+03
2.838741971798630857e+03
-2.702346274281111619e+03
2.413850639968428368e+03
-2.578621546015014701e+03
2.201320801058779125e+03
-2.144381950489696919e+03
1.985824839530037025e+03
-2.116148864447706273e+03
1.607191471173795662e+03
-1.862642255994551761e+03
1.547158084631034853e+03
-1.780558770044752237e+03
1.636752186920526583e+03
-2.049285832532055338e+03
1.802541972316803594e+03
-2.285306983007591953e+03
2.514373382592644703e+03
-2.386490955432570445e+03
2.651299405630076762e+03
-2.821422565835924615e+03
2.869294148794692319e+03
-3.238720716924690350e+03
3.104984801635514486e+03
-3.000970831062637444e+03
3.390355319683688322e+03
-3.069744287138527852e+03
3.427995748105331131e+03
-2.710760786924415243e+03
2.844262878656399607e+03
-2.520642584572024589e+03
2.455984256894480950e+03
-2.380551121618949310e+03
2.116407631650580242e+03
-1.876822876600473364e+03
1.771707049662498321e+03
-1.428049989276161341e+03
1.425167924243575271e+03
-1.592699413223827378e+03
1.327778377275898265e+03
-1.558772869584293630e+03
1.327192555991916379e+03
-1.364707721166141937e+03
1.403943461595627923e+03
-1.445978320394295679e+03
1.409316793470006360e+03
-1.114278319813589860e+03
1.295449306905224375e+03
-8.044796131486884860e+02
9.944062941677981371e+02
-5.304092498910624727e+02
3.963661949371603441e+02
1.317135646114758458e+02
-2.808207453426311417e+02
9.898628328896675157e+02
-1.253406218020637425e+03
1.605427462243374748e+03
-2.449248403059231805e+03
2.508426180055983423e+03
-3.205045259788200838e+03
3.522396316777719676e+03
-3.956524588194694388e+03
4.130969854064668652e+03
-4.350643575139491986e+03
4.202958743596303975e+03
-5.061058739793869790e+03
4.400601695908459078e+03
-4.478188494770091893e+03
4.676797053917051016e+03
-4.371288740038575270e+03
4.601533777420942897e+03
-3.989329254175193910e+03
4.515278121425268182e+03
-3.921994510352581074e+03
3.880273818603051950e+03
-4.007874074637497415e+03
3.454540090736405091e+03
-3.558542370821954137e+03
3.428708154727793044e+03
-3.250611890654395211e+03
2.936129712784372714e+03
-2.976651630614334863e+03
3.099621715842784852e+03
-2.560736195100320856e+03
2.965384260570365768e+03
-2.773837280240938071e+03
2.337303453612922112e+03
-2.692412625736124937e+03
2.438794920603819719e+03
-2.583849203010291603e+03
2.303286074720228498e+03
-2.474210616318998746e+03
2.472659767653965901e+03
-2.740999096856609412e+03
2.482002570475866378e+03
-2.913106143932098348e+03
2.754997541004880077e+03
-2.715954204594202110e+03
2.970073449655055811e+03
-2.625959797001842162e+03
2.887607533656888791e+03
-2.418432194178681129e+03
2.795437274208216877e+03
-2.390637918357972922e+03
1.983230225973036340e+03
-2.037610340012842016e+03
1.844388958574756771e+03
-1.942259739430656737e+03
1.012364754678866802e+03
-1.756662700736895886e+03
1.317986078413897076e+03
-1.136470889886728628e+03
1.509688620072654203e+03
-1.375593902277826373e+03
1.552036725005216795e+03
-1.493871504600671415e+03
2.075975754699603385e+03
-1.760038425852472301e+03
2.446439766230316309e+03
-2.271112404434619748e+03
2.639223130025372939e+03
-2.674188587979268050e+03
2.765356030367759104e+03
-3.031396952617918487e+03
2.785614846917751038e+03
-3.377770124663120896e+03
2.727842004165559047e+03
-3.269427251107694701e+03
2.916965760536257676e+03
-2.943501463257980049e+03
2.973272763354674680e+03
-2.658310638043639301e+03
3.139937220945052104e+03
-2.426489105656773972e+03
3.038281935358784722e+03
-2.727130808837314817e+03
2.542674089646683115e+03
-2.601657768979964203e+03
2.717171343966482709e+03
-2.258467531173954740e+03
2.483130392534658313e+03
-2.128077311169401128e+03
2.250954120849418814e+03
-2.245420286084204236e+03
2.253317601111489239e+03
-1.976618644677963857e+03
2.036027488813970649e+03
-2.051913982476163255e+03
1.948142281014334912e+03
-2.076413411654606989e+03
1.784727877742396913e+03
-1.964971509128461776e+03
1.620938712309070752e+03
-2.003896240445798867e+03
1.593656275547929226e+03
-2.045499577563227604e+03
1.778691079343068850e+03
-1.561712109432073930e+03
1.441649946197257805e+03
-1.827537204221014235e+03
1.530779870075722101e+03
-1.305195838826750332e+03
1.332468851019235444e+03
-9.536398840422029934e+02
1.185722135739432360e+03
-9.730770746401644828e+02
6.988422044297306002e+02
-7.408809881563436193e+02
7.892041120058603383e+02
-5.368332047000692455e+02
5.071062654940556058e+02
-5.320510401113042462e+02
2.038871569748822026e+02
-1.538960750801209088e+02
1.616853533438810757e+02
1.507951535285322677e+02
-3.829743625251538788e+02
2.805433033205436004e+02
-6.027411982045114200e+02
7.336485290148796139e+02
-5.979398114811447158e+02
8.009687151323480521e+02
-9.028162320501244267e+02
1.035799891834106802e+03
-7.187003331798269983e+02
9.084844510202434549e+02
-9.237804770931624034e+02
6.455232998759180418e+02
-7.168597589441661739e+02
6.615366038281870260e+02
-7.643365980265870121e+02
6.701078967293365167e+02
-3.830069085175258010e+02
1.059077917476120945e+02
1.103341193004965071e+01
2.255672328275702796e+02
1.731160794203007356e+02
-1.776936208117257650e+02
1.829656317571298132e+02
-5.881369403123982238e+02
4.154777262911788398e+02
-5.792689817884295280e+02
5.660343148551235117e+02
-9.128826511705018447e+02
7.005066321058118319e+02
-1.287814695481816443e+03
9.623728286051698433e+02
-1.274575022185122862e+03
1.278014524204537793e+03
-1.274433164927909957e+03
1.927458682139960956e+03
-1.589552259145962807e+03
2.231906389247161769e+03
-1.514101929835940382e+03
2.362471376511908602e+03
-2.113063294628776930e+03
2.084384652600636855e+03
-2.499558519278120912e+03
2.602802482306255115e+03
-2.560128316422581975e+03
2.871103695134920599e+03
-2.924614216170592954e+03
2.843194253390771792e+03
-2.843411577461323759e+03
3.154296950461886354e+03
-3.076854733767309881e+03
2.915341576118680678e+03
-3.266923621519831158e+03
3.039236078713155166e+03
-3.330898199374110845e+03
3.375517436636762795e+03
-3.397982572072781750e+03
3.181143067646891723e+03
-3.423739052356975208e+03
3.228434369005867211e+03
-3.414906309372211581e+03
3.294149343103495539e+03
-3.480635879536559059e+03
3.181788548425177851e+03
-3.620565250811598617e+03
3.947325635547638285e+03
-3.377865335808941836e+03
4.022157456271499996e+03
-3.664371232268922995e+03
3.776706665476433500e+03
-3.896387262315037788e+03
3.811624915348667855e+03
-4.372835591546717296e+03
3.662026325235101467e+03
-4.352991428257714688e+03
4.239509702216293590e+03
-4.372404357076279666e+03
4.783931508226805818e+03
-4.562176757562016974e+03
4.929745774673502638e+03
-4.969618084048071978e+03
5.220312730583830671e+03
-5.109003602503997172e+03
5.492514743207410902e+03
-5.261620809937247031e+03
5.073862591198859263e+03
-5.058757374839767181e+03
5.215728064321020611e+03
-4.390139294966542366e+03
4.628549984301043878e+03
-4.087121429196825375e+03
3.659283143277109957e+03
-3.371538348323175796e+03
2.911077621660014756e+03
-2.282344915682300780e+03
1.716870496094204327e+03
-1.677669224882495200e+03
6.050552836164688415e+02
-8.109776845745329865e+02
-5.789851964989705380e+01
-2.305678620560991590e+02
-4.481198125365912688e+02
9.944264417819890411e+01
-4.783135396347598203e+02
3.412328415216706503e+02
-3.502611652466696910e+02
2.138972269674000017e+02
-3.364160539958301683e+02
3.834525786639376292e+02
-1.085443256192484682e+02
6.419586128657321069e+02
3.992235164068806075e+00
7.954690037237127171e+02
-4.619966975495658517e+02
9.208482866458075478e+02
-7.498886770370557997e+02
7.800684645550661571e+02
-8.906568290822609697e+02
1.113138080022584745e+03
-1.071687732562297924e+03
1.259803336400960234e+03
-1.075576060658922415e+03
1.357111219634633699e+03
-1.233118057166689141e+03
1.365508242587122822e+03
-1.229137917266136583e+03
1.159707614136417760e+03
-1.660485100529943793e+03
1.100942253606735676e+03
-1.831255050035842487e+03
1.531666140682858895e+03
-1.801943234313491075e+03
1.649137920399356062e+03
-1.667797412792021078e+03
2.028373207456532782e+03
-1.811590159993238558e+03
2.222638058349908079e+03
-1.719443257013316043e+03
2.234811374934978176e+03
-1.813441801956139443e+03
2.155410620803032998e+03
-2.321087162384424118e+03
2.171655593712126119e+03
-2.503198927069814545e+03
2.176541010678942712e+03
-2.885557513671545166e+03
2.386212984391970167e+03
-2.666661980920175210e+03
2.609910561050785873e+03
-2.501946726620940808e+03
2.780677461678076725e+03
-2.243990872946599211e+03
2.839911651289644396e+03
-2.624492352137174294e+03
2.592334731971472593e+03
-2.875874528711043695e+03
2.593500158843096415e+03
-2.916697203448226901e+03
3.139537728441100171e+03
-3.173478410122874266e+03
3.213873503711376998e+03
-3.690398478152106236e+03
3.494929867889857633e+03
-3.863649840860210134e+03
3.579010030799562628e+03
-4.063580551201184790e+03
4.100613827757435502e+03
-3.807435668273723877e+03
4.182335038221132891e+03
-3.831330463160931686e+03
3.830320833477021097e+03
-3.562569611075611647e+03
3.307613057190418658e+03
-3.109080474239127398e+03
3.018056814878544174e+03
-2.653530219482122902e+03
2.229481187047940693e+03
-1.643807976632589771e+03
1.612739431131743913e+03
-9.625799568512863971e+02
7.171381975197044767e+02
-4.198921930154462530e+02
-6.941901296778564756e+01
6.079686344581219970e+01
-6.285202738992717286e+02
5.637660557347652457e+02
-1.034679256355343568e+03
7.812141332884799567e+02
-9.577723071248948372e+02
1.104132617112600883e+03
-7.793126711160484774e+02
9.098336004728663511e+02
-7.248285407313454698e+02
6.627813375896307662e+02
-1.217031943975202779e+02
1.924616921060725758e+02
1.202309722255236721e+02
-3.369249766425967891e+02
6.457056572166973183e+02
-9.884101389840277534e+02
8.480552432099549378e+02
-1.003813468295580037e+03
1.117019387636522652e+03
-1.014605502668188933e+03
9.187410206876533039e+02
-8.252692050166367608e+02
7.322980046714646960e+02
-4.706720576373089102e+02
5.836511799512625203e+02
-1.108153970561905055e+02
-3.020419874253260772e+01
3.323603827803176358e+01
-2.017651862063355566e+02
1.919537782964563348e+02
-3.894737911768052641e+02
-1.167093216516834957e+02
-2.837088844763393354e+02
4.334012606495952014e+01
-1.453995657999898867e+02
-9.828013655651048897e-01
2.246639715969366478e+02
9.849768003091305957e+01
4.277177930492408109e+02
5.170754665928169125e+00
1.785027508915632666e+02
-3.652615847626310028e+02
2.311838347910724565e+02
-3.531743519507518272e+02
1.875838794403327938e+02
-5.680173831937980822e+01
1.586004941463974092e+02
-1.811435298725984069e+02
3.608203078275990947e+02
-1.653864238367218320e+02
2.873858603805473422e+02
-4.086794977038460388e+02
3.466518043058139824e+02
-2.264077507263837958e+02
3.980324960526989457e+02
-4.802406549648625855e+02
4.247183874476580172e+02
-7.469636518605152560e+02
1.465330507712480141e+02
-5.122698309232138172e+02
4.966233942031823858e+02
-5.029137019741091308e+02
4.620900820797472761e+02
-6.286096354836544151e+02
1.878261368340688762e+02
-5.952631467123422908e+02
4.688803557146640628e+02
4.036023957190362665e+01
6.070347284489184858e+02
7.833775362691376420e-01
2.357360050900053920e+02
9.667609355826390072e+01
-1.106744209005748587e+02
-4.526764625727489744e+01
-2.372437891467525048e+02
5.862009937560828803e+02
-7.278976218938304328e+02
8.419630522215761630e+02
-1.242535556486779797e+03
1.354755306663699230e+03
-1.536517213711172872e+03
2.068274446007011647e+03
-2.504049873189437221e+03
2.394778038913058481e+03
-2.774117745775768526e+03
3.013434985854305069e+03
-2.837732070617457339e+03
3.211752261032994284e+03
-3.227012959984338977e+03
3.096745720405594966e+03
-3.147479346111785162e+03
2.964730395147311356e+03
-3.159434042732486432e+03
2.790453325917509119e+03
-2.593587899838268186e+03
2.634485574084264499e+03
-1.977937061779533451e+03
1.856734654666083998e+03
-1.971333706612877904e+03
1.454988216851641255e+03
-1.444878692619970479e+03
1.081578934170291859e+03
-1.015755945992899683e+03
5.429948312596106916e+02
-6.939635843254686733e+02
2.483246168694776657e+02
2.158974780250231333e+02
-8.898731518597719514e+01
6.760116154646045743e+02
-9.509435933815766475e+02
1.396857120428017879e+03
-1.793046242766887417e+03
2.261106102645859210e+03
-2.428526026942045974e+03
3.042077222986315519e+03
-3.375937169944315428e+03
3.748158648982258910e+03
-3.971940432698512723e+03
4.368934869725708268e+03
-4.322721611914206733e+03
4.754288009036124095e+03
-4.860731844497970087e+03
4.773063089305127505e+03
-4.999573240109416474e+03
4.537650790050072828e+03
-4.724583165177165938e+03
4.310981819343185634e+03
-4.243273600275470926e+03
3.915110123670349822e+03
-3.648041806893892954e+03
3.503686217853380640e+03
-3.482534710127887138e+03
3.029737707439804581e+03
-2.693184108768267379e+03
2.963859650749468074e+03
-2.240741046803430436e+03
2.257811484675606607e+03
-1.625263477003279377e+03
1.418047067091211375e+03
-7.983389053878332788e+02
5.036357891242793130e+02
9.396793563600917309e+01
-3.857799184408717110e+02
1.278299068483235260e+03
-1.758682280231679215e+03
2.307050053633724019e+03
-2.861668255202284399e+03
3.086915286602689321e+03
-4.086257789577595304e+03
4.273551408550265478e+03
-4.775529263625609019e+03
4.953544629554305175e+03
-5.131550889476307930e+03
5.025304160131460776e+03
-5.636835795133642932e+03
5.455572714190438091e+03
-5.317213422670355612e+03
5.403435821092317383e+03
-5.066679828453390655e+03
4.682319057530137798e+03
-4.515946266300045863e+03
4.189290105879018483e+03
-3.880031852412298576e+03
3.405866447168606555e+03
-3.116269862929533247e+03
2.802650560844303072e+03
-2.662028831035954227e+03
2.490897803340207247e+03
-2.339764371231473888e+03
2.141395304402669353e+03
-2.023328223646363313e+03
2.028101104128354791e+03
-1.661027828279344703e+03
1.785735378472366165e+03
-1.861488068329182852e+03
1.715089813815551224e+03
-1.640342099156102449e+03
1.485982989209399875e+03
-1.510274258645712052e+03
1.205507447444475702e+03
-1.099051928574612475e+03
9.701890419932292389e+02
-7.720823326416688133e+02
3.698614175124919257e+02
-2.483091097496987913e+02
1.227391003152760760e+02
-5.045046508413953035e+01
-3.047451135934639410e+02
7.113891028869437605e+02
-6.956758121672277184e+02
1.170891564257698292e+03
-1.009270675087248264e+03
1.355123772452067669e+03
-1.583331822854685925e+03
1.784842137287510923e+03
-1.602797159057895215e+03
1.963551309287957338e+03
-1.978400656100408241e+03
2.147423300861908501e+03
-2.327495124661107639e+03
2.149599306951702602e+03
-1.946448407556798657e+03
1.923439155774620303e+03
-1.771513532531763985e+03
1.701271242853305694e+03
-1.591959157747334530e+03
1.090681310091634259e+03
-1.179552960652601541e+03
5.702355488347019445e+02
-4.291609122210356873e+02
1.330856275271768254e+02
1.994894887023782246e+02
-5.646829875542248374e+02
8.858711250764147280e+02
-1.026156605066228394e+03
1.520881272156980458e+03
-1.685784426792190061e+03
1.892094724334183638e+03
-1.992953519100055246e+03
2.420547449700649850e+03
-2.546628649699824109e+03
2.558718529088689593e+03
-2.578228839969711316e+03
3.077522337383053127e+03
-2.950277158571403106e+03
2.960932480226407733e+03
-3.431613983523029674e+03
3.119557029744025385e+03
-3.438665473068888332e+03
3.647152618070267636e+03
-3.629624832624356713e+03
3.826522342730232140e+03
-3.786629341596698396e+03
4.138663762573356507e+03
-4.059930142751602489e+03
4.472015167763306636e+03
-4.407150467082963587e+03
4.232356154019633323e+03
-4.466156079370514817e+03
4.497510887102431298e+03
-4.774190335719868017e+03
4.790386975565636021e+03
-4.998280434627638897e+03
5.003577591129620487e+03
-5.365054369761742237e+03
5.345609431957561355e+03
-6.068307093905484180e+03
5.571000219497887883e+03
-5.936193850335791467e+03
6.147926843963939064e+03
-6.115868286518504647e+03
6.106978848034013936e+03
-6.140727088953848579e+03
5.836733402636836217e+03
-5.700924196265729734e+03
5.489778012281837619e+03
-5.008435727579554623e+03
4.521197483896565245e+03
-4.280602646468646526e+03
3.818568397037586237e+03
-3.245525941303961645e+03
3.351592349722205199e+03
-2.479783737049396223e+03
2.371227636614095445e+03
-1.910893684501675807e+03
1.920395181535953270e+03
-1.709510632127798317e+03
1.510744032483393994e+03
-1.609856943377055359e+03
1.228619637063680329e+03
-1.650822176907969379e+03
1.348350296772386173e+03
-1.560034091680811798e+03
1.491622671039964871e+03
-8.211875684093089376e+02
1.317638564681621347e+03
-7.765933262085677597e+02
9.774855153382436583e+02
-4.374288489422951898e+02
3.064904524702063213e+02
3.631861250722386103e+01
-4.154824595679674530e+02
4.346688505440356494e+02
-8.412053527281560719e+02
8.969735929752882839e+02
-7.954018385285155546e+02
1.198859451191805420e+03
-1.401045153581542309e+03
9.191044945530170480e+02
-1.461563330826004631e+03
1.071795307357238698e+03
-8.116623138191342832e+02
1.278165166721722244e+03
-1.048256846280206219e+03
8.890207127231105915e+02
-6.761873287545890889e+02
8.261228789048218459e+02
-9.197739288104598927e+02
9.512506098334026774e+02
-8.899365384696191086e+02
1.149085525165669196e+03
-8.855685047464760373e+02
1.021655698553658908e+03
-1.072922473231173853e+03
1.030297411697363941e+03
-1.051204351511020377e+03
8.436024720465341034e+02
-1.355052948472566413e+03
7.683438099956551923e+02
-1.104014014291391277e+03
1.123149174019871225e+03
-1.192639694986607083e+03
1.167854602188263925e+03
-1.177627053032803360e+03
1.153471111104327974e+03
-1.297082875242719410e+03
1.064234876238315337e+03
-9.473682937912130910e+02
1.244398675171754121e+03
-6.577304895263611115e+02
7.556125813055107301e+02
-2.090623762234182834e+02
2.056714138022264251e+02
-4.293237890233864107e+01
-1.591012761833115121e+02
4.505692470884501972e+02
-5.863563929466336049e+02
6.678834896046809035e+02
-7.217245926633419231e+02
4.561824144623143980e+02
-6.238336801622756411e+02
3.432475054501577461e+02
-3.387145414227340439e+02
-1.294461879034159502e+01
6.149764528398754315e+00
-1.525759614029762474e+02
2.225362354471001254e+02
-4.816450287211947625e+02
1.912178957166516398e+02
-2.608112884806975558e+02
5.070717954062923241e+02
-9.295466821057700599e+02
5.633903098557185558e+02
-9.034961278501506285e+02
1.130615914507780644e+03
-7.263422372499589983e+02
1.036135241777032206e+03
-1.137181252606349972e+03
1.578668201534734862e+03
-9.471293865459469998e+02
1.374730086762583142e+03
-1.319906290846558250e+03
1.398454310431663316e+03
-1.586980269827419079e+03
1.690628585259538113e+03
-1.424409394274429133e+03
1.429336142050682383e+03
-1.890562400810518284e+03
1.368371215030443864e+03
-1.404088075311834700e+03
1.433252123259685504e+03
-8.592898591637033405e+02
9.843567168695478813e+02
-7.421536152405934672e+02
7.560782979278936011e+01
-2.854315523460147688e+02
1.965826808835066402e+02
2.752475522463247444e+02
-5.599863902182099764e+02
9.143255437212038714e+02
-7.788296528514131296e+02
1.180591694319422686e+03
-1.342237948052408910e+03
1.272695046726515329e+03
-1.226111782512276022e+03
1.721504443634898053e+03
-1.426073762774788747e+03
1.234904469360527855e+03
-1.560994346709790079e+03
1.011155057550059155e+03
-1.037324404110576552e+03
1.097401205461213067e+03
-9.062329220466796187e+02
5.617674753367555240e+02
-6.346332305965795513e+02
9.610447650085933446e+01
-3.312601554509309949e+02
-2.322609334291141181e+02
1.838919877851474496e+02
-6.261433673790455714e+02
8.101395842017424229e+02
-1.007257511002718616e+03
1.387376363330055938e+03
-1.250118953362226648e+03
1.920142063765432567e+03
-1.921291690933498558e+03
2.145125815916129341e+03
-2.429738130145352443e+03
3.055382463873479537e+03
-2.822993639901525057e+03
3.286930600683588636e+03
-3.485904532247137467e+03
4.017596122198605826e+03
-4.111048580341520392e+03
4.545644672628483931e+03
-4.626550423441709427e+03
4.468991554468500908e+03
-4.876363645973136045e+03
4.670062092417550048e+03
-4.818591507293119321e+03
4.392862374805795298e+03
-4.626195017459383052e+03
4.476040542956956415e+03
-3.971704765637255605e+03
4.188918591283711066e+03
-3.721249884439533616e+03
3.356212507522307988e+03
-3.450260896464567850e+03
2.847440290844024275e+03
-2.728394416208454459e+03
2.131046092628448150e+03
-2.076420881473045029e+03
1.425615053030593344e+03
-1.457469945098999915e+03
9.401692136562301130e+02
-5.332293729583218465e+02
6.347691334024341359e+02
-2.548055862225376700e+02
2.142062870676099067e+02
3.316860293568223028e+02
-3.164653121330394470e+02
4.893555113911673971e+02
-3.341983173027902012e+02
4.971169119418410105e+02
-4.516723156423132082e+02
2.271721292460622692e+02
-2.059925202348111668e+02
1.819352225082387235e+02
-2.515688898822573627e+00
-1.713878866513966557e+02
-1.797198003711332888e+02
-1.408342237356239650e+02
2.844650775752692766e+02
-2.609719940826754510e+02
5.519005858649721858e+02
-6.260292877844215127e+02
3.859551937114513862e+02
-1.956381580572131611e+02
6.499017317863585959e+02
-3.403088753624373908e+02
4.102463583392240025e+02
-1.380446082094485973e+02
5.277364628816761751e+02
-3.101760140791157596e+02
2.763550113087867999e+02
-4.212265517051280312e+02
4.643611926083897288e+02
-5.985793166385841459e+02
9.643412846272327670e+02
-7.870555949697391043e+02
9.170797309853850265e+02
-1.399286164322784998e+03
1.199559334482018812e+03
-1.820621182383821633e+03
1.455795639313648962e+03
-1.350937247957372620e+03
1.293647520443734720e+03
-1.667076535558136584e+03
1.326940378813420239e+03
-1.237010356993520418e+03
7.704024563992825279e+02
-8.852659847095421810e+02
4.691831112472401628e+02
-4.349928740064214026e+02
1.512808024787852048e+02
4.809591282488124762e+02
-5.416515413231162768e+01
5.512721923253759542e+02
-1.782582326433162052e+02
6.337867889482957935e+02
-4.308048520712567893e+02
1.566873015532981981e+02
-8.721718155256013461e+01
5.976997370518622432e+01
1.699133162095477303e+02
-2.359364580344497710e+02
9.669992683217806189e+02
-5.488374999981299425e+02
9.689896238254038963e+02
-1.052812966484306571e+03
1.180681116391021078e+03
-1.470509711783766079e+03
9.786437386076548819e+02
-1.807983994918663939e+03
1.678217364525434505e+03
-1.663988425935061969e+03
1.675636845797185970e+03
-2.053370772122043945e+03
1.610939671671765836e+03
-2.328742085833581314e+03
1.959253377646068202e+03
-2.142200299774278392e+03
2.133464755057195816e+03
-2.171272475743694031e+03
2.404807848833472690e+03
-2.236870342378288115e+03
2.482861493353439073e+03
-2.550771371869278482e+03
2.497963875655889296e+03
-2.681034322148434057e+03
2.516909717423071470e+03
-2.848312784640860627e+03
2.821790755558909495e+03
-2.515431005285387073e+03
2.659537966065454839e+03
-2.531782933013660113e+03
2.794560573920766274e+03
-2.187104112802780037e+03
2.289081008418862439e+03
-2.099651012838348379e+03
1.834142435354829331e+03
-1.822915656183077999e+03
1.801752871045400298e+03
-1.512858120322095147e+03
1.614525209539765456e+03
-1.561223278271467052e+03
1.482544679218799047e+03
-1.328477693661005787e+03
1.194592342720855413e+03
-1.043733250004922638e+03
9.584062030023194438e+02
-9.484604013008668062e+02
5.122965523819880218e+02
-2.283870743785437583e+02
2.101321989907429781e+02
2.443835652827392551e+02
-6.046679652506508091e+02
9.125592797630171162e+02
-1.066489311792582612e+03
1.033598984788083044e+03
-1.429601872831511173e+03
1.594582667301990568e+03
-1.201628717987372511e+03
1.550678158568325671e+03
-1.399234707335552912e+03
1.298646251699834465e+03
-1.309251698785370536e+03
9.459310288863674714e+02
-1.000134648445673520e+03
8.280439824701919633e+02
-7.776543895948516365e+02
9.100393859664020511e+02
-1.148610046162044455e+03
1.073095428093268993e+03
-1.093691870182679168e+03
1.735416530414352337e+03
-1.618335070532073587e+03
2.062674823055453089e+03
-2.511158530500426878e+03
2.351317607671907808e+03
-2.869717768633017386e+03
3.079323223093805154e+03
-3.119448105267170831e+03
3.248643127234943677e+03
-3.284252095057134284e+03
3.120730952379490191e+03
-3.600587588011851039e+03
3.355658393523061932e+03
-3.499281588562202160e+03
3.535826548393528810e+03
-3.831399984699461129e+03
3.772427630696301094e+03
-3.745667299101439312e+03
4.083678761821497574e+03
-3.966326905647149488e+03
3.986759590786936769e+03
-3.990113839319493309e+03
4.113318337144120960e+03
-4.328932041465909606e+03
4.004379758965959354e+03
-3.766016056534102518e+03
4.037999596534453758e+03
-3.516711246999010200e+03
3.718599745787923894e+03
-3.570947936440276862e+03
3.335351820071813563e+03
-3.385222197963742929e+03
3.232083889581561380e+03
-3.181018735836815267e+03
3.121147018321190444e+03
-2.707075392758230919e+03
2.727334226643197326e+03
-2.513770095649699215e+03
2.293213847525498295e+03
-2.406983982617472975e+03
1.958193727158641650e+03
-1.804659878497158843e+03
1.585984267512336373e+03
-1.458851285012131029e+03
1.181627779896285119e+03
-8.577244578127256318e+02
6.785966899107723975e+02
-3.215789664255443654e+02
1.519016050829358448e+02
-2.011959248261657649e+02
-4.992688111266845112e+02
5.477036639351026679e+02
-9.522482953010512574e+02
8.713422366985115559e+02
-9.032902217117984947e+02
1.375453970837708539e+03
-1.337286125380265275e+03
1.601142561365460551e+03
-1.339221998408227137e+03
1.784340153121216190e+03
-1.479939538775163101e+03
1.401848823269556078e+03
-1.379196617683580826e+03
1.105763883895722984e+03
-1.078393117328088920e+03
9.150184266458763886e+02
-8.703747804316822112e+02
1.005502733280041298e+03
-7.528133777588386693e+02
9.574718525753493168e+02
-7.451697088294610012e+02
6.988178515955385137e+02
-1.043329105640918215e+03
1.069488260534263645e+03
-1.322369744030317861e+03
1.419135100715787985e+03
-1.544874416824600758e+03
1.682437361251510993e+03
-1.847242042912231454e+03
1.609817085578937167e+03
-1.978044012427546704e+03
1.918580739334125610e+03
-1.817013949719904531e+03
1.880254486527717063e+03
-1.840417336104089372e+03
1.625232957739071480e+03
-1.818191722354102922e+03
1.642160706569456352e+03
-1.325835283613484989e+03
1.506112132382769687e+03
-1.270847705178150591e+03
1.100194667629499236e+03
-9.765673218101160273e+02
7.281988226752584978e+02
-7.594824285909412538e+02
2.994931857657518322e+02
-2.983151707237901178e+02
5.606017731030171092e+01
5.684691493753080067e+02
-4.199618372523131598e+02
8.436295037557343903e+02
-1.120095207765171153e+03
1.603125147175111351e+03
-1.753526522672923193e+03
2.264781689128299149e+03
-2.355417445692048204e+03
2.834828019062327712e+03
-3.294688710791821450e+03
3.607950399817352718e+03
-3.997526073224549236e+03
3.801698626783088457e+03
-4.587778015703506753e+03
3.769157412512277915e+03
-4.337370406113723220e+03
4.194751982836455682e+03
-3.729519961064496329e+03
4.225617454415868451e+03
-3.805498465280333221e+03
3.591838902597342894e+03
-3.247316184074220018e+03
3.388103254811539500e+03
-2.723625944270429954e+03
2.831676470273914219e+03
-2.518114668750483816e+03
2.447242681786638514e+03
-2.133494948482357813e+03
1.969853007744157821e+03
-2.230055078317777316e+03
2.020193461185009028e+03
-2.237146206631621226e+03
2.025962687660539359e+03
-2.190599371291034913e+03
2.331710023199281295e+03
-2.371366695805683776e+03
2.855385991213244324e+03
-2.530718572889953975e+03
2.873775254337397655e+03
-2.771653700321533051e+03
3.005475103597429552e+03
-3.072379873473908901e+03
2.815098299111732103e+03
-3.266164386087508774e+03
2.762765455914140148e+03
-3.064906880082189673e+03
2.895370020146374372e+03
-3.003294600432177958e+03
3.014770638437887555e+03
-3.044759373635889006e+03
2.987484410073285289e+03
-3.303702997638248235e+03
3.165421798736309029e+03
-3.004060161786222125e+03
3.669170561330346118e+03
-3.502682931860647841e+03
3.756026791812471856e+03
-3.126806194041028903e+03
3.476909000324826593e+03
-3.227819917076618822e+03
3.074718698033010241e+03
-3.122383718087927718e+03
2.728497524049394087e+03
-2.699222055194618406e+03
2.267414886221853067e+03
-2.312614138733126765e+03
1.643214979557741799e+03
-1.946125105993650095e+03
1.440892164812351893e+03
-1.691999166350692803e+03
1.161496319678037480e+03
-1.226055555445110940e+03
7.960463069123389914e+02
-9.441118679222581704e+02
6.476532688600011625e+02
-1.900466215351557651e+02
4.126374821716116230e+02
2.164142139744481028e+02
3.452395944645461157e+01
6.426082444350988681e+02
-4.054485227532918543e+02
1.019858756932609936e+03
-1.197598196367606079e+03
1.444238394484288392e+03
-1.747715281537932697e+03
2.043848370296159146e+03
-2.311737404883430827e+03
2.089028165033886580e+03
-2.609418756787178609e+03
2.907014098808770541e+03
-2.932316430171697903e+03
3.171099434542330073e+03
-3.008252741059882737e+03
3.297593502815919692e+03
-2.896336327274190353e+03
3.204105974412138949e+03
-3.038280879726675266e+03
2.759278855814820872e+03
-3.254273011047060663e+03
2.346816493480988811e+03
-2.643069124072799241e+03
2.351534607034442161e+03
-2.036992035324582275e+03
1.897097177443015880e+03
-1.639834595336896200e+03
1.439935247857888044e+03
-1.140134496569037310e+03
9.447019760712220204e+02
-4.695009453009786853e+02
2.766830833086692110e+02
6.128843737379418144e+02
6.790591743415893689e+01
7.217334837203010238e+02
-7.178499511939511422e+02
6.412463772578371390e+02
-8.245502673202121287e+02
8.922532119250977303e+02
-7.354698756341470016e+02
4.967666833874877739e+02
-8.417972216924556506e+02
8.069117642752352140e+02
-9.307991969316097993e+02
7.036184625672492530e+02
-1.090551870202272539e+03
9.738216387377350429e+02
-1.123005401326616720e+03
1.229761015714941323e+03
-1.207472002766754713e+03
1.344855817037707538e+03
-1.564796491247899439e+03
1.173129508454603865e+03
-1.173146700843523377e+03
1.172318479556449347e+03
-8.579321738474302492e+02
9.038087778606306983e+02
-7.056262702160315712e+02
3.116779481728426617e+02
-2.709565365144767952e+02
-2.349512391398721718e+02
1.956185081244922799e+02
-7.617169583854810071e+02
8.113413359236413953e+02
-9.034453957869778833e+02
1.165375010400400015e+03
-1.365665372780097869e+03
1.108168079544851253e+03
-1.274659291737884132e+03
7.874781691466341726e+02
-6.703007046674679259e+02
4.767437320944420094e+02
-5.483924995626321675e+01
7.373062817392947466e+01
4.135395888073191486e+02
-7.566584863628526136e+02
1.114836611880935152e+03
-9.915121418608740669e+02
1.137070684683402760e+03
-6.930938314832114884e+02
1.237240166248710239e+03
-1.060153895285479393e+03
8.185975139785290366e+02
-7.763855670429837801e+02
5.822105130100744645e+02
-3.852867926891480579e+02
4.495310555078706898e+02
-2.396116312557002743e+02
2.181107678114749859e+01
-2.301900706498879572e+02
1.001001674354871369e+02
-2.931537307613982648e+02
8.019573650746639260e+01
2.908011917391987922e+01
-5.885609822837886895e+01
4.082008930919581502e+01
-1.516300778681846495e+01
1.240064894680639611e+02
-2.154797775186497066e+00
4.302763636256498785e+02
-1.352549153678147604e+02
5.222685033614212671e+02
-7.845616222546357221e+02
7.230212765484600368e+02
-1.255563060770999755e+03
1.391530693903716610e+03
-1.230010110763734247e+03
1.784499083204982753e+03
-1.992033259018196986e+03
1.651771931829680852e+03
-2.098141120734058404e+03
1.758335716178995881e+03
-2.020721346823024533e+03
1.711944000498871674e+03
-1.520207542754877068e+03
1.375949626802336979e+03
-9.015683782191214277e+02
1.247972936159970459e+03
-8.282584477588740128e+02
1.066764327047761981e+03
-9.562946052056489634e+02
8.105972912971922142e+02
-9.987403254411550506e+02
9.913218818105499395e+02
-9.686582218428400211e+02
1.311252794356107870e+03
-1.348072729314721300e+03
1.286265913884069050e+03
-1.068645472834045449e+03
1.153158284750965095e+03
-1.056000457255183164e+03
8.180948595461231889e+02
-3.727111553399757327e+02
2.989009683024161177e+02
1.932693932588786936e+02
-8.225473178778263446e+02
8.124863565312144829e+02
-1.726968757337042007e+03
1.644994889603970023e+03
-2.519580924449402119e+03
2.241908271875740866e+03
-2.504834818818658277e+03
2.776706974962706227e+03
-2.551572452419973615e+03
2.421163899508198483e+03
-2.705136299839247386e+03
2.082225767927523066e+03
-1.964254353570829835e+03
2.083460069108929474e+03
-1.371796049744155425e+03
1.704580917032757270e+03
-1.192064575719892673e+03
9.829975921439254307e+02
-1.257355490553775780e+03
9.963848603282502836e+02
-1.188708742169470497e+03
1.254689166844972078e+03
-1.190106524411849477e+03
1.658443059217590871e+03
-1.196310226607410641e+03
1.945169041102901247e+03
-1.427292907897517352e+03
1.873650297959327872e+03
-1.946630115707822142e+03
1.832058931451363833e+03
-1.950874931704242726e+03
1.880601685215554880e+03
-2.266402529153713658e+03
2.257991722778742769e+03
-2.652021399740811830e+03
2.422056918876301552e+03
-2.729331216090217367e+03
2.695733884839643451e+03
-3.148593514018577935e+03
2.948537036509328573e+03
-3.445362473163446339e+03
3.404882095602874415e+03
-3.318716086419861767e+03
3.952898447777674392e+03
-3.882473091919313447e+03
4.303718539346233229e+03
-4.412975910723018387e+03
4.606865057381076440e+03
-4.911706663262620168e+03
5.191961392946965134e+03
-5.100401082610430421e+03
5.398132820852960322e+03
-5.205271833391811015e+03
5.396109720418467987e+03
-5.192177618619728491e+03
4.677247130110443322e+03
-4.524129910322136311e+03
4.217041884612296599e+03
-3.821711460805527167e+03
3.212661255082939988e+03
-2.821661635724732150e+03
2.386444404955832852e+03
-2.120423907163417425e+03
1.488021334583412226e+03
-1.459728863637959194e+03
9.695489018512860184e+02
-7.206823129740804461e+02
6.378488165468831994e+02
-8.966341577422924729e+02
3.842891002046869176e+02
-7.021184743642700141e+02
1.120411693360829531e+03
-7.107433458724119646e+02
1.288884918899942704e+03
-1.144520707564298391e+03
1.655455781514320051e+03
-1.570689643446332639e+03
1.487153413297483894e+03
-1.708342148949869852e+03
1.566374605048272770e+03
-1.878050700332595397e+03
1.735160181318545483e+03
-1.802996265119011696e+03
1.526665785901658182e+03
-1.490920175578439284e+03
1.582503563571658788e+03
-1.282053175925987034e+03
1.608084347708079804e+03
-1.119251978726752668e+03
1.105442534143608100e+03
-1.291282832766004049e+03
9.361648119853099388e+02
-9.698795668632055822e+02
1.165351673479712645e+03
-6.226716609411247418e+02
8.861961127350206198e+02
-7.313255421211057410e+02
6.236954339930769038e+02
-6.544959187829562097e+02
5.865632424746468132e+02
-9.197211427273743993e+02
6.012861560878706086e+02
-8.761896336986565075e+02
9.096967204964427083e+02
-1.211829301518090688e+03
1.325612336758239962e+03
-1.743613336106069028e+03
1.670541005516397945e+03
-1.956452948327445483e+03
2.155286030795046372e+03
-2.395017361149618864e+03
2.195401088422616795e+03
-2.439243856359802066e+03
2.255079330685033256e+03
-2.226448900593807593e+03
2.030389727155604305e+03
-1.605683351607474606e+03
2.055250708513926838e+03
-8.550366449484361056e+02
1.450589564836045383e+03
-1.329657194242636024e+03
1.441443642002476281e+03
-1.282209752690210507e+03
1.356161518779182643e+03
-1.741565529650182498e+03
1.593863130757791396e+03
-1.942684409689648419e+03
1.974597771327455575e+03
-2.039317829349165777e+03
2.287457418336770843e+03
-2.593104770493730939e+03
2.379213361963221814e+03
-2.613641445368843961e+03
2.565083938247756578e+03
-2.682106027948042993e+03
2.617416030241751741e+03
-2.673682077272273091e+03
2.759389471119312020e+03
-2.873763167151222206e+03
3.150538358229041023e+03
-3.258444419571718299e+03
3.494106134129392558e+03
-3.585067425207910674e+03
4.184802725401778844e+03
-3.909603131422179104e+03
4.434594931498322694e+03
-4.696357598509020136e+03
4.885668567485402491e+03
-5.009154540568113589e+03
5.121424442424644440e+03
-4.955871768307904858e+03
4.894701921626372496e+03
-4.849910440985145215e+03
4.638883994561225336e+03
-4.494186956634895068e+03
3.981014458055040450e+03
-4.123908454430143138e+03
3.407471903194039442e+03
-3.529921810204882604e+03
2.853493644207104808e+03
-2.714233346943206925e+03
2.670241430322848828e+03
-2.244221487478996096e+03
1.768915915925847685e+03
-2.024054895328447401e+03
1.487466527831199301e+03
-1.935458339863389483e+03
1.489644783253281958e+03
-1.110585830391731406e+03
1.239280651168108079e+03
-8.141375299559715586e+02
8.358621265244150891e+02
-6.940005488943827459e+02
6.006351454382230486e+02
-4.702194526285789493e+02
4.682356451863070674e+02
6.428802504619512526e+00
3.139585758323239588e+02
1.899902091442203869e+02
2.844284572243715203e+01
2.163121866931571162e+02
-5.137016849424670681e+02
5.242705772579663517e+02
-4.057792687198005410e+02
6.537904705090891184e+02
-9.172723702453581609e+02
5.728823172876549279e+02
-8.985450052957218077e+02
1.259312264921890801e+03
-1.052356749232948005e+03
1.150938275104114609e+03
-1.061956973813969398e+03
1.136575322823623765e+03
-9.552919546834395987e+02
1.160403260436193932e+03
-1.115630754421565371e+03
9.841380535439382129e+02
-8.298450926724634655e+02
8.751935448046344845e+02
-6.386940738695881237e+02
9.234841564202195059e+02
-5.260854896554503739e+02
6.940540819410638278e+02
-4.735226978039844994e+02
4.127577321661507312e+02
-4.784261917644380446e+02
3.251626935012208151e+02
-4.222760482523029282e+02
2.299287410598822134e+02
-8.470057643125887807e+02
4.284826758617331848e+02
-7.938408249451897518e+02
8.850505956852482541e+02
-8.900818927941536458e+02
1.132286002968004141e+03
-1.126397006536825756e+03
8.198171026318088934e+02
-1.189264686800503796e+03
9.555288730563185027e+02
-1.178036721782764744e+03
1.147774048930915114e+03
-1.191886035564731628e+03
1.409492134087176510e+03
-1.160125314373588026e+03
1.071358820670591513e+03
-1.457860489712545132e+03
1.347177672521371278e+03
-1.583619598791484123e+03
1.505869009253863396e+03
-1.560319455098155231e+03
1.705073749741694883e+03
-1.647339136073137979e+03
1.895143301345387727e+03
-1.843626458511402461e+03
2.197968931120257366e+03
-2.053718698301996028e+03
2.127131957720952869e+03
-2.431657020661697516e+03
2.053920439204231116e+03
-2.339089246974207072e+03
2.211412426587405662e+03
-1.643725169182746868e+03
1.485223314330206676e+03
-1.450271425430680210e+03
1.398804764249184018e+03
-7.698011799522317915e+02
7.793266354132566676e+02
1.696450956036312574e+00
-1.949972860855702947e+02
5.405422292248624672e+02
-1.104044885262272373e+03
9.373205846744166365e+02
-1.632588049747902687e+03
1.836318748814687297e+03
-2.102680284509446210e+03
2.271335682719513898e+03
-2.747103081079666481e+03
2.939411344098565678e+03
-3.036970157533145994e+03
3.643523261119242306e+03
-3.458247256660577932e+03
3.727062591209967195e+03
-3.849368762250529471e+03
4.368385566954840215e+03
-4.313797362970149152e+03
4.418885647847934706e+03
-4.674564298905080250e+03
4.914530413162264267e+03
-5.062972921628962467e+03
4.829973057297170271e+03
-4.922836599254434077e+03
4.733343420955371585e+03
-4.864510046398805571e+03
4.608118365923128295e+03
-4.787095878821749466e+03
4.217454447377826000e+03
-3.889023790968886260e+03
3.962263612314894090e+03
-3.335099742185253035e+03
3.356096388327017394e+03
-2.950789469361601732e+03
2.703883031832845518e+03
-2.210296589752045747e+03
2.102852317978376050e+03
-1.680913284473793965e+03
1.862206613505864198e+03
-1.788587406059058594e+03
1.315621960566352982e+03
-1.637531213900416105e+03
1.393567284614398886e+03
-1.445625425908448733e+03
1.441553796169822817e+03
-1.154594737455955965e+03
1.317449309313026561e+03
-9.300993433386489642e+02
8.685333440141117762e+02
-7.765300954796730366e+02
5.334432960249861253e+02
-5.367200743972482542e+02
9.197380462914901500e+01
1.047590137869074027e+02
-4.492889958814472493e+02
7.214522005996715279e+02
-9.615092994604125352e+02
1.128657756551383272e+03
-1.802877408643083072e+03
1.572688087353812080e+03
-2.240259307249637914e+03
2.088488061292070142e+03
-2.082317859022069570e+03
2.392477475059019525e+03
-2.154348591610785661e+03
2.359587994008812075e+03
-1.797349557372210938e+03
2.015630062627192046e+03
-1.653545225104168139e+03
1.644699682554826495e+03
-1.474221878828907165e+03
1.440850361803156375e+03
-1.347664240866152113e+03
1.059369293712434228e+03
-1.088376671274942964e+03
8.241193827750304308e+02
-6.868485488259166232e+02
8.233977268467982640e+02
-5.612881947368714464e+02
2.712847198344849744e+02
-5.541425600949056616e+02
2.662496269860071720e+02
-4.759795272607060497e+02
2.759122316027801389e+02
-3.568415574032533186e+02
-2.289989301183806703e+01
-8.613150213830202517e+01
-1.460717805580630824e+01
5.591182652134904174e+02
-7.957798970140891015e+01
2.810273556833712405e+02
-5.799324249880178286e+02
6.886508001063300526e+02
-8.318225743026197279e+02
6.882425264370081095e+02
-1.135550583330670406e+03
1.051416109215525466e+03
-1.041338989033197322e+03
1.268871954213683466e+03
-1.019959915789087290e+03
9.319231419583276192e+02
-8.138994302316216363e+02
6.771180289856469017e+02
-4.165202583569258081e+02
6.762197989634793203e+02
1.437452802246677379e+02
6.133052042483110711e+01
1.317645829993921041e+02
-4.971476789943219501e+02
6.798817202608319121e+02
-9.848696196152797029e+02
9.907310429191278445e+02
-1.183993587385809633e+03
1.416891983700796118e+03
-1.203392286966943175e+03
1.462015833854152561e+03
-1.761395749455066152e+03
1.131374585319109428e+03
-1.299158708822124026e+03
1.296832090116019572e+03
-9.863608496244224852e+02
9.809019406296247325e+02
-6.993149969184070187e+02
6.710733766137609564e+02
-4.513626954910184850e+02
4.990755984046653566e+02
-2.820516243369669951e+02
6.359646300022397725e+01
-1.518100336855890409e-01
-1.367856463674411884e+02
2.789292177900672414e+02
-2.435688740847775193e+02
4.164055812753824739e+02
-5.046634847700131559e+02
4.685553034229251921e+02
-6.907833413744073141e+02
5.354828878023649850e+02
-1.039067917021045105e+03
7.818932897367018313e+02
-1.071684610248536046e+03
1.064844867598053725e+03
-1.266220769093382842e+03
7.175890866261528345e+02
-7.400953441809529068e+02
8.540693378375731299e+02
-3.457916056144390495e+02
3.103885760523784256e+02
-3.813202649726531490e+01
-7.484218802011389471e+01
4.747990315252459368e+02
-5.506212332986009415e+02
6.294975643225144495e+02
-9.756686052644637357e+02
8.592678412534363588e+02
-9.612313754638288401e+02
1.241212853566492868e+03
-1.504746356387630840e+03
1.139794885118982847e+03
-1.190127192814217096e+03
1.413199813816956066e+03
-1.316293343166624709e+03
1.627931455456485082e+03
-1.353638307247524153e+03
1.307500952969216542e+03
-1.567334805984239210e+03
1.929169694620893324e+03
-1.497563824127499174e+03
2.058210438547549984e+03
-1.855538556165938871e+03
1.784388565662622113e+03
-2.044623760252527973e+03
1.673175461448439364e+03
-1.367180714582703558e+03
1.767597854678628437e+03
-1.339392093864115395e+03
1.243352698332867021e+03
-1.239979258317972608e+03
6.881595577267988801e+02
-9.273019336813357540e+02
4.855533342717055802e+02
-4.950161881862808286e+02
4.879640520995310737e+01
1.353815787493215907e+02
-4.241679543547033973e+02
4.569488086723135893e+02
-8.361860500831597847e+02
9.735271968281622321e+02
-1.447155390523414326e+03
1.555802467046485617e+03
-1.835931408547813589e+03
2.231622941783410170e+03
-2.391659540008269232e+03
2.495062737865183408e+03
-2.649155417538338043e+03
2.806681855841045945e+03
-3.087780328026512962e+03
3.138730188295627158e+03
-3.089813140795598883e+03
3.578599173571535175e+03
-3.362196008838440775e+03
3.817078360631588566e+03
-3.726532947317667549e+03
3.814113641878201634e+03
-4.233828769673583338e+03
4.084685592186769099e+03
-4.088772517793982843e+03
4.518051072285111331e+03
-4.360886495940716486e+03
4.532717283525360472e+03
-4.562099674136263275e+03
4.646395724903632981e+03
-4.422449620045853408e+03
4.695167413518007379e+03
-4.505939755934090499e+03
4.201814618196604897e+03
-4.598487003461109452e+03
4.263219711297038884e+03
-4.182784089709276486e+03
3.981031654946071285e+03
-4.094222623078376728e+03
3.857295476170736492e+03
-4.080812455507916184e+03
3.653889679203055039e+03
-3.943214675225484370e+03
3.679972342888034291e+03
-3.577505998113135320e+03
3.812354395215971635e+03
-3.354509668051190147e+03
3.835301008814310080e+03
-3.392657166588751352e+03
3.480175818938816064e+03
-3.412144248368253557e+03
3.104573919518602906e+03
-3.307129129855247356e+03
3.013503513888936595e+03
-2.639840252011424582e+03
2.956745303255458111e+03
-2.565441390891341598e+03
2.279229347611542380e+03
-2.389826453816720914e+03
2.350286897512030919e+03
-2.027788669590790505e+03
2.271764338836110710e+03
-2.035011410749523520e+03
1.915681455780882288e+03
-2.021554586461681538e+03
2.127816691167383851e+03
-1.771804784047028988e+03
1.967736590871460294e+03
-2.079455327798403232e+03
1.876602523006306228e+03
-2.090430498153979897e+03
2.072798559596669293e+03
-2.130117057661947911e+03
1.721108201612765470e+03
-1.949967960280510852e+03
1.617206164305473521e+03
-1.562547521278883551e+03
1.326125125778877646e+03
-1.137359563455256875e+03
5.412908365688772392e+02
-8.044147245324060123e+02
3.070345257897927240e+02
-5.904496749636554114e+02
-3.968482339648907242e+01
-1.562731079326709676e+02
3.607223724460121161e+02
-1.717592437749983389e+02
7.118216086288485940e+02
-3.813375264723583769e+02
1.202405944071486374e+03
-6.196487414268819975e+02
1.232191878523783544e+03
-1.276712397516203964e+03
1.856383085656053709e+03
-1.633702795015515676e+03
2.077883654543184093e+03
-1.932842160433806157e+03
1.985432647852811442e+03
-2.181246132827659039e+03
2.080464023556186021e+03
-2.303284761806054576e+03
1.691661045025043450e+03
-2.306904779704065731e+03
1.853511502585257176e+03
-2.028017638734931779e+03
1.510009693314278593e+03
-1.772274444099185985e+03
1.592127017676024252e+03
-1.534869875025713782e+03
1.418750406421179150e+03
-1.389495685112370666e+03
1.612761134105206111e+03
-1.336641914048031367e+03
1.892356745004392678e+03
-1.442396852004399534e+03
1.914518044598343522e+03
-1.964463748492094965e+03
2.260080606651382368e+03
-2.082492429512672516e+03
2.213632175940005254e+03
-2.364978764771731676e+03
1.890069165340933523e+03
-1.924316447170396486e+03
1.642409787873049936e+03
-1.209305634362887531e+03
7.503340796847958245e+02
-3.836023026632395840e+02
-2.552589356921122032e+02
5.554444685376472535e+02
-9.249145375960690671e+02
1.308747954960212155e+03
-1.776832529576465276e+03
1.746240091172811162e+03
-1.968996146600253496e+03
1.942558486398773539e+03
-2.341683392926204306e+03
2.262340305446716684e+03
-2.126916358288741321e+03
2.258905273116199623e+03
-1.963086353425799189e+03
2.174998561662974680e+03
-1.717703472445967918e+03
1.904441036419012789e+03
-2.018071728628836581e+03
1.720304477556786651e+03
-1.963181283186248038e+03
2.110100315124005647e+03
-1.944682107342089012e+03
2.295942321757067020e+03
-2.193345487946126468e+03
2.387487807043490193e+03
-2.453062788272168746e+03
2.629811473669231418e+03
-2.798342404626630469e+03
2.281207567284557172e+03
-2.664792375043768061e+03
2.161889715783206611e+03
-2.060507576609048101e+03
1.510147037227736746e+03
-1.374633059565217764e+03
8.942037896348402910e+02
-5.087597149589637979e+02
-7.870896233174528334e+01
4.140827758067768514e+02
-8.535413135382613063e+02
1.450420499694538194e+03
-1.490060370590927960e+03
2.093784023219755909e+03
-2.340725112461827848e+03
2.587073372437524995e+03
-2.306255757796391208e+03
2.595891654268443745e+03
-2.326842273555954762e+03
2.189908187918902968e+03
-2.300298853704488465e+03
1.746873723870031654e+03
-1.811817326305513234e+03
1.436229331585488808e+03
-1.205312188281573071e+03
1.392967809523436927e+03
-1.423270761293863416e+03
9.840080313858404679e+02
-1.030139267898896151e+03
1.455769430030788953e+03
-1.030791180107712535e+03
1.422344990744878714e+03
-1.011752613678151306e+03
1.258801316102085821e+03
-1.211187183164385715e+03
1.602864216369645646e+03
-1.383101301803113984e+03
1.955091458615908323e+03
-1.879911956222545314e+03
1.852783271604726451e+03
-2.538114072882664459e+03
2.032560139160445942e+03
-2.531759687496484275e+03
2.401222965530216698e+03
-2.539173654826257462e+03
2.549248679657519460e+03
-2.331355324970122183e+03
2.347794573955149190e+03
-2.376406674516276325e+03
1.520337033922189903e+03
-1.822518021154016878e+03
1.178345025133455010e+03
-1.043016020654952399e+03
8.116357291879288596e+02
-3.828133373624305591e+02
1.883295416541749034e+02
4.594402675235182301e+02
-5.669454441269775771e+02
1.163535130004055191e+03
-1.211559403973085637e+03
1.642226627048150704e+03
-1.935125463659943080e+03
1.756382127024857937e+03
-1.824703443352434761e+03
1.675601819055607848e+03
-1.852509306612225373e+03
1.919149648688949583e+03
-1.551840887486510837e+03
1.694170424968156112e+03
-1.451049212986009934e+03
1.275573112236195811e+03
-9.855039358219993346e+02
1.265554088951121457e+03
-9.305583853265439984e+02
7.085894626246692951e+02
-9.316167822401644116e+02
6.370515118943487778e+02
-6.737518597673981731e+02
5.093354424968807734e+02
-2.108199472568147428e+02
2.081647966203829583e+02
-2.360875397395278696e+02
-1.515931505935290602e+02
2.631450565487900235e+02
-3.050125005555074722e+02
3.292790921108690441e+02
-5.248000441982356961e+02
1.052539534872091053e+03
-1.029068626199637038e+03
1.651346283814242042e+03
-1.680857975107251150e+03
2.211083476058048745e+03
-2.586064378736424260e+03
2.700983710310362767e+03
-3.398094823835561783e+03
3.496251579087222126e+03
-4.549601394905542293e+03
4.276561606446611222e+03
-4.762680975059262892e+03
5.116476066567175621e+03
-4.954116611855271913e+03
5.442182401680471230e+03
-5.313713843602663474e+03
5.422615443824333852e+03
-5.545062418919080301e+03
5.559897734044115168e+03
-5.424668196679798712e+03
5.682412539894497968e+03
-5.796266371157059439e+03
5.864169525800267365e+03
-5.541084777541082985e+03
5.965698835692686771e+03
-5.880576187244326320e+03
6.130720129591953992e+03
-5.895702124897415160e+03
6.181229987787847676e+03
-6.060370397668621081e+03
5.630417969022234502e+03
-5.966272849090586533e+03
5.367238808083357071e+03
-5.295383045613395552e+03
4.911766490229840201e+03
-4.648128131479015792e+03
4.002347412684633582e+03
-3.767381220025893072e+03
3.176718362926645568e+03
-2.838468575017483090e+03
2.299661549045918036e+03
-2.279449694499106499e+03
1.364334952091831610e+03
-1.157919421667586903e+03
8.215207133911250139e+02
-5.381630025732996501e+02
2.455526145848097030e+02
3.524608394465213905e+02
-4.826351596481495676e+02
6.488658786713318705e+02
-9.187644683605395812e+02
1.251235689095568659e+03
-1.287135059848211085e+03
1.403854875291500548e+03
-1.718773024008509765e+03
1.871251897007663047e+03
-1.725243912703516116e+03
2.337677586853609682e+03
-2.025527390795080009e+03
2.441338080097892998e+03
-2.489289940527557064e+03
2.821769407701850469e+03
-2.610603449129360342e+03
2.858620576377486032e+03
-2.903526991118822025e+03
2.541071679320704789e+03
-3.050022782798410390e+03
2.932993349660682270e+03
-2.793727039349090319e+03
3.011075903213997208e+03
-2.973886042761235331e+03
3.167412574200715881e+03
-3.394887646541275444e+03
3.284848214698123229e+03
-3.583282360939036153e+03
3.539342463523135848e+03
-4.001694204532927870e+03
3.684752842842082373e+03
-3.904075697246893469e+03
3.866429578651477186e+03
-3.732388161658409899e+03
3.968082348387426464e+03
-3.661015257374518569e+03
3.760499640103047113e+03
-3.489947546620138382e+03
3.833230636011202932e+03
-3.438036226873105534e+03
3.713985336923043178e+03
-3.893323194052214603e+03
3.546749837080208636e+03
-3.773909279931793208e+03
3.778761167722352639e+03
-4.003276790069885919e+03
3.858448961212881386e+03
-3.873335932553329712e+03
3.739520769789489350e+03
-3.684769376782180188e+03
3.388937885749533052e+03
-3.321049185893863978e+03
3.376183128597895575e+03
-3.039826411974217535e+03
2.934946421874669795e+03
-2.364328055022705030e+03
2.483355671922063721e+03
-2.125912427937510529e+03
1.874384298151783923e+03
-1.587433820593826567e+03
1.208643084175268541e+03
-1.193242179283671476e+03
9.036149429061543970e+02
-9.618109083731629880e+02
5.220185259773322741e+02
-9.616702347607219963e+02
5.756567565033311666e+02
-1.099851089755982912e+03
7.262878505456977791e+02
-7.715774375833581189e+02
1.186377396181695303e+03
-9.859014463811475935e+02
8.704266550985535105e+02
-1.209117631885563924e+03
1.243791550375476845e+03
-9.230673924369681345e+02
1.499093429315488947e+03
-1.076829635733754913e+03
1.508460905095576436e+03
-1.232249452607282819e+03
1.341739170264871518e+03
-1.071353258566472277e+03
1.251112549964960635e+03
-1.121095726249211111e+03
1.314906996108837802e+03
-9.721584293802191041e+02
1.026385105467392577e+03
-8.151472330437210303e+02
9.506588336413625484e+02
-9.956919844026298279e+02
9.117845922985184188e+02
-9.818402954817988757e+02
7.244479702694618481e+02
-1.065533309498307062e+03
6.881803737101469096e+02
-1.087764612903451734e+03
6.103029774709849562e+02
-9.660268379763955409e+02
3.933118874029543690e+02
-7.626068740711497185e+02
5.638197594847737264e+02
-3.119944654532058621e+02
5.294308116482866353e+02
-1.404839491043096018e+02
1.073361208834838010e+02
4.782431580497206625e+01
1.403095893111931218e+02
-7.358419358783163489e+01
-1.678798298969648783e+02
-1.188425077557749887e+02
-3.035232854564405969e+01
-9.077382365731513403e+01
3.854040581471218641e+00
-2.217257284080666579e+02
4.705183147564260366e+02
-1.880912355079243525e+02
4.782561368274406277e+02
-4.266588969610275512e+02
7.855837753817544353e+02
-4.832074847706905985e+02
1.049320979554585847e+03
-6.989787123306216472e+02
1.182098987775480964e+03
-8.751491086802205928e+02
1.165958201820398699e+03
-9.711262894507054853e+02
9.398484503327953234e+02
-1.622680602912115091e+03
1.255816766088489203e+03
-1.493420282974095016e+03
1.560797000691294215e+03
-1.766355242575720922e+03
2.089846291373600707e+03
-2.043871488362656692e+03
2.467372545652646750e+03
-2.297802643083759904e+03
2.364345216325624278e+03
-3.130317925414420642e+03
2.698625714811238595e+03
-2.870099410132591856e+03
3.097541129900735541e+03
-3.058118524588615855e+03
2.744787480400853383e+03
-3.093090177540814238e+03
2.727175270648473088e+03
-2.797916625503162322e+03
2.832508878800518687e+03
-2.790470998340068036e+03
2.547444544161910926e+03
-3.012794408778277102e+03
2.458041510935836413e+03
-3.076337959101069373e+03
2.876054390586802128e+03
-2.892970378035542126e+03
2.766747565137575293e+03
-2.848295643319412648e+03
3.010871179784327524e+03
-2.666185169746829160e+03
2.801776619712099091e+03
-2.545646215437042429e+03
2.532990547222239002e+03
-2.106795617281604791e+03
2.529424325854845847e+03
-1.947910544986136301e+03
2.134712351763868810e+03
-1.992960280006744824e+03
2.068676775072995497e+03
-1.910331083738525649e+03
2.080916732108966698e+03
-2.009273529540277650e+03
2.382348886900268099e+03
-2.053951211468345718e+03
2.057778999098900840e+03
-2.377561108695241728e+03
2.170670297571004085e+03
-2.116350913421711084e+03
2.083559505453790280e+03
-2.083882513513970480e+03
1.851453678334258484e+03
-1.723249468167269242e+03
1.762820958775098688e+03
-1.491945527837339796e+03
1.641869382987127892e+03
-1.294938981693175265e+03
1.412263550034135051e+03
-1.185977234536383776e+03
1.082828213662550752e+03
-1.171902470191160774e+03
6.280231614656985357e+02
-8.438988238975157401e+02
1.900159232581468700e+02
-3.403128165764960045e+02
-2.309388463091861752e+02
2.168826384907109457e+02
-7.553341502173894924e+02
7.035634407857236283e+02
-1.011480364523897265e+03
1.330772510392715276e+03
-1.033168265144893439e+03
1.753111422037162356e+03
-1.243382908644558938e+03
1.726354952518111986e+03
-1.404778318515719093e+03
1.750521936554175454e+03
-1.975363228192456063e+03
2.061796892256963929e+03
-2.201467936454643223e+03
2.704823740464300045e+03
-2.635099770319649906e+03
2.448205969360785275e+03
-3.152048264954164551e+03
2.817818724485424354e+03
-3.263605283371026417e+03
2.849808235495175268e+03
-3.262950617329842771e+03
2.806317600994356326e+03
-3.209840227565628084e+03
2.659780561384416615e+03
-2.827892774568696950e+03
2.829534861211145653e+03
-2.645089676549004253e+03
2.550676469070209805e+03
-2.541846415549281119e+03
2.597638510259791929e+03
-2.240134455107627218e+03
2.491047879529665806e+03
-1.936109704528318844e+03
2.416017852347661574e+03
-1.758855194944641653e+03
2.015443821826779413e+03
-1.844311590821743721e+03
1.801921177643149804e+03
-1.843466826230645211e+03
1.926042144389368559e+03
-1.835180920075134736e+03
1.665504796440451855e+03
-2.230879464496303171e+03
2.273662090028088642e+03
-2.428020627634033190e+03
2.550755794429674552e+03
-2.597654243031206079e+03
3.035822005342892680e+03
-2.514205254632704509e+03
2.790704368395142865e+03
-2.677313180715913404e+03
2.411639439780293287e+03
-2.433693912978651042e+03
2.010797292197559500e+03
-2.026899512355938441e+03
1.572119767155877071e+03
-1.559158074251744438e+03
1.493296545247171707e+03
-1.434630964395250885e+03
1.231630967230443503e+03
-1.080495945391639680e+03
1.470496128982569417e+03
-1.462636265457036188e+03
1.382413626133762591e+03
-1.775719391831886696e+03
2.041352136717615394e+03
-2.181999898314771599e+03
2.333691160766323264e+03
-2.653063203979198079e+03
2.444900448280524415e+03
-2.919745179725839080e+03
2.781940383473633574e+03
-3.164461718675425345e+03
2.817315739591397232e+03
-2.913562370554970585e+03
2.978263921938650128e+03
-2.708736545129298065e+03
2.733029273179524807e+03
-2.424960356021321786e+03
2.540185521342937591e+03
-1.952151217630497513e+03
2.313349024629661471e+03
-1.588084182861313593e+03
1.816545111466013395e+03
-1.408815549586009411e+03
1.630470912660382737e+03
-1.418199894415399513e+03
1.181571272977256740e+03
-1.303866694494976628e+03
1.218305230005089697e+03
-1.633061965718197371e+03
1.373088241158392748e+03
-1.683379948990237835e+03
1.769624855265103861e+03
-1.967893503298849282e+03
2.188815185190102966e+03
-2.639716817962064397e+03
2.642586058336678434e+03
-3.198985177548205229e+03
3.392536170357376250e+03
-3.543730697993231388e+03
4.104312919426275585e+03
-4.487834157133932422e+03
4.448080959173210431e+03
-5.258401785495267177e+03
5.591511773578758948e+03
-5.444435980002573160e+03
6.073555819333531872e+03
-6.134208801248149939e+03
6.079482092100957743e+03
-6.185361072190643426e+03
6.435262210174778374e+03
-6.256627946608209641e+03
6.353186687746579082e+03
-6.428047319431661890e+03
6.514286070360173653e+03
-6.136023202147349366e+03
6.400331889461423998e+03
-6.160931839843956368e+03
5.755871526057529991e+03
-5.815663470887127914e+03
5.478503827905714388e+03
-5.294106962490560363e+03
4.912919987335846599e+03
-4.937612770275836738e+03
4.199913352869430128e+03
-4.619586403861227154e+03
3.718257656449951810e+03
-3.856600386330520905e+03
3.610372992118980164e+03
-3.070771198589357937e+03
3.477150039329040283e+03
-2.680638439391054362e+03
3.051919006953241023e+03
-2.515964472339922395e+03
2.495973638570437743e+03
-1.998845644270789762e+03
2.082573591181292159e+03
-2.053674915660221814e+03
1.641330150266996043e+03
-1.880388109803245698e+03
1.450911963885643672e+03
-1.451422987694647418e+03
1.041377264938134886e+03
-1.095461729792168398e+03
1.070705714631407091e+03
-6.178112587254508981e+02
6.374872933699946316e+02
-2.173299814282027285e+02
5.558011644361972969e+01
-1.207116392887761158e+01
-1.460952347426732558e+02
2.554882965100952390e+02
-2.834980875688259516e+02
5.681310236151725803e+02
-4.209904608901374559e+02
4.020424100806962997e+02
-2.935853845268379132e+02
4.498892710228466285e+02
-2.046768083030645471e+02
2.036118217651553834e+02
-2.641920433730173272e+02
-6.030600810432374459e+01
1.519180773899994392e+02
-3.816178641446344244e+01
6.744199228880673047e+01
-2.319899950573504839e+02
-3.551386883769143310e+02
1.982117230697959087e+02
-5.535831809209302037e+02
7.624306458847213435e+02
-1.134376803273951737e+03
1.322342128850452355e+03
-1.701989885689695484e+03
2.109479934313123067e+03
-2.246643345827348639e+03
2.327640934218275106e+03
-2.505908282707674516e+03
2.798530084866348716e+03
-2.695190836321396091e+03
2.696288978810199296e+03
-2.556867659210436614e+03
2.683981050223148941e+03
-2.366005038001193952e+03
2.325713239457582404e+03
-1.952877047720393421e+03
1.242813954318612105e+03
-1.352879995293813636e+03
9.622410746113822597e+02
-2.751516655417921697e+02
2.664350898668255354e+02
5.191812202905181550e+01
-5.320328439356005674e+02
6.025312715657628360e+02
-1.036473452662748969e+03
9.501299085217592619e+02
-1.108911791667030684e+03
1.501561285755350355e+03
-1.427736313687461916e+03
1.670070924923559687e+03
-1.684659011066506082e+03
1.962508443856318081e+03
-1.941661818212294747e+03
2.091274462946528729e+03
-2.585260150668579627e+03
2.580209296722191539e+03
-2.753884257320824418e+03
2.801432760990297083e+03
-3.176656034918626574e+03
3.394338637660702716e+03
-3.665867688407785863e+03
3.220600021999472574e+03
-3.603633647258705423e+03
3.545538908851831366e+03
-3.467543556741360590e+03
3.862839177032231873e+03
-2.926481008418184047e+03
3.499032355691240809e+03
-3.289702056807236659e+03
3.122075907882631327e+03
-2.744287289614257588e+03
2.638512073825140305e+03
-2.466430680876969291e+03
2.037498506166941979e+03
-1.923042407860130652e+03
1.592262417392987345e+03
-1.558370512091853925e+03
8.481690083917629863e+02
-1.130387207393292556e+03
4.699798704459447549e+02
-5.808950036517973103e+02
4.374079795226426768e+02
-3.309482597557398265e+01
2.515039737699621583e+02
5.933155410986303195e+02
-2.970172256796377042e+02
3.837258680944744356e+02
-1.152690156345827290e+03
1.105611198167951443e+03
-1.334176118779568469e+03
1.903831862797922895e+03
-1.467985875853391008e+03
2.450507486283398066e+03
-2.007883739919469008e+03
2.449159909470538878e+03
-2.656465601399461320e+03
2.603994030391742399e+03
-2.751914068878732905e+03
2.782770479147873175e+03
-2.976147411913698761e+03
2.551836637841634456e+03
-2.590211875845013310e+03
2.370910158672691068e+03
-2.335562006899227526e+03
1.640708669311332415e+03
-1.898625864292875121e+03
1.311225779273665694e+03
-1.143684159577889886e+03
6.351531138560529826e+02
-6.732174782625214675e+02
4.396754237402101353e+02
4.398082464715884754e+01
1.855988150558683571e+02
2.023567364708636376e+02
-1.116503979276107685e+02
1.165920577502612616e+02
-3.983830860414341828e+02
3.453600733578342101e+02
-5.285260939486400957e+02
8.371113059039531663e+02
-1.073063672527115614e+03
9.022323783471249499e+02
-1.136639431936729125e+03
1.197001163932392956e+03
-1.460410664781965352e+03
1.359699490887219781e+03
-1.617075103298549266e+03
1.664174623745197096e+03
-1.545506908046648505e+03
1.838454339858999901e+03
-1.986083337631130917e+03
2.197661859753665794e+03
-2.301297173893855870e+03
2.491589483848639247e+03
-2.496605862707646338e+03
3.199226238407968140e+03
-2.638728604212484697e+03
2.903379296181070004e+03
-3.174440965080154456e+03
2.679775018967884989e+03
-2.996211080044287428e+03
3.159603487061756368e+03
-2.641846242107802937e+03
2.702559836887340225e+03
-2.529152281720982955e+03
2.645913457766513147e+03
-2.372695458373721522e+03
2.016756189151495391e+03
-2.213703173578838232e+03
1.805586326931469102e+03
-1.989308563533936422e+03
1.352864837991164450e+03
-1.452646739997946952e+03
1.210895479984666281e+03
-7.177221444348440400e+02
9.386400524106848025e+02
-5.245335102348116152e+02
3.214481460058070752e+02
-2.337196621905962957e+02
1.204086016331998650e+02
3.805599328233896586e+02
-3.685900751883963267e+02
5.142713877328505987e+02
-6.178478509973575683e+02
8.097743470005144673e+02
-1.304615962011224156e+03
1.367976885276465964e+03
-1.646435208913657334e+03
1.938864740100889776e+03
-2.168046935243073221e+03
2.512147985350270119e+03
-2.727156254978984180e+03
2.993857510019213805e+03
-3.017751320138936080e+03
3.500919490183465768e+03
-3.456278948429478078e+03
3.591589763342380593e+03
-3.635476292310594999e+03
3.851746559062346932e+03
-3.727011954976750530e+03
3.807121850285849177e+03
-4.011151002831114965e+03
3.595249080259045058e+03
-4.019355825095052751e+03
3.640969196760324394e+03
-3.803722130714209015e+03
3.513795741602850285e+03
-3.631575964746601585e+03
3.413793399079122082e+03
-3.449897001116268257e+03
3.240701866862744737e+03
-3.304718458033949446e+03
3.172820581555056378e+03
-2.937515281525438240e+03
2.664770468666289162e+03
-2.277680431529869111e+03
2.163888765956099633e+03
-1.784206652818320208e+03
1.816154977554582274e+03
-1.155732812629918953e+03
9.829897803792331388e+02
-5.114300114506710884e+02
3.142147291601839356e+02
-1.751197309980656200e+02
-3.889004530077917110e+01
7.476923203848141384e+02
-4.252541960993116277e+02
7.834460763321644663e+02
-1.140002329423330593e+03
1.237665031571179043e+03
-1.408899847493578591e+03
1.394703342248625631e+03
-1.545299821277240653e+03
1.674607470674719934e+03
-1.430588937091954676e+03
1.599220962483818084e+03
-1.739720589941270646e+03
1.587431791412510847e+03
-1.917392450799784456e+03
1.313185807070261717e+03
-1.963112966703382654e+03
1.366137121357870910e+03
-1.651239539962926983e+03
1.558978342153151289e+03
-1.313961022582080659e+03
1.175345661450888883e+03
-1.185412931572342359e+03
9.105855107207192987e+02
-8.020751196293202838e+02
8.089036602622463761e+02
-4.836424895403224582e+02
1.002543266558998084e+03
-5.767986986722714846e+02
6.352361598677337042e+02
-8.984914985641825069e+02
1.143851321575784368e+03
-8.764849104326683573e+02
1.480302713074620215e+03
-1.032235433675477225e+03
1.683412497350368994e+03
-1.353994348287761113e+03
1.861086445744915181e+03
-1.726759565276845706e+03
1.838169131384423281e+03
-2.069493218729277942e+03
1.746621783517117819e+03
-2.255777594680312177e+03
1.843498991128836224e+03
-2.092544713706596667e+03
1.757110980320629096e+03
-2.014152591582698506e+03
1.531763789455843380e+03
-1.650432482013268327e+03
1.639517711523927801e+03
-1.532497324098990021e+03
1.533518561317367812e+03
-1.465848270174358504e+03
1.553625973464083927e+03
-8.243036245654549248e+02
1.233150348083976496e+03
-1.056180455752676380e+03
8.417832537446610104e+02
-8.645297209748891873e+02
6.724981513803800226e+02
-9.084002765233052514e+02
1.202674462096734516e+02
-1.066391730934823727e+03
-6.421099377657403906e+00
-3.253454422342259136e+02
2.442479292206127894e+01
3.435595336813311178e+02
-7.599505392512583057e+02
8.533942319497199378e+02
-1.259136333873896319e+03
2.058827867327803688e+03
-2.175385116991050381e+03
2.753699398916877726e+03
-2.849988854923667986e+03
3.604101351476195305e+03
-3.526488682765092562e+03
4.105446009960403899e+03
-3.715486234250761754e+03
4.398992803809531324e+03
-3.931376348639102162e+03
3.991087267010546384e+03
-3.914277264095157989e+03
3.804569684186452378e+03
-3.632354583506980362e+03
3.552805178175378842e+03
-3.121056476587292764e+03
3.000497090754670353e+03
-2.804917029383328554e+03
2.261938629398121975e+03
-2.583288573681486469e+03
1.869391279938987054e+03
-2.377998269211133902e+03
1.710181031144788449e+03
-1.875901230756955101e+03
1.612712142586610980e+03
-1.823057761907154372e+03
1.710206117321522242e+03
-1.260090302977239617e+03
1.623417491083283494e+03
-1.168172075163183536e+03
1.063843776922852612e+03
-8.452621246051630806e+02
7.972419447058616697e+02
-2.591720436073023848e+02
4.551016884314139475e+02
1.179657326888330431e+02
-1.740291458343146758e+02
3.972098781693220531e+02
-8.071947594143688320e+02
1.023690580845750560e+03
-1.241577319545664068e+03
1.495772288540620366e+03
-2.030922419200565628e+03
2.072070213553649410e+03
-2.179901465824075785e+03
2.364179040687361976e+03
-2.765837776198430220e+03
2.329336516561482313e+03
-2.814521650628229054e+03
2.768234476925208128e+03
-2.650595974222804671e+03
2.894302976154041971e+03
-2.865422161595132366e+03
3.101414275979731428e+03
-3.111245230101061225e+03
3.210034503097926518e+03
-3.084408506656715417e+03
3.442684847855857242e+03
-3.206834808671297196e+03
3.402292976524082860e+03
-3.286629092715373645e+03
3.261399117224203565e+03
-3.091421628910383788e+03
3.455360574723876198e+03
-2.976056419668826948e+03
2.963201057606773702e+03
-2.698843420212505407e+03
2.450124992637498053e+03
-2.613250436606238054e+03
2.176316281623533087e+03
-2.382951817496958029e+03
2.198461423280866711e+03
-2.163525409370624857e+03
1.764245376085950056e+03
-2.211325951382848416e+03
1.399870494951124101e+03
-1.748281738529008635e+03
1.305242210856823704e+03
-1.311092168907127871e+03
1.036644529337650511e+03
-9.048527987387533358e+02
7.272797707908683833e+02
-1.830877503040898802e+01
5.058767120012377063e+02
3.150730324910574609e+02
-2.061355047911851273e+02
4.764266792526149743e+02
-8.842170408730788722e+02
9.860127799859594688e+02
-1.556250892432780347e+03
1.352879589489518366e+03
-1.713890186369280855e+03
2.033799554356787439e+03
-2.011655759504959633e+03
2.317841480398363728e+03
-2.592429790850494101e+03
2.428126205446539188e+03
-2.807580400928000927e+03
2.973415847489145563e+03
-3.094161340322903925e+03
3.621375005894346486e+03
-3.233179576284854193e+03
4.023056180922303611e+03
-3.961585772629645362e+03
4.502727402156101562e+03
-4.490350985764027428e+03
4.761314440724058841e+03
-5.107080958510896380e+03
5.203547921981768923e+03
-5.467768070641332088e+03
5.323523110944071959e+03
-5.162989630565854895e+03
5.567579651374202513e+03
-5.458301880070144762e+03
4.907563920139019501e+03
-5.012565628394838313e+03
4.697740735208299157e+03
-4.352908576981631995e+03
4.053817643509135905e+03
-3.780684661357950517e+03
3.334493230556992330e+03
-3.134370829393116765e+03
2.825376373367467750e+03
-2.284915991621237026e+03
2.078920855098068387e+03
-1.666070959273419476e+03
1.271036256388914808e+03
-1.277646540713700688e+03
8.702682753695893325e+02
-1.003791400496672964e+03
3.268975881864599273e+02
-4.800381083572086709e+02
5.555256540533245690e+00
-8.897969020318848266e+01
-2.711496213116491845e+02
6.993841658436210764e+02
-3.472143021618340413e+02
8.097729102719047205e+02
-1.165166814534348532e+03
9.660695200245763772e+02
-1.434250972670760348e+03
1.445158190234410313e+03
-1.153510707974975276e+03
1.672534773200204654e+03
-1.558335643604055804e+03
1.716162918480159988e+03
-1.631028332257337297e+03
1.572920257825817316e+03
-1.560940691696795284e+03
1.543719489516911381e+03
-1.579627575315188096e+03
1.407669642553861650e+03
-1.042978322176496704e+03
1.606440639411411894e+03
-9.665057044436936167e+02
1.202890660540159615e+03
-1.009772517941524029e+03
8.410535086680631593e+02
-6.930372105985613871e+02
2.602054325764775626e+02
-5.161522129338962941e+02
-7.955339485706224290e-01
8.859176356899746452e+01
-2.745431522142877725e+02
-1.175122711319241944e+02
-3.092529833016095608e+02
2.011510225745347498e+02
8.180713609935533270e+01
-1.775023420648026615e+02
1.627522003630775487e+02
-7.050062707746274100e+02
7.566582261656249102e+02
-7.947092615338765427e+02
1.252451646700216315e+03
-1.242658641851912762e+03
1.333212291430110099e+03
-1.506750769029032654e+03
1.711310763594571199e+03
-1.568537641900647486e+03
1.996875484602607685e+03
-1.775735772471563223e+03
1.796310976827418244e+03
-1.729908688566494448e+03
1.602164133587177275e+03
-1.591740388787759912e+03
1.161200388811683524e+03
-1.030941132172834159e+03
1.044110811861188495e+03
-7.617828811876465807e+02
5.890507742100470523e+02
-2.492355229271589963e+02
2.893142470361295864e+02
-3.263563496402204009e+02
-8.680472871869859830e+01
-4.760496771234193716e+02
-9.231581927078291017e+01
-9.270709515779049781e+00
2.103077658119920841e+02
-1.067135923183325019e+02
3.848036751050483417e+02
-5.750776537786446596e+01
3.089121029123807034e+02
-1.461044157237949150e+02
-7.817551043975914382e+00
1.416188670885971703e+02
-2.393734608658601992e+00
2.742793082521986889e+02
-4.512705842238324863e+02
5.129950378187533033e+02
-4.230864156111989587e+02
7.783089274082328757e+02
-5.617845585821734176e+02
7.162799006824653816e+02
-6.666855249431483799e+02
3.414200638154130729e+02
-4.525535574674021291e+02
6.430569533922984249e+01
1.094133597742587796e+02
-6.729705993491000982e+02
7.176741816033733130e+02
-8.652048691250241745e+02
1.536413961766883176e+03
-1.124236336187879260e+03
1.564341412759849618e+03
-2.014785354409409592e+03
1.833199727863049475e+03
-2.149409246852879278e+03
2.516272918929623302e+03
-2.328386803325973688e+03
2.843439753167818708e+03
-2.927880952981207429e+03
2.932259681131520665e+03
-3.062108103887534526e+03
3.121172387153380896e+03
-3.341512590303781053e+03
3.191692081308598063e+03
-3.323787251097586704e+03
3.144714054573615158e+03
-3.083674563505178867e+03
2.737902842117730415e+03
-2.886059402748914636e+03
2.465691118408320563e+03
-2.190266421958594492e+03
1.697499162146868457e+03
-1.929313758202568124e+03
1.134444321943720524e+03
-1.114623201548576390e+03
6.733810333836879636e+02
-5.025033811985562124e+02
1.890096997087894408e+02
2.748823869287604680e+02
-4.527398163086939462e+02
6.476235450641922853e+02
-1.121917650619271626e+03
1.204274612663762355e+03
-1.592155104891700375e+03
1.891534073338480539e+03
-1.725566215067782650e+03
2.493476877876760682e+03
-2.026343657888323150e+03
2.739917044463764796e+03
-2.561258119071037072e+03
2.752927573517099063e+03
-3.032371822889763735e+03
3.128224621480562746e+03
-3.131025695350926071e+03
3.188067440809247273e+03
-3.176486339766815490e+03
3.197008940888929374e+03
-3.504774832597083787e+03
3.283855665484876226e+03
-3.273192269050702635e+03
3.048150063230038540e+03
-2.860613145760705720e+03
2.806442694479801958e+03
-2.447785920354185237e+03
2.267038763503996051e+03
-1.725658600010551481e+03
1.671488997144118912e+03
-1.189014690946581140e+03
9.689506490166613730e+02
-7.268513789313532243e+02
4.886841995439804123e+02
-1.143727326840033385e+02
-1.394371408149639819e+02
1.282799042339369464e+02
-7.822974933169541600e+02
6.733861702632460720e+02
-1.067126706487551473e+03
1.045378862346573442e+03
-1.535490370743081030e+03
1.500720972967571697e+03
-1.512933086257140985e+03
2.015803773000920501e+03
-1.608810228084619894e+03
2.108255273836227389e+03
-1.980526397248518833e+03
2.359019165029555552e+03
-2.369918132201859407e+03
2.146400664287266864e+03
-2.261276100592219336e+03
2.273763722838787089e+03
-2.549841013387607745e+03
1.966949582684446341e+03
-2.127508876049080754e+03
2.246889500163108096e+03
-1.958205196739718531e+03
1.373853525539096154e+03
-1.346591017614368639e+03
1.258464739142073540e+03
-6.618069977051950445e+02
5.974144142968843880e+02
-1.031137364855014056e+02
-3.347873092141836082e+02
4.076218656025878317e+02
-9.894301974881306023e+02
8.887899730960733677e+02
-1.445105703342951074e+03
1.679425734394277015e+03
-1.500789604514626717e+03
1.814492267345516439e+03
-1.641938078369204050e+03
2.008251512821188498e+03
-1.743290878960603777e+03
1.723223269243509776e+03
-1.648876340487491689e+03
1.484191027518329975e+03
-1.288803330716906885e+03
1.172975205835433371e+03
-1.067760774372279002e+03
7.155131464840114859e+02
-7.605198750347768737e+02
6.435127503822659492e+02
-6.099547573464193420e+02
5.318292304913412636e+02
-4.385513211139411851e+02
5.141573423365789495e+02
-8.537724822437480725e+02
5.793742852944919832e+02
-6.492073018390536845e+02
9.130884643999397667e+02
-6.436096442425903206e+02
4.639445305783672211e+02
-3.648846209345219904e+02
3.747423462032620023e+02
-2.580404064804113204e+02
3.003331355493090982e+01
-2.524565635677309388e+02
-5.131467983042291081e+01
4.869628366225754945e+01
-3.436045133771455795e+01
8.802202284480020467e+01
1.993149810906486152e+01
-1.928813621061983383e+02
3.556326694798550534e+02
-2.132676223921424139e+02
5.347770185656150943e+02
-2.357075260696044268e+02
7.526696334343803301e+02
-5.758445840711993924e+02
5.090433520973653003e+02
-8.988180664381019369e+02
8.539151150385412166e+02
-9.313731470721637606e+02
1.004605404069940391e+03
-1.281750375783577965e+03
1.393004563350665649e+03
-1.609834331165458707e+03
1.829008098651076125e+03
-2.239033356954717419e+03
2.561799329759021930e+03
-2.630501409137607425e+03
3.154386718646750978e+03
-2.952165481681680831e+03
3.084415890134998335e+03
-3.244473901193397523e+03
3.054259413012727691e+03
-2.956205885031208254e+03
2.863820259209021060e+03
-2.463980154874056552e+03
2.280627956247799830e+03
-2.327442391054242307e+03
1.989093586583788465e+03
-1.700469408848354078e+03
1.303579937441011680e+03
-1.615120701959357120e+03
1.146177772535751501e+03
-1.319039946438606421e+03
8.406351961727583557e+02
-5.303112490567086752e+02
6.233683055129110926e+02
-4.375323405449657344e+02
4.006164614118540044e+02
9.094898182241695395e+01
1.411328779969437903e+02
-1.123093449380223490e+02
-2.982587388550508223e+01
1.529595257523310750e+02
-1.148023702764225362e+02
3.014355075398796089e+02
5.055753914401834237e+01
2.369436655590993439e+02
-4.059961793125228837e+02
6.810544165655353481e+02
-5.259250099707649042e+02
4.852566487607634258e+02
-9.643822602293031423e+02
6.706162911752954869e+02
-1.233873001150154096e+03
1.330906209199371915e+03
-1.626571504477116605e+03
1.662369107870737480e+03
-2.165940566130153002e+03
2.244678059631678025e+03
-2.502204893792089933e+03
2.702657463422362071e+03
-2.911904152151701965e+03
3.294984418529293180e+03
-3.224433837085062805e+03
3.180480042832197796e+03
-3.784101247505057017e+03
3.580462895809311703e+03
-3.418492639803083875e+03
3.785455809684168798e+03
-3.470153043470532339e+03
3.489983309209874278e+03
-3.322878156428944294e+03
3.275833241738569086e+03
-3.055422068054429019e+03
2.840705165649891114e+03
-2.642758509972140473e+03
2.697025143645056687e+03
-2.300550488463838064e+03
2.438906820222218812e+03
-2.348546581301235619e+03
2.322561108871001124e+03
-2.565488718634444922e+03
2.322940135001031194e+03
-2.695844791060389525e+03
2.835703067856602047e+03
-2.890323181987052976e+03
3.158357975156851353e+03
-3.059149031053776980e+03
3.461060883060945798e+03
-3.148971110440173106e+03
3.485172489846349890e+03
-3.289611882474412141e+03
3.149967313552492215e+03
-3.109480643931919076e+03
2.881728966283112186e+03
-3.352072802643783689e+03
3.213261948329667121e+03
-2.864115101424445129e+03
2.909567796817953877e+03
-2.969734386399224604e+03
2.753860442677342689e+03
-3.072303199918135761e+03
2.680195500857284969e+03
-2.883245639261657288e+03
2.748852436799053521e+03
-3.149158239918972868e+03
2.969777431008974418e+03
-2.952683593114043106e+03
3.268942986387280143e+03
-3.245368750264422033e+03
3.405857603447840575e+03
-3.153384004628369439e+03
3.009867533562762219e+03
-3.162776667147518310e+03
3.245709464111808757e+03
-2.919016872303110631e+03
2.902113753785708923e+03
-2.604744407898812369e+03
2.616237609497533413e+03
-2.640872222217500166e+03
2.331124489063218334e+03
-2.274327794220218038e+03
2.379594690785891999e+03
-1.982640525383700151e+03
1.880986733944405842e+03
-1.650297263205193303e+03
1.684687664245956057e+03
-1.352066152205023627e+03
1.408975882117112860e+03
-9.028998209608600973e+02
6.800229797080939989e+02
-6.129091783129601936e+02
3.064806522922903582e+02
-2.598193776513160742e+02
1.047200228876861132e+02
1.578053138912117959e+02
-3.153741536101798602e+02
2.491335109541483916e+02
-5.115564177176565863e+02
5.473838774131324953e+02
-6.113338461735804685e+02
4.941487688345646347e+02
-4.540597180947209495e+02
2.250954231249619966e+02
-1.551593097063776554e+02
-6.381672622213311286e+01
-9.772906886414452288e+01
-2.810227795099392551e+02
1.316325634675585263e+02
-2.701192150039013313e+02
1.541837066388517030e+02
-3.219782888920786377e+02
3.485390674501135777e+02
-2.671710287733196196e+02
2.257053885517795777e+02
-3.511237899936663780e+02
1.407636158513949454e+02
-2.045801629343007022e+01
6.919637834389411069e+01
-6.938992558816141809e+01
-4.096996351805592695e+01
2.378533215926949254e+02
-4.908264464776610936e+01
2.869770798824395115e+02
4.185868994109175389e+01
1.371732409096518381e+02
7.366778180592629610e+01
6.827929621414941863e+00
4.241397734506527399e+02
-1.526239588900257331e+02
8.391389470568155957e+02
-6.869027914767210632e+02
9.387887376872760115e+02
-1.129929448516211778e+03
1.186095956307658071e+03
-1.479522724682809894e+03
1.151307996429363584e+03
-1.633184826430560406e+03
1.295797366935787295e+03
-1.426464457226159993e+03
1.413816481704970556e+03
-1.292158369954202726e+03
1.403059051500840269e+03
-1.180263999897661961e+03
1.067150272483569779e+03
-9.385592892985318940e+02
9.104437264008508919e+02
-9.456987263301201665e+02
7.122561227619462443e+02
-1.158160436997107354e+03
6.354103265196907842e+02
-6.827456639795468618e+02
6.229726006610393370e+02
-6.117336886595846863e+02
2.792773846541981015e+02
-6.657950467614705303e+02
1.043400554822527369e+02
-3.203809326796472305e+02
5.097022717094650943e+02
-3.666118557855518247e+02
3.043402917523418409e+02
-2.614956745047069653e+00
2.094775302894553306e+02
-6.701484967469065168e+01
1.705152296025747489e+02
2.906277456707027795e+02
-9.254201637656851176e+01
2.726453945528214717e+02
-1.290334382909831845e+02
7.684707018418237112e+02
-4.589632473816335505e+02
6.687389641549876842e+02
-8.433594783333504665e+02
1.093114943328507252e+03
-1.122029425995875499e+03
9.824753055340959236e+02
-1.059736848568427149e+03
1.181451965273330188e+03
-1.039187659907137004e+03
1.357184493768884522e+03
-9.193113419716104318e+02
9.771014312167297931e+02
-1.115867066497808082e+03
3.757724669237636022e+02
-5.772554125661973785e+02
1.438949170309527119e+02
-4.318295195458932056e+01
-6.823348441329753769e+02
5.992164146815814547e+02
-9.232596301596894364e+02
1.032272492891883758e+03
-1.304227303878305293e+03
1.591472294405301454e+03
-1.784380315309444086e+03
1.844374527443144189e+03
-1.745979101887703109e+03
1.902635903620051977e+03
-1.792439912013632920e+03
1.692026788674497993e+03
-1.449696217686895352e+03
1.541333640959966942e+03
-1.547074975818433586e+03
1.237297689009533769e+03
-1.112152840236828297e+03
1.251034527254064187e+03
-9.324774068358967725e+02
1.218759577432761034e+03
-1.026788291258694926e+03
9.563182520698032931e+02
-1.341444670648427973e+03
9.541495606702662826e+02
-1.165553283491873572e+03
1.248687253140398980e+03
-1.164016402639874514e+03
1.262371795490561681e+03
-1.156505697082372080e+03
1.074228236955277907e+03
-8.654658426405626415e+02
9.937571596868785946e+02
-1.221919207417420012e+03
6.446193749187075355e+02
-3.376147076806081486e+02
2.972458115011263544e+02
-1.171451984556610313e+02
-2.822159493681739946e+02
5.669661305087601022e+02
-9.248846097916233475e+02
1.095803966613941839e+03
-1.434289224320763196e+03
1.544231750394726078e+03
-1.553272961287456837e+03
1.806517067685149641e+03
-1.748822676999142004e+03
2.366780278854294011e+03
-1.884853006655480840e+03
2.462856996192170755e+03
-2.284988280614659288e+03
2.394054633502118122e+03
-2.408706926631047281e+03
2.039664778728852980e+03
-2.184171602330808128e+03
1.804930450708294302e+03
-1.976821879656097281e+03
1.665288509953699759e+03
-1.510576329096413474e+03
1.134094585600990513e+03
-1.042149170047285224e+03
5.272554689384851372e+02
-2.024991759274187189e+02
1.850464885175583447e+02
4.415588293001182478e+02
-5.895183657015992367e+02
1.032183679082460458e+03
-1.389295368225263928e+03
1.181098124235075829e+03
-1.751317012398973930e+03
1.976362334794532899e+03
-2.271697456283734482e+03
2.225668798981123018e+03
-2.512893951366786951e+03
2.723635165614527068e+03
-2.627353569482108014e+03
2.814126763657276115e+03
-2.922951503640184455e+03
3.082896458086737766e+03
-2.983409767403129081e+03
2.858929442650412511e+03
-3.181664943961724930e+03
3.004296473127337322e+03
-3.034459890867402919e+03
3.202712521852290593e+03
-3.102925194265238588e+03
3.015988672332919123e+03
-3.042324071337584883e+03
3.066835751719308973e+03
-2.619636184093150860e+03
3.241106749547273466e+03
-2.458637023654602217e+03
2.552454733520859918e+03
-2.441397065658230076e+03
1.982607022143839004e+03
-2.186059765125826743e+03
1.470596407980790445e+03
-1.397577236945810910e+03
6.849656441040265236e+02
-6.638447099311864577e+02
3.812103776378893372e+02
-7.250162925031020222e+01
-3.638151822759991205e+02
3.882569447220280381e+02
-8.752808810275278120e+02
1.252425239042654994e+03
-1.671809200217577200e+03
1.792270040638004730e+03
-2.039552048463422125e+03
2.743222252534737891e+03
-2.480170088206493347e+03
3.072865744320341491e+03
-2.907213366577442685e+03
2.974994877403127248e+03
-3.030807500682172304e+03
2.830725128234149906e+03
-2.735331146565934432e+03
2.316134602106363218e+03
-2.061555632514693116e+03
1.522886558051319298e+03
-1.048751226872403095e+03
7.296054361171962910e+02
-2.178428400215731386e+01
-7.140311588333024417e+01
8.290271494862780628e+02
-1.262014242794379243e+03
1.803986177461325724e+03
-2.006389922800113936e+03
2.782968168229739604e+03
-2.782000927400612454e+03
3.424735672139128383e+03
-3.664206098902729082e+03
3.627447986027066236e+03
-4.540626904147096866e+03
4.314312580702835476e+03
-5.018793699120263227e+03
4.707534950536427459e+03
-5.273157809178912430e+03
5.035263682726621482e+03
-5.536858849984070730e+03
5.662902098133889012e+03
-5.616189065827918967e+03
5.623319081298681340e+03
-5.420678092231133633e+03
5.922543570278828156e+03
-5.603512520424881586e+03
5.533355630702934832e+03
-5.228781625796945264e+03
5.427794592645901503e+03
-5.076229882887303575e+03
5.087109275967322901e+03
-5.225148748215236083e+03
5.050609115108177321e+03
-5.156251104969298467e+03
4.992609247460870392e+03
-5.419527378552941627e+03
5.094548592087864563e+03
-5.074866455877552653e+03
5.462586871226857511e+03
-5.099217608137045318e+03
4.968514310472629404e+03
-4.983651577619889395e+03
4.756960514331461127e+03
-4.375247713452102289e+03
4.509180892121891702e+03
-3.888845669823043863e+03
3.774627636990509473e+03
-3.426692312362473331e+03
3.085041755655889119e+03
-2.876099962942450475e+03
2.928175814964890833e+03
-2.462306629019389675e+03
2.319021487185696515e+03
-2.905583979633223407e+03
2.153561844696283060e+03
-2.567517135612441962e+03
2.469195645500657520e+03
-2.523389901449360423e+03
2.634259815145475841e+03
-2.629447667930828175e+03
2.877915973464263971e+03
-2.659904708801593642e+03
3.158777353414001482e+03
-2.804836582257980353e+03
2.675340995967530944e+03
-3.002295597179254855e+03
2.861542273124871372e+03
-2.797747256668005321e+03
2.855383700668535312e+03
-2.695272145002190427e+03
2.641793753189523159e+03
-3.198509063101029369e+03
2.588072062309458943e+03
-2.868410808214011467e+03
2.858915701476083086e+03
-2.783798218905996691e+03
2.931709403757435666e+03
-2.691075272285411756e+03
3.137733671315033462e+03
-2.637782248553192403e+03
3.410169139323455511e+03
-2.882151353287295478e+03
3.258666206699605482e+03
-3.357207703104147186e+03
3.239236587229351244e+03
-3.432586290596443177e+03
3.217906197071042243e+03
-3.699032549264431054e+03
2.886979006852120619e+03
-3.419153703033686270e+03
3.351950676349457353e+03
-3.563046113089023038e+03
3.437693346236063007e+03
-3.437332407160847652e+03
3.475752700641719002e+03
-3.578859854292290038e+03
3.850059419125672321e+03
-3.472528657304165790e+03
3.849719376299217402e+03
-3.658330458485115741e+03
4.228193454475383987e+03
-3.851869651893860009e+03
3.702630010142125229e+03
-3.820063633944828325e+03
3.657840450399554356e+03
-3.674291856237242428e+03
3.335393075213836710e+03
-3.281260701811593208e+03
2.978171587991692832e+03
-3.058860787423463535e+03
2.645937330416257282e+03
-2.981333546409989140e+03
2.503624884868353092e+03
-2.693665662883923687e+03
2.737446597515151097e+03
-2.886475538354450691e+03
2.865954323492167077e+03
-3.025078624966804000e+03
3.331743132276882534e+03
-3.399235535573026937e+03
3.243876771973970790e+03
-3.316725174281825275e+03
3.511444965798891189e+03
-3.278533801332605435e+03
3.315108356671437377e+03
-3.015655300866434573e+03
3.306502342542909446e+03
-2.471860920524150970e+03
2.948140283231066860e+03
-2.256478425256465925e+03
2.312379223699098020e+03
-2.077084364063244720e+03
1.943079943353951876e+03
-1.751829191943962542e+03
1.347536637677475255e+03
-1.841740626599644656e+03
1.505971691808039168e+03
-1.415921565958522478e+03
1.434117054483630909e+03
-1.690138083865739418e+03
1.236249907710962134e+03
-1.386037852316475664e+03
1.209590930247660935e+03
-1.463954093787190459e+03
1.075688543070981950e+03
-1.108178161772048043e+03
8.237480866834567905e+02
-6.753861174153006459e+02
7.199646806651356883e+02
-2.756770041525069246e+02
1.654364463423960387e+02
1.124507822636855394e+02
2.496220673037277749e+01
8.259304276754269836e+01
-2.265049265247081394e+02
8.285233439435597802e+01
-3.667876279422999346e+02
1.684955604070510162e+02
-2.421320275501014976e+02
2.269524948672136020e+02
2.083383781207083700e+02
6.461973765590775542e+01
2.372904408928809801e+02
-2.240393490079983678e+02
1.760573162385571777e+02
-2.725658942093745054e+02
6.260688461726150535e+02
-1.018983137124320422e+02
3.943298739418231094e+02
-3.226789378728258271e+02
6.600114476555839929e+02
-3.847163471049422014e+02
2.258763913765827169e+02
-3.909268436747513533e+02
6.332477132485457849e-01
6.994855724233093497e+01
-2.284887622278077970e+02
5.031315696678391873e+02
-6.361292898826659439e+02
7.443125587877480029e+02
-1.136504970183441628e+03
1.228949792680546125e+03
-1.271198620918665711e+03
1.528509112226333855e+03
-1.454423622974602722e+03
1.586910362251759352e+03
-1.759497945546504752e+03
1.451390304413149124e+03
-1.528206375324067949e+03
1.547599482595305517e+03
-1.482449570680976876e+03
1.064793975177371067e+03
-1.466763331194172679e+03
8.433430263622193479e+02
-1.157931747152022126e+03
5.958222331116008945e+02
-6.562285566873806602e+02
8.909025205012859487e+02
-6.322376739460871704e+02
3.700181505066742034e+02
-6.601490608856186100e+02
5.578221840372011684e+02
-4.390680367798591419e+02
6.110328502223577516e+02
-4.505819757590784320e+02
8.791080550629997106e+02
-3.202709821367313339e+02
7.339962171417627133e+02
-4.818916549189048624e+02
6.855080183191951164e+02
-5.371421511358101952e+02
5.575961109740632082e+02
-4.475606741147121284e+02
3.033507062592709644e+02
-1.671841853831787432e+02
5.264369271571855791e+01
7.642362880971997008e+00
-7.618551116095624742e+00
4.418857281045029026e+02
-1.534233130772521747e+02
2.502071991112499063e+02
-3.305138029969823492e+02
-6.062664246721060124e+01
-5.003066483796413877e+02
-1.517174237602779385e+02
3.389526608742396085e+00
-2.055504238939376194e+02
6.422097961797999233e+02
-5.785749412133570786e+02
7.279371874484177170e+02
-1.290506726185753905e+03
1.639687817306304623e+03
-1.615868151006220387e+03
2.117030440814801295e+03
-2.041307236827996121e+03
2.367871882602554706e+03
-2.896146706510229706e+03
2.912159391617513847e+03
-3.496893269770595907e+03
3.418001494477039614e+03
-3.971997647701293317e+03
4.405223092338460447e+03
-4.378432492339335113e+03
4.798603953263737822e+03
-5.036073091179560834e+03
4.944192151943310819e+03
-4.904580200520014841e+03
4.780926931061352661e+03
-4.323479274866296691e+03
4.623667892538050182e+03
-3.832396910162125096e+03
3.670503277685195371e+03
-3.518689240471709581e+03
3.159591396039742449e+03
-3.031038761883969073e+03
2.402259579924383615e+03
-2.792686340658392510e+03
2.523180756878083230e+03
-2.542221850519134932e+03
2.317683359985823245e+03
-2.459245243289519749e+03
2.328957679496831133e+03
-2.722615723196220642e+03
2.481121719874316113e+03
-2.445235278530628420e+03
2.848112276669325638e+03
-2.962399670169202182e+03
3.086116320511334834e+03
-3.127351881319715176e+03
3.421608819944926836e+03
-3.304260501675217711e+03
3.609194346181429410e+03
-3.329270445451059459e+03
3.619124927047903839e+03
-3.129280568150993076e+03
3.605627431260541016e+03
-3.209202112570396821e+03
3.386971823118867178e+03
-3.523861955927900908e+03
3.148217188336584968e+03
-3.833190634539786970e+03
3.195851067139401493e+03
-3.659681145283524074e+03
3.705310333377087318e+03
-3.857428375542979666e+03
3.887796137954285769e+03
-3.694515703072282577e+03
3.874146911477814228e+03
-3.809657984644552471e+03
3.720980179239403242e+03
-3.795659171530760887e+03
3.377816273072855438e+03
-3.400303185308465345e+03
3.397251173593856493e+03
-3.024654560069062427e+03
2.922718737056437021e+03
-2.452070590596069906e+03
2.580987203294080246e+03
-2.230938403288053451e+03
2.151174828955139219e+03
-2.263922110754036112e+03
1.723347717340406234e+03
-1.851343561448360106e+03
1.760137046544041141e+03
-1.677067478507480018e+03
1.582991505554774676e+03
-1.399313634621758183e+03
1.038711081252458825e+03
-7.918978711934440753e+02
5.978769570532807620e+02
-5.135838475477425646e+01
-2.236409133996522769e+01
6.855117334707242662e+02
-6.781937313514812331e+02
1.038181817239616066e+03
-1.187195722135019423e+03
1.325855662265377759e+03
-1.271023153610462941e+03
1.121151700736256089e+03
-1.203127294401898098e+03
9.726294026674711404e+02
-1.087247863801883341e+03
7.252839159275638394e+02
-9.294674036116430216e+02
9.300169679106903686e+02
-6.048786046840776862e+02
1.036501848596336004e+03
-7.647621083576199226e+02
1.264161067674195465e+03
-1.012877510392580007e+03
1.154607293196939736e+03
-1.431866121978273441e+03
1.391388364058268280e+03
-1.267759422783378341e+03
1.168905205231976424e+03
-1.442364215641194505e+03
8.947135255381300567e+02
-9.042930436094677589e+02
5.145414985597719806e+02
-2.937228452298459160e+02
1.057368865622043330e+02
1.636340054518448426e+02
-2.879365198930557312e+02
5.373000686095389256e+02
-7.319555465962018843e+02
8.222440571708667676e+02
-7.084176305584082911e+02
8.846351867721614326e+02
-9.780775003991949461e+02
9.517600039684665489e+02
-9.869115590429759095e+02
6.147402780094863601e+02
-1.024923455561463925e+03
4.334500780062562626e+02
-6.236802680038940707e+02
4.020010309628776781e+02
-3.135928762185346841e+02
-1.363695361940843327e+02
1.624564053718875982e+02
1.584033691640328243e+02
1.732960454136599822e+02
-2.818248317813352628e+02
1.694639200284935043e+02
7.105486163566331470e+01
2.503598557130891606e+02
5.778752165140829078e+01
-2.206971216783455532e+02
4.025728588635586789e+02
-3.489591566962389493e+02
6.105707925529969771e+02
-4.954421842062845371e+02
9.050439214785475315e+02
-7.055763807210597633e+02
6.443489868043610613e+02
-5.670603520549542509e+02
1.247749895220359377e+02
1.046540189547129103e+02
-5.255754177717866469e+02
8.248203626603875591e+02
-9.741774144534479092e+02
1.198023787490405994e+03
-1.920198631778574963e+03
2.087611227823032095e+03
-2.652150527481278914e+03
2.582552378421611593e+03
-2.770016091703249458e+03
2.974540422450028018e+03
-2.962387005213236534e+03
2.986402339585485151e+03
-2.489117300056985187e+03
2.504068386999976155e+03
-2.288615074160508811e+03
2.064552295420303835e+03
-1.549300405637017320e+03
1.298840443222705289e+03
-1.281136247254949694e+03
5.958818722798985164e+02
-2.019544359276251555e+02
4.963020087121782922e+02
-2.047051689749817438e+00
1.765212036048529001e+02
-2.225539371383454750e+02
1.700367140023994068e+02
-1.961984601713876089e+02
3.334628349491894141e+02
-6.030062958753300109e+02
6.313281991311890806e+02
-9.794627936638569281e+02
1.155507805424630988e+03
-1.273605772968470774e+03
1.031199520800673781e+03
-1.547621668692773483e+03
1.054074762037335404e+03
-1.325759587294397761e+03
9.601524444973213122e+02
-9.268703720417180421e+02
5.119991291394669020e+02
-3.773054911379888381e+02
5.819570115438302764e+02
2.430286344015431155e+01
8.123353780578034389e+01
3.792789396849829018e+02
-5.374920258900258574e+01
4.152403073834464067e+02
-3.588062648166853137e+02
5.441212500014420357e+02
-4.028762665315089748e+02
7.558660443594916387e+02
-8.807242218477471170e+02
5.846895695049204278e+02
-5.254265899598104852e+02
7.380344435795374238e+02
-7.995422251501705659e+02
8.562896725133776954e+02
-7.485252016830926323e+02
6.605821202984338925e+02
-1.196356523824035776e+03
8.918244815888441508e+02
-1.272095141376394395e+03
9.188689864483292240e+02
-1.006673789244088880e+03
1.044376467685085800e+03
-1.161049514473666250e+03
1.409915205714146396e+03
-1.263485563173501077e+03
1.272820103868222532e+03
-1.437073815322011114e+03
1.252219680796239118e+03
-1.412846957167024584e+03
1.353806619979780407e+03
-1.268635210904069481e+03
1.315448287740280421e+03
-8.353751674245054346e+02
9.772335430954736921e+02
-9.638404609478970997e+02
5.205727580710865823e+02
-5.779321670182115440e+02
5.869330699433836571e+02
-1.951766573509887337e+02
4.532255643123266964e+02
9.551786287133957387e+01
5.172281706573178326e+02
-3.931682837408208684e+02
4.629420670118506109e+02
-5.702269343443874732e+02
5.067329835808844791e+02
-1.026733390080823710e+03
8.068630271757516539e+02
-1.332115531095704000e+03
1.049158285655914597e+03
-1.233355337025498329e+03
1.051583412634581009e+03
-1.056272993927010475e+03
1.148670284394529517e+03
-9.136266623538487011e+02
1.361030955002676365e+03
-1.061926580828348506e+03
1.463941901501447546e+03
-1.049531567710168247e+03
1.278994165259001875e+03
-1.412681201924327752e+03
1.514107429641914905e+03
-1.480629344872838601e+03
1.852957514083022716e+03
-2.106644991786779883e+03
1.941059662090782012e+03
-2.498944451014656352e+03
2.547299652688381684e+03
-2.631082750992175079e+03
2.892986536125468774e+03
-2.868496953265329921e+03
2.773233069307052574e+03
-3.112586771835422496e+03
2.930656583468046847e+03
-3.071814909810848349e+03
2.853781205043862883e+03
-2.943939539399426849e+03
2.682343092892754612e+03
-2.985703740207222836e+03
2.526159453664900866e+03
-2.658366735705976680e+03
2.681593645450175245e+03
-2.144362445387928346e+03
2.369151376795417946e+03
-1.704891875070372862e+03
1.983092410158185203e+03
-1.394362473402885371e+03
1.655516127417572761e+03
-1.246717162825372952e+03
1.251572741207705121e+03
-1.159862338774412137e+03
9.703068734753758235e+02
-1.259018362267531302e+03
6.948619333917343965e+02
-9.525920221829314869e+02
8.587807944933025510e+02
-1.184159073738783263e+03
6.832745768118168144e+02
-1.150622873907366966e+03
1.030486139231228890e+03
-1.210724661742077160e+03
1.467187766099151986e+03
-1.545631375708741871e+03
1.683444878657905292e+03
-1.826172950915032061e+03
1.931425262856589143e+03
-2.297099205484790218e+03
1.935292436405562967e+03
-2.198385820866680660e+03
2.224668896193792534e+03
-2.201663748635151933e+03
2.331832067438492686e+03
-1.777137860300774946e+03
1.768456135537974887e+03
-1.480850644662843933e+03
1.840664986888227077e+03
-1.125181455533986536e+03
1.711760392331103048e+03
-1.281976364400137982e+03
1.453041468777691080e+03
-1.528910090016687036e+03
1.430993566358422186e+03
-1.652748500389509672e+03
1.622912345653319335e+03
-1.874544958271160567e+03
1.729505150639271278e+03
-1.794998602144181405e+03
1.926457862711347161e+03
-1.957362004147193375e+03
1.710675564049351124e+03
-1.845376161222443670e+03
1.794872910884600742e+03
-1.941627638151951942e+03
1.641069034412477095e+03
-1.558879949437965706e+03
1.573375064704142233e+03
-9.741217127054806042e+02
8.813247868114789298e+02
-1.012365378913424820e+03
2.306560999120937936e+02
-4.288881243894346653e+02
-9.561391128486323510e+01
2.126180757968944235e+01
-3.186036540016241929e+02
7.280446948535907268e+02
-8.510125926571453192e+02
1.067300735100204065e+03
-1.025320386042992141e+03
9.742518017895525873e+02
-8.012085658316069612e+02
7.026754829034351815e+02
-4.275744772955509347e+02
1.775752088626986165e+02
2.540562692680231578e+02
-5.034048911239786150e+01
9.032497031757370678e+02
-5.668191976773622400e+02
1.280181468304596365e+03
-9.643357495517556117e+02
1.245493191397729106e+03
-1.485720617383089575e+03
1.198805066704690944e+03
-1.727938486815960687e+03
1.396257267235462905e+03
-1.703930042892338861e+03
1.376674403804088570e+03
-1.468238511964290637e+03
1.334296787827925527e+03
-1.133660831326693142e+03
1.254198527254498686e+03
-1.061431017246556621e+03
1.113109421288691465e+03
-6.326083550187796618e+02
8.661702459464358981e+02
-4.610425638200948129e+02
2.190765492308620992e+02
-1.714172888689360263e+02
-2.536882235755764157e+02
3.028171912464913129e-01
-3.436109124025684878e+02
-1.123813900790039924e+02
-6.989239726145043505e+02
1.876881554538381636e+02
-2.369917287798351140e+02
2.885846547100206863e+02
-2.360433258292457026e+02
5.020668197982360539e+02
-4.243215191993316182e+01
4.206505857319996267e+02
-2.912267348681953649e+02
3.610096670415754829e+02
-3.551713649452351547e+02
4.055798232824609499e+02
-3.454734207538829196e+02
5.273196844588167096e+02
-3.224566293752730530e+02
5.270142946351390947e+02
-5.421569979599904627e+02
3.472553098540834071e+02
-3.183552667115549752e+02
2.106556831130488376e+02
-3.634036273072819085e+02
-1.235039509654067480e+01
1.374512941709363929e+02
1.902093415047030334e-01
1.127984143213418378e+02
-8.743097838327256000e+01
4.286862070456866718e+02
-2.388615403362248912e+02
4.941472066480183685e+02
-3.025278099309885533e+02
5.301504507808529070e+02
-5.360026674849061692e+02
4.036707858954524113e+02
-7.824352684217193428e+02
8.126343371402574576e+02
-9.022527480734872825e+02
1.177076470718614246e+03
-1.231699534508922852e+03
1.495901579754725844e+03
-1.918805209710033978e+03
1.672800712702927513e+03
-2.173471454319549139e+03
2.036270066229450322e+03
-2.479221131854825671e+03
2.111652104856741062e+03
-2.353416184522812728e+03
2.132533133162016384e+03
-1.970278165033880214e+03
1.827025383060120021e+03
-1.748179784369745676e+03
1.641497892315379431e+03
-1.585955923047667284e+03
1.539262351680659322e+03
-9.955533741526570566e+02
1.364032845550949105e+03
-1.135094634550553792e+03
1.132147786261742340e+03
-8.848788764354978866e+02
8.556573216832948674e+02
-7.458168370972100547e+02
6.081050262766859760e+02
-5.386868557904732597e+02
6.407856388522732232e+02
-1.224462286863244316e+02
2.072063899034586143e+02
2.207315307784662082e+02
-3.323301417966480642e+01
2.686639782365644464e+02
-4.859324271248483456e+02
6.955998237324654383e+02
-1.053059237447112992e+03
8.821572114039225880e+02
-1.340959044449894236e+03
1.278249208012052804e+03
-1.845188284934379681e+03
1.439388579694678810e+03
-2.127782005673828280e+03
1.897107051409303267e+03
-2.456216185521386706e+03
2.191985807601769466e+03
-2.283243940492502134e+03
2.361224062176517236e+03
-2.131876809104190215e+03
2.476769360580702596e+03
-1.940261069531848307e+03
2.453891778037690528e+03
-1.728893372288639966e+03
1.755433069798657698e+03
-1.913105768145725960e+03
1.464770294812134580e+03
-1.634697091091949915e+03
1.563256119775835032e+03
-1.401189040969557709e+03
1.288176742388350931e+03
-1.382007716977637983e+03
1.264897523917846229e+03
-1.281622981115678840e+03
1.444109508971385821e+03
-1.282488256037446263e+03
1.480381488447438642e+03
-1.448984724668392346e+03
1.585196244035673772e+03
-1.576108813234004629e+03
1.799019324422744603e+03
-1.303575795722144449e+03
2.064238434610154400e+03
-1.390529363115563456e+03
1.431235684337224939e+03
-1.290281681094798842e+03
1.224623295750844136e+03
-1.647289396055830821e+03
1.101179696632437754e+03
-1.268450583033905104e+03
9.068430594654378183e+02
-7.804975671569375208e+02
8.636279288859512917e+02
-6.051245560208986944e+02
4.181701450288192632e+02
-4.971798686467006405e+02
-2.215479666318111072e+02
-9.898828472702801662e+01
-3.790193367445793342e+02
6.244767155400664933e+02
-5.886359938233526918e+02
1.187636883728128623e+03
-1.243222074350276444e+03
1.433117338865549073e+03
-1.595581336188878595e+03
1.805396593532166207e+03
-1.868650062372151979e+03
1.770580281657344585e+03
-1.913950119736970237e+03
1.795814580601238049e+03
-2.139693761392621582e+03
1.978307588441389498e+03
-1.995501092018332201e+03
2.182403683158366221e+03
-2.244464354716543312e+03
2.314739388335479816e+03
-2.375564496441616484e+03
2.413207193309284321e+03
-2.536673435450190027e+03
2.161167884713360309e+03
-2.091632541065170699e+03
2.431633828483204070e+03
-2.176523476035638396e+03
2.066319649628135267e+03
-1.787862057647279698e+03
1.780253462981814209e+03
-1.521736459567906422e+03
9.212643710369612791e+02
-8.248598446024996065e+02
6.580091828777990486e+02
-4.001979319682910159e+02
3.433833356972527895e+02
-1.076451683448170371e+02
-2.750263341663221581e+02
6.996430405687895870e+01
-2.862055116567623259e+02
7.144780776155436115e+02
-7.147551793515783629e+02
5.757131296194734205e+02
-9.555709597813602159e+02
1.198451796625912948e+03
-1.114717717089514053e+03
1.294363509346542287e+03
-1.252151239773939324e+03
1.587798384401718977e+03
-1.603661073197529277e+03
1.712324578190613920e+03
-1.792356237521277535e+03
1.821888707802138470e+03
-2.017926607977699632e+03
2.183596951183641067e+03
-1.878301667007840933e+03
2.080309572500097602e+03
-1.952229748048937154e+03
2.224523056636058300e+03
-2.131898403776501709e+03
2.405352490023833070e+03
-2.450325934998923913e+03
2.480990847948085047e+03
-2.626465808948033555e+03
2.660146386420043200e+03
-2.803394222629990509e+03
2.809700233188497805e+03
-2.960786794700557039e+03
2.827102850110078634e+03
-2.882953886238366067e+03
3.124453763516846266e+03
-2.849808101332204387e+03
2.621403440573985336e+03
-2.813287928668633413e+03
2.126104079426602311e+03
-2.325460867909575882e+03
2.037024438270683504e+03
-1.842666516516237380e+03
1.833510471559607367e+03
-1.450811379628874420e+03
1.517335446266524514e+03
-1.233496785032364642e+03
6.484441491910936293e+02
-1.229695775580099507e+03
7.349989508472921216e+02
-7.442139636441130506e+02
6.390624118360511829e+02
-3.949185102885362539e+02
5.042785590567704617e+02
-1.903775533332559746e+02
4.991526963282150291e+02
4.226829132913205456e+01
4.302386111063180607e+01
-4.358170849139199277e+01
-4.810432917286635188e+02
1.717961960526042375e+01
-2.592006236321426513e+02
4.877646502087387148e+02
-1.635192326681841735e+02
6.025688900190149297e+02
-3.602179502957188788e+02
4.367195709389181957e+02
-2.214095577916916113e+02
2.213280722628066499e+01
-4.214924590175645562e+02
1.756368561727901181e+02
-9.015623471186769677e+01
2.915315087662309566e+02
-2.249425296248609527e+02
3.013427960359193776e+02
-3.948006903805949719e+02
2.249092710822420997e+02
-3.099199553733683956e+02
5.327173756535137983e+01
-2.036262930663004340e+02
-3.148658072497111107e+02
4.815460116550264047e+02
-4.812806503913939764e+02
8.519384638019090517e+02
-1.229286748487294290e+03
1.571317873927425580e+03
-1.807360673440523669e+03
2.477327984607826693e+03
-2.320724436111979685e+03
3.024156391146325404e+03
-2.880114072227698671e+03
3.160962531165886503e+03
-3.790647865784618716e+03
4.014532393147683251e+03
-4.530619284224463627e+03
4.327932643768130220e+03
-4.926477289547463442e+03
4.826897719184819834e+03
-5.255247131242199430e+03
5.267634079131960789e+03
-4.992137631418884666e+03
5.095831021731484725e+03
-4.364227169782385317e+03
4.606222025927585491e+03
-4.283900568442846634e+03
3.712497432455149465e+03
-3.496579333737385241e+03
3.157337792067000464e+03
-2.603449238839021291e+03
2.505107243357987500e+03
-1.794016008523484970e+03
1.631289941779348283e+03
-1.486430307635931058e+03
7.883900929888618521e+02
-7.863961527750624327e+02
9.023588191542494030e+01
-1.253808342209942026e+02
-5.141384722879879519e+02
7.355270380862918955e+02
-1.022455565909112124e+03
1.637728765422882589e+03
-1.685020675441709272e+03
2.301950510092804961e+03
-2.272029144671389531e+03
2.815377629932209402e+03
-2.922002421056375624e+03
3.515263585763621450e+03
-3.496647657924989289e+03
3.667086016993042904e+03
-3.688288250940396210e+03
3.883750707685744601e+03
-3.762245525272490340e+03
3.851326014605845558e+03
-3.523844256375798068e+03
3.319948897513881093e+03
-3.657587285021573280e+03
3.343402068580472132e+03
-3.415411007043111567e+03
2.940176927685957708e+03
-2.974952219033615620e+03
2.924070268305435093e+03
-3.062711143254916806e+03
2.643971146121484253e+03
-2.683773731944429073e+03
2.279607371986447561e+03
-2.275653545034165290e+03
1.974824700923997625e+03
-1.475557568533727135e+03
1.218289708368953598e+03
-9.692937729862924243e+02
9.120745971135916079e+02
-3.145776790350587362e+02
-1.322164047292383486e+02
1.777782607393966430e+01
-5.183224952730734003e+02
5.976505550959449238e+02
-1.017937082260586294e+03
1.260864559506560227e+03
-1.076113072842024621e+03
1.444619694188399308e+03
-1.751172049049803036e+03
1.816418179122879792e+03
-2.081702558925835547e+03
2.126319027383959110e+03
-2.381081025093824337e+03
2.440404217834298379e+03
-2.287164130819327056e+03
2.737160525745885934e+03
-2.770456078829703984e+03
3.177864137113897868e+03
-3.070782519521687391e+03
3.336794202791132648e+03
-3.778952328527173449e+03
3.730861060271048245e+03
-4.569088934349190822e+03
4.221683721279538986e+03
-4.570490212610579874e+03
4.961796712523462702e+03
-4.845806542877229731e+03
5.287383883504375262e+03
-4.649750426532153142e+03
5.122425623695038666e+03
-4.619301389835183727e+03
4.529145930008027790e+03
-4.579253612173762122e+03
3.974948668222499691e+03
-4.119639683917589537e+03
4.072367280576924259e+03
-4.056329100313249455e+03
3.780492937827206333e+03
-3.838611210751545059e+03
3.682691603586510155e+03
-3.745436621244789876e+03
3.761601093706541633e+03
-3.517543655256677994e+03
3.403309121281919488e+03
-3.458409938995131142e+03
2.914672330221967968e+03
-2.796709469498866383e+03
2.674114738784298424e+03
-2.288951229081868860e+03
2.213724155841863649e+03
-1.696417952399034220e+03
1.488887211713029956e+03
-1.081373896829908517e+03
8.515885419288611047e+02
-5.376373422382584977e+02
6.429967177670445153e+02
-1.006657676741367595e+02
2.626745625530280677e+02
-4.144448099807087615e+00
4.677035289209085533e+01
2.340819878745606530e+01
1.013217882130393406e+02
6.634247730871544491e+01
-1.977001967607041877e+02
-1.907783294687464206e+02
5.545476530336483023e+01
4.620108419403251219e+02
-3.152769745524886957e+02
2.368945406916799072e+02
-5.905214825622276749e+02
4.001709582591570324e+02
-8.956313319159586399e+02
7.249952065811471584e+02
-8.470606937698549928e+02
9.238376861887055611e+02
-1.118080496422743408e+03
1.138252564856291201e+03
-1.314325833171747718e+03
1.492288565474589404e+03
-1.443217908246746674e+03
1.466664036814476276e+03
-1.497972472702008190e+03
1.382066536086092583e+03
-1.327224295461780684e+03
1.748675790919188330e+03
-1.482795040720140832e+03
1.453616707034519777e+03
-1.550881956723163057e+03
1.015041852919089251e+03
-1.271478984227490400e+03
7.273298717478542130e+02
-9.454822433311013583e+02
4.767893345557051816e+02
-7.092226567209174846e+02
4.641518196216682099e+02
-5.320488584410709336e+02
8.792445253520819506e+02
-1.015572117707387633e+03
1.273013002285087396e+03
-1.312007979565594724e+03
1.964499122535092511e+03
-1.848868403628201577e+03
2.268879549497786684e+03
-2.391140613678201134e+03
2.555529841912543816e+03
-2.436987865396508369e+03
2.770187190688462579e+03
-2.244018370084823346e+03
2.494829741267349618e+03
-1.878920151345663726e+03
1.804299283158378330e+03
-1.591366644995968500e+03
1.152566786936264180e+03
-1.336108870642919783e+03
7.907532205233297873e+02
-9.110555103450739125e+02
9.479834608903079243e+02
-8.580241239678557577e+02
7.772063488632915096e+02
-1.119260737435305373e+03
8.266756201645598594e+02
-1.204254846914897371e+03
1.189672812421859589e+03
-1.336186313171222082e+03
1.103373094150605539e+03
-7.332105185476491442e+02
9.303471954305294958e+02
-2.345242554381989066e+02
1.171937564243663843e+02
3.546580435375658453e+02
-8.008514392453578239e+02
1.104119676440269359e+03
-1.839263438911335015e+03
2.185385659407591447e+03
-2.696586370468359746e+03
3.236787730191382707e+03
-3.443244406469133992e+03
3.864024682643428605e+03
-3.582067447544761308e+03
3.898622848908774813e+03
-3.906253271961249993e+03
3.335776650752735804e+03
-3.540935684881998895e+03
3.283072182627849998e+03
-2.849350230342291070e+03
2.691144086033769781e+03
-2.377429106344185129e+03
1.815580593977071203e+03
-1.879663228356409263e+03
1.408439445211375187e+03
-1.251820096682938583e+03
1.019578804183621628e+03
-7.824918656467632445e+02
6.254897558142914704e+02
-3.184848311149518736e+02
6.644108638480893205e+02
-1.674162818773212109e+02
5.958830581911767155e+01
-1.567150507854432817e+02
1.088061369824581277e+02
-3.489826980714221349e+02
-2.430131837756155377e+01
-3.934889313555317472e+02
4.320016962834745300e+02
-4.231456441707873068e+02
4.502298510126270799e+02
-6.724128161393833807e+02
7.852488944629002390e+02
-3.709130584188143303e+02
5.338205225644229586e+02
-5.871760940061305973e+02
7.888098257713269845e+01
-2.041558458680588330e+02
-7.498034557760635721e+01
2.845626451384418942e+02
-4.395986252308142070e+02
9.705852031321381901e+02
-7.005865003001979403e+02
1.432367009385057827e+03
-1.075702092848011262e+03
1.444584326905797980e+03
-1.288823017814749164e+03
1.294634313308541550e+03
-1.426527524340014452e+03
1.334359863214048801e+03
-8.796307963755468791e+02
8.970326586459018472e+02
-8.591392629080257848e+02
2.458082117860385836e+02
-7.046228950581324852e+02
2.478887969071240960e+01
-3.886721300534476882e+02
-1.112332682329655995e+02
-2.507758836787241705e+02
2.671465827320848234e+02
-2.850093292055559004e+02
9.361591185619408861e+02
-8.397750822962835855e+02
1.242555227011950137e+03
-1.428873233637687690e+03
1.668991566621533593e+03
-2.034308500741484295e+03
2.466899821350990806e+03
-2.529161931760879725e+03
2.693112691620785881e+03
-2.975960217826689131e+03
3.023475278270180752e+03
-3.238044431348016133e+03
3.289283210442905329e+03
-3.284230196772175987e+03
3.552722213618707428e+03
-3.019530577056394577e+03
3.397952485878374773e+03
-3.119640444914149612e+03
2.917659960048652465e+03
-2.716729726346666212e+03
2.453187584926236013e+03
-2.438729158933504095e+03
2.055048236677211662e+03
-1.917977113768222353e+03
1.362348695203349052e+03
-1.513352583747642711e+03
1.039329446040238736e+03
-7.327868314178280116e+02
5.595452509239926258e+02
-5.342714949956912278e+02
3.658062689717805256e+02
-1.385462747476758807e+02
3.384654245473209926e+02
-1.805154266016444069e+02
3.182553700492013036e+02
-1.268204633360891194e+02
2.328792537659404047e+02
-4.945422406448436163e+02
3.369729473949144563e+02
-3.538277917792554490e+02
6.287899925944366260e+02
-5.986919670322196225e+02
5.667201831846847426e+02
-3.749451372023028171e+02
6.299585125554325487e+02
-5.323866231238841920e+02
5.666371116595372541e+02
-7.576986691680031072e+02
7.870267335645941102e+02
-5.872781448984992494e+02
5.995325272355943298e+02
-9.098750857547939859e+02
9.554743191043211255e+02
-1.211966904693968672e+03
1.043834629360751478e+03
-1.546140634491803439e+03
1.206134367529324209e+03
-1.404887178476799818e+03
1.591268489232864113e+03
-1.519253981149385254e+03
2.095441890607812184e+03
-1.773896442530647164e+03
2.140952105286549340e+03
-2.261191254583287900e+03
2.348594675736731006e+03
-2.623926585444538432e+03
2.602769898898520751e+03
-3.043858173108836581e+03
2.668000346579794041e+03
-3.343649282457610298e+03
3.299500931063716052e+03
-3.237653651603375238e+03
3.240195181734858579e+03
-3.354931301531103600e+03
3.355346703831840841e+03
-3.214680595698983780e+03
3.373826381966477129e+03
-3.031692067565687012e+03
3.000427521660254570e+03
-2.621654329641134609e+03
2.528469274216964550e+03
-2.039421325133300343e+03
1.853752318727536476e+03
-1.346178608648079035e+03
1.107560827414372625e+03
-7.684524138766207670e+02
3.946589625170202567e+02
-2.671013695477573435e+01
-4.408769159058019227e+02
3.472860149043640376e+02
-9.361117439412277008e+02
8.693895372599920393e+02
-4.968192665108620645e+02
7.538921551695984817e+02
-7.164147920767147752e+02
3.685305420791801225e+02
-1.975791207513112795e+02
-2.035779926913403131e+02
5.190262542857454946e+02
-8.153075183509431554e+02
1.426451563298314113e+03
-1.611713521137056887e+03
2.009011557544953803e+03
-1.966450030844999674e+03
2.391195955765816507e+03
-2.317485462309023205e+03
2.870134395794291322e+03
-2.985405866730466187e+03
2.930514288253160885e+03
-3.593284497437173741e+03
3.329041240990636197e+03
-3.402699479103338490e+03
3.539366810123256982e+03
-3.602853157612918039e+03
3.681582799723406424e+03
-3.730971976844412438e+03
3.525776151687126458e+03
-3.804318356840813976e+03
3.729562604056581677e+03
-3.312043906610806516e+03
3.434405902052895271e+03
-3.415298373410482327e+03
2.817921122134750931e+03
-3.153363721657556198e+03
2.944656938063753842e+03
-2.612694174812414531e+03
2.411682738610265005e+03
-2.494822272954167147e+03
2.255898693312454725e+03
-2.400801108911618485e+03
2.004137992000750728e+03
-1.805600780883929701e+03
1.768246648688113055e+03
-1.378461804332471957e+03
1.629801663625091578e+03
-1.117715702721803382e+03
1.396662245657098765e+03
-6.610573681502320369e+02
9.218969151774381316e+02
-4.193941069503033532e+02
5.254818007182730071e+02
-2.605938006636679347e+02
-1.323287739472939393e+02
-3.740029465564364841e+01
-5.888021530799860557e+02
3.361906262842852584e+02
-8.143726521148413440e+02
7.798682894146940043e+02
-1.185455458383034284e+03
1.434698413706342308e+03
-1.552914696567361034e+03
1.765348463752109865e+03
-2.246534225061654979e+03
1.961059492721887864e+03
-1.974946403177731327e+03
2.397119935645624082e+03
-2.123524134596346812e+03
2.526651571870738280e+03
-2.437911125278343661e+03
2.160507276985145381e+03
-2.158029526203621117e+03
2.220632761732890685e+03
-1.917526026429116882e+03
2.083461912815094365e+03
-1.992814246730544710e+03
2.049476500098154702e+03
-1.643359905364057568e+03
1.948008128754717291e+03
-1.638341029404037272e+03
1.605482725050439512e+03
-1.928799127109045457e+03
1.376946402388916113e+03
-1.822484552641617938e+03
1.323430955966852480e+03
-1.730136665946894709e+03
1.735678717095235015e+03
-1.781222835340160373e+03
1.778546607403974122e+03
-2.032249477435788776e+03
2.046551151607982774e+03
-2.198799636773029306e+03
2.603173995126239788e+03
-2.366741003676997479e+03
2.983761455502115950e+03
-2.657467464557795665e+03
2.899921547755252050e+03
-3.023813575450487861e+03
3.077090656367497559e+03
-3.134406039864965351e+03
3.238921210812861318e+03
-3.435289229537737810e+03
3.152390031769248253e+03
-3.641544232902873773e+03
3.569682779197918080e+03
-3.621898240119807724e+03
3.354570346745370898e+03
-3.455776556602678738e+03
3.554592699490773612e+03
-3.147738806511170424e+03
3.546352490830450279e+03
-2.841496569593839922e+03
2.891365247492056824e+03
-3.176374844615860638e+03
2.558404779646663883e+03
-2.354415560728639321e+03
2.390263977486436033e+03
-2.357296208803400077e+03
2.023484431809103853e+03
-2.171741495516672330e+03
1.659576728361492542e+03
-2.033959000693256712e+03
1.829323922845444713e+03
-1.757710618716847193e+03
1.773337440020370195e+03
-1.658464153044450313e+03
1.740945271318232471e+03
-1.730104611314547128e+03
1.685147897080552411e+03
-1.700264798535197997e+03
1.970420358401820522e+03
-1.719996232634373428e+03
2.161743956916304342e+03
-2.127924143412605645e+03
2.407425033581452226e+03
-2.450096456184691306e+03
2.748939525681777923e+03
-3.042182319690606164e+03
2.694904449641931024e+03
-3.244306784330032770e+03
3.258441766643679330e+03
-3.235300510403769749e+03
3.722694307717131778e+03
-3.477170107639252819e+03
3.629985206214135815e+03
-3.640327691199432138e+03
4.096845859875332280e+03
-3.946755010400201627e+03
4.295954448046462858e+03
-4.500903632163654038e+03
4.421450259934264977e+03
-4.864102897886772553e+03
4.828056258587189404e+03
-4.680427697746448757e+03
4.902425392261901834e+03
-5.020022011306312379e+03
4.604270835555574195e+03
-5.003813055014235033e+03
4.706007212377702672e+03
-5.016556003574822171e+03
4.330655592616365539e+03
-4.226952122840641096e+03
4.268596399709549587e+03
-3.711196809794571436e+03
3.687475339308639832e+03
-3.526204095242684161e+03
3.451840233116302898e+03
-3.295565098002988634e+03
2.941761224070943172e+03
-3.056115267791025872e+03
2.933612240128578378e+03
-2.524940685215524354e+03
2.366169833735656994e+03
-2.249168295391823904e+03
2.340966657842440327e+03
-1.725528452234828364e+03
1.981716546165941509e+03
-1.315167816035209626e+03
1.437713134867585495e+03
-8.702268308653247004e+02
7.728792983958703644e+02
-6.717185836012708933e+02
1.737771247736184250e+02
-2.143603317703057769e+02
-2.784926236214306527e+02
5.635153631796553100e+02
-7.367548611911934131e+02
9.058719338473961216e+02
-1.254260272890732949e+03
1.325468692615882674e+03
-1.619791304420841925e+03
1.620865227026777575e+03
-2.035628463344848342e+03
1.796303364630113947e+03
-2.544270890825806418e+03
2.517443559920020562e+03
-2.601668774664035936e+03
2.880910761404188634e+03
-2.668422307165545135e+03
3.118942413097899134e+03
-3.210669937156308606e+03
3.060113191459915015e+03
-3.190181819753080163e+03
3.099814691794386363e+03
-2.701208729535349903e+03
2.990864404081124121e+03
-2.368273203841158193e+03
2.139128903778780568e+03
-1.855329271094991782e+03
1.930737513731079616e+03
-1.539241621744381064e+03
1.168986595294291192e+03
-1.159256158782716511e+03
5.072363025997334489e+02
-7.238530571962426166e+02
8.646531545018399711e+00
1.807496834909199279e+01
-2.854047222014132217e+02
9.834704789652413410e+02
-1.031209113365425537e+03
1.578328768602389118e+03
-1.670996183561131602e+03
2.314499834153486518e+03
-2.956929131172235429e+03
2.859480203840986633e+03
-3.466165923959154497e+03
4.091283150812973872e+03
-4.240771969497291138e+03
4.536215932594411242e+03
-5.187167956959750882e+03
5.194742822570599856e+03
-5.422120250692307309e+03
5.353960091210406063e+03
-5.132347719234017859e+03
4.952132098451897036e+03
-4.929151998627110515e+03
5.067401064429663165e+03
-4.420684697416396375e+03
4.536648741225980302e+03
-4.191092794531934487e+03
4.109463291103446863e+03
-3.660658825205423000e+03
3.954664859991731646e+03
-3.711663669099124945e+03
3.307118472884471885e+03
-3.356523714186367670e+03
3.308036308136365278e+03
-2.936775373422442044e+03
2.898801975869092075e+03
-2.934391199934037104e+03
2.341107687323603386e+03
-2.323727892213402811e+03
2.129089785298232982e+03
-2.119363245831725635e+03
1.752957870796093175e+03
-1.651520786374535874e+03
1.538871617526911677e+03
-1.195502766421865317e+03
1.079919627439569012e+03
-8.328707346887617859e+02
7.486058591747280389e+02
-4.138479438147149381e+02
2.990415170858188958e+02
9.428796638560888255e+01
-2.872187598313846024e+02
2.816469160430424949e+02
-1.063026255814854721e+03
9.688266702164371509e+02
-1.121449349931291181e+03
1.275155823493986418e+03
-1.976066042013585502e+03
1.362790669498029501e+03
-2.008450563979753269e+03
2.137049108296927898e+03
-2.033699029555458765e+03
2.583115536221012917e+03
-2.102979924157331425e+03
2.463928080315911757e+03
-2.679233006718102843e+03
2.035374408119809459e+03
-2.281628089928696681e+03
2.098482660390774981e+03
-1.779292859692978709e+03
1.948287657715303112e+03
-1.522406519970683348e+03
1.461120950015742210e+03
-1.034009020198560165e+03
1.269606280744727655e+03
-1.018294274966501803e+03
1.058068936493687715e+03
-9.516011764874215260e+02
1.218437461928175935e+03
-1.287280507433364392e+03
1.634532153510126818e+03
-1.589109160771183042e+03
2.277648450368505110e+03
-2.254688064790519547e+03
2.538888798408231196e+03
-3.013361579819553754e+03
2.889146178248431170e+03
-3.429887717306498871e+03
3.052850822615894685e+03
-3.505831918374227371e+03
2.893599047228075506e+03
-3.034754573236608394e+03
2.736763121290832714e+03
-2.327322000282812951e+03
2.518301832364083111e+03
-2.109766329685325218e+03
1.562604396482476432e+03
-1.633254662981169304e+03
1.809640087705639871e+03
-1.518710716765104962e+03
1.655266742778616390e+03
-1.628636663045240311e+03
1.992264392504497891e+03
-1.639258380283723909e+03
1.920511287432994550e+03
-1.945355077725263072e+03
2.059654748234791896e+03
-2.399706110511629049e+03
2.156878224509559004e+03
-2.497312785518834971e+03
2.334647421518182909e+03
-2.263353196207471228e+03
2.118908244088309402e+03
-2.054833817852857010e+03
2.002071848604907018e+03
-1.725636007828626816e+03
1.882934837186046025e+03
-1.537758192387019562e+03
1.456539777469204637e+03
-1.526806022543499921e+03
1.063946306080718614e+03
-8.379226217863106285e+02
7.310411354305831537e+02
-9.222441731642981040e+02
4.569097484501834856e+02
-2.446892076139890548e+02
2.743210689345648348e+02
-1.596155233932083206e+02
3.918187540877702872e+02
2.393633897942984277e+02
-1.817681847604836776e+02
8.271149196064474296e+00
7.704495557086993074e+01
2.561833760485740754e+02
-1.215998627922832043e+02
4.045609195588983198e+01
-5.388552565234973599e+02
2.333668153013863655e-01
-5.575968177085777597e+02
3.732668590789300538e+02
-2.336718745444707679e+02
3.367427617479000332e+02
-2.322308748997858174e+02
3.265745877225297136e+02
-1.705151941668951565e+02
-2.285717820931434971e+02
2.210512378054287410e+02
-2.262424092362879549e+02
5.959403300626861437e+02
-6.128177731059638518e+02
8.262961115512243850e+02
-7.328367389786117201e+02
9.647192793043907386e+02
-1.171118626210096409e+03
1.254560386929006199e+03
-1.248313492212311303e+03
1.444637378760501861e+03
-1.258231293910001796e+03
1.775442272570623118e+03
-9.430300946929994552e+02
1.603905849104416802e+03
-1.512290407249862710e+03
1.143385170473127801e+03
-1.731387630679028007e+03
1.031615004983015751e+03
-1.702984899428986864e+03
1.160052238395107906e+03
-1.746296490168286709e+03
1.387297480171817142e+03
-1.764250530422723159e+03
1.639286662012636725e+03
-2.111515386051107726e+03
2.163211585667222607e+03
-2.040044656199204155e+03
2.361514064587758639e+03
-2.498228766638993875e+03
2.721873725803446177e+03
-2.764558580612391779e+03
2.728019475663847516e+03
-2.915675616377166079e+03
3.138662768523363866e+03
-2.988225677552895831e+03
3.452115937596712683e+03
-3.328616147620045012e+03
3.573999714222691182e+03
-3.035338523045490547e+03
3.780329131794488148e+03
-3.162889118970177151e+03
3.318434364653892771e+03
-2.963147107457385573e+03
2.993520746551713273e+03
-2.512912061151255330e+03
2.550387863051297245e+03
-2.576263473306021297e+03
1.977984624208587547e+03
-2.268703857709856948e+03
1.751291113853792694e+03
-2.193949064098384952e+03
1.380999226671716315e+03
-1.962964711622508958e+03
1.491248355633411165e+03
-1.949560498350843545e+03
1.774969051178788732e+03
-1.319510683538838293e+03
1.896863221019704497e+03
-1.279850963029077093e+03
1.340316768769992677e+03
-1.031906984977146521e+03
7.604028384491007273e+02
-2.738352502463174574e+02
4.578322303952621724e+02
3.584871281967695040e+02
-2.675515312290272050e+02
7.058256028088236462e+02
-1.145744488179225527e+03
1.187781778658229769e+03
-1.527145201549175681e+03
1.810957519534950961e+03
-2.148463752417288561e+03
2.574658433831751154e+03
-2.404265323283249472e+03
2.464999216652963696e+03
-2.788730622770662649e+03
2.530889436488568663e+03
-2.931176319108612006e+03
1.966000262478614104e+03
-2.372531684609015429e+03
1.553042555986219895e+03
-1.529489452632713892e+03
1.189332611089155989e+03
-2.629092258850429857e+02
3.375619797428354332e+02
-2.599774449899884416e+02
-6.571854832489582350e+02
5.993808311197484500e+02
-7.280454514660453924e+02
1.203566392739476441e+03
-1.058350169870145692e+03
1.664254959043358667e+03
-1.623884419817205071e+03
2.027091910010285574e+03
-2.032241226255164747e+03
2.332617429547689881e+03
-2.553786372849701365e+03
2.885872167731051377e+03
-2.763636055827433665e+03
2.962061268061461305e+03
-3.066127980593246320e+03
3.333681718574675870e+03
-3.317173724818935170e+03
3.639611089570638796e+03
-3.245791448946105902e+03
3.106169433491045766e+03
-3.223718150990086087e+03
2.700053516978246535e+03
-2.589012672779068907e+03
2.004756336836148876e+03
-1.819433658706706865e+03
1.563765063418857608e+03
-1.212846443634194657e+03
7.428874911926196773e+02
-8.702992461791193364e+02
2.982470774352656804e+02
-1.093572713795841906e+02
-1.581519762664083544e+02
4.001710654313976079e+02
-3.041076517278115148e+02
7.404206245658448324e+02
-6.849951475727092429e+02
8.967837733704845959e+02
-1.274314164199583956e+03
1.198849584598912998e+03
-1.383740585173639602e+03
1.885019703212822378e+03
-1.820931658762583311e+03
1.839474348815552503e+03
-2.011803020941395289e+03
2.301199100544323755e+03
-2.442826155083098911e+03
2.600619703239036426e+03
-2.790031493475197749e+03
3.038191124684043189e+03
-3.313110101783375740e+03
3.690839845500685442e+03
-4.036490987915827645e+03
4.300704903286587069e+03
-4.430260343518772970e+03
4.667217590464783825e+03
-4.622467647836760079e+03
4.808116601641727357e+03
-5.036297200509708091e+03
4.702587665686080072e+03
-5.008315212373349823e+03
4.656297349431779367e+03
-4.425673155333903196e+03
4.262973937081558688e+03
-4.258134319881676674e+03
3.693032118736879966e+03
-3.385440068434310888e+03
3.273039197827847147e+03
-2.744795502019321702e+03
2.923234778771076890e+03
-2.227308523601278921e+03
2.550751708540033633e+03
-1.846813761142058183e+03
1.987587713739321998e+03
-2.102801732123857619e+03
1.482296742096554681e+03
-1.801766177309721343e+03
1.705130438437417297e+03
-1.603184850458124401e+03
1.347708628261181957e+03
-1.161905011517445246e+03
7.975974496865975425e+02
-3.914775422233408904e+02
2.064419802151420242e+02
2.589841072323603726e+02
-9.085049736340790787e+02
1.026545168091563255e+03
-1.791848616471846299e+03
2.169786893127634357e+03
-2.826074192987955030e+03
3.286118231802674472e+03
-3.540220427533195561e+03
3.996569344562711649e+03
-4.145078146083089450e+03
4.405110010626499388e+03
-4.400562798866973935e+03
4.275247224903040660e+03
-4.691726783255067858e+03
4.314367450772920165e+03
-4.176381194686022354e+03
4.086565660810351346e+03
-4.073805908390219429e+03
3.589288985142916772e+03
-3.480540017402435751e+03
3.230918252651775219e+03
-2.812725237005751751e+03
2.555706856192209671e+03
-2.070459574789952967e+03
1.902403721391096724e+03
-1.433277477904625357e+03
1.406495252384385140e+03
-8.537159426522654257e+02
6.538909412435880313e+02
-6.434909760846418294e+02
3.481531609183560363e+02
-5.243358448279320783e+02
3.358815703809758588e+02
1.374838414416163630e+02
7.607206948622774689e+01
-3.056730565555220664e+02
-1.184885447851196574e+02
-1.809912672135993716e+02
-5.224712388128412499e+01
-1.532780068913029226e+01
-3.232207827039093218e+01
5.542085297849574772e+02
-3.605052097508792031e+02
4.768478778584144493e+02
-6.501482222709141752e+02
7.152138786891680411e+02
-6.425862039435296538e+02
9.088924529664959664e+02
-6.894276789920653528e+02
9.579133433582175030e+02
-7.665236976963424240e+02
9.735444480610076425e+02
-8.416859903445130158e+02
1.062021310754194928e+03
-1.003297563498138288e+03
1.101475791902044648e+03
-1.330867824529196696e+03
9.379585008212227422e+02
-1.418096838819210916e+03
1.083474083604600537e+03
-9.574368783376044121e+02
1.544562036728106023e+03
-1.026738048967449004e+03
1.437824783545291439e+03
-1.004875226198258588e+03
1.549866080956503083e+03
-1.600557826977631066e+03
1.728617562314133011e+03
-1.669188330960020267e+03
1.667976176757522353e+03
-2.086106002886465831e+03
1.862822002611962262e+03
-2.735365292281974234e+03
2.309050798245820715e+03
-2.622747737781703563e+03
2.694887129670181366e+03
-3.244120630552875809e+03
2.841950033014370547e+03
-3.414283715774271968e+03
3.203356399273442548e+03
-3.330639789856818425e+03
3.325465429136131661e+03
-3.372382116587048131e+03
3.557288076958899183e+03
-3.118454782559145315e+03
3.417619616953261357e+03
-3.316833333076703184e+03
3.555652421705129655e+03
-3.356565405456029566e+03
3.844552557712331691e+03
-3.810953609085170228e+03
3.794871246871917720e+03
-4.090619093774768317e+03
4.287836708616447140e+03
-4.246787113006716027e+03
4.384067723429280704e+03
-4.454439198497722828e+03
4.196768662939333808e+03
-4.153254368857844383e+03
3.833917042397471050e+03
-3.573906653185396408e+03
3.080004031264926653e+03
-2.991083076259376412e+03
2.298081934685282249e+03
-2.079084815446790344e+03
1.783266072338220283e+03
-1.447809649387182617e+03
1.321876558443968634e+03
-8.455607055146090261e+02
1.095220644216049550e+03
-6.859914940404722756e+02
4.664308273798763480e+02
-3.670957376502648231e+02
2.125345057974302563e+02
-1.050343629807038610e+02
7.554608885543078145e+01
5.031632777863981119e+02
-3.130615135518218608e+02
5.990591595619904410e+02
-5.920342405787616826e+02
7.183093727739878886e+02
-9.025100100520858177e+02
6.319443436447122622e+02
-1.201179990746773001e+03
8.723740482909469165e+02
-9.881638278390951200e+02
7.594160986458907701e+02
-9.283266944864171819e+02
8.610217922501537942e+02
-7.945729296925305789e+02
1.125519078230513514e+03
-7.421145498590167335e+02
1.269987849722367173e+03
-1.382099362870054847e+03
1.291142315436680974e+03
-1.656354609123695809e+03
1.827688117085736167e+03
-2.164656467185006022e+03
1.984919465012449791e+03
-2.091766955816441168e+03
2.198592056365239387e+03
-1.884263872070927846e+03
2.251755545559130951e+03
-1.829392785067198929e+03
1.796826805638700534e+03
-1.752774808636609578e+03
1.386949613506766354e+03
-1.962949745179238107e+03
1.319961427922909024e+03
-1.607800406214413215e+03
1.453716629161402352e+03
-1.449294663355436796e+03
1.949742005964669261e+03
-1.572427057294244378e+03
2.177029411668152534e+03
-2.022972514191427535e+03
2.444178266733781584e+03
-2.744345408786912230e+03
3.195592415140208232e+03
-3.165436625843110050e+03
3.614006492758424884e+03
-4.156219281302463060e+03
4.262404244878744976e+03
-4.844426573670191829e+03
4.914929441776580461e+03
-5.473615012991932417e+03
5.418262266874284251e+03
-5.768997910529566070e+03
5.989755767183657554e+03
-5.853116206203262664e+03
6.107483957491546789e+03
-5.777580475034011215e+03
5.760930889800929435e+03
-5.629969229362485748e+03
5.312776745128768198e+03
-5.079784822677481316e+03
4.684374187218016232e+03
-4.483228966489667982e+03
4.056295806633137090e+03
-3.797022515540984386e+03
3.167332791283067763e+03
-3.247529884453721479e+03
2.593575723233595909e+03
-2.418485435780241914e+03
2.162289922364876475e+03
-1.361611894990607425e+03
1.577721388948471031e+03
-1.072484551602175316e+03
9.292377157525758093e+02
-9.547025042853008472e+02
2.251202430343643925e+02
-7.608962569422890283e+02
2.882724033458299004e+02
-3.725148786946904238e+02
3.067053792671172232e+02
-2.059760225765128610e+02
3.393056406782263821e+02
3.286693499496329878e+02
1.473456697419000250e+02
3.111648637252218919e+02
-2.199098818487046287e+02
4.652393390820133732e+02
-4.912495974250154518e+02
4.041571636496312863e+02
-1.998538677878289036e+02
2.377352911337329715e+02
-2.945600972104040238e+01
1.422972094248408581e+01
9.167190926955207431e+00
-6.351800867064187059e+02
-5.738427585409436205e+00
-1.792606989433905653e+02
6.375383596216371416e+02
-3.770470846482894700e+01
5.611604797707461785e+02
-4.257163750768850896e+00
3.662876855257933926e+02
6.685355750598250779e+01
1.423377338487378552e+02
-2.789470627847559285e+02
-9.893439364017665127e+01
-4.233844836561993930e+02
-1.889315659136029524e+01
-5.335995959450179953e+02
1.412492812613475053e+02
-5.790228477888838370e+02
2.866429409637935350e+02
-4.391311694312352074e+02
4.194323828079694181e+02
-1.657025222052116646e+02
7.818376245147931058e+01
2.304704156899830139e+02
-3.408697948606040313e+02
9.373185680473316097e+02
-1.003757492343120930e+03
1.439219084413110295e+03
-1.750861954073931201e+03
2.184660422104879217e+03
-2.408986742846397647e+03
2.731573159129368378e+03
-3.244903488721080521e+03
3.092615355415086469e+03
-3.440646468933392043e+03
3.359457192227140695e+03
-3.658151907611435036e+03
3.365587837305829908e+03
-3.377504906670812943e+03
3.655405722376020549e+03
-3.394611244340632766e+03
3.715746477834246889e+03
-3.373408181243601121e+03
3.582612394170579137e+03
-3.529705551003743949e+03
3.409576172526812115e+03
-3.728410141839089192e+03
3.595950882719996571e+03
-3.650061052493030274e+03
4.025784019461337266e+03
-4.076662116413102012e+03
4.215463125008622228e+03
-4.182006909021685715e+03
4.472128617357405346e+03
-4.402120510615416606e+03
4.177412722925187154e+03
-4.290732944607890204e+03
3.753935292996569842e+03
-3.736248584995120837e+03
3.526602483121945170e+03
-3.140934134645145605e+03
2.753563996486715041e+03
-2.431654910456136804e+03
2.394213547340580135e+03
-2.100061368666141334e+03
1.988282158474506105e+03
-1.686572249489601518e+03
1.730760973408021300e+03
-1.517230705399558019e+03
1.336562429721518356e+03
-1.600380977101143799e+03
9.370300409933898891e+02
-1.022400983606915247e+03
7.284876950345108071e+02
-5.660541010934554151e+02
1.906927502587776075e+02
2.986251247030273603e+01
-3.522865346155581392e+02
4.979551695996914304e+02
-1.232986806406569258e+03
1.796694863999256540e+03
-1.589802982190336934e+03
2.289685048666553485e+03
-2.339799589668216413e+03
2.554868722046654057e+03
-2.715246974198440512e+03
2.856369534714746806e+03
-2.776524452101813040e+03
3.043781458372127418e+03
-2.761878607638676385e+03
2.896472130234237284e+03
-2.729246924573008982e+03
2.582294020312788234e+03
-2.545336538644723078e+03
2.676760953111361687e+03
-2.354032597917885596e+03
2.790815259534761481e+03
-2.551311816476204967e+03
2.521015093701208571e+03
-2.795490484182841556e+03
2.907249530207249336e+03
-2.541620869224886974e+03
2.732797931387883182e+03
-2.781453346961646275e+03
2.571332545945886523e+03
-2.542639601713991851e+03
2.378700039082591502e+03
-2.452908107344886048e+03
1.833619276914341299e+03
-2.134361337605905192e+03
1.557100957133532575e+03
-1.581259036096109639e+03
1.363650593816621722e+03
-1.663159006892071602e+03
1.061078070222935366e+03
-1.273819751046553165e+03
9.922998736332083354e+02
-1.416726035242098078e+03
9.426519728509809966e+02
-1.235497815346245261e+03
1.419668088909959351e+03
-9.942271791442844915e+02
1.483194806342130278e+03
-1.002094109612272860e+03
1.052861340241729522e+03
-1.053818114510992928e+03
8.874969502204666014e+02
-6.296175039865013332e+02
8.090030493628705699e+02
-5.033142969902394839e+02
7.244673061193617514e+02
-1.808105403570545491e+02
7.562407248738825274e+02
-2.565192325684290040e+02
3.839091097417617107e+02
-3.062360693169381420e+02
2.450012952790799261e+02
-1.579804096935896496e+02
2.895482161502333724e+02
-2.741531393091294717e+02
1.865585276961646173e+02
-5.278986801194230338e+02
1.126973277621731313e+02
-2.895641152131529452e+02
4.620865640680447086e+02
-2.575731190583106240e+02
1.913780857054686066e+02
-6.025055683614421014e+02
-9.645563750258141056e+01
-6.145966201181829547e+01
-2.150920962464621766e+02
4.191838330740130800e+02
-6.314825028651430330e+02
1.059230666720126692e+03
-1.347113656011345256e+03
1.737334568495392432e+03
-2.019601783619818889e+03
2.124808152846655503e+03
-2.873874791733392158e+03
3.121966133200317927e+03
-3.263947252955916156e+03
3.347257386377887997e+03
-3.765597891729593812e+03
4.015515099153731626e+03
-3.739547145747620107e+03
4.076899863579009434e+03
-4.043618159966244093e+03
3.818286694772757528e+03
-3.866681057707608034e+03
3.918101839522360024e+03
-3.410859732728538347e+03
3.418816937490519649e+03
-2.951079089639984431e+03
2.974000339436199738e+03
-2.549832130593139027e+03
2.148376502837915723e+03
-2.380955036103610837e+03
1.794244368050363164e+03
-1.629314495223279891e+03
1.391235616653818170e+03
-1.583176895178695304e+03
1.322753520209252201e+03
-1.109858897144923276e+03
1.284551853245858183e+03
-8.853007395221122806e+02
1.039342785221483382e+03
-1.168430848954015573e+03
8.174059162591100858e+02
-4.442097671526744307e+02
6.579066095288785618e+02
-2.363705894288154354e+02
4.931192662054287013e+01
1.678683132740128485e+02
-4.737208711529744392e+02
5.362299216927170846e+02
-9.479335899158658094e+02
1.372771446637675581e+03
-1.658044316086925164e+03
1.699727278866971801e+03
-1.924185195008015398e+03
2.216202837917169290e+03
-2.288593848537476333e+03
2.470243237330053489e+03
-2.433804908896292545e+03
2.476315294069340325e+03
-2.547256543476833940e+03
2.234762522358568731e+03
-2.253164279512408029e+03
2.149919411864152153e+03
-2.395623935771039669e+03
1.960004654161996768e+03
-1.918954100495038801e+03
1.847428844260823325e+03
-1.967437462900099263e+03
1.874235703428343413e+03
-1.846270677846198396e+03
1.743256264731891406e+03
-1.810061069072458622e+03
1.579628290117505003e+03
-1.736519134122479727e+03
1.442603684338711446e+03
-1.592579641414408343e+03
1.643775005149222125e+03
-8.098522374394959797e+02
1.280726586805270244e+03
-8.527541486055927180e+02
1.111107663964276753e+03
-1.176660394227746110e+03
1.003772581211947113e+03
-1.186148593131395728e+03
1.450370278095297863e+03
-1.310450923612518864e+03
2.032446744960263231e+03
-1.543823972017923325e+03
2.288203831220470875e+03
-2.587444634525004858e+03
2.648181327439356664e+03
-3.331766706077516574e+03
3.227364326673708547e+03
-3.732409510197210693e+03
3.894956110487044043e+03
-4.099637975454228581e+03
4.349961200619048213e+03
-4.426736286417900374e+03
4.729544011493645485e+03
-4.562297020892933688e+03
4.563170355307901445e+03
-4.587452775962121450e+03
4.383009849401370047e+03
-4.087950863799993840e+03
4.174880534716255170e+03
-4.079832221922697045e+03
3.612828668617680705e+03
-3.727636466624833247e+03
3.322225736254032654e+03
-3.648501360636853860e+03
3.128208757401742332e+03
-3.238555854029101283e+03
2.934415613764039790e+03
-3.086700917462808320e+03
3.015239243263659318e+03
-3.137701774533235493e+03
3.018649560188341638e+03
-2.864388011944321534e+03
3.353628220687293378e+03
-3.253865657946901592e+03
3.057143619564580604e+03
-3.164149759461755821e+03
3.012477462557210856e+03
-2.671525031886184024e+03
2.574799790642110565e+03
-2.173865879495007448e+03
1.910528317877706286e+03
-1.605115466435481039e+03
1.271384569713737392e+03
-6.268320956248671791e+02
6.466864118587492385e+02
-2.742340352421107923e+02
7.319869607568220715e+01
1.197310369581304030e+02
-4.079313930180253465e+02
4.544527999305277035e+02
-7.721635343657187605e+02
9.654915939269043292e+02
-1.049333213545058015e+03
1.089969975097771112e+03
-1.222606399150790594e+03
1.559716521383464851e+03
-1.284066466249071027e+03
1.667774134988813785e+03
-1.470577809858774572e+03
1.692123101234152273e+03
-1.959413833368342239e+03
2.205898869378682775e+03
-1.984640734089019816e+03
2.299947999871709726e+03
-2.439948192496179672e+03
2.151148772386666224e+03
-2.635580744985912133e+03
2.230208457351562174e+03
-2.803739407133783061e+03
2.422856480072971863e+03
-2.625474722695647415e+03
2.147771922966050170e+03
-2.479689168479070759e+03
2.237893195942217517e+03
-2.347138764573970548e+03
2.270451148022345933e+03
-1.811888718821947350e+03
2.361157204922682013e+03
-1.645907423709161321e+03
2.421114494059600474e+03
-2.000850323459442279e+03
1.956434765119806571e+03
-2.221047740014187639e+03
2.029211950983700035e+03
-2.117899849683743923e+03
2.013437047082560412e+03
-1.777754381687121395e+03
1.974616099091249680e+03
-1.702339173058309598e+03
1.514181298970665239e+03
-1.841691860285837265e+03
1.284746571632168980e+03
-1.825716682249752921e+03
1.718330570695412689e+03
-1.445937841268842249e+03
2.148942151683564134e+03
-1.799098498913816911e+03
2.062451728488630579e+03
-2.398293368419754643e+03
2.106879978339443369e+03
-2.431557210083556583e+03
2.408141305083972838e+03
-2.182923709397690800e+03
2.306413379280328627e+03
-2.721228803597839487e+03
2.452955773516838235e+03
-2.524844426196336372e+03
2.728355431480792504e+03
-2.727952472464041875e+03
2.866631265417358918e+03
-2.916851249300736072e+03
3.154992457955647751e+03
-3.181404349383384215e+03
3.421897710207142154e+03
-3.204369037520825714e+03
3.206718021274524290e+03
-3.321914608211274299e+03
3.145235425751055573e+03
-3.523681898046615515e+03
3.159990904255653277e+03
-2.901431909855168215e+03
3.002745035236111562e+03
-2.592024723567190449e+03
2.591706310870205016e+03
-2.423021719101678173e+03
1.775426635180560424e+03
-1.762706482001128734e+03
1.328461297626307442e+03
-7.504063570875837286e+02
3.999681426722299875e+02
-2.065343526000626539e+01
-5.183006089639624179e+02
7.271548371625015079e+02
-8.150685556266241747e+02
1.451551383030996249e+03
-1.626130219541428232e+03
1.612698816627886799e+03
-2.028624209334929446e+03
1.903647517166809848e+03
-2.192144782608738751e+03
2.244957625038110109e+03
-2.087073805322554563e+03
2.355774057532932147e+03
-2.152932272324272617e+03
2.349233715205916269e+03
-2.410544369109869876e+03
3.250853884810479485e+03
-2.842973479166201741e+03
3.318440094644546207e+03
-3.761875316137323807e+03
4.112552955471236601e+03
-4.104001827162861446e+03
4.433963550283151562e+03
-4.957327261272749638e+03
5.554211979661853547e+03
-5.352862768224075808e+03
5.875302518586599035e+03
-6.029784354044957581e+03
5.450322624107655429e+03
-6.673837368015173524e+03
6.116105116566542165e+03
-6.503433783836088878e+03
6.368251963409059499e+03
-6.193893790566349708e+03
6.202879146896420934e+03
-5.787071492458262583e+03
5.580464287999981934e+03
-5.501625981474518994e+03
4.670283646825099822e+03
-4.379518208572085314e+03
4.107281991485470826e+03
-3.401657202675780809e+03
3.065123766033829725e+03
-2.194700762862949887e+03
2.056796696251731191e+03
-1.787694869547030748e+03
1.212073546109991639e+03
-1.365650858630819812e+03
7.468358685112835929e+02
-9.568105068700482434e+02
8.254445719081818424e+02
-7.996425528922479771e+02
6.822677723385804711e+02
-7.409009680856909199e+02
8.202093067457307143e+02
-7.630832198661076973e+02
1.156334952183540963e+03
-6.217890695535720624e+02
1.043576926658223556e+03
-8.445504061558461899e+02
9.176033939462189437e+02
-4.617435901674168122e+02
4.608247378492799271e+02
-4.003332090407765236e+02
1.752427815009660605e+01
9.089630625566458377e+01
-8.359515606849586220e+02
5.480401788651604420e+02
-9.475793474017907556e+02
8.303480861214463857e+02
-1.208106196699832708e+03
1.219572437609981534e+03
-1.021878515102111805e+03
8.524287182999632932e+02
-1.050191272812078296e+03
8.930457962781107426e+02
-6.913814829862893703e+02
5.531574627226847269e+02
-1.259050596602413350e+02
3.192888322254693776e+02
3.606571374499811782e+02
-1.657567421874238107e+02
3.626180780711227953e+02
-6.647296970533711828e+02
6.765346738771780792e+02
-8.283069766756003673e+02
9.996686549164371627e+02
-9.558511644363098867e+02
1.023854916669095928e+03
-1.346756321916045408e+03
1.204639639300716226e+03
-1.187613063676609727e+03
1.772668804612677604e+03
-1.557638240418670875e+03
1.564515104616750932e+03
-1.959683253991552647e+03
1.677912440607809685e+03
-1.853921246267817651e+03
1.955350140657537395e+03
-1.883896500823201904e+03
1.942159944282129572e+03
-1.981874812297210838e+03
2.091636950577630159e+03
-1.743920963105313831e+03
1.913178515773815207e+03
-2.027587011606717397e+03
1.819022087749880029e+03
-1.763321833990803043e+03
1.835086922469464071e+03
-1.832275905539717087e+03
2.108687508942627574e+03
-2.195957698884687488e+03
2.164353622249236196e+03
-2.432471181440019791e+03
2.990682791880792138e+03
-3.049125982722689059e+03
3.175859660657301902e+03
-3.386774041911660333e+03
3.810206507264326774e+03
-3.733410669437905653e+03
3.793177138113350793e+03
-3.784450608657004523e+03
3.675985832096769172e+03
-3.604154917684259999e+03
3.096141943830882155e+03
-3.025200909082941962e+03
2.219407176082967453e+03
-2.077822123056563669e+03
1.272669470993519781e+03
-1.038031216884455489e+03
2.105953633205904225e+02
4.851915919767644709e+02
-2.811060894273554140e+02
1.042039186492504314e+03
-1.425637248856318820e+03
1.258358518416620655e+03
-1.981308755636870046e+03
1.879459056398012763e+03
-1.862876590289855585e+03
2.116609777904263865e+03
-2.024685020012895166e+03
2.283265042439458284e+03
-2.354622708586138288e+03
2.773188399862260212e+03
-2.659402802026945665e+03
2.933527933678763020e+03
-3.150072113134055144e+03
3.098889587058105462e+03
-3.127808380012788348e+03
3.141456453332254114e+03
-2.838093735754764566e+03
3.157905140275530812e+03
-2.538145399432437443e+03
2.525564309592183690e+03
-2.556295027678352199e+03
1.683925915155432904e+03
-2.016806404064901017e+03
1.637330486521520697e+03
-1.301001830704117310e+03
1.290312606148957457e+03
-9.133706415999992032e+02
1.027229032275761256e+03
-7.157457209286459374e+02
9.818834395466590195e+02
-7.197815910636657009e+02
1.103478090895041760e+03
-1.201725094614784211e+03
1.312971884974264185e+03
-1.905328996086881489e+03
1.734837555478577997e+03
-2.546256654017610799e+03
2.716642095050463467e+03
-2.763361499457012542e+03
2.976880561715405292e+03
-3.411028545988899623e+03
3.404776580538446524e+03
-3.854713706900610305e+03
4.230206700471363547e+03
-4.204508159145518221e+03
4.474344653677283532e+03
-4.596627960535401144e+03
4.739240883057298561e+03
-5.123999214187022517e+03
4.643637581424166456e+03
-5.378972263217495311e+03
5.060606557631759642e+03
-5.251956517966594220e+03
5.415207455184723585e+03
-5.824794758434185496e+03
5.925817955724747662e+03
-5.913459927979475651e+03
6.697768673210742236e+03
-6.637211169189788961e+03
6.844218343013774756e+03
-7.019166061186419938e+03
7.950397754050581170e+03
-7.071204066832661738e+03
7.683768936325854156e+03
-7.371654704555097851e+03
7.192154474261129508e+03
-7.105496311898581553e+03
7.038753204255744095e+03
-6.434849528753602499e+03
6.381854685340706055e+03
-6.431009011769266181e+03
5.832963287058268179e+03
-6.184772322108823573e+03
5.851080037802968036e+03
-5.867521276593053699e+03
5.668039423093309779e+03
-5.914089538600115702e+03
5.481149993354109938e+03
-5.411015961120218890e+03
5.098148515388758824e+03
-4.904361756595404586e+03
4.424915517434224967e+03
-4.178533797784351009e+03
3.824706581688634742e+03
-3.272376627388027373e+03
2.991854146783578926e+03
-2.332537259646696384e+03
1.958142567836878015e+03
-1.621064180583290863e+03
1.245657112639779143e+03
-6.434581146554547786e+02
5.628241038849464530e+02
-3.426220628643519603e+02
1.156469449932775291e+02
6.068108627631228558e+01
-5.852914529880395378e+01
3.219623463559306060e+02
-2.860790948667657290e+02
1.850306319841909612e+02
-3.497933855979354689e+02
-3.033378854747131754e+02
-1.604371339876850868e+02
3.076773111459803545e+02
-3.360198659686938072e+02
5.444436209416659267e+02
-7.601178718647333881e+02
1.034361223591623911e+03
-1.672608049976824077e+03
1.757895502177057324e+03
-2.304555582574675100e+03
2.544374212587575130e+03
-2.990653113606281750e+03
3.147416258370089054e+03
-3.059929461701731725e+03
4.024768546361220615e+03
-3.195085567169360729e+03
3.848312006985482640e+03
-3.859577221694250056e+03
3.693529409184109227e+03
-4.146790910378970693e+03
3.844017076893971989e+03
-4.011926172726309233e+03
4.142291455359292740e+03
-4.345045368052438789e+03
4.060237082057205498e+03
-4.299837451532259365e+03
4.416355858606828406e+03
-4.316528056389823178e+03
4.663468939893849893e+03
-4.353360834374369006e+03
4.376008392760872084e+03
-4.583885882392459280e+03
4.451296860747454957e+03
-4.326261514604694639e+03
4.452757646092534742e+03
-4.336998141286640930e+03
4.396586536270267970e+03
-3.655213276319671877e+03
3.794541935895901133e+03
-3.429286739042117915e+03
3.309249255458577409e+03
-3.231002649694799857e+03
2.738340195517462234e+03
-3.146168765786397671e+03
2.810772757383361295e+03
-2.666122319132276516e+03
2.795281950364625573e+03
-2.638402168510186129e+03
2.678331391306944624e+03
-2.445360711265356713e+03
2.666507372931427199e+03
-2.411028182996350097e+03
2.397071939024316180e+03
-2.598925197996343741e+03
1.930963136372454528e+03
-2.453939560809926661e+03
2.029024455554410224e+03
-2.317464410204447177e+03
2.279780652595411993e+03
-2.273379286541840884e+03
2.367869625225709569e+03
-2.628633875012287263e+03
2.650245433108815178e+03
-2.823532848047204880e+03
2.962758328880852332e+03
-2.903457617508848671e+03
3.279678318033269534e+03
-3.345008127675052947e+03
3.674528558128970417e+03
-3.518433268541599318e+03
3.922622130452283727e+03
-3.741182815645678602e+03
3.725157563567111993e+03
-4.108282306134494320e+03
3.935720501220062943e+03
-3.998295992382306395e+03
3.844722334169910937e+03
-3.523257003089242971e+03
3.859683612348252609e+03
-3.652840004020602009e+03
3.317337379478922230e+03
-3.264138724412802276e+03
3.256458943354893563e+03
-3.132604875418557640e+03
2.870286257941519580e+03
-3.000557236345044203e+03
2.559190249718067207e+03
-2.544983054935005839e+03
1.941892884189605184e+03
-1.927886836312895639e+03
1.626514923235566357e+03
-1.135287755899261583e+03
8.955170085959391599e+02
-4.431742289539305375e+02
3.069366245903195818e+02
3.602033884311962879e+02
-7.818191853787918717e+02
1.102360716182068927e+03
-1.546314555756256823e+03
1.764778095483406332e+03
-2.025665136251366675e+03
2.335541730162797649e+03
-2.729160726965819322e+03
2.977770935200409440e+03
-3.127840947212830088e+03
3.310089933142939117e+03
-3.330612124902339929e+03
3.486560335781435697e+03
-3.538001911276357532e+03
3.245167883351313321e+03
-3.069348776613557675e+03
2.867971689981486634e+03
-2.340804453649802781e+03
2.581747584816358994e+03
-1.854522681606141759e+03
1.822568811275081998e+03
-1.719586416953980915e+03
1.510841234763508510e+03
-1.300733120201090287e+03
1.205243503167044082e+03
-1.193664690251234788e+03
1.390574168561318402e+03
-1.064343427818879036e+03
8.985509194456861906e+02
-1.193248003589398650e+03
8.367696271205236371e+02
-8.594621883800875821e+02
7.102480961231224228e+02
-3.872146329186599019e+02
3.835363797326954227e+02
1.433022165883475338e+02
-3.309088772505239149e+02
6.153856422926794494e+02
-1.352090964806110833e+03
1.323982339354524356e+03
-2.015945499725238278e+03
2.228691559831640461e+03
-2.594064787118939876e+03
