1.500000000000000000e+01
1.500024414062500000e+01
1.500048828125000000e+01
1.500073242187500000e+01
1.500097656250000000e+01
1.500122070312500000e+01
1.500146484375000000e+01
1.500170898437500000e+01
1.500195312500000000e+01
1.500219726562500000e+01
1.500244140625000000e+01
1.500268554687500000e+01
1.500292968750000000e+01
1.500317382812500000e+01
1.500341796875000000e+01
1.500366210937500000e+01
1.500390625000000000e+01
1.500415039062500000e+01
1.500439453125000000e+01
1.500463867187500000e+01
1.500488281250000000e+01
1.500512695312500000e+01
1.500537109375000000e+01
1.500561523437500000e+01
1.500585937500000000e+01
1.500610351562500000e+01
1.500634765625000000e+01
1.500659179687500000e+01
1.500683593750000000e+01
1.500708007812500000e+01
1.500732421875000000e+01
1.500756835937500000e+01
1.500781250000000000e+01
1.500805664062500000e+01
1.500830078125000000e+01
1.500854492187500000e+01
1.500878906250000000e+01
1.500903320312500000e+01
1.500927734375000000e+01
1.500952148437500000e+01
1.500976562500000000e+01
1.501000976562500000e+01
1.501025390625000000e+01
1.501049804687500000e+01
1.501074218750000000e+01
1.501098632812500000e+01
1.501123046875000000e+01
1.501147460937500000e+01
1.501171875000000000e+01
1.501196289062500000e+01
1.501220703125000000e+01
1.501245117187500000e+01
1.501269531250000000e+01
1.501293945312500000e+01
1.501318359375000000e+01
1.501342773437500000e+01
1.501367187500000000e+01
1.501391601562500000e+01
1.501416015625000000e+01
1.501440429687500000e+01
1.501464843750000000e+01
1.501489257812500000e+01
1.501513671875000000e+01
1.501538085937500000e+01
1.501562500000000000e+01
1.501586914062500000e+01
1.501611328125000000e+01
1.501635742187500000e+01
1.501660156250000000e+01
1.501684570312500000e+01
1.501708984375000000e+01
1.501733398437500000e+01
1.501757812500000000e+01
1.501782226562500000e+01
1.501806640625000000e+01
1.501831054687500000e+01
1.501855468750000000e+01
1.501879882812500000e+01
1.501904296875000000e+01
1.501928710937500000e+01
1.501953125000000000e+01
1.501977539062500000e+01
1.502001953125000000e+01
1.502026367187500000e+01
1.502050781250000000e+01
1.502075195312500000e+01
1.502099609375000000e+01
1.502124023437500000e+01
1.502148437500000000e+01
1.502172851562500000e+01
1.502197265625000000e+01
1.502221679687500000e+01
1.502246093750000000e+01
1.502270507812500000e+01
1.502294921875000000e+01
1.502319335937500000e+01
1.502343750000000000e+01
1.502368164062500000e+01
1.502392578125000000e+01
1.502416992187500000e+01
1.502441406250000000e+01
1.502465820312500000e+01
1.502490234375000000e+01
1.502514648437500000e+01
1.502539062500000000e+01
1.502563476562500000e+01
1.502587890625000000e+01
1.502612304687500000e+01
1.502636718750000000e+01
1.502661132812500000e+01
1.502685546875000000e+01
1.502709960937500000e+01
1.502734375000000000e+01
1.502758789062500000e+01
1.502783203125000000e+01
1.502807617187500000e+01
1.502832031250000000e+01
1.502856445312500000e+01
1.502880859375000000e+01
1.502905273437500000e+01
1.502929687500000000e+01
1.502954101562500000e+01
1.502978515625000000e+01
1.503002929687500000e+01
1.503027343750000000e+01
1.503051757812500000e+01
1.503076171875000000e+01
1.503100585937500000e+01
1.503125000000000000e+01
1.503149414062500000e+01
1.503173828125000000e+01
1.503198242187500000e+01
1.503222656250000000e+01
1.503247070312500000e+01
1.503271484375000000e+01
1.503295898437500000e+01
1.503320312500000000e+01
1.503344726562500000e+01
1.503369140625000000e+01
1.503393554687500000e+01
1.503417968750000000e+01
1.503442382812500000e+01
1.503466796875000000e+01
1.503491210937500000e+01
1.503515625000000000e+01
1.503540039062500000e+01
1.503564453125000000e+01
1.503588867187500000e+01
1.503613281250000000e+01
1.503637695312500000e+01
1.503662109375000000e+01
1.503686523437500000e+01
1.503710937500000000e+01
1.503735351562500000e+01
1.503759765625000000e+01
1.503784179687500000e+01
1.503808593750000000e+01
1.503833007812500000e+01
1.503857421875000000e+01
1.503881835937500000e+01
1.503906250000000000e+01
1.503930664062500000e+01
1.503955078125000000e+01
1.503979492187500000e+01
1.504003906250000000e+01
1.504028320312500000e+01
1.504052734375000000e+01
1.504077148437500000e+01
1.504101562500000000e+01
1.504125976562500000e+01
1.504150390625000000e+01
1.504174804687500000e+01
1.504199218750000000e+01
1.504223632812500000e+01
1.504248046875000000e+01
1.504272460937500000e+01
1.504296875000000000e+01
1.504321289062500000e+01
1.504345703125000000e+01
1.504370117187500000e+01
1.504394531250000000e+01
1.504418945312500000e+01
1.504443359375000000e+01
1.504467773437500000e+01
1.504492187500000000e+01
1.504516601562500000e+01
1.504541015625000000e+01
1.504565429687500000e+01
1.504589843750000000e+01
1.504614257812500000e+01
1.504638671875000000e+01
1.504663085937500000e+01
1.504687500000000000e+01
1.504711914062500000e+01
1.504736328125000000e+01
1.504760742187500000e+01
1.504785156250000000e+01
1.504809570312500000e+01
1.504833984375000000e+01
1.504858398437500000e+01
1.504882812500000000e+01
1.504907226562500000e+01
1.504931640625000000e+01
1.504956054687500000e+01
1.504980468750000000e+01
1.505004882812500000e+01
1.505029296875000000e+01
1.505053710937500000e+01
1.505078125000000000e+01
1.505102539062500000e+01
1.505126953125000000e+01
1.505151367187500000e+01
1.505175781250000000e+01
1.505200195312500000e+01
1.505224609375000000e+01
1.505249023437500000e+01
1.505273437500000000e+01
1.505297851562500000e+01
1.505322265625000000e+01
1.505346679687500000e+01
1.505371093750000000e+01
1.505395507812500000e+01
1.505419921875000000e+01
1.505444335937500000e+01
1.505468750000000000e+01
1.505493164062500000e+01
1.505517578125000000e+01
1.505541992187500000e+01
1.505566406250000000e+01
1.505590820312500000e+01
1.505615234375000000e+01
1.505639648437500000e+01
1.505664062500000000e+01
1.505688476562500000e+01
1.505712890625000000e+01
1.505737304687500000e+01
1.505761718750000000e+01
1.505786132812500000e+01
1.505810546875000000e+01
1.505834960937500000e+01
1.505859375000000000e+01
1.505883789062500000e+01
1.505908203125000000e+01
1.505932617187500000e+01
1.505957031250000000e+01
1.505981445312500000e+01
1.506005859375000000e+01
1.506030273437500000e+01
1.506054687500000000e+01
1.506079101562500000e+01
1.506103515625000000e+01
1.506127929687500000e+01
1.506152343750000000e+01
1.506176757812500000e+01
1.506201171875000000e+01
1.506225585937500000e+01
1.506250000000000000e+01
1.506274414062500000e+01
1.506298828125000000e+01
1.506323242187500000e+01
1.506347656250000000e+01
1.506372070312500000e+01
1.506396484375000000e+01
1.506420898437500000e+01
1.506445312500000000e+01
1.506469726562500000e+01
1.506494140625000000e+01
1.506518554687500000e+01
1.506542968750000000e+01
1.506567382812500000e+01
1.506591796875000000e+01
1.506616210937500000e+01
1.506640625000000000e+01
1.506665039062500000e+01
1.506689453125000000e+01
1.506713867187500000e+01
1.506738281250000000e+01
1.506762695312500000e+01
1.506787109375000000e+01
1.506811523437500000e+01
1.506835937500000000e+01
1.506860351562500000e+01
1.506884765625000000e+01
1.506909179687500000e+01
1.506933593750000000e+01
1.506958007812500000e+01
1.506982421875000000e+01
1.507006835937500000e+01
1.507031250000000000e+01
1.507055664062500000e+01
1.507080078125000000e+01
1.507104492187500000e+01
1.507128906250000000e+01
1.507153320312500000e+01
1.507177734375000000e+01
1.507202148437500000e+01
1.507226562500000000e+01
1.507250976562500000e+01
1.507275390625000000e+01
1.507299804687500000e+01
1.507324218750000000e+01
1.507348632812500000e+01
1.507373046875000000e+01
1.507397460937500000e+01
1.507421875000000000e+01
1.507446289062500000e+01
1.507470703125000000e+01
1.507495117187500000e+01
1.507519531250000000e+01
1.507543945312500000e+01
1.507568359375000000e+01
1.507592773437500000e+01
1.507617187500000000e+01
1.507641601562500000e+01
1.507666015625000000e+01
1.507690429687500000e+01
1.507714843750000000e+01
1.507739257812500000e+01
1.507763671875000000e+01
1.507788085937500000e+01
1.507812500000000000e+01
1.507836914062500000e+01
1.507861328125000000e+01
1.507885742187500000e+01
1.507910156250000000e+01
1.507934570312500000e+01
1.507958984375000000e+01
1.507983398437500000e+01
1.508007812500000000e+01
1.508032226562500000e+01
1.508056640625000000e+01
1.508081054687500000e+01
1.508105468750000000e+01
1.508129882812500000e+01
1.508154296875000000e+01
1.508178710937500000e+01
1.508203125000000000e+01
1.508227539062500000e+01
1.508251953125000000e+01
1.508276367187500000e+01
1.508300781250000000e+01
1.508325195312500000e+01
1.508349609375000000e+01
1.508374023437500000e+01
1.508398437500000000e+01
1.508422851562500000e+01
1.508447265625000000e+01
1.508471679687500000e+01
1.508496093750000000e+01
1.508520507812500000e+01
1.508544921875000000e+01
1.508569335937500000e+01
1.508593750000000000e+01
1.508618164062500000e+01
1.508642578125000000e+01
1.508666992187500000e+01
1.508691406250000000e+01
1.508715820312500000e+01
1.508740234375000000e+01
1.508764648437500000e+01
1.508789062500000000e+01
1.508813476562500000e+01
1.508837890625000000e+01
1.508862304687500000e+01
1.508886718750000000e+01
1.508911132812500000e+01
1.508935546875000000e+01
1.508959960937500000e+01
1.508984375000000000e+01
1.509008789062500000e+01
1.509033203125000000e+01
1.509057617187500000e+01
1.509082031250000000e+01
1.509106445312500000e+01
1.509130859375000000e+01
1.509155273437500000e+01
1.509179687500000000e+01
1.509204101562500000e+01
1.509228515625000000e+01
1.509252929687500000e+01
1.509277343750000000e+01
1.509301757812500000e+01
1.509326171875000000e+01
1.509350585937500000e+01
1.509375000000000000e+01
1.509399414062500000e+01
1.509423828125000000e+01
1.509448242187500000e+01
1.509472656250000000e+01
1.509497070312500000e+01
1.509521484375000000e+01
1.509545898437500000e+01
1.509570312500000000e+01
1.509594726562500000e+01
1.509619140625000000e+01
1.509643554687500000e+01
1.509667968750000000e+01
1.509692382812500000e+01
1.509716796875000000e+01
1.509741210937500000e+01
1.509765625000000000e+01
1.509790039062500000e+01
1.509814453125000000e+01
1.509838867187500000e+01
1.509863281250000000e+01
1.509887695312500000e+01
1.509912109375000000e+01
1.509936523437500000e+01
1.509960937500000000e+01
1.509985351562500000e+01
1.510009765625000000e+01
1.510034179687500000e+01
1.510058593750000000e+01
1.510083007812500000e+01
1.510107421875000000e+01
1.510131835937500000e+01
1.510156250000000000e+01
1.510180664062500000e+01
1.510205078125000000e+01
1.510229492187500000e+01
1.510253906250000000e+01
1.510278320312500000e+01
1.510302734375000000e+01
1.510327148437500000e+01
1.510351562500000000e+01
1.510375976562500000e+01
1.510400390625000000e+01
1.510424804687500000e+01
1.510449218750000000e+01
1.510473632812500000e+01
1.510498046875000000e+01
1.510522460937500000e+01
1.510546875000000000e+01
1.510571289062500000e+01
1.510595703125000000e+01
1.510620117187500000e+01
1.510644531250000000e+01
1.510668945312500000e+01
1.510693359375000000e+01
1.510717773437500000e+01
1.510742187500000000e+01
1.510766601562500000e+01
1.510791015625000000e+01
1.510815429687500000e+01
1.510839843750000000e+01
1.510864257812500000e+01
1.510888671875000000e+01
1.510913085937500000e+01
1.510937500000000000e+01
1.510961914062500000e+01
1.510986328125000000e+01
1.511010742187500000e+01
1.511035156250000000e+01
1.511059570312500000e+01
1.511083984375000000e+01
1.511108398437500000e+01
1.511132812500000000e+01
1.511157226562500000e+01
1.511181640625000000e+01
1.511206054687500000e+01
1.511230468750000000e+01
1.511254882812500000e+01
1.511279296875000000e+01
1.511303710937500000e+01
1.511328125000000000e+01
1.511352539062500000e+01
1.511376953125000000e+01
1.511401367187500000e+01
1.511425781250000000e+01
1.511450195312500000e+01
1.511474609375000000e+01
1.511499023437500000e+01
1.511523437500000000e+01
1.511547851562500000e+01
1.511572265625000000e+01
1.511596679687500000e+01
1.511621093750000000e+01
1.511645507812500000e+01
1.511669921875000000e+01
1.511694335937500000e+01
1.511718750000000000e+01
1.511743164062500000e+01
1.511767578125000000e+01
1.511791992187500000e+01
1.511816406250000000e+01
1.511840820312500000e+01
1.511865234375000000e+01
1.511889648437500000e+01
1.511914062500000000e+01
1.511938476562500000e+01
1.511962890625000000e+01
1.511987304687500000e+01
1.512011718750000000e+01
1.512036132812500000e+01
1.512060546875000000e+01
1.512084960937500000e+01
1.512109375000000000e+01
1.512133789062500000e+01
1.512158203125000000e+01
1.512182617187500000e+01
1.512207031250000000e+01
1.512231445312500000e+01
1.512255859375000000e+01
1.512280273437500000e+01
1.512304687500000000e+01
1.512329101562500000e+01
1.512353515625000000e+01
1.512377929687500000e+01
1.512402343750000000e+01
1.512426757812500000e+01
1.512451171875000000e+01
1.512475585937500000e+01
1.512500000000000000e+01
1.512524414062500000e+01
1.512548828125000000e+01
1.512573242187500000e+01
1.512597656250000000e+01
1.512622070312500000e+01
1.512646484375000000e+01
1.512670898437500000e+01
1.512695312500000000e+01
1.512719726562500000e+01
1.512744140625000000e+01
1.512768554687500000e+01
1.512792968750000000e+01
1.512817382812500000e+01
1.512841796875000000e+01
1.512866210937500000e+01
1.512890625000000000e+01
1.512915039062500000e+01
1.512939453125000000e+01
1.512963867187500000e+01
1.512988281250000000e+01
1.513012695312500000e+01
1.513037109375000000e+01
1.513061523437500000e+01
1.513085937500000000e+01
1.513110351562500000e+01
1.513134765625000000e+01
1.513159179687500000e+01
1.513183593750000000e+01
1.513208007812500000e+01
1.513232421875000000e+01
1.513256835937500000e+01
1.513281250000000000e+01
1.513305664062500000e+01
1.513330078125000000e+01
1.513354492187500000e+01
1.513378906250000000e+01
1.513403320312500000e+01
1.513427734375000000e+01
1.513452148437500000e+01
1.513476562500000000e+01
1.513500976562500000e+01
1.513525390625000000e+01
1.513549804687500000e+01
1.513574218750000000e+01
1.513598632812500000e+01
1.513623046875000000e+01
1.513647460937500000e+01
1.513671875000000000e+01
1.513696289062500000e+01
1.513720703125000000e+01
1.513745117187500000e+01
1.513769531250000000e+01
1.513793945312500000e+01
1.513818359375000000e+01
1.513842773437500000e+01
1.513867187500000000e+01
1.513891601562500000e+01
1.513916015625000000e+01
1.513940429687500000e+01
1.513964843750000000e+01
1.513989257812500000e+01
1.514013671875000000e+01
1.514038085937500000e+01
1.514062500000000000e+01
1.514086914062500000e+01
1.514111328125000000e+01
1.514135742187500000e+01
1.514160156250000000e+01
1.514184570312500000e+01
1.514208984375000000e+01
1.514233398437500000e+01
1.514257812500000000e+01
1.514282226562500000e+01
1.514306640625000000e+01
1.514331054687500000e+01
1.514355468750000000e+01
1.514379882812500000e+01
1.514404296875000000e+01
1.514428710937500000e+01
1.514453125000000000e+01
1.514477539062500000e+01
1.514501953125000000e+01
1.514526367187500000e+01
1.514550781250000000e+01
1.514575195312500000e+01
1.514599609375000000e+01
1.514624023437500000e+01
1.514648437500000000e+01
1.514672851562500000e+01
1.514697265625000000e+01
1.514721679687500000e+01
1.514746093750000000e+01
1.514770507812500000e+01
1.514794921875000000e+01
1.514819335937500000e+01
1.514843750000000000e+01
1.514868164062500000e+01
1.514892578125000000e+01
1.514916992187500000e+01
1.514941406250000000e+01
1.514965820312500000e+01
1.514990234375000000e+01
1.515014648437500000e+01
1.515039062500000000e+01
1.515063476562500000e+01
1.515087890625000000e+01
1.515112304687500000e+01
1.515136718750000000e+01
1.515161132812500000e+01
1.515185546875000000e+01
1.515209960937500000e+01
1.515234375000000000e+01
1.515258789062500000e+01
1.515283203125000000e+01
1.515307617187500000e+01
1.515332031250000000e+01
1.515356445312500000e+01
1.515380859375000000e+01
1.515405273437500000e+01
1.515429687500000000e+01
1.515454101562500000e+01
1.515478515625000000e+01
1.515502929687500000e+01
1.515527343750000000e+01
1.515551757812500000e+01
1.515576171875000000e+01
1.515600585937500000e+01
1.515625000000000000e+01
1.515649414062500000e+01
1.515673828125000000e+01
1.515698242187500000e+01
1.515722656250000000e+01
1.515747070312500000e+01
1.515771484375000000e+01
1.515795898437500000e+01
1.515820312500000000e+01
1.515844726562500000e+01
1.515869140625000000e+01
1.515893554687500000e+01
1.515917968750000000e+01
1.515942382812500000e+01
1.515966796875000000e+01
1.515991210937500000e+01
1.516015625000000000e+01
1.516040039062500000e+01
1.516064453125000000e+01
1.516088867187500000e+01
1.516113281250000000e+01
1.516137695312500000e+01
1.516162109375000000e+01
1.516186523437500000e+01
1.516210937500000000e+01
1.516235351562500000e+01
1.516259765625000000e+01
1.516284179687500000e+01
1.516308593750000000e+01
1.516333007812500000e+01
1.516357421875000000e+01
1.516381835937500000e+01
1.516406250000000000e+01
1.516430664062500000e+01
1.516455078125000000e+01
1.516479492187500000e+01
1.516503906250000000e+01
1.516528320312500000e+01
1.516552734375000000e+01
1.516577148437500000e+01
1.516601562500000000e+01
1.516625976562500000e+01
1.516650390625000000e+01
1.516674804687500000e+01
1.516699218750000000e+01
1.516723632812500000e+01
1.516748046875000000e+01
1.516772460937500000e+01
1.516796875000000000e+01
1.516821289062500000e+01
1.516845703125000000e+01
1.516870117187500000e+01
1.516894531250000000e+01
1.516918945312500000e+01
1.516943359375000000e+01
1.516967773437500000e+01
1.516992187500000000e+01
1.517016601562500000e+01
1.517041015625000000e+01
1.517065429687500000e+01
1.517089843750000000e+01
1.517114257812500000e+01
1.517138671875000000e+01
1.517163085937500000e+01
1.517187500000000000e+01
1.517211914062500000e+01
1.517236328125000000e+01
1.517260742187500000e+01
1.517285156250000000e+01
1.517309570312500000e+01
1.517333984375000000e+01
1.517358398437500000e+01
1.517382812500000000e+01
1.517407226562500000e+01
1.517431640625000000e+01
1.517456054687500000e+01
1.517480468750000000e+01
1.517504882812500000e+01
1.517529296875000000e+01
1.517553710937500000e+01
1.517578125000000000e+01
1.517602539062500000e+01
1.517626953125000000e+01
1.517651367187500000e+01
1.517675781250000000e+01
1.517700195312500000e+01
1.517724609375000000e+01
1.517749023437500000e+01
1.517773437500000000e+01
1.517797851562500000e+01
1.517822265625000000e+01
1.517846679687500000e+01
1.517871093750000000e+01
1.517895507812500000e+01
1.517919921875000000e+01
1.517944335937500000e+01
1.517968750000000000e+01
1.517993164062500000e+01
1.518017578125000000e+01
1.518041992187500000e+01
1.518066406250000000e+01
1.518090820312500000e+01
1.518115234375000000e+01
1.518139648437500000e+01
1.518164062500000000e+01
1.518188476562500000e+01
1.518212890625000000e+01
1.518237304687500000e+01
1.518261718750000000e+01
1.518286132812500000e+01
1.518310546875000000e+01
1.518334960937500000e+01
1.518359375000000000e+01
1.518383789062500000e+01
1.518408203125000000e+01
1.518432617187500000e+01
1.518457031250000000e+01
1.518481445312500000e+01
1.518505859375000000e+01
1.518530273437500000e+01
1.518554687500000000e+01
1.518579101562500000e+01
1.518603515625000000e+01
1.518627929687500000e+01
1.518652343750000000e+01
1.518676757812500000e+01
1.518701171875000000e+01
1.518725585937500000e+01
1.518750000000000000e+01
1.518774414062500000e+01
1.518798828125000000e+01
1.518823242187500000e+01
1.518847656250000000e+01
1.518872070312500000e+01
1.518896484375000000e+01
1.518920898437500000e+01
1.518945312500000000e+01
1.518969726562500000e+01
1.518994140625000000e+01
1.519018554687500000e+01
1.519042968750000000e+01
1.519067382812500000e+01
1.519091796875000000e+01
1.519116210937500000e+01
1.519140625000000000e+01
1.519165039062500000e+01
1.519189453125000000e+01
1.519213867187500000e+01
1.519238281250000000e+01
1.519262695312500000e+01
1.519287109375000000e+01
1.519311523437500000e+01
1.519335937500000000e+01
1.519360351562500000e+01
1.519384765625000000e+01
1.519409179687500000e+01
1.519433593750000000e+01
1.519458007812500000e+01
1.519482421875000000e+01
1.519506835937500000e+01
1.519531250000000000e+01
1.519555664062500000e+01
1.519580078125000000e+01
1.519604492187500000e+01
1.519628906250000000e+01
1.519653320312500000e+01
1.519677734375000000e+01
1.519702148437500000e+01
1.519726562500000000e+01
1.519750976562500000e+01
1.519775390625000000e+01
1.519799804687500000e+01
1.519824218750000000e+01
1.519848632812500000e+01
1.519873046875000000e+01
1.519897460937500000e+01
1.519921875000000000e+01
1.519946289062500000e+01
1.519970703125000000e+01
1.519995117187500000e+01
1.520019531250000000e+01
1.520043945312500000e+01
1.520068359375000000e+01
1.520092773437500000e+01
1.520117187500000000e+01
1.520141601562500000e+01
1.520166015625000000e+01
1.520190429687500000e+01
1.520214843750000000e+01
1.520239257812500000e+01
1.520263671875000000e+01
1.520288085937500000e+01
1.520312500000000000e+01
1.520336914062500000e+01
1.520361328125000000e+01
1.520385742187500000e+01
1.520410156250000000e+01
1.520434570312500000e+01
1.520458984375000000e+01
1.520483398437500000e+01
1.520507812500000000e+01
1.520532226562500000e+01
1.520556640625000000e+01
1.520581054687500000e+01
1.520605468750000000e+01
1.520629882812500000e+01
1.520654296875000000e+01
1.520678710937500000e+01
1.520703125000000000e+01
1.520727539062500000e+01
1.520751953125000000e+01
1.520776367187500000e+01
1.520800781250000000e+01
1.520825195312500000e+01
1.520849609375000000e+01
1.520874023437500000e+01
1.520898437500000000e+01
1.520922851562500000e+01
1.520947265625000000e+01
1.520971679687500000e+01
1.520996093750000000e+01
1.521020507812500000e+01
1.521044921875000000e+01
1.521069335937500000e+01
1.521093750000000000e+01
1.521118164062500000e+01
1.521142578125000000e+01
1.521166992187500000e+01
1.521191406250000000e+01
1.521215820312500000e+01
1.521240234375000000e+01
1.521264648437500000e+01
1.521289062500000000e+01
1.521313476562500000e+01
1.521337890625000000e+01
1.521362304687500000e+01
1.521386718750000000e+01
1.521411132812500000e+01
1.521435546875000000e+01
1.521459960937500000e+01
1.521484375000000000e+01
1.521508789062500000e+01
1.521533203125000000e+01
1.521557617187500000e+01
1.521582031250000000e+01
1.521606445312500000e+01
1.521630859375000000e+01
1.521655273437500000e+01
1.521679687500000000e+01
1.521704101562500000e+01
1.521728515625000000e+01
1.521752929687500000e+01
1.521777343750000000e+01
1.521801757812500000e+01
1.521826171875000000e+01
1.521850585937500000e+01
1.521875000000000000e+01
1.521899414062500000e+01
1.521923828125000000e+01
1.521948242187500000e+01
1.521972656250000000e+01
1.521997070312500000e+01
1.522021484375000000e+01
1.522045898437500000e+01
1.522070312500000000e+01
1.522094726562500000e+01
1.522119140625000000e+01
1.522143554687500000e+01
1.522167968750000000e+01
1.522192382812500000e+01
1.522216796875000000e+01
1.522241210937500000e+01
1.522265625000000000e+01
1.522290039062500000e+01
1.522314453125000000e+01
1.522338867187500000e+01
1.522363281250000000e+01
1.522387695312500000e+01
1.522412109375000000e+01
1.522436523437500000e+01
1.522460937500000000e+01
1.522485351562500000e+01
1.522509765625000000e+01
1.522534179687500000e+01
1.522558593750000000e+01
1.522583007812500000e+01
1.522607421875000000e+01
1.522631835937500000e+01
1.522656250000000000e+01
1.522680664062500000e+01
1.522705078125000000e+01
1.522729492187500000e+01
1.522753906250000000e+01
1.522778320312500000e+01
1.522802734375000000e+01
1.522827148437500000e+01
1.522851562500000000e+01
1.522875976562500000e+01
1.522900390625000000e+01
1.522924804687500000e+01
1.522949218750000000e+01
1.522973632812500000e+01
1.522998046875000000e+01
1.523022460937500000e+01
1.523046875000000000e+01
1.523071289062500000e+01
1.523095703125000000e+01
1.523120117187500000e+01
1.523144531250000000e+01
1.523168945312500000e+01
1.523193359375000000e+01
1.523217773437500000e+01
1.523242187500000000e+01
1.523266601562500000e+01
1.523291015625000000e+01
1.523315429687500000e+01
1.523339843750000000e+01
1.523364257812500000e+01
1.523388671875000000e+01
1.523413085937500000e+01
1.523437500000000000e+01
1.523461914062500000e+01
1.523486328125000000e+01
1.523510742187500000e+01
1.523535156250000000e+01
1.523559570312500000e+01
1.523583984375000000e+01
1.523608398437500000e+01
1.523632812500000000e+01
1.523657226562500000e+01
1.523681640625000000e+01
1.523706054687500000e+01
1.523730468750000000e+01
1.523754882812500000e+01
1.523779296875000000e+01
1.523803710937500000e+01
1.523828125000000000e+01
1.523852539062500000e+01
1.523876953125000000e+01
1.523901367187500000e+01
1.523925781250000000e+01
1.523950195312500000e+01
1.523974609375000000e+01
1.523999023437500000e+01
1.524023437500000000e+01
1.524047851562500000e+01
1.524072265625000000e+01
1.524096679687500000e+01
1.524121093750000000e+01
1.524145507812500000e+01
1.524169921875000000e+01
1.524194335937500000e+01
1.524218750000000000e+01
1.524243164062500000e+01
1.524267578125000000e+01
1.524291992187500000e+01
1.524316406250000000e+01
1.524340820312500000e+01
1.524365234375000000e+01
1.524389648437500000e+01
1.524414062500000000e+01
1.524438476562500000e+01
1.524462890625000000e+01
1.524487304687500000e+01
1.524511718750000000e+01
1.524536132812500000e+01
1.524560546875000000e+01
1.524584960937500000e+01
1.524609375000000000e+01
1.524633789062500000e+01
1.524658203125000000e+01
1.524682617187500000e+01
1.524707031250000000e+01
1.524731445312500000e+01
1.524755859375000000e+01
1.524780273437500000e+01
1.524804687500000000e+01
1.524829101562500000e+01
1.524853515625000000e+01
1.524877929687500000e+01
1.524902343750000000e+01
1.524926757812500000e+01
1.524951171875000000e+01
1.524975585937500000e+01
1.525000000000000000e+01
1.525024414062500000e+01
1.525048828125000000e+01
1.525073242187500000e+01
1.525097656250000000e+01
1.525122070312500000e+01
1.525146484375000000e+01
1.525170898437500000e+01
1.525195312500000000e+01
1.525219726562500000e+01
1.525244140625000000e+01
1.525268554687500000e+01
1.525292968750000000e+01
1.525317382812500000e+01
1.525341796875000000e+01
1.525366210937500000e+01
1.525390625000000000e+01
1.525415039062500000e+01
1.525439453125000000e+01
1.525463867187500000e+01
1.525488281250000000e+01
1.525512695312500000e+01
1.525537109375000000e+01
1.525561523437500000e+01
1.525585937500000000e+01
1.525610351562500000e+01
1.525634765625000000e+01
1.525659179687500000e+01
1.525683593750000000e+01
1.525708007812500000e+01
1.525732421875000000e+01
1.525756835937500000e+01
1.525781250000000000e+01
1.525805664062500000e+01
1.525830078125000000e+01
1.525854492187500000e+01
1.525878906250000000e+01
1.525903320312500000e+01
1.525927734375000000e+01
1.525952148437500000e+01
1.525976562500000000e+01
1.526000976562500000e+01
1.526025390625000000e+01
1.526049804687500000e+01
1.526074218750000000e+01
1.526098632812500000e+01
1.526123046875000000e+01
1.526147460937500000e+01
1.526171875000000000e+01
1.526196289062500000e+01
1.526220703125000000e+01
1.526245117187500000e+01
1.526269531250000000e+01
1.526293945312500000e+01
1.526318359375000000e+01
1.526342773437500000e+01
1.526367187500000000e+01
1.526391601562500000e+01
1.526416015625000000e+01
1.526440429687500000e+01
1.526464843750000000e+01
1.526489257812500000e+01
1.526513671875000000e+01
1.526538085937500000e+01
1.526562500000000000e+01
1.526586914062500000e+01
1.526611328125000000e+01
1.526635742187500000e+01
1.526660156250000000e+01
1.526684570312500000e+01
1.526708984375000000e+01
1.526733398437500000e+01
1.526757812500000000e+01
1.526782226562500000e+01
1.526806640625000000e+01
1.526831054687500000e+01
1.526855468750000000e+01
1.526879882812500000e+01
1.526904296875000000e+01
1.526928710937500000e+01
1.526953125000000000e+01
1.526977539062500000e+01
1.527001953125000000e+01
1.527026367187500000e+01
1.527050781250000000e+01
1.527075195312500000e+01
1.527099609375000000e+01
1.527124023437500000e+01
1.527148437500000000e+01
1.527172851562500000e+01
1.527197265625000000e+01
1.527221679687500000e+01
1.527246093750000000e+01
1.527270507812500000e+01
1.527294921875000000e+01
1.527319335937500000e+01
1.527343750000000000e+01
1.527368164062500000e+01
1.527392578125000000e+01
1.527416992187500000e+01
1.527441406250000000e+01
1.527465820312500000e+01
1.527490234375000000e+01
1.527514648437500000e+01
1.527539062500000000e+01
1.527563476562500000e+01
1.527587890625000000e+01
1.527612304687500000e+01
1.527636718750000000e+01
1.527661132812500000e+01
1.527685546875000000e+01
1.527709960937500000e+01
1.527734375000000000e+01
1.527758789062500000e+01
1.527783203125000000e+01
1.527807617187500000e+01
1.527832031250000000e+01
1.527856445312500000e+01
1.527880859375000000e+01
1.527905273437500000e+01
1.527929687500000000e+01
1.527954101562500000e+01
1.527978515625000000e+01
1.528002929687500000e+01
1.528027343750000000e+01
1.528051757812500000e+01
1.528076171875000000e+01
1.528100585937500000e+01
1.528125000000000000e+01
1.528149414062500000e+01
1.528173828125000000e+01
1.528198242187500000e+01
1.528222656250000000e+01
1.528247070312500000e+01
1.528271484375000000e+01
1.528295898437500000e+01
1.528320312500000000e+01
1.528344726562500000e+01
1.528369140625000000e+01
1.528393554687500000e+01
1.528417968750000000e+01
1.528442382812500000e+01
1.528466796875000000e+01
1.528491210937500000e+01
1.528515625000000000e+01
1.528540039062500000e+01
1.528564453125000000e+01
1.528588867187500000e+01
1.528613281250000000e+01
1.528637695312500000e+01
1.528662109375000000e+01
1.528686523437500000e+01
1.528710937500000000e+01
1.528735351562500000e+01
1.528759765625000000e+01
1.528784179687500000e+01
1.528808593750000000e+01
1.528833007812500000e+01
1.528857421875000000e+01
1.528881835937500000e+01
1.528906250000000000e+01
1.528930664062500000e+01
1.528955078125000000e+01
1.528979492187500000e+01
1.529003906250000000e+01
1.529028320312500000e+01
1.529052734375000000e+01
1.529077148437500000e+01
1.529101562500000000e+01
1.529125976562500000e+01
1.529150390625000000e+01
1.529174804687500000e+01
1.529199218750000000e+01
1.529223632812500000e+01
1.529248046875000000e+01
1.529272460937500000e+01
1.529296875000000000e+01
1.529321289062500000e+01
1.529345703125000000e+01
1.529370117187500000e+01
1.529394531250000000e+01
1.529418945312500000e+01
1.529443359375000000e+01
1.529467773437500000e+01
1.529492187500000000e+01
1.529516601562500000e+01
1.529541015625000000e+01
1.529565429687500000e+01
1.529589843750000000e+01
1.529614257812500000e+01
1.529638671875000000e+01
1.529663085937500000e+01
1.529687500000000000e+01
1.529711914062500000e+01
1.529736328125000000e+01
1.529760742187500000e+01
1.529785156250000000e+01
1.529809570312500000e+01
1.529833984375000000e+01
1.529858398437500000e+01
1.529882812500000000e+01
1.529907226562500000e+01
1.529931640625000000e+01
1.529956054687500000e+01
1.529980468750000000e+01
1.530004882812500000e+01
1.530029296875000000e+01
1.530053710937500000e+01
1.530078125000000000e+01
1.530102539062500000e+01
1.530126953125000000e+01
1.530151367187500000e+01
1.530175781250000000e+01
1.530200195312500000e+01
1.530224609375000000e+01
1.530249023437500000e+01
1.530273437500000000e+01
1.530297851562500000e+01
1.530322265625000000e+01
1.530346679687500000e+01
1.530371093750000000e+01
1.530395507812500000e+01
1.530419921875000000e+01
1.530444335937500000e+01
1.530468750000000000e+01
1.530493164062500000e+01
1.530517578125000000e+01
1.530541992187500000e+01
1.530566406250000000e+01
1.530590820312500000e+01
1.530615234375000000e+01
1.530639648437500000e+01
1.530664062500000000e+01
1.530688476562500000e+01
1.530712890625000000e+01
1.530737304687500000e+01
1.530761718750000000e+01
1.530786132812500000e+01
1.530810546875000000e+01
1.530834960937500000e+01
1.530859375000000000e+01
1.530883789062500000e+01
1.530908203125000000e+01
1.530932617187500000e+01
1.530957031250000000e+01
1.530981445312500000e+01
1.531005859375000000e+01
1.531030273437500000e+01
1.531054687500000000e+01
1.531079101562500000e+01
1.531103515625000000e+01
1.531127929687500000e+01
1.531152343750000000e+01
1.531176757812500000e+01
1.531201171875000000e+01
1.531225585937500000e+01
1.531250000000000000e+01
1.531274414062500000e+01
1.531298828125000000e+01
1.531323242187500000e+01
1.531347656250000000e+01
1.531372070312500000e+01
1.531396484375000000e+01
1.531420898437500000e+01
1.531445312500000000e+01
1.531469726562500000e+01
1.531494140625000000e+01
1.531518554687500000e+01
1.531542968750000000e+01
1.531567382812500000e+01
1.531591796875000000e+01
1.531616210937500000e+01
1.531640625000000000e+01
1.531665039062500000e+01
1.531689453125000000e+01
1.531713867187500000e+01
1.531738281250000000e+01
1.531762695312500000e+01
1.531787109375000000e+01
1.531811523437500000e+01
1.531835937500000000e+01
1.531860351562500000e+01
1.531884765625000000e+01
1.531909179687500000e+01
1.531933593750000000e+01
1.531958007812500000e+01
1.531982421875000000e+01
1.532006835937500000e+01
1.532031250000000000e+01
1.532055664062500000e+01
1.532080078125000000e+01
1.532104492187500000e+01
1.532128906250000000e+01
1.532153320312500000e+01
1.532177734375000000e+01
1.532202148437500000e+01
1.532226562500000000e+01
1.532250976562500000e+01
1.532275390625000000e+01
1.532299804687500000e+01
1.532324218750000000e+01
1.532348632812500000e+01
1.532373046875000000e+01
1.532397460937500000e+01
1.532421875000000000e+01
1.532446289062500000e+01
1.532470703125000000e+01
1.532495117187500000e+01
1.532519531250000000e+01
1.532543945312500000e+01
1.532568359375000000e+01
1.532592773437500000e+01
1.532617187500000000e+01
1.532641601562500000e+01
1.532666015625000000e+01
1.532690429687500000e+01
1.532714843750000000e+01
1.532739257812500000e+01
1.532763671875000000e+01
1.532788085937500000e+01
1.532812500000000000e+01
1.532836914062500000e+01
1.532861328125000000e+01
1.532885742187500000e+01
1.532910156250000000e+01
1.532934570312500000e+01
1.532958984375000000e+01
1.532983398437500000e+01
1.533007812500000000e+01
1.533032226562500000e+01
1.533056640625000000e+01
1.533081054687500000e+01
1.533105468750000000e+01
1.533129882812500000e+01
1.533154296875000000e+01
1.533178710937500000e+01
1.533203125000000000e+01
1.533227539062500000e+01
1.533251953125000000e+01
1.533276367187500000e+01
1.533300781250000000e+01
1.533325195312500000e+01
1.533349609375000000e+01
1.533374023437500000e+01
1.533398437500000000e+01
1.533422851562500000e+01
1.533447265625000000e+01
1.533471679687500000e+01
1.533496093750000000e+01
1.533520507812500000e+01
1.533544921875000000e+01
1.533569335937500000e+01
1.533593750000000000e+01
1.533618164062500000e+01
1.533642578125000000e+01
1.533666992187500000e+01
1.533691406250000000e+01
1.533715820312500000e+01
1.533740234375000000e+01
1.533764648437500000e+01
1.533789062500000000e+01
1.533813476562500000e+01
1.533837890625000000e+01
1.533862304687500000e+01
1.533886718750000000e+01
1.533911132812500000e+01
1.533935546875000000e+01
1.533959960937500000e+01
1.533984375000000000e+01
1.534008789062500000e+01
1.534033203125000000e+01
1.534057617187500000e+01
1.534082031250000000e+01
1.534106445312500000e+01
1.534130859375000000e+01
1.534155273437500000e+01
1.534179687500000000e+01
1.534204101562500000e+01
1.534228515625000000e+01
1.534252929687500000e+01
1.534277343750000000e+01
1.534301757812500000e+01
1.534326171875000000e+01
1.534350585937500000e+01
1.534375000000000000e+01
1.534399414062500000e+01
1.534423828125000000e+01
1.534448242187500000e+01
1.534472656250000000e+01
1.534497070312500000e+01
1.534521484375000000e+01
1.534545898437500000e+01
1.534570312500000000e+01
1.534594726562500000e+01
1.534619140625000000e+01
1.534643554687500000e+01
1.534667968750000000e+01
1.534692382812500000e+01
1.534716796875000000e+01
1.534741210937500000e+01
1.534765625000000000e+01
1.534790039062500000e+01
1.534814453125000000e+01
1.534838867187500000e+01
1.534863281250000000e+01
1.534887695312500000e+01
1.534912109375000000e+01
1.534936523437500000e+01
1.534960937500000000e+01
1.534985351562500000e+01
1.535009765625000000e+01
1.535034179687500000e+01
1.535058593750000000e+01
1.535083007812500000e+01
1.535107421875000000e+01
1.535131835937500000e+01
1.535156250000000000e+01
1.535180664062500000e+01
1.535205078125000000e+01
1.535229492187500000e+01
1.535253906250000000e+01
1.535278320312500000e+01
1.535302734375000000e+01
1.535327148437500000e+01
1.535351562500000000e+01
1.535375976562500000e+01
1.535400390625000000e+01
1.535424804687500000e+01
1.535449218750000000e+01
1.535473632812500000e+01
1.535498046875000000e+01
1.535522460937500000e+01
1.535546875000000000e+01
1.535571289062500000e+01
1.535595703125000000e+01
1.535620117187500000e+01
1.535644531250000000e+01
1.535668945312500000e+01
1.535693359375000000e+01
1.535717773437500000e+01
1.535742187500000000e+01
1.535766601562500000e+01
1.535791015625000000e+01
1.535815429687500000e+01
1.535839843750000000e+01
1.535864257812500000e+01
1.535888671875000000e+01
1.535913085937500000e+01
1.535937500000000000e+01
1.535961914062500000e+01
1.535986328125000000e+01
1.536010742187500000e+01
1.536035156250000000e+01
1.536059570312500000e+01
1.536083984375000000e+01
1.536108398437500000e+01
1.536132812500000000e+01
1.536157226562500000e+01
1.536181640625000000e+01
1.536206054687500000e+01
1.536230468750000000e+01
1.536254882812500000e+01
1.536279296875000000e+01
1.536303710937500000e+01
1.536328125000000000e+01
1.536352539062500000e+01
1.536376953125000000e+01
1.536401367187500000e+01
1.536425781250000000e+01
1.536450195312500000e+01
1.536474609375000000e+01
1.536499023437500000e+01
1.536523437500000000e+01
1.536547851562500000e+01
1.536572265625000000e+01
1.536596679687500000e+01
1.536621093750000000e+01
1.536645507812500000e+01
1.536669921875000000e+01
1.536694335937500000e+01
1.536718750000000000e+01
1.536743164062500000e+01
1.536767578125000000e+01
1.536791992187500000e+01
1.536816406250000000e+01
1.536840820312500000e+01
1.536865234375000000e+01
1.536889648437500000e+01
1.536914062500000000e+01
1.536938476562500000e+01
1.536962890625000000e+01
1.536987304687500000e+01
1.537011718750000000e+01
1.537036132812500000e+01
1.537060546875000000e+01
1.537084960937500000e+01
1.537109375000000000e+01
1.537133789062500000e+01
1.537158203125000000e+01
1.537182617187500000e+01
1.537207031250000000e+01
1.537231445312500000e+01
1.537255859375000000e+01
1.537280273437500000e+01
1.537304687500000000e+01
1.537329101562500000e+01
1.537353515625000000e+01
1.537377929687500000e+01
1.537402343750000000e+01
1.537426757812500000e+01
1.537451171875000000e+01
1.537475585937500000e+01
1.537500000000000000e+01
1.537524414062500000e+01
1.537548828125000000e+01
1.537573242187500000e+01
1.537597656250000000e+01
1.537622070312500000e+01
1.537646484375000000e+01
1.537670898437500000e+01
1.537695312500000000e+01
1.537719726562500000e+01
1.537744140625000000e+01
1.537768554687500000e+01
1.537792968750000000e+01
1.537817382812500000e+01
1.537841796875000000e+01
1.537866210937500000e+01
1.537890625000000000e+01
1.537915039062500000e+01
1.537939453125000000e+01
1.537963867187500000e+01
1.537988281250000000e+01
1.538012695312500000e+01
1.538037109375000000e+01
1.538061523437500000e+01
1.538085937500000000e+01
1.538110351562500000e+01
1.538134765625000000e+01
1.538159179687500000e+01
1.538183593750000000e+01
1.538208007812500000e+01
1.538232421875000000e+01
1.538256835937500000e+01
1.538281250000000000e+01
1.538305664062500000e+01
1.538330078125000000e+01
1.538354492187500000e+01
1.538378906250000000e+01
1.538403320312500000e+01
1.538427734375000000e+01
1.538452148437500000e+01
1.538476562500000000e+01
1.538500976562500000e+01
1.538525390625000000e+01
1.538549804687500000e+01
1.538574218750000000e+01
1.538598632812500000e+01
1.538623046875000000e+01
1.538647460937500000e+01
1.538671875000000000e+01
1.538696289062500000e+01
1.538720703125000000e+01
1.538745117187500000e+01
1.538769531250000000e+01
1.538793945312500000e+01
1.538818359375000000e+01
1.538842773437500000e+01
1.538867187500000000e+01
1.538891601562500000e+01
1.538916015625000000e+01
1.538940429687500000e+01
1.538964843750000000e+01
1.538989257812500000e+01
1.539013671875000000e+01
1.539038085937500000e+01
1.539062500000000000e+01
1.539086914062500000e+01
1.539111328125000000e+01
1.539135742187500000e+01
1.539160156250000000e+01
1.539184570312500000e+01
1.539208984375000000e+01
1.539233398437500000e+01
1.539257812500000000e+01
1.539282226562500000e+01
1.539306640625000000e+01
1.539331054687500000e+01
1.539355468750000000e+01
1.539379882812500000e+01
1.539404296875000000e+01
1.539428710937500000e+01
1.539453125000000000e+01
1.539477539062500000e+01
1.539501953125000000e+01
1.539526367187500000e+01
1.539550781250000000e+01
1.539575195312500000e+01
1.539599609375000000e+01
1.539624023437500000e+01
1.539648437500000000e+01
1.539672851562500000e+01
1.539697265625000000e+01
1.539721679687500000e+01
1.539746093750000000e+01
1.539770507812500000e+01
1.539794921875000000e+01
1.539819335937500000e+01
1.539843750000000000e+01
1.539868164062500000e+01
1.539892578125000000e+01
1.539916992187500000e+01
1.539941406250000000e+01
1.539965820312500000e+01
1.539990234375000000e+01
1.540014648437500000e+01
1.540039062500000000e+01
1.540063476562500000e+01
1.540087890625000000e+01
1.540112304687500000e+01
1.540136718750000000e+01
1.540161132812500000e+01
1.540185546875000000e+01
1.540209960937500000e+01
1.540234375000000000e+01
1.540258789062500000e+01
1.540283203125000000e+01
1.540307617187500000e+01
1.540332031250000000e+01
1.540356445312500000e+01
1.540380859375000000e+01
1.540405273437500000e+01
1.540429687500000000e+01
1.540454101562500000e+01
1.540478515625000000e+01
1.540502929687500000e+01
1.540527343750000000e+01
1.540551757812500000e+01
1.540576171875000000e+01
1.540600585937500000e+01
1.540625000000000000e+01
1.540649414062500000e+01
1.540673828125000000e+01
1.540698242187500000e+01
1.540722656250000000e+01
1.540747070312500000e+01
1.540771484375000000e+01
1.540795898437500000e+01
1.540820312500000000e+01
1.540844726562500000e+01
1.540869140625000000e+01
1.540893554687500000e+01
1.540917968750000000e+01
1.540942382812500000e+01
1.540966796875000000e+01
1.540991210937500000e+01
1.541015625000000000e+01
1.541040039062500000e+01
1.541064453125000000e+01
1.541088867187500000e+01
1.541113281250000000e+01
1.541137695312500000e+01
1.541162109375000000e+01
1.541186523437500000e+01
1.541210937500000000e+01
1.541235351562500000e+01
1.541259765625000000e+01
1.541284179687500000e+01
1.541308593750000000e+01
1.541333007812500000e+01
1.541357421875000000e+01
1.541381835937500000e+01
1.541406250000000000e+01
1.541430664062500000e+01
1.541455078125000000e+01
1.541479492187500000e+01
1.541503906250000000e+01
1.541528320312500000e+01
1.541552734375000000e+01
1.541577148437500000e+01
1.541601562500000000e+01
1.541625976562500000e+01
1.541650390625000000e+01
1.541674804687500000e+01
1.541699218750000000e+01
1.541723632812500000e+01
1.541748046875000000e+01
1.541772460937500000e+01
1.541796875000000000e+01
1.541821289062500000e+01
1.541845703125000000e+01
1.541870117187500000e+01
1.541894531250000000e+01
1.541918945312500000e+01
1.541943359375000000e+01
1.541967773437500000e+01
1.541992187500000000e+01
1.542016601562500000e+01
1.542041015625000000e+01
1.542065429687500000e+01
1.542089843750000000e+01
1.542114257812500000e+01
1.542138671875000000e+01
1.542163085937500000e+01
1.542187500000000000e+01
1.542211914062500000e+01
1.542236328125000000e+01
1.542260742187500000e+01
1.542285156250000000e+01
1.542309570312500000e+01
1.542333984375000000e+01
1.542358398437500000e+01
1.542382812500000000e+01
1.542407226562500000e+01
1.542431640625000000e+01
1.542456054687500000e+01
1.542480468750000000e+01
1.542504882812500000e+01
1.542529296875000000e+01
1.542553710937500000e+01
1.542578125000000000e+01
1.542602539062500000e+01
1.542626953125000000e+01
1.542651367187500000e+01
1.542675781250000000e+01
1.542700195312500000e+01
1.542724609375000000e+01
1.542749023437500000e+01
1.542773437500000000e+01
1.542797851562500000e+01
1.542822265625000000e+01
1.542846679687500000e+01
1.542871093750000000e+01
1.542895507812500000e+01
1.542919921875000000e+01
1.542944335937500000e+01
1.542968750000000000e+01
1.542993164062500000e+01
1.543017578125000000e+01
1.543041992187500000e+01
1.543066406250000000e+01
1.543090820312500000e+01
1.543115234375000000e+01
1.543139648437500000e+01
1.543164062500000000e+01
1.543188476562500000e+01
1.543212890625000000e+01
1.543237304687500000e+01
1.543261718750000000e+01
1.543286132812500000e+01
1.543310546875000000e+01
1.543334960937500000e+01
1.543359375000000000e+01
1.543383789062500000e+01
1.543408203125000000e+01
1.543432617187500000e+01
1.543457031250000000e+01
1.543481445312500000e+01
1.543505859375000000e+01
1.543530273437500000e+01
1.543554687500000000e+01
1.543579101562500000e+01
1.543603515625000000e+01
1.543627929687500000e+01
1.543652343750000000e+01
1.543676757812500000e+01
1.543701171875000000e+01
1.543725585937500000e+01
1.543750000000000000e+01
1.543774414062500000e+01
1.543798828125000000e+01
1.543823242187500000e+01
1.543847656250000000e+01
1.543872070312500000e+01
1.543896484375000000e+01
1.543920898437500000e+01
1.543945312500000000e+01
1.543969726562500000e+01
1.543994140625000000e+01
1.544018554687500000e+01
1.544042968750000000e+01
1.544067382812500000e+01
1.544091796875000000e+01
1.544116210937500000e+01
1.544140625000000000e+01
1.544165039062500000e+01
1.544189453125000000e+01
1.544213867187500000e+01
1.544238281250000000e+01
1.544262695312500000e+01
1.544287109375000000e+01
1.544311523437500000e+01
1.544335937500000000e+01
1.544360351562500000e+01
1.544384765625000000e+01
1.544409179687500000e+01
1.544433593750000000e+01
1.544458007812500000e+01
1.544482421875000000e+01
1.544506835937500000e+01
1.544531250000000000e+01
1.544555664062500000e+01
1.544580078125000000e+01
1.544604492187500000e+01
1.544628906250000000e+01
1.544653320312500000e+01
1.544677734375000000e+01
1.544702148437500000e+01
1.544726562500000000e+01
1.544750976562500000e+01
1.544775390625000000e+01
1.544799804687500000e+01
1.544824218750000000e+01
1.544848632812500000e+01
1.544873046875000000e+01
1.544897460937500000e+01
1.544921875000000000e+01
1.544946289062500000e+01
1.544970703125000000e+01
1.544995117187500000e+01
1.545019531250000000e+01
1.545043945312500000e+01
1.545068359375000000e+01
1.545092773437500000e+01
1.545117187500000000e+01
1.545141601562500000e+01
1.545166015625000000e+01
1.545190429687500000e+01
1.545214843750000000e+01
1.545239257812500000e+01
1.545263671875000000e+01
1.545288085937500000e+01
1.545312500000000000e+01
1.545336914062500000e+01
1.545361328125000000e+01
1.545385742187500000e+01
1.545410156250000000e+01
1.545434570312500000e+01
1.545458984375000000e+01
1.545483398437500000e+01
1.545507812500000000e+01
1.545532226562500000e+01
1.545556640625000000e+01
1.545581054687500000e+01
1.545605468750000000e+01
1.545629882812500000e+01
1.545654296875000000e+01
1.545678710937500000e+01
1.545703125000000000e+01
1.545727539062500000e+01
1.545751953125000000e+01
1.545776367187500000e+01
1.545800781250000000e+01
1.545825195312500000e+01
1.545849609375000000e+01
1.545874023437500000e+01
1.545898437500000000e+01
1.545922851562500000e+01
1.545947265625000000e+01
1.545971679687500000e+01
1.545996093750000000e+01
1.546020507812500000e+01
1.546044921875000000e+01
1.546069335937500000e+01
1.546093750000000000e+01
1.546118164062500000e+01
1.546142578125000000e+01
1.546166992187500000e+01
1.546191406250000000e+01
1.546215820312500000e+01
1.546240234375000000e+01
1.546264648437500000e+01
1.546289062500000000e+01
1.546313476562500000e+01
1.546337890625000000e+01
1.546362304687500000e+01
1.546386718750000000e+01
1.546411132812500000e+01
1.546435546875000000e+01
1.546459960937500000e+01
1.546484375000000000e+01
1.546508789062500000e+01
1.546533203125000000e+01
1.546557617187500000e+01
1.546582031250000000e+01
1.546606445312500000e+01
1.546630859375000000e+01
1.546655273437500000e+01
1.546679687500000000e+01
1.546704101562500000e+01
1.546728515625000000e+01
1.546752929687500000e+01
1.546777343750000000e+01
1.546801757812500000e+01
1.546826171875000000e+01
1.546850585937500000e+01
1.546875000000000000e+01
1.546899414062500000e+01
1.546923828125000000e+01
1.546948242187500000e+01
1.546972656250000000e+01
1.546997070312500000e+01
1.547021484375000000e+01
1.547045898437500000e+01
1.547070312500000000e+01
1.547094726562500000e+01
1.547119140625000000e+01
1.547143554687500000e+01
1.547167968750000000e+01
1.547192382812500000e+01
1.547216796875000000e+01
1.547241210937500000e+01
1.547265625000000000e+01
1.547290039062500000e+01
1.547314453125000000e+01
1.547338867187500000e+01
1.547363281250000000e+01
1.547387695312500000e+01
1.547412109375000000e+01
1.547436523437500000e+01
1.547460937500000000e+01
1.547485351562500000e+01
1.547509765625000000e+01
1.547534179687500000e+01
1.547558593750000000e+01
1.547583007812500000e+01
1.547607421875000000e+01
1.547631835937500000e+01
1.547656250000000000e+01
1.547680664062500000e+01
1.547705078125000000e+01
1.547729492187500000e+01
1.547753906250000000e+01
1.547778320312500000e+01
1.547802734375000000e+01
1.547827148437500000e+01
1.547851562500000000e+01
1.547875976562500000e+01
1.547900390625000000e+01
1.547924804687500000e+01
1.547949218750000000e+01
1.547973632812500000e+01
1.547998046875000000e+01
1.548022460937500000e+01
1.548046875000000000e+01
1.548071289062500000e+01
1.548095703125000000e+01
1.548120117187500000e+01
1.548144531250000000e+01
1.548168945312500000e+01
1.548193359375000000e+01
1.548217773437500000e+01
1.548242187500000000e+01
1.548266601562500000e+01
1.548291015625000000e+01
1.548315429687500000e+01
1.548339843750000000e+01
1.548364257812500000e+01
1.548388671875000000e+01
1.548413085937500000e+01
1.548437500000000000e+01
1.548461914062500000e+01
1.548486328125000000e+01
1.548510742187500000e+01
1.548535156250000000e+01
1.548559570312500000e+01
1.548583984375000000e+01
1.548608398437500000e+01
1.548632812500000000e+01
1.548657226562500000e+01
1.548681640625000000e+01
1.548706054687500000e+01
1.548730468750000000e+01
1.548754882812500000e+01
1.548779296875000000e+01
1.548803710937500000e+01
1.548828125000000000e+01
1.548852539062500000e+01
1.548876953125000000e+01
1.548901367187500000e+01
1.548925781250000000e+01
1.548950195312500000e+01
1.548974609375000000e+01
1.548999023437500000e+01
1.549023437500000000e+01
1.549047851562500000e+01
1.549072265625000000e+01
1.549096679687500000e+01
1.549121093750000000e+01
1.549145507812500000e+01
1.549169921875000000e+01
1.549194335937500000e+01
1.549218750000000000e+01
1.549243164062500000e+01
1.549267578125000000e+01
1.549291992187500000e+01
1.549316406250000000e+01
1.549340820312500000e+01
1.549365234375000000e+01
1.549389648437500000e+01
1.549414062500000000e+01
1.549438476562500000e+01
1.549462890625000000e+01
1.549487304687500000e+01
1.549511718750000000e+01
1.549536132812500000e+01
1.549560546875000000e+01
1.549584960937500000e+01
1.549609375000000000e+01
1.549633789062500000e+01
1.549658203125000000e+01
1.549682617187500000e+01
1.549707031250000000e+01
1.549731445312500000e+01
1.549755859375000000e+01
1.549780273437500000e+01
1.549804687500000000e+01
1.549829101562500000e+01
1.549853515625000000e+01
1.549877929687500000e+01
1.549902343750000000e+01
1.549926757812500000e+01
1.549951171875000000e+01
1.549975585937500000e+01
1.550000000000000000e+01
1.550024414062500000e+01
1.550048828125000000e+01
1.550073242187500000e+01
1.550097656250000000e+01
1.550122070312500000e+01
1.550146484375000000e+01
1.550170898437500000e+01
1.550195312500000000e+01
1.550219726562500000e+01
1.550244140625000000e+01
1.550268554687500000e+01
1.550292968750000000e+01
1.550317382812500000e+01
1.550341796875000000e+01
1.550366210937500000e+01
1.550390625000000000e+01
1.550415039062500000e+01
1.550439453125000000e+01
1.550463867187500000e+01
1.550488281250000000e+01
1.550512695312500000e+01
1.550537109375000000e+01
1.550561523437500000e+01
1.550585937500000000e+01
1.550610351562500000e+01
1.550634765625000000e+01
1.550659179687500000e+01
1.550683593750000000e+01
1.550708007812500000e+01
1.550732421875000000e+01
1.550756835937500000e+01
1.550781250000000000e+01
1.550805664062500000e+01
1.550830078125000000e+01
1.550854492187500000e+01
1.550878906250000000e+01
1.550903320312500000e+01
1.550927734375000000e+01
1.550952148437500000e+01
1.550976562500000000e+01
1.551000976562500000e+01
1.551025390625000000e+01
1.551049804687500000e+01
1.551074218750000000e+01
1.551098632812500000e+01
1.551123046875000000e+01
1.551147460937500000e+01
1.551171875000000000e+01
1.551196289062500000e+01
1.551220703125000000e+01
1.551245117187500000e+01
1.551269531250000000e+01
1.551293945312500000e+01
1.551318359375000000e+01
1.551342773437500000e+01
1.551367187500000000e+01
1.551391601562500000e+01
1.551416015625000000e+01
1.551440429687500000e+01
1.551464843750000000e+01
1.551489257812500000e+01
1.551513671875000000e+01
1.551538085937500000e+01
1.551562500000000000e+01
1.551586914062500000e+01
1.551611328125000000e+01
1.551635742187500000e+01
1.551660156250000000e+01
1.551684570312500000e+01
1.551708984375000000e+01
1.551733398437500000e+01
1.551757812500000000e+01
1.551782226562500000e+01
1.551806640625000000e+01
1.551831054687500000e+01
1.551855468750000000e+01
1.551879882812500000e+01
1.551904296875000000e+01
1.551928710937500000e+01
1.551953125000000000e+01
1.551977539062500000e+01
1.552001953125000000e+01
1.552026367187500000e+01
1.552050781250000000e+01
1.552075195312500000e+01
1.552099609375000000e+01
1.552124023437500000e+01
1.552148437500000000e+01
1.552172851562500000e+01
1.552197265625000000e+01
1.552221679687500000e+01
1.552246093750000000e+01
1.552270507812500000e+01
1.552294921875000000e+01
1.552319335937500000e+01
1.552343750000000000e+01
1.552368164062500000e+01
1.552392578125000000e+01
1.552416992187500000e+01
1.552441406250000000e+01
1.552465820312500000e+01
1.552490234375000000e+01
1.552514648437500000e+01
1.552539062500000000e+01
1.552563476562500000e+01
1.552587890625000000e+01
1.552612304687500000e+01
1.552636718750000000e+01
1.552661132812500000e+01
1.552685546875000000e+01
1.552709960937500000e+01
1.552734375000000000e+01
1.552758789062500000e+01
1.552783203125000000e+01
1.552807617187500000e+01
1.552832031250000000e+01
1.552856445312500000e+01
1.552880859375000000e+01
1.552905273437500000e+01
1.552929687500000000e+01
1.552954101562500000e+01
1.552978515625000000e+01
1.553002929687500000e+01
1.553027343750000000e+01
1.553051757812500000e+01
1.553076171875000000e+01
1.553100585937500000e+01
1.553125000000000000e+01
1.553149414062500000e+01
1.553173828125000000e+01
1.553198242187500000e+01
1.553222656250000000e+01
1.553247070312500000e+01
1.553271484375000000e+01
1.553295898437500000e+01
1.553320312500000000e+01
1.553344726562500000e+01
1.553369140625000000e+01
1.553393554687500000e+01
1.553417968750000000e+01
1.553442382812500000e+01
1.553466796875000000e+01
1.553491210937500000e+01
1.553515625000000000e+01
1.553540039062500000e+01
1.553564453125000000e+01
1.553588867187500000e+01
1.553613281250000000e+01
1.553637695312500000e+01
1.553662109375000000e+01
1.553686523437500000e+01
1.553710937500000000e+01
1.553735351562500000e+01
1.553759765625000000e+01
1.553784179687500000e+01
1.553808593750000000e+01
1.553833007812500000e+01
1.553857421875000000e+01
1.553881835937500000e+01
1.553906250000000000e+01
1.553930664062500000e+01
1.553955078125000000e+01
1.553979492187500000e+01
1.554003906250000000e+01
1.554028320312500000e+01
1.554052734375000000e+01
1.554077148437500000e+01
1.554101562500000000e+01
1.554125976562500000e+01
1.554150390625000000e+01
1.554174804687500000e+01
1.554199218750000000e+01
1.554223632812500000e+01
1.554248046875000000e+01
1.554272460937500000e+01
1.554296875000000000e+01
1.554321289062500000e+01
1.554345703125000000e+01
1.554370117187500000e+01
1.554394531250000000e+01
1.554418945312500000e+01
1.554443359375000000e+01
1.554467773437500000e+01
1.554492187500000000e+01
1.554516601562500000e+01
1.554541015625000000e+01
1.554565429687500000e+01
1.554589843750000000e+01
1.554614257812500000e+01
1.554638671875000000e+01
1.554663085937500000e+01
1.554687500000000000e+01
1.554711914062500000e+01
1.554736328125000000e+01
1.554760742187500000e+01
1.554785156250000000e+01
1.554809570312500000e+01
1.554833984375000000e+01
1.554858398437500000e+01
1.554882812500000000e+01
1.554907226562500000e+01
1.554931640625000000e+01
1.554956054687500000e+01
1.554980468750000000e+01
1.555004882812500000e+01
1.555029296875000000e+01
1.555053710937500000e+01
1.555078125000000000e+01
1.555102539062500000e+01
1.555126953125000000e+01
1.555151367187500000e+01
1.555175781250000000e+01
1.555200195312500000e+01
1.555224609375000000e+01
1.555249023437500000e+01
1.555273437500000000e+01
1.555297851562500000e+01
1.555322265625000000e+01
1.555346679687500000e+01
1.555371093750000000e+01
1.555395507812500000e+01
1.555419921875000000e+01
1.555444335937500000e+01
1.555468750000000000e+01
1.555493164062500000e+01
1.555517578125000000e+01
1.555541992187500000e+01
1.555566406250000000e+01
1.555590820312500000e+01
1.555615234375000000e+01
1.555639648437500000e+01
1.555664062500000000e+01
1.555688476562500000e+01
1.555712890625000000e+01
1.555737304687500000e+01
1.555761718750000000e+01
1.555786132812500000e+01
1.555810546875000000e+01
1.555834960937500000e+01
1.555859375000000000e+01
1.555883789062500000e+01
1.555908203125000000e+01
1.555932617187500000e+01
1.555957031250000000e+01
1.555981445312500000e+01
1.556005859375000000e+01
1.556030273437500000e+01
1.556054687500000000e+01
1.556079101562500000e+01
1.556103515625000000e+01
1.556127929687500000e+01
1.556152343750000000e+01
1.556176757812500000e+01
1.556201171875000000e+01
1.556225585937500000e+01
1.556250000000000000e+01
1.556274414062500000e+01
1.556298828125000000e+01
1.556323242187500000e+01
1.556347656250000000e+01
1.556372070312500000e+01
1.556396484375000000e+01
1.556420898437500000e+01
1.556445312500000000e+01
1.556469726562500000e+01
1.556494140625000000e+01
1.556518554687500000e+01
1.556542968750000000e+01
1.556567382812500000e+01
1.556591796875000000e+01
1.556616210937500000e+01
1.556640625000000000e+01
1.556665039062500000e+01
1.556689453125000000e+01
1.556713867187500000e+01
1.556738281250000000e+01
1.556762695312500000e+01
1.556787109375000000e+01
1.556811523437500000e+01
1.556835937500000000e+01
1.556860351562500000e+01
1.556884765625000000e+01
1.556909179687500000e+01
1.556933593750000000e+01
1.556958007812500000e+01
1.556982421875000000e+01
1.557006835937500000e+01
1.557031250000000000e+01
1.557055664062500000e+01
1.557080078125000000e+01
1.557104492187500000e+01
1.557128906250000000e+01
1.557153320312500000e+01
1.557177734375000000e+01
1.557202148437500000e+01
1.557226562500000000e+01
1.557250976562500000e+01
1.557275390625000000e+01
1.557299804687500000e+01
1.557324218750000000e+01
1.557348632812500000e+01
1.557373046875000000e+01
1.557397460937500000e+01
1.557421875000000000e+01
1.557446289062500000e+01
1.557470703125000000e+01
1.557495117187500000e+01
1.557519531250000000e+01
1.557543945312500000e+01
1.557568359375000000e+01
1.557592773437500000e+01
1.557617187500000000e+01
1.557641601562500000e+01
1.557666015625000000e+01
1.557690429687500000e+01
1.557714843750000000e+01
1.557739257812500000e+01
1.557763671875000000e+01
1.557788085937500000e+01
1.557812500000000000e+01
1.557836914062500000e+01
1.557861328125000000e+01
1.557885742187500000e+01
1.557910156250000000e+01
1.557934570312500000e+01
1.557958984375000000e+01
1.557983398437500000e+01
1.558007812500000000e+01
1.558032226562500000e+01
1.558056640625000000e+01
1.558081054687500000e+01
1.558105468750000000e+01
1.558129882812500000e+01
1.558154296875000000e+01
1.558178710937500000e+01
1.558203125000000000e+01
1.558227539062500000e+01
1.558251953125000000e+01
1.558276367187500000e+01
1.558300781250000000e+01
1.558325195312500000e+01
1.558349609375000000e+01
1.558374023437500000e+01
1.558398437500000000e+01
1.558422851562500000e+01
1.558447265625000000e+01
1.558471679687500000e+01
1.558496093750000000e+01
1.558520507812500000e+01
1.558544921875000000e+01
1.558569335937500000e+01
1.558593750000000000e+01
1.558618164062500000e+01
1.558642578125000000e+01
1.558666992187500000e+01
1.558691406250000000e+01
1.558715820312500000e+01
1.558740234375000000e+01
1.558764648437500000e+01
1.558789062500000000e+01
1.558813476562500000e+01
1.558837890625000000e+01
1.558862304687500000e+01
1.558886718750000000e+01
1.558911132812500000e+01
1.558935546875000000e+01
1.558959960937500000e+01
1.558984375000000000e+01
1.559008789062500000e+01
1.559033203125000000e+01
1.559057617187500000e+01
1.559082031250000000e+01
1.559106445312500000e+01
1.559130859375000000e+01
1.559155273437500000e+01
1.559179687500000000e+01
1.559204101562500000e+01
1.559228515625000000e+01
1.559252929687500000e+01
1.559277343750000000e+01
1.559301757812500000e+01
1.559326171875000000e+01
1.559350585937500000e+01
1.559375000000000000e+01
1.559399414062500000e+01
1.559423828125000000e+01
1.559448242187500000e+01
1.559472656250000000e+01
1.559497070312500000e+01
1.559521484375000000e+01
1.559545898437500000e+01
1.559570312500000000e+01
1.559594726562500000e+01
1.559619140625000000e+01
1.559643554687500000e+01
1.559667968750000000e+01
1.559692382812500000e+01
1.559716796875000000e+01
1.559741210937500000e+01
1.559765625000000000e+01
1.559790039062500000e+01
1.559814453125000000e+01
1.559838867187500000e+01
1.559863281250000000e+01
1.559887695312500000e+01
1.559912109375000000e+01
1.559936523437500000e+01
1.559960937500000000e+01
1.559985351562500000e+01
1.560009765625000000e+01
1.560034179687500000e+01
1.560058593750000000e+01
1.560083007812500000e+01
1.560107421875000000e+01
1.560131835937500000e+01
1.560156250000000000e+01
1.560180664062500000e+01
1.560205078125000000e+01
1.560229492187500000e+01
1.560253906250000000e+01
1.560278320312500000e+01
1.560302734375000000e+01
1.560327148437500000e+01
1.560351562500000000e+01
1.560375976562500000e+01
1.560400390625000000e+01
1.560424804687500000e+01
1.560449218750000000e+01
1.560473632812500000e+01
1.560498046875000000e+01
1.560522460937500000e+01
1.560546875000000000e+01
1.560571289062500000e+01
1.560595703125000000e+01
1.560620117187500000e+01
1.560644531250000000e+01
1.560668945312500000e+01
1.560693359375000000e+01
1.560717773437500000e+01
1.560742187500000000e+01
1.560766601562500000e+01
1.560791015625000000e+01
1.560815429687500000e+01
1.560839843750000000e+01
1.560864257812500000e+01
1.560888671875000000e+01
1.560913085937500000e+01
1.560937500000000000e+01
1.560961914062500000e+01
1.560986328125000000e+01
1.561010742187500000e+01
1.561035156250000000e+01
1.561059570312500000e+01
1.561083984375000000e+01
1.561108398437500000e+01
1.561132812500000000e+01
1.561157226562500000e+01
1.561181640625000000e+01
1.561206054687500000e+01
1.561230468750000000e+01
1.561254882812500000e+01
1.561279296875000000e+01
1.561303710937500000e+01
1.561328125000000000e+01
1.561352539062500000e+01
1.561376953125000000e+01
1.561401367187500000e+01
1.561425781250000000e+01
1.561450195312500000e+01
1.561474609375000000e+01
1.561499023437500000e+01
1.561523437500000000e+01
1.561547851562500000e+01
1.561572265625000000e+01
1.561596679687500000e+01
1.561621093750000000e+01
1.561645507812500000e+01
1.561669921875000000e+01
1.561694335937500000e+01
1.561718750000000000e+01
1.561743164062500000e+01
1.561767578125000000e+01
1.561791992187500000e+01
1.561816406250000000e+01
1.561840820312500000e+01
1.561865234375000000e+01
1.561889648437500000e+01
1.561914062500000000e+01
1.561938476562500000e+01
1.561962890625000000e+01
1.561987304687500000e+01
1.562011718750000000e+01
1.562036132812500000e+01
1.562060546875000000e+01
1.562084960937500000e+01
1.562109375000000000e+01
1.562133789062500000e+01
1.562158203125000000e+01
1.562182617187500000e+01
1.562207031250000000e+01
1.562231445312500000e+01
1.562255859375000000e+01
1.562280273437500000e+01
1.562304687500000000e+01
1.562329101562500000e+01
1.562353515625000000e+01
1.562377929687500000e+01
1.562402343750000000e+01
1.562426757812500000e+01
1.562451171875000000e+01
1.562475585937500000e+01
1.562500000000000000e+01
1.562524414062500000e+01
1.562548828125000000e+01
1.562573242187500000e+01
1.562597656250000000e+01
1.562622070312500000e+01
1.562646484375000000e+01
1.562670898437500000e+01
1.562695312500000000e+01
1.562719726562500000e+01
1.562744140625000000e+01
1.562768554687500000e+01
1.562792968750000000e+01
1.562817382812500000e+01
1.562841796875000000e+01
1.562866210937500000e+01
1.562890625000000000e+01
1.562915039062500000e+01
1.562939453125000000e+01
1.562963867187500000e+01
1.562988281250000000e+01
1.563012695312500000e+01
1.563037109375000000e+01
1.563061523437500000e+01
1.563085937500000000e+01
1.563110351562500000e+01
1.563134765625000000e+01
1.563159179687500000e+01
1.563183593750000000e+01
1.563208007812500000e+01
1.563232421875000000e+01
1.563256835937500000e+01
1.563281250000000000e+01
1.563305664062500000e+01
1.563330078125000000e+01
1.563354492187500000e+01
1.563378906250000000e+01
1.563403320312500000e+01
1.563427734375000000e+01
1.563452148437500000e+01
1.563476562500000000e+01
1.563500976562500000e+01
1.563525390625000000e+01
1.563549804687500000e+01
1.563574218750000000e+01
1.563598632812500000e+01
1.563623046875000000e+01
1.563647460937500000e+01
1.563671875000000000e+01
1.563696289062500000e+01
1.563720703125000000e+01
1.563745117187500000e+01
1.563769531250000000e+01
1.563793945312500000e+01
1.563818359375000000e+01
1.563842773437500000e+01
1.563867187500000000e+01
1.563891601562500000e+01
1.563916015625000000e+01
1.563940429687500000e+01
1.563964843750000000e+01
1.563989257812500000e+01
1.564013671875000000e+01
1.564038085937500000e+01
1.564062500000000000e+01
1.564086914062500000e+01
1.564111328125000000e+01
1.564135742187500000e+01
1.564160156250000000e+01
1.564184570312500000e+01
1.564208984375000000e+01
1.564233398437500000e+01
1.564257812500000000e+01
1.564282226562500000e+01
1.564306640625000000e+01
1.564331054687500000e+01
1.564355468750000000e+01
1.564379882812500000e+01
1.564404296875000000e+01
1.564428710937500000e+01
1.564453125000000000e+01
1.564477539062500000e+01
1.564501953125000000e+01
1.564526367187500000e+01
1.564550781250000000e+01
1.564575195312500000e+01
1.564599609375000000e+01
1.564624023437500000e+01
1.564648437500000000e+01
1.564672851562500000e+01
1.564697265625000000e+01
1.564721679687500000e+01
1.564746093750000000e+01
1.564770507812500000e+01
1.564794921875000000e+01
1.564819335937500000e+01
1.564843750000000000e+01
1.564868164062500000e+01
1.564892578125000000e+01
1.564916992187500000e+01
1.564941406250000000e+01
1.564965820312500000e+01
1.564990234375000000e+01
1.565014648437500000e+01
1.565039062500000000e+01
1.565063476562500000e+01
1.565087890625000000e+01
1.565112304687500000e+01
1.565136718750000000e+01
1.565161132812500000e+01
1.565185546875000000e+01
1.565209960937500000e+01
1.565234375000000000e+01
1.565258789062500000e+01
1.565283203125000000e+01
1.565307617187500000e+01
1.565332031250000000e+01
1.565356445312500000e+01
1.565380859375000000e+01
1.565405273437500000e+01
1.565429687500000000e+01
1.565454101562500000e+01
1.565478515625000000e+01
1.565502929687500000e+01
1.565527343750000000e+01
1.565551757812500000e+01
1.565576171875000000e+01
1.565600585937500000e+01
1.565625000000000000e+01
1.565649414062500000e+01
1.565673828125000000e+01
1.565698242187500000e+01
1.565722656250000000e+01
1.565747070312500000e+01
1.565771484375000000e+01
1.565795898437500000e+01
1.565820312500000000e+01
1.565844726562500000e+01
1.565869140625000000e+01
1.565893554687500000e+01
1.565917968750000000e+01
1.565942382812500000e+01
1.565966796875000000e+01
1.565991210937500000e+01
1.566015625000000000e+01
1.566040039062500000e+01
1.566064453125000000e+01
1.566088867187500000e+01
1.566113281250000000e+01
1.566137695312500000e+01
1.566162109375000000e+01
1.566186523437500000e+01
1.566210937500000000e+01
1.566235351562500000e+01
1.566259765625000000e+01
1.566284179687500000e+01
1.566308593750000000e+01
1.566333007812500000e+01
1.566357421875000000e+01
1.566381835937500000e+01
1.566406250000000000e+01
1.566430664062500000e+01
1.566455078125000000e+01
1.566479492187500000e+01
1.566503906250000000e+01
1.566528320312500000e+01
1.566552734375000000e+01
1.566577148437500000e+01
1.566601562500000000e+01
1.566625976562500000e+01
1.566650390625000000e+01
1.566674804687500000e+01
1.566699218750000000e+01
1.566723632812500000e+01
1.566748046875000000e+01
1.566772460937500000e+01
1.566796875000000000e+01
1.566821289062500000e+01
1.566845703125000000e+01
1.566870117187500000e+01
1.566894531250000000e+01
1.566918945312500000e+01
1.566943359375000000e+01
1.566967773437500000e+01
1.566992187500000000e+01
1.567016601562500000e+01
1.567041015625000000e+01
1.567065429687500000e+01
1.567089843750000000e+01
1.567114257812500000e+01
1.567138671875000000e+01
1.567163085937500000e+01
1.567187500000000000e+01
1.567211914062500000e+01
1.567236328125000000e+01
1.567260742187500000e+01
1.567285156250000000e+01
1.567309570312500000e+01
1.567333984375000000e+01
1.567358398437500000e+01
1.567382812500000000e+01
1.567407226562500000e+01
1.567431640625000000e+01
1.567456054687500000e+01
1.567480468750000000e+01
1.567504882812500000e+01
1.567529296875000000e+01
1.567553710937500000e+01
1.567578125000000000e+01
1.567602539062500000e+01
1.567626953125000000e+01
1.567651367187500000e+01
1.567675781250000000e+01
1.567700195312500000e+01
1.567724609375000000e+01
1.567749023437500000e+01
1.567773437500000000e+01
1.567797851562500000e+01
1.567822265625000000e+01
1.567846679687500000e+01
1.567871093750000000e+01
1.567895507812500000e+01
1.567919921875000000e+01
1.567944335937500000e+01
1.567968750000000000e+01
1.567993164062500000e+01
1.568017578125000000e+01
1.568041992187500000e+01
1.568066406250000000e+01
1.568090820312500000e+01
1.568115234375000000e+01
1.568139648437500000e+01
1.568164062500000000e+01
1.568188476562500000e+01
1.568212890625000000e+01
1.568237304687500000e+01
1.568261718750000000e+01
1.568286132812500000e+01
1.568310546875000000e+01
1.568334960937500000e+01
1.568359375000000000e+01
1.568383789062500000e+01
1.568408203125000000e+01
1.568432617187500000e+01
1.568457031250000000e+01
1.568481445312500000e+01
1.568505859375000000e+01
1.568530273437500000e+01
1.568554687500000000e+01
1.568579101562500000e+01
1.568603515625000000e+01
1.568627929687500000e+01
1.568652343750000000e+01
1.568676757812500000e+01
1.568701171875000000e+01
1.568725585937500000e+01
1.568750000000000000e+01
1.568774414062500000e+01
1.568798828125000000e+01
1.568823242187500000e+01
1.568847656250000000e+01
1.568872070312500000e+01
1.568896484375000000e+01
1.568920898437500000e+01
1.568945312500000000e+01
1.568969726562500000e+01
1.568994140625000000e+01
1.569018554687500000e+01
1.569042968750000000e+01
1.569067382812500000e+01
1.569091796875000000e+01
1.569116210937500000e+01
1.569140625000000000e+01
1.569165039062500000e+01
1.569189453125000000e+01
1.569213867187500000e+01
1.569238281250000000e+01
1.569262695312500000e+01
1.569287109375000000e+01
1.569311523437500000e+01
1.569335937500000000e+01
1.569360351562500000e+01
1.569384765625000000e+01
1.569409179687500000e+01
1.569433593750000000e+01
1.569458007812500000e+01
1.569482421875000000e+01
1.569506835937500000e+01
1.569531250000000000e+01
1.569555664062500000e+01
1.569580078125000000e+01
1.569604492187500000e+01
1.569628906250000000e+01
1.569653320312500000e+01
1.569677734375000000e+01
1.569702148437500000e+01
1.569726562500000000e+01
1.569750976562500000e+01
1.569775390625000000e+01
1.569799804687500000e+01
1.569824218750000000e+01
1.569848632812500000e+01
1.569873046875000000e+01
1.569897460937500000e+01
1.569921875000000000e+01
1.569946289062500000e+01
1.569970703125000000e+01
1.569995117187500000e+01
1.570019531250000000e+01
1.570043945312500000e+01
1.570068359375000000e+01
1.570092773437500000e+01
1.570117187500000000e+01
1.570141601562500000e+01
1.570166015625000000e+01
1.570190429687500000e+01
1.570214843750000000e+01
1.570239257812500000e+01
1.570263671875000000e+01
1.570288085937500000e+01
1.570312500000000000e+01
1.570336914062500000e+01
1.570361328125000000e+01
1.570385742187500000e+01
1.570410156250000000e+01
1.570434570312500000e+01
1.570458984375000000e+01
1.570483398437500000e+01
1.570507812500000000e+01
1.570532226562500000e+01
1.570556640625000000e+01
1.570581054687500000e+01
1.570605468750000000e+01
1.570629882812500000e+01
1.570654296875000000e+01
1.570678710937500000e+01
1.570703125000000000e+01
1.570727539062500000e+01
1.570751953125000000e+01
1.570776367187500000e+01
1.570800781250000000e+01
1.570825195312500000e+01
1.570849609375000000e+01
1.570874023437500000e+01
1.570898437500000000e+01
1.570922851562500000e+01
1.570947265625000000e+01
1.570971679687500000e+01
1.570996093750000000e+01
1.571020507812500000e+01
1.571044921875000000e+01
1.571069335937500000e+01
1.571093750000000000e+01
1.571118164062500000e+01
1.571142578125000000e+01
1.571166992187500000e+01
1.571191406250000000e+01
1.571215820312500000e+01
1.571240234375000000e+01
1.571264648437500000e+01
1.571289062500000000e+01
1.571313476562500000e+01
1.571337890625000000e+01
1.571362304687500000e+01
1.571386718750000000e+01
1.571411132812500000e+01
1.571435546875000000e+01
1.571459960937500000e+01
1.571484375000000000e+01
1.571508789062500000e+01
1.571533203125000000e+01
1.571557617187500000e+01
1.571582031250000000e+01
1.571606445312500000e+01
1.571630859375000000e+01
1.571655273437500000e+01
1.571679687500000000e+01
1.571704101562500000e+01
1.571728515625000000e+01
1.571752929687500000e+01
1.571777343750000000e+01
1.571801757812500000e+01
1.571826171875000000e+01
1.571850585937500000e+01
1.571875000000000000e+01
1.571899414062500000e+01
1.571923828125000000e+01
1.571948242187500000e+01
1.571972656250000000e+01
1.571997070312500000e+01
1.572021484375000000e+01
1.572045898437500000e+01
1.572070312500000000e+01
1.572094726562500000e+01
1.572119140625000000e+01
1.572143554687500000e+01
1.572167968750000000e+01
1.572192382812500000e+01
1.572216796875000000e+01
1.572241210937500000e+01
1.572265625000000000e+01
1.572290039062500000e+01
1.572314453125000000e+01
1.572338867187500000e+01
1.572363281250000000e+01
1.572387695312500000e+01
1.572412109375000000e+01
1.572436523437500000e+01
1.572460937500000000e+01
1.572485351562500000e+01
1.572509765625000000e+01
1.572534179687500000e+01
1.572558593750000000e+01
1.572583007812500000e+01
1.572607421875000000e+01
1.572631835937500000e+01
1.572656250000000000e+01
1.572680664062500000e+01
1.572705078125000000e+01
1.572729492187500000e+01
1.572753906250000000e+01
1.572778320312500000e+01
1.572802734375000000e+01
1.572827148437500000e+01
1.572851562500000000e+01
1.572875976562500000e+01
1.572900390625000000e+01
1.572924804687500000e+01
1.572949218750000000e+01
1.572973632812500000e+01
1.572998046875000000e+01
1.573022460937500000e+01
1.573046875000000000e+01
1.573071289062500000e+01
1.573095703125000000e+01
1.573120117187500000e+01
1.573144531250000000e+01
1.573168945312500000e+01
1.573193359375000000e+01
1.573217773437500000e+01
1.573242187500000000e+01
1.573266601562500000e+01
1.573291015625000000e+01
1.573315429687500000e+01
1.573339843750000000e+01
1.573364257812500000e+01
1.573388671875000000e+01
1.573413085937500000e+01
1.573437500000000000e+01
1.573461914062500000e+01
1.573486328125000000e+01
1.573510742187500000e+01
1.573535156250000000e+01
1.573559570312500000e+01
1.573583984375000000e+01
1.573608398437500000e+01
1.573632812500000000e+01
1.573657226562500000e+01
1.573681640625000000e+01
1.573706054687500000e+01
1.573730468750000000e+01
1.573754882812500000e+01
1.573779296875000000e+01
1.573803710937500000e+01
1.573828125000000000e+01
1.573852539062500000e+01
1.573876953125000000e+01
1.573901367187500000e+01
1.573925781250000000e+01
1.573950195312500000e+01
1.573974609375000000e+01
1.573999023437500000e+01
1.574023437500000000e+01
1.574047851562500000e+01
1.574072265625000000e+01
1.574096679687500000e+01
1.574121093750000000e+01
1.574145507812500000e+01
1.574169921875000000e+01
1.574194335937500000e+01
1.574218750000000000e+01
1.574243164062500000e+01
1.574267578125000000e+01
1.574291992187500000e+01
1.574316406250000000e+01
1.574340820312500000e+01
1.574365234375000000e+01
1.574389648437500000e+01
1.574414062500000000e+01
1.574438476562500000e+01
1.574462890625000000e+01
1.574487304687500000e+01
1.574511718750000000e+01
1.574536132812500000e+01
1.574560546875000000e+01
1.574584960937500000e+01
1.574609375000000000e+01
1.574633789062500000e+01
1.574658203125000000e+01
1.574682617187500000e+01
1.574707031250000000e+01
1.574731445312500000e+01
1.574755859375000000e+01
1.574780273437500000e+01
1.574804687500000000e+01
1.574829101562500000e+01
1.574853515625000000e+01
1.574877929687500000e+01
1.574902343750000000e+01
1.574926757812500000e+01
1.574951171875000000e+01
1.574975585937500000e+01
1.575000000000000000e+01
1.575024414062500000e+01
1.575048828125000000e+01
1.575073242187500000e+01
1.575097656250000000e+01
1.575122070312500000e+01
1.575146484375000000e+01
1.575170898437500000e+01
1.575195312500000000e+01
1.575219726562500000e+01
1.575244140625000000e+01
1.575268554687500000e+01
1.575292968750000000e+01
1.575317382812500000e+01
1.575341796875000000e+01
1.575366210937500000e+01
1.575390625000000000e+01
1.575415039062500000e+01
1.575439453125000000e+01
1.575463867187500000e+01
1.575488281250000000e+01
1.575512695312500000e+01
1.575537109375000000e+01
1.575561523437500000e+01
1.575585937500000000e+01
1.575610351562500000e+01
1.575634765625000000e+01
1.575659179687500000e+01
1.575683593750000000e+01
1.575708007812500000e+01
1.575732421875000000e+01
1.575756835937500000e+01
1.575781250000000000e+01
1.575805664062500000e+01
1.575830078125000000e+01
1.575854492187500000e+01
1.575878906250000000e+01
1.575903320312500000e+01
1.575927734375000000e+01
1.575952148437500000e+01
1.575976562500000000e+01
1.576000976562500000e+01
1.576025390625000000e+01
1.576049804687500000e+01
1.576074218750000000e+01
1.576098632812500000e+01
1.576123046875000000e+01
1.576147460937500000e+01
1.576171875000000000e+01
1.576196289062500000e+01
1.576220703125000000e+01
1.576245117187500000e+01
1.576269531250000000e+01
1.576293945312500000e+01
1.576318359375000000e+01
1.576342773437500000e+01
1.576367187500000000e+01
1.576391601562500000e+01
1.576416015625000000e+01
1.576440429687500000e+01
1.576464843750000000e+01
1.576489257812500000e+01
1.576513671875000000e+01
1.576538085937500000e+01
1.576562500000000000e+01
1.576586914062500000e+01
1.576611328125000000e+01
1.576635742187500000e+01
1.576660156250000000e+01
1.576684570312500000e+01
1.576708984375000000e+01
1.576733398437500000e+01
1.576757812500000000e+01
1.576782226562500000e+01
1.576806640625000000e+01
1.576831054687500000e+01
1.576855468750000000e+01
1.576879882812500000e+01
1.576904296875000000e+01
1.576928710937500000e+01
1.576953125000000000e+01
1.576977539062500000e+01
1.577001953125000000e+01
1.577026367187500000e+01
1.577050781250000000e+01
1.577075195312500000e+01
1.577099609375000000e+01
1.577124023437500000e+01
1.577148437500000000e+01
1.577172851562500000e+01
1.577197265625000000e+01
1.577221679687500000e+01
1.577246093750000000e+01
1.577270507812500000e+01
1.577294921875000000e+01
1.577319335937500000e+01
1.577343750000000000e+01
1.577368164062500000e+01
1.577392578125000000e+01
1.577416992187500000e+01
1.577441406250000000e+01
1.577465820312500000e+01
1.577490234375000000e+01
1.577514648437500000e+01
1.577539062500000000e+01
1.577563476562500000e+01
1.577587890625000000e+01
1.577612304687500000e+01
1.577636718750000000e+01
1.577661132812500000e+01
1.577685546875000000e+01
1.577709960937500000e+01
1.577734375000000000e+01
1.577758789062500000e+01
1.577783203125000000e+01
1.577807617187500000e+01
1.577832031250000000e+01
1.577856445312500000e+01
1.577880859375000000e+01
1.577905273437500000e+01
1.577929687500000000e+01
1.577954101562500000e+01
1.577978515625000000e+01
1.578002929687500000e+01
1.578027343750000000e+01
1.578051757812500000e+01
1.578076171875000000e+01
1.578100585937500000e+01
1.578125000000000000e+01
1.578149414062500000e+01
1.578173828125000000e+01
1.578198242187500000e+01
1.578222656250000000e+01
1.578247070312500000e+01
1.578271484375000000e+01
1.578295898437500000e+01
1.578320312500000000e+01
1.578344726562500000e+01
1.578369140625000000e+01
1.578393554687500000e+01
1.578417968750000000e+01
1.578442382812500000e+01
1.578466796875000000e+01
1.578491210937500000e+01
1.578515625000000000e+01
1.578540039062500000e+01
1.578564453125000000e+01
1.578588867187500000e+01
1.578613281250000000e+01
1.578637695312500000e+01
1.578662109375000000e+01
1.578686523437500000e+01
1.578710937500000000e+01
1.578735351562500000e+01
1.578759765625000000e+01
1.578784179687500000e+01
1.578808593750000000e+01
1.578833007812500000e+01
1.578857421875000000e+01
1.578881835937500000e+01
1.578906250000000000e+01
1.578930664062500000e+01
1.578955078125000000e+01
1.578979492187500000e+01
1.579003906250000000e+01
1.579028320312500000e+01
1.579052734375000000e+01
1.579077148437500000e+01
1.579101562500000000e+01
1.579125976562500000e+01
1.579150390625000000e+01
1.579174804687500000e+01
1.579199218750000000e+01
1.579223632812500000e+01
1.579248046875000000e+01
1.579272460937500000e+01
1.579296875000000000e+01
1.579321289062500000e+01
1.579345703125000000e+01
1.579370117187500000e+01
1.579394531250000000e+01
1.579418945312500000e+01
1.579443359375000000e+01
1.579467773437500000e+01
1.579492187500000000e+01
1.579516601562500000e+01
1.579541015625000000e+01
1.579565429687500000e+01
1.579589843750000000e+01
1.579614257812500000e+01
1.579638671875000000e+01
1.579663085937500000e+01
1.579687500000000000e+01
1.579711914062500000e+01
1.579736328125000000e+01
1.579760742187500000e+01
1.579785156250000000e+01
1.579809570312500000e+01
1.579833984375000000e+01
1.579858398437500000e+01
1.579882812500000000e+01
1.579907226562500000e+01
1.579931640625000000e+01
1.579956054687500000e+01
1.579980468750000000e+01
1.580004882812500000e+01
1.580029296875000000e+01
1.580053710937500000e+01
1.580078125000000000e+01
1.580102539062500000e+01
1.580126953125000000e+01
1.580151367187500000e+01
1.580175781250000000e+01
1.580200195312500000e+01
1.580224609375000000e+01
1.580249023437500000e+01
1.580273437500000000e+01
1.580297851562500000e+01
1.580322265625000000e+01
1.580346679687500000e+01
1.580371093750000000e+01
1.580395507812500000e+01
1.580419921875000000e+01
1.580444335937500000e+01
1.580468750000000000e+01
1.580493164062500000e+01
1.580517578125000000e+01
1.580541992187500000e+01
1.580566406250000000e+01
1.580590820312500000e+01
1.580615234375000000e+01
1.580639648437500000e+01
1.580664062500000000e+01
1.580688476562500000e+01
1.580712890625000000e+01
1.580737304687500000e+01
1.580761718750000000e+01
1.580786132812500000e+01
1.580810546875000000e+01
1.580834960937500000e+01
1.580859375000000000e+01
1.580883789062500000e+01
1.580908203125000000e+01
1.580932617187500000e+01
1.580957031250000000e+01
1.580981445312500000e+01
1.581005859375000000e+01
1.581030273437500000e+01
1.581054687500000000e+01
1.581079101562500000e+01
1.581103515625000000e+01
1.581127929687500000e+01
1.581152343750000000e+01
1.581176757812500000e+01
1.581201171875000000e+01
1.581225585937500000e+01
1.581250000000000000e+01
1.581274414062500000e+01
1.581298828125000000e+01
1.581323242187500000e+01
1.581347656250000000e+01
1.581372070312500000e+01
1.581396484375000000e+01
1.581420898437500000e+01
1.581445312500000000e+01
1.581469726562500000e+01
1.581494140625000000e+01
1.581518554687500000e+01
1.581542968750000000e+01
1.581567382812500000e+01
1.581591796875000000e+01
1.581616210937500000e+01
1.581640625000000000e+01
1.581665039062500000e+01
1.581689453125000000e+01
1.581713867187500000e+01
1.581738281250000000e+01
1.581762695312500000e+01
1.581787109375000000e+01
1.581811523437500000e+01
1.581835937500000000e+01
1.581860351562500000e+01
1.581884765625000000e+01
1.581909179687500000e+01
1.581933593750000000e+01
1.581958007812500000e+01
1.581982421875000000e+01
1.582006835937500000e+01
1.582031250000000000e+01
1.582055664062500000e+01
1.582080078125000000e+01
1.582104492187500000e+01
1.582128906250000000e+01
1.582153320312500000e+01
1.582177734375000000e+01
1.582202148437500000e+01
1.582226562500000000e+01
1.582250976562500000e+01
1.582275390625000000e+01
1.582299804687500000e+01
1.582324218750000000e+01
1.582348632812500000e+01
1.582373046875000000e+01
1.582397460937500000e+01
1.582421875000000000e+01
1.582446289062500000e+01
1.582470703125000000e+01
1.582495117187500000e+01
1.582519531250000000e+01
1.582543945312500000e+01
1.582568359375000000e+01
1.582592773437500000e+01
1.582617187500000000e+01
1.582641601562500000e+01
1.582666015625000000e+01
1.582690429687500000e+01
1.582714843750000000e+01
1.582739257812500000e+01
1.582763671875000000e+01
1.582788085937500000e+01
1.582812500000000000e+01
1.582836914062500000e+01
1.582861328125000000e+01
1.582885742187500000e+01
1.582910156250000000e+01
1.582934570312500000e+01
1.582958984375000000e+01
1.582983398437500000e+01
1.583007812500000000e+01
1.583032226562500000e+01
1.583056640625000000e+01
1.583081054687500000e+01
1.583105468750000000e+01
1.583129882812500000e+01
1.583154296875000000e+01
1.583178710937500000e+01
1.583203125000000000e+01
1.583227539062500000e+01
1.583251953125000000e+01
1.583276367187500000e+01
1.583300781250000000e+01
1.583325195312500000e+01
1.583349609375000000e+01
1.583374023437500000e+01
1.583398437500000000e+01
1.583422851562500000e+01
1.583447265625000000e+01
1.583471679687500000e+01
1.583496093750000000e+01
1.583520507812500000e+01
1.583544921875000000e+01
1.583569335937500000e+01
1.583593750000000000e+01
1.583618164062500000e+01
1.583642578125000000e+01
1.583666992187500000e+01
1.583691406250000000e+01
1.583715820312500000e+01
1.583740234375000000e+01
1.583764648437500000e+01
1.583789062500000000e+01
1.583813476562500000e+01
1.583837890625000000e+01
1.583862304687500000e+01
1.583886718750000000e+01
1.583911132812500000e+01
1.583935546875000000e+01
1.583959960937500000e+01
1.583984375000000000e+01
1.584008789062500000e+01
1.584033203125000000e+01
1.584057617187500000e+01
1.584082031250000000e+01
1.584106445312500000e+01
1.584130859375000000e+01
1.584155273437500000e+01
1.584179687500000000e+01
1.584204101562500000e+01
1.584228515625000000e+01
1.584252929687500000e+01
1.584277343750000000e+01
1.584301757812500000e+01
1.584326171875000000e+01
1.584350585937500000e+01
1.584375000000000000e+01
1.584399414062500000e+01
1.584423828125000000e+01
1.584448242187500000e+01
1.584472656250000000e+01
1.584497070312500000e+01
1.584521484375000000e+01
1.584545898437500000e+01
1.584570312500000000e+01
1.584594726562500000e+01
1.584619140625000000e+01
1.584643554687500000e+01
1.584667968750000000e+01
1.584692382812500000e+01
1.584716796875000000e+01
1.584741210937500000e+01
1.584765625000000000e+01
1.584790039062500000e+01
1.584814453125000000e+01
1.584838867187500000e+01
1.584863281250000000e+01
1.584887695312500000e+01
1.584912109375000000e+01
1.584936523437500000e+01
1.584960937500000000e+01
1.584985351562500000e+01
1.585009765625000000e+01
1.585034179687500000e+01
1.585058593750000000e+01
1.585083007812500000e+01
1.585107421875000000e+01
1.585131835937500000e+01
1.585156250000000000e+01
1.585180664062500000e+01
1.585205078125000000e+01
1.585229492187500000e+01
1.585253906250000000e+01
1.585278320312500000e+01
1.585302734375000000e+01
1.585327148437500000e+01
1.585351562500000000e+01
1.585375976562500000e+01
1.585400390625000000e+01
1.585424804687500000e+01
1.585449218750000000e+01
1.585473632812500000e+01
1.585498046875000000e+01
1.585522460937500000e+01
1.585546875000000000e+01
1.585571289062500000e+01
1.585595703125000000e+01
1.585620117187500000e+01
1.585644531250000000e+01
1.585668945312500000e+01
1.585693359375000000e+01
1.585717773437500000e+01
1.585742187500000000e+01
1.585766601562500000e+01
1.585791015625000000e+01
1.585815429687500000e+01
1.585839843750000000e+01
1.585864257812500000e+01
1.585888671875000000e+01
1.585913085937500000e+01
1.585937500000000000e+01
1.585961914062500000e+01
1.585986328125000000e+01
1.586010742187500000e+01
1.586035156250000000e+01
1.586059570312500000e+01
1.586083984375000000e+01
1.586108398437500000e+01
1.586132812500000000e+01
1.586157226562500000e+01
1.586181640625000000e+01
1.586206054687500000e+01
1.586230468750000000e+01
1.586254882812500000e+01
1.586279296875000000e+01
1.586303710937500000e+01
1.586328125000000000e+01
1.586352539062500000e+01
1.586376953125000000e+01
1.586401367187500000e+01
1.586425781250000000e+01
1.586450195312500000e+01
1.586474609375000000e+01
1.586499023437500000e+01
1.586523437500000000e+01
1.586547851562500000e+01
1.586572265625000000e+01
1.586596679687500000e+01
1.586621093750000000e+01
1.586645507812500000e+01
1.586669921875000000e+01
1.586694335937500000e+01
1.586718750000000000e+01
1.586743164062500000e+01
1.586767578125000000e+01
1.586791992187500000e+01
1.586816406250000000e+01
1.586840820312500000e+01
1.586865234375000000e+01
1.586889648437500000e+01
1.586914062500000000e+01
1.586938476562500000e+01
1.586962890625000000e+01
1.586987304687500000e+01
1.587011718750000000e+01
1.587036132812500000e+01
1.587060546875000000e+01
1.587084960937500000e+01
1.587109375000000000e+01
1.587133789062500000e+01
1.587158203125000000e+01
1.587182617187500000e+01
1.587207031250000000e+01
1.587231445312500000e+01
1.587255859375000000e+01
1.587280273437500000e+01
1.587304687500000000e+01
1.587329101562500000e+01
1.587353515625000000e+01
1.587377929687500000e+01
1.587402343750000000e+01
1.587426757812500000e+01
1.587451171875000000e+01
1.587475585937500000e+01
1.587500000000000000e+01
1.587524414062500000e+01
1.587548828125000000e+01
1.587573242187500000e+01
1.587597656250000000e+01
1.587622070312500000e+01
1.587646484375000000e+01
1.587670898437500000e+01
1.587695312500000000e+01
1.587719726562500000e+01
1.587744140625000000e+01
1.587768554687500000e+01
1.587792968750000000e+01
1.587817382812500000e+01
1.587841796875000000e+01
1.587866210937500000e+01
1.587890625000000000e+01
1.587915039062500000e+01
1.587939453125000000e+01
1.587963867187500000e+01
1.587988281250000000e+01
1.588012695312500000e+01
1.588037109375000000e+01
1.588061523437500000e+01
1.588085937500000000e+01
1.588110351562500000e+01
1.588134765625000000e+01
1.588159179687500000e+01
1.588183593750000000e+01
1.588208007812500000e+01
1.588232421875000000e+01
1.588256835937500000e+01
1.588281250000000000e+01
1.588305664062500000e+01
1.588330078125000000e+01
1.588354492187500000e+01
1.588378906250000000e+01
1.588403320312500000e+01
1.588427734375000000e+01
1.588452148437500000e+01
1.588476562500000000e+01
1.588500976562500000e+01
1.588525390625000000e+01
1.588549804687500000e+01
1.588574218750000000e+01
1.588598632812500000e+01
1.588623046875000000e+01
1.588647460937500000e+01
1.588671875000000000e+01
1.588696289062500000e+01
1.588720703125000000e+01
1.588745117187500000e+01
1.588769531250000000e+01
1.588793945312500000e+01
1.588818359375000000e+01
1.588842773437500000e+01
1.588867187500000000e+01
1.588891601562500000e+01
1.588916015625000000e+01
1.588940429687500000e+01
1.588964843750000000e+01
1.588989257812500000e+01
1.589013671875000000e+01
1.589038085937500000e+01
1.589062500000000000e+01
1.589086914062500000e+01
1.589111328125000000e+01
1.589135742187500000e+01
1.589160156250000000e+01
1.589184570312500000e+01
1.589208984375000000e+01
1.589233398437500000e+01
1.589257812500000000e+01
1.589282226562500000e+01
1.589306640625000000e+01
1.589331054687500000e+01
1.589355468750000000e+01
1.589379882812500000e+01
1.589404296875000000e+01
1.589428710937500000e+01
1.589453125000000000e+01
1.589477539062500000e+01
1.589501953125000000e+01
1.589526367187500000e+01
1.589550781250000000e+01
1.589575195312500000e+01
1.589599609375000000e+01
1.589624023437500000e+01
1.589648437500000000e+01
1.589672851562500000e+01
1.589697265625000000e+01
1.589721679687500000e+01
1.589746093750000000e+01
1.589770507812500000e+01
1.589794921875000000e+01
1.589819335937500000e+01
1.589843750000000000e+01
1.589868164062500000e+01
1.589892578125000000e+01
1.589916992187500000e+01
1.589941406250000000e+01
1.589965820312500000e+01
1.589990234375000000e+01
1.590014648437500000e+01
1.590039062500000000e+01
1.590063476562500000e+01
1.590087890625000000e+01
1.590112304687500000e+01
1.590136718750000000e+01
1.590161132812500000e+01
1.590185546875000000e+01
1.590209960937500000e+01
1.590234375000000000e+01
1.590258789062500000e+01
1.590283203125000000e+01
1.590307617187500000e+01
1.590332031250000000e+01
1.590356445312500000e+01
1.590380859375000000e+01
1.590405273437500000e+01
1.590429687500000000e+01
1.590454101562500000e+01
1.590478515625000000e+01
1.590502929687500000e+01
1.590527343750000000e+01
1.590551757812500000e+01
1.590576171875000000e+01
1.590600585937500000e+01
1.590625000000000000e+01
1.590649414062500000e+01
1.590673828125000000e+01
1.590698242187500000e+01
1.590722656250000000e+01
1.590747070312500000e+01
1.590771484375000000e+01
1.590795898437500000e+01
1.590820312500000000e+01
1.590844726562500000e+01
1.590869140625000000e+01
1.590893554687500000e+01
1.590917968750000000e+01
1.590942382812500000e+01
1.590966796875000000e+01
1.590991210937500000e+01
1.591015625000000000e+01
1.591040039062500000e+01
1.591064453125000000e+01
1.591088867187500000e+01
1.591113281250000000e+01
1.591137695312500000e+01
1.591162109375000000e+01
1.591186523437500000e+01
1.591210937500000000e+01
1.591235351562500000e+01
1.591259765625000000e+01
1.591284179687500000e+01
1.591308593750000000e+01
1.591333007812500000e+01
1.591357421875000000e+01
1.591381835937500000e+01
1.591406250000000000e+01
1.591430664062500000e+01
1.591455078125000000e+01
1.591479492187500000e+01
1.591503906250000000e+01
1.591528320312500000e+01
1.591552734375000000e+01
1.591577148437500000e+01
1.591601562500000000e+01
1.591625976562500000e+01
1.591650390625000000e+01
1.591674804687500000e+01
1.591699218750000000e+01
1.591723632812500000e+01
1.591748046875000000e+01
1.591772460937500000e+01
1.591796875000000000e+01
1.591821289062500000e+01
1.591845703125000000e+01
1.591870117187500000e+01
1.591894531250000000e+01
1.591918945312500000e+01
1.591943359375000000e+01
1.591967773437500000e+01
1.591992187500000000e+01
1.592016601562500000e+01
1.592041015625000000e+01
1.592065429687500000e+01
1.592089843750000000e+01
1.592114257812500000e+01
1.592138671875000000e+01
1.592163085937500000e+01
1.592187500000000000e+01
1.592211914062500000e+01
1.592236328125000000e+01
1.592260742187500000e+01
1.592285156250000000e+01
1.592309570312500000e+01
1.592333984375000000e+01
1.592358398437500000e+01
1.592382812500000000e+01
1.592407226562500000e+01
1.592431640625000000e+01
1.592456054687500000e+01
1.592480468750000000e+01
1.592504882812500000e+01
1.592529296875000000e+01
1.592553710937500000e+01
1.592578125000000000e+01
1.592602539062500000e+01
1.592626953125000000e+01
1.592651367187500000e+01
1.592675781250000000e+01
1.592700195312500000e+01
1.592724609375000000e+01
1.592749023437500000e+01
1.592773437500000000e+01
1.592797851562500000e+01
1.592822265625000000e+01
1.592846679687500000e+01
1.592871093750000000e+01
1.592895507812500000e+01
1.592919921875000000e+01
1.592944335937500000e+01
1.592968750000000000e+01
1.592993164062500000e+01
1.593017578125000000e+01
1.593041992187500000e+01
1.593066406250000000e+01
1.593090820312500000e+01
1.593115234375000000e+01
1.593139648437500000e+01
1.593164062500000000e+01
1.593188476562500000e+01
1.593212890625000000e+01
1.593237304687500000e+01
1.593261718750000000e+01
1.593286132812500000e+01
1.593310546875000000e+01
1.593334960937500000e+01
1.593359375000000000e+01
1.593383789062500000e+01
1.593408203125000000e+01
1.593432617187500000e+01
1.593457031250000000e+01
1.593481445312500000e+01
1.593505859375000000e+01
1.593530273437500000e+01
1.593554687500000000e+01
1.593579101562500000e+01
1.593603515625000000e+01
1.593627929687500000e+01
1.593652343750000000e+01
1.593676757812500000e+01
1.593701171875000000e+01
1.593725585937500000e+01
1.593750000000000000e+01
1.593774414062500000e+01
1.593798828125000000e+01
1.593823242187500000e+01
1.593847656250000000e+01
1.593872070312500000e+01
1.593896484375000000e+01
1.593920898437500000e+01
1.593945312500000000e+01
1.593969726562500000e+01
1.593994140625000000e+01
1.594018554687500000e+01
1.594042968750000000e+01
1.594067382812500000e+01
1.594091796875000000e+01
1.594116210937500000e+01
1.594140625000000000e+01
1.594165039062500000e+01
1.594189453125000000e+01
1.594213867187500000e+01
1.594238281250000000e+01
1.594262695312500000e+01
1.594287109375000000e+01
1.594311523437500000e+01
1.594335937500000000e+01
1.594360351562500000e+01
1.594384765625000000e+01
1.594409179687500000e+01
1.594433593750000000e+01
1.594458007812500000e+01
1.594482421875000000e+01
1.594506835937500000e+01
1.594531250000000000e+01
1.594555664062500000e+01
1.594580078125000000e+01
1.594604492187500000e+01
1.594628906250000000e+01
1.594653320312500000e+01
1.594677734375000000e+01
1.594702148437500000e+01
1.594726562500000000e+01
1.594750976562500000e+01
1.594775390625000000e+01
1.594799804687500000e+01
1.594824218750000000e+01
1.594848632812500000e+01
1.594873046875000000e+01
1.594897460937500000e+01
1.594921875000000000e+01
1.594946289062500000e+01
1.594970703125000000e+01
1.594995117187500000e+01
1.595019531250000000e+01
1.595043945312500000e+01
1.595068359375000000e+01
1.595092773437500000e+01
1.595117187500000000e+01
1.595141601562500000e+01
1.595166015625000000e+01
1.595190429687500000e+01
1.595214843750000000e+01
1.595239257812500000e+01
1.595263671875000000e+01
1.595288085937500000e+01
1.595312500000000000e+01
1.595336914062500000e+01
1.595361328125000000e+01
1.595385742187500000e+01
1.595410156250000000e+01
1.595434570312500000e+01
1.595458984375000000e+01
1.595483398437500000e+01
1.595507812500000000e+01
1.595532226562500000e+01
1.595556640625000000e+01
1.595581054687500000e+01
1.595605468750000000e+01
1.595629882812500000e+01
1.595654296875000000e+01
1.595678710937500000e+01
1.595703125000000000e+01
1.595727539062500000e+01
1.595751953125000000e+01
1.595776367187500000e+01
1.595800781250000000e+01
1.595825195312500000e+01
1.595849609375000000e+01
1.595874023437500000e+01
1.595898437500000000e+01
1.595922851562500000e+01
1.595947265625000000e+01
1.595971679687500000e+01
1.595996093750000000e+01
1.596020507812500000e+01
1.596044921875000000e+01
1.596069335937500000e+01
1.596093750000000000e+01
1.596118164062500000e+01
1.596142578125000000e+01
1.596166992187500000e+01
1.596191406250000000e+01
1.596215820312500000e+01
1.596240234375000000e+01
1.596264648437500000e+01
1.596289062500000000e+01
1.596313476562500000e+01
1.596337890625000000e+01
1.596362304687500000e+01
1.596386718750000000e+01
1.596411132812500000e+01
1.596435546875000000e+01
1.596459960937500000e+01
1.596484375000000000e+01
1.596508789062500000e+01
1.596533203125000000e+01
1.596557617187500000e+01
1.596582031250000000e+01
1.596606445312500000e+01
1.596630859375000000e+01
1.596655273437500000e+01
1.596679687500000000e+01
1.596704101562500000e+01
1.596728515625000000e+01
1.596752929687500000e+01
1.596777343750000000e+01
1.596801757812500000e+01
1.596826171875000000e+01
1.596850585937500000e+01
1.596875000000000000e+01
1.596899414062500000e+01
1.596923828125000000e+01
1.596948242187500000e+01
1.596972656250000000e+01
1.596997070312500000e+01
1.597021484375000000e+01
1.597045898437500000e+01
1.597070312500000000e+01
1.597094726562500000e+01
1.597119140625000000e+01
1.597143554687500000e+01
1.597167968750000000e+01
1.597192382812500000e+01
1.597216796875000000e+01
1.597241210937500000e+01
1.597265625000000000e+01
1.597290039062500000e+01
1.597314453125000000e+01
1.597338867187500000e+01
1.597363281250000000e+01
1.597387695312500000e+01
1.597412109375000000e+01
1.597436523437500000e+01
1.597460937500000000e+01
1.597485351562500000e+01
1.597509765625000000e+01
1.597534179687500000e+01
1.597558593750000000e+01
1.597583007812500000e+01
1.597607421875000000e+01
1.597631835937500000e+01
1.597656250000000000e+01
1.597680664062500000e+01
1.597705078125000000e+01
1.597729492187500000e+01
1.597753906250000000e+01
1.597778320312500000e+01
1.597802734375000000e+01
1.597827148437500000e+01
1.597851562500000000e+01
1.597875976562500000e+01
1.597900390625000000e+01
1.597924804687500000e+01
1.597949218750000000e+01
1.597973632812500000e+01
1.597998046875000000e+01
1.598022460937500000e+01
1.598046875000000000e+01
1.598071289062500000e+01
1.598095703125000000e+01
1.598120117187500000e+01
1.598144531250000000e+01
1.598168945312500000e+01
1.598193359375000000e+01
1.598217773437500000e+01
1.598242187500000000e+01
1.598266601562500000e+01
1.598291015625000000e+01
1.598315429687500000e+01
1.598339843750000000e+01
1.598364257812500000e+01
1.598388671875000000e+01
1.598413085937500000e+01
1.598437500000000000e+01
1.598461914062500000e+01
1.598486328125000000e+01
1.598510742187500000e+01
1.598535156250000000e+01
1.598559570312500000e+01
1.598583984375000000e+01
1.598608398437500000e+01
1.598632812500000000e+01
1.598657226562500000e+01
1.598681640625000000e+01
1.598706054687500000e+01
1.598730468750000000e+01
1.598754882812500000e+01
1.598779296875000000e+01
1.598803710937500000e+01
1.598828125000000000e+01
1.598852539062500000e+01
1.598876953125000000e+01
1.598901367187500000e+01
1.598925781250000000e+01
1.598950195312500000e+01
1.598974609375000000e+01
1.598999023437500000e+01
1.599023437500000000e+01
1.599047851562500000e+01
1.599072265625000000e+01
1.599096679687500000e+01
1.599121093750000000e+01
1.599145507812500000e+01
1.599169921875000000e+01
1.599194335937500000e+01
1.599218750000000000e+01
1.599243164062500000e+01
1.599267578125000000e+01
1.599291992187500000e+01
1.599316406250000000e+01
1.599340820312500000e+01
1.599365234375000000e+01
1.599389648437500000e+01
1.599414062500000000e+01
1.599438476562500000e+01
1.599462890625000000e+01
1.599487304687500000e+01
1.599511718750000000e+01
1.599536132812500000e+01
1.599560546875000000e+01
1.599584960937500000e+01
1.599609375000000000e+01
1.599633789062500000e+01
1.599658203125000000e+01
1.599682617187500000e+01
1.599707031250000000e+01
1.599731445312500000e+01
1.599755859375000000e+01
1.599780273437500000e+01
1.599804687500000000e+01
1.599829101562500000e+01
1.599853515625000000e+01
1.599877929687500000e+01
1.599902343750000000e+01
1.599926757812500000e+01
1.599951171875000000e+01
1.599975585937500000e+01
1.600000000000000000e+01
1.600024414062500000e+01
1.600048828125000000e+01
1.600073242187500000e+01
1.600097656250000000e+01
1.600122070312500000e+01
1.600146484375000000e+01
1.600170898437500000e+01
1.600195312500000000e+01
1.600219726562500000e+01
1.600244140625000000e+01
1.600268554687500000e+01
1.600292968750000000e+01
1.600317382812500000e+01
1.600341796875000000e+01
1.600366210937500000e+01
1.600390625000000000e+01
1.600415039062500000e+01
1.600439453125000000e+01
1.600463867187500000e+01
1.600488281250000000e+01
1.600512695312500000e+01
1.600537109375000000e+01
1.600561523437500000e+01
1.600585937500000000e+01
1.600610351562500000e+01
1.600634765625000000e+01
1.600659179687500000e+01
1.600683593750000000e+01
1.600708007812500000e+01
1.600732421875000000e+01
1.600756835937500000e+01
1.600781250000000000e+01
1.600805664062500000e+01
1.600830078125000000e+01
1.600854492187500000e+01
1.600878906250000000e+01
1.600903320312500000e+01
1.600927734375000000e+01
1.600952148437500000e+01
1.600976562500000000e+01
1.601000976562500000e+01
1.601025390625000000e+01
1.601049804687500000e+01
1.601074218750000000e+01
1.601098632812500000e+01
1.601123046875000000e+01
1.601147460937500000e+01
1.601171875000000000e+01
1.601196289062500000e+01
1.601220703125000000e+01
1.601245117187500000e+01
1.601269531250000000e+01
1.601293945312500000e+01
1.601318359375000000e+01
1.601342773437500000e+01
1.601367187500000000e+01
1.601391601562500000e+01
1.601416015625000000e+01
1.601440429687500000e+01
1.601464843750000000e+01
1.601489257812500000e+01
1.601513671875000000e+01
1.601538085937500000e+01
1.601562500000000000e+01
1.601586914062500000e+01
1.601611328125000000e+01
1.601635742187500000e+01
1.601660156250000000e+01
1.601684570312500000e+01
1.601708984375000000e+01
1.601733398437500000e+01
1.601757812500000000e+01
1.601782226562500000e+01
1.601806640625000000e+01
1.601831054687500000e+01
1.601855468750000000e+01
1.601879882812500000e+01
1.601904296875000000e+01
1.601928710937500000e+01
1.601953125000000000e+01
1.601977539062500000e+01
1.602001953125000000e+01
1.602026367187500000e+01
1.602050781250000000e+01
1.602075195312500000e+01
1.602099609375000000e+01
1.602124023437500000e+01
1.602148437500000000e+01
1.602172851562500000e+01
1.602197265625000000e+01
1.602221679687500000e+01
1.602246093750000000e+01
1.602270507812500000e+01
1.602294921875000000e+01
1.602319335937500000e+01
1.602343750000000000e+01
1.602368164062500000e+01
1.602392578125000000e+01
1.602416992187500000e+01
1.602441406250000000e+01
1.602465820312500000e+01
1.602490234375000000e+01
1.602514648437500000e+01
1.602539062500000000e+01
1.602563476562500000e+01
1.602587890625000000e+01
1.602612304687500000e+01
1.602636718750000000e+01
1.602661132812500000e+01
1.602685546875000000e+01
1.602709960937500000e+01
1.602734375000000000e+01
1.602758789062500000e+01
1.602783203125000000e+01
1.602807617187500000e+01
1.602832031250000000e+01
1.602856445312500000e+01
1.602880859375000000e+01
1.602905273437500000e+01
1.602929687500000000e+01
1.602954101562500000e+01
1.602978515625000000e+01
1.603002929687500000e+01
1.603027343750000000e+01
1.603051757812500000e+01
1.603076171875000000e+01
1.603100585937500000e+01
1.603125000000000000e+01
1.603149414062500000e+01
1.603173828125000000e+01
1.603198242187500000e+01
1.603222656250000000e+01
1.603247070312500000e+01
1.603271484375000000e+01
1.603295898437500000e+01
1.603320312500000000e+01
1.603344726562500000e+01
1.603369140625000000e+01
1.603393554687500000e+01
1.603417968750000000e+01
1.603442382812500000e+01
1.603466796875000000e+01
1.603491210937500000e+01
1.603515625000000000e+01
1.603540039062500000e+01
1.603564453125000000e+01
1.603588867187500000e+01
1.603613281250000000e+01
1.603637695312500000e+01
1.603662109375000000e+01
1.603686523437500000e+01
1.603710937500000000e+01
1.603735351562500000e+01
1.603759765625000000e+01
1.603784179687500000e+01
1.603808593750000000e+01
1.603833007812500000e+01
1.603857421875000000e+01
1.603881835937500000e+01
1.603906250000000000e+01
1.603930664062500000e+01
1.603955078125000000e+01
1.603979492187500000e+01
1.604003906250000000e+01
1.604028320312500000e+01
1.604052734375000000e+01
1.604077148437500000e+01
1.604101562500000000e+01
1.604125976562500000e+01
1.604150390625000000e+01
1.604174804687500000e+01
1.604199218750000000e+01
1.604223632812500000e+01
1.604248046875000000e+01
1.604272460937500000e+01
1.604296875000000000e+01
1.604321289062500000e+01
1.604345703125000000e+01
1.604370117187500000e+01
1.604394531250000000e+01
1.604418945312500000e+01
1.604443359375000000e+01
1.604467773437500000e+01
1.604492187500000000e+01
1.604516601562500000e+01
1.604541015625000000e+01
1.604565429687500000e+01
1.604589843750000000e+01
1.604614257812500000e+01
1.604638671875000000e+01
1.604663085937500000e+01
1.604687500000000000e+01
1.604711914062500000e+01
1.604736328125000000e+01
1.604760742187500000e+01
1.604785156250000000e+01
1.604809570312500000e+01
1.604833984375000000e+01
1.604858398437500000e+01
1.604882812500000000e+01
1.604907226562500000e+01
1.604931640625000000e+01
1.604956054687500000e+01
1.604980468750000000e+01
1.605004882812500000e+01
1.605029296875000000e+01
1.605053710937500000e+01
1.605078125000000000e+01
1.605102539062500000e+01
1.605126953125000000e+01
1.605151367187500000e+01
1.605175781250000000e+01
1.605200195312500000e+01
1.605224609375000000e+01
1.605249023437500000e+01
1.605273437500000000e+01
1.605297851562500000e+01
1.605322265625000000e+01
1.605346679687500000e+01
1.605371093750000000e+01
1.605395507812500000e+01
1.605419921875000000e+01
1.605444335937500000e+01
1.605468750000000000e+01
1.605493164062500000e+01
1.605517578125000000e+01
1.605541992187500000e+01
1.605566406250000000e+01
1.605590820312500000e+01
1.605615234375000000e+01
1.605639648437500000e+01
1.605664062500000000e+01
1.605688476562500000e+01
1.605712890625000000e+01
1.605737304687500000e+01
1.605761718750000000e+01
1.605786132812500000e+01
1.605810546875000000e+01
1.605834960937500000e+01
1.605859375000000000e+01
1.605883789062500000e+01
1.605908203125000000e+01
1.605932617187500000e+01
1.605957031250000000e+01
1.605981445312500000e+01
1.606005859375000000e+01
1.606030273437500000e+01
1.606054687500000000e+01
1.606079101562500000e+01
1.606103515625000000e+01
1.606127929687500000e+01
1.606152343750000000e+01
1.606176757812500000e+01
1.606201171875000000e+01
1.606225585937500000e+01
1.606250000000000000e+01
1.606274414062500000e+01
1.606298828125000000e+01
1.606323242187500000e+01
1.606347656250000000e+01
1.606372070312500000e+01
1.606396484375000000e+01
1.606420898437500000e+01
1.606445312500000000e+01
1.606469726562500000e+01
1.606494140625000000e+01
1.606518554687500000e+01
1.606542968750000000e+01
1.606567382812500000e+01
1.606591796875000000e+01
1.606616210937500000e+01
1.606640625000000000e+01
1.606665039062500000e+01
1.606689453125000000e+01
1.606713867187500000e+01
1.606738281250000000e+01
1.606762695312500000e+01
1.606787109375000000e+01
1.606811523437500000e+01
1.606835937500000000e+01
1.606860351562500000e+01
1.606884765625000000e+01
1.606909179687500000e+01
1.606933593750000000e+01
1.606958007812500000e+01
1.606982421875000000e+01
1.607006835937500000e+01
1.607031250000000000e+01
1.607055664062500000e+01
1.607080078125000000e+01
1.607104492187500000e+01
1.607128906250000000e+01
1.607153320312500000e+01
1.607177734375000000e+01
1.607202148437500000e+01
1.607226562500000000e+01
1.607250976562500000e+01
1.607275390625000000e+01
1.607299804687500000e+01
1.607324218750000000e+01
1.607348632812500000e+01
1.607373046875000000e+01
1.607397460937500000e+01
1.607421875000000000e+01
1.607446289062500000e+01
1.607470703125000000e+01
1.607495117187500000e+01
1.607519531250000000e+01
1.607543945312500000e+01
1.607568359375000000e+01
1.607592773437500000e+01
1.607617187500000000e+01
1.607641601562500000e+01
1.607666015625000000e+01
1.607690429687500000e+01
1.607714843750000000e+01
1.607739257812500000e+01
1.607763671875000000e+01
1.607788085937500000e+01
1.607812500000000000e+01
1.607836914062500000e+01
1.607861328125000000e+01
1.607885742187500000e+01
1.607910156250000000e+01
1.607934570312500000e+01
1.607958984375000000e+01
1.607983398437500000e+01
1.608007812500000000e+01
1.608032226562500000e+01
1.608056640625000000e+01
1.608081054687500000e+01
1.608105468750000000e+01
1.608129882812500000e+01
1.608154296875000000e+01
1.608178710937500000e+01
1.608203125000000000e+01
1.608227539062500000e+01
1.608251953125000000e+01
1.608276367187500000e+01
1.608300781250000000e+01
1.608325195312500000e+01
1.608349609375000000e+01
1.608374023437500000e+01
1.608398437500000000e+01
1.608422851562500000e+01
1.608447265625000000e+01
1.608471679687500000e+01
1.608496093750000000e+01
1.608520507812500000e+01
1.608544921875000000e+01
1.608569335937500000e+01
1.608593750000000000e+01
1.608618164062500000e+01
1.608642578125000000e+01
1.608666992187500000e+01
1.608691406250000000e+01
1.608715820312500000e+01
1.608740234375000000e+01
1.608764648437500000e+01
1.608789062500000000e+01
1.608813476562500000e+01
1.608837890625000000e+01
1.608862304687500000e+01
1.608886718750000000e+01
1.608911132812500000e+01
1.608935546875000000e+01
1.608959960937500000e+01
1.608984375000000000e+01
1.609008789062500000e+01
1.609033203125000000e+01
1.609057617187500000e+01
1.609082031250000000e+01
1.609106445312500000e+01
1.609130859375000000e+01
1.609155273437500000e+01
1.609179687500000000e+01
1.609204101562500000e+01
1.609228515625000000e+01
1.609252929687500000e+01
1.609277343750000000e+01
1.609301757812500000e+01
1.609326171875000000e+01
1.609350585937500000e+01
1.609375000000000000e+01
1.609399414062500000e+01
1.609423828125000000e+01
1.609448242187500000e+01
1.609472656250000000e+01
1.609497070312500000e+01
1.609521484375000000e+01
1.609545898437500000e+01
1.609570312500000000e+01
1.609594726562500000e+01
1.609619140625000000e+01
1.609643554687500000e+01
1.609667968750000000e+01
1.609692382812500000e+01
1.609716796875000000e+01
1.609741210937500000e+01
1.609765625000000000e+01
1.609790039062500000e+01
1.609814453125000000e+01
1.609838867187500000e+01
1.609863281250000000e+01
1.609887695312500000e+01
1.609912109375000000e+01
1.609936523437500000e+01
1.609960937500000000e+01
1.609985351562500000e+01
1.610009765625000000e+01
1.610034179687500000e+01
1.610058593750000000e+01
1.610083007812500000e+01
1.610107421875000000e+01
1.610131835937500000e+01
1.610156250000000000e+01
1.610180664062500000e+01
1.610205078125000000e+01
1.610229492187500000e+01
1.610253906250000000e+01
1.610278320312500000e+01
1.610302734375000000e+01
1.610327148437500000e+01
1.610351562500000000e+01
1.610375976562500000e+01
1.610400390625000000e+01
1.610424804687500000e+01
1.610449218750000000e+01
1.610473632812500000e+01
1.610498046875000000e+01
1.610522460937500000e+01
1.610546875000000000e+01
1.610571289062500000e+01
1.610595703125000000e+01
1.610620117187500000e+01
1.610644531250000000e+01
1.610668945312500000e+01
1.610693359375000000e+01
1.610717773437500000e+01
1.610742187500000000e+01
1.610766601562500000e+01
1.610791015625000000e+01
1.610815429687500000e+01
1.610839843750000000e+01
1.610864257812500000e+01
1.610888671875000000e+01
1.610913085937500000e+01
1.610937500000000000e+01
1.610961914062500000e+01
1.610986328125000000e+01
1.611010742187500000e+01
1.611035156250000000e+01
1.611059570312500000e+01
1.611083984375000000e+01
1.611108398437500000e+01
1.611132812500000000e+01
1.611157226562500000e+01
1.611181640625000000e+01
1.611206054687500000e+01
1.611230468750000000e+01
1.611254882812500000e+01
1.611279296875000000e+01
1.611303710937500000e+01
1.611328125000000000e+01
1.611352539062500000e+01
1.611376953125000000e+01
1.611401367187500000e+01
1.611425781250000000e+01
1.611450195312500000e+01
1.611474609375000000e+01
1.611499023437500000e+01
1.611523437500000000e+01
1.611547851562500000e+01
1.611572265625000000e+01
1.611596679687500000e+01
1.611621093750000000e+01
1.611645507812500000e+01
1.611669921875000000e+01
1.611694335937500000e+01
1.611718750000000000e+01
1.611743164062500000e+01
1.611767578125000000e+01
1.611791992187500000e+01
1.611816406250000000e+01
1.611840820312500000e+01
1.611865234375000000e+01
1.611889648437500000e+01
1.611914062500000000e+01
1.611938476562500000e+01
1.611962890625000000e+01
1.611987304687500000e+01
1.612011718750000000e+01
1.612036132812500000e+01
1.612060546875000000e+01
1.612084960937500000e+01
1.612109375000000000e+01
1.612133789062500000e+01
1.612158203125000000e+01
1.612182617187500000e+01
1.612207031250000000e+01
1.612231445312500000e+01
1.612255859375000000e+01
1.612280273437500000e+01
1.612304687500000000e+01
1.612329101562500000e+01
1.612353515625000000e+01
1.612377929687500000e+01
1.612402343750000000e+01
1.612426757812500000e+01
1.612451171875000000e+01
1.612475585937500000e+01
1.612500000000000000e+01
1.612524414062500000e+01
1.612548828125000000e+01
1.612573242187500000e+01
1.612597656250000000e+01
1.612622070312500000e+01
1.612646484375000000e+01
1.612670898437500000e+01
1.612695312500000000e+01
1.612719726562500000e+01
1.612744140625000000e+01
1.612768554687500000e+01
1.612792968750000000e+01
1.612817382812500000e+01
1.612841796875000000e+01
1.612866210937500000e+01
1.612890625000000000e+01
1.612915039062500000e+01
1.612939453125000000e+01
1.612963867187500000e+01
1.612988281250000000e+01
1.613012695312500000e+01
1.613037109375000000e+01
1.613061523437500000e+01
1.613085937500000000e+01
1.613110351562500000e+01
1.613134765625000000e+01
1.613159179687500000e+01
1.613183593750000000e+01
1.613208007812500000e+01
1.613232421875000000e+01
1.613256835937500000e+01
1.613281250000000000e+01
1.613305664062500000e+01
1.613330078125000000e+01
1.613354492187500000e+01
1.613378906250000000e+01
1.613403320312500000e+01
1.613427734375000000e+01
1.613452148437500000e+01
1.613476562500000000e+01
1.613500976562500000e+01
1.613525390625000000e+01
1.613549804687500000e+01
1.613574218750000000e+01
1.613598632812500000e+01
1.613623046875000000e+01
1.613647460937500000e+01
1.613671875000000000e+01
1.613696289062500000e+01
1.613720703125000000e+01
1.613745117187500000e+01
1.613769531250000000e+01
1.613793945312500000e+01
1.613818359375000000e+01
1.613842773437500000e+01
1.613867187500000000e+01
1.613891601562500000e+01
1.613916015625000000e+01
1.613940429687500000e+01
1.613964843750000000e+01
1.613989257812500000e+01
1.614013671875000000e+01
1.614038085937500000e+01
1.614062500000000000e+01
1.614086914062500000e+01
1.614111328125000000e+01
1.614135742187500000e+01
1.614160156250000000e+01
1.614184570312500000e+01
1.614208984375000000e+01
1.614233398437500000e+01
1.614257812500000000e+01
1.614282226562500000e+01
1.614306640625000000e+01
1.614331054687500000e+01
1.614355468750000000e+01
1.614379882812500000e+01
1.614404296875000000e+01
1.614428710937500000e+01
1.614453125000000000e+01
1.614477539062500000e+01
1.614501953125000000e+01
1.614526367187500000e+01
1.614550781250000000e+01
1.614575195312500000e+01
1.614599609375000000e+01
1.614624023437500000e+01
1.614648437500000000e+01
1.614672851562500000e+01
1.614697265625000000e+01
1.614721679687500000e+01
1.614746093750000000e+01
1.614770507812500000e+01
1.614794921875000000e+01
1.614819335937500000e+01
1.614843750000000000e+01
1.614868164062500000e+01
1.614892578125000000e+01
1.614916992187500000e+01
1.614941406250000000e+01
1.614965820312500000e+01
1.614990234375000000e+01
1.615014648437500000e+01
1.615039062500000000e+01
1.615063476562500000e+01
1.615087890625000000e+01
1.615112304687500000e+01
1.615136718750000000e+01
1.615161132812500000e+01
1.615185546875000000e+01
1.615209960937500000e+01
1.615234375000000000e+01
1.615258789062500000e+01
1.615283203125000000e+01
1.615307617187500000e+01
1.615332031250000000e+01
1.615356445312500000e+01
1.615380859375000000e+01
1.615405273437500000e+01
1.615429687500000000e+01
1.615454101562500000e+01
1.615478515625000000e+01
1.615502929687500000e+01
1.615527343750000000e+01
1.615551757812500000e+01
1.615576171875000000e+01
1.615600585937500000e+01
1.615625000000000000e+01
1.615649414062500000e+01
1.615673828125000000e+01
1.615698242187500000e+01
1.615722656250000000e+01
1.615747070312500000e+01
1.615771484375000000e+01
1.615795898437500000e+01
1.615820312500000000e+01
1.615844726562500000e+01
1.615869140625000000e+01
1.615893554687500000e+01
1.615917968750000000e+01
1.615942382812500000e+01
1.615966796875000000e+01
1.615991210937500000e+01
1.616015625000000000e+01
1.616040039062500000e+01
1.616064453125000000e+01
1.616088867187500000e+01
1.616113281250000000e+01
1.616137695312500000e+01
1.616162109375000000e+01
1.616186523437500000e+01
1.616210937500000000e+01
1.616235351562500000e+01
1.616259765625000000e+01
1.616284179687500000e+01
1.616308593750000000e+01
1.616333007812500000e+01
1.616357421875000000e+01
1.616381835937500000e+01
1.616406250000000000e+01
1.616430664062500000e+01
1.616455078125000000e+01
1.616479492187500000e+01
1.616503906250000000e+01
1.616528320312500000e+01
1.616552734375000000e+01
1.616577148437500000e+01
1.616601562500000000e+01
1.616625976562500000e+01
1.616650390625000000e+01
1.616674804687500000e+01
1.616699218750000000e+01
1.616723632812500000e+01
1.616748046875000000e+01
1.616772460937500000e+01
1.616796875000000000e+01
1.616821289062500000e+01
1.616845703125000000e+01
1.616870117187500000e+01
1.616894531250000000e+01
1.616918945312500000e+01
1.616943359375000000e+01
1.616967773437500000e+01
1.616992187500000000e+01
1.617016601562500000e+01
1.617041015625000000e+01
1.617065429687500000e+01
1.617089843750000000e+01
1.617114257812500000e+01
1.617138671875000000e+01
1.617163085937500000e+01
1.617187500000000000e+01
1.617211914062500000e+01
1.617236328125000000e+01
1.617260742187500000e+01
1.617285156250000000e+01
1.617309570312500000e+01
1.617333984375000000e+01
1.617358398437500000e+01
1.617382812500000000e+01
1.617407226562500000e+01
1.617431640625000000e+01
1.617456054687500000e+01
1.617480468750000000e+01
1.617504882812500000e+01
1.617529296875000000e+01
1.617553710937500000e+01
1.617578125000000000e+01
1.617602539062500000e+01
1.617626953125000000e+01
1.617651367187500000e+01
1.617675781250000000e+01
1.617700195312500000e+01
1.617724609375000000e+01
1.617749023437500000e+01
1.617773437500000000e+01
1.617797851562500000e+01
1.617822265625000000e+01
1.617846679687500000e+01
1.617871093750000000e+01
1.617895507812500000e+01
1.617919921875000000e+01
1.617944335937500000e+01
1.617968750000000000e+01
1.617993164062500000e+01
1.618017578125000000e+01
1.618041992187500000e+01
1.618066406250000000e+01
1.618090820312500000e+01
1.618115234375000000e+01
1.618139648437500000e+01
1.618164062500000000e+01
1.618188476562500000e+01
1.618212890625000000e+01
1.618237304687500000e+01
1.618261718750000000e+01
1.618286132812500000e+01
1.618310546875000000e+01
1.618334960937500000e+01
1.618359375000000000e+01
1.618383789062500000e+01
1.618408203125000000e+01
1.618432617187500000e+01
1.618457031250000000e+01
1.618481445312500000e+01
1.618505859375000000e+01
1.618530273437500000e+01
1.618554687500000000e+01
1.618579101562500000e+01
1.618603515625000000e+01
1.618627929687500000e+01
1.618652343750000000e+01
1.618676757812500000e+01
1.618701171875000000e+01
1.618725585937500000e+01
1.618750000000000000e+01
1.618774414062500000e+01
1.618798828125000000e+01
1.618823242187500000e+01
1.618847656250000000e+01
1.618872070312500000e+01
1.618896484375000000e+01
1.618920898437500000e+01
1.618945312500000000e+01
1.618969726562500000e+01
1.618994140625000000e+01
1.619018554687500000e+01
1.619042968750000000e+01
1.619067382812500000e+01
1.619091796875000000e+01
1.619116210937500000e+01
1.619140625000000000e+01
1.619165039062500000e+01
1.619189453125000000e+01
1.619213867187500000e+01
1.619238281250000000e+01
1.619262695312500000e+01
1.619287109375000000e+01
1.619311523437500000e+01
1.619335937500000000e+01
1.619360351562500000e+01
1.619384765625000000e+01
1.619409179687500000e+01
1.619433593750000000e+01
1.619458007812500000e+01
1.619482421875000000e+01
1.619506835937500000e+01
1.619531250000000000e+01
1.619555664062500000e+01
1.619580078125000000e+01
1.619604492187500000e+01
1.619628906250000000e+01
1.619653320312500000e+01
1.619677734375000000e+01
1.619702148437500000e+01
1.619726562500000000e+01
1.619750976562500000e+01
1.619775390625000000e+01
1.619799804687500000e+01
1.619824218750000000e+01
1.619848632812500000e+01
1.619873046875000000e+01
1.619897460937500000e+01
1.619921875000000000e+01
1.619946289062500000e+01
1.619970703125000000e+01
1.619995117187500000e+01
1.620019531250000000e+01
1.620043945312500000e+01
1.620068359375000000e+01
1.620092773437500000e+01
1.620117187500000000e+01
1.620141601562500000e+01
1.620166015625000000e+01
1.620190429687500000e+01
1.620214843750000000e+01
1.620239257812500000e+01
1.620263671875000000e+01
1.620288085937500000e+01
1.620312500000000000e+01
1.620336914062500000e+01
1.620361328125000000e+01
1.620385742187500000e+01
1.620410156250000000e+01
1.620434570312500000e+01
1.620458984375000000e+01
1.620483398437500000e+01
1.620507812500000000e+01
1.620532226562500000e+01
1.620556640625000000e+01
1.620581054687500000e+01
1.620605468750000000e+01
1.620629882812500000e+01
1.620654296875000000e+01
1.620678710937500000e+01
1.620703125000000000e+01
1.620727539062500000e+01
1.620751953125000000e+01
1.620776367187500000e+01
1.620800781250000000e+01
1.620825195312500000e+01
1.620849609375000000e+01
1.620874023437500000e+01
1.620898437500000000e+01
1.620922851562500000e+01
1.620947265625000000e+01
1.620971679687500000e+01
1.620996093750000000e+01
1.621020507812500000e+01
1.621044921875000000e+01
1.621069335937500000e+01
1.621093750000000000e+01
1.621118164062500000e+01
1.621142578125000000e+01
1.621166992187500000e+01
1.621191406250000000e+01
1.621215820312500000e+01
1.621240234375000000e+01
1.621264648437500000e+01
1.621289062500000000e+01
1.621313476562500000e+01
1.621337890625000000e+01
1.621362304687500000e+01
1.621386718750000000e+01
1.621411132812500000e+01
1.621435546875000000e+01
1.621459960937500000e+01
1.621484375000000000e+01
1.621508789062500000e+01
1.621533203125000000e+01
1.621557617187500000e+01
1.621582031250000000e+01
1.621606445312500000e+01
1.621630859375000000e+01
1.621655273437500000e+01
1.621679687500000000e+01
1.621704101562500000e+01
1.621728515625000000e+01
1.621752929687500000e+01
1.621777343750000000e+01
1.621801757812500000e+01
1.621826171875000000e+01
1.621850585937500000e+01
1.621875000000000000e+01
1.621899414062500000e+01
1.621923828125000000e+01
1.621948242187500000e+01
1.621972656250000000e+01
1.621997070312500000e+01
1.622021484375000000e+01
1.622045898437500000e+01
1.622070312500000000e+01
1.622094726562500000e+01
1.622119140625000000e+01
1.622143554687500000e+01
1.622167968750000000e+01
1.622192382812500000e+01
1.622216796875000000e+01
1.622241210937500000e+01
1.622265625000000000e+01
1.622290039062500000e+01
1.622314453125000000e+01
1.622338867187500000e+01
1.622363281250000000e+01
1.622387695312500000e+01
1.622412109375000000e+01
1.622436523437500000e+01
1.622460937500000000e+01
1.622485351562500000e+01
1.622509765625000000e+01
1.622534179687500000e+01
1.622558593750000000e+01
1.622583007812500000e+01
1.622607421875000000e+01
1.622631835937500000e+01
1.622656250000000000e+01
1.622680664062500000e+01
1.622705078125000000e+01
1.622729492187500000e+01
1.622753906250000000e+01
1.622778320312500000e+01
1.622802734375000000e+01
1.622827148437500000e+01
1.622851562500000000e+01
1.622875976562500000e+01
1.622900390625000000e+01
1.622924804687500000e+01
1.622949218750000000e+01
1.622973632812500000e+01
1.622998046875000000e+01
1.623022460937500000e+01
1.623046875000000000e+01
1.623071289062500000e+01
1.623095703125000000e+01
1.623120117187500000e+01
1.623144531250000000e+01
1.623168945312500000e+01
1.623193359375000000e+01
1.623217773437500000e+01
1.623242187500000000e+01
1.623266601562500000e+01
1.623291015625000000e+01
1.623315429687500000e+01
1.623339843750000000e+01
1.623364257812500000e+01
1.623388671875000000e+01
1.623413085937500000e+01
1.623437500000000000e+01
1.623461914062500000e+01
1.623486328125000000e+01
1.623510742187500000e+01
1.623535156250000000e+01
1.623559570312500000e+01
1.623583984375000000e+01
1.623608398437500000e+01
1.623632812500000000e+01
1.623657226562500000e+01
1.623681640625000000e+01
1.623706054687500000e+01
1.623730468750000000e+01
1.623754882812500000e+01
1.623779296875000000e+01
1.623803710937500000e+01
1.623828125000000000e+01
1.623852539062500000e+01
1.623876953125000000e+01
1.623901367187500000e+01
1.623925781250000000e+01
1.623950195312500000e+01
1.623974609375000000e+01
1.623999023437500000e+01
1.624023437500000000e+01
1.624047851562500000e+01
1.624072265625000000e+01
1.624096679687500000e+01
1.624121093750000000e+01
1.624145507812500000e+01
1.624169921875000000e+01
1.624194335937500000e+01
1.624218750000000000e+01
1.624243164062500000e+01
1.624267578125000000e+01
1.624291992187500000e+01
1.624316406250000000e+01
1.624340820312500000e+01
1.624365234375000000e+01
1.624389648437500000e+01
1.624414062500000000e+01
1.624438476562500000e+01
1.624462890625000000e+01
1.624487304687500000e+01
1.624511718750000000e+01
1.624536132812500000e+01
1.624560546875000000e+01
1.624584960937500000e+01
1.624609375000000000e+01
1.624633789062500000e+01
1.624658203125000000e+01
1.624682617187500000e+01
1.624707031250000000e+01
1.624731445312500000e+01
1.624755859375000000e+01
1.624780273437500000e+01
1.624804687500000000e+01
1.624829101562500000e+01
1.624853515625000000e+01
1.624877929687500000e+01
1.624902343750000000e+01
1.624926757812500000e+01
1.624951171875000000e+01
1.624975585937500000e+01
1.625000000000000000e+01
1.625024414062500000e+01
1.625048828125000000e+01
1.625073242187500000e+01
1.625097656250000000e+01
1.625122070312500000e+01
1.625146484375000000e+01
1.625170898437500000e+01
1.625195312500000000e+01
1.625219726562500000e+01
1.625244140625000000e+01
1.625268554687500000e+01
1.625292968750000000e+01
1.625317382812500000e+01
1.625341796875000000e+01
1.625366210937500000e+01
1.625390625000000000e+01
1.625415039062500000e+01
1.625439453125000000e+01
1.625463867187500000e+01
1.625488281250000000e+01
1.625512695312500000e+01
1.625537109375000000e+01
1.625561523437500000e+01
1.625585937500000000e+01
1.625610351562500000e+01
1.625634765625000000e+01
1.625659179687500000e+01
1.625683593750000000e+01
1.625708007812500000e+01
1.625732421875000000e+01
1.625756835937500000e+01
1.625781250000000000e+01
1.625805664062500000e+01
1.625830078125000000e+01
1.625854492187500000e+01
1.625878906250000000e+01
1.625903320312500000e+01
1.625927734375000000e+01
1.625952148437500000e+01
1.625976562500000000e+01
1.626000976562500000e+01
1.626025390625000000e+01
1.626049804687500000e+01
1.626074218750000000e+01
1.626098632812500000e+01
1.626123046875000000e+01
1.626147460937500000e+01
1.626171875000000000e+01
1.626196289062500000e+01
1.626220703125000000e+01
1.626245117187500000e+01
1.626269531250000000e+01
1.626293945312500000e+01
1.626318359375000000e+01
1.626342773437500000e+01
1.626367187500000000e+01
1.626391601562500000e+01
1.626416015625000000e+01
1.626440429687500000e+01
1.626464843750000000e+01
1.626489257812500000e+01
1.626513671875000000e+01
1.626538085937500000e+01
1.626562500000000000e+01
1.626586914062500000e+01
1.626611328125000000e+01
1.626635742187500000e+01
1.626660156250000000e+01
1.626684570312500000e+01
1.626708984375000000e+01
1.626733398437500000e+01
1.626757812500000000e+01
1.626782226562500000e+01
1.626806640625000000e+01
1.626831054687500000e+01
1.626855468750000000e+01
1.626879882812500000e+01
1.626904296875000000e+01
1.626928710937500000e+01
1.626953125000000000e+01
1.626977539062500000e+01
1.627001953125000000e+01
1.627026367187500000e+01
1.627050781250000000e+01
1.627075195312500000e+01
1.627099609375000000e+01
1.627124023437500000e+01
1.627148437500000000e+01
1.627172851562500000e+01
1.627197265625000000e+01
1.627221679687500000e+01
1.627246093750000000e+01
1.627270507812500000e+01
1.627294921875000000e+01
1.627319335937500000e+01
1.627343750000000000e+01
1.627368164062500000e+01
1.627392578125000000e+01
1.627416992187500000e+01
1.627441406250000000e+01
1.627465820312500000e+01
1.627490234375000000e+01
1.627514648437500000e+01
1.627539062500000000e+01
1.627563476562500000e+01
1.627587890625000000e+01
1.627612304687500000e+01
1.627636718750000000e+01
1.627661132812500000e+01
1.627685546875000000e+01
1.627709960937500000e+01
1.627734375000000000e+01
1.627758789062500000e+01
1.627783203125000000e+01
1.627807617187500000e+01
1.627832031250000000e+01
1.627856445312500000e+01
1.627880859375000000e+01
1.627905273437500000e+01
1.627929687500000000e+01
1.627954101562500000e+01
1.627978515625000000e+01
1.628002929687500000e+01
1.628027343750000000e+01
1.628051757812500000e+01
1.628076171875000000e+01
1.628100585937500000e+01
1.628125000000000000e+01
1.628149414062500000e+01
1.628173828125000000e+01
1.628198242187500000e+01
1.628222656250000000e+01
1.628247070312500000e+01
1.628271484375000000e+01
1.628295898437500000e+01
1.628320312500000000e+01
1.628344726562500000e+01
1.628369140625000000e+01
1.628393554687500000e+01
1.628417968750000000e+01
1.628442382812500000e+01
1.628466796875000000e+01
1.628491210937500000e+01
1.628515625000000000e+01
1.628540039062500000e+01
1.628564453125000000e+01
1.628588867187500000e+01
1.628613281250000000e+01
1.628637695312500000e+01
1.628662109375000000e+01
1.628686523437500000e+01
1.628710937500000000e+01
1.628735351562500000e+01
1.628759765625000000e+01
1.628784179687500000e+01
1.628808593750000000e+01
1.628833007812500000e+01
1.628857421875000000e+01
1.628881835937500000e+01
1.628906250000000000e+01
1.628930664062500000e+01
1.628955078125000000e+01
1.628979492187500000e+01
1.629003906250000000e+01
1.629028320312500000e+01
1.629052734375000000e+01
1.629077148437500000e+01
1.629101562500000000e+01
1.629125976562500000e+01
1.629150390625000000e+01
1.629174804687500000e+01
1.629199218750000000e+01
1.629223632812500000e+01
1.629248046875000000e+01
1.629272460937500000e+01
1.629296875000000000e+01
1.629321289062500000e+01
1.629345703125000000e+01
1.629370117187500000e+01
1.629394531250000000e+01
1.629418945312500000e+01
1.629443359375000000e+01
1.629467773437500000e+01
1.629492187500000000e+01
1.629516601562500000e+01
1.629541015625000000e+01
1.629565429687500000e+01
1.629589843750000000e+01
1.629614257812500000e+01
1.629638671875000000e+01
1.629663085937500000e+01
1.629687500000000000e+01
1.629711914062500000e+01
1.629736328125000000e+01
1.629760742187500000e+01
1.629785156250000000e+01
1.629809570312500000e+01
1.629833984375000000e+01
1.629858398437500000e+01
1.629882812500000000e+01
1.629907226562500000e+01
1.629931640625000000e+01
1.629956054687500000e+01
1.629980468750000000e+01
1.630004882812500000e+01
1.630029296875000000e+01
1.630053710937500000e+01
1.630078125000000000e+01
1.630102539062500000e+01
1.630126953125000000e+01
1.630151367187500000e+01
1.630175781250000000e+01
1.630200195312500000e+01
1.630224609375000000e+01
1.630249023437500000e+01
1.630273437500000000e+01
1.630297851562500000e+01
1.630322265625000000e+01
1.630346679687500000e+01
1.630371093750000000e+01
1.630395507812500000e+01
1.630419921875000000e+01
1.630444335937500000e+01
1.630468750000000000e+01
1.630493164062500000e+01
1.630517578125000000e+01
1.630541992187500000e+01
1.630566406250000000e+01
1.630590820312500000e+01
1.630615234375000000e+01
1.630639648437500000e+01
1.630664062500000000e+01
1.630688476562500000e+01
1.630712890625000000e+01
1.630737304687500000e+01
1.630761718750000000e+01
1.630786132812500000e+01
1.630810546875000000e+01
1.630834960937500000e+01
1.630859375000000000e+01
1.630883789062500000e+01
1.630908203125000000e+01
1.630932617187500000e+01
1.630957031250000000e+01
1.630981445312500000e+01
1.631005859375000000e+01
1.631030273437500000e+01
1.631054687500000000e+01
1.631079101562500000e+01
1.631103515625000000e+01
1.631127929687500000e+01
1.631152343750000000e+01
1.631176757812500000e+01
1.631201171875000000e+01
1.631225585937500000e+01
1.631250000000000000e+01
1.631274414062500000e+01
1.631298828125000000e+01
1.631323242187500000e+01
1.631347656250000000e+01
1.631372070312500000e+01
1.631396484375000000e+01
1.631420898437500000e+01
1.631445312500000000e+01
1.631469726562500000e+01
1.631494140625000000e+01
1.631518554687500000e+01
1.631542968750000000e+01
1.631567382812500000e+01
1.631591796875000000e+01
1.631616210937500000e+01
1.631640625000000000e+01
1.631665039062500000e+01
1.631689453125000000e+01
1.631713867187500000e+01
1.631738281250000000e+01
1.631762695312500000e+01
1.631787109375000000e+01
1.631811523437500000e+01
1.631835937500000000e+01
1.631860351562500000e+01
1.631884765625000000e+01
1.631909179687500000e+01
1.631933593750000000e+01
1.631958007812500000e+01
1.631982421875000000e+01
1.632006835937500000e+01
1.632031250000000000e+01
1.632055664062500000e+01
1.632080078125000000e+01
1.632104492187500000e+01
1.632128906250000000e+01
1.632153320312500000e+01
1.632177734375000000e+01
1.632202148437500000e+01
1.632226562500000000e+01
1.632250976562500000e+01
1.632275390625000000e+01
1.632299804687500000e+01
1.632324218750000000e+01
1.632348632812500000e+01
1.632373046875000000e+01
1.632397460937500000e+01
1.632421875000000000e+01
1.632446289062500000e+01
1.632470703125000000e+01
1.632495117187500000e+01
1.632519531250000000e+01
1.632543945312500000e+01
1.632568359375000000e+01
1.632592773437500000e+01
1.632617187500000000e+01
1.632641601562500000e+01
1.632666015625000000e+01
1.632690429687500000e+01
1.632714843750000000e+01
1.632739257812500000e+01
1.632763671875000000e+01
1.632788085937500000e+01
1.632812500000000000e+01
1.632836914062500000e+01
1.632861328125000000e+01
1.632885742187500000e+01
1.632910156250000000e+01
1.632934570312500000e+01
1.632958984375000000e+01
1.632983398437500000e+01
1.633007812500000000e+01
1.633032226562500000e+01
1.633056640625000000e+01
1.633081054687500000e+01
1.633105468750000000e+01
1.633129882812500000e+01
1.633154296875000000e+01
1.633178710937500000e+01
1.633203125000000000e+01
1.633227539062500000e+01
1.633251953125000000e+01
1.633276367187500000e+01
1.633300781250000000e+01
1.633325195312500000e+01
1.633349609375000000e+01
1.633374023437500000e+01
1.633398437500000000e+01
1.633422851562500000e+01
1.633447265625000000e+01
1.633471679687500000e+01
1.633496093750000000e+01
1.633520507812500000e+01
1.633544921875000000e+01
1.633569335937500000e+01
1.633593750000000000e+01
1.633618164062500000e+01
1.633642578125000000e+01
1.633666992187500000e+01
1.633691406250000000e+01
1.633715820312500000e+01
1.633740234375000000e+01
1.633764648437500000e+01
1.633789062500000000e+01
1.633813476562500000e+01
1.633837890625000000e+01
1.633862304687500000e+01
1.633886718750000000e+01
1.633911132812500000e+01
1.633935546875000000e+01
1.633959960937500000e+01
1.633984375000000000e+01
1.634008789062500000e+01
1.634033203125000000e+01
1.634057617187500000e+01
1.634082031250000000e+01
1.634106445312500000e+01
1.634130859375000000e+01
1.634155273437500000e+01
1.634179687500000000e+01
1.634204101562500000e+01
1.634228515625000000e+01
1.634252929687500000e+01
1.634277343750000000e+01
1.634301757812500000e+01
1.634326171875000000e+01
1.634350585937500000e+01
1.634375000000000000e+01
1.634399414062500000e+01
1.634423828125000000e+01
1.634448242187500000e+01
1.634472656250000000e+01
1.634497070312500000e+01
1.634521484375000000e+01
1.634545898437500000e+01
1.634570312500000000e+01
1.634594726562500000e+01
1.634619140625000000e+01
1.634643554687500000e+01
1.634667968750000000e+01
1.634692382812500000e+01
1.634716796875000000e+01
1.634741210937500000e+01
1.634765625000000000e+01
1.634790039062500000e+01
1.634814453125000000e+01
1.634838867187500000e+01
1.634863281250000000e+01
1.634887695312500000e+01
1.634912109375000000e+01
1.634936523437500000e+01
1.634960937500000000e+01
1.634985351562500000e+01
1.635009765625000000e+01
1.635034179687500000e+01
1.635058593750000000e+01
1.635083007812500000e+01
1.635107421875000000e+01
1.635131835937500000e+01
1.635156250000000000e+01
1.635180664062500000e+01
1.635205078125000000e+01
1.635229492187500000e+01
1.635253906250000000e+01
1.635278320312500000e+01
1.635302734375000000e+01
1.635327148437500000e+01
1.635351562500000000e+01
1.635375976562500000e+01
1.635400390625000000e+01
1.635424804687500000e+01
1.635449218750000000e+01
1.635473632812500000e+01
1.635498046875000000e+01
1.635522460937500000e+01
1.635546875000000000e+01
1.635571289062500000e+01
1.635595703125000000e+01
1.635620117187500000e+01
1.635644531250000000e+01
1.635668945312500000e+01
1.635693359375000000e+01
1.635717773437500000e+01
1.635742187500000000e+01
1.635766601562500000e+01
1.635791015625000000e+01
1.635815429687500000e+01
1.635839843750000000e+01
1.635864257812500000e+01
1.635888671875000000e+01
1.635913085937500000e+01
1.635937500000000000e+01
1.635961914062500000e+01
1.635986328125000000e+01
1.636010742187500000e+01
1.636035156250000000e+01
1.636059570312500000e+01
1.636083984375000000e+01
1.636108398437500000e+01
1.636132812500000000e+01
1.636157226562500000e+01
1.636181640625000000e+01
1.636206054687500000e+01
1.636230468750000000e+01
1.636254882812500000e+01
1.636279296875000000e+01
1.636303710937500000e+01
1.636328125000000000e+01
1.636352539062500000e+01
1.636376953125000000e+01
1.636401367187500000e+01
1.636425781250000000e+01
1.636450195312500000e+01
1.636474609375000000e+01
1.636499023437500000e+01
1.636523437500000000e+01
1.636547851562500000e+01
1.636572265625000000e+01
1.636596679687500000e+01
1.636621093750000000e+01
1.636645507812500000e+01
1.636669921875000000e+01
1.636694335937500000e+01
1.636718750000000000e+01
1.636743164062500000e+01
1.636767578125000000e+01
1.636791992187500000e+01
1.636816406250000000e+01
1.636840820312500000e+01
1.636865234375000000e+01
1.636889648437500000e+01
1.636914062500000000e+01
1.636938476562500000e+01
1.636962890625000000e+01
1.636987304687500000e+01
1.637011718750000000e+01
1.637036132812500000e+01
1.637060546875000000e+01
1.637084960937500000e+01
1.637109375000000000e+01
1.637133789062500000e+01
1.637158203125000000e+01
1.637182617187500000e+01
1.637207031250000000e+01
1.637231445312500000e+01
1.637255859375000000e+01
1.637280273437500000e+01
1.637304687500000000e+01
1.637329101562500000e+01
1.637353515625000000e+01
1.637377929687500000e+01
1.637402343750000000e+01
1.637426757812500000e+01
1.637451171875000000e+01
1.637475585937500000e+01
1.637500000000000000e+01
1.637524414062500000e+01
1.637548828125000000e+01
1.637573242187500000e+01
1.637597656250000000e+01
1.637622070312500000e+01
1.637646484375000000e+01
1.637670898437500000e+01
1.637695312500000000e+01
1.637719726562500000e+01
1.637744140625000000e+01
1.637768554687500000e+01
1.637792968750000000e+01
1.637817382812500000e+01
1.637841796875000000e+01
1.637866210937500000e+01
1.637890625000000000e+01
1.637915039062500000e+01
1.637939453125000000e+01
1.637963867187500000e+01
1.637988281250000000e+01
1.638012695312500000e+01
1.638037109375000000e+01
1.638061523437500000e+01
1.638085937500000000e+01
1.638110351562500000e+01
1.638134765625000000e+01
1.638159179687500000e+01
1.638183593750000000e+01
1.638208007812500000e+01
1.638232421875000000e+01
1.638256835937500000e+01
1.638281250000000000e+01
1.638305664062500000e+01
1.638330078125000000e+01
1.638354492187500000e+01
1.638378906250000000e+01
1.638403320312500000e+01
1.638427734375000000e+01
1.638452148437500000e+01
1.638476562500000000e+01
1.638500976562500000e+01
1.638525390625000000e+01
1.638549804687500000e+01
1.638574218750000000e+01
1.638598632812500000e+01
1.638623046875000000e+01
1.638647460937500000e+01
1.638671875000000000e+01
1.638696289062500000e+01
1.638720703125000000e+01
1.638745117187500000e+01
1.638769531250000000e+01
1.638793945312500000e+01
1.638818359375000000e+01
1.638842773437500000e+01
1.638867187500000000e+01
1.638891601562500000e+01
1.638916015625000000e+01
1.638940429687500000e+01
1.638964843750000000e+01
1.638989257812500000e+01
1.639013671875000000e+01
1.639038085937500000e+01
1.639062500000000000e+01
1.639086914062500000e+01
1.639111328125000000e+01
1.639135742187500000e+01
1.639160156250000000e+01
1.639184570312500000e+01
1.639208984375000000e+01
1.639233398437500000e+01
1.639257812500000000e+01
1.639282226562500000e+01
1.639306640625000000e+01
1.639331054687500000e+01
1.639355468750000000e+01
1.639379882812500000e+01
1.639404296875000000e+01
1.639428710937500000e+01
1.639453125000000000e+01
1.639477539062500000e+01
1.639501953125000000e+01
1.639526367187500000e+01
1.639550781250000000e+01
1.639575195312500000e+01
1.639599609375000000e+01
1.639624023437500000e+01
1.639648437500000000e+01
1.639672851562500000e+01
1.639697265625000000e+01
1.639721679687500000e+01
1.639746093750000000e+01
1.639770507812500000e+01
1.639794921875000000e+01
1.639819335937500000e+01
1.639843750000000000e+01
1.639868164062500000e+01
1.639892578125000000e+01
1.639916992187500000e+01
1.639941406250000000e+01
1.639965820312500000e+01
1.639990234375000000e+01
1.640014648437500000e+01
1.640039062500000000e+01
1.640063476562500000e+01
1.640087890625000000e+01
1.640112304687500000e+01
1.640136718750000000e+01
1.640161132812500000e+01
1.640185546875000000e+01
1.640209960937500000e+01
1.640234375000000000e+01
1.640258789062500000e+01
1.640283203125000000e+01
1.640307617187500000e+01
1.640332031250000000e+01
1.640356445312500000e+01
1.640380859375000000e+01
1.640405273437500000e+01
1.640429687500000000e+01
1.640454101562500000e+01
1.640478515625000000e+01
1.640502929687500000e+01
1.640527343750000000e+01
1.640551757812500000e+01
1.640576171875000000e+01
1.640600585937500000e+01
1.640625000000000000e+01
1.640649414062500000e+01
1.640673828125000000e+01
1.640698242187500000e+01
1.640722656250000000e+01
1.640747070312500000e+01
1.640771484375000000e+01
1.640795898437500000e+01
1.640820312500000000e+01
1.640844726562500000e+01
1.640869140625000000e+01
1.640893554687500000e+01
1.640917968750000000e+01
1.640942382812500000e+01
1.640966796875000000e+01
1.640991210937500000e+01
1.641015625000000000e+01
1.641040039062500000e+01
1.641064453125000000e+01
1.641088867187500000e+01
1.641113281250000000e+01
1.641137695312500000e+01
1.641162109375000000e+01
1.641186523437500000e+01
1.641210937500000000e+01
1.641235351562500000e+01
1.641259765625000000e+01
1.641284179687500000e+01
1.641308593750000000e+01
1.641333007812500000e+01
1.641357421875000000e+01
1.641381835937500000e+01
1.641406250000000000e+01
1.641430664062500000e+01
1.641455078125000000e+01
1.641479492187500000e+01
1.641503906250000000e+01
1.641528320312500000e+01
1.641552734375000000e+01
1.641577148437500000e+01
1.641601562500000000e+01
1.641625976562500000e+01
1.641650390625000000e+01
1.641674804687500000e+01
1.641699218750000000e+01
1.641723632812500000e+01
1.641748046875000000e+01
1.641772460937500000e+01
1.641796875000000000e+01
1.641821289062500000e+01
1.641845703125000000e+01
1.641870117187500000e+01
1.641894531250000000e+01
1.641918945312500000e+01
1.641943359375000000e+01
1.641967773437500000e+01
1.641992187500000000e+01
1.642016601562500000e+01
1.642041015625000000e+01
1.642065429687500000e+01
1.642089843750000000e+01
1.642114257812500000e+01
1.642138671875000000e+01
1.642163085937500000e+01
1.642187500000000000e+01
1.642211914062500000e+01
1.642236328125000000e+01
1.642260742187500000e+01
1.642285156250000000e+01
1.642309570312500000e+01
1.642333984375000000e+01
1.642358398437500000e+01
1.642382812500000000e+01
1.642407226562500000e+01
1.642431640625000000e+01
1.642456054687500000e+01
1.642480468750000000e+01
1.642504882812500000e+01
1.642529296875000000e+01
1.642553710937500000e+01
1.642578125000000000e+01
1.642602539062500000e+01
1.642626953125000000e+01
1.642651367187500000e+01
1.642675781250000000e+01
1.642700195312500000e+01
1.642724609375000000e+01
1.642749023437500000e+01
1.642773437500000000e+01
1.642797851562500000e+01
1.642822265625000000e+01
1.642846679687500000e+01
1.642871093750000000e+01
1.642895507812500000e+01
1.642919921875000000e+01
1.642944335937500000e+01
1.642968750000000000e+01
1.642993164062500000e+01
1.643017578125000000e+01
1.643041992187500000e+01
1.643066406250000000e+01
1.643090820312500000e+01
1.643115234375000000e+01
1.643139648437500000e+01
1.643164062500000000e+01
1.643188476562500000e+01
1.643212890625000000e+01
1.643237304687500000e+01
1.643261718750000000e+01
1.643286132812500000e+01
1.643310546875000000e+01
1.643334960937500000e+01
1.643359375000000000e+01
1.643383789062500000e+01
1.643408203125000000e+01
1.643432617187500000e+01
1.643457031250000000e+01
1.643481445312500000e+01
1.643505859375000000e+01
1.643530273437500000e+01
1.643554687500000000e+01
1.643579101562500000e+01
1.643603515625000000e+01
1.643627929687500000e+01
1.643652343750000000e+01
1.643676757812500000e+01
1.643701171875000000e+01
1.643725585937500000e+01
1.643750000000000000e+01
1.643774414062500000e+01
1.643798828125000000e+01
1.643823242187500000e+01
1.643847656250000000e+01
1.643872070312500000e+01
1.643896484375000000e+01
1.643920898437500000e+01
1.643945312500000000e+01
1.643969726562500000e+01
1.643994140625000000e+01
1.644018554687500000e+01
1.644042968750000000e+01
1.644067382812500000e+01
1.644091796875000000e+01
1.644116210937500000e+01
1.644140625000000000e+01
1.644165039062500000e+01
1.644189453125000000e+01
1.644213867187500000e+01
1.644238281250000000e+01
1.644262695312500000e+01
1.644287109375000000e+01
1.644311523437500000e+01
1.644335937500000000e+01
1.644360351562500000e+01
1.644384765625000000e+01
1.644409179687500000e+01
1.644433593750000000e+01
1.644458007812500000e+01
1.644482421875000000e+01
1.644506835937500000e+01
1.644531250000000000e+01
1.644555664062500000e+01
1.644580078125000000e+01
1.644604492187500000e+01
1.644628906250000000e+01
1.644653320312500000e+01
1.644677734375000000e+01
1.644702148437500000e+01
1.644726562500000000e+01
1.644750976562500000e+01
1.644775390625000000e+01
1.644799804687500000e+01
1.644824218750000000e+01
1.644848632812500000e+01
1.644873046875000000e+01
1.644897460937500000e+01
1.644921875000000000e+01
1.644946289062500000e+01
1.644970703125000000e+01
1.644995117187500000e+01
1.645019531250000000e+01
1.645043945312500000e+01
1.645068359375000000e+01
1.645092773437500000e+01
1.645117187500000000e+01
1.645141601562500000e+01
1.645166015625000000e+01
1.645190429687500000e+01
1.645214843750000000e+01
1.645239257812500000e+01
1.645263671875000000e+01
1.645288085937500000e+01
1.645312500000000000e+01
1.645336914062500000e+01
1.645361328125000000e+01
1.645385742187500000e+01
1.645410156250000000e+01
1.645434570312500000e+01
1.645458984375000000e+01
1.645483398437500000e+01
1.645507812500000000e+01
1.645532226562500000e+01
1.645556640625000000e+01
1.645581054687500000e+01
1.645605468750000000e+01
1.645629882812500000e+01
1.645654296875000000e+01
1.645678710937500000e+01
1.645703125000000000e+01
1.645727539062500000e+01
1.645751953125000000e+01
1.645776367187500000e+01
1.645800781250000000e+01
1.645825195312500000e+01
1.645849609375000000e+01
1.645874023437500000e+01
1.645898437500000000e+01
1.645922851562500000e+01
1.645947265625000000e+01
1.645971679687500000e+01
1.645996093750000000e+01
1.646020507812500000e+01
1.646044921875000000e+01
1.646069335937500000e+01
1.646093750000000000e+01
1.646118164062500000e+01
1.646142578125000000e+01
1.646166992187500000e+01
1.646191406250000000e+01
1.646215820312500000e+01
1.646240234375000000e+01
1.646264648437500000e+01
1.646289062500000000e+01
1.646313476562500000e+01
1.646337890625000000e+01
1.646362304687500000e+01
1.646386718750000000e+01
1.646411132812500000e+01
1.646435546875000000e+01
1.646459960937500000e+01
1.646484375000000000e+01
1.646508789062500000e+01
1.646533203125000000e+01
1.646557617187500000e+01
1.646582031250000000e+01
1.646606445312500000e+01
1.646630859375000000e+01
1.646655273437500000e+01
1.646679687500000000e+01
1.646704101562500000e+01
1.646728515625000000e+01
1.646752929687500000e+01
1.646777343750000000e+01
1.646801757812500000e+01
1.646826171875000000e+01
1.646850585937500000e+01
1.646875000000000000e+01
1.646899414062500000e+01
1.646923828125000000e+01
1.646948242187500000e+01
1.646972656250000000e+01
1.646997070312500000e+01
1.647021484375000000e+01
1.647045898437500000e+01
1.647070312500000000e+01
1.647094726562500000e+01
1.647119140625000000e+01
1.647143554687500000e+01
1.647167968750000000e+01
1.647192382812500000e+01
1.647216796875000000e+01
1.647241210937500000e+01
1.647265625000000000e+01
1.647290039062500000e+01
1.647314453125000000e+01
1.647338867187500000e+01
1.647363281250000000e+01
1.647387695312500000e+01
1.647412109375000000e+01
1.647436523437500000e+01
1.647460937500000000e+01
1.647485351562500000e+01
1.647509765625000000e+01
1.647534179687500000e+01
1.647558593750000000e+01
1.647583007812500000e+01
1.647607421875000000e+01
1.647631835937500000e+01
1.647656250000000000e+01
1.647680664062500000e+01
1.647705078125000000e+01
1.647729492187500000e+01
1.647753906250000000e+01
1.647778320312500000e+01
1.647802734375000000e+01
1.647827148437500000e+01
1.647851562500000000e+01
1.647875976562500000e+01
1.647900390625000000e+01
1.647924804687500000e+01
1.647949218750000000e+01
1.647973632812500000e+01
1.647998046875000000e+01
1.648022460937500000e+01
1.648046875000000000e+01
1.648071289062500000e+01
1.648095703125000000e+01
1.648120117187500000e+01
1.648144531250000000e+01
1.648168945312500000e+01
1.648193359375000000e+01
1.648217773437500000e+01
1.648242187500000000e+01
1.648266601562500000e+01
1.648291015625000000e+01
1.648315429687500000e+01
1.648339843750000000e+01
1.648364257812500000e+01
1.648388671875000000e+01
1.648413085937500000e+01
1.648437500000000000e+01
1.648461914062500000e+01
1.648486328125000000e+01
1.648510742187500000e+01
1.648535156250000000e+01
1.648559570312500000e+01
1.648583984375000000e+01
1.648608398437500000e+01
1.648632812500000000e+01
1.648657226562500000e+01
1.648681640625000000e+01
1.648706054687500000e+01
1.648730468750000000e+01
1.648754882812500000e+01
1.648779296875000000e+01
1.648803710937500000e+01
1.648828125000000000e+01
1.648852539062500000e+01
1.648876953125000000e+01
1.648901367187500000e+01
1.648925781250000000e+01
1.648950195312500000e+01
1.648974609375000000e+01
1.648999023437500000e+01
1.649023437500000000e+01
1.649047851562500000e+01
1.649072265625000000e+01
1.649096679687500000e+01
1.649121093750000000e+01
1.649145507812500000e+01
1.649169921875000000e+01
1.649194335937500000e+01
1.649218750000000000e+01
1.649243164062500000e+01
1.649267578125000000e+01
1.649291992187500000e+01
1.649316406250000000e+01
1.649340820312500000e+01
1.649365234375000000e+01
1.649389648437500000e+01
1.649414062500000000e+01
1.649438476562500000e+01
1.649462890625000000e+01
1.649487304687500000e+01
1.649511718750000000e+01
1.649536132812500000e+01
1.649560546875000000e+01
1.649584960937500000e+01
1.649609375000000000e+01
1.649633789062500000e+01
1.649658203125000000e+01
1.649682617187500000e+01
1.649707031250000000e+01
1.649731445312500000e+01
1.649755859375000000e+01
1.649780273437500000e+01
1.649804687500000000e+01
1.649829101562500000e+01
1.649853515625000000e+01
1.649877929687500000e+01
1.649902343750000000e+01
1.649926757812500000e+01
1.649951171875000000e+01
1.649975585937500000e+01
1.650000000000000000e+01
1.650024414062500000e+01
1.650048828125000000e+01
1.650073242187500000e+01
1.650097656250000000e+01
1.650122070312500000e+01
1.650146484375000000e+01
1.650170898437500000e+01
1.650195312500000000e+01
1.650219726562500000e+01
1.650244140625000000e+01
1.650268554687500000e+01
1.650292968750000000e+01
1.650317382812500000e+01
1.650341796875000000e+01
1.650366210937500000e+01
1.650390625000000000e+01
1.650415039062500000e+01
1.650439453125000000e+01
1.650463867187500000e+01
1.650488281250000000e+01
1.650512695312500000e+01
1.650537109375000000e+01
1.650561523437500000e+01
1.650585937500000000e+01
1.650610351562500000e+01
1.650634765625000000e+01
1.650659179687500000e+01
1.650683593750000000e+01
1.650708007812500000e+01
1.650732421875000000e+01
1.650756835937500000e+01
1.650781250000000000e+01
1.650805664062500000e+01
1.650830078125000000e+01
1.650854492187500000e+01
1.650878906250000000e+01
1.650903320312500000e+01
1.650927734375000000e+01
1.650952148437500000e+01
1.650976562500000000e+01
1.651000976562500000e+01
1.651025390625000000e+01
1.651049804687500000e+01
1.651074218750000000e+01
1.651098632812500000e+01
1.651123046875000000e+01
1.651147460937500000e+01
1.651171875000000000e+01
1.651196289062500000e+01
1.651220703125000000e+01
1.651245117187500000e+01
1.651269531250000000e+01
1.651293945312500000e+01
1.651318359375000000e+01
1.651342773437500000e+01
1.651367187500000000e+01
1.651391601562500000e+01
1.651416015625000000e+01
1.651440429687500000e+01
1.651464843750000000e+01
1.651489257812500000e+01
1.651513671875000000e+01
1.651538085937500000e+01
1.651562500000000000e+01
1.651586914062500000e+01
1.651611328125000000e+01
1.651635742187500000e+01
1.651660156250000000e+01
1.651684570312500000e+01
1.651708984375000000e+01
1.651733398437500000e+01
1.651757812500000000e+01
1.651782226562500000e+01
1.651806640625000000e+01
1.651831054687500000e+01
1.651855468750000000e+01
1.651879882812500000e+01
1.651904296875000000e+01
1.651928710937500000e+01
1.651953125000000000e+01
1.651977539062500000e+01
1.652001953125000000e+01
1.652026367187500000e+01
1.652050781250000000e+01
1.652075195312500000e+01
1.652099609375000000e+01
1.652124023437500000e+01
1.652148437500000000e+01
1.652172851562500000e+01
1.652197265625000000e+01
1.652221679687500000e+01
1.652246093750000000e+01
1.652270507812500000e+01
1.652294921875000000e+01
1.652319335937500000e+01
1.652343750000000000e+01
1.652368164062500000e+01
1.652392578125000000e+01
1.652416992187500000e+01
1.652441406250000000e+01
1.652465820312500000e+01
1.652490234375000000e+01
1.652514648437500000e+01
1.652539062500000000e+01
1.652563476562500000e+01
1.652587890625000000e+01
1.652612304687500000e+01
1.652636718750000000e+01
1.652661132812500000e+01
1.652685546875000000e+01
1.652709960937500000e+01
1.652734375000000000e+01
1.652758789062500000e+01
1.652783203125000000e+01
1.652807617187500000e+01
1.652832031250000000e+01
1.652856445312500000e+01
1.652880859375000000e+01
1.652905273437500000e+01
1.652929687500000000e+01
1.652954101562500000e+01
1.652978515625000000e+01
1.653002929687500000e+01
1.653027343750000000e+01
1.653051757812500000e+01
1.653076171875000000e+01
1.653100585937500000e+01
1.653125000000000000e+01
1.653149414062500000e+01
1.653173828125000000e+01
1.653198242187500000e+01
1.653222656250000000e+01
1.653247070312500000e+01
1.653271484375000000e+01
1.653295898437500000e+01
1.653320312500000000e+01
1.653344726562500000e+01
1.653369140625000000e+01
1.653393554687500000e+01
1.653417968750000000e+01
1.653442382812500000e+01
1.653466796875000000e+01
1.653491210937500000e+01
1.653515625000000000e+01
1.653540039062500000e+01
1.653564453125000000e+01
1.653588867187500000e+01
1.653613281250000000e+01
1.653637695312500000e+01
1.653662109375000000e+01
1.653686523437500000e+01
1.653710937500000000e+01
1.653735351562500000e+01
1.653759765625000000e+01
1.653784179687500000e+01
1.653808593750000000e+01
1.653833007812500000e+01
1.653857421875000000e+01
1.653881835937500000e+01
1.653906250000000000e+01
1.653930664062500000e+01
1.653955078125000000e+01
1.653979492187500000e+01
1.654003906250000000e+01
1.654028320312500000e+01
1.654052734375000000e+01
1.654077148437500000e+01
1.654101562500000000e+01
1.654125976562500000e+01
1.654150390625000000e+01
1.654174804687500000e+01
1.654199218750000000e+01
1.654223632812500000e+01
1.654248046875000000e+01
1.654272460937500000e+01
1.654296875000000000e+01
1.654321289062500000e+01
1.654345703125000000e+01
1.654370117187500000e+01
1.654394531250000000e+01
1.654418945312500000e+01
1.654443359375000000e+01
1.654467773437500000e+01
1.654492187500000000e+01
1.654516601562500000e+01
1.654541015625000000e+01
1.654565429687500000e+01
1.654589843750000000e+01
1.654614257812500000e+01
1.654638671875000000e+01
1.654663085937500000e+01
1.654687500000000000e+01
1.654711914062500000e+01
1.654736328125000000e+01
1.654760742187500000e+01
1.654785156250000000e+01
1.654809570312500000e+01
1.654833984375000000e+01
1.654858398437500000e+01
1.654882812500000000e+01
1.654907226562500000e+01
1.654931640625000000e+01
1.654956054687500000e+01
1.654980468750000000e+01
1.655004882812500000e+01
1.655029296875000000e+01
1.655053710937500000e+01
1.655078125000000000e+01
1.655102539062500000e+01
1.655126953125000000e+01
1.655151367187500000e+01
1.655175781250000000e+01
1.655200195312500000e+01
1.655224609375000000e+01
1.655249023437500000e+01
1.655273437500000000e+01
1.655297851562500000e+01
1.655322265625000000e+01
1.655346679687500000e+01
1.655371093750000000e+01
1.655395507812500000e+01
1.655419921875000000e+01
1.655444335937500000e+01
1.655468750000000000e+01
1.655493164062500000e+01
1.655517578125000000e+01
1.655541992187500000e+01
1.655566406250000000e+01
1.655590820312500000e+01
1.655615234375000000e+01
1.655639648437500000e+01
1.655664062500000000e+01
1.655688476562500000e+01
1.655712890625000000e+01
1.655737304687500000e+01
1.655761718750000000e+01
1.655786132812500000e+01
1.655810546875000000e+01
1.655834960937500000e+01
1.655859375000000000e+01
1.655883789062500000e+01
1.655908203125000000e+01
1.655932617187500000e+01
1.655957031250000000e+01
1.655981445312500000e+01
1.656005859375000000e+01
1.656030273437500000e+01
1.656054687500000000e+01
1.656079101562500000e+01
1.656103515625000000e+01
1.656127929687500000e+01
1.656152343750000000e+01
1.656176757812500000e+01
1.656201171875000000e+01
1.656225585937500000e+01
1.656250000000000000e+01
1.656274414062500000e+01
1.656298828125000000e+01
1.656323242187500000e+01
1.656347656250000000e+01
1.656372070312500000e+01
1.656396484375000000e+01
1.656420898437500000e+01
1.656445312500000000e+01
1.656469726562500000e+01
1.656494140625000000e+01
1.656518554687500000e+01
1.656542968750000000e+01
1.656567382812500000e+01
1.656591796875000000e+01
1.656616210937500000e+01
1.656640625000000000e+01
1.656665039062500000e+01
1.656689453125000000e+01
1.656713867187500000e+01
1.656738281250000000e+01
1.656762695312500000e+01
1.656787109375000000e+01
1.656811523437500000e+01
1.656835937500000000e+01
1.656860351562500000e+01
1.656884765625000000e+01
1.656909179687500000e+01
1.656933593750000000e+01
1.656958007812500000e+01
1.656982421875000000e+01
1.657006835937500000e+01
1.657031250000000000e+01
1.657055664062500000e+01
1.657080078125000000e+01
1.657104492187500000e+01
1.657128906250000000e+01
1.657153320312500000e+01
1.657177734375000000e+01
1.657202148437500000e+01
1.657226562500000000e+01
1.657250976562500000e+01
1.657275390625000000e+01
1.657299804687500000e+01
1.657324218750000000e+01
1.657348632812500000e+01
1.657373046875000000e+01
1.657397460937500000e+01
1.657421875000000000e+01
1.657446289062500000e+01
1.657470703125000000e+01
1.657495117187500000e+01
1.657519531250000000e+01
1.657543945312500000e+01
1.657568359375000000e+01
1.657592773437500000e+01
1.657617187500000000e+01
1.657641601562500000e+01
1.657666015625000000e+01
1.657690429687500000e+01
1.657714843750000000e+01
1.657739257812500000e+01
1.657763671875000000e+01
1.657788085937500000e+01
1.657812500000000000e+01
1.657836914062500000e+01
1.657861328125000000e+01
1.657885742187500000e+01
1.657910156250000000e+01
1.657934570312500000e+01
1.657958984375000000e+01
1.657983398437500000e+01
1.658007812500000000e+01
1.658032226562500000e+01
1.658056640625000000e+01
1.658081054687500000e+01
1.658105468750000000e+01
1.658129882812500000e+01
1.658154296875000000e+01
1.658178710937500000e+01
1.658203125000000000e+01
1.658227539062500000e+01
1.658251953125000000e+01
1.658276367187500000e+01
1.658300781250000000e+01
1.658325195312500000e+01
1.658349609375000000e+01
1.658374023437500000e+01
1.658398437500000000e+01
1.658422851562500000e+01
1.658447265625000000e+01
1.658471679687500000e+01
1.658496093750000000e+01
1.658520507812500000e+01
1.658544921875000000e+01
1.658569335937500000e+01
1.658593750000000000e+01
1.658618164062500000e+01
1.658642578125000000e+01
1.658666992187500000e+01
1.658691406250000000e+01
1.658715820312500000e+01
1.658740234375000000e+01
1.658764648437500000e+01
1.658789062500000000e+01
1.658813476562500000e+01
1.658837890625000000e+01
1.658862304687500000e+01
1.658886718750000000e+01
1.658911132812500000e+01
1.658935546875000000e+01
1.658959960937500000e+01
1.658984375000000000e+01
1.659008789062500000e+01
1.659033203125000000e+01
1.659057617187500000e+01
1.659082031250000000e+01
1.659106445312500000e+01
1.659130859375000000e+01
1.659155273437500000e+01
1.659179687500000000e+01
1.659204101562500000e+01
1.659228515625000000e+01
1.659252929687500000e+01
1.659277343750000000e+01
1.659301757812500000e+01
1.659326171875000000e+01
1.659350585937500000e+01
1.659375000000000000e+01
1.659399414062500000e+01
1.659423828125000000e+01
1.659448242187500000e+01
1.659472656250000000e+01
1.659497070312500000e+01
1.659521484375000000e+01
1.659545898437500000e+01
1.659570312500000000e+01
1.659594726562500000e+01
1.659619140625000000e+01
1.659643554687500000e+01
1.659667968750000000e+01
1.659692382812500000e+01
1.659716796875000000e+01
1.659741210937500000e+01
1.659765625000000000e+01
1.659790039062500000e+01
1.659814453125000000e+01
1.659838867187500000e+01
1.659863281250000000e+01
1.659887695312500000e+01
1.659912109375000000e+01
1.659936523437500000e+01
1.659960937500000000e+01
1.659985351562500000e+01
1.660009765625000000e+01
1.660034179687500000e+01
1.660058593750000000e+01
1.660083007812500000e+01
1.660107421875000000e+01
1.660131835937500000e+01
1.660156250000000000e+01
1.660180664062500000e+01
1.660205078125000000e+01
1.660229492187500000e+01
1.660253906250000000e+01
1.660278320312500000e+01
1.660302734375000000e+01
1.660327148437500000e+01
1.660351562500000000e+01
1.660375976562500000e+01
1.660400390625000000e+01
1.660424804687500000e+01
1.660449218750000000e+01
1.660473632812500000e+01
1.660498046875000000e+01
1.660522460937500000e+01
1.660546875000000000e+01
1.660571289062500000e+01
1.660595703125000000e+01
1.660620117187500000e+01
1.660644531250000000e+01
1.660668945312500000e+01
1.660693359375000000e+01
1.660717773437500000e+01
1.660742187500000000e+01
1.660766601562500000e+01
1.660791015625000000e+01
1.660815429687500000e+01
1.660839843750000000e+01
1.660864257812500000e+01
1.660888671875000000e+01
1.660913085937500000e+01
1.660937500000000000e+01
1.660961914062500000e+01
1.660986328125000000e+01
1.661010742187500000e+01
1.661035156250000000e+01
1.661059570312500000e+01
1.661083984375000000e+01
1.661108398437500000e+01
1.661132812500000000e+01
1.661157226562500000e+01
1.661181640625000000e+01
1.661206054687500000e+01
1.661230468750000000e+01
1.661254882812500000e+01
1.661279296875000000e+01
1.661303710937500000e+01
1.661328125000000000e+01
1.661352539062500000e+01
1.661376953125000000e+01
1.661401367187500000e+01
1.661425781250000000e+01
1.661450195312500000e+01
1.661474609375000000e+01
1.661499023437500000e+01
1.661523437500000000e+01
1.661547851562500000e+01
1.661572265625000000e+01
1.661596679687500000e+01
1.661621093750000000e+01
1.661645507812500000e+01
1.661669921875000000e+01
1.661694335937500000e+01
1.661718750000000000e+01
1.661743164062500000e+01
1.661767578125000000e+01
1.661791992187500000e+01
1.661816406250000000e+01
1.661840820312500000e+01
1.661865234375000000e+01
1.661889648437500000e+01
1.661914062500000000e+01
1.661938476562500000e+01
1.661962890625000000e+01
1.661987304687500000e+01
1.662011718750000000e+01
1.662036132812500000e+01
1.662060546875000000e+01
1.662084960937500000e+01
1.662109375000000000e+01
1.662133789062500000e+01
1.662158203125000000e+01
1.662182617187500000e+01
1.662207031250000000e+01
1.662231445312500000e+01
1.662255859375000000e+01
1.662280273437500000e+01
1.662304687500000000e+01
1.662329101562500000e+01
1.662353515625000000e+01
1.662377929687500000e+01
1.662402343750000000e+01
1.662426757812500000e+01
1.662451171875000000e+01
1.662475585937500000e+01
1.662500000000000000e+01
1.662524414062500000e+01
1.662548828125000000e+01
1.662573242187500000e+01
1.662597656250000000e+01
1.662622070312500000e+01
1.662646484375000000e+01
1.662670898437500000e+01
1.662695312500000000e+01
1.662719726562500000e+01
1.662744140625000000e+01
1.662768554687500000e+01
1.662792968750000000e+01
1.662817382812500000e+01
1.662841796875000000e+01
1.662866210937500000e+01
1.662890625000000000e+01
1.662915039062500000e+01
1.662939453125000000e+01
1.662963867187500000e+01
1.662988281250000000e+01
1.663012695312500000e+01
1.663037109375000000e+01
1.663061523437500000e+01
1.663085937500000000e+01
1.663110351562500000e+01
1.663134765625000000e+01
1.663159179687500000e+01
1.663183593750000000e+01
1.663208007812500000e+01
1.663232421875000000e+01
1.663256835937500000e+01
1.663281250000000000e+01
1.663305664062500000e+01
1.663330078125000000e+01
1.663354492187500000e+01
1.663378906250000000e+01
1.663403320312500000e+01
1.663427734375000000e+01
1.663452148437500000e+01
1.663476562500000000e+01
1.663500976562500000e+01
1.663525390625000000e+01
1.663549804687500000e+01
1.663574218750000000e+01
1.663598632812500000e+01
1.663623046875000000e+01
1.663647460937500000e+01
1.663671875000000000e+01
1.663696289062500000e+01
1.663720703125000000e+01
1.663745117187500000e+01
1.663769531250000000e+01
1.663793945312500000e+01
1.663818359375000000e+01
1.663842773437500000e+01
1.663867187500000000e+01
1.663891601562500000e+01
1.663916015625000000e+01
1.663940429687500000e+01
1.663964843750000000e+01
1.663989257812500000e+01
1.664013671875000000e+01
1.664038085937500000e+01
1.664062500000000000e+01
1.664086914062500000e+01
1.664111328125000000e+01
1.664135742187500000e+01
1.664160156250000000e+01
1.664184570312500000e+01
1.664208984375000000e+01
1.664233398437500000e+01
1.664257812500000000e+01
1.664282226562500000e+01
1.664306640625000000e+01
1.664331054687500000e+01
1.664355468750000000e+01
1.664379882812500000e+01
1.664404296875000000e+01
1.664428710937500000e+01
1.664453125000000000e+01
1.664477539062500000e+01
1.664501953125000000e+01
1.664526367187500000e+01
1.664550781250000000e+01
1.664575195312500000e+01
1.664599609375000000e+01
1.664624023437500000e+01
1.664648437500000000e+01
1.664672851562500000e+01
1.664697265625000000e+01
1.664721679687500000e+01
1.664746093750000000e+01
1.664770507812500000e+01
1.664794921875000000e+01
1.664819335937500000e+01
1.664843750000000000e+01
1.664868164062500000e+01
1.664892578125000000e+01
1.664916992187500000e+01
1.664941406250000000e+01
1.664965820312500000e+01
1.664990234375000000e+01
1.665014648437500000e+01
1.665039062500000000e+01
1.665063476562500000e+01
1.665087890625000000e+01
1.665112304687500000e+01
1.665136718750000000e+01
1.665161132812500000e+01
1.665185546875000000e+01
1.665209960937500000e+01
1.665234375000000000e+01
1.665258789062500000e+01
1.665283203125000000e+01
1.665307617187500000e+01
1.665332031250000000e+01
1.665356445312500000e+01
1.665380859375000000e+01
1.665405273437500000e+01
1.665429687500000000e+01
1.665454101562500000e+01
1.665478515625000000e+01
1.665502929687500000e+01
1.665527343750000000e+01
1.665551757812500000e+01
1.665576171875000000e+01
1.665600585937500000e+01
1.665625000000000000e+01
1.665649414062500000e+01
1.665673828125000000e+01
1.665698242187500000e+01
1.665722656250000000e+01
1.665747070312500000e+01
1.665771484375000000e+01
1.665795898437500000e+01
1.665820312500000000e+01
1.665844726562500000e+01
1.665869140625000000e+01
1.665893554687500000e+01
1.665917968750000000e+01
1.665942382812500000e+01
1.665966796875000000e+01
1.665991210937500000e+01
1.666015625000000000e+01
1.666040039062500000e+01
1.666064453125000000e+01
1.666088867187500000e+01
1.666113281250000000e+01
1.666137695312500000e+01
1.666162109375000000e+01
1.666186523437500000e+01
1.666210937500000000e+01
1.666235351562500000e+01
1.666259765625000000e+01
1.666284179687500000e+01
1.666308593750000000e+01
1.666333007812500000e+01
1.666357421875000000e+01
1.666381835937500000e+01
1.666406250000000000e+01
1.666430664062500000e+01
1.666455078125000000e+01
1.666479492187500000e+01
1.666503906250000000e+01
1.666528320312500000e+01
1.666552734375000000e+01
1.666577148437500000e+01
1.666601562500000000e+01
1.666625976562500000e+01
1.666650390625000000e+01
1.666674804687500000e+01
1.666699218750000000e+01
1.666723632812500000e+01
1.666748046875000000e+01
1.666772460937500000e+01
1.666796875000000000e+01
1.666821289062500000e+01
1.666845703125000000e+01
1.666870117187500000e+01
1.666894531250000000e+01
1.666918945312500000e+01
1.666943359375000000e+01
1.666967773437500000e+01
1.666992187500000000e+01
1.667016601562500000e+01
1.667041015625000000e+01
1.667065429687500000e+01
1.667089843750000000e+01
1.667114257812500000e+01
1.667138671875000000e+01
1.667163085937500000e+01
1.667187500000000000e+01
1.667211914062500000e+01
1.667236328125000000e+01
1.667260742187500000e+01
1.667285156250000000e+01
1.667309570312500000e+01
1.667333984375000000e+01
1.667358398437500000e+01
1.667382812500000000e+01
1.667407226562500000e+01
1.667431640625000000e+01
1.667456054687500000e+01
1.667480468750000000e+01
1.667504882812500000e+01
1.667529296875000000e+01
1.667553710937500000e+01
1.667578125000000000e+01
1.667602539062500000e+01
1.667626953125000000e+01
1.667651367187500000e+01
1.667675781250000000e+01
1.667700195312500000e+01
1.667724609375000000e+01
1.667749023437500000e+01
1.667773437500000000e+01
1.667797851562500000e+01
1.667822265625000000e+01
1.667846679687500000e+01
1.667871093750000000e+01
1.667895507812500000e+01
1.667919921875000000e+01
1.667944335937500000e+01
1.667968750000000000e+01
1.667993164062500000e+01
1.668017578125000000e+01
1.668041992187500000e+01
1.668066406250000000e+01
1.668090820312500000e+01
1.668115234375000000e+01
1.668139648437500000e+01
1.668164062500000000e+01
1.668188476562500000e+01
1.668212890625000000e+01
1.668237304687500000e+01
1.668261718750000000e+01
1.668286132812500000e+01
1.668310546875000000e+01
1.668334960937500000e+01
1.668359375000000000e+01
1.668383789062500000e+01
1.668408203125000000e+01
1.668432617187500000e+01
1.668457031250000000e+01
1.668481445312500000e+01
1.668505859375000000e+01
1.668530273437500000e+01
1.668554687500000000e+01
1.668579101562500000e+01
1.668603515625000000e+01
1.668627929687500000e+01
1.668652343750000000e+01
1.668676757812500000e+01
1.668701171875000000e+01
1.668725585937500000e+01
1.668750000000000000e+01
1.668774414062500000e+01
1.668798828125000000e+01
1.668823242187500000e+01
1.668847656250000000e+01
1.668872070312500000e+01
1.668896484375000000e+01
1.668920898437500000e+01
1.668945312500000000e+01
1.668969726562500000e+01
1.668994140625000000e+01
1.669018554687500000e+01
1.669042968750000000e+01
1.669067382812500000e+01
1.669091796875000000e+01
1.669116210937500000e+01
1.669140625000000000e+01
1.669165039062500000e+01
1.669189453125000000e+01
1.669213867187500000e+01
1.669238281250000000e+01
1.669262695312500000e+01
1.669287109375000000e+01
1.669311523437500000e+01
1.669335937500000000e+01
1.669360351562500000e+01
1.669384765625000000e+01
1.669409179687500000e+01
1.669433593750000000e+01
1.669458007812500000e+01
1.669482421875000000e+01
1.669506835937500000e+01
1.669531250000000000e+01
1.669555664062500000e+01
1.669580078125000000e+01
1.669604492187500000e+01
1.669628906250000000e+01
1.669653320312500000e+01
1.669677734375000000e+01
1.669702148437500000e+01
1.669726562500000000e+01
1.669750976562500000e+01
1.669775390625000000e+01
1.669799804687500000e+01
1.669824218750000000e+01
1.669848632812500000e+01
1.669873046875000000e+01
1.669897460937500000e+01
1.669921875000000000e+01
1.669946289062500000e+01
1.669970703125000000e+01
1.669995117187500000e+01
1.670019531250000000e+01
1.670043945312500000e+01
1.670068359375000000e+01
1.670092773437500000e+01
1.670117187500000000e+01
1.670141601562500000e+01
1.670166015625000000e+01
1.670190429687500000e+01
1.670214843750000000e+01
1.670239257812500000e+01
1.670263671875000000e+01
1.670288085937500000e+01
1.670312500000000000e+01
1.670336914062500000e+01
1.670361328125000000e+01
1.670385742187500000e+01
1.670410156250000000e+01
1.670434570312500000e+01
1.670458984375000000e+01
1.670483398437500000e+01
1.670507812500000000e+01
1.670532226562500000e+01
1.670556640625000000e+01
1.670581054687500000e+01
1.670605468750000000e+01
1.670629882812500000e+01
1.670654296875000000e+01
1.670678710937500000e+01
1.670703125000000000e+01
1.670727539062500000e+01
1.670751953125000000e+01
1.670776367187500000e+01
1.670800781250000000e+01
1.670825195312500000e+01
1.670849609375000000e+01
1.670874023437500000e+01
1.670898437500000000e+01
1.670922851562500000e+01
1.670947265625000000e+01
1.670971679687500000e+01
1.670996093750000000e+01
1.671020507812500000e+01
1.671044921875000000e+01
1.671069335937500000e+01
1.671093750000000000e+01
1.671118164062500000e+01
1.671142578125000000e+01
1.671166992187500000e+01
1.671191406250000000e+01
1.671215820312500000e+01
1.671240234375000000e+01
1.671264648437500000e+01
1.671289062500000000e+01
1.671313476562500000e+01
1.671337890625000000e+01
1.671362304687500000e+01
1.671386718750000000e+01
1.671411132812500000e+01
1.671435546875000000e+01
1.671459960937500000e+01
1.671484375000000000e+01
1.671508789062500000e+01
1.671533203125000000e+01
1.671557617187500000e+01
1.671582031250000000e+01
1.671606445312500000e+01
1.671630859375000000e+01
1.671655273437500000e+01
1.671679687500000000e+01
1.671704101562500000e+01
1.671728515625000000e+01
1.671752929687500000e+01
1.671777343750000000e+01
1.671801757812500000e+01
1.671826171875000000e+01
1.671850585937500000e+01
1.671875000000000000e+01
1.671899414062500000e+01
1.671923828125000000e+01
1.671948242187500000e+01
1.671972656250000000e+01
1.671997070312500000e+01
1.672021484375000000e+01
1.672045898437500000e+01
1.672070312500000000e+01
1.672094726562500000e+01
1.672119140625000000e+01
1.672143554687500000e+01
1.672167968750000000e+01
1.672192382812500000e+01
1.672216796875000000e+01
1.672241210937500000e+01
1.672265625000000000e+01
1.672290039062500000e+01
1.672314453125000000e+01
1.672338867187500000e+01
1.672363281250000000e+01
1.672387695312500000e+01
1.672412109375000000e+01
1.672436523437500000e+01
1.672460937500000000e+01
1.672485351562500000e+01
1.672509765625000000e+01
1.672534179687500000e+01
1.672558593750000000e+01
1.672583007812500000e+01
1.672607421875000000e+01
1.672631835937500000e+01
1.672656250000000000e+01
1.672680664062500000e+01
1.672705078125000000e+01
1.672729492187500000e+01
1.672753906250000000e+01
1.672778320312500000e+01
1.672802734375000000e+01
1.672827148437500000e+01
1.672851562500000000e+01
1.672875976562500000e+01
1.672900390625000000e+01
1.672924804687500000e+01
1.672949218750000000e+01
1.672973632812500000e+01
1.672998046875000000e+01
1.673022460937500000e+01
1.673046875000000000e+01
1.673071289062500000e+01
1.673095703125000000e+01
1.673120117187500000e+01
1.673144531250000000e+01
1.673168945312500000e+01
1.673193359375000000e+01
1.673217773437500000e+01
1.673242187500000000e+01
1.673266601562500000e+01
1.673291015625000000e+01
1.673315429687500000e+01
1.673339843750000000e+01
1.673364257812500000e+01
1.673388671875000000e+01
1.673413085937500000e+01
1.673437500000000000e+01
1.673461914062500000e+01
1.673486328125000000e+01
1.673510742187500000e+01
1.673535156250000000e+01
1.673559570312500000e+01
1.673583984375000000e+01
1.673608398437500000e+01
1.673632812500000000e+01
1.673657226562500000e+01
1.673681640625000000e+01
1.673706054687500000e+01
1.673730468750000000e+01
1.673754882812500000e+01
1.673779296875000000e+01
1.673803710937500000e+01
1.673828125000000000e+01
1.673852539062500000e+01
1.673876953125000000e+01
1.673901367187500000e+01
1.673925781250000000e+01
1.673950195312500000e+01
1.673974609375000000e+01
1.673999023437500000e+01
1.674023437500000000e+01
1.674047851562500000e+01
1.674072265625000000e+01
1.674096679687500000e+01
1.674121093750000000e+01
1.674145507812500000e+01
1.674169921875000000e+01
1.674194335937500000e+01
1.674218750000000000e+01
1.674243164062500000e+01
1.674267578125000000e+01
1.674291992187500000e+01
1.674316406250000000e+01
1.674340820312500000e+01
1.674365234375000000e+01
1.674389648437500000e+01
1.674414062500000000e+01
1.674438476562500000e+01
1.674462890625000000e+01
1.674487304687500000e+01
1.674511718750000000e+01
1.674536132812500000e+01
1.674560546875000000e+01
1.674584960937500000e+01
1.674609375000000000e+01
1.674633789062500000e+01
1.674658203125000000e+01
1.674682617187500000e+01
1.674707031250000000e+01
1.674731445312500000e+01
1.674755859375000000e+01
1.674780273437500000e+01
1.674804687500000000e+01
1.674829101562500000e+01
1.674853515625000000e+01
1.674877929687500000e+01
1.674902343750000000e+01
1.674926757812500000e+01
1.674951171875000000e+01
1.674975585937500000e+01
1.675000000000000000e+01
1.675024414062500000e+01
1.675048828125000000e+01
1.675073242187500000e+01
1.675097656250000000e+01
1.675122070312500000e+01
1.675146484375000000e+01
1.675170898437500000e+01
1.675195312500000000e+01
1.675219726562500000e+01
1.675244140625000000e+01
1.675268554687500000e+01
1.675292968750000000e+01
1.675317382812500000e+01
1.675341796875000000e+01
1.675366210937500000e+01
1.675390625000000000e+01
1.675415039062500000e+01
1.675439453125000000e+01
1.675463867187500000e+01
1.675488281250000000e+01
1.675512695312500000e+01
1.675537109375000000e+01
1.675561523437500000e+01
1.675585937500000000e+01
1.675610351562500000e+01
1.675634765625000000e+01
1.675659179687500000e+01
1.675683593750000000e+01
1.675708007812500000e+01
1.675732421875000000e+01
1.675756835937500000e+01
1.675781250000000000e+01
1.675805664062500000e+01
1.675830078125000000e+01
1.675854492187500000e+01
1.675878906250000000e+01
1.675903320312500000e+01
1.675927734375000000e+01
1.675952148437500000e+01
1.675976562500000000e+01
1.676000976562500000e+01
1.676025390625000000e+01
1.676049804687500000e+01
1.676074218750000000e+01
1.676098632812500000e+01
1.676123046875000000e+01
1.676147460937500000e+01
1.676171875000000000e+01
1.676196289062500000e+01
1.676220703125000000e+01
1.676245117187500000e+01
1.676269531250000000e+01
1.676293945312500000e+01
1.676318359375000000e+01
1.676342773437500000e+01
1.676367187500000000e+01
1.676391601562500000e+01
1.676416015625000000e+01
1.676440429687500000e+01
1.676464843750000000e+01
1.676489257812500000e+01
1.676513671875000000e+01
1.676538085937500000e+01
1.676562500000000000e+01
1.676586914062500000e+01
1.676611328125000000e+01
1.676635742187500000e+01
1.676660156250000000e+01
1.676684570312500000e+01
1.676708984375000000e+01
1.676733398437500000e+01
1.676757812500000000e+01
1.676782226562500000e+01
1.676806640625000000e+01
1.676831054687500000e+01
1.676855468750000000e+01
1.676879882812500000e+01
1.676904296875000000e+01
1.676928710937500000e+01
1.676953125000000000e+01
1.676977539062500000e+01
1.677001953125000000e+01
1.677026367187500000e+01
1.677050781250000000e+01
1.677075195312500000e+01
1.677099609375000000e+01
1.677124023437500000e+01
1.677148437500000000e+01
1.677172851562500000e+01
1.677197265625000000e+01
1.677221679687500000e+01
1.677246093750000000e+01
1.677270507812500000e+01
1.677294921875000000e+01
1.677319335937500000e+01
1.677343750000000000e+01
1.677368164062500000e+01
1.677392578125000000e+01
1.677416992187500000e+01
1.677441406250000000e+01
1.677465820312500000e+01
1.677490234375000000e+01
1.677514648437500000e+01
1.677539062500000000e+01
1.677563476562500000e+01
1.677587890625000000e+01
1.677612304687500000e+01
1.677636718750000000e+01
1.677661132812500000e+01
1.677685546875000000e+01
1.677709960937500000e+01
1.677734375000000000e+01
1.677758789062500000e+01
1.677783203125000000e+01
1.677807617187500000e+01
1.677832031250000000e+01
1.677856445312500000e+01
1.677880859375000000e+01
1.677905273437500000e+01
1.677929687500000000e+01
1.677954101562500000e+01
1.677978515625000000e+01
1.678002929687500000e+01
1.678027343750000000e+01
1.678051757812500000e+01
1.678076171875000000e+01
1.678100585937500000e+01
1.678125000000000000e+01
1.678149414062500000e+01
1.678173828125000000e+01
1.678198242187500000e+01
1.678222656250000000e+01
1.678247070312500000e+01
1.678271484375000000e+01
1.678295898437500000e+01
1.678320312500000000e+01
1.678344726562500000e+01
1.678369140625000000e+01
1.678393554687500000e+01
1.678417968750000000e+01
1.678442382812500000e+01
1.678466796875000000e+01
1.678491210937500000e+01
1.678515625000000000e+01
1.678540039062500000e+01
1.678564453125000000e+01
1.678588867187500000e+01
1.678613281250000000e+01
1.678637695312500000e+01
1.678662109375000000e+01
1.678686523437500000e+01
1.678710937500000000e+01
1.678735351562500000e+01
1.678759765625000000e+01
1.678784179687500000e+01
1.678808593750000000e+01
1.678833007812500000e+01
1.678857421875000000e+01
1.678881835937500000e+01
1.678906250000000000e+01
1.678930664062500000e+01
1.678955078125000000e+01
1.678979492187500000e+01
1.679003906250000000e+01
1.679028320312500000e+01
1.679052734375000000e+01
1.679077148437500000e+01
1.679101562500000000e+01
1.679125976562500000e+01
1.679150390625000000e+01
1.679174804687500000e+01
1.679199218750000000e+01
1.679223632812500000e+01
1.679248046875000000e+01
1.679272460937500000e+01
1.679296875000000000e+01
1.679321289062500000e+01
1.679345703125000000e+01
1.679370117187500000e+01
1.679394531250000000e+01
1.679418945312500000e+01
1.679443359375000000e+01
1.679467773437500000e+01
1.679492187500000000e+01
1.679516601562500000e+01
1.679541015625000000e+01
1.679565429687500000e+01
1.679589843750000000e+01
1.679614257812500000e+01
1.679638671875000000e+01
1.679663085937500000e+01
1.679687500000000000e+01
1.679711914062500000e+01
1.679736328125000000e+01
1.679760742187500000e+01
1.679785156250000000e+01
1.679809570312500000e+01
1.679833984375000000e+01
1.679858398437500000e+01
1.679882812500000000e+01
1.679907226562500000e+01
1.679931640625000000e+01
1.679956054687500000e+01
1.679980468750000000e+01
1.680004882812500000e+01
1.680029296875000000e+01
1.680053710937500000e+01
1.680078125000000000e+01
1.680102539062500000e+01
1.680126953125000000e+01
1.680151367187500000e+01
1.680175781250000000e+01
1.680200195312500000e+01
1.680224609375000000e+01
1.680249023437500000e+01
1.680273437500000000e+01
1.680297851562500000e+01
1.680322265625000000e+01
1.680346679687500000e+01
1.680371093750000000e+01
1.680395507812500000e+01
1.680419921875000000e+01
1.680444335937500000e+01
1.680468750000000000e+01
1.680493164062500000e+01
1.680517578125000000e+01
1.680541992187500000e+01
1.680566406250000000e+01
1.680590820312500000e+01
1.680615234375000000e+01
1.680639648437500000e+01
1.680664062500000000e+01
1.680688476562500000e+01
1.680712890625000000e+01
1.680737304687500000e+01
1.680761718750000000e+01
1.680786132812500000e+01
1.680810546875000000e+01
1.680834960937500000e+01
1.680859375000000000e+01
1.680883789062500000e+01
1.680908203125000000e+01
1.680932617187500000e+01
1.680957031250000000e+01
1.680981445312500000e+01
1.681005859375000000e+01
1.681030273437500000e+01
1.681054687500000000e+01
1.681079101562500000e+01
1.681103515625000000e+01
1.681127929687500000e+01
1.681152343750000000e+01
1.681176757812500000e+01
1.681201171875000000e+01
1.681225585937500000e+01
1.681250000000000000e+01
1.681274414062500000e+01
1.681298828125000000e+01
1.681323242187500000e+01
1.681347656250000000e+01
1.681372070312500000e+01
1.681396484375000000e+01
1.681420898437500000e+01
1.681445312500000000e+01
1.681469726562500000e+01
1.681494140625000000e+01
1.681518554687500000e+01
1.681542968750000000e+01
1.681567382812500000e+01
1.681591796875000000e+01
1.681616210937500000e+01
1.681640625000000000e+01
1.681665039062500000e+01
1.681689453125000000e+01
1.681713867187500000e+01
1.681738281250000000e+01
1.681762695312500000e+01
1.681787109375000000e+01
1.681811523437500000e+01
1.681835937500000000e+01
1.681860351562500000e+01
1.681884765625000000e+01
1.681909179687500000e+01
1.681933593750000000e+01
1.681958007812500000e+01
1.681982421875000000e+01
1.682006835937500000e+01
1.682031250000000000e+01
1.682055664062500000e+01
1.682080078125000000e+01
1.682104492187500000e+01
1.682128906250000000e+01
1.682153320312500000e+01
1.682177734375000000e+01
1.682202148437500000e+01
1.682226562500000000e+01
1.682250976562500000e+01
1.682275390625000000e+01
1.682299804687500000e+01
1.682324218750000000e+01
1.682348632812500000e+01
1.682373046875000000e+01
1.682397460937500000e+01
1.682421875000000000e+01
1.682446289062500000e+01
1.682470703125000000e+01
1.682495117187500000e+01
1.682519531250000000e+01
1.682543945312500000e+01
1.682568359375000000e+01
1.682592773437500000e+01
1.682617187500000000e+01
1.682641601562500000e+01
1.682666015625000000e+01
1.682690429687500000e+01
1.682714843750000000e+01
1.682739257812500000e+01
1.682763671875000000e+01
1.682788085937500000e+01
1.682812500000000000e+01
1.682836914062500000e+01
1.682861328125000000e+01
1.682885742187500000e+01
1.682910156250000000e+01
1.682934570312500000e+01
1.682958984375000000e+01
1.682983398437500000e+01
1.683007812500000000e+01
1.683032226562500000e+01
1.683056640625000000e+01
1.683081054687500000e+01
1.683105468750000000e+01
1.683129882812500000e+01
1.683154296875000000e+01
1.683178710937500000e+01
1.683203125000000000e+01
1.683227539062500000e+01
1.683251953125000000e+01
1.683276367187500000e+01
1.683300781250000000e+01
1.683325195312500000e+01
1.683349609375000000e+01
1.683374023437500000e+01
1.683398437500000000e+01
1.683422851562500000e+01
1.683447265625000000e+01
1.683471679687500000e+01
1.683496093750000000e+01
1.683520507812500000e+01
1.683544921875000000e+01
1.683569335937500000e+01
1.683593750000000000e+01
1.683618164062500000e+01
1.683642578125000000e+01
1.683666992187500000e+01
1.683691406250000000e+01
1.683715820312500000e+01
1.683740234375000000e+01
1.683764648437500000e+01
1.683789062500000000e+01
1.683813476562500000e+01
1.683837890625000000e+01
1.683862304687500000e+01
1.683886718750000000e+01
1.683911132812500000e+01
1.683935546875000000e+01
1.683959960937500000e+01
1.683984375000000000e+01
1.684008789062500000e+01
1.684033203125000000e+01
1.684057617187500000e+01
1.684082031250000000e+01
1.684106445312500000e+01
1.684130859375000000e+01
1.684155273437500000e+01
1.684179687500000000e+01
1.684204101562500000e+01
1.684228515625000000e+01
1.684252929687500000e+01
1.684277343750000000e+01
1.684301757812500000e+01
1.684326171875000000e+01
1.684350585937500000e+01
1.684375000000000000e+01
1.684399414062500000e+01
1.684423828125000000e+01
1.684448242187500000e+01
1.684472656250000000e+01
1.684497070312500000e+01
1.684521484375000000e+01
1.684545898437500000e+01
1.684570312500000000e+01
1.684594726562500000e+01
1.684619140625000000e+01
1.684643554687500000e+01
1.684667968750000000e+01
1.684692382812500000e+01
1.684716796875000000e+01
1.684741210937500000e+01
1.684765625000000000e+01
1.684790039062500000e+01
1.684814453125000000e+01
1.684838867187500000e+01
1.684863281250000000e+01
1.684887695312500000e+01
1.684912109375000000e+01
1.684936523437500000e+01
1.684960937500000000e+01
1.684985351562500000e+01
1.685009765625000000e+01
1.685034179687500000e+01
1.685058593750000000e+01
1.685083007812500000e+01
1.685107421875000000e+01
1.685131835937500000e+01
1.685156250000000000e+01
1.685180664062500000e+01
1.685205078125000000e+01
1.685229492187500000e+01
1.685253906250000000e+01
1.685278320312500000e+01
1.685302734375000000e+01
1.685327148437500000e+01
1.685351562500000000e+01
1.685375976562500000e+01
1.685400390625000000e+01
1.685424804687500000e+01
1.685449218750000000e+01
1.685473632812500000e+01
1.685498046875000000e+01
1.685522460937500000e+01
1.685546875000000000e+01
1.685571289062500000e+01
1.685595703125000000e+01
1.685620117187500000e+01
1.685644531250000000e+01
1.685668945312500000e+01
1.685693359375000000e+01
1.685717773437500000e+01
1.685742187500000000e+01
1.685766601562500000e+01
1.685791015625000000e+01
1.685815429687500000e+01
1.685839843750000000e+01
1.685864257812500000e+01
1.685888671875000000e+01
1.685913085937500000e+01
1.685937500000000000e+01
1.685961914062500000e+01
1.685986328125000000e+01
1.686010742187500000e+01
1.686035156250000000e+01
1.686059570312500000e+01
1.686083984375000000e+01
1.686108398437500000e+01
1.686132812500000000e+01
1.686157226562500000e+01
1.686181640625000000e+01
1.686206054687500000e+01
1.686230468750000000e+01
1.686254882812500000e+01
1.686279296875000000e+01
1.686303710937500000e+01
1.686328125000000000e+01
1.686352539062500000e+01
1.686376953125000000e+01
1.686401367187500000e+01
1.686425781250000000e+01
1.686450195312500000e+01
1.686474609375000000e+01
1.686499023437500000e+01
1.686523437500000000e+01
1.686547851562500000e+01
1.686572265625000000e+01
1.686596679687500000e+01
1.686621093750000000e+01
1.686645507812500000e+01
1.686669921875000000e+01
1.686694335937500000e+01
1.686718750000000000e+01
1.686743164062500000e+01
1.686767578125000000e+01
1.686791992187500000e+01
1.686816406250000000e+01
1.686840820312500000e+01
1.686865234375000000e+01
1.686889648437500000e+01
1.686914062500000000e+01
1.686938476562500000e+01
1.686962890625000000e+01
1.686987304687500000e+01
1.687011718750000000e+01
1.687036132812500000e+01
1.687060546875000000e+01
1.687084960937500000e+01
1.687109375000000000e+01
1.687133789062500000e+01
1.687158203125000000e+01
1.687182617187500000e+01
1.687207031250000000e+01
1.687231445312500000e+01
1.687255859375000000e+01
1.687280273437500000e+01
1.687304687500000000e+01
1.687329101562500000e+01
1.687353515625000000e+01
1.687377929687500000e+01
1.687402343750000000e+01
1.687426757812500000e+01
1.687451171875000000e+01
1.687475585937500000e+01
1.687500000000000000e+01
1.687524414062500000e+01
1.687548828125000000e+01
1.687573242187500000e+01
1.687597656250000000e+01
1.687622070312500000e+01
1.687646484375000000e+01
1.687670898437500000e+01
1.687695312500000000e+01
1.687719726562500000e+01
1.687744140625000000e+01
1.687768554687500000e+01
1.687792968750000000e+01
1.687817382812500000e+01
1.687841796875000000e+01
1.687866210937500000e+01
1.687890625000000000e+01
1.687915039062500000e+01
1.687939453125000000e+01
1.687963867187500000e+01
1.687988281250000000e+01
1.688012695312500000e+01
1.688037109375000000e+01
1.688061523437500000e+01
1.688085937500000000e+01
1.688110351562500000e+01
1.688134765625000000e+01
1.688159179687500000e+01
1.688183593750000000e+01
1.688208007812500000e+01
1.688232421875000000e+01
1.688256835937500000e+01
1.688281250000000000e+01
1.688305664062500000e+01
1.688330078125000000e+01
1.688354492187500000e+01
1.688378906250000000e+01
1.688403320312500000e+01
1.688427734375000000e+01
1.688452148437500000e+01
1.688476562500000000e+01
1.688500976562500000e+01
1.688525390625000000e+01
1.688549804687500000e+01
1.688574218750000000e+01
1.688598632812500000e+01
1.688623046875000000e+01
1.688647460937500000e+01
1.688671875000000000e+01
1.688696289062500000e+01
1.688720703125000000e+01
1.688745117187500000e+01
1.688769531250000000e+01
1.688793945312500000e+01
1.688818359375000000e+01
1.688842773437500000e+01
1.688867187500000000e+01
1.688891601562500000e+01
1.688916015625000000e+01
1.688940429687500000e+01
1.688964843750000000e+01
1.688989257812500000e+01
1.689013671875000000e+01
1.689038085937500000e+01
1.689062500000000000e+01
1.689086914062500000e+01
1.689111328125000000e+01
1.689135742187500000e+01
1.689160156250000000e+01
1.689184570312500000e+01
1.689208984375000000e+01
1.689233398437500000e+01
1.689257812500000000e+01
1.689282226562500000e+01
1.689306640625000000e+01
1.689331054687500000e+01
1.689355468750000000e+01
1.689379882812500000e+01
1.689404296875000000e+01
1.689428710937500000e+01
1.689453125000000000e+01
1.689477539062500000e+01
1.689501953125000000e+01
1.689526367187500000e+01
1.689550781250000000e+01
1.689575195312500000e+01
1.689599609375000000e+01
1.689624023437500000e+01
1.689648437500000000e+01
1.689672851562500000e+01
1.689697265625000000e+01
1.689721679687500000e+01
1.689746093750000000e+01
1.689770507812500000e+01
1.689794921875000000e+01
1.689819335937500000e+01
1.689843750000000000e+01
1.689868164062500000e+01
1.689892578125000000e+01
1.689916992187500000e+01
1.689941406250000000e+01
1.689965820312500000e+01
1.689990234375000000e+01
1.690014648437500000e+01
1.690039062500000000e+01
1.690063476562500000e+01
1.690087890625000000e+01
1.690112304687500000e+01
1.690136718750000000e+01
1.690161132812500000e+01
1.690185546875000000e+01
1.690209960937500000e+01
1.690234375000000000e+01
1.690258789062500000e+01
1.690283203125000000e+01
1.690307617187500000e+01
1.690332031250000000e+01
1.690356445312500000e+01
1.690380859375000000e+01
1.690405273437500000e+01
1.690429687500000000e+01
1.690454101562500000e+01
1.690478515625000000e+01
1.690502929687500000e+01
1.690527343750000000e+01
1.690551757812500000e+01
1.690576171875000000e+01
1.690600585937500000e+01
1.690625000000000000e+01
1.690649414062500000e+01
1.690673828125000000e+01
1.690698242187500000e+01
1.690722656250000000e+01
1.690747070312500000e+01
1.690771484375000000e+01
1.690795898437500000e+01
1.690820312500000000e+01
1.690844726562500000e+01
1.690869140625000000e+01
1.690893554687500000e+01
1.690917968750000000e+01
1.690942382812500000e+01
1.690966796875000000e+01
1.690991210937500000e+01
1.691015625000000000e+01
1.691040039062500000e+01
1.691064453125000000e+01
1.691088867187500000e+01
1.691113281250000000e+01
1.691137695312500000e+01
1.691162109375000000e+01
1.691186523437500000e+01
1.691210937500000000e+01
1.691235351562500000e+01
1.691259765625000000e+01
1.691284179687500000e+01
1.691308593750000000e+01
1.691333007812500000e+01
1.691357421875000000e+01
1.691381835937500000e+01
1.691406250000000000e+01
1.691430664062500000e+01
1.691455078125000000e+01
1.691479492187500000e+01
1.691503906250000000e+01
1.691528320312500000e+01
1.691552734375000000e+01
1.691577148437500000e+01
1.691601562500000000e+01
1.691625976562500000e+01
1.691650390625000000e+01
1.691674804687500000e+01
1.691699218750000000e+01
1.691723632812500000e+01
1.691748046875000000e+01
1.691772460937500000e+01
1.691796875000000000e+01
1.691821289062500000e+01
1.691845703125000000e+01
1.691870117187500000e+01
1.691894531250000000e+01
1.691918945312500000e+01
1.691943359375000000e+01
1.691967773437500000e+01
1.691992187500000000e+01
1.692016601562500000e+01
1.692041015625000000e+01
1.692065429687500000e+01
1.692089843750000000e+01
1.692114257812500000e+01
1.692138671875000000e+01
1.692163085937500000e+01
1.692187500000000000e+01
1.692211914062500000e+01
1.692236328125000000e+01
1.692260742187500000e+01
1.692285156250000000e+01
1.692309570312500000e+01
1.692333984375000000e+01
1.692358398437500000e+01
1.692382812500000000e+01
1.692407226562500000e+01
1.692431640625000000e+01
1.692456054687500000e+01
1.692480468750000000e+01
1.692504882812500000e+01
1.692529296875000000e+01
1.692553710937500000e+01
1.692578125000000000e+01
1.692602539062500000e+01
1.692626953125000000e+01
1.692651367187500000e+01
1.692675781250000000e+01
1.692700195312500000e+01
1.692724609375000000e+01
1.692749023437500000e+01
1.692773437500000000e+01
1.692797851562500000e+01
1.692822265625000000e+01
1.692846679687500000e+01
1.692871093750000000e+01
1.692895507812500000e+01
1.692919921875000000e+01
1.692944335937500000e+01
1.692968750000000000e+01
1.692993164062500000e+01
1.693017578125000000e+01
1.693041992187500000e+01
1.693066406250000000e+01
1.693090820312500000e+01
1.693115234375000000e+01
1.693139648437500000e+01
1.693164062500000000e+01
1.693188476562500000e+01
1.693212890625000000e+01
1.693237304687500000e+01
1.693261718750000000e+01
1.693286132812500000e+01
1.693310546875000000e+01
1.693334960937500000e+01
1.693359375000000000e+01
1.693383789062500000e+01
1.693408203125000000e+01
1.693432617187500000e+01
1.693457031250000000e+01
1.693481445312500000e+01
1.693505859375000000e+01
1.693530273437500000e+01
1.693554687500000000e+01
1.693579101562500000e+01
1.693603515625000000e+01
1.693627929687500000e+01
1.693652343750000000e+01
1.693676757812500000e+01
1.693701171875000000e+01
1.693725585937500000e+01
1.693750000000000000e+01
1.693774414062500000e+01
1.693798828125000000e+01
1.693823242187500000e+01
1.693847656250000000e+01
1.693872070312500000e+01
1.693896484375000000e+01
1.693920898437500000e+01
1.693945312500000000e+01
1.693969726562500000e+01
1.693994140625000000e+01
1.694018554687500000e+01
1.694042968750000000e+01
1.694067382812500000e+01
1.694091796875000000e+01
1.694116210937500000e+01
1.694140625000000000e+01
1.694165039062500000e+01
1.694189453125000000e+01
1.694213867187500000e+01
1.694238281250000000e+01
1.694262695312500000e+01
1.694287109375000000e+01
1.694311523437500000e+01
1.694335937500000000e+01
1.694360351562500000e+01
1.694384765625000000e+01
1.694409179687500000e+01
1.694433593750000000e+01
1.694458007812500000e+01
1.694482421875000000e+01
1.694506835937500000e+01
1.694531250000000000e+01
1.694555664062500000e+01
1.694580078125000000e+01
1.694604492187500000e+01
1.694628906250000000e+01
1.694653320312500000e+01
1.694677734375000000e+01
1.694702148437500000e+01
1.694726562500000000e+01
1.694750976562500000e+01
1.694775390625000000e+01
1.694799804687500000e+01
1.694824218750000000e+01
1.694848632812500000e+01
1.694873046875000000e+01
1.694897460937500000e+01
1.694921875000000000e+01
1.694946289062500000e+01
1.694970703125000000e+01
1.694995117187500000e+01
1.695019531250000000e+01
1.695043945312500000e+01
1.695068359375000000e+01
1.695092773437500000e+01
1.695117187500000000e+01
1.695141601562500000e+01
1.695166015625000000e+01
1.695190429687500000e+01
1.695214843750000000e+01
1.695239257812500000e+01
1.695263671875000000e+01
1.695288085937500000e+01
1.695312500000000000e+01
1.695336914062500000e+01
1.695361328125000000e+01
1.695385742187500000e+01
1.695410156250000000e+01
1.695434570312500000e+01
1.695458984375000000e+01
1.695483398437500000e+01
1.695507812500000000e+01
1.695532226562500000e+01
1.695556640625000000e+01
1.695581054687500000e+01
1.695605468750000000e+01
1.695629882812500000e+01
1.695654296875000000e+01
1.695678710937500000e+01
1.695703125000000000e+01
1.695727539062500000e+01
1.695751953125000000e+01
1.695776367187500000e+01
1.695800781250000000e+01
1.695825195312500000e+01
1.695849609375000000e+01
1.695874023437500000e+01
1.695898437500000000e+01
1.695922851562500000e+01
1.695947265625000000e+01
1.695971679687500000e+01
1.695996093750000000e+01
1.696020507812500000e+01
1.696044921875000000e+01
1.696069335937500000e+01
1.696093750000000000e+01
1.696118164062500000e+01
1.696142578125000000e+01
1.696166992187500000e+01
1.696191406250000000e+01
1.696215820312500000e+01
1.696240234375000000e+01
1.696264648437500000e+01
1.696289062500000000e+01
1.696313476562500000e+01
1.696337890625000000e+01
1.696362304687500000e+01
1.696386718750000000e+01
1.696411132812500000e+01
1.696435546875000000e+01
1.696459960937500000e+01
1.696484375000000000e+01
1.696508789062500000e+01
1.696533203125000000e+01
1.696557617187500000e+01
1.696582031250000000e+01
1.696606445312500000e+01
1.696630859375000000e+01
1.696655273437500000e+01
1.696679687500000000e+01
1.696704101562500000e+01
1.696728515625000000e+01
1.696752929687500000e+01
1.696777343750000000e+01
1.696801757812500000e+01
1.696826171875000000e+01
1.696850585937500000e+01
1.696875000000000000e+01
1.696899414062500000e+01
1.696923828125000000e+01
1.696948242187500000e+01
1.696972656250000000e+01
1.696997070312500000e+01
1.697021484375000000e+01
1.697045898437500000e+01
1.697070312500000000e+01
1.697094726562500000e+01
1.697119140625000000e+01
1.697143554687500000e+01
1.697167968750000000e+01
1.697192382812500000e+01
1.697216796875000000e+01
1.697241210937500000e+01
1.697265625000000000e+01
1.697290039062500000e+01
1.697314453125000000e+01
1.697338867187500000e+01
1.697363281250000000e+01
1.697387695312500000e+01
1.697412109375000000e+01
1.697436523437500000e+01
1.697460937500000000e+01
1.697485351562500000e+01
1.697509765625000000e+01
1.697534179687500000e+01
1.697558593750000000e+01
1.697583007812500000e+01
1.697607421875000000e+01
1.697631835937500000e+01
1.697656250000000000e+01
1.697680664062500000e+01
1.697705078125000000e+01
1.697729492187500000e+01
1.697753906250000000e+01
1.697778320312500000e+01
1.697802734375000000e+01
1.697827148437500000e+01
1.697851562500000000e+01
1.697875976562500000e+01
1.697900390625000000e+01
1.697924804687500000e+01
1.697949218750000000e+01
1.697973632812500000e+01
1.697998046875000000e+01
1.698022460937500000e+01
1.698046875000000000e+01
1.698071289062500000e+01
1.698095703125000000e+01
1.698120117187500000e+01
1.698144531250000000e+01
1.698168945312500000e+01
1.698193359375000000e+01
1.698217773437500000e+01
1.698242187500000000e+01
1.698266601562500000e+01
1.698291015625000000e+01
1.698315429687500000e+01
1.698339843750000000e+01
1.698364257812500000e+01
1.698388671875000000e+01
1.698413085937500000e+01
1.698437500000000000e+01
1.698461914062500000e+01
1.698486328125000000e+01
1.698510742187500000e+01
1.698535156250000000e+01
1.698559570312500000e+01
1.698583984375000000e+01
1.698608398437500000e+01
1.698632812500000000e+01
1.698657226562500000e+01
1.698681640625000000e+01
1.698706054687500000e+01
1.698730468750000000e+01
1.698754882812500000e+01
1.698779296875000000e+01
1.698803710937500000e+01
1.698828125000000000e+01
1.698852539062500000e+01
1.698876953125000000e+01
1.698901367187500000e+01
1.698925781250000000e+01
1.698950195312500000e+01
1.698974609375000000e+01
1.698999023437500000e+01
1.699023437500000000e+01
1.699047851562500000e+01
1.699072265625000000e+01
1.699096679687500000e+01
1.699121093750000000e+01
1.699145507812500000e+01
1.699169921875000000e+01
1.699194335937500000e+01
1.699218750000000000e+01
1.699243164062500000e+01
1.699267578125000000e+01
1.699291992187500000e+01
1.699316406250000000e+01
1.699340820312500000e+01
1.699365234375000000e+01
1.699389648437500000e+01
1.699414062500000000e+01
1.699438476562500000e+01
1.699462890625000000e+01
1.699487304687500000e+01
1.699511718750000000e+01
1.699536132812500000e+01
1.699560546875000000e+01
1.699584960937500000e+01
1.699609375000000000e+01
1.699633789062500000e+01
1.699658203125000000e+01
1.699682617187500000e+01
1.699707031250000000e+01
1.699731445312500000e+01
1.699755859375000000e+01
1.699780273437500000e+01
1.699804687500000000e+01
1.699829101562500000e+01
1.699853515625000000e+01
1.699877929687500000e+01
1.699902343750000000e+01
1.699926757812500000e+01
1.699951171875000000e+01
1.699975585937500000e+01
1.700000000000000000e+01
1.700024414062500000e+01
1.700048828125000000e+01
1.700073242187500000e+01
1.700097656250000000e+01
1.700122070312500000e+01
1.700146484375000000e+01
1.700170898437500000e+01
1.700195312500000000e+01
1.700219726562500000e+01
1.700244140625000000e+01
1.700268554687500000e+01
1.700292968750000000e+01
1.700317382812500000e+01
1.700341796875000000e+01
1.700366210937500000e+01
1.700390625000000000e+01
1.700415039062500000e+01
1.700439453125000000e+01
1.700463867187500000e+01
1.700488281250000000e+01
1.700512695312500000e+01
1.700537109375000000e+01
1.700561523437500000e+01
1.700585937500000000e+01
1.700610351562500000e+01
1.700634765625000000e+01
1.700659179687500000e+01
1.700683593750000000e+01
1.700708007812500000e+01
1.700732421875000000e+01
1.700756835937500000e+01
1.700781250000000000e+01
1.700805664062500000e+01
1.700830078125000000e+01
1.700854492187500000e+01
1.700878906250000000e+01
1.700903320312500000e+01
1.700927734375000000e+01
1.700952148437500000e+01
1.700976562500000000e+01
1.701000976562500000e+01
1.701025390625000000e+01
1.701049804687500000e+01
1.701074218750000000e+01
1.701098632812500000e+01
1.701123046875000000e+01
1.701147460937500000e+01
1.701171875000000000e+01
1.701196289062500000e+01
1.701220703125000000e+01
1.701245117187500000e+01
1.701269531250000000e+01
1.701293945312500000e+01
1.701318359375000000e+01
1.701342773437500000e+01
1.701367187500000000e+01
1.701391601562500000e+01
1.701416015625000000e+01
1.701440429687500000e+01
1.701464843750000000e+01
1.701489257812500000e+01
1.701513671875000000e+01
1.701538085937500000e+01
1.701562500000000000e+01
1.701586914062500000e+01
1.701611328125000000e+01
1.701635742187500000e+01
1.701660156250000000e+01
1.701684570312500000e+01
1.701708984375000000e+01
1.701733398437500000e+01
1.701757812500000000e+01
1.701782226562500000e+01
1.701806640625000000e+01
1.701831054687500000e+01
1.701855468750000000e+01
1.701879882812500000e+01
1.701904296875000000e+01
1.701928710937500000e+01
1.701953125000000000e+01
1.701977539062500000e+01
1.702001953125000000e+01
1.702026367187500000e+01
1.702050781250000000e+01
1.702075195312500000e+01
1.702099609375000000e+01
1.702124023437500000e+01
1.702148437500000000e+01
1.702172851562500000e+01
1.702197265625000000e+01
1.702221679687500000e+01
1.702246093750000000e+01
1.702270507812500000e+01
1.702294921875000000e+01
1.702319335937500000e+01
1.702343750000000000e+01
1.702368164062500000e+01
1.702392578125000000e+01
1.702416992187500000e+01
1.702441406250000000e+01
1.702465820312500000e+01
1.702490234375000000e+01
1.702514648437500000e+01
1.702539062500000000e+01
1.702563476562500000e+01
1.702587890625000000e+01
1.702612304687500000e+01
1.702636718750000000e+01
1.702661132812500000e+01
1.702685546875000000e+01
1.702709960937500000e+01
1.702734375000000000e+01
1.702758789062500000e+01
1.702783203125000000e+01
1.702807617187500000e+01
1.702832031250000000e+01
1.702856445312500000e+01
1.702880859375000000e+01
1.702905273437500000e+01
1.702929687500000000e+01
1.702954101562500000e+01
1.702978515625000000e+01
1.703002929687500000e+01
1.703027343750000000e+01
1.703051757812500000e+01
1.703076171875000000e+01
1.703100585937500000e+01
1.703125000000000000e+01
1.703149414062500000e+01
1.703173828125000000e+01
1.703198242187500000e+01
1.703222656250000000e+01
1.703247070312500000e+01
1.703271484375000000e+01
1.703295898437500000e+01
1.703320312500000000e+01
1.703344726562500000e+01
1.703369140625000000e+01
1.703393554687500000e+01
1.703417968750000000e+01
1.703442382812500000e+01
1.703466796875000000e+01
1.703491210937500000e+01
1.703515625000000000e+01
1.703540039062500000e+01
1.703564453125000000e+01
1.703588867187500000e+01
1.703613281250000000e+01
1.703637695312500000e+01
1.703662109375000000e+01
1.703686523437500000e+01
1.703710937500000000e+01
1.703735351562500000e+01
1.703759765625000000e+01
1.703784179687500000e+01
1.703808593750000000e+01
1.703833007812500000e+01
1.703857421875000000e+01
1.703881835937500000e+01
1.703906250000000000e+01
1.703930664062500000e+01
1.703955078125000000e+01
1.703979492187500000e+01
1.704003906250000000e+01
1.704028320312500000e+01
1.704052734375000000e+01
1.704077148437500000e+01
1.704101562500000000e+01
1.704125976562500000e+01
1.704150390625000000e+01
1.704174804687500000e+01
1.704199218750000000e+01
1.704223632812500000e+01
1.704248046875000000e+01
1.704272460937500000e+01
1.704296875000000000e+01
1.704321289062500000e+01
1.704345703125000000e+01
1.704370117187500000e+01
1.704394531250000000e+01
1.704418945312500000e+01
1.704443359375000000e+01
1.704467773437500000e+01
1.704492187500000000e+01
1.704516601562500000e+01
1.704541015625000000e+01
1.704565429687500000e+01
1.704589843750000000e+01
1.704614257812500000e+01
1.704638671875000000e+01
1.704663085937500000e+01
1.704687500000000000e+01
1.704711914062500000e+01
1.704736328125000000e+01
1.704760742187500000e+01
1.704785156250000000e+01
1.704809570312500000e+01
1.704833984375000000e+01
1.704858398437500000e+01
1.704882812500000000e+01
1.704907226562500000e+01
1.704931640625000000e+01
1.704956054687500000e+01
1.704980468750000000e+01
1.705004882812500000e+01
1.705029296875000000e+01
1.705053710937500000e+01
1.705078125000000000e+01
1.705102539062500000e+01
1.705126953125000000e+01
1.705151367187500000e+01
1.705175781250000000e+01
1.705200195312500000e+01
1.705224609375000000e+01
1.705249023437500000e+01
1.705273437500000000e+01
1.705297851562500000e+01
1.705322265625000000e+01
1.705346679687500000e+01
1.705371093750000000e+01
1.705395507812500000e+01
1.705419921875000000e+01
1.705444335937500000e+01
1.705468750000000000e+01
1.705493164062500000e+01
1.705517578125000000e+01
1.705541992187500000e+01
1.705566406250000000e+01
1.705590820312500000e+01
1.705615234375000000e+01
1.705639648437500000e+01
1.705664062500000000e+01
1.705688476562500000e+01
1.705712890625000000e+01
1.705737304687500000e+01
1.705761718750000000e+01
1.705786132812500000e+01
1.705810546875000000e+01
1.705834960937500000e+01
1.705859375000000000e+01
1.705883789062500000e+01
1.705908203125000000e+01
1.705932617187500000e+01
1.705957031250000000e+01
1.705981445312500000e+01
1.706005859375000000e+01
1.706030273437500000e+01
1.706054687500000000e+01
1.706079101562500000e+01
1.706103515625000000e+01
1.706127929687500000e+01
1.706152343750000000e+01
1.706176757812500000e+01
1.706201171875000000e+01
1.706225585937500000e+01
1.706250000000000000e+01
1.706274414062500000e+01
1.706298828125000000e+01
1.706323242187500000e+01
1.706347656250000000e+01
1.706372070312500000e+01
1.706396484375000000e+01
1.706420898437500000e+01
1.706445312500000000e+01
1.706469726562500000e+01
1.706494140625000000e+01
1.706518554687500000e+01
1.706542968750000000e+01
1.706567382812500000e+01
1.706591796875000000e+01
1.706616210937500000e+01
1.706640625000000000e+01
1.706665039062500000e+01
1.706689453125000000e+01
1.706713867187500000e+01
1.706738281250000000e+01
1.706762695312500000e+01
1.706787109375000000e+01
1.706811523437500000e+01
1.706835937500000000e+01
1.706860351562500000e+01
1.706884765625000000e+01
1.706909179687500000e+01
1.706933593750000000e+01
1.706958007812500000e+01
1.706982421875000000e+01
1.707006835937500000e+01
1.707031250000000000e+01
1.707055664062500000e+01
1.707080078125000000e+01
1.707104492187500000e+01
1.707128906250000000e+01
1.707153320312500000e+01
1.707177734375000000e+01
1.707202148437500000e+01
1.707226562500000000e+01
1.707250976562500000e+01
1.707275390625000000e+01
1.707299804687500000e+01
1.707324218750000000e+01
1.707348632812500000e+01
1.707373046875000000e+01
1.707397460937500000e+01
1.707421875000000000e+01
1.707446289062500000e+01
1.707470703125000000e+01
1.707495117187500000e+01
1.707519531250000000e+01
1.707543945312500000e+01
1.707568359375000000e+01
1.707592773437500000e+01
1.707617187500000000e+01
1.707641601562500000e+01
1.707666015625000000e+01
1.707690429687500000e+01
1.707714843750000000e+01
1.707739257812500000e+01
1.707763671875000000e+01
1.707788085937500000e+01
1.707812500000000000e+01
1.707836914062500000e+01
1.707861328125000000e+01
1.707885742187500000e+01
1.707910156250000000e+01
1.707934570312500000e+01
1.707958984375000000e+01
1.707983398437500000e+01
1.708007812500000000e+01
1.708032226562500000e+01
1.708056640625000000e+01
1.708081054687500000e+01
1.708105468750000000e+01
1.708129882812500000e+01
1.708154296875000000e+01
1.708178710937500000e+01
1.708203125000000000e+01
1.708227539062500000e+01
1.708251953125000000e+01
1.708276367187500000e+01
1.708300781250000000e+01
1.708325195312500000e+01
1.708349609375000000e+01
1.708374023437500000e+01
1.708398437500000000e+01
1.708422851562500000e+01
1.708447265625000000e+01
1.708471679687500000e+01
1.708496093750000000e+01
1.708520507812500000e+01
1.708544921875000000e+01
1.708569335937500000e+01
1.708593750000000000e+01
1.708618164062500000e+01
1.708642578125000000e+01
1.708666992187500000e+01
1.708691406250000000e+01
1.708715820312500000e+01
1.708740234375000000e+01
1.708764648437500000e+01
1.708789062500000000e+01
1.708813476562500000e+01
1.708837890625000000e+01
1.708862304687500000e+01
1.708886718750000000e+01
1.708911132812500000e+01
1.708935546875000000e+01
1.708959960937500000e+01
1.708984375000000000e+01
1.709008789062500000e+01
1.709033203125000000e+01
1.709057617187500000e+01
1.709082031250000000e+01
1.709106445312500000e+01
1.709130859375000000e+01
1.709155273437500000e+01
1.709179687500000000e+01
1.709204101562500000e+01
1.709228515625000000e+01
1.709252929687500000e+01
1.709277343750000000e+01
1.709301757812500000e+01
1.709326171875000000e+01
1.709350585937500000e+01
1.709375000000000000e+01
1.709399414062500000e+01
1.709423828125000000e+01
1.709448242187500000e+01
1.709472656250000000e+01
1.709497070312500000e+01
1.709521484375000000e+01
1.709545898437500000e+01
1.709570312500000000e+01
1.709594726562500000e+01
1.709619140625000000e+01
1.709643554687500000e+01
1.709667968750000000e+01
1.709692382812500000e+01
1.709716796875000000e+01
1.709741210937500000e+01
1.709765625000000000e+01
1.709790039062500000e+01
1.709814453125000000e+01
1.709838867187500000e+01
1.709863281250000000e+01
1.709887695312500000e+01
1.709912109375000000e+01
1.709936523437500000e+01
1.709960937500000000e+01
1.709985351562500000e+01
1.710009765625000000e+01
1.710034179687500000e+01
1.710058593750000000e+01
1.710083007812500000e+01
1.710107421875000000e+01
1.710131835937500000e+01
1.710156250000000000e+01
1.710180664062500000e+01
1.710205078125000000e+01
1.710229492187500000e+01
1.710253906250000000e+01
1.710278320312500000e+01
1.710302734375000000e+01
1.710327148437500000e+01
1.710351562500000000e+01
1.710375976562500000e+01
1.710400390625000000e+01
1.710424804687500000e+01
1.710449218750000000e+01
1.710473632812500000e+01
1.710498046875000000e+01
1.710522460937500000e+01
1.710546875000000000e+01
1.710571289062500000e+01
1.710595703125000000e+01
1.710620117187500000e+01
1.710644531250000000e+01
1.710668945312500000e+01
1.710693359375000000e+01
1.710717773437500000e+01
1.710742187500000000e+01
1.710766601562500000e+01
1.710791015625000000e+01
1.710815429687500000e+01
1.710839843750000000e+01
1.710864257812500000e+01
1.710888671875000000e+01
1.710913085937500000e+01
1.710937500000000000e+01
1.710961914062500000e+01
1.710986328125000000e+01
1.711010742187500000e+01
1.711035156250000000e+01
1.711059570312500000e+01
1.711083984375000000e+01
1.711108398437500000e+01
1.711132812500000000e+01
1.711157226562500000e+01
1.711181640625000000e+01
1.711206054687500000e+01
1.711230468750000000e+01
1.711254882812500000e+01
1.711279296875000000e+01
1.711303710937500000e+01
1.711328125000000000e+01
1.711352539062500000e+01
1.711376953125000000e+01
1.711401367187500000e+01
1.711425781250000000e+01
1.711450195312500000e+01
1.711474609375000000e+01
1.711499023437500000e+01
1.711523437500000000e+01
1.711547851562500000e+01
1.711572265625000000e+01
1.711596679687500000e+01
1.711621093750000000e+01
1.711645507812500000e+01
1.711669921875000000e+01
1.711694335937500000e+01
1.711718750000000000e+01
1.711743164062500000e+01
1.711767578125000000e+01
1.711791992187500000e+01
1.711816406250000000e+01
1.711840820312500000e+01
1.711865234375000000e+01
1.711889648437500000e+01
1.711914062500000000e+01
1.711938476562500000e+01
1.711962890625000000e+01
1.711987304687500000e+01
1.712011718750000000e+01
1.712036132812500000e+01
1.712060546875000000e+01
1.712084960937500000e+01
1.712109375000000000e+01
1.712133789062500000e+01
1.712158203125000000e+01
1.712182617187500000e+01
1.712207031250000000e+01
1.712231445312500000e+01
1.712255859375000000e+01
1.712280273437500000e+01
1.712304687500000000e+01
1.712329101562500000e+01
1.712353515625000000e+01
1.712377929687500000e+01
1.712402343750000000e+01
1.712426757812500000e+01
1.712451171875000000e+01
1.712475585937500000e+01
1.712500000000000000e+01
1.712524414062500000e+01
1.712548828125000000e+01
1.712573242187500000e+01
1.712597656250000000e+01
1.712622070312500000e+01
1.712646484375000000e+01
1.712670898437500000e+01
1.712695312500000000e+01
1.712719726562500000e+01
1.712744140625000000e+01
1.712768554687500000e+01
1.712792968750000000e+01
1.712817382812500000e+01
1.712841796875000000e+01
1.712866210937500000e+01
1.712890625000000000e+01
1.712915039062500000e+01
1.712939453125000000e+01
1.712963867187500000e+01
1.712988281250000000e+01
1.713012695312500000e+01
1.713037109375000000e+01
1.713061523437500000e+01
1.713085937500000000e+01
1.713110351562500000e+01
1.713134765625000000e+01
1.713159179687500000e+01
1.713183593750000000e+01
1.713208007812500000e+01
1.713232421875000000e+01
1.713256835937500000e+01
1.713281250000000000e+01
1.713305664062500000e+01
1.713330078125000000e+01
1.713354492187500000e+01
1.713378906250000000e+01
1.713403320312500000e+01
1.713427734375000000e+01
1.713452148437500000e+01
1.713476562500000000e+01
1.713500976562500000e+01
1.713525390625000000e+01
1.713549804687500000e+01
1.713574218750000000e+01
1.713598632812500000e+01
1.713623046875000000e+01
1.713647460937500000e+01
1.713671875000000000e+01
1.713696289062500000e+01
1.713720703125000000e+01
1.713745117187500000e+01
1.713769531250000000e+01
1.713793945312500000e+01
1.713818359375000000e+01
1.713842773437500000e+01
1.713867187500000000e+01
1.713891601562500000e+01
1.713916015625000000e+01
1.713940429687500000e+01
1.713964843750000000e+01
1.713989257812500000e+01
1.714013671875000000e+01
1.714038085937500000e+01
1.714062500000000000e+01
1.714086914062500000e+01
1.714111328125000000e+01
1.714135742187500000e+01
1.714160156250000000e+01
1.714184570312500000e+01
1.714208984375000000e+01
1.714233398437500000e+01
1.714257812500000000e+01
1.714282226562500000e+01
1.714306640625000000e+01
1.714331054687500000e+01
1.714355468750000000e+01
1.714379882812500000e+01
1.714404296875000000e+01
1.714428710937500000e+01
1.714453125000000000e+01
1.714477539062500000e+01
1.714501953125000000e+01
1.714526367187500000e+01
1.714550781250000000e+01
1.714575195312500000e+01
1.714599609375000000e+01
1.714624023437500000e+01
1.714648437500000000e+01
1.714672851562500000e+01
1.714697265625000000e+01
1.714721679687500000e+01
1.714746093750000000e+01
1.714770507812500000e+01
1.714794921875000000e+01
1.714819335937500000e+01
1.714843750000000000e+01
1.714868164062500000e+01
1.714892578125000000e+01
1.714916992187500000e+01
1.714941406250000000e+01
1.714965820312500000e+01
1.714990234375000000e+01
1.715014648437500000e+01
1.715039062500000000e+01
1.715063476562500000e+01
1.715087890625000000e+01
1.715112304687500000e+01
1.715136718750000000e+01
1.715161132812500000e+01
1.715185546875000000e+01
1.715209960937500000e+01
1.715234375000000000e+01
1.715258789062500000e+01
1.715283203125000000e+01
1.715307617187500000e+01
1.715332031250000000e+01
1.715356445312500000e+01
1.715380859375000000e+01
1.715405273437500000e+01
1.715429687500000000e+01
1.715454101562500000e+01
1.715478515625000000e+01
1.715502929687500000e+01
1.715527343750000000e+01
1.715551757812500000e+01
1.715576171875000000e+01
1.715600585937500000e+01
1.715625000000000000e+01
1.715649414062500000e+01
1.715673828125000000e+01
1.715698242187500000e+01
1.715722656250000000e+01
1.715747070312500000e+01
1.715771484375000000e+01
1.715795898437500000e+01
1.715820312500000000e+01
1.715844726562500000e+01
1.715869140625000000e+01
1.715893554687500000e+01
1.715917968750000000e+01
1.715942382812500000e+01
1.715966796875000000e+01
1.715991210937500000e+01
1.716015625000000000e+01
1.716040039062500000e+01
1.716064453125000000e+01
1.716088867187500000e+01
1.716113281250000000e+01
1.716137695312500000e+01
1.716162109375000000e+01
1.716186523437500000e+01
1.716210937500000000e+01
1.716235351562500000e+01
1.716259765625000000e+01
1.716284179687500000e+01
1.716308593750000000e+01
1.716333007812500000e+01
1.716357421875000000e+01
1.716381835937500000e+01
1.716406250000000000e+01
1.716430664062500000e+01
1.716455078125000000e+01
1.716479492187500000e+01
1.716503906250000000e+01
1.716528320312500000e+01
1.716552734375000000e+01
1.716577148437500000e+01
1.716601562500000000e+01
1.716625976562500000e+01
1.716650390625000000e+01
1.716674804687500000e+01
1.716699218750000000e+01
1.716723632812500000e+01
1.716748046875000000e+01
1.716772460937500000e+01
1.716796875000000000e+01
1.716821289062500000e+01
1.716845703125000000e+01
1.716870117187500000e+01
1.716894531250000000e+01
1.716918945312500000e+01
1.716943359375000000e+01
1.716967773437500000e+01
1.716992187500000000e+01
1.717016601562500000e+01
1.717041015625000000e+01
1.717065429687500000e+01
1.717089843750000000e+01
1.717114257812500000e+01
1.717138671875000000e+01
1.717163085937500000e+01
1.717187500000000000e+01
1.717211914062500000e+01
1.717236328125000000e+01
1.717260742187500000e+01
1.717285156250000000e+01
1.717309570312500000e+01
1.717333984375000000e+01
1.717358398437500000e+01
1.717382812500000000e+01
1.717407226562500000e+01
1.717431640625000000e+01
1.717456054687500000e+01
1.717480468750000000e+01
1.717504882812500000e+01
1.717529296875000000e+01
1.717553710937500000e+01
1.717578125000000000e+01
1.717602539062500000e+01
1.717626953125000000e+01
1.717651367187500000e+01
1.717675781250000000e+01
1.717700195312500000e+01
1.717724609375000000e+01
1.717749023437500000e+01
1.717773437500000000e+01
1.717797851562500000e+01
1.717822265625000000e+01
1.717846679687500000e+01
1.717871093750000000e+01
1.717895507812500000e+01
1.717919921875000000e+01
1.717944335937500000e+01
1.717968750000000000e+01
1.717993164062500000e+01
1.718017578125000000e+01
1.718041992187500000e+01
1.718066406250000000e+01
1.718090820312500000e+01
1.718115234375000000e+01
1.718139648437500000e+01
1.718164062500000000e+01
1.718188476562500000e+01
1.718212890625000000e+01
1.718237304687500000e+01
1.718261718750000000e+01
1.718286132812500000e+01
1.718310546875000000e+01
1.718334960937500000e+01
1.718359375000000000e+01
1.718383789062500000e+01
1.718408203125000000e+01
1.718432617187500000e+01
1.718457031250000000e+01
1.718481445312500000e+01
1.718505859375000000e+01
1.718530273437500000e+01
1.718554687500000000e+01
1.718579101562500000e+01
1.718603515625000000e+01
1.718627929687500000e+01
1.718652343750000000e+01
1.718676757812500000e+01
1.718701171875000000e+01
1.718725585937500000e+01
1.718750000000000000e+01
1.718774414062500000e+01
1.718798828125000000e+01
1.718823242187500000e+01
1.718847656250000000e+01
1.718872070312500000e+01
1.718896484375000000e+01
1.718920898437500000e+01
1.718945312500000000e+01
1.718969726562500000e+01
1.718994140625000000e+01
1.719018554687500000e+01
1.719042968750000000e+01
1.719067382812500000e+01
1.719091796875000000e+01
1.719116210937500000e+01
1.719140625000000000e+01
1.719165039062500000e+01
1.719189453125000000e+01
1.719213867187500000e+01
1.719238281250000000e+01
1.719262695312500000e+01
1.719287109375000000e+01
1.719311523437500000e+01
1.719335937500000000e+01
1.719360351562500000e+01
1.719384765625000000e+01
1.719409179687500000e+01
1.719433593750000000e+01
1.719458007812500000e+01
1.719482421875000000e+01
1.719506835937500000e+01
1.719531250000000000e+01
1.719555664062500000e+01
1.719580078125000000e+01
1.719604492187500000e+01
1.719628906250000000e+01
1.719653320312500000e+01
1.719677734375000000e+01
1.719702148437500000e+01
1.719726562500000000e+01
1.719750976562500000e+01
1.719775390625000000e+01
1.719799804687500000e+01
1.719824218750000000e+01
1.719848632812500000e+01
1.719873046875000000e+01
1.719897460937500000e+01
1.719921875000000000e+01
1.719946289062500000e+01
1.719970703125000000e+01
1.719995117187500000e+01
1.720019531250000000e+01
1.720043945312500000e+01
1.720068359375000000e+01
1.720092773437500000e+01
1.720117187500000000e+01
1.720141601562500000e+01
1.720166015625000000e+01
1.720190429687500000e+01
1.720214843750000000e+01
1.720239257812500000e+01
1.720263671875000000e+01
1.720288085937500000e+01
1.720312500000000000e+01
1.720336914062500000e+01
1.720361328125000000e+01
1.720385742187500000e+01
1.720410156250000000e+01
1.720434570312500000e+01
1.720458984375000000e+01
1.720483398437500000e+01
1.720507812500000000e+01
1.720532226562500000e+01
1.720556640625000000e+01
1.720581054687500000e+01
1.720605468750000000e+01
1.720629882812500000e+01
1.720654296875000000e+01
1.720678710937500000e+01
1.720703125000000000e+01
1.720727539062500000e+01
1.720751953125000000e+01
1.720776367187500000e+01
1.720800781250000000e+01
1.720825195312500000e+01
1.720849609375000000e+01
1.720874023437500000e+01
1.720898437500000000e+01
1.720922851562500000e+01
1.720947265625000000e+01
1.720971679687500000e+01
1.720996093750000000e+01
1.721020507812500000e+01
1.721044921875000000e+01
1.721069335937500000e+01
1.721093750000000000e+01
1.721118164062500000e+01
1.721142578125000000e+01
1.721166992187500000e+01
1.721191406250000000e+01
1.721215820312500000e+01
1.721240234375000000e+01
1.721264648437500000e+01
1.721289062500000000e+01
1.721313476562500000e+01
1.721337890625000000e+01
1.721362304687500000e+01
1.721386718750000000e+01
1.721411132812500000e+01
1.721435546875000000e+01
1.721459960937500000e+01
1.721484375000000000e+01
1.721508789062500000e+01
1.721533203125000000e+01
1.721557617187500000e+01
1.721582031250000000e+01
1.721606445312500000e+01
1.721630859375000000e+01
1.721655273437500000e+01
1.721679687500000000e+01
1.721704101562500000e+01
1.721728515625000000e+01
1.721752929687500000e+01
1.721777343750000000e+01
1.721801757812500000e+01
1.721826171875000000e+01
1.721850585937500000e+01
1.721875000000000000e+01
1.721899414062500000e+01
1.721923828125000000e+01
1.721948242187500000e+01
1.721972656250000000e+01
1.721997070312500000e+01
1.722021484375000000e+01
1.722045898437500000e+01
1.722070312500000000e+01
1.722094726562500000e+01
1.722119140625000000e+01
1.722143554687500000e+01
1.722167968750000000e+01
1.722192382812500000e+01
1.722216796875000000e+01
1.722241210937500000e+01
1.722265625000000000e+01
1.722290039062500000e+01
1.722314453125000000e+01
1.722338867187500000e+01
1.722363281250000000e+01
1.722387695312500000e+01
1.722412109375000000e+01
1.722436523437500000e+01
1.722460937500000000e+01
1.722485351562500000e+01
1.722509765625000000e+01
1.722534179687500000e+01
1.722558593750000000e+01
1.722583007812500000e+01
1.722607421875000000e+01
1.722631835937500000e+01
1.722656250000000000e+01
1.722680664062500000e+01
1.722705078125000000e+01
1.722729492187500000e+01
1.722753906250000000e+01
1.722778320312500000e+01
1.722802734375000000e+01
1.722827148437500000e+01
1.722851562500000000e+01
1.722875976562500000e+01
1.722900390625000000e+01
1.722924804687500000e+01
1.722949218750000000e+01
1.722973632812500000e+01
1.722998046875000000e+01
1.723022460937500000e+01
1.723046875000000000e+01
1.723071289062500000e+01
1.723095703125000000e+01
1.723120117187500000e+01
1.723144531250000000e+01
1.723168945312500000e+01
1.723193359375000000e+01
1.723217773437500000e+01
1.723242187500000000e+01
1.723266601562500000e+01
1.723291015625000000e+01
1.723315429687500000e+01
1.723339843750000000e+01
1.723364257812500000e+01
1.723388671875000000e+01
1.723413085937500000e+01
1.723437500000000000e+01
1.723461914062500000e+01
1.723486328125000000e+01
1.723510742187500000e+01
1.723535156250000000e+01
1.723559570312500000e+01
1.723583984375000000e+01
1.723608398437500000e+01
1.723632812500000000e+01
1.723657226562500000e+01
1.723681640625000000e+01
1.723706054687500000e+01
1.723730468750000000e+01
1.723754882812500000e+01
1.723779296875000000e+01
1.723803710937500000e+01
1.723828125000000000e+01
1.723852539062500000e+01
1.723876953125000000e+01
1.723901367187500000e+01
1.723925781250000000e+01
1.723950195312500000e+01
1.723974609375000000e+01
1.723999023437500000e+01
1.724023437500000000e+01
1.724047851562500000e+01
1.724072265625000000e+01
1.724096679687500000e+01
1.724121093750000000e+01
1.724145507812500000e+01
1.724169921875000000e+01
1.724194335937500000e+01
1.724218750000000000e+01
1.724243164062500000e+01
1.724267578125000000e+01
1.724291992187500000e+01
1.724316406250000000e+01
1.724340820312500000e+01
1.724365234375000000e+01
1.724389648437500000e+01
1.724414062500000000e+01
1.724438476562500000e+01
1.724462890625000000e+01
1.724487304687500000e+01
1.724511718750000000e+01
1.724536132812500000e+01
1.724560546875000000e+01
1.724584960937500000e+01
1.724609375000000000e+01
1.724633789062500000e+01
1.724658203125000000e+01
1.724682617187500000e+01
1.724707031250000000e+01
1.724731445312500000e+01
1.724755859375000000e+01
1.724780273437500000e+01
1.724804687500000000e+01
1.724829101562500000e+01
1.724853515625000000e+01
1.724877929687500000e+01
1.724902343750000000e+01
1.724926757812500000e+01
1.724951171875000000e+01
1.724975585937500000e+01
1.725000000000000000e+01
1.725024414062500000e+01
1.725048828125000000e+01
1.725073242187500000e+01
1.725097656250000000e+01
1.725122070312500000e+01
1.725146484375000000e+01
1.725170898437500000e+01
1.725195312500000000e+01
1.725219726562500000e+01
1.725244140625000000e+01
1.725268554687500000e+01
1.725292968750000000e+01
1.725317382812500000e+01
1.725341796875000000e+01
1.725366210937500000e+01
1.725390625000000000e+01
1.725415039062500000e+01
1.725439453125000000e+01
1.725463867187500000e+01
1.725488281250000000e+01
1.725512695312500000e+01
1.725537109375000000e+01
1.725561523437500000e+01
1.725585937500000000e+01
1.725610351562500000e+01
1.725634765625000000e+01
1.725659179687500000e+01
1.725683593750000000e+01
1.725708007812500000e+01
1.725732421875000000e+01
1.725756835937500000e+01
1.725781250000000000e+01
1.725805664062500000e+01
1.725830078125000000e+01
1.725854492187500000e+01
1.725878906250000000e+01
1.725903320312500000e+01
1.725927734375000000e+01
1.725952148437500000e+01
1.725976562500000000e+01
1.726000976562500000e+01
1.726025390625000000e+01
1.726049804687500000e+01
1.726074218750000000e+01
1.726098632812500000e+01
1.726123046875000000e+01
1.726147460937500000e+01
1.726171875000000000e+01
1.726196289062500000e+01
1.726220703125000000e+01
1.726245117187500000e+01
1.726269531250000000e+01
1.726293945312500000e+01
1.726318359375000000e+01
1.726342773437500000e+01
1.726367187500000000e+01
1.726391601562500000e+01
1.726416015625000000e+01
1.726440429687500000e+01
1.726464843750000000e+01
1.726489257812500000e+01
1.726513671875000000e+01
1.726538085937500000e+01
1.726562500000000000e+01
1.726586914062500000e+01
1.726611328125000000e+01
1.726635742187500000e+01
1.726660156250000000e+01
1.726684570312500000e+01
1.726708984375000000e+01
1.726733398437500000e+01
1.726757812500000000e+01
1.726782226562500000e+01
1.726806640625000000e+01
1.726831054687500000e+01
1.726855468750000000e+01
1.726879882812500000e+01
1.726904296875000000e+01
1.726928710937500000e+01
1.726953125000000000e+01
1.726977539062500000e+01
1.727001953125000000e+01
1.727026367187500000e+01
1.727050781250000000e+01
1.727075195312500000e+01
1.727099609375000000e+01
1.727124023437500000e+01
1.727148437500000000e+01
1.727172851562500000e+01
1.727197265625000000e+01
1.727221679687500000e+01
1.727246093750000000e+01
1.727270507812500000e+01
1.727294921875000000e+01
1.727319335937500000e+01
1.727343750000000000e+01
1.727368164062500000e+01
1.727392578125000000e+01
1.727416992187500000e+01
1.727441406250000000e+01
1.727465820312500000e+01
1.727490234375000000e+01
1.727514648437500000e+01
1.727539062500000000e+01
1.727563476562500000e+01
1.727587890625000000e+01
1.727612304687500000e+01
1.727636718750000000e+01
1.727661132812500000e+01
1.727685546875000000e+01
1.727709960937500000e+01
1.727734375000000000e+01
1.727758789062500000e+01
1.727783203125000000e+01
1.727807617187500000e+01
1.727832031250000000e+01
1.727856445312500000e+01
1.727880859375000000e+01
1.727905273437500000e+01
1.727929687500000000e+01
1.727954101562500000e+01
1.727978515625000000e+01
1.728002929687500000e+01
1.728027343750000000e+01
1.728051757812500000e+01
1.728076171875000000e+01
1.728100585937500000e+01
1.728125000000000000e+01
1.728149414062500000e+01
1.728173828125000000e+01
1.728198242187500000e+01
1.728222656250000000e+01
1.728247070312500000e+01
1.728271484375000000e+01
1.728295898437500000e+01
1.728320312500000000e+01
1.728344726562500000e+01
1.728369140625000000e+01
1.728393554687500000e+01
1.728417968750000000e+01
1.728442382812500000e+01
1.728466796875000000e+01
1.728491210937500000e+01
1.728515625000000000e+01
1.728540039062500000e+01
1.728564453125000000e+01
1.728588867187500000e+01
1.728613281250000000e+01
1.728637695312500000e+01
1.728662109375000000e+01
1.728686523437500000e+01
1.728710937500000000e+01
1.728735351562500000e+01
1.728759765625000000e+01
1.728784179687500000e+01
1.728808593750000000e+01
1.728833007812500000e+01
1.728857421875000000e+01
1.728881835937500000e+01
1.728906250000000000e+01
1.728930664062500000e+01
1.728955078125000000e+01
1.728979492187500000e+01
1.729003906250000000e+01
1.729028320312500000e+01
1.729052734375000000e+01
1.729077148437500000e+01
1.729101562500000000e+01
1.729125976562500000e+01
1.729150390625000000e+01
1.729174804687500000e+01
1.729199218750000000e+01
1.729223632812500000e+01
1.729248046875000000e+01
1.729272460937500000e+01
1.729296875000000000e+01
1.729321289062500000e+01
1.729345703125000000e+01
1.729370117187500000e+01
1.729394531250000000e+01
1.729418945312500000e+01
1.729443359375000000e+01
1.729467773437500000e+01
1.729492187500000000e+01
1.729516601562500000e+01
1.729541015625000000e+01
1.729565429687500000e+01
1.729589843750000000e+01
1.729614257812500000e+01
1.729638671875000000e+01
1.729663085937500000e+01
1.729687500000000000e+01
1.729711914062500000e+01
1.729736328125000000e+01
1.729760742187500000e+01
1.729785156250000000e+01
1.729809570312500000e+01
1.729833984375000000e+01
1.729858398437500000e+01
1.729882812500000000e+01
1.729907226562500000e+01
1.729931640625000000e+01
1.729956054687500000e+01
1.729980468750000000e+01
1.730004882812500000e+01
1.730029296875000000e+01
1.730053710937500000e+01
1.730078125000000000e+01
1.730102539062500000e+01
1.730126953125000000e+01
1.730151367187500000e+01
1.730175781250000000e+01
1.730200195312500000e+01
1.730224609375000000e+01
1.730249023437500000e+01
1.730273437500000000e+01
1.730297851562500000e+01
1.730322265625000000e+01
1.730346679687500000e+01
1.730371093750000000e+01
1.730395507812500000e+01
1.730419921875000000e+01
1.730444335937500000e+01
1.730468750000000000e+01
1.730493164062500000e+01
1.730517578125000000e+01
1.730541992187500000e+01
1.730566406250000000e+01
1.730590820312500000e+01
1.730615234375000000e+01
1.730639648437500000e+01
1.730664062500000000e+01
1.730688476562500000e+01
1.730712890625000000e+01
1.730737304687500000e+01
1.730761718750000000e+01
1.730786132812500000e+01
1.730810546875000000e+01
1.730834960937500000e+01
1.730859375000000000e+01
1.730883789062500000e+01
1.730908203125000000e+01
1.730932617187500000e+01
1.730957031250000000e+01
1.730981445312500000e+01
1.731005859375000000e+01
1.731030273437500000e+01
1.731054687500000000e+01
1.731079101562500000e+01
1.731103515625000000e+01
1.731127929687500000e+01
1.731152343750000000e+01
1.731176757812500000e+01
1.731201171875000000e+01
1.731225585937500000e+01
1.731250000000000000e+01
1.731274414062500000e+01
1.731298828125000000e+01
1.731323242187500000e+01
1.731347656250000000e+01
1.731372070312500000e+01
1.731396484375000000e+01
1.731420898437500000e+01
1.731445312500000000e+01
1.731469726562500000e+01
1.731494140625000000e+01
1.731518554687500000e+01
1.731542968750000000e+01
1.731567382812500000e+01
1.731591796875000000e+01
1.731616210937500000e+01
1.731640625000000000e+01
1.731665039062500000e+01
1.731689453125000000e+01
1.731713867187500000e+01
1.731738281250000000e+01
1.731762695312500000e+01
1.731787109375000000e+01
1.731811523437500000e+01
1.731835937500000000e+01
1.731860351562500000e+01
1.731884765625000000e+01
1.731909179687500000e+01
1.731933593750000000e+01
1.731958007812500000e+01
1.731982421875000000e+01
1.732006835937500000e+01
1.732031250000000000e+01
1.732055664062500000e+01
1.732080078125000000e+01
1.732104492187500000e+01
1.732128906250000000e+01
1.732153320312500000e+01
1.732177734375000000e+01
1.732202148437500000e+01
1.732226562500000000e+01
1.732250976562500000e+01
1.732275390625000000e+01
1.732299804687500000e+01
1.732324218750000000e+01
1.732348632812500000e+01
1.732373046875000000e+01
1.732397460937500000e+01
1.732421875000000000e+01
1.732446289062500000e+01
1.732470703125000000e+01
1.732495117187500000e+01
1.732519531250000000e+01
1.732543945312500000e+01
1.732568359375000000e+01
1.732592773437500000e+01
1.732617187500000000e+01
1.732641601562500000e+01
1.732666015625000000e+01
1.732690429687500000e+01
1.732714843750000000e+01
1.732739257812500000e+01
1.732763671875000000e+01
1.732788085937500000e+01
1.732812500000000000e+01
1.732836914062500000e+01
1.732861328125000000e+01
1.732885742187500000e+01
1.732910156250000000e+01
1.732934570312500000e+01
1.732958984375000000e+01
1.732983398437500000e+01
1.733007812500000000e+01
1.733032226562500000e+01
1.733056640625000000e+01
1.733081054687500000e+01
1.733105468750000000e+01
1.733129882812500000e+01
1.733154296875000000e+01
1.733178710937500000e+01
1.733203125000000000e+01
1.733227539062500000e+01
1.733251953125000000e+01
1.733276367187500000e+01
1.733300781250000000e+01
1.733325195312500000e+01
1.733349609375000000e+01
1.733374023437500000e+01
1.733398437500000000e+01
1.733422851562500000e+01
1.733447265625000000e+01
1.733471679687500000e+01
1.733496093750000000e+01
1.733520507812500000e+01
1.733544921875000000e+01
1.733569335937500000e+01
1.733593750000000000e+01
1.733618164062500000e+01
1.733642578125000000e+01
1.733666992187500000e+01
1.733691406250000000e+01
1.733715820312500000e+01
1.733740234375000000e+01
1.733764648437500000e+01
1.733789062500000000e+01
1.733813476562500000e+01
1.733837890625000000e+01
1.733862304687500000e+01
1.733886718750000000e+01
1.733911132812500000e+01
1.733935546875000000e+01
1.733959960937500000e+01
1.733984375000000000e+01
1.734008789062500000e+01
1.734033203125000000e+01
1.734057617187500000e+01
1.734082031250000000e+01
1.734106445312500000e+01
1.734130859375000000e+01
1.734155273437500000e+01
1.734179687500000000e+01
1.734204101562500000e+01
1.734228515625000000e+01
1.734252929687500000e+01
1.734277343750000000e+01
1.734301757812500000e+01
1.734326171875000000e+01
1.734350585937500000e+01
1.734375000000000000e+01
1.734399414062500000e+01
1.734423828125000000e+01
1.734448242187500000e+01
1.734472656250000000e+01
1.734497070312500000e+01
1.734521484375000000e+01
1.734545898437500000e+01
1.734570312500000000e+01
1.734594726562500000e+01
1.734619140625000000e+01
1.734643554687500000e+01
1.734667968750000000e+01
1.734692382812500000e+01
1.734716796875000000e+01
1.734741210937500000e+01
1.734765625000000000e+01
1.734790039062500000e+01
1.734814453125000000e+01
1.734838867187500000e+01
1.734863281250000000e+01
1.734887695312500000e+01
1.734912109375000000e+01
1.734936523437500000e+01
1.734960937500000000e+01
1.734985351562500000e+01
1.735009765625000000e+01
1.735034179687500000e+01
1.735058593750000000e+01
1.735083007812500000e+01
1.735107421875000000e+01
1.735131835937500000e+01
1.735156250000000000e+01
1.735180664062500000e+01
1.735205078125000000e+01
1.735229492187500000e+01
1.735253906250000000e+01
1.735278320312500000e+01
1.735302734375000000e+01
1.735327148437500000e+01
1.735351562500000000e+01
1.735375976562500000e+01
1.735400390625000000e+01
1.735424804687500000e+01
1.735449218750000000e+01
1.735473632812500000e+01
1.735498046875000000e+01
1.735522460937500000e+01
1.735546875000000000e+01
1.735571289062500000e+01
1.735595703125000000e+01
1.735620117187500000e+01
1.735644531250000000e+01
1.735668945312500000e+01
1.735693359375000000e+01
1.735717773437500000e+01
1.735742187500000000e+01
1.735766601562500000e+01
1.735791015625000000e+01
1.735815429687500000e+01
1.735839843750000000e+01
1.735864257812500000e+01
1.735888671875000000e+01
1.735913085937500000e+01
1.735937500000000000e+01
1.735961914062500000e+01
1.735986328125000000e+01
1.736010742187500000e+01
1.736035156250000000e+01
1.736059570312500000e+01
1.736083984375000000e+01
1.736108398437500000e+01
1.736132812500000000e+01
1.736157226562500000e+01
1.736181640625000000e+01
1.736206054687500000e+01
1.736230468750000000e+01
1.736254882812500000e+01
1.736279296875000000e+01
1.736303710937500000e+01
1.736328125000000000e+01
1.736352539062500000e+01
1.736376953125000000e+01
1.736401367187500000e+01
1.736425781250000000e+01
1.736450195312500000e+01
1.736474609375000000e+01
1.736499023437500000e+01
1.736523437500000000e+01
1.736547851562500000e+01
1.736572265625000000e+01
1.736596679687500000e+01
1.736621093750000000e+01
1.736645507812500000e+01
1.736669921875000000e+01
1.736694335937500000e+01
1.736718750000000000e+01
1.736743164062500000e+01
1.736767578125000000e+01
1.736791992187500000e+01
1.736816406250000000e+01
1.736840820312500000e+01
1.736865234375000000e+01
1.736889648437500000e+01
1.736914062500000000e+01
1.736938476562500000e+01
1.736962890625000000e+01
1.736987304687500000e+01
1.737011718750000000e+01
1.737036132812500000e+01
1.737060546875000000e+01
1.737084960937500000e+01
1.737109375000000000e+01
1.737133789062500000e+01
1.737158203125000000e+01
1.737182617187500000e+01
1.737207031250000000e+01
1.737231445312500000e+01
1.737255859375000000e+01
1.737280273437500000e+01
1.737304687500000000e+01
1.737329101562500000e+01
1.737353515625000000e+01
1.737377929687500000e+01
1.737402343750000000e+01
1.737426757812500000e+01
1.737451171875000000e+01
1.737475585937500000e+01
1.737500000000000000e+01
1.737524414062500000e+01
1.737548828125000000e+01
1.737573242187500000e+01
1.737597656250000000e+01
1.737622070312500000e+01
1.737646484375000000e+01
1.737670898437500000e+01
1.737695312500000000e+01
1.737719726562500000e+01
1.737744140625000000e+01
1.737768554687500000e+01
1.737792968750000000e+01
1.737817382812500000e+01
1.737841796875000000e+01
1.737866210937500000e+01
1.737890625000000000e+01
1.737915039062500000e+01
1.737939453125000000e+01
1.737963867187500000e+01
1.737988281250000000e+01
1.738012695312500000e+01
1.738037109375000000e+01
1.738061523437500000e+01
1.738085937500000000e+01
1.738110351562500000e+01
1.738134765625000000e+01
1.738159179687500000e+01
1.738183593750000000e+01
1.738208007812500000e+01
1.738232421875000000e+01
1.738256835937500000e+01
1.738281250000000000e+01
1.738305664062500000e+01
1.738330078125000000e+01
1.738354492187500000e+01
1.738378906250000000e+01
1.738403320312500000e+01
1.738427734375000000e+01
1.738452148437500000e+01
1.738476562500000000e+01
1.738500976562500000e+01
1.738525390625000000e+01
1.738549804687500000e+01
1.738574218750000000e+01
1.738598632812500000e+01
1.738623046875000000e+01
1.738647460937500000e+01
1.738671875000000000e+01
1.738696289062500000e+01
1.738720703125000000e+01
1.738745117187500000e+01
1.738769531250000000e+01
1.738793945312500000e+01
1.738818359375000000e+01
1.738842773437500000e+01
1.738867187500000000e+01
1.738891601562500000e+01
1.738916015625000000e+01
1.738940429687500000e+01
1.738964843750000000e+01
1.738989257812500000e+01
1.739013671875000000e+01
1.739038085937500000e+01
1.739062500000000000e+01
1.739086914062500000e+01
1.739111328125000000e+01
1.739135742187500000e+01
1.739160156250000000e+01
1.739184570312500000e+01
1.739208984375000000e+01
1.739233398437500000e+01
1.739257812500000000e+01
1.739282226562500000e+01
1.739306640625000000e+01
1.739331054687500000e+01
1.739355468750000000e+01
1.739379882812500000e+01
1.739404296875000000e+01
1.739428710937500000e+01
1.739453125000000000e+01
1.739477539062500000e+01
1.739501953125000000e+01
1.739526367187500000e+01
1.739550781250000000e+01
1.739575195312500000e+01
1.739599609375000000e+01
1.739624023437500000e+01
1.739648437500000000e+01
1.739672851562500000e+01
1.739697265625000000e+01
1.739721679687500000e+01
1.739746093750000000e+01
1.739770507812500000e+01
1.739794921875000000e+01
1.739819335937500000e+01
1.739843750000000000e+01
1.739868164062500000e+01
1.739892578125000000e+01
1.739916992187500000e+01
1.739941406250000000e+01
1.739965820312500000e+01
1.739990234375000000e+01
1.740014648437500000e+01
1.740039062500000000e+01
1.740063476562500000e+01
1.740087890625000000e+01
1.740112304687500000e+01
1.740136718750000000e+01
1.740161132812500000e+01
1.740185546875000000e+01
1.740209960937500000e+01
1.740234375000000000e+01
1.740258789062500000e+01
1.740283203125000000e+01
1.740307617187500000e+01
1.740332031250000000e+01
1.740356445312500000e+01
1.740380859375000000e+01
1.740405273437500000e+01
1.740429687500000000e+01
1.740454101562500000e+01
1.740478515625000000e+01
1.740502929687500000e+01
1.740527343750000000e+01
1.740551757812500000e+01
1.740576171875000000e+01
1.740600585937500000e+01
1.740625000000000000e+01
1.740649414062500000e+01
1.740673828125000000e+01
1.740698242187500000e+01
1.740722656250000000e+01
1.740747070312500000e+01
1.740771484375000000e+01
1.740795898437500000e+01
1.740820312500000000e+01
1.740844726562500000e+01
1.740869140625000000e+01
1.740893554687500000e+01
1.740917968750000000e+01
1.740942382812500000e+01
1.740966796875000000e+01
1.740991210937500000e+01
1.741015625000000000e+01
1.741040039062500000e+01
1.741064453125000000e+01
1.741088867187500000e+01
1.741113281250000000e+01
1.741137695312500000e+01
1.741162109375000000e+01
1.741186523437500000e+01
1.741210937500000000e+01
1.741235351562500000e+01
1.741259765625000000e+01
1.741284179687500000e+01
1.741308593750000000e+01
1.741333007812500000e+01
1.741357421875000000e+01
1.741381835937500000e+01
1.741406250000000000e+01
1.741430664062500000e+01
1.741455078125000000e+01
1.741479492187500000e+01
1.741503906250000000e+01
1.741528320312500000e+01
1.741552734375000000e+01
1.741577148437500000e+01
1.741601562500000000e+01
1.741625976562500000e+01
1.741650390625000000e+01
1.741674804687500000e+01
1.741699218750000000e+01
1.741723632812500000e+01
1.741748046875000000e+01
1.741772460937500000e+01
1.741796875000000000e+01
1.741821289062500000e+01
1.741845703125000000e+01
1.741870117187500000e+01
1.741894531250000000e+01
1.741918945312500000e+01
1.741943359375000000e+01
1.741967773437500000e+01
1.741992187500000000e+01
1.742016601562500000e+01
1.742041015625000000e+01
1.742065429687500000e+01
1.742089843750000000e+01
1.742114257812500000e+01
1.742138671875000000e+01
1.742163085937500000e+01
1.742187500000000000e+01
1.742211914062500000e+01
1.742236328125000000e+01
1.742260742187500000e+01
1.742285156250000000e+01
1.742309570312500000e+01
1.742333984375000000e+01
1.742358398437500000e+01
1.742382812500000000e+01
1.742407226562500000e+01
1.742431640625000000e+01
1.742456054687500000e+01
1.742480468750000000e+01
1.742504882812500000e+01
1.742529296875000000e+01
1.742553710937500000e+01
1.742578125000000000e+01
1.742602539062500000e+01
1.742626953125000000e+01
1.742651367187500000e+01
1.742675781250000000e+01
1.742700195312500000e+01
1.742724609375000000e+01
1.742749023437500000e+01
1.742773437500000000e+01
1.742797851562500000e+01
1.742822265625000000e+01
1.742846679687500000e+01
1.742871093750000000e+01
1.742895507812500000e+01
1.742919921875000000e+01
1.742944335937500000e+01
1.742968750000000000e+01
1.742993164062500000e+01
1.743017578125000000e+01
1.743041992187500000e+01
1.743066406250000000e+01
1.743090820312500000e+01
1.743115234375000000e+01
1.743139648437500000e+01
1.743164062500000000e+01
1.743188476562500000e+01
1.743212890625000000e+01
1.743237304687500000e+01
1.743261718750000000e+01
1.743286132812500000e+01
1.743310546875000000e+01
1.743334960937500000e+01
1.743359375000000000e+01
1.743383789062500000e+01
1.743408203125000000e+01
1.743432617187500000e+01
1.743457031250000000e+01
1.743481445312500000e+01
1.743505859375000000e+01
1.743530273437500000e+01
1.743554687500000000e+01
1.743579101562500000e+01
1.743603515625000000e+01
1.743627929687500000e+01
1.743652343750000000e+01
1.743676757812500000e+01
1.743701171875000000e+01
1.743725585937500000e+01
1.743750000000000000e+01
1.743774414062500000e+01
1.743798828125000000e+01
1.743823242187500000e+01
1.743847656250000000e+01
1.743872070312500000e+01
1.743896484375000000e+01
1.743920898437500000e+01
1.743945312500000000e+01
1.743969726562500000e+01
1.743994140625000000e+01
1.744018554687500000e+01
1.744042968750000000e+01
1.744067382812500000e+01
1.744091796875000000e+01
1.744116210937500000e+01
1.744140625000000000e+01
1.744165039062500000e+01
1.744189453125000000e+01
1.744213867187500000e+01
1.744238281250000000e+01
1.744262695312500000e+01
1.744287109375000000e+01
1.744311523437500000e+01
1.744335937500000000e+01
1.744360351562500000e+01
1.744384765625000000e+01
1.744409179687500000e+01
1.744433593750000000e+01
1.744458007812500000e+01
1.744482421875000000e+01
1.744506835937500000e+01
1.744531250000000000e+01
1.744555664062500000e+01
1.744580078125000000e+01
1.744604492187500000e+01
1.744628906250000000e+01
1.744653320312500000e+01
1.744677734375000000e+01
1.744702148437500000e+01
1.744726562500000000e+01
1.744750976562500000e+01
1.744775390625000000e+01
1.744799804687500000e+01
1.744824218750000000e+01
1.744848632812500000e+01
1.744873046875000000e+01
1.744897460937500000e+01
1.744921875000000000e+01
1.744946289062500000e+01
1.744970703125000000e+01
1.744995117187500000e+01
1.745019531250000000e+01
1.745043945312500000e+01
1.745068359375000000e+01
1.745092773437500000e+01
1.745117187500000000e+01
1.745141601562500000e+01
1.745166015625000000e+01
1.745190429687500000e+01
1.745214843750000000e+01
1.745239257812500000e+01
1.745263671875000000e+01
1.745288085937500000e+01
1.745312500000000000e+01
1.745336914062500000e+01
1.745361328125000000e+01
1.745385742187500000e+01
1.745410156250000000e+01
1.745434570312500000e+01
1.745458984375000000e+01
1.745483398437500000e+01
1.745507812500000000e+01
1.745532226562500000e+01
1.745556640625000000e+01
1.745581054687500000e+01
1.745605468750000000e+01
1.745629882812500000e+01
1.745654296875000000e+01
1.745678710937500000e+01
1.745703125000000000e+01
1.745727539062500000e+01
1.745751953125000000e+01
1.745776367187500000e+01
1.745800781250000000e+01
1.745825195312500000e+01
1.745849609375000000e+01
1.745874023437500000e+01
1.745898437500000000e+01
1.745922851562500000e+01
1.745947265625000000e+01
1.745971679687500000e+01
1.745996093750000000e+01
1.746020507812500000e+01
1.746044921875000000e+01
1.746069335937500000e+01
1.746093750000000000e+01
1.746118164062500000e+01
1.746142578125000000e+01
1.746166992187500000e+01
1.746191406250000000e+01
1.746215820312500000e+01
1.746240234375000000e+01
1.746264648437500000e+01
1.746289062500000000e+01
1.746313476562500000e+01
1.746337890625000000e+01
1.746362304687500000e+01
1.746386718750000000e+01
1.746411132812500000e+01
1.746435546875000000e+01
1.746459960937500000e+01
1.746484375000000000e+01
1.746508789062500000e+01
1.746533203125000000e+01
1.746557617187500000e+01
1.746582031250000000e+01
1.746606445312500000e+01
1.746630859375000000e+01
1.746655273437500000e+01
1.746679687500000000e+01
1.746704101562500000e+01
1.746728515625000000e+01
1.746752929687500000e+01
1.746777343750000000e+01
1.746801757812500000e+01
1.746826171875000000e+01
1.746850585937500000e+01
1.746875000000000000e+01
1.746899414062500000e+01
1.746923828125000000e+01
1.746948242187500000e+01
1.746972656250000000e+01
1.746997070312500000e+01
1.747021484375000000e+01
1.747045898437500000e+01
1.747070312500000000e+01
1.747094726562500000e+01
1.747119140625000000e+01
1.747143554687500000e+01
1.747167968750000000e+01
1.747192382812500000e+01
1.747216796875000000e+01
1.747241210937500000e+01
1.747265625000000000e+01
1.747290039062500000e+01
1.747314453125000000e+01
1.747338867187500000e+01
1.747363281250000000e+01
1.747387695312500000e+01
1.747412109375000000e+01
1.747436523437500000e+01
1.747460937500000000e+01
1.747485351562500000e+01
1.747509765625000000e+01
1.747534179687500000e+01
1.747558593750000000e+01
1.747583007812500000e+01
1.747607421875000000e+01
1.747631835937500000e+01
1.747656250000000000e+01
1.747680664062500000e+01
1.747705078125000000e+01
1.747729492187500000e+01
1.747753906250000000e+01
1.747778320312500000e+01
1.747802734375000000e+01
1.747827148437500000e+01
1.747851562500000000e+01
1.747875976562500000e+01
1.747900390625000000e+01
1.747924804687500000e+01
1.747949218750000000e+01
1.747973632812500000e+01
1.747998046875000000e+01
1.748022460937500000e+01
1.748046875000000000e+01
1.748071289062500000e+01
1.748095703125000000e+01
1.748120117187500000e+01
1.748144531250000000e+01
1.748168945312500000e+01
1.748193359375000000e+01
1.748217773437500000e+01
1.748242187500000000e+01
1.748266601562500000e+01
1.748291015625000000e+01
1.748315429687500000e+01
1.748339843750000000e+01
1.748364257812500000e+01
1.748388671875000000e+01
1.748413085937500000e+01
1.748437500000000000e+01
1.748461914062500000e+01
1.748486328125000000e+01
1.748510742187500000e+01
1.748535156250000000e+01
1.748559570312500000e+01
1.748583984375000000e+01
1.748608398437500000e+01
1.748632812500000000e+01
1.748657226562500000e+01
1.748681640625000000e+01
1.748706054687500000e+01
1.748730468750000000e+01
1.748754882812500000e+01
1.748779296875000000e+01
1.748803710937500000e+01
1.748828125000000000e+01
1.748852539062500000e+01
1.748876953125000000e+01
1.748901367187500000e+01
1.748925781250000000e+01
1.748950195312500000e+01
1.748974609375000000e+01
1.748999023437500000e+01
1.749023437500000000e+01
1.749047851562500000e+01
1.749072265625000000e+01
1.749096679687500000e+01
1.749121093750000000e+01
1.749145507812500000e+01
1.749169921875000000e+01
1.749194335937500000e+01
1.749218750000000000e+01
1.749243164062500000e+01
1.749267578125000000e+01
1.749291992187500000e+01
1.749316406250000000e+01
1.749340820312500000e+01
1.749365234375000000e+01
1.749389648437500000e+01
1.749414062500000000e+01
1.749438476562500000e+01
1.749462890625000000e+01
1.749487304687500000e+01
1.749511718750000000e+01
1.749536132812500000e+01
1.749560546875000000e+01
1.749584960937500000e+01
1.749609375000000000e+01
1.749633789062500000e+01
1.749658203125000000e+01
1.749682617187500000e+01
1.749707031250000000e+01
1.749731445312500000e+01
1.749755859375000000e+01
1.749780273437500000e+01
1.749804687500000000e+01
1.749829101562500000e+01
1.749853515625000000e+01
1.749877929687500000e+01
1.749902343750000000e+01
1.749926757812500000e+01
1.749951171875000000e+01
1.749975585937500000e+01
1.750000000000000000e+01
1.750024414062500000e+01
1.750048828125000000e+01
1.750073242187500000e+01
1.750097656250000000e+01
1.750122070312500000e+01
1.750146484375000000e+01
1.750170898437500000e+01
1.750195312500000000e+01
1.750219726562500000e+01
1.750244140625000000e+01
1.750268554687500000e+01
1.750292968750000000e+01
1.750317382812500000e+01
1.750341796875000000e+01
1.750366210937500000e+01
1.750390625000000000e+01
1.750415039062500000e+01
1.750439453125000000e+01
1.750463867187500000e+01
1.750488281250000000e+01
1.750512695312500000e+01
1.750537109375000000e+01
1.750561523437500000e+01
1.750585937500000000e+01
1.750610351562500000e+01
1.750634765625000000e+01
1.750659179687500000e+01
1.750683593750000000e+01
1.750708007812500000e+01
1.750732421875000000e+01
1.750756835937500000e+01
1.750781250000000000e+01
1.750805664062500000e+01
1.750830078125000000e+01
1.750854492187500000e+01
1.750878906250000000e+01
1.750903320312500000e+01
1.750927734375000000e+01
1.750952148437500000e+01
1.750976562500000000e+01
1.751000976562500000e+01
1.751025390625000000e+01
1.751049804687500000e+01
1.751074218750000000e+01
1.751098632812500000e+01
1.751123046875000000e+01
1.751147460937500000e+01
1.751171875000000000e+01
1.751196289062500000e+01
1.751220703125000000e+01
1.751245117187500000e+01
1.751269531250000000e+01
1.751293945312500000e+01
1.751318359375000000e+01
1.751342773437500000e+01
1.751367187500000000e+01
1.751391601562500000e+01
1.751416015625000000e+01
1.751440429687500000e+01
1.751464843750000000e+01
1.751489257812500000e+01
1.751513671875000000e+01
1.751538085937500000e+01
1.751562500000000000e+01
1.751586914062500000e+01
1.751611328125000000e+01
1.751635742187500000e+01
1.751660156250000000e+01
1.751684570312500000e+01
1.751708984375000000e+01
1.751733398437500000e+01
1.751757812500000000e+01
1.751782226562500000e+01
1.751806640625000000e+01
1.751831054687500000e+01
1.751855468750000000e+01
1.751879882812500000e+01
1.751904296875000000e+01
1.751928710937500000e+01
1.751953125000000000e+01
1.751977539062500000e+01
1.752001953125000000e+01
1.752026367187500000e+01
1.752050781250000000e+01
1.752075195312500000e+01
1.752099609375000000e+01
1.752124023437500000e+01
1.752148437500000000e+01
1.752172851562500000e+01
1.752197265625000000e+01
1.752221679687500000e+01
1.752246093750000000e+01
1.752270507812500000e+01
1.752294921875000000e+01
1.752319335937500000e+01
1.752343750000000000e+01
1.752368164062500000e+01
1.752392578125000000e+01
1.752416992187500000e+01
1.752441406250000000e+01
1.752465820312500000e+01
1.752490234375000000e+01
1.752514648437500000e+01
1.752539062500000000e+01
1.752563476562500000e+01
1.752587890625000000e+01
1.752612304687500000e+01
1.752636718750000000e+01
1.752661132812500000e+01
1.752685546875000000e+01
1.752709960937500000e+01
1.752734375000000000e+01
1.752758789062500000e+01
1.752783203125000000e+01
1.752807617187500000e+01
1.752832031250000000e+01
1.752856445312500000e+01
1.752880859375000000e+01
1.752905273437500000e+01
1.752929687500000000e+01
1.752954101562500000e+01
1.752978515625000000e+01
1.753002929687500000e+01
1.753027343750000000e+01
1.753051757812500000e+01
1.753076171875000000e+01
1.753100585937500000e+01
1.753125000000000000e+01
1.753149414062500000e+01
1.753173828125000000e+01
1.753198242187500000e+01
1.753222656250000000e+01
1.753247070312500000e+01
1.753271484375000000e+01
1.753295898437500000e+01
1.753320312500000000e+01
1.753344726562500000e+01
1.753369140625000000e+01
1.753393554687500000e+01
1.753417968750000000e+01
1.753442382812500000e+01
1.753466796875000000e+01
1.753491210937500000e+01
1.753515625000000000e+01
1.753540039062500000e+01
1.753564453125000000e+01
1.753588867187500000e+01
1.753613281250000000e+01
1.753637695312500000e+01
1.753662109375000000e+01
1.753686523437500000e+01
1.753710937500000000e+01
1.753735351562500000e+01
1.753759765625000000e+01
1.753784179687500000e+01
1.753808593750000000e+01
1.753833007812500000e+01
1.753857421875000000e+01
1.753881835937500000e+01
1.753906250000000000e+01
1.753930664062500000e+01
1.753955078125000000e+01
1.753979492187500000e+01
1.754003906250000000e+01
1.754028320312500000e+01
1.754052734375000000e+01
1.754077148437500000e+01
1.754101562500000000e+01
1.754125976562500000e+01
1.754150390625000000e+01
1.754174804687500000e+01
1.754199218750000000e+01
1.754223632812500000e+01
1.754248046875000000e+01
1.754272460937500000e+01
1.754296875000000000e+01
1.754321289062500000e+01
1.754345703125000000e+01
1.754370117187500000e+01
1.754394531250000000e+01
1.754418945312500000e+01
1.754443359375000000e+01
1.754467773437500000e+01
1.754492187500000000e+01
1.754516601562500000e+01
1.754541015625000000e+01
1.754565429687500000e+01
1.754589843750000000e+01
1.754614257812500000e+01
1.754638671875000000e+01
1.754663085937500000e+01
1.754687500000000000e+01
1.754711914062500000e+01
1.754736328125000000e+01
1.754760742187500000e+01
1.754785156250000000e+01
1.754809570312500000e+01
1.754833984375000000e+01
1.754858398437500000e+01
1.754882812500000000e+01
1.754907226562500000e+01
1.754931640625000000e+01
1.754956054687500000e+01
1.754980468750000000e+01
1.755004882812500000e+01
1.755029296875000000e+01
1.755053710937500000e+01
1.755078125000000000e+01
1.755102539062500000e+01
1.755126953125000000e+01
1.755151367187500000e+01
1.755175781250000000e+01
1.755200195312500000e+01
1.755224609375000000e+01
1.755249023437500000e+01
1.755273437500000000e+01
1.755297851562500000e+01
1.755322265625000000e+01
1.755346679687500000e+01
1.755371093750000000e+01
1.755395507812500000e+01
1.755419921875000000e+01
1.755444335937500000e+01
1.755468750000000000e+01
1.755493164062500000e+01
1.755517578125000000e+01
1.755541992187500000e+01
1.755566406250000000e+01
1.755590820312500000e+01
1.755615234375000000e+01
1.755639648437500000e+01
1.755664062500000000e+01
1.755688476562500000e+01
1.755712890625000000e+01
1.755737304687500000e+01
1.755761718750000000e+01
1.755786132812500000e+01
1.755810546875000000e+01
1.755834960937500000e+01
1.755859375000000000e+01
1.755883789062500000e+01
1.755908203125000000e+01
1.755932617187500000e+01
1.755957031250000000e+01
1.755981445312500000e+01
1.756005859375000000e+01
1.756030273437500000e+01
1.756054687500000000e+01
1.756079101562500000e+01
1.756103515625000000e+01
1.756127929687500000e+01
1.756152343750000000e+01
1.756176757812500000e+01
1.756201171875000000e+01
1.756225585937500000e+01
1.756250000000000000e+01
1.756274414062500000e+01
1.756298828125000000e+01
1.756323242187500000e+01
1.756347656250000000e+01
1.756372070312500000e+01
1.756396484375000000e+01
1.756420898437500000e+01
1.756445312500000000e+01
1.756469726562500000e+01
1.756494140625000000e+01
1.756518554687500000e+01
1.756542968750000000e+01
1.756567382812500000e+01
1.756591796875000000e+01
1.756616210937500000e+01
1.756640625000000000e+01
1.756665039062500000e+01
1.756689453125000000e+01
1.756713867187500000e+01
1.756738281250000000e+01
1.756762695312500000e+01
1.756787109375000000e+01
1.756811523437500000e+01
1.756835937500000000e+01
1.756860351562500000e+01
1.756884765625000000e+01
1.756909179687500000e+01
1.756933593750000000e+01
1.756958007812500000e+01
1.756982421875000000e+01
1.757006835937500000e+01
1.757031250000000000e+01
1.757055664062500000e+01
1.757080078125000000e+01
1.757104492187500000e+01
1.757128906250000000e+01
1.757153320312500000e+01
1.757177734375000000e+01
1.757202148437500000e+01
1.757226562500000000e+01
1.757250976562500000e+01
1.757275390625000000e+01
1.757299804687500000e+01
1.757324218750000000e+01
1.757348632812500000e+01
1.757373046875000000e+01
1.757397460937500000e+01
1.757421875000000000e+01
1.757446289062500000e+01
1.757470703125000000e+01
1.757495117187500000e+01
1.757519531250000000e+01
1.757543945312500000e+01
1.757568359375000000e+01
1.757592773437500000e+01
1.757617187500000000e+01
1.757641601562500000e+01
1.757666015625000000e+01
1.757690429687500000e+01
1.757714843750000000e+01
1.757739257812500000e+01
1.757763671875000000e+01
1.757788085937500000e+01
1.757812500000000000e+01
1.757836914062500000e+01
1.757861328125000000e+01
1.757885742187500000e+01
1.757910156250000000e+01
1.757934570312500000e+01
1.757958984375000000e+01
1.757983398437500000e+01
1.758007812500000000e+01
1.758032226562500000e+01
1.758056640625000000e+01
1.758081054687500000e+01
1.758105468750000000e+01
1.758129882812500000e+01
1.758154296875000000e+01
1.758178710937500000e+01
1.758203125000000000e+01
1.758227539062500000e+01
1.758251953125000000e+01
1.758276367187500000e+01
1.758300781250000000e+01
1.758325195312500000e+01
1.758349609375000000e+01
1.758374023437500000e+01
1.758398437500000000e+01
1.758422851562500000e+01
1.758447265625000000e+01
1.758471679687500000e+01
1.758496093750000000e+01
1.758520507812500000e+01
1.758544921875000000e+01
1.758569335937500000e+01
1.758593750000000000e+01
1.758618164062500000e+01
1.758642578125000000e+01
1.758666992187500000e+01
1.758691406250000000e+01
1.758715820312500000e+01
1.758740234375000000e+01
1.758764648437500000e+01
1.758789062500000000e+01
1.758813476562500000e+01
1.758837890625000000e+01
1.758862304687500000e+01
1.758886718750000000e+01
1.758911132812500000e+01
1.758935546875000000e+01
1.758959960937500000e+01
1.758984375000000000e+01
1.759008789062500000e+01
1.759033203125000000e+01
1.759057617187500000e+01
1.759082031250000000e+01
1.759106445312500000e+01
1.759130859375000000e+01
1.759155273437500000e+01
1.759179687500000000e+01
1.759204101562500000e+01
1.759228515625000000e+01
1.759252929687500000e+01
1.759277343750000000e+01
1.759301757812500000e+01
1.759326171875000000e+01
1.759350585937500000e+01
1.759375000000000000e+01
1.759399414062500000e+01
1.759423828125000000e+01
1.759448242187500000e+01
1.759472656250000000e+01
1.759497070312500000e+01
1.759521484375000000e+01
1.759545898437500000e+01
1.759570312500000000e+01
1.759594726562500000e+01
1.759619140625000000e+01
1.759643554687500000e+01
1.759667968750000000e+01
1.759692382812500000e+01
1.759716796875000000e+01
1.759741210937500000e+01
1.759765625000000000e+01
1.759790039062500000e+01
1.759814453125000000e+01
1.759838867187500000e+01
1.759863281250000000e+01
1.759887695312500000e+01
1.759912109375000000e+01
1.759936523437500000e+01
1.759960937500000000e+01
1.759985351562500000e+01
1.760009765625000000e+01
1.760034179687500000e+01
1.760058593750000000e+01
1.760083007812500000e+01
1.760107421875000000e+01
1.760131835937500000e+01
1.760156250000000000e+01
1.760180664062500000e+01
1.760205078125000000e+01
1.760229492187500000e+01
1.760253906250000000e+01
1.760278320312500000e+01
1.760302734375000000e+01
1.760327148437500000e+01
1.760351562500000000e+01
1.760375976562500000e+01
1.760400390625000000e+01
1.760424804687500000e+01
1.760449218750000000e+01
1.760473632812500000e+01
1.760498046875000000e+01
1.760522460937500000e+01
1.760546875000000000e+01
1.760571289062500000e+01
1.760595703125000000e+01
1.760620117187500000e+01
1.760644531250000000e+01
1.760668945312500000e+01
1.760693359375000000e+01
1.760717773437500000e+01
1.760742187500000000e+01
1.760766601562500000e+01
1.760791015625000000e+01
1.760815429687500000e+01
1.760839843750000000e+01
1.760864257812500000e+01
1.760888671875000000e+01
1.760913085937500000e+01
1.760937500000000000e+01
1.760961914062500000e+01
1.760986328125000000e+01
1.761010742187500000e+01
1.761035156250000000e+01
1.761059570312500000e+01
1.761083984375000000e+01
1.761108398437500000e+01
1.761132812500000000e+01
1.761157226562500000e+01
1.761181640625000000e+01
1.761206054687500000e+01
1.761230468750000000e+01
1.761254882812500000e+01
1.761279296875000000e+01
1.761303710937500000e+01
1.761328125000000000e+01
1.761352539062500000e+01
1.761376953125000000e+01
1.761401367187500000e+01
1.761425781250000000e+01
1.761450195312500000e+01
1.761474609375000000e+01
1.761499023437500000e+01
1.761523437500000000e+01
1.761547851562500000e+01
1.761572265625000000e+01
1.761596679687500000e+01
1.761621093750000000e+01
1.761645507812500000e+01
1.761669921875000000e+01
1.761694335937500000e+01
1.761718750000000000e+01
1.761743164062500000e+01
1.761767578125000000e+01
1.761791992187500000e+01
1.761816406250000000e+01
1.761840820312500000e+01
1.761865234375000000e+01
1.761889648437500000e+01
1.761914062500000000e+01
1.761938476562500000e+01
1.761962890625000000e+01
1.761987304687500000e+01
1.762011718750000000e+01
1.762036132812500000e+01
1.762060546875000000e+01
1.762084960937500000e+01
1.762109375000000000e+01
1.762133789062500000e+01
1.762158203125000000e+01
1.762182617187500000e+01
1.762207031250000000e+01
1.762231445312500000e+01
1.762255859375000000e+01
1.762280273437500000e+01
1.762304687500000000e+01
1.762329101562500000e+01
1.762353515625000000e+01
1.762377929687500000e+01
1.762402343750000000e+01
1.762426757812500000e+01
1.762451171875000000e+01
1.762475585937500000e+01
1.762500000000000000e+01
1.762524414062500000e+01
1.762548828125000000e+01
1.762573242187500000e+01
1.762597656250000000e+01
1.762622070312500000e+01
1.762646484375000000e+01
1.762670898437500000e+01
1.762695312500000000e+01
1.762719726562500000e+01
1.762744140625000000e+01
1.762768554687500000e+01
1.762792968750000000e+01
1.762817382812500000e+01
1.762841796875000000e+01
1.762866210937500000e+01
1.762890625000000000e+01
1.762915039062500000e+01
1.762939453125000000e+01
1.762963867187500000e+01
1.762988281250000000e+01
1.763012695312500000e+01
1.763037109375000000e+01
1.763061523437500000e+01
1.763085937500000000e+01
1.763110351562500000e+01
1.763134765625000000e+01
1.763159179687500000e+01
1.763183593750000000e+01
1.763208007812500000e+01
1.763232421875000000e+01
1.763256835937500000e+01
1.763281250000000000e+01
1.763305664062500000e+01
1.763330078125000000e+01
1.763354492187500000e+01
1.763378906250000000e+01
1.763403320312500000e+01
1.763427734375000000e+01
1.763452148437500000e+01
1.763476562500000000e+01
1.763500976562500000e+01
1.763525390625000000e+01
1.763549804687500000e+01
1.763574218750000000e+01
1.763598632812500000e+01
1.763623046875000000e+01
1.763647460937500000e+01
1.763671875000000000e+01
1.763696289062500000e+01
1.763720703125000000e+01
1.763745117187500000e+01
1.763769531250000000e+01
1.763793945312500000e+01
1.763818359375000000e+01
1.763842773437500000e+01
1.763867187500000000e+01
1.763891601562500000e+01
1.763916015625000000e+01
1.763940429687500000e+01
1.763964843750000000e+01
1.763989257812500000e+01
1.764013671875000000e+01
1.764038085937500000e+01
1.764062500000000000e+01
1.764086914062500000e+01
1.764111328125000000e+01
1.764135742187500000e+01
1.764160156250000000e+01
1.764184570312500000e+01
1.764208984375000000e+01
1.764233398437500000e+01
1.764257812500000000e+01
1.764282226562500000e+01
1.764306640625000000e+01
1.764331054687500000e+01
1.764355468750000000e+01
1.764379882812500000e+01
1.764404296875000000e+01
1.764428710937500000e+01
1.764453125000000000e+01
1.764477539062500000e+01
1.764501953125000000e+01
1.764526367187500000e+01
1.764550781250000000e+01
1.764575195312500000e+01
1.764599609375000000e+01
1.764624023437500000e+01
1.764648437500000000e+01
1.764672851562500000e+01
1.764697265625000000e+01
1.764721679687500000e+01
1.764746093750000000e+01
1.764770507812500000e+01
1.764794921875000000e+01
1.764819335937500000e+01
1.764843750000000000e+01
1.764868164062500000e+01
1.764892578125000000e+01
1.764916992187500000e+01
1.764941406250000000e+01
1.764965820312500000e+01
1.764990234375000000e+01
1.765014648437500000e+01
1.765039062500000000e+01
1.765063476562500000e+01
1.765087890625000000e+01
1.765112304687500000e+01
1.765136718750000000e+01
1.765161132812500000e+01
1.765185546875000000e+01
1.765209960937500000e+01
1.765234375000000000e+01
1.765258789062500000e+01
1.765283203125000000e+01
1.765307617187500000e+01
1.765332031250000000e+01
1.765356445312500000e+01
1.765380859375000000e+01
1.765405273437500000e+01
1.765429687500000000e+01
1.765454101562500000e+01
1.765478515625000000e+01
1.765502929687500000e+01
1.765527343750000000e+01
1.765551757812500000e+01
1.765576171875000000e+01
1.765600585937500000e+01
1.765625000000000000e+01
1.765649414062500000e+01
1.765673828125000000e+01
1.765698242187500000e+01
1.765722656250000000e+01
1.765747070312500000e+01
1.765771484375000000e+01
1.765795898437500000e+01
1.765820312500000000e+01
1.765844726562500000e+01
1.765869140625000000e+01
1.765893554687500000e+01
1.765917968750000000e+01
1.765942382812500000e+01
1.765966796875000000e+01
1.765991210937500000e+01
1.766015625000000000e+01
1.766040039062500000e+01
1.766064453125000000e+01
1.766088867187500000e+01
1.766113281250000000e+01
1.766137695312500000e+01
1.766162109375000000e+01
1.766186523437500000e+01
1.766210937500000000e+01
1.766235351562500000e+01
1.766259765625000000e+01
1.766284179687500000e+01
1.766308593750000000e+01
1.766333007812500000e+01
1.766357421875000000e+01
1.766381835937500000e+01
1.766406250000000000e+01
1.766430664062500000e+01
1.766455078125000000e+01
1.766479492187500000e+01
1.766503906250000000e+01
1.766528320312500000e+01
1.766552734375000000e+01
1.766577148437500000e+01
1.766601562500000000e+01
1.766625976562500000e+01
1.766650390625000000e+01
1.766674804687500000e+01
1.766699218750000000e+01
1.766723632812500000e+01
1.766748046875000000e+01
1.766772460937500000e+01
1.766796875000000000e+01
1.766821289062500000e+01
1.766845703125000000e+01
1.766870117187500000e+01
1.766894531250000000e+01
1.766918945312500000e+01
1.766943359375000000e+01
1.766967773437500000e+01
1.766992187500000000e+01
1.767016601562500000e+01
1.767041015625000000e+01
1.767065429687500000e+01
1.767089843750000000e+01
1.767114257812500000e+01
1.767138671875000000e+01
1.767163085937500000e+01
1.767187500000000000e+01
1.767211914062500000e+01
1.767236328125000000e+01
1.767260742187500000e+01
1.767285156250000000e+01
1.767309570312500000e+01
1.767333984375000000e+01
1.767358398437500000e+01
1.767382812500000000e+01
1.767407226562500000e+01
1.767431640625000000e+01
1.767456054687500000e+01
1.767480468750000000e+01
1.767504882812500000e+01
1.767529296875000000e+01
1.767553710937500000e+01
1.767578125000000000e+01
1.767602539062500000e+01
1.767626953125000000e+01
1.767651367187500000e+01
1.767675781250000000e+01
1.767700195312500000e+01
1.767724609375000000e+01
1.767749023437500000e+01
1.767773437500000000e+01
1.767797851562500000e+01
1.767822265625000000e+01
1.767846679687500000e+01
1.767871093750000000e+01
1.767895507812500000e+01
1.767919921875000000e+01
1.767944335937500000e+01
1.767968750000000000e+01
1.767993164062500000e+01
1.768017578125000000e+01
1.768041992187500000e+01
1.768066406250000000e+01
1.768090820312500000e+01
1.768115234375000000e+01
1.768139648437500000e+01
1.768164062500000000e+01
1.768188476562500000e+01
1.768212890625000000e+01
1.768237304687500000e+01
1.768261718750000000e+01
1.768286132812500000e+01
1.768310546875000000e+01
1.768334960937500000e+01
1.768359375000000000e+01
1.768383789062500000e+01
1.768408203125000000e+01
1.768432617187500000e+01
1.768457031250000000e+01
1.768481445312500000e+01
1.768505859375000000e+01
1.768530273437500000e+01
1.768554687500000000e+01
1.768579101562500000e+01
1.768603515625000000e+01
1.768627929687500000e+01
1.768652343750000000e+01
1.768676757812500000e+01
1.768701171875000000e+01
1.768725585937500000e+01
1.768750000000000000e+01
1.768774414062500000e+01
1.768798828125000000e+01
1.768823242187500000e+01
1.768847656250000000e+01
1.768872070312500000e+01
1.768896484375000000e+01
1.768920898437500000e+01
1.768945312500000000e+01
1.768969726562500000e+01
1.768994140625000000e+01
1.769018554687500000e+01
1.769042968750000000e+01
1.769067382812500000e+01
1.769091796875000000e+01
1.769116210937500000e+01
1.769140625000000000e+01
1.769165039062500000e+01
1.769189453125000000e+01
1.769213867187500000e+01
1.769238281250000000e+01
1.769262695312500000e+01
1.769287109375000000e+01
1.769311523437500000e+01
1.769335937500000000e+01
1.769360351562500000e+01
1.769384765625000000e+01
1.769409179687500000e+01
1.769433593750000000e+01
1.769458007812500000e+01
1.769482421875000000e+01
1.769506835937500000e+01
1.769531250000000000e+01
1.769555664062500000e+01
1.769580078125000000e+01
1.769604492187500000e+01
1.769628906250000000e+01
1.769653320312500000e+01
1.769677734375000000e+01
1.769702148437500000e+01
1.769726562500000000e+01
1.769750976562500000e+01
1.769775390625000000e+01
1.769799804687500000e+01
1.769824218750000000e+01
1.769848632812500000e+01
1.769873046875000000e+01
1.769897460937500000e+01
1.769921875000000000e+01
1.769946289062500000e+01
1.769970703125000000e+01
1.769995117187500000e+01
1.770019531250000000e+01
1.770043945312500000e+01
1.770068359375000000e+01
1.770092773437500000e+01
1.770117187500000000e+01
1.770141601562500000e+01
1.770166015625000000e+01
1.770190429687500000e+01
1.770214843750000000e+01
1.770239257812500000e+01
1.770263671875000000e+01
1.770288085937500000e+01
1.770312500000000000e+01
1.770336914062500000e+01
1.770361328125000000e+01
1.770385742187500000e+01
1.770410156250000000e+01
1.770434570312500000e+01
1.770458984375000000e+01
1.770483398437500000e+01
1.770507812500000000e+01
1.770532226562500000e+01
1.770556640625000000e+01
1.770581054687500000e+01
1.770605468750000000e+01
1.770629882812500000e+01
1.770654296875000000e+01
1.770678710937500000e+01
1.770703125000000000e+01
1.770727539062500000e+01
1.770751953125000000e+01
1.770776367187500000e+01
1.770800781250000000e+01
1.770825195312500000e+01
1.770849609375000000e+01
1.770874023437500000e+01
1.770898437500000000e+01
1.770922851562500000e+01
1.770947265625000000e+01
1.770971679687500000e+01
1.770996093750000000e+01
1.771020507812500000e+01
1.771044921875000000e+01
1.771069335937500000e+01
1.771093750000000000e+01
1.771118164062500000e+01
1.771142578125000000e+01
1.771166992187500000e+01
1.771191406250000000e+01
1.771215820312500000e+01
1.771240234375000000e+01
1.771264648437500000e+01
1.771289062500000000e+01
1.771313476562500000e+01
1.771337890625000000e+01
1.771362304687500000e+01
1.771386718750000000e+01
1.771411132812500000e+01
1.771435546875000000e+01
1.771459960937500000e+01
1.771484375000000000e+01
1.771508789062500000e+01
1.771533203125000000e+01
1.771557617187500000e+01
1.771582031250000000e+01
1.771606445312500000e+01
1.771630859375000000e+01
1.771655273437500000e+01
1.771679687500000000e+01
1.771704101562500000e+01
1.771728515625000000e+01
1.771752929687500000e+01
1.771777343750000000e+01
1.771801757812500000e+01
1.771826171875000000e+01
1.771850585937500000e+01
1.771875000000000000e+01
1.771899414062500000e+01
1.771923828125000000e+01
1.771948242187500000e+01
1.771972656250000000e+01
1.771997070312500000e+01
1.772021484375000000e+01
1.772045898437500000e+01
1.772070312500000000e+01
1.772094726562500000e+01
1.772119140625000000e+01
1.772143554687500000e+01
1.772167968750000000e+01
1.772192382812500000e+01
1.772216796875000000e+01
1.772241210937500000e+01
1.772265625000000000e+01
1.772290039062500000e+01
1.772314453125000000e+01
1.772338867187500000e+01
1.772363281250000000e+01
1.772387695312500000e+01
1.772412109375000000e+01
1.772436523437500000e+01
1.772460937500000000e+01
1.772485351562500000e+01
1.772509765625000000e+01
1.772534179687500000e+01
1.772558593750000000e+01
1.772583007812500000e+01
1.772607421875000000e+01
1.772631835937500000e+01
1.772656250000000000e+01
1.772680664062500000e+01
1.772705078125000000e+01
1.772729492187500000e+01
1.772753906250000000e+01
1.772778320312500000e+01
1.772802734375000000e+01
1.772827148437500000e+01
1.772851562500000000e+01
1.772875976562500000e+01
1.772900390625000000e+01
1.772924804687500000e+01
1.772949218750000000e+01
1.772973632812500000e+01
1.772998046875000000e+01
1.773022460937500000e+01
1.773046875000000000e+01
1.773071289062500000e+01
1.773095703125000000e+01
1.773120117187500000e+01
1.773144531250000000e+01
1.773168945312500000e+01
1.773193359375000000e+01
1.773217773437500000e+01
1.773242187500000000e+01
1.773266601562500000e+01
1.773291015625000000e+01
1.773315429687500000e+01
1.773339843750000000e+01
1.773364257812500000e+01
1.773388671875000000e+01
1.773413085937500000e+01
1.773437500000000000e+01
1.773461914062500000e+01
1.773486328125000000e+01
1.773510742187500000e+01
1.773535156250000000e+01
1.773559570312500000e+01
1.773583984375000000e+01
1.773608398437500000e+01
1.773632812500000000e+01
1.773657226562500000e+01
1.773681640625000000e+01
1.773706054687500000e+01
1.773730468750000000e+01
1.773754882812500000e+01
1.773779296875000000e+01
1.773803710937500000e+01
1.773828125000000000e+01
1.773852539062500000e+01
1.773876953125000000e+01
1.773901367187500000e+01
1.773925781250000000e+01
1.773950195312500000e+01
1.773974609375000000e+01
1.773999023437500000e+01
1.774023437500000000e+01
1.774047851562500000e+01
1.774072265625000000e+01
1.774096679687500000e+01
1.774121093750000000e+01
1.774145507812500000e+01
1.774169921875000000e+01
1.774194335937500000e+01
1.774218750000000000e+01
1.774243164062500000e+01
1.774267578125000000e+01
1.774291992187500000e+01
1.774316406250000000e+01
1.774340820312500000e+01
1.774365234375000000e+01
1.774389648437500000e+01
1.774414062500000000e+01
1.774438476562500000e+01
1.774462890625000000e+01
1.774487304687500000e+01
1.774511718750000000e+01
1.774536132812500000e+01
1.774560546875000000e+01
1.774584960937500000e+01
1.774609375000000000e+01
1.774633789062500000e+01
1.774658203125000000e+01
1.774682617187500000e+01
1.774707031250000000e+01
1.774731445312500000e+01
1.774755859375000000e+01
1.774780273437500000e+01
1.774804687500000000e+01
1.774829101562500000e+01
1.774853515625000000e+01
1.774877929687500000e+01
1.774902343750000000e+01
1.774926757812500000e+01
1.774951171875000000e+01
1.774975585937500000e+01
1.775000000000000000e+01
1.775024414062500000e+01
1.775048828125000000e+01
1.775073242187500000e+01
1.775097656250000000e+01
1.775122070312500000e+01
1.775146484375000000e+01
1.775170898437500000e+01
1.775195312500000000e+01
1.775219726562500000e+01
1.775244140625000000e+01
1.775268554687500000e+01
1.775292968750000000e+01
1.775317382812500000e+01
1.775341796875000000e+01
1.775366210937500000e+01
1.775390625000000000e+01
1.775415039062500000e+01
1.775439453125000000e+01
1.775463867187500000e+01
1.775488281250000000e+01
1.775512695312500000e+01
1.775537109375000000e+01
1.775561523437500000e+01
1.775585937500000000e+01
1.775610351562500000e+01
1.775634765625000000e+01
1.775659179687500000e+01
1.775683593750000000e+01
1.775708007812500000e+01
1.775732421875000000e+01
1.775756835937500000e+01
1.775781250000000000e+01
1.775805664062500000e+01
1.775830078125000000e+01
1.775854492187500000e+01
1.775878906250000000e+01
1.775903320312500000e+01
1.775927734375000000e+01
1.775952148437500000e+01
1.775976562500000000e+01
1.776000976562500000e+01
1.776025390625000000e+01
1.776049804687500000e+01
1.776074218750000000e+01
1.776098632812500000e+01
1.776123046875000000e+01
1.776147460937500000e+01
1.776171875000000000e+01
1.776196289062500000e+01
1.776220703125000000e+01
1.776245117187500000e+01
1.776269531250000000e+01
1.776293945312500000e+01
1.776318359375000000e+01
1.776342773437500000e+01
1.776367187500000000e+01
1.776391601562500000e+01
1.776416015625000000e+01
1.776440429687500000e+01
1.776464843750000000e+01
1.776489257812500000e+01
1.776513671875000000e+01
1.776538085937500000e+01
1.776562500000000000e+01
1.776586914062500000e+01
1.776611328125000000e+01
1.776635742187500000e+01
1.776660156250000000e+01
1.776684570312500000e+01
1.776708984375000000e+01
1.776733398437500000e+01
1.776757812500000000e+01
1.776782226562500000e+01
1.776806640625000000e+01
1.776831054687500000e+01
1.776855468750000000e+01
1.776879882812500000e+01
1.776904296875000000e+01
1.776928710937500000e+01
1.776953125000000000e+01
1.776977539062500000e+01
1.777001953125000000e+01
1.777026367187500000e+01
1.777050781250000000e+01
1.777075195312500000e+01
1.777099609375000000e+01
1.777124023437500000e+01
1.777148437500000000e+01
1.777172851562500000e+01
1.777197265625000000e+01
1.777221679687500000e+01
1.777246093750000000e+01
1.777270507812500000e+01
1.777294921875000000e+01
1.777319335937500000e+01
1.777343750000000000e+01
1.777368164062500000e+01
1.777392578125000000e+01
1.777416992187500000e+01
1.777441406250000000e+01
1.777465820312500000e+01
1.777490234375000000e+01
1.777514648437500000e+01
1.777539062500000000e+01
1.777563476562500000e+01
1.777587890625000000e+01
1.777612304687500000e+01
1.777636718750000000e+01
1.777661132812500000e+01
1.777685546875000000e+01
1.777709960937500000e+01
1.777734375000000000e+01
1.777758789062500000e+01
1.777783203125000000e+01
1.777807617187500000e+01
1.777832031250000000e+01
1.777856445312500000e+01
1.777880859375000000e+01
1.777905273437500000e+01
1.777929687500000000e+01
1.777954101562500000e+01
1.777978515625000000e+01
1.778002929687500000e+01
1.778027343750000000e+01
1.778051757812500000e+01
1.778076171875000000e+01
1.778100585937500000e+01
1.778125000000000000e+01
1.778149414062500000e+01
1.778173828125000000e+01
1.778198242187500000e+01
1.778222656250000000e+01
1.778247070312500000e+01
1.778271484375000000e+01
1.778295898437500000e+01
1.778320312500000000e+01
1.778344726562500000e+01
1.778369140625000000e+01
1.778393554687500000e+01
1.778417968750000000e+01
1.778442382812500000e+01
1.778466796875000000e+01
1.778491210937500000e+01
1.778515625000000000e+01
1.778540039062500000e+01
1.778564453125000000e+01
1.778588867187500000e+01
1.778613281250000000e+01
1.778637695312500000e+01
1.778662109375000000e+01
1.778686523437500000e+01
1.778710937500000000e+01
1.778735351562500000e+01
1.778759765625000000e+01
1.778784179687500000e+01
1.778808593750000000e+01
1.778833007812500000e+01
1.778857421875000000e+01
1.778881835937500000e+01
1.778906250000000000e+01
1.778930664062500000e+01
1.778955078125000000e+01
1.778979492187500000e+01
1.779003906250000000e+01
1.779028320312500000e+01
1.779052734375000000e+01
1.779077148437500000e+01
1.779101562500000000e+01
1.779125976562500000e+01
1.779150390625000000e+01
1.779174804687500000e+01
1.779199218750000000e+01
1.779223632812500000e+01
1.779248046875000000e+01
1.779272460937500000e+01
1.779296875000000000e+01
1.779321289062500000e+01
1.779345703125000000e+01
1.779370117187500000e+01
1.779394531250000000e+01
1.779418945312500000e+01
1.779443359375000000e+01
1.779467773437500000e+01
1.779492187500000000e+01
1.779516601562500000e+01
1.779541015625000000e+01
1.779565429687500000e+01
1.779589843750000000e+01
1.779614257812500000e+01
1.779638671875000000e+01
1.779663085937500000e+01
1.779687500000000000e+01
1.779711914062500000e+01
1.779736328125000000e+01
1.779760742187500000e+01
1.779785156250000000e+01
1.779809570312500000e+01
1.779833984375000000e+01
1.779858398437500000e+01
1.779882812500000000e+01
1.779907226562500000e+01
1.779931640625000000e+01
1.779956054687500000e+01
1.779980468750000000e+01
1.780004882812500000e+01
1.780029296875000000e+01
1.780053710937500000e+01
1.780078125000000000e+01
1.780102539062500000e+01
1.780126953125000000e+01
1.780151367187500000e+01
1.780175781250000000e+01
1.780200195312500000e+01
1.780224609375000000e+01
1.780249023437500000e+01
1.780273437500000000e+01
1.780297851562500000e+01
1.780322265625000000e+01
1.780346679687500000e+01
1.780371093750000000e+01
1.780395507812500000e+01
1.780419921875000000e+01
1.780444335937500000e+01
1.780468750000000000e+01
1.780493164062500000e+01
1.780517578125000000e+01
1.780541992187500000e+01
1.780566406250000000e+01
1.780590820312500000e+01
1.780615234375000000e+01
1.780639648437500000e+01
1.780664062500000000e+01
1.780688476562500000e+01
1.780712890625000000e+01
1.780737304687500000e+01
1.780761718750000000e+01
1.780786132812500000e+01
1.780810546875000000e+01
1.780834960937500000e+01
1.780859375000000000e+01
1.780883789062500000e+01
1.780908203125000000e+01
1.780932617187500000e+01
1.780957031250000000e+01
1.780981445312500000e+01
1.781005859375000000e+01
1.781030273437500000e+01
1.781054687500000000e+01
1.781079101562500000e+01
1.781103515625000000e+01
1.781127929687500000e+01
1.781152343750000000e+01
1.781176757812500000e+01
1.781201171875000000e+01
1.781225585937500000e+01
1.781250000000000000e+01
1.781274414062500000e+01
1.781298828125000000e+01
1.781323242187500000e+01
1.781347656250000000e+01
1.781372070312500000e+01
1.781396484375000000e+01
1.781420898437500000e+01
1.781445312500000000e+01
1.781469726562500000e+01
1.781494140625000000e+01
1.781518554687500000e+01
1.781542968750000000e+01
1.781567382812500000e+01
1.781591796875000000e+01
1.781616210937500000e+01
1.781640625000000000e+01
1.781665039062500000e+01
1.781689453125000000e+01
1.781713867187500000e+01
1.781738281250000000e+01
1.781762695312500000e+01
1.781787109375000000e+01
1.781811523437500000e+01
1.781835937500000000e+01
1.781860351562500000e+01
1.781884765625000000e+01
1.781909179687500000e+01
1.781933593750000000e+01
1.781958007812500000e+01
1.781982421875000000e+01
1.782006835937500000e+01
1.782031250000000000e+01
1.782055664062500000e+01
1.782080078125000000e+01
1.782104492187500000e+01
1.782128906250000000e+01
1.782153320312500000e+01
1.782177734375000000e+01
1.782202148437500000e+01
1.782226562500000000e+01
1.782250976562500000e+01
1.782275390625000000e+01
1.782299804687500000e+01
1.782324218750000000e+01
1.782348632812500000e+01
1.782373046875000000e+01
1.782397460937500000e+01
1.782421875000000000e+01
1.782446289062500000e+01
1.782470703125000000e+01
1.782495117187500000e+01
1.782519531250000000e+01
1.782543945312500000e+01
1.782568359375000000e+01
1.782592773437500000e+01
1.782617187500000000e+01
1.782641601562500000e+01
1.782666015625000000e+01
1.782690429687500000e+01
1.782714843750000000e+01
1.782739257812500000e+01
1.782763671875000000e+01
1.782788085937500000e+01
1.782812500000000000e+01
1.782836914062500000e+01
1.782861328125000000e+01
1.782885742187500000e+01
1.782910156250000000e+01
1.782934570312500000e+01
1.782958984375000000e+01
1.782983398437500000e+01
1.783007812500000000e+01
1.783032226562500000e+01
1.783056640625000000e+01
1.783081054687500000e+01
1.783105468750000000e+01
1.783129882812500000e+01
1.783154296875000000e+01
1.783178710937500000e+01
1.783203125000000000e+01
1.783227539062500000e+01
1.783251953125000000e+01
1.783276367187500000e+01
1.783300781250000000e+01
1.783325195312500000e+01
1.783349609375000000e+01
1.783374023437500000e+01
1.783398437500000000e+01
1.783422851562500000e+01
1.783447265625000000e+01
1.783471679687500000e+01
1.783496093750000000e+01
1.783520507812500000e+01
1.783544921875000000e+01
1.783569335937500000e+01
1.783593750000000000e+01
1.783618164062500000e+01
1.783642578125000000e+01
1.783666992187500000e+01
1.783691406250000000e+01
1.783715820312500000e+01
1.783740234375000000e+01
1.783764648437500000e+01
1.783789062500000000e+01
1.783813476562500000e+01
1.783837890625000000e+01
1.783862304687500000e+01
1.783886718750000000e+01
1.783911132812500000e+01
1.783935546875000000e+01
1.783959960937500000e+01
1.783984375000000000e+01
1.784008789062500000e+01
1.784033203125000000e+01
1.784057617187500000e+01
1.784082031250000000e+01
1.784106445312500000e+01
1.784130859375000000e+01
1.784155273437500000e+01
1.784179687500000000e+01
1.784204101562500000e+01
1.784228515625000000e+01
1.784252929687500000e+01
1.784277343750000000e+01
1.784301757812500000e+01
1.784326171875000000e+01
1.784350585937500000e+01
1.784375000000000000e+01
1.784399414062500000e+01
1.784423828125000000e+01
1.784448242187500000e+01
1.784472656250000000e+01
1.784497070312500000e+01
1.784521484375000000e+01
1.784545898437500000e+01
1.784570312500000000e+01
1.784594726562500000e+01
1.784619140625000000e+01
1.784643554687500000e+01
1.784667968750000000e+01
1.784692382812500000e+01
1.784716796875000000e+01
1.784741210937500000e+01
1.784765625000000000e+01
1.784790039062500000e+01
1.784814453125000000e+01
1.784838867187500000e+01
1.784863281250000000e+01
1.784887695312500000e+01
1.784912109375000000e+01
1.784936523437500000e+01
1.784960937500000000e+01
1.784985351562500000e+01
1.785009765625000000e+01
1.785034179687500000e+01
1.785058593750000000e+01
1.785083007812500000e+01
1.785107421875000000e+01
1.785131835937500000e+01
1.785156250000000000e+01
1.785180664062500000e+01
1.785205078125000000e+01
1.785229492187500000e+01
1.785253906250000000e+01
1.785278320312500000e+01
1.785302734375000000e+01
1.785327148437500000e+01
1.785351562500000000e+01
1.785375976562500000e+01
1.785400390625000000e+01
1.785424804687500000e+01
1.785449218750000000e+01
1.785473632812500000e+01
1.785498046875000000e+01
1.785522460937500000e+01
1.785546875000000000e+01
1.785571289062500000e+01
1.785595703125000000e+01
1.785620117187500000e+01
1.785644531250000000e+01
1.785668945312500000e+01
1.785693359375000000e+01
1.785717773437500000e+01
1.785742187500000000e+01
1.785766601562500000e+01
1.785791015625000000e+01
1.785815429687500000e+01
1.785839843750000000e+01
1.785864257812500000e+01
1.785888671875000000e+01
1.785913085937500000e+01
1.785937500000000000e+01
1.785961914062500000e+01
1.785986328125000000e+01
1.786010742187500000e+01
1.786035156250000000e+01
1.786059570312500000e+01
1.786083984375000000e+01
1.786108398437500000e+01
1.786132812500000000e+01
1.786157226562500000e+01
1.786181640625000000e+01
1.786206054687500000e+01
1.786230468750000000e+01
1.786254882812500000e+01
1.786279296875000000e+01
1.786303710937500000e+01
1.786328125000000000e+01
1.786352539062500000e+01
1.786376953125000000e+01
1.786401367187500000e+01
1.786425781250000000e+01
1.786450195312500000e+01
1.786474609375000000e+01
1.786499023437500000e+01
1.786523437500000000e+01
1.786547851562500000e+01
1.786572265625000000e+01
1.786596679687500000e+01
1.786621093750000000e+01
1.786645507812500000e+01
1.786669921875000000e+01
1.786694335937500000e+01
1.786718750000000000e+01
1.786743164062500000e+01
1.786767578125000000e+01
1.786791992187500000e+01
1.786816406250000000e+01
1.786840820312500000e+01
1.786865234375000000e+01
1.786889648437500000e+01
1.786914062500000000e+01
1.786938476562500000e+01
1.786962890625000000e+01
1.786987304687500000e+01
1.787011718750000000e+01
1.787036132812500000e+01
1.787060546875000000e+01
1.787084960937500000e+01
1.787109375000000000e+01
1.787133789062500000e+01
1.787158203125000000e+01
1.787182617187500000e+01
1.787207031250000000e+01
1.787231445312500000e+01
1.787255859375000000e+01
1.787280273437500000e+01
1.787304687500000000e+01
1.787329101562500000e+01
1.787353515625000000e+01
1.787377929687500000e+01
1.787402343750000000e+01
1.787426757812500000e+01
1.787451171875000000e+01
1.787475585937500000e+01
1.787500000000000000e+01
1.787524414062500000e+01
1.787548828125000000e+01
1.787573242187500000e+01
1.787597656250000000e+01
1.787622070312500000e+01
1.787646484375000000e+01
1.787670898437500000e+01
1.787695312500000000e+01
1.787719726562500000e+01
1.787744140625000000e+01
1.787768554687500000e+01
1.787792968750000000e+01
1.787817382812500000e+01
1.787841796875000000e+01
1.787866210937500000e+01
1.787890625000000000e+01
1.787915039062500000e+01
1.787939453125000000e+01
1.787963867187500000e+01
1.787988281250000000e+01
1.788012695312500000e+01
1.788037109375000000e+01
1.788061523437500000e+01
1.788085937500000000e+01
1.788110351562500000e+01
1.788134765625000000e+01
1.788159179687500000e+01
1.788183593750000000e+01
1.788208007812500000e+01
1.788232421875000000e+01
1.788256835937500000e+01
1.788281250000000000e+01
1.788305664062500000e+01
1.788330078125000000e+01
1.788354492187500000e+01
1.788378906250000000e+01
1.788403320312500000e+01
1.788427734375000000e+01
1.788452148437500000e+01
1.788476562500000000e+01
1.788500976562500000e+01
1.788525390625000000e+01
1.788549804687500000e+01
1.788574218750000000e+01
1.788598632812500000e+01
1.788623046875000000e+01
1.788647460937500000e+01
1.788671875000000000e+01
1.788696289062500000e+01
1.788720703125000000e+01
1.788745117187500000e+01
1.788769531250000000e+01
1.788793945312500000e+01
1.788818359375000000e+01
1.788842773437500000e+01
1.788867187500000000e+01
1.788891601562500000e+01
1.788916015625000000e+01
1.788940429687500000e+01
1.788964843750000000e+01
1.788989257812500000e+01
1.789013671875000000e+01
1.789038085937500000e+01
1.789062500000000000e+01
1.789086914062500000e+01
1.789111328125000000e+01
1.789135742187500000e+01
1.789160156250000000e+01
1.789184570312500000e+01
1.789208984375000000e+01
1.789233398437500000e+01
1.789257812500000000e+01
1.789282226562500000e+01
1.789306640625000000e+01
1.789331054687500000e+01
1.789355468750000000e+01
1.789379882812500000e+01
1.789404296875000000e+01
1.789428710937500000e+01
1.789453125000000000e+01
1.789477539062500000e+01
1.789501953125000000e+01
1.789526367187500000e+01
1.789550781250000000e+01
1.789575195312500000e+01
1.789599609375000000e+01
1.789624023437500000e+01
1.789648437500000000e+01
1.789672851562500000e+01
1.789697265625000000e+01
1.789721679687500000e+01
1.789746093750000000e+01
1.789770507812500000e+01
1.789794921875000000e+01
1.789819335937500000e+01
1.789843750000000000e+01
1.789868164062500000e+01
1.789892578125000000e+01
1.789916992187500000e+01
1.789941406250000000e+01
1.789965820312500000e+01
1.789990234375000000e+01
1.790014648437500000e+01
1.790039062500000000e+01
1.790063476562500000e+01
1.790087890625000000e+01
1.790112304687500000e+01
1.790136718750000000e+01
1.790161132812500000e+01
1.790185546875000000e+01
1.790209960937500000e+01
1.790234375000000000e+01
1.790258789062500000e+01
1.790283203125000000e+01
1.790307617187500000e+01
1.790332031250000000e+01
1.790356445312500000e+01
1.790380859375000000e+01
1.790405273437500000e+01
1.790429687500000000e+01
1.790454101562500000e+01
1.790478515625000000e+01
1.790502929687500000e+01
1.790527343750000000e+01
1.790551757812500000e+01
1.790576171875000000e+01
1.790600585937500000e+01
1.790625000000000000e+01
1.790649414062500000e+01
1.790673828125000000e+01
1.790698242187500000e+01
1.790722656250000000e+01
1.790747070312500000e+01
1.790771484375000000e+01
1.790795898437500000e+01
1.790820312500000000e+01
1.790844726562500000e+01
1.790869140625000000e+01
1.790893554687500000e+01
1.790917968750000000e+01
1.790942382812500000e+01
1.790966796875000000e+01
1.790991210937500000e+01
1.791015625000000000e+01
1.791040039062500000e+01
1.791064453125000000e+01
1.791088867187500000e+01
1.791113281250000000e+01
1.791137695312500000e+01
1.791162109375000000e+01
1.791186523437500000e+01
1.791210937500000000e+01
1.791235351562500000e+01
1.791259765625000000e+01
1.791284179687500000e+01
1.791308593750000000e+01
1.791333007812500000e+01
1.791357421875000000e+01
1.791381835937500000e+01
1.791406250000000000e+01
1.791430664062500000e+01
1.791455078125000000e+01
1.791479492187500000e+01
1.791503906250000000e+01
1.791528320312500000e+01
1.791552734375000000e+01
1.791577148437500000e+01
1.791601562500000000e+01
1.791625976562500000e+01
1.791650390625000000e+01
1.791674804687500000e+01
1.791699218750000000e+01
1.791723632812500000e+01
1.791748046875000000e+01
1.791772460937500000e+01
1.791796875000000000e+01
1.791821289062500000e+01
1.791845703125000000e+01
1.791870117187500000e+01
1.791894531250000000e+01
1.791918945312500000e+01
1.791943359375000000e+01
1.791967773437500000e+01
1.791992187500000000e+01
1.792016601562500000e+01
1.792041015625000000e+01
1.792065429687500000e+01
1.792089843750000000e+01
1.792114257812500000e+01
1.792138671875000000e+01
1.792163085937500000e+01
1.792187500000000000e+01
1.792211914062500000e+01
1.792236328125000000e+01
1.792260742187500000e+01
1.792285156250000000e+01
1.792309570312500000e+01
1.792333984375000000e+01
1.792358398437500000e+01
1.792382812500000000e+01
1.792407226562500000e+01
1.792431640625000000e+01
1.792456054687500000e+01
1.792480468750000000e+01
1.792504882812500000e+01
1.792529296875000000e+01
1.792553710937500000e+01
1.792578125000000000e+01
1.792602539062500000e+01
1.792626953125000000e+01
1.792651367187500000e+01
1.792675781250000000e+01
1.792700195312500000e+01
1.792724609375000000e+01
1.792749023437500000e+01
1.792773437500000000e+01
1.792797851562500000e+01
1.792822265625000000e+01
1.792846679687500000e+01
1.792871093750000000e+01
1.792895507812500000e+01
1.792919921875000000e+01
1.792944335937500000e+01
1.792968750000000000e+01
1.792993164062500000e+01
1.793017578125000000e+01
1.793041992187500000e+01
1.793066406250000000e+01
1.793090820312500000e+01
1.793115234375000000e+01
1.793139648437500000e+01
1.793164062500000000e+01
1.793188476562500000e+01
1.793212890625000000e+01
1.793237304687500000e+01
1.793261718750000000e+01
1.793286132812500000e+01
1.793310546875000000e+01
1.793334960937500000e+01
1.793359375000000000e+01
1.793383789062500000e+01
1.793408203125000000e+01
1.793432617187500000e+01
1.793457031250000000e+01
1.793481445312500000e+01
1.793505859375000000e+01
1.793530273437500000e+01
1.793554687500000000e+01
1.793579101562500000e+01
1.793603515625000000e+01
1.793627929687500000e+01
1.793652343750000000e+01
1.793676757812500000e+01
1.793701171875000000e+01
1.793725585937500000e+01
1.793750000000000000e+01
1.793774414062500000e+01
1.793798828125000000e+01
1.793823242187500000e+01
1.793847656250000000e+01
1.793872070312500000e+01
1.793896484375000000e+01
1.793920898437500000e+01
1.793945312500000000e+01
1.793969726562500000e+01
1.793994140625000000e+01
1.794018554687500000e+01
1.794042968750000000e+01
1.794067382812500000e+01
1.794091796875000000e+01
1.794116210937500000e+01
1.794140625000000000e+01
1.794165039062500000e+01
1.794189453125000000e+01
1.794213867187500000e+01
1.794238281250000000e+01
1.794262695312500000e+01
1.794287109375000000e+01
1.794311523437500000e+01
1.794335937500000000e+01
1.794360351562500000e+01
1.794384765625000000e+01
1.794409179687500000e+01
1.794433593750000000e+01
1.794458007812500000e+01
1.794482421875000000e+01
1.794506835937500000e+01
1.794531250000000000e+01
1.794555664062500000e+01
1.794580078125000000e+01
1.794604492187500000e+01
1.794628906250000000e+01
1.794653320312500000e+01
1.794677734375000000e+01
1.794702148437500000e+01
1.794726562500000000e+01
1.794750976562500000e+01
1.794775390625000000e+01
1.794799804687500000e+01
1.794824218750000000e+01
1.794848632812500000e+01
1.794873046875000000e+01
1.794897460937500000e+01
1.794921875000000000e+01
1.794946289062500000e+01
1.794970703125000000e+01
1.794995117187500000e+01
1.795019531250000000e+01
1.795043945312500000e+01
1.795068359375000000e+01
1.795092773437500000e+01
1.795117187500000000e+01
1.795141601562500000e+01
1.795166015625000000e+01
1.795190429687500000e+01
1.795214843750000000e+01
1.795239257812500000e+01
1.795263671875000000e+01
1.795288085937500000e+01
1.795312500000000000e+01
1.795336914062500000e+01
1.795361328125000000e+01
1.795385742187500000e+01
1.795410156250000000e+01
1.795434570312500000e+01
1.795458984375000000e+01
1.795483398437500000e+01
1.795507812500000000e+01
1.795532226562500000e+01
1.795556640625000000e+01
1.795581054687500000e+01
1.795605468750000000e+01
1.795629882812500000e+01
1.795654296875000000e+01
1.795678710937500000e+01
1.795703125000000000e+01
1.795727539062500000e+01
1.795751953125000000e+01
1.795776367187500000e+01
1.795800781250000000e+01
1.795825195312500000e+01
1.795849609375000000e+01
1.795874023437500000e+01
1.795898437500000000e+01
1.795922851562500000e+01
1.795947265625000000e+01
1.795971679687500000e+01
1.795996093750000000e+01
1.796020507812500000e+01
1.796044921875000000e+01
1.796069335937500000e+01
1.796093750000000000e+01
1.796118164062500000e+01
1.796142578125000000e+01
1.796166992187500000e+01
1.796191406250000000e+01
1.796215820312500000e+01
1.796240234375000000e+01
1.796264648437500000e+01
1.796289062500000000e+01
1.796313476562500000e+01
1.796337890625000000e+01
1.796362304687500000e+01
1.796386718750000000e+01
1.796411132812500000e+01
1.796435546875000000e+01
1.796459960937500000e+01
1.796484375000000000e+01
1.796508789062500000e+01
1.796533203125000000e+01
1.796557617187500000e+01
1.796582031250000000e+01
1.796606445312500000e+01
1.796630859375000000e+01
1.796655273437500000e+01
1.796679687500000000e+01
1.796704101562500000e+01
1.796728515625000000e+01
1.796752929687500000e+01
1.796777343750000000e+01
1.796801757812500000e+01
1.796826171875000000e+01
1.796850585937500000e+01
1.796875000000000000e+01
1.796899414062500000e+01
1.796923828125000000e+01
1.796948242187500000e+01
1.796972656250000000e+01
1.796997070312500000e+01
1.797021484375000000e+01
1.797045898437500000e+01
1.797070312500000000e+01
1.797094726562500000e+01
1.797119140625000000e+01
1.797143554687500000e+01
1.797167968750000000e+01
1.797192382812500000e+01
1.797216796875000000e+01
1.797241210937500000e+01
1.797265625000000000e+01
1.797290039062500000e+01
1.797314453125000000e+01
1.797338867187500000e+01
1.797363281250000000e+01
1.797387695312500000e+01
1.797412109375000000e+01
1.797436523437500000e+01
1.797460937500000000e+01
1.797485351562500000e+01
1.797509765625000000e+01
1.797534179687500000e+01
1.797558593750000000e+01
1.797583007812500000e+01
1.797607421875000000e+01
1.797631835937500000e+01
1.797656250000000000e+01
1.797680664062500000e+01
1.797705078125000000e+01
1.797729492187500000e+01
1.797753906250000000e+01
1.797778320312500000e+01
1.797802734375000000e+01
1.797827148437500000e+01
1.797851562500000000e+01
1.797875976562500000e+01
1.797900390625000000e+01
1.797924804687500000e+01
1.797949218750000000e+01
1.797973632812500000e+01
1.797998046875000000e+01
1.798022460937500000e+01
1.798046875000000000e+01
1.798071289062500000e+01
1.798095703125000000e+01
1.798120117187500000e+01
1.798144531250000000e+01
1.798168945312500000e+01
1.798193359375000000e+01
1.798217773437500000e+01
1.798242187500000000e+01
1.798266601562500000e+01
1.798291015625000000e+01
1.798315429687500000e+01
1.798339843750000000e+01
1.798364257812500000e+01
1.798388671875000000e+01
1.798413085937500000e+01
1.798437500000000000e+01
1.798461914062500000e+01
1.798486328125000000e+01
1.798510742187500000e+01
1.798535156250000000e+01
1.798559570312500000e+01
1.798583984375000000e+01
1.798608398437500000e+01
1.798632812500000000e+01
1.798657226562500000e+01
1.798681640625000000e+01
1.798706054687500000e+01
1.798730468750000000e+01
1.798754882812500000e+01
1.798779296875000000e+01
1.798803710937500000e+01
1.798828125000000000e+01
1.798852539062500000e+01
1.798876953125000000e+01
1.798901367187500000e+01
1.798925781250000000e+01
1.798950195312500000e+01
1.798974609375000000e+01
1.798999023437500000e+01
1.799023437500000000e+01
1.799047851562500000e+01
1.799072265625000000e+01
1.799096679687500000e+01
1.799121093750000000e+01
1.799145507812500000e+01
1.799169921875000000e+01
1.799194335937500000e+01
1.799218750000000000e+01
1.799243164062500000e+01
1.799267578125000000e+01
1.799291992187500000e+01
1.799316406250000000e+01
1.799340820312500000e+01
1.799365234375000000e+01
1.799389648437500000e+01
1.799414062500000000e+01
1.799438476562500000e+01
1.799462890625000000e+01
1.799487304687500000e+01
1.799511718750000000e+01
1.799536132812500000e+01
1.799560546875000000e+01
1.799584960937500000e+01
1.799609375000000000e+01
1.799633789062500000e+01
1.799658203125000000e+01
1.799682617187500000e+01
1.799707031250000000e+01
1.799731445312500000e+01
1.799755859375000000e+01
1.799780273437500000e+01
1.799804687500000000e+01
1.799829101562500000e+01
1.799853515625000000e+01
1.799877929687500000e+01
1.799902343750000000e+01
1.799926757812500000e+01
1.799951171875000000e+01
1.799975585937500000e+01
1.800000000000000000e+01
1.800024414062500000e+01
1.800048828125000000e+01
1.800073242187500000e+01
1.800097656250000000e+01
1.800122070312500000e+01
1.800146484375000000e+01
1.800170898437500000e+01
1.800195312500000000e+01
1.800219726562500000e+01
1.800244140625000000e+01
1.800268554687500000e+01
1.800292968750000000e+01
1.800317382812500000e+01
1.800341796875000000e+01
1.800366210937500000e+01
1.800390625000000000e+01
1.800415039062500000e+01
1.800439453125000000e+01
1.800463867187500000e+01
1.800488281250000000e+01
1.800512695312500000e+01
1.800537109375000000e+01
1.800561523437500000e+01
1.800585937500000000e+01
1.800610351562500000e+01
1.800634765625000000e+01
1.800659179687500000e+01
1.800683593750000000e+01
1.800708007812500000e+01
1.800732421875000000e+01
1.800756835937500000e+01
1.800781250000000000e+01
1.800805664062500000e+01
1.800830078125000000e+01
1.800854492187500000e+01
1.800878906250000000e+01
1.800903320312500000e+01
1.800927734375000000e+01
1.800952148437500000e+01
1.800976562500000000e+01
1.801000976562500000e+01
1.801025390625000000e+01
1.801049804687500000e+01
1.801074218750000000e+01
1.801098632812500000e+01
1.801123046875000000e+01
1.801147460937500000e+01
1.801171875000000000e+01
1.801196289062500000e+01
1.801220703125000000e+01
1.801245117187500000e+01
1.801269531250000000e+01
1.801293945312500000e+01
1.801318359375000000e+01
1.801342773437500000e+01
1.801367187500000000e+01
1.801391601562500000e+01
1.801416015625000000e+01
1.801440429687500000e+01
1.801464843750000000e+01
1.801489257812500000e+01
1.801513671875000000e+01
1.801538085937500000e+01
1.801562500000000000e+01
1.801586914062500000e+01
1.801611328125000000e+01
1.801635742187500000e+01
1.801660156250000000e+01
1.801684570312500000e+01
1.801708984375000000e+01
1.801733398437500000e+01
1.801757812500000000e+01
1.801782226562500000e+01
1.801806640625000000e+01
1.801831054687500000e+01
1.801855468750000000e+01
1.801879882812500000e+01
1.801904296875000000e+01
1.801928710937500000e+01
1.801953125000000000e+01
1.801977539062500000e+01
1.802001953125000000e+01
1.802026367187500000e+01
1.802050781250000000e+01
1.802075195312500000e+01
1.802099609375000000e+01
1.802124023437500000e+01
1.802148437500000000e+01
1.802172851562500000e+01
1.802197265625000000e+01
1.802221679687500000e+01
1.802246093750000000e+01
1.802270507812500000e+01
1.802294921875000000e+01
1.802319335937500000e+01
1.802343750000000000e+01
1.802368164062500000e+01
1.802392578125000000e+01
1.802416992187500000e+01
1.802441406250000000e+01
1.802465820312500000e+01
1.802490234375000000e+01
1.802514648437500000e+01
1.802539062500000000e+01
1.802563476562500000e+01
1.802587890625000000e+01
1.802612304687500000e+01
1.802636718750000000e+01
1.802661132812500000e+01
1.802685546875000000e+01
1.802709960937500000e+01
1.802734375000000000e+01
1.802758789062500000e+01
1.802783203125000000e+01
1.802807617187500000e+01
1.802832031250000000e+01
1.802856445312500000e+01
1.802880859375000000e+01
1.802905273437500000e+01
1.802929687500000000e+01
1.802954101562500000e+01
1.802978515625000000e+01
1.803002929687500000e+01
1.803027343750000000e+01
1.803051757812500000e+01
1.803076171875000000e+01
1.803100585937500000e+01
1.803125000000000000e+01
1.803149414062500000e+01
1.803173828125000000e+01
1.803198242187500000e+01
1.803222656250000000e+01
1.803247070312500000e+01
1.803271484375000000e+01
1.803295898437500000e+01
1.803320312500000000e+01
1.803344726562500000e+01
1.803369140625000000e+01
1.803393554687500000e+01
1.803417968750000000e+01
1.803442382812500000e+01
1.803466796875000000e+01
1.803491210937500000e+01
1.803515625000000000e+01
1.803540039062500000e+01
1.803564453125000000e+01
1.803588867187500000e+01
1.803613281250000000e+01
1.803637695312500000e+01
1.803662109375000000e+01
1.803686523437500000e+01
1.803710937500000000e+01
1.803735351562500000e+01
1.803759765625000000e+01
1.803784179687500000e+01
1.803808593750000000e+01
1.803833007812500000e+01
1.803857421875000000e+01
1.803881835937500000e+01
1.803906250000000000e+01
1.803930664062500000e+01
1.803955078125000000e+01
1.803979492187500000e+01
1.804003906250000000e+01
1.804028320312500000e+01
1.804052734375000000e+01
1.804077148437500000e+01
1.804101562500000000e+01
1.804125976562500000e+01
1.804150390625000000e+01
1.804174804687500000e+01
1.804199218750000000e+01
1.804223632812500000e+01
1.804248046875000000e+01
1.804272460937500000e+01
1.804296875000000000e+01
1.804321289062500000e+01
1.804345703125000000e+01
1.804370117187500000e+01
1.804394531250000000e+01
1.804418945312500000e+01
1.804443359375000000e+01
1.804467773437500000e+01
1.804492187500000000e+01
1.804516601562500000e+01
1.804541015625000000e+01
1.804565429687500000e+01
1.804589843750000000e+01
1.804614257812500000e+01
1.804638671875000000e+01
1.804663085937500000e+01
1.804687500000000000e+01
1.804711914062500000e+01
1.804736328125000000e+01
1.804760742187500000e+01
1.804785156250000000e+01
1.804809570312500000e+01
1.804833984375000000e+01
1.804858398437500000e+01
1.804882812500000000e+01
1.804907226562500000e+01
1.804931640625000000e+01
1.804956054687500000e+01
1.804980468750000000e+01
1.805004882812500000e+01
1.805029296875000000e+01
1.805053710937500000e+01
1.805078125000000000e+01
1.805102539062500000e+01
1.805126953125000000e+01
1.805151367187500000e+01
1.805175781250000000e+01
1.805200195312500000e+01
1.805224609375000000e+01
1.805249023437500000e+01
1.805273437500000000e+01
1.805297851562500000e+01
1.805322265625000000e+01
1.805346679687500000e+01
1.805371093750000000e+01
1.805395507812500000e+01
1.805419921875000000e+01
1.805444335937500000e+01
1.805468750000000000e+01
1.805493164062500000e+01
1.805517578125000000e+01
1.805541992187500000e+01
1.805566406250000000e+01
1.805590820312500000e+01
1.805615234375000000e+01
1.805639648437500000e+01
1.805664062500000000e+01
1.805688476562500000e+01
1.805712890625000000e+01
1.805737304687500000e+01
1.805761718750000000e+01
1.805786132812500000e+01
1.805810546875000000e+01
1.805834960937500000e+01
1.805859375000000000e+01
1.805883789062500000e+01
1.805908203125000000e+01
1.805932617187500000e+01
1.805957031250000000e+01
1.805981445312500000e+01
1.806005859375000000e+01
1.806030273437500000e+01
1.806054687500000000e+01
1.806079101562500000e+01
1.806103515625000000e+01
1.806127929687500000e+01
1.806152343750000000e+01
1.806176757812500000e+01
1.806201171875000000e+01
1.806225585937500000e+01
1.806250000000000000e+01
1.806274414062500000e+01
1.806298828125000000e+01
1.806323242187500000e+01
1.806347656250000000e+01
1.806372070312500000e+01
1.806396484375000000e+01
1.806420898437500000e+01
1.806445312500000000e+01
1.806469726562500000e+01
1.806494140625000000e+01
1.806518554687500000e+01
1.806542968750000000e+01
1.806567382812500000e+01
1.806591796875000000e+01
1.806616210937500000e+01
1.806640625000000000e+01
1.806665039062500000e+01
1.806689453125000000e+01
1.806713867187500000e+01
1.806738281250000000e+01
1.806762695312500000e+01
1.806787109375000000e+01
1.806811523437500000e+01
1.806835937500000000e+01
1.806860351562500000e+01
1.806884765625000000e+01
1.806909179687500000e+01
1.806933593750000000e+01
1.806958007812500000e+01
1.806982421875000000e+01
1.807006835937500000e+01
1.807031250000000000e+01
1.807055664062500000e+01
1.807080078125000000e+01
1.807104492187500000e+01
1.807128906250000000e+01
1.807153320312500000e+01
1.807177734375000000e+01
1.807202148437500000e+01
1.807226562500000000e+01
1.807250976562500000e+01
1.807275390625000000e+01
1.807299804687500000e+01
1.807324218750000000e+01
1.807348632812500000e+01
1.807373046875000000e+01
1.807397460937500000e+01
1.807421875000000000e+01
1.807446289062500000e+01
1.807470703125000000e+01
1.807495117187500000e+01
1.807519531250000000e+01
1.807543945312500000e+01
1.807568359375000000e+01
1.807592773437500000e+01
1.807617187500000000e+01
1.807641601562500000e+01
1.807666015625000000e+01
1.807690429687500000e+01
1.807714843750000000e+01
1.807739257812500000e+01
1.807763671875000000e+01
1.807788085937500000e+01
1.807812500000000000e+01
1.807836914062500000e+01
1.807861328125000000e+01
1.807885742187500000e+01
1.807910156250000000e+01
1.807934570312500000e+01
1.807958984375000000e+01
1.807983398437500000e+01
1.808007812500000000e+01
1.808032226562500000e+01
1.808056640625000000e+01
1.808081054687500000e+01
1.808105468750000000e+01
1.808129882812500000e+01
1.808154296875000000e+01
1.808178710937500000e+01
1.808203125000000000e+01
1.808227539062500000e+01
1.808251953125000000e+01
1.808276367187500000e+01
1.808300781250000000e+01
1.808325195312500000e+01
1.808349609375000000e+01
1.808374023437500000e+01
1.808398437500000000e+01
1.808422851562500000e+01
1.808447265625000000e+01
1.808471679687500000e+01
1.808496093750000000e+01
1.808520507812500000e+01
1.808544921875000000e+01
1.808569335937500000e+01
1.808593750000000000e+01
1.808618164062500000e+01
1.808642578125000000e+01
1.808666992187500000e+01
1.808691406250000000e+01
1.808715820312500000e+01
1.808740234375000000e+01
1.808764648437500000e+01
1.808789062500000000e+01
1.808813476562500000e+01
1.808837890625000000e+01
1.808862304687500000e+01
1.808886718750000000e+01
1.808911132812500000e+01
1.808935546875000000e+01
1.808959960937500000e+01
1.808984375000000000e+01
1.809008789062500000e+01
1.809033203125000000e+01
1.809057617187500000e+01
1.809082031250000000e+01
1.809106445312500000e+01
1.809130859375000000e+01
1.809155273437500000e+01
1.809179687500000000e+01
1.809204101562500000e+01
1.809228515625000000e+01
1.809252929687500000e+01
1.809277343750000000e+01
1.809301757812500000e+01
1.809326171875000000e+01
1.809350585937500000e+01
1.809375000000000000e+01
1.809399414062500000e+01
1.809423828125000000e+01
1.809448242187500000e+01
1.809472656250000000e+01
1.809497070312500000e+01
1.809521484375000000e+01
1.809545898437500000e+01
1.809570312500000000e+01
1.809594726562500000e+01
1.809619140625000000e+01
1.809643554687500000e+01
1.809667968750000000e+01
1.809692382812500000e+01
1.809716796875000000e+01
1.809741210937500000e+01
1.809765625000000000e+01
1.809790039062500000e+01
1.809814453125000000e+01
1.809838867187500000e+01
1.809863281250000000e+01
1.809887695312500000e+01
1.809912109375000000e+01
1.809936523437500000e+01
1.809960937500000000e+01
1.809985351562500000e+01
1.810009765625000000e+01
1.810034179687500000e+01
1.810058593750000000e+01
1.810083007812500000e+01
1.810107421875000000e+01
1.810131835937500000e+01
1.810156250000000000e+01
1.810180664062500000e+01
1.810205078125000000e+01
1.810229492187500000e+01
1.810253906250000000e+01
1.810278320312500000e+01
1.810302734375000000e+01
1.810327148437500000e+01
1.810351562500000000e+01
1.810375976562500000e+01
1.810400390625000000e+01
1.810424804687500000e+01
1.810449218750000000e+01
1.810473632812500000e+01
1.810498046875000000e+01
1.810522460937500000e+01
1.810546875000000000e+01
1.810571289062500000e+01
1.810595703125000000e+01
1.810620117187500000e+01
1.810644531250000000e+01
1.810668945312500000e+01
1.810693359375000000e+01
1.810717773437500000e+01
1.810742187500000000e+01
1.810766601562500000e+01
1.810791015625000000e+01
1.810815429687500000e+01
1.810839843750000000e+01
1.810864257812500000e+01
1.810888671875000000e+01
1.810913085937500000e+01
1.810937500000000000e+01
1.810961914062500000e+01
1.810986328125000000e+01
1.811010742187500000e+01
1.811035156250000000e+01
1.811059570312500000e+01
1.811083984375000000e+01
1.811108398437500000e+01
1.811132812500000000e+01
1.811157226562500000e+01
1.811181640625000000e+01
1.811206054687500000e+01
1.811230468750000000e+01
1.811254882812500000e+01
1.811279296875000000e+01
1.811303710937500000e+01
1.811328125000000000e+01
1.811352539062500000e+01
1.811376953125000000e+01
1.811401367187500000e+01
1.811425781250000000e+01
1.811450195312500000e+01
1.811474609375000000e+01
1.811499023437500000e+01
1.811523437500000000e+01
1.811547851562500000e+01
1.811572265625000000e+01
1.811596679687500000e+01
1.811621093750000000e+01
1.811645507812500000e+01
1.811669921875000000e+01
1.811694335937500000e+01
1.811718750000000000e+01
1.811743164062500000e+01
1.811767578125000000e+01
1.811791992187500000e+01
1.811816406250000000e+01
1.811840820312500000e+01
1.811865234375000000e+01
1.811889648437500000e+01
1.811914062500000000e+01
1.811938476562500000e+01
1.811962890625000000e+01
1.811987304687500000e+01
1.812011718750000000e+01
1.812036132812500000e+01
1.812060546875000000e+01
1.812084960937500000e+01
1.812109375000000000e+01
1.812133789062500000e+01
1.812158203125000000e+01
1.812182617187500000e+01
1.812207031250000000e+01
1.812231445312500000e+01
1.812255859375000000e+01
1.812280273437500000e+01
1.812304687500000000e+01
1.812329101562500000e+01
1.812353515625000000e+01
1.812377929687500000e+01
1.812402343750000000e+01
1.812426757812500000e+01
1.812451171875000000e+01
1.812475585937500000e+01
1.812500000000000000e+01
1.812524414062500000e+01
1.812548828125000000e+01
1.812573242187500000e+01
1.812597656250000000e+01
1.812622070312500000e+01
1.812646484375000000e+01
1.812670898437500000e+01
1.812695312500000000e+01
1.812719726562500000e+01
1.812744140625000000e+01
1.812768554687500000e+01
1.812792968750000000e+01
1.812817382812500000e+01
1.812841796875000000e+01
1.812866210937500000e+01
1.812890625000000000e+01
1.812915039062500000e+01
1.812939453125000000e+01
1.812963867187500000e+01
1.812988281250000000e+01
1.813012695312500000e+01
1.813037109375000000e+01
1.813061523437500000e+01
1.813085937500000000e+01
1.813110351562500000e+01
1.813134765625000000e+01
1.813159179687500000e+01
1.813183593750000000e+01
1.813208007812500000e+01
1.813232421875000000e+01
1.813256835937500000e+01
1.813281250000000000e+01
1.813305664062500000e+01
1.813330078125000000e+01
1.813354492187500000e+01
1.813378906250000000e+01
1.813403320312500000e+01
1.813427734375000000e+01
1.813452148437500000e+01
1.813476562500000000e+01
1.813500976562500000e+01
1.813525390625000000e+01
1.813549804687500000e+01
1.813574218750000000e+01
1.813598632812500000e+01
1.813623046875000000e+01
1.813647460937500000e+01
1.813671875000000000e+01
1.813696289062500000e+01
1.813720703125000000e+01
1.813745117187500000e+01
1.813769531250000000e+01
1.813793945312500000e+01
1.813818359375000000e+01
1.813842773437500000e+01
1.813867187500000000e+01
1.813891601562500000e+01
1.813916015625000000e+01
1.813940429687500000e+01
1.813964843750000000e+01
1.813989257812500000e+01
1.814013671875000000e+01
1.814038085937500000e+01
1.814062500000000000e+01
1.814086914062500000e+01
1.814111328125000000e+01
1.814135742187500000e+01
1.814160156250000000e+01
1.814184570312500000e+01
1.814208984375000000e+01
1.814233398437500000e+01
1.814257812500000000e+01
1.814282226562500000e+01
1.814306640625000000e+01
1.814331054687500000e+01
1.814355468750000000e+01
1.814379882812500000e+01
1.814404296875000000e+01
1.814428710937500000e+01
1.814453125000000000e+01
1.814477539062500000e+01
1.814501953125000000e+01
1.814526367187500000e+01
1.814550781250000000e+01
1.814575195312500000e+01
1.814599609375000000e+01
1.814624023437500000e+01
1.814648437500000000e+01
1.814672851562500000e+01
1.814697265625000000e+01
1.814721679687500000e+01
1.814746093750000000e+01
1.814770507812500000e+01
1.814794921875000000e+01
1.814819335937500000e+01
1.814843750000000000e+01
1.814868164062500000e+01
1.814892578125000000e+01
1.814916992187500000e+01
1.814941406250000000e+01
1.814965820312500000e+01
1.814990234375000000e+01
1.815014648437500000e+01
1.815039062500000000e+01
1.815063476562500000e+01
1.815087890625000000e+01
1.815112304687500000e+01
1.815136718750000000e+01
1.815161132812500000e+01
1.815185546875000000e+01
1.815209960937500000e+01
1.815234375000000000e+01
1.815258789062500000e+01
1.815283203125000000e+01
1.815307617187500000e+01
1.815332031250000000e+01
1.815356445312500000e+01
1.815380859375000000e+01
1.815405273437500000e+01
1.815429687500000000e+01
1.815454101562500000e+01
1.815478515625000000e+01
1.815502929687500000e+01
1.815527343750000000e+01
1.815551757812500000e+01
1.815576171875000000e+01
1.815600585937500000e+01
1.815625000000000000e+01
1.815649414062500000e+01
1.815673828125000000e+01
1.815698242187500000e+01
1.815722656250000000e+01
1.815747070312500000e+01
1.815771484375000000e+01
1.815795898437500000e+01
1.815820312500000000e+01
1.815844726562500000e+01
1.815869140625000000e+01
1.815893554687500000e+01
1.815917968750000000e+01
1.815942382812500000e+01
1.815966796875000000e+01
1.815991210937500000e+01
1.816015625000000000e+01
1.816040039062500000e+01
1.816064453125000000e+01
1.816088867187500000e+01
1.816113281250000000e+01
1.816137695312500000e+01
1.816162109375000000e+01
1.816186523437500000e+01
1.816210937500000000e+01
1.816235351562500000e+01
1.816259765625000000e+01
1.816284179687500000e+01
1.816308593750000000e+01
1.816333007812500000e+01
1.816357421875000000e+01
1.816381835937500000e+01
1.816406250000000000e+01
1.816430664062500000e+01
1.816455078125000000e+01
1.816479492187500000e+01
1.816503906250000000e+01
1.816528320312500000e+01
1.816552734375000000e+01
1.816577148437500000e+01
1.816601562500000000e+01
1.816625976562500000e+01
1.816650390625000000e+01
1.816674804687500000e+01
1.816699218750000000e+01
1.816723632812500000e+01
1.816748046875000000e+01
1.816772460937500000e+01
1.816796875000000000e+01
1.816821289062500000e+01
1.816845703125000000e+01
1.816870117187500000e+01
1.816894531250000000e+01
1.816918945312500000e+01
1.816943359375000000e+01
1.816967773437500000e+01
1.816992187500000000e+01
1.817016601562500000e+01
1.817041015625000000e+01
1.817065429687500000e+01
1.817089843750000000e+01
1.817114257812500000e+01
1.817138671875000000e+01
1.817163085937500000e+01
1.817187500000000000e+01
1.817211914062500000e+01
1.817236328125000000e+01
1.817260742187500000e+01
1.817285156250000000e+01
1.817309570312500000e+01
1.817333984375000000e+01
1.817358398437500000e+01
1.817382812500000000e+01
1.817407226562500000e+01
1.817431640625000000e+01
1.817456054687500000e+01
1.817480468750000000e+01
1.817504882812500000e+01
1.817529296875000000e+01
1.817553710937500000e+01
1.817578125000000000e+01
1.817602539062500000e+01
1.817626953125000000e+01
1.817651367187500000e+01
1.817675781250000000e+01
1.817700195312500000e+01
1.817724609375000000e+01
1.817749023437500000e+01
1.817773437500000000e+01
1.817797851562500000e+01
1.817822265625000000e+01
1.817846679687500000e+01
1.817871093750000000e+01
1.817895507812500000e+01
1.817919921875000000e+01
1.817944335937500000e+01
1.817968750000000000e+01
1.817993164062500000e+01
1.818017578125000000e+01
1.818041992187500000e+01
1.818066406250000000e+01
1.818090820312500000e+01
1.818115234375000000e+01
1.818139648437500000e+01
1.818164062500000000e+01
1.818188476562500000e+01
1.818212890625000000e+01
1.818237304687500000e+01
1.818261718750000000e+01
1.818286132812500000e+01
1.818310546875000000e+01
1.818334960937500000e+01
1.818359375000000000e+01
1.818383789062500000e+01
1.818408203125000000e+01
1.818432617187500000e+01
1.818457031250000000e+01
1.818481445312500000e+01
1.818505859375000000e+01
1.818530273437500000e+01
1.818554687500000000e+01
1.818579101562500000e+01
1.818603515625000000e+01
1.818627929687500000e+01
1.818652343750000000e+01
1.818676757812500000e+01
1.818701171875000000e+01
1.818725585937500000e+01
1.818750000000000000e+01
1.818774414062500000e+01
1.818798828125000000e+01
1.818823242187500000e+01
1.818847656250000000e+01
1.818872070312500000e+01
1.818896484375000000e+01
1.818920898437500000e+01
1.818945312500000000e+01
1.818969726562500000e+01
1.818994140625000000e+01
1.819018554687500000e+01
1.819042968750000000e+01
1.819067382812500000e+01
1.819091796875000000e+01
1.819116210937500000e+01
1.819140625000000000e+01
1.819165039062500000e+01
1.819189453125000000e+01
1.819213867187500000e+01
1.819238281250000000e+01
1.819262695312500000e+01
1.819287109375000000e+01
1.819311523437500000e+01
1.819335937500000000e+01
1.819360351562500000e+01
1.819384765625000000e+01
1.819409179687500000e+01
1.819433593750000000e+01
1.819458007812500000e+01
1.819482421875000000e+01
1.819506835937500000e+01
1.819531250000000000e+01
1.819555664062500000e+01
1.819580078125000000e+01
1.819604492187500000e+01
1.819628906250000000e+01
1.819653320312500000e+01
1.819677734375000000e+01
1.819702148437500000e+01
1.819726562500000000e+01
1.819750976562500000e+01
1.819775390625000000e+01
1.819799804687500000e+01
1.819824218750000000e+01
1.819848632812500000e+01
1.819873046875000000e+01
1.819897460937500000e+01
1.819921875000000000e+01
1.819946289062500000e+01
1.819970703125000000e+01
1.819995117187500000e+01
1.820019531250000000e+01
1.820043945312500000e+01
1.820068359375000000e+01
1.820092773437500000e+01
1.820117187500000000e+01
1.820141601562500000e+01
1.820166015625000000e+01
1.820190429687500000e+01
1.820214843750000000e+01
1.820239257812500000e+01
1.820263671875000000e+01
1.820288085937500000e+01
1.820312500000000000e+01
1.820336914062500000e+01
1.820361328125000000e+01
1.820385742187500000e+01
1.820410156250000000e+01
1.820434570312500000e+01
1.820458984375000000e+01
1.820483398437500000e+01
1.820507812500000000e+01
1.820532226562500000e+01
1.820556640625000000e+01
1.820581054687500000e+01
1.820605468750000000e+01
1.820629882812500000e+01
1.820654296875000000e+01
1.820678710937500000e+01
1.820703125000000000e+01
1.820727539062500000e+01
1.820751953125000000e+01
1.820776367187500000e+01
1.820800781250000000e+01
1.820825195312500000e+01
1.820849609375000000e+01
1.820874023437500000e+01
1.820898437500000000e+01
1.820922851562500000e+01
1.820947265625000000e+01
1.820971679687500000e+01
1.820996093750000000e+01
1.821020507812500000e+01
1.821044921875000000e+01
1.821069335937500000e+01
1.821093750000000000e+01
1.821118164062500000e+01
1.821142578125000000e+01
1.821166992187500000e+01
1.821191406250000000e+01
1.821215820312500000e+01
1.821240234375000000e+01
1.821264648437500000e+01
1.821289062500000000e+01
1.821313476562500000e+01
1.821337890625000000e+01
1.821362304687500000e+01
1.821386718750000000e+01
1.821411132812500000e+01
1.821435546875000000e+01
1.821459960937500000e+01
1.821484375000000000e+01
1.821508789062500000e+01
1.821533203125000000e+01
1.821557617187500000e+01
1.821582031250000000e+01
1.821606445312500000e+01
1.821630859375000000e+01
1.821655273437500000e+01
1.821679687500000000e+01
1.821704101562500000e+01
1.821728515625000000e+01
1.821752929687500000e+01
1.821777343750000000e+01
1.821801757812500000e+01
1.821826171875000000e+01
1.821850585937500000e+01
1.821875000000000000e+01
1.821899414062500000e+01
1.821923828125000000e+01
1.821948242187500000e+01
1.821972656250000000e+01
1.821997070312500000e+01
1.822021484375000000e+01
1.822045898437500000e+01
1.822070312500000000e+01
1.822094726562500000e+01
1.822119140625000000e+01
1.822143554687500000e+01
1.822167968750000000e+01
1.822192382812500000e+01
1.822216796875000000e+01
1.822241210937500000e+01
1.822265625000000000e+01
1.822290039062500000e+01
1.822314453125000000e+01
1.822338867187500000e+01
1.822363281250000000e+01
1.822387695312500000e+01
1.822412109375000000e+01
1.822436523437500000e+01
1.822460937500000000e+01
1.822485351562500000e+01
1.822509765625000000e+01
1.822534179687500000e+01
1.822558593750000000e+01
1.822583007812500000e+01
1.822607421875000000e+01
1.822631835937500000e+01
1.822656250000000000e+01
1.822680664062500000e+01
1.822705078125000000e+01
1.822729492187500000e+01
1.822753906250000000e+01
1.822778320312500000e+01
1.822802734375000000e+01
1.822827148437500000e+01
1.822851562500000000e+01
1.822875976562500000e+01
1.822900390625000000e+01
1.822924804687500000e+01
1.822949218750000000e+01
1.822973632812500000e+01
1.822998046875000000e+01
1.823022460937500000e+01
1.823046875000000000e+01
1.823071289062500000e+01
1.823095703125000000e+01
1.823120117187500000e+01
1.823144531250000000e+01
1.823168945312500000e+01
1.823193359375000000e+01
1.823217773437500000e+01
1.823242187500000000e+01
1.823266601562500000e+01
1.823291015625000000e+01
1.823315429687500000e+01
1.823339843750000000e+01
1.823364257812500000e+01
1.823388671875000000e+01
1.823413085937500000e+01
1.823437500000000000e+01
1.823461914062500000e+01
1.823486328125000000e+01
1.823510742187500000e+01
1.823535156250000000e+01
1.823559570312500000e+01
1.823583984375000000e+01
1.823608398437500000e+01
1.823632812500000000e+01
1.823657226562500000e+01
1.823681640625000000e+01
1.823706054687500000e+01
1.823730468750000000e+01
1.823754882812500000e+01
1.823779296875000000e+01
1.823803710937500000e+01
1.823828125000000000e+01
1.823852539062500000e+01
1.823876953125000000e+01
1.823901367187500000e+01
1.823925781250000000e+01
1.823950195312500000e+01
1.823974609375000000e+01
1.823999023437500000e+01
1.824023437500000000e+01
1.824047851562500000e+01
1.824072265625000000e+01
1.824096679687500000e+01
1.824121093750000000e+01
1.824145507812500000e+01
1.824169921875000000e+01
1.824194335937500000e+01
1.824218750000000000e+01
1.824243164062500000e+01
1.824267578125000000e+01
1.824291992187500000e+01
1.824316406250000000e+01
1.824340820312500000e+01
1.824365234375000000e+01
1.824389648437500000e+01
1.824414062500000000e+01
1.824438476562500000e+01
1.824462890625000000e+01
1.824487304687500000e+01
1.824511718750000000e+01
1.824536132812500000e+01
1.824560546875000000e+01
1.824584960937500000e+01
1.824609375000000000e+01
1.824633789062500000e+01
1.824658203125000000e+01
1.824682617187500000e+01
1.824707031250000000e+01
1.824731445312500000e+01
1.824755859375000000e+01
1.824780273437500000e+01
1.824804687500000000e+01
1.824829101562500000e+01
1.824853515625000000e+01
1.824877929687500000e+01
1.824902343750000000e+01
1.824926757812500000e+01
1.824951171875000000e+01
1.824975585937500000e+01
1.825000000000000000e+01
1.825024414062500000e+01
1.825048828125000000e+01
1.825073242187500000e+01
1.825097656250000000e+01
1.825122070312500000e+01
1.825146484375000000e+01
1.825170898437500000e+01
1.825195312500000000e+01
1.825219726562500000e+01
1.825244140625000000e+01
1.825268554687500000e+01
1.825292968750000000e+01
1.825317382812500000e+01
1.825341796875000000e+01
1.825366210937500000e+01
1.825390625000000000e+01
1.825415039062500000e+01
1.825439453125000000e+01
1.825463867187500000e+01
1.825488281250000000e+01
1.825512695312500000e+01
1.825537109375000000e+01
1.825561523437500000e+01
1.825585937500000000e+01
1.825610351562500000e+01
1.825634765625000000e+01
1.825659179687500000e+01
1.825683593750000000e+01
1.825708007812500000e+01
1.825732421875000000e+01
1.825756835937500000e+01
1.825781250000000000e+01
1.825805664062500000e+01
1.825830078125000000e+01
1.825854492187500000e+01
1.825878906250000000e+01
1.825903320312500000e+01
1.825927734375000000e+01
1.825952148437500000e+01
1.825976562500000000e+01
1.826000976562500000e+01
1.826025390625000000e+01
1.826049804687500000e+01
1.826074218750000000e+01
1.826098632812500000e+01
1.826123046875000000e+01
1.826147460937500000e+01
1.826171875000000000e+01
1.826196289062500000e+01
1.826220703125000000e+01
1.826245117187500000e+01
1.826269531250000000e+01
1.826293945312500000e+01
1.826318359375000000e+01
1.826342773437500000e+01
1.826367187500000000e+01
1.826391601562500000e+01
1.826416015625000000e+01
1.826440429687500000e+01
1.826464843750000000e+01
1.826489257812500000e+01
1.826513671875000000e+01
1.826538085937500000e+01
1.826562500000000000e+01
1.826586914062500000e+01
1.826611328125000000e+01
1.826635742187500000e+01
1.826660156250000000e+01
1.826684570312500000e+01
1.826708984375000000e+01
1.826733398437500000e+01
1.826757812500000000e+01
1.826782226562500000e+01
1.826806640625000000e+01
1.826831054687500000e+01
1.826855468750000000e+01
1.826879882812500000e+01
1.826904296875000000e+01
1.826928710937500000e+01
1.826953125000000000e+01
1.826977539062500000e+01
1.827001953125000000e+01
1.827026367187500000e+01
1.827050781250000000e+01
1.827075195312500000e+01
1.827099609375000000e+01
1.827124023437500000e+01
1.827148437500000000e+01
1.827172851562500000e+01
1.827197265625000000e+01
1.827221679687500000e+01
1.827246093750000000e+01
1.827270507812500000e+01
1.827294921875000000e+01
1.827319335937500000e+01
1.827343750000000000e+01
1.827368164062500000e+01
1.827392578125000000e+01
1.827416992187500000e+01
1.827441406250000000e+01
1.827465820312500000e+01
1.827490234375000000e+01
1.827514648437500000e+01
1.827539062500000000e+01
1.827563476562500000e+01
1.827587890625000000e+01
1.827612304687500000e+01
1.827636718750000000e+01
1.827661132812500000e+01
1.827685546875000000e+01
1.827709960937500000e+01
1.827734375000000000e+01
1.827758789062500000e+01
1.827783203125000000e+01
1.827807617187500000e+01
1.827832031250000000e+01
1.827856445312500000e+01
1.827880859375000000e+01
1.827905273437500000e+01
1.827929687500000000e+01
1.827954101562500000e+01
1.827978515625000000e+01
1.828002929687500000e+01
1.828027343750000000e+01
1.828051757812500000e+01
1.828076171875000000e+01
1.828100585937500000e+01
1.828125000000000000e+01
1.828149414062500000e+01
1.828173828125000000e+01
1.828198242187500000e+01
1.828222656250000000e+01
1.828247070312500000e+01
1.828271484375000000e+01
1.828295898437500000e+01
1.828320312500000000e+01
1.828344726562500000e+01
1.828369140625000000e+01
1.828393554687500000e+01
1.828417968750000000e+01
1.828442382812500000e+01
1.828466796875000000e+01
1.828491210937500000e+01
1.828515625000000000e+01
1.828540039062500000e+01
1.828564453125000000e+01
1.828588867187500000e+01
1.828613281250000000e+01
1.828637695312500000e+01
1.828662109375000000e+01
1.828686523437500000e+01
1.828710937500000000e+01
1.828735351562500000e+01
1.828759765625000000e+01
1.828784179687500000e+01
1.828808593750000000e+01
1.828833007812500000e+01
1.828857421875000000e+01
1.828881835937500000e+01
1.828906250000000000e+01
1.828930664062500000e+01
1.828955078125000000e+01
1.828979492187500000e+01
1.829003906250000000e+01
1.829028320312500000e+01
1.829052734375000000e+01
1.829077148437500000e+01
1.829101562500000000e+01
1.829125976562500000e+01
1.829150390625000000e+01
1.829174804687500000e+01
1.829199218750000000e+01
1.829223632812500000e+01
1.829248046875000000e+01
1.829272460937500000e+01
1.829296875000000000e+01
1.829321289062500000e+01
1.829345703125000000e+01
1.829370117187500000e+01
1.829394531250000000e+01
1.829418945312500000e+01
1.829443359375000000e+01
1.829467773437500000e+01
1.829492187500000000e+01
1.829516601562500000e+01
1.829541015625000000e+01
1.829565429687500000e+01
1.829589843750000000e+01
1.829614257812500000e+01
1.829638671875000000e+01
1.829663085937500000e+01
1.829687500000000000e+01
1.829711914062500000e+01
1.829736328125000000e+01
1.829760742187500000e+01
1.829785156250000000e+01
1.829809570312500000e+01
1.829833984375000000e+01
1.829858398437500000e+01
1.829882812500000000e+01
1.829907226562500000e+01
1.829931640625000000e+01
1.829956054687500000e+01
1.829980468750000000e+01
1.830004882812500000e+01
1.830029296875000000e+01
1.830053710937500000e+01
1.830078125000000000e+01
1.830102539062500000e+01
1.830126953125000000e+01
1.830151367187500000e+01
1.830175781250000000e+01
1.830200195312500000e+01
1.830224609375000000e+01
1.830249023437500000e+01
1.830273437500000000e+01
1.830297851562500000e+01
1.830322265625000000e+01
1.830346679687500000e+01
1.830371093750000000e+01
1.830395507812500000e+01
1.830419921875000000e+01
1.830444335937500000e+01
1.830468750000000000e+01
1.830493164062500000e+01
1.830517578125000000e+01
1.830541992187500000e+01
1.830566406250000000e+01
1.830590820312500000e+01
1.830615234375000000e+01
1.830639648437500000e+01
1.830664062500000000e+01
1.830688476562500000e+01
1.830712890625000000e+01
1.830737304687500000e+01
1.830761718750000000e+01
1.830786132812500000e+01
1.830810546875000000e+01
1.830834960937500000e+01
1.830859375000000000e+01
1.830883789062500000e+01
1.830908203125000000e+01
1.830932617187500000e+01
1.830957031250000000e+01
1.830981445312500000e+01
1.831005859375000000e+01
1.831030273437500000e+01
1.831054687500000000e+01
1.831079101562500000e+01
1.831103515625000000e+01
1.831127929687500000e+01
1.831152343750000000e+01
1.831176757812500000e+01
1.831201171875000000e+01
1.831225585937500000e+01
1.831250000000000000e+01
1.831274414062500000e+01
1.831298828125000000e+01
1.831323242187500000e+01
1.831347656250000000e+01
1.831372070312500000e+01
1.831396484375000000e+01
1.831420898437500000e+01
1.831445312500000000e+01
1.831469726562500000e+01
1.831494140625000000e+01
1.831518554687500000e+01
1.831542968750000000e+01
1.831567382812500000e+01
1.831591796875000000e+01
1.831616210937500000e+01
1.831640625000000000e+01
1.831665039062500000e+01
1.831689453125000000e+01
1.831713867187500000e+01
1.831738281250000000e+01
1.831762695312500000e+01
1.831787109375000000e+01
1.831811523437500000e+01
1.831835937500000000e+01
1.831860351562500000e+01
1.831884765625000000e+01
1.831909179687500000e+01
1.831933593750000000e+01
1.831958007812500000e+01
1.831982421875000000e+01
1.832006835937500000e+01
1.832031250000000000e+01
1.832055664062500000e+01
1.832080078125000000e+01
1.832104492187500000e+01
1.832128906250000000e+01
1.832153320312500000e+01
1.832177734375000000e+01
1.832202148437500000e+01
1.832226562500000000e+01
1.832250976562500000e+01
1.832275390625000000e+01
1.832299804687500000e+01
1.832324218750000000e+01
1.832348632812500000e+01
1.832373046875000000e+01
1.832397460937500000e+01
1.832421875000000000e+01
1.832446289062500000e+01
1.832470703125000000e+01
1.832495117187500000e+01
1.832519531250000000e+01
1.832543945312500000e+01
1.832568359375000000e+01
1.832592773437500000e+01
1.832617187500000000e+01
1.832641601562500000e+01
1.832666015625000000e+01
1.832690429687500000e+01
1.832714843750000000e+01
1.832739257812500000e+01
1.832763671875000000e+01
1.832788085937500000e+01
1.832812500000000000e+01
1.832836914062500000e+01
1.832861328125000000e+01
1.832885742187500000e+01
1.832910156250000000e+01
1.832934570312500000e+01
1.832958984375000000e+01
1.832983398437500000e+01
1.833007812500000000e+01
1.833032226562500000e+01
1.833056640625000000e+01
1.833081054687500000e+01
1.833105468750000000e+01
1.833129882812500000e+01
1.833154296875000000e+01
1.833178710937500000e+01
1.833203125000000000e+01
1.833227539062500000e+01
1.833251953125000000e+01
1.833276367187500000e+01
1.833300781250000000e+01
1.833325195312500000e+01
1.833349609375000000e+01
1.833374023437500000e+01
1.833398437500000000e+01
1.833422851562500000e+01
1.833447265625000000e+01
1.833471679687500000e+01
1.833496093750000000e+01
1.833520507812500000e+01
1.833544921875000000e+01
1.833569335937500000e+01
1.833593750000000000e+01
1.833618164062500000e+01
1.833642578125000000e+01
1.833666992187500000e+01
1.833691406250000000e+01
1.833715820312500000e+01
1.833740234375000000e+01
1.833764648437500000e+01
1.833789062500000000e+01
1.833813476562500000e+01
1.833837890625000000e+01
1.833862304687500000e+01
1.833886718750000000e+01
1.833911132812500000e+01
1.833935546875000000e+01
1.833959960937500000e+01
1.833984375000000000e+01
1.834008789062500000e+01
1.834033203125000000e+01
1.834057617187500000e+01
1.834082031250000000e+01
1.834106445312500000e+01
1.834130859375000000e+01
1.834155273437500000e+01
1.834179687500000000e+01
1.834204101562500000e+01
1.834228515625000000e+01
1.834252929687500000e+01
1.834277343750000000e+01
1.834301757812500000e+01
1.834326171875000000e+01
1.834350585937500000e+01
1.834375000000000000e+01
1.834399414062500000e+01
1.834423828125000000e+01
1.834448242187500000e+01
1.834472656250000000e+01
1.834497070312500000e+01
1.834521484375000000e+01
1.834545898437500000e+01
1.834570312500000000e+01
1.834594726562500000e+01
1.834619140625000000e+01
1.834643554687500000e+01
1.834667968750000000e+01
1.834692382812500000e+01
1.834716796875000000e+01
1.834741210937500000e+01
1.834765625000000000e+01
1.834790039062500000e+01
1.834814453125000000e+01
1.834838867187500000e+01
1.834863281250000000e+01
1.834887695312500000e+01
1.834912109375000000e+01
1.834936523437500000e+01
1.834960937500000000e+01
1.834985351562500000e+01
1.835009765625000000e+01
1.835034179687500000e+01
1.835058593750000000e+01
1.835083007812500000e+01
1.835107421875000000e+01
1.835131835937500000e+01
1.835156250000000000e+01
1.835180664062500000e+01
1.835205078125000000e+01
1.835229492187500000e+01
1.835253906250000000e+01
1.835278320312500000e+01
1.835302734375000000e+01
1.835327148437500000e+01
1.835351562500000000e+01
1.835375976562500000e+01
1.835400390625000000e+01
1.835424804687500000e+01
1.835449218750000000e+01
1.835473632812500000e+01
1.835498046875000000e+01
1.835522460937500000e+01
1.835546875000000000e+01
1.835571289062500000e+01
1.835595703125000000e+01
1.835620117187500000e+01
1.835644531250000000e+01
1.835668945312500000e+01
1.835693359375000000e+01
1.835717773437500000e+01
1.835742187500000000e+01
1.835766601562500000e+01
1.835791015625000000e+01
1.835815429687500000e+01
1.835839843750000000e+01
1.835864257812500000e+01
1.835888671875000000e+01
1.835913085937500000e+01
1.835937500000000000e+01
1.835961914062500000e+01
1.835986328125000000e+01
1.836010742187500000e+01
1.836035156250000000e+01
1.836059570312500000e+01
1.836083984375000000e+01
1.836108398437500000e+01
1.836132812500000000e+01
1.836157226562500000e+01
1.836181640625000000e+01
1.836206054687500000e+01
1.836230468750000000e+01
1.836254882812500000e+01
1.836279296875000000e+01
1.836303710937500000e+01
1.836328125000000000e+01
1.836352539062500000e+01
1.836376953125000000e+01
1.836401367187500000e+01
1.836425781250000000e+01
1.836450195312500000e+01
1.836474609375000000e+01
1.836499023437500000e+01
1.836523437500000000e+01
1.836547851562500000e+01
1.836572265625000000e+01
1.836596679687500000e+01
1.836621093750000000e+01
1.836645507812500000e+01
1.836669921875000000e+01
1.836694335937500000e+01
1.836718750000000000e+01
1.836743164062500000e+01
1.836767578125000000e+01
1.836791992187500000e+01
1.836816406250000000e+01
1.836840820312500000e+01
1.836865234375000000e+01
1.836889648437500000e+01
1.836914062500000000e+01
1.836938476562500000e+01
1.836962890625000000e+01
1.836987304687500000e+01
1.837011718750000000e+01
1.837036132812500000e+01
1.837060546875000000e+01
1.837084960937500000e+01
1.837109375000000000e+01
1.837133789062500000e+01
1.837158203125000000e+01
1.837182617187500000e+01
1.837207031250000000e+01
1.837231445312500000e+01
1.837255859375000000e+01
1.837280273437500000e+01
1.837304687500000000e+01
1.837329101562500000e+01
1.837353515625000000e+01
1.837377929687500000e+01
1.837402343750000000e+01
1.837426757812500000e+01
1.837451171875000000e+01
1.837475585937500000e+01
1.837500000000000000e+01
1.837524414062500000e+01
1.837548828125000000e+01
1.837573242187500000e+01
1.837597656250000000e+01
1.837622070312500000e+01
1.837646484375000000e+01
1.837670898437500000e+01
1.837695312500000000e+01
1.837719726562500000e+01
1.837744140625000000e+01
1.837768554687500000e+01
1.837792968750000000e+01
1.837817382812500000e+01
1.837841796875000000e+01
1.837866210937500000e+01
1.837890625000000000e+01
1.837915039062500000e+01
1.837939453125000000e+01
1.837963867187500000e+01
1.837988281250000000e+01
1.838012695312500000e+01
1.838037109375000000e+01
1.838061523437500000e+01
1.838085937500000000e+01
1.838110351562500000e+01
1.838134765625000000e+01
1.838159179687500000e+01
1.838183593750000000e+01
1.838208007812500000e+01
1.838232421875000000e+01
1.838256835937500000e+01
1.838281250000000000e+01
1.838305664062500000e+01
1.838330078125000000e+01
1.838354492187500000e+01
1.838378906250000000e+01
1.838403320312500000e+01
1.838427734375000000e+01
1.838452148437500000e+01
1.838476562500000000e+01
1.838500976562500000e+01
1.838525390625000000e+01
1.838549804687500000e+01
1.838574218750000000e+01
1.838598632812500000e+01
1.838623046875000000e+01
1.838647460937500000e+01
1.838671875000000000e+01
1.838696289062500000e+01
1.838720703125000000e+01
1.838745117187500000e+01
1.838769531250000000e+01
1.838793945312500000e+01
1.838818359375000000e+01
1.838842773437500000e+01
1.838867187500000000e+01
1.838891601562500000e+01
1.838916015625000000e+01
1.838940429687500000e+01
1.838964843750000000e+01
1.838989257812500000e+01
1.839013671875000000e+01
1.839038085937500000e+01
1.839062500000000000e+01
1.839086914062500000e+01
1.839111328125000000e+01
1.839135742187500000e+01
1.839160156250000000e+01
1.839184570312500000e+01
1.839208984375000000e+01
1.839233398437500000e+01
1.839257812500000000e+01
1.839282226562500000e+01
1.839306640625000000e+01
1.839331054687500000e+01
1.839355468750000000e+01
1.839379882812500000e+01
1.839404296875000000e+01
1.839428710937500000e+01
1.839453125000000000e+01
1.839477539062500000e+01
1.839501953125000000e+01
1.839526367187500000e+01
1.839550781250000000e+01
1.839575195312500000e+01
1.839599609375000000e+01
1.839624023437500000e+01
1.839648437500000000e+01
1.839672851562500000e+01
1.839697265625000000e+01
1.839721679687500000e+01
1.839746093750000000e+01
1.839770507812500000e+01
1.839794921875000000e+01
1.839819335937500000e+01
1.839843750000000000e+01
1.839868164062500000e+01
1.839892578125000000e+01
1.839916992187500000e+01
1.839941406250000000e+01
1.839965820312500000e+01
1.839990234375000000e+01
1.840014648437500000e+01
1.840039062500000000e+01
1.840063476562500000e+01
1.840087890625000000e+01
1.840112304687500000e+01
1.840136718750000000e+01
1.840161132812500000e+01
1.840185546875000000e+01
1.840209960937500000e+01
1.840234375000000000e+01
1.840258789062500000e+01
1.840283203125000000e+01
1.840307617187500000e+01
1.840332031250000000e+01
1.840356445312500000e+01
1.840380859375000000e+01
1.840405273437500000e+01
1.840429687500000000e+01
1.840454101562500000e+01
1.840478515625000000e+01
1.840502929687500000e+01
1.840527343750000000e+01
1.840551757812500000e+01
1.840576171875000000e+01
1.840600585937500000e+01
1.840625000000000000e+01
1.840649414062500000e+01
1.840673828125000000e+01
1.840698242187500000e+01
1.840722656250000000e+01
1.840747070312500000e+01
1.840771484375000000e+01
1.840795898437500000e+01
1.840820312500000000e+01
1.840844726562500000e+01
1.840869140625000000e+01
1.840893554687500000e+01
1.840917968750000000e+01
1.840942382812500000e+01
1.840966796875000000e+01
1.840991210937500000e+01
1.841015625000000000e+01
1.841040039062500000e+01
1.841064453125000000e+01
1.841088867187500000e+01
1.841113281250000000e+01
1.841137695312500000e+01
1.841162109375000000e+01
1.841186523437500000e+01
1.841210937500000000e+01
1.841235351562500000e+01
1.841259765625000000e+01
1.841284179687500000e+01
1.841308593750000000e+01
1.841333007812500000e+01
1.841357421875000000e+01
1.841381835937500000e+01
1.841406250000000000e+01
1.841430664062500000e+01
1.841455078125000000e+01
1.841479492187500000e+01
1.841503906250000000e+01
1.841528320312500000e+01
1.841552734375000000e+01
1.841577148437500000e+01
1.841601562500000000e+01
1.841625976562500000e+01
1.841650390625000000e+01
1.841674804687500000e+01
1.841699218750000000e+01
1.841723632812500000e+01
1.841748046875000000e+01
1.841772460937500000e+01
1.841796875000000000e+01
1.841821289062500000e+01
1.841845703125000000e+01
1.841870117187500000e+01
1.841894531250000000e+01
1.841918945312500000e+01
1.841943359375000000e+01
1.841967773437500000e+01
1.841992187500000000e+01
1.842016601562500000e+01
1.842041015625000000e+01
1.842065429687500000e+01
1.842089843750000000e+01
1.842114257812500000e+01
1.842138671875000000e+01
1.842163085937500000e+01
1.842187500000000000e+01
1.842211914062500000e+01
1.842236328125000000e+01
1.842260742187500000e+01
1.842285156250000000e+01
1.842309570312500000e+01
1.842333984375000000e+01
1.842358398437500000e+01
1.842382812500000000e+01
1.842407226562500000e+01
1.842431640625000000e+01
1.842456054687500000e+01
1.842480468750000000e+01
1.842504882812500000e+01
1.842529296875000000e+01
1.842553710937500000e+01
1.842578125000000000e+01
1.842602539062500000e+01
1.842626953125000000e+01
1.842651367187500000e+01
1.842675781250000000e+01
1.842700195312500000e+01
1.842724609375000000e+01
1.842749023437500000e+01
1.842773437500000000e+01
1.842797851562500000e+01
1.842822265625000000e+01
1.842846679687500000e+01
1.842871093750000000e+01
1.842895507812500000e+01
1.842919921875000000e+01
1.842944335937500000e+01
1.842968750000000000e+01
1.842993164062500000e+01
1.843017578125000000e+01
1.843041992187500000e+01
1.843066406250000000e+01
1.843090820312500000e+01
1.843115234375000000e+01
1.843139648437500000e+01
1.843164062500000000e+01
1.843188476562500000e+01
1.843212890625000000e+01
1.843237304687500000e+01
1.843261718750000000e+01
1.843286132812500000e+01
1.843310546875000000e+01
1.843334960937500000e+01
1.843359375000000000e+01
1.843383789062500000e+01
1.843408203125000000e+01
1.843432617187500000e+01
1.843457031250000000e+01
1.843481445312500000e+01
1.843505859375000000e+01
1.843530273437500000e+01
1.843554687500000000e+01
1.843579101562500000e+01
1.843603515625000000e+01
1.843627929687500000e+01
1.843652343750000000e+01
1.843676757812500000e+01
1.843701171875000000e+01
1.843725585937500000e+01
1.843750000000000000e+01
1.843774414062500000e+01
1.843798828125000000e+01
1.843823242187500000e+01
1.843847656250000000e+01
1.843872070312500000e+01
1.843896484375000000e+01
1.843920898437500000e+01
1.843945312500000000e+01
1.843969726562500000e+01
1.843994140625000000e+01
1.844018554687500000e+01
1.844042968750000000e+01
1.844067382812500000e+01
1.844091796875000000e+01
1.844116210937500000e+01
1.844140625000000000e+01
1.844165039062500000e+01
1.844189453125000000e+01
1.844213867187500000e+01
1.844238281250000000e+01
1.844262695312500000e+01
1.844287109375000000e+01
1.844311523437500000e+01
1.844335937500000000e+01
1.844360351562500000e+01
1.844384765625000000e+01
1.844409179687500000e+01
1.844433593750000000e+01
1.844458007812500000e+01
1.844482421875000000e+01
1.844506835937500000e+01
1.844531250000000000e+01
1.844555664062500000e+01
1.844580078125000000e+01
1.844604492187500000e+01
1.844628906250000000e+01
1.844653320312500000e+01
1.844677734375000000e+01
1.844702148437500000e+01
1.844726562500000000e+01
1.844750976562500000e+01
1.844775390625000000e+01
1.844799804687500000e+01
1.844824218750000000e+01
1.844848632812500000e+01
1.844873046875000000e+01
1.844897460937500000e+01
1.844921875000000000e+01
1.844946289062500000e+01
1.844970703125000000e+01
1.844995117187500000e+01
1.845019531250000000e+01
1.845043945312500000e+01
1.845068359375000000e+01
1.845092773437500000e+01
1.845117187500000000e+01
1.845141601562500000e+01
1.845166015625000000e+01
1.845190429687500000e+01
1.845214843750000000e+01
1.845239257812500000e+01
1.845263671875000000e+01
1.845288085937500000e+01
1.845312500000000000e+01
1.845336914062500000e+01
1.845361328125000000e+01
1.845385742187500000e+01
1.845410156250000000e+01
1.845434570312500000e+01
1.845458984375000000e+01
1.845483398437500000e+01
1.845507812500000000e+01
1.845532226562500000e+01
1.845556640625000000e+01
1.845581054687500000e+01
1.845605468750000000e+01
1.845629882812500000e+01
1.845654296875000000e+01
1.845678710937500000e+01
1.845703125000000000e+01
1.845727539062500000e+01
1.845751953125000000e+01
1.845776367187500000e+01
1.845800781250000000e+01
1.845825195312500000e+01
1.845849609375000000e+01
1.845874023437500000e+01
1.845898437500000000e+01
1.845922851562500000e+01
1.845947265625000000e+01
1.845971679687500000e+01
1.845996093750000000e+01
1.846020507812500000e+01
1.846044921875000000e+01
1.846069335937500000e+01
1.846093750000000000e+01
1.846118164062500000e+01
1.846142578125000000e+01
1.846166992187500000e+01
1.846191406250000000e+01
1.846215820312500000e+01
1.846240234375000000e+01
1.846264648437500000e+01
1.846289062500000000e+01
1.846313476562500000e+01
1.846337890625000000e+01
1.846362304687500000e+01
1.846386718750000000e+01
1.846411132812500000e+01
1.846435546875000000e+01
1.846459960937500000e+01
1.846484375000000000e+01
1.846508789062500000e+01
1.846533203125000000e+01
1.846557617187500000e+01
1.846582031250000000e+01
1.846606445312500000e+01
1.846630859375000000e+01
1.846655273437500000e+01
1.846679687500000000e+01
1.846704101562500000e+01
1.846728515625000000e+01
1.846752929687500000e+01
1.846777343750000000e+01
1.846801757812500000e+01
1.846826171875000000e+01
1.846850585937500000e+01
1.846875000000000000e+01
1.846899414062500000e+01
1.846923828125000000e+01
1.846948242187500000e+01
1.846972656250000000e+01
1.846997070312500000e+01
1.847021484375000000e+01
1.847045898437500000e+01
1.847070312500000000e+01
1.847094726562500000e+01
1.847119140625000000e+01
1.847143554687500000e+01
1.847167968750000000e+01
1.847192382812500000e+01
1.847216796875000000e+01
1.847241210937500000e+01
1.847265625000000000e+01
1.847290039062500000e+01
1.847314453125000000e+01
1.847338867187500000e+01
1.847363281250000000e+01
1.847387695312500000e+01
1.847412109375000000e+01
1.847436523437500000e+01
1.847460937500000000e+01
1.847485351562500000e+01
1.847509765625000000e+01
1.847534179687500000e+01
1.847558593750000000e+01
1.847583007812500000e+01
1.847607421875000000e+01
1.847631835937500000e+01
1.847656250000000000e+01
1.847680664062500000e+01
1.847705078125000000e+01
1.847729492187500000e+01
1.847753906250000000e+01
1.847778320312500000e+01
1.847802734375000000e+01
1.847827148437500000e+01
1.847851562500000000e+01
1.847875976562500000e+01
1.847900390625000000e+01
1.847924804687500000e+01
1.847949218750000000e+01
1.847973632812500000e+01
1.847998046875000000e+01
1.848022460937500000e+01
1.848046875000000000e+01
1.848071289062500000e+01
1.848095703125000000e+01
1.848120117187500000e+01
1.848144531250000000e+01
1.848168945312500000e+01
1.848193359375000000e+01
1.848217773437500000e+01
1.848242187500000000e+01
1.848266601562500000e+01
1.848291015625000000e+01
1.848315429687500000e+01
1.848339843750000000e+01
1.848364257812500000e+01
1.848388671875000000e+01
1.848413085937500000e+01
1.848437500000000000e+01
1.848461914062500000e+01
1.848486328125000000e+01
1.848510742187500000e+01
1.848535156250000000e+01
1.848559570312500000e+01
1.848583984375000000e+01
1.848608398437500000e+01
1.848632812500000000e+01
1.848657226562500000e+01
1.848681640625000000e+01
1.848706054687500000e+01
1.848730468750000000e+01
1.848754882812500000e+01
1.848779296875000000e+01
1.848803710937500000e+01
1.848828125000000000e+01
1.848852539062500000e+01
1.848876953125000000e+01
1.848901367187500000e+01
1.848925781250000000e+01
1.848950195312500000e+01
1.848974609375000000e+01
1.848999023437500000e+01
1.849023437500000000e+01
1.849047851562500000e+01
1.849072265625000000e+01
1.849096679687500000e+01
1.849121093750000000e+01
1.849145507812500000e+01
1.849169921875000000e+01
1.849194335937500000e+01
1.849218750000000000e+01
1.849243164062500000e+01
1.849267578125000000e+01
1.849291992187500000e+01
1.849316406250000000e+01
1.849340820312500000e+01
1.849365234375000000e+01
1.849389648437500000e+01
1.849414062500000000e+01
1.849438476562500000e+01
1.849462890625000000e+01
1.849487304687500000e+01
1.849511718750000000e+01
1.849536132812500000e+01
1.849560546875000000e+01
1.849584960937500000e+01
1.849609375000000000e+01
1.849633789062500000e+01
1.849658203125000000e+01
1.849682617187500000e+01
1.849707031250000000e+01
1.849731445312500000e+01
1.849755859375000000e+01
1.849780273437500000e+01
1.849804687500000000e+01
1.849829101562500000e+01
1.849853515625000000e+01
1.849877929687500000e+01
1.849902343750000000e+01
1.849926757812500000e+01
1.849951171875000000e+01
1.849975585937500000e+01
1.850000000000000000e+01
1.850024414062500000e+01
1.850048828125000000e+01
1.850073242187500000e+01
1.850097656250000000e+01
1.850122070312500000e+01
1.850146484375000000e+01
1.850170898437500000e+01
1.850195312500000000e+01
1.850219726562500000e+01
1.850244140625000000e+01
1.850268554687500000e+01
1.850292968750000000e+01
1.850317382812500000e+01
1.850341796875000000e+01
1.850366210937500000e+01
1.850390625000000000e+01
1.850415039062500000e+01
1.850439453125000000e+01
1.850463867187500000e+01
1.850488281250000000e+01
1.850512695312500000e+01
1.850537109375000000e+01
1.850561523437500000e+01
1.850585937500000000e+01
1.850610351562500000e+01
1.850634765625000000e+01
1.850659179687500000e+01
1.850683593750000000e+01
1.850708007812500000e+01
1.850732421875000000e+01
1.850756835937500000e+01
1.850781250000000000e+01
1.850805664062500000e+01
1.850830078125000000e+01
1.850854492187500000e+01
1.850878906250000000e+01
1.850903320312500000e+01
1.850927734375000000e+01
1.850952148437500000e+01
1.850976562500000000e+01
1.851000976562500000e+01
1.851025390625000000e+01
1.851049804687500000e+01
1.851074218750000000e+01
1.851098632812500000e+01
1.851123046875000000e+01
1.851147460937500000e+01
1.851171875000000000e+01
1.851196289062500000e+01
1.851220703125000000e+01
1.851245117187500000e+01
1.851269531250000000e+01
1.851293945312500000e+01
1.851318359375000000e+01
1.851342773437500000e+01
1.851367187500000000e+01
1.851391601562500000e+01
1.851416015625000000e+01
1.851440429687500000e+01
1.851464843750000000e+01
1.851489257812500000e+01
1.851513671875000000e+01
1.851538085937500000e+01
1.851562500000000000e+01
1.851586914062500000e+01
1.851611328125000000e+01
1.851635742187500000e+01
1.851660156250000000e+01
1.851684570312500000e+01
1.851708984375000000e+01
1.851733398437500000e+01
1.851757812500000000e+01
1.851782226562500000e+01
1.851806640625000000e+01
1.851831054687500000e+01
1.851855468750000000e+01
1.851879882812500000e+01
1.851904296875000000e+01
1.851928710937500000e+01
1.851953125000000000e+01
1.851977539062500000e+01
1.852001953125000000e+01
1.852026367187500000e+01
1.852050781250000000e+01
1.852075195312500000e+01
1.852099609375000000e+01
1.852124023437500000e+01
1.852148437500000000e+01
1.852172851562500000e+01
1.852197265625000000e+01
1.852221679687500000e+01
1.852246093750000000e+01
1.852270507812500000e+01
1.852294921875000000e+01
1.852319335937500000e+01
1.852343750000000000e+01
1.852368164062500000e+01
1.852392578125000000e+01
1.852416992187500000e+01
1.852441406250000000e+01
1.852465820312500000e+01
1.852490234375000000e+01
1.852514648437500000e+01
1.852539062500000000e+01
1.852563476562500000e+01
1.852587890625000000e+01
1.852612304687500000e+01
1.852636718750000000e+01
1.852661132812500000e+01
1.852685546875000000e+01
1.852709960937500000e+01
1.852734375000000000e+01
1.852758789062500000e+01
1.852783203125000000e+01
1.852807617187500000e+01
1.852832031250000000e+01
1.852856445312500000e+01
1.852880859375000000e+01
1.852905273437500000e+01
1.852929687500000000e+01
1.852954101562500000e+01
1.852978515625000000e+01
1.853002929687500000e+01
1.853027343750000000e+01
1.853051757812500000e+01
1.853076171875000000e+01
1.853100585937500000e+01
1.853125000000000000e+01
1.853149414062500000e+01
1.853173828125000000e+01
1.853198242187500000e+01
1.853222656250000000e+01
1.853247070312500000e+01
1.853271484375000000e+01
1.853295898437500000e+01
1.853320312500000000e+01
1.853344726562500000e+01
1.853369140625000000e+01
1.853393554687500000e+01
1.853417968750000000e+01
1.853442382812500000e+01
1.853466796875000000e+01
1.853491210937500000e+01
1.853515625000000000e+01
1.853540039062500000e+01
1.853564453125000000e+01
1.853588867187500000e+01
1.853613281250000000e+01
1.853637695312500000e+01
1.853662109375000000e+01
1.853686523437500000e+01
1.853710937500000000e+01
1.853735351562500000e+01
1.853759765625000000e+01
1.853784179687500000e+01
1.853808593750000000e+01
1.853833007812500000e+01
1.853857421875000000e+01
1.853881835937500000e+01
1.853906250000000000e+01
1.853930664062500000e+01
1.853955078125000000e+01
1.853979492187500000e+01
1.854003906250000000e+01
1.854028320312500000e+01
1.854052734375000000e+01
1.854077148437500000e+01
1.854101562500000000e+01
1.854125976562500000e+01
1.854150390625000000e+01
1.854174804687500000e+01
1.854199218750000000e+01
1.854223632812500000e+01
1.854248046875000000e+01
1.854272460937500000e+01
1.854296875000000000e+01
1.854321289062500000e+01
1.854345703125000000e+01
1.854370117187500000e+01
1.854394531250000000e+01
1.854418945312500000e+01
1.854443359375000000e+01
1.854467773437500000e+01
1.854492187500000000e+01
1.854516601562500000e+01
1.854541015625000000e+01
1.854565429687500000e+01
1.854589843750000000e+01
1.854614257812500000e+01
1.854638671875000000e+01
1.854663085937500000e+01
1.854687500000000000e+01
1.854711914062500000e+01
1.854736328125000000e+01
1.854760742187500000e+01
1.854785156250000000e+01
1.854809570312500000e+01
1.854833984375000000e+01
1.854858398437500000e+01
1.854882812500000000e+01
1.854907226562500000e+01
1.854931640625000000e+01
1.854956054687500000e+01
1.854980468750000000e+01
1.855004882812500000e+01
1.855029296875000000e+01
1.855053710937500000e+01
1.855078125000000000e+01
1.855102539062500000e+01
1.855126953125000000e+01
1.855151367187500000e+01
1.855175781250000000e+01
1.855200195312500000e+01
1.855224609375000000e+01
1.855249023437500000e+01
1.855273437500000000e+01
1.855297851562500000e+01
1.855322265625000000e+01
1.855346679687500000e+01
1.855371093750000000e+01
1.855395507812500000e+01
1.855419921875000000e+01
1.855444335937500000e+01
1.855468750000000000e+01
1.855493164062500000e+01
1.855517578125000000e+01
1.855541992187500000e+01
1.855566406250000000e+01
1.855590820312500000e+01
1.855615234375000000e+01
1.855639648437500000e+01
1.855664062500000000e+01
1.855688476562500000e+01
1.855712890625000000e+01
1.855737304687500000e+01
1.855761718750000000e+01
1.855786132812500000e+01
1.855810546875000000e+01
1.855834960937500000e+01
1.855859375000000000e+01
1.855883789062500000e+01
1.855908203125000000e+01
1.855932617187500000e+01
1.855957031250000000e+01
1.855981445312500000e+01
1.856005859375000000e+01
1.856030273437500000e+01
1.856054687500000000e+01
1.856079101562500000e+01
1.856103515625000000e+01
1.856127929687500000e+01
1.856152343750000000e+01
1.856176757812500000e+01
1.856201171875000000e+01
1.856225585937500000e+01
1.856250000000000000e+01
1.856274414062500000e+01
1.856298828125000000e+01
1.856323242187500000e+01
1.856347656250000000e+01
1.856372070312500000e+01
1.856396484375000000e+01
1.856420898437500000e+01
1.856445312500000000e+01
1.856469726562500000e+01
1.856494140625000000e+01
1.856518554687500000e+01
1.856542968750000000e+01
1.856567382812500000e+01
1.856591796875000000e+01
1.856616210937500000e+01
1.856640625000000000e+01
1.856665039062500000e+01
1.856689453125000000e+01
1.856713867187500000e+01
1.856738281250000000e+01
1.856762695312500000e+01
1.856787109375000000e+01
1.856811523437500000e+01
1.856835937500000000e+01
1.856860351562500000e+01
1.856884765625000000e+01
1.856909179687500000e+01
1.856933593750000000e+01
1.856958007812500000e+01
1.856982421875000000e+01
1.857006835937500000e+01
1.857031250000000000e+01
1.857055664062500000e+01
1.857080078125000000e+01
1.857104492187500000e+01
1.857128906250000000e+01
1.857153320312500000e+01
1.857177734375000000e+01
1.857202148437500000e+01
1.857226562500000000e+01
1.857250976562500000e+01
1.857275390625000000e+01
1.857299804687500000e+01
1.857324218750000000e+01
1.857348632812500000e+01
1.857373046875000000e+01
1.857397460937500000e+01
1.857421875000000000e+01
1.857446289062500000e+01
1.857470703125000000e+01
1.857495117187500000e+01
1.857519531250000000e+01
1.857543945312500000e+01
1.857568359375000000e+01
1.857592773437500000e+01
1.857617187500000000e+01
1.857641601562500000e+01
1.857666015625000000e+01
1.857690429687500000e+01
1.857714843750000000e+01
1.857739257812500000e+01
1.857763671875000000e+01
1.857788085937500000e+01
1.857812500000000000e+01
1.857836914062500000e+01
1.857861328125000000e+01
1.857885742187500000e+01
1.857910156250000000e+01
1.857934570312500000e+01
1.857958984375000000e+01
1.857983398437500000e+01
1.858007812500000000e+01
1.858032226562500000e+01
1.858056640625000000e+01
1.858081054687500000e+01
1.858105468750000000e+01
1.858129882812500000e+01
1.858154296875000000e+01
1.858178710937500000e+01
1.858203125000000000e+01
1.858227539062500000e+01
1.858251953125000000e+01
1.858276367187500000e+01
1.858300781250000000e+01
1.858325195312500000e+01
1.858349609375000000e+01
1.858374023437500000e+01
1.858398437500000000e+01
1.858422851562500000e+01
1.858447265625000000e+01
1.858471679687500000e+01
1.858496093750000000e+01
1.858520507812500000e+01
1.858544921875000000e+01
1.858569335937500000e+01
1.858593750000000000e+01
1.858618164062500000e+01
1.858642578125000000e+01
1.858666992187500000e+01
1.858691406250000000e+01
1.858715820312500000e+01
1.858740234375000000e+01
1.858764648437500000e+01
1.858789062500000000e+01
1.858813476562500000e+01
1.858837890625000000e+01
1.858862304687500000e+01
1.858886718750000000e+01
1.858911132812500000e+01
1.858935546875000000e+01
1.858959960937500000e+01
1.858984375000000000e+01
1.859008789062500000e+01
1.859033203125000000e+01
1.859057617187500000e+01
1.859082031250000000e+01
1.859106445312500000e+01
1.859130859375000000e+01
1.859155273437500000e+01
1.859179687500000000e+01
1.859204101562500000e+01
1.859228515625000000e+01
1.859252929687500000e+01
1.859277343750000000e+01
1.859301757812500000e+01
1.859326171875000000e+01
1.859350585937500000e+01
1.859375000000000000e+01
1.859399414062500000e+01
1.859423828125000000e+01
1.859448242187500000e+01
1.859472656250000000e+01
1.859497070312500000e+01
1.859521484375000000e+01
1.859545898437500000e+01
1.859570312500000000e+01
1.859594726562500000e+01
1.859619140625000000e+01
1.859643554687500000e+01
1.859667968750000000e+01
1.859692382812500000e+01
1.859716796875000000e+01
1.859741210937500000e+01
1.859765625000000000e+01
1.859790039062500000e+01
1.859814453125000000e+01
1.859838867187500000e+01
1.859863281250000000e+01
1.859887695312500000e+01
1.859912109375000000e+01
1.859936523437500000e+01
1.859960937500000000e+01
1.859985351562500000e+01
1.860009765625000000e+01
1.860034179687500000e+01
1.860058593750000000e+01
1.860083007812500000e+01
1.860107421875000000e+01
1.860131835937500000e+01
1.860156250000000000e+01
1.860180664062500000e+01
1.860205078125000000e+01
1.860229492187500000e+01
1.860253906250000000e+01
1.860278320312500000e+01
1.860302734375000000e+01
1.860327148437500000e+01
1.860351562500000000e+01
1.860375976562500000e+01
1.860400390625000000e+01
1.860424804687500000e+01
1.860449218750000000e+01
1.860473632812500000e+01
1.860498046875000000e+01
1.860522460937500000e+01
1.860546875000000000e+01
1.860571289062500000e+01
1.860595703125000000e+01
1.860620117187500000e+01
1.860644531250000000e+01
1.860668945312500000e+01
1.860693359375000000e+01
1.860717773437500000e+01
1.860742187500000000e+01
1.860766601562500000e+01
1.860791015625000000e+01
1.860815429687500000e+01
1.860839843750000000e+01
1.860864257812500000e+01
1.860888671875000000e+01
1.860913085937500000e+01
1.860937500000000000e+01
1.860961914062500000e+01
1.860986328125000000e+01
1.861010742187500000e+01
1.861035156250000000e+01
1.861059570312500000e+01
1.861083984375000000e+01
1.861108398437500000e+01
1.861132812500000000e+01
1.861157226562500000e+01
1.861181640625000000e+01
1.861206054687500000e+01
1.861230468750000000e+01
1.861254882812500000e+01
1.861279296875000000e+01
1.861303710937500000e+01
1.861328125000000000e+01
1.861352539062500000e+01
1.861376953125000000e+01
1.861401367187500000e+01
1.861425781250000000e+01
1.861450195312500000e+01
1.861474609375000000e+01
1.861499023437500000e+01
1.861523437500000000e+01
1.861547851562500000e+01
1.861572265625000000e+01
1.861596679687500000e+01
1.861621093750000000e+01
1.861645507812500000e+01
1.861669921875000000e+01
1.861694335937500000e+01
1.861718750000000000e+01
1.861743164062500000e+01
1.861767578125000000e+01
1.861791992187500000e+01
1.861816406250000000e+01
1.861840820312500000e+01
1.861865234375000000e+01
1.861889648437500000e+01
1.861914062500000000e+01
1.861938476562500000e+01
1.861962890625000000e+01
1.861987304687500000e+01
1.862011718750000000e+01
1.862036132812500000e+01
1.862060546875000000e+01
1.862084960937500000e+01
1.862109375000000000e+01
1.862133789062500000e+01
1.862158203125000000e+01
1.862182617187500000e+01
1.862207031250000000e+01
1.862231445312500000e+01
1.862255859375000000e+01
1.862280273437500000e+01
1.862304687500000000e+01
1.862329101562500000e+01
1.862353515625000000e+01
1.862377929687500000e+01
1.862402343750000000e+01
1.862426757812500000e+01
1.862451171875000000e+01
1.862475585937500000e+01
1.862500000000000000e+01
1.862524414062500000e+01
1.862548828125000000e+01
1.862573242187500000e+01
1.862597656250000000e+01
1.862622070312500000e+01
1.862646484375000000e+01
1.862670898437500000e+01
1.862695312500000000e+01
1.862719726562500000e+01
1.862744140625000000e+01
1.862768554687500000e+01
1.862792968750000000e+01
1.862817382812500000e+01
1.862841796875000000e+01
1.862866210937500000e+01
1.862890625000000000e+01
1.862915039062500000e+01
1.862939453125000000e+01
1.862963867187500000e+01
1.862988281250000000e+01
1.863012695312500000e+01
1.863037109375000000e+01
1.863061523437500000e+01
1.863085937500000000e+01
1.863110351562500000e+01
1.863134765625000000e+01
1.863159179687500000e+01
1.863183593750000000e+01
1.863208007812500000e+01
1.863232421875000000e+01
1.863256835937500000e+01
1.863281250000000000e+01
1.863305664062500000e+01
1.863330078125000000e+01
1.863354492187500000e+01
1.863378906250000000e+01
1.863403320312500000e+01
1.863427734375000000e+01
1.863452148437500000e+01
1.863476562500000000e+01
1.863500976562500000e+01
1.863525390625000000e+01
1.863549804687500000e+01
1.863574218750000000e+01
1.863598632812500000e+01
1.863623046875000000e+01
1.863647460937500000e+01
1.863671875000000000e+01
1.863696289062500000e+01
1.863720703125000000e+01
1.863745117187500000e+01
1.863769531250000000e+01
1.863793945312500000e+01
1.863818359375000000e+01
1.863842773437500000e+01
1.863867187500000000e+01
1.863891601562500000e+01
1.863916015625000000e+01
1.863940429687500000e+01
1.863964843750000000e+01
1.863989257812500000e+01
1.864013671875000000e+01
1.864038085937500000e+01
1.864062500000000000e+01
1.864086914062500000e+01
1.864111328125000000e+01
1.864135742187500000e+01
1.864160156250000000e+01
1.864184570312500000e+01
1.864208984375000000e+01
1.864233398437500000e+01
1.864257812500000000e+01
1.864282226562500000e+01
1.864306640625000000e+01
1.864331054687500000e+01
1.864355468750000000e+01
1.864379882812500000e+01
1.864404296875000000e+01
1.864428710937500000e+01
1.864453125000000000e+01
1.864477539062500000e+01
1.864501953125000000e+01
1.864526367187500000e+01
1.864550781250000000e+01
1.864575195312500000e+01
1.864599609375000000e+01
1.864624023437500000e+01
1.864648437500000000e+01
1.864672851562500000e+01
1.864697265625000000e+01
1.864721679687500000e+01
1.864746093750000000e+01
1.864770507812500000e+01
1.864794921875000000e+01
1.864819335937500000e+01
1.864843750000000000e+01
1.864868164062500000e+01
1.864892578125000000e+01
1.864916992187500000e+01
1.864941406250000000e+01
1.864965820312500000e+01
1.864990234375000000e+01
1.865014648437500000e+01
1.865039062500000000e+01
1.865063476562500000e+01
1.865087890625000000e+01
1.865112304687500000e+01
1.865136718750000000e+01
1.865161132812500000e+01
1.865185546875000000e+01
1.865209960937500000e+01
1.865234375000000000e+01
1.865258789062500000e+01
1.865283203125000000e+01
1.865307617187500000e+01
1.865332031250000000e+01
1.865356445312500000e+01
1.865380859375000000e+01
1.865405273437500000e+01
1.865429687500000000e+01
1.865454101562500000e+01
1.865478515625000000e+01
1.865502929687500000e+01
1.865527343750000000e+01
1.865551757812500000e+01
1.865576171875000000e+01
1.865600585937500000e+01
1.865625000000000000e+01
1.865649414062500000e+01
1.865673828125000000e+01
1.865698242187500000e+01
1.865722656250000000e+01
1.865747070312500000e+01
1.865771484375000000e+01
1.865795898437500000e+01
1.865820312500000000e+01
1.865844726562500000e+01
1.865869140625000000e+01
1.865893554687500000e+01
1.865917968750000000e+01
1.865942382812500000e+01
1.865966796875000000e+01
1.865991210937500000e+01
1.866015625000000000e+01
1.866040039062500000e+01
1.866064453125000000e+01
1.866088867187500000e+01
1.866113281250000000e+01
1.866137695312500000e+01
1.866162109375000000e+01
1.866186523437500000e+01
1.866210937500000000e+01
1.866235351562500000e+01
1.866259765625000000e+01
1.866284179687500000e+01
1.866308593750000000e+01
1.866333007812500000e+01
1.866357421875000000e+01
1.866381835937500000e+01
1.866406250000000000e+01
1.866430664062500000e+01
1.866455078125000000e+01
1.866479492187500000e+01
1.866503906250000000e+01
1.866528320312500000e+01
1.866552734375000000e+01
1.866577148437500000e+01
1.866601562500000000e+01
1.866625976562500000e+01
1.866650390625000000e+01
1.866674804687500000e+01
1.866699218750000000e+01
1.866723632812500000e+01
1.866748046875000000e+01
1.866772460937500000e+01
1.866796875000000000e+01
1.866821289062500000e+01
1.866845703125000000e+01
1.866870117187500000e+01
1.866894531250000000e+01
1.866918945312500000e+01
1.866943359375000000e+01
1.866967773437500000e+01
1.866992187500000000e+01
1.867016601562500000e+01
1.867041015625000000e+01
1.867065429687500000e+01
1.867089843750000000e+01
1.867114257812500000e+01
1.867138671875000000e+01
1.867163085937500000e+01
1.867187500000000000e+01
1.867211914062500000e+01
1.867236328125000000e+01
1.867260742187500000e+01
1.867285156250000000e+01
1.867309570312500000e+01
1.867333984375000000e+01
1.867358398437500000e+01
1.867382812500000000e+01
1.867407226562500000e+01
1.867431640625000000e+01
1.867456054687500000e+01
1.867480468750000000e+01
1.867504882812500000e+01
1.867529296875000000e+01
1.867553710937500000e+01
1.867578125000000000e+01
1.867602539062500000e+01
1.867626953125000000e+01
1.867651367187500000e+01
1.867675781250000000e+01
1.867700195312500000e+01
1.867724609375000000e+01
1.867749023437500000e+01
1.867773437500000000e+01
1.867797851562500000e+01
1.867822265625000000e+01
1.867846679687500000e+01
1.867871093750000000e+01
1.867895507812500000e+01
1.867919921875000000e+01
1.867944335937500000e+01
1.867968750000000000e+01
1.867993164062500000e+01
1.868017578125000000e+01
1.868041992187500000e+01
1.868066406250000000e+01
1.868090820312500000e+01
1.868115234375000000e+01
1.868139648437500000e+01
1.868164062500000000e+01
1.868188476562500000e+01
1.868212890625000000e+01
1.868237304687500000e+01
1.868261718750000000e+01
1.868286132812500000e+01
1.868310546875000000e+01
1.868334960937500000e+01
1.868359375000000000e+01
1.868383789062500000e+01
1.868408203125000000e+01
1.868432617187500000e+01
1.868457031250000000e+01
1.868481445312500000e+01
1.868505859375000000e+01
1.868530273437500000e+01
1.868554687500000000e+01
1.868579101562500000e+01
1.868603515625000000e+01
1.868627929687500000e+01
1.868652343750000000e+01
1.868676757812500000e+01
1.868701171875000000e+01
1.868725585937500000e+01
1.868750000000000000e+01
1.868774414062500000e+01
1.868798828125000000e+01
1.868823242187500000e+01
1.868847656250000000e+01
1.868872070312500000e+01
1.868896484375000000e+01
1.868920898437500000e+01
1.868945312500000000e+01
1.868969726562500000e+01
1.868994140625000000e+01
1.869018554687500000e+01
1.869042968750000000e+01
1.869067382812500000e+01
1.869091796875000000e+01
1.869116210937500000e+01
1.869140625000000000e+01
1.869165039062500000e+01
1.869189453125000000e+01
1.869213867187500000e+01
1.869238281250000000e+01
1.869262695312500000e+01
1.869287109375000000e+01
1.869311523437500000e+01
1.869335937500000000e+01
1.869360351562500000e+01
1.869384765625000000e+01
1.869409179687500000e+01
1.869433593750000000e+01
1.869458007812500000e+01
1.869482421875000000e+01
1.869506835937500000e+01
1.869531250000000000e+01
1.869555664062500000e+01
1.869580078125000000e+01
1.869604492187500000e+01
1.869628906250000000e+01
1.869653320312500000e+01
1.869677734375000000e+01
1.869702148437500000e+01
1.869726562500000000e+01
1.869750976562500000e+01
1.869775390625000000e+01
1.869799804687500000e+01
1.869824218750000000e+01
1.869848632812500000e+01
1.869873046875000000e+01
1.869897460937500000e+01
1.869921875000000000e+01
1.869946289062500000e+01
1.869970703125000000e+01
1.869995117187500000e+01
1.870019531250000000e+01
1.870043945312500000e+01
1.870068359375000000e+01
1.870092773437500000e+01
1.870117187500000000e+01
1.870141601562500000e+01
1.870166015625000000e+01
1.870190429687500000e+01
1.870214843750000000e+01
1.870239257812500000e+01
1.870263671875000000e+01
1.870288085937500000e+01
1.870312500000000000e+01
1.870336914062500000e+01
1.870361328125000000e+01
1.870385742187500000e+01
1.870410156250000000e+01
1.870434570312500000e+01
1.870458984375000000e+01
1.870483398437500000e+01
1.870507812500000000e+01
1.870532226562500000e+01
1.870556640625000000e+01
1.870581054687500000e+01
1.870605468750000000e+01
1.870629882812500000e+01
1.870654296875000000e+01
1.870678710937500000e+01
1.870703125000000000e+01
1.870727539062500000e+01
1.870751953125000000e+01
1.870776367187500000e+01
1.870800781250000000e+01
1.870825195312500000e+01
1.870849609375000000e+01
1.870874023437500000e+01
1.870898437500000000e+01
1.870922851562500000e+01
1.870947265625000000e+01
1.870971679687500000e+01
1.870996093750000000e+01
1.871020507812500000e+01
1.871044921875000000e+01
1.871069335937500000e+01
1.871093750000000000e+01
1.871118164062500000e+01
1.871142578125000000e+01
1.871166992187500000e+01
1.871191406250000000e+01
1.871215820312500000e+01
1.871240234375000000e+01
1.871264648437500000e+01
1.871289062500000000e+01
1.871313476562500000e+01
1.871337890625000000e+01
1.871362304687500000e+01
1.871386718750000000e+01
1.871411132812500000e+01
1.871435546875000000e+01
1.871459960937500000e+01
1.871484375000000000e+01
1.871508789062500000e+01
1.871533203125000000e+01
1.871557617187500000e+01
1.871582031250000000e+01
1.871606445312500000e+01
1.871630859375000000e+01
1.871655273437500000e+01
1.871679687500000000e+01
1.871704101562500000e+01
1.871728515625000000e+01
1.871752929687500000e+01
1.871777343750000000e+01
1.871801757812500000e+01
1.871826171875000000e+01
1.871850585937500000e+01
1.871875000000000000e+01
1.871899414062500000e+01
1.871923828125000000e+01
1.871948242187500000e+01
1.871972656250000000e+01
1.871997070312500000e+01
1.872021484375000000e+01
1.872045898437500000e+01
1.872070312500000000e+01
1.872094726562500000e+01
1.872119140625000000e+01
1.872143554687500000e+01
1.872167968750000000e+01
1.872192382812500000e+01
1.872216796875000000e+01
1.872241210937500000e+01
1.872265625000000000e+01
1.872290039062500000e+01
1.872314453125000000e+01
1.872338867187500000e+01
1.872363281250000000e+01
1.872387695312500000e+01
1.872412109375000000e+01
1.872436523437500000e+01
1.872460937500000000e+01
1.872485351562500000e+01
1.872509765625000000e+01
1.872534179687500000e+01
1.872558593750000000e+01
1.872583007812500000e+01
1.872607421875000000e+01
1.872631835937500000e+01
1.872656250000000000e+01
1.872680664062500000e+01
1.872705078125000000e+01
1.872729492187500000e+01
1.872753906250000000e+01
1.872778320312500000e+01
1.872802734375000000e+01
1.872827148437500000e+01
1.872851562500000000e+01
1.872875976562500000e+01
1.872900390625000000e+01
1.872924804687500000e+01
1.872949218750000000e+01
1.872973632812500000e+01
1.872998046875000000e+01
1.873022460937500000e+01
1.873046875000000000e+01
1.873071289062500000e+01
1.873095703125000000e+01
1.873120117187500000e+01
1.873144531250000000e+01
1.873168945312500000e+01
1.873193359375000000e+01
1.873217773437500000e+01
1.873242187500000000e+01
1.873266601562500000e+01
1.873291015625000000e+01
1.873315429687500000e+01
1.873339843750000000e+01
1.873364257812500000e+01
1.873388671875000000e+01
1.873413085937500000e+01
1.873437500000000000e+01
1.873461914062500000e+01
1.873486328125000000e+01
1.873510742187500000e+01
1.873535156250000000e+01
1.873559570312500000e+01
1.873583984375000000e+01
1.873608398437500000e+01
1.873632812500000000e+01
1.873657226562500000e+01
1.873681640625000000e+01
1.873706054687500000e+01
1.873730468750000000e+01
1.873754882812500000e+01
1.873779296875000000e+01
1.873803710937500000e+01
1.873828125000000000e+01
1.873852539062500000e+01
1.873876953125000000e+01
1.873901367187500000e+01
1.873925781250000000e+01
1.873950195312500000e+01
1.873974609375000000e+01
1.873999023437500000e+01
1.874023437500000000e+01
1.874047851562500000e+01
1.874072265625000000e+01
1.874096679687500000e+01
1.874121093750000000e+01
1.874145507812500000e+01
1.874169921875000000e+01
1.874194335937500000e+01
1.874218750000000000e+01
1.874243164062500000e+01
1.874267578125000000e+01
1.874291992187500000e+01
1.874316406250000000e+01
1.874340820312500000e+01
1.874365234375000000e+01
1.874389648437500000e+01
1.874414062500000000e+01
1.874438476562500000e+01
1.874462890625000000e+01
1.874487304687500000e+01
1.874511718750000000e+01
1.874536132812500000e+01
1.874560546875000000e+01
1.874584960937500000e+01
1.874609375000000000e+01
1.874633789062500000e+01
1.874658203125000000e+01
1.874682617187500000e+01
1.874707031250000000e+01
1.874731445312500000e+01
1.874755859375000000e+01
1.874780273437500000e+01
1.874804687500000000e+01
1.874829101562500000e+01
1.874853515625000000e+01
1.874877929687500000e+01
1.874902343750000000e+01
1.874926757812500000e+01
1.874951171875000000e+01
1.874975585937500000e+01
1.875000000000000000e+01
1.875024414062500000e+01
1.875048828125000000e+01
1.875073242187500000e+01
1.875097656250000000e+01
1.875122070312500000e+01
1.875146484375000000e+01
1.875170898437500000e+01
1.875195312500000000e+01
1.875219726562500000e+01
1.875244140625000000e+01
1.875268554687500000e+01
1.875292968750000000e+01
1.875317382812500000e+01
1.875341796875000000e+01
1.875366210937500000e+01
1.875390625000000000e+01
1.875415039062500000e+01
1.875439453125000000e+01
1.875463867187500000e+01
1.875488281250000000e+01
1.875512695312500000e+01
1.875537109375000000e+01
1.875561523437500000e+01
1.875585937500000000e+01
1.875610351562500000e+01
1.875634765625000000e+01
1.875659179687500000e+01
1.875683593750000000e+01
1.875708007812500000e+01
1.875732421875000000e+01
1.875756835937500000e+01
1.875781250000000000e+01
1.875805664062500000e+01
1.875830078125000000e+01
1.875854492187500000e+01
1.875878906250000000e+01
1.875903320312500000e+01
1.875927734375000000e+01
1.875952148437500000e+01
1.875976562500000000e+01
1.876000976562500000e+01
1.876025390625000000e+01
1.876049804687500000e+01
1.876074218750000000e+01
1.876098632812500000e+01
1.876123046875000000e+01
1.876147460937500000e+01
1.876171875000000000e+01
1.876196289062500000e+01
1.876220703125000000e+01
1.876245117187500000e+01
1.876269531250000000e+01
1.876293945312500000e+01
1.876318359375000000e+01
1.876342773437500000e+01
1.876367187500000000e+01
1.876391601562500000e+01
1.876416015625000000e+01
1.876440429687500000e+01
1.876464843750000000e+01
1.876489257812500000e+01
1.876513671875000000e+01
1.876538085937500000e+01
1.876562500000000000e+01
1.876586914062500000e+01
1.876611328125000000e+01
1.876635742187500000e+01
1.876660156250000000e+01
1.876684570312500000e+01
1.876708984375000000e+01
1.876733398437500000e+01
1.876757812500000000e+01
1.876782226562500000e+01
1.876806640625000000e+01
1.876831054687500000e+01
1.876855468750000000e+01
1.876879882812500000e+01
1.876904296875000000e+01
1.876928710937500000e+01
1.876953125000000000e+01
1.876977539062500000e+01
1.877001953125000000e+01
1.877026367187500000e+01
1.877050781250000000e+01
1.877075195312500000e+01
1.877099609375000000e+01
1.877124023437500000e+01
1.877148437500000000e+01
1.877172851562500000e+01
1.877197265625000000e+01
1.877221679687500000e+01
1.877246093750000000e+01
1.877270507812500000e+01
1.877294921875000000e+01
1.877319335937500000e+01
1.877343750000000000e+01
1.877368164062500000e+01
1.877392578125000000e+01
1.877416992187500000e+01
1.877441406250000000e+01
1.877465820312500000e+01
1.877490234375000000e+01
1.877514648437500000e+01
1.877539062500000000e+01
1.877563476562500000e+01
1.877587890625000000e+01
1.877612304687500000e+01
1.877636718750000000e+01
1.877661132812500000e+01
1.877685546875000000e+01
1.877709960937500000e+01
1.877734375000000000e+01
1.877758789062500000e+01
1.877783203125000000e+01
1.877807617187500000e+01
1.877832031250000000e+01
1.877856445312500000e+01
1.877880859375000000e+01
1.877905273437500000e+01
1.877929687500000000e+01
1.877954101562500000e+01
1.877978515625000000e+01
1.878002929687500000e+01
1.878027343750000000e+01
1.878051757812500000e+01
1.878076171875000000e+01
1.878100585937500000e+01
1.878125000000000000e+01
1.878149414062500000e+01
1.878173828125000000e+01
1.878198242187500000e+01
1.878222656250000000e+01
1.878247070312500000e+01
1.878271484375000000e+01
1.878295898437500000e+01
1.878320312500000000e+01
1.878344726562500000e+01
1.878369140625000000e+01
1.878393554687500000e+01
1.878417968750000000e+01
1.878442382812500000e+01
1.878466796875000000e+01
1.878491210937500000e+01
1.878515625000000000e+01
1.878540039062500000e+01
1.878564453125000000e+01
1.878588867187500000e+01
1.878613281250000000e+01
1.878637695312500000e+01
1.878662109375000000e+01
1.878686523437500000e+01
1.878710937500000000e+01
1.878735351562500000e+01
1.878759765625000000e+01
1.878784179687500000e+01
1.878808593750000000e+01
1.878833007812500000e+01
1.878857421875000000e+01
1.878881835937500000e+01
1.878906250000000000e+01
1.878930664062500000e+01
1.878955078125000000e+01
1.878979492187500000e+01
1.879003906250000000e+01
1.879028320312500000e+01
1.879052734375000000e+01
1.879077148437500000e+01
1.879101562500000000e+01
1.879125976562500000e+01
1.879150390625000000e+01
1.879174804687500000e+01
1.879199218750000000e+01
1.879223632812500000e+01
1.879248046875000000e+01
1.879272460937500000e+01
1.879296875000000000e+01
1.879321289062500000e+01
1.879345703125000000e+01
1.879370117187500000e+01
1.879394531250000000e+01
1.879418945312500000e+01
1.879443359375000000e+01
1.879467773437500000e+01
1.879492187500000000e+01
1.879516601562500000e+01
1.879541015625000000e+01
1.879565429687500000e+01
1.879589843750000000e+01
1.879614257812500000e+01
1.879638671875000000e+01
1.879663085937500000e+01
1.879687500000000000e+01
1.879711914062500000e+01
1.879736328125000000e+01
1.879760742187500000e+01
1.879785156250000000e+01
1.879809570312500000e+01
1.879833984375000000e+01
1.879858398437500000e+01
1.879882812500000000e+01
1.879907226562500000e+01
1.879931640625000000e+01
1.879956054687500000e+01
1.879980468750000000e+01
1.880004882812500000e+01
1.880029296875000000e+01
1.880053710937500000e+01
1.880078125000000000e+01
1.880102539062500000e+01
1.880126953125000000e+01
1.880151367187500000e+01
1.880175781250000000e+01
1.880200195312500000e+01
1.880224609375000000e+01
1.880249023437500000e+01
1.880273437500000000e+01
1.880297851562500000e+01
1.880322265625000000e+01
1.880346679687500000e+01
1.880371093750000000e+01
1.880395507812500000e+01
1.880419921875000000e+01
1.880444335937500000e+01
1.880468750000000000e+01
1.880493164062500000e+01
1.880517578125000000e+01
1.880541992187500000e+01
1.880566406250000000e+01
1.880590820312500000e+01
1.880615234375000000e+01
1.880639648437500000e+01
1.880664062500000000e+01
1.880688476562500000e+01
1.880712890625000000e+01
1.880737304687500000e+01
1.880761718750000000e+01
1.880786132812500000e+01
1.880810546875000000e+01
1.880834960937500000e+01
1.880859375000000000e+01
1.880883789062500000e+01
1.880908203125000000e+01
1.880932617187500000e+01
1.880957031250000000e+01
1.880981445312500000e+01
1.881005859375000000e+01
1.881030273437500000e+01
1.881054687500000000e+01
1.881079101562500000e+01
1.881103515625000000e+01
1.881127929687500000e+01
1.881152343750000000e+01
1.881176757812500000e+01
1.881201171875000000e+01
1.881225585937500000e+01
1.881250000000000000e+01
1.881274414062500000e+01
1.881298828125000000e+01
1.881323242187500000e+01
1.881347656250000000e+01
1.881372070312500000e+01
1.881396484375000000e+01
1.881420898437500000e+01
1.881445312500000000e+01
1.881469726562500000e+01
1.881494140625000000e+01
1.881518554687500000e+01
1.881542968750000000e+01
1.881567382812500000e+01
1.881591796875000000e+01
1.881616210937500000e+01
1.881640625000000000e+01
1.881665039062500000e+01
1.881689453125000000e+01
1.881713867187500000e+01
1.881738281250000000e+01
1.881762695312500000e+01
1.881787109375000000e+01
1.881811523437500000e+01
1.881835937500000000e+01
1.881860351562500000e+01
1.881884765625000000e+01
1.881909179687500000e+01
1.881933593750000000e+01
1.881958007812500000e+01
1.881982421875000000e+01
1.882006835937500000e+01
1.882031250000000000e+01
1.882055664062500000e+01
1.882080078125000000e+01
1.882104492187500000e+01
1.882128906250000000e+01
1.882153320312500000e+01
1.882177734375000000e+01
1.882202148437500000e+01
1.882226562500000000e+01
1.882250976562500000e+01
1.882275390625000000e+01
1.882299804687500000e+01
1.882324218750000000e+01
1.882348632812500000e+01
1.882373046875000000e+01
1.882397460937500000e+01
1.882421875000000000e+01
1.882446289062500000e+01
1.882470703125000000e+01
1.882495117187500000e+01
1.882519531250000000e+01
1.882543945312500000e+01
1.882568359375000000e+01
1.882592773437500000e+01
1.882617187500000000e+01
1.882641601562500000e+01
1.882666015625000000e+01
1.882690429687500000e+01
1.882714843750000000e+01
1.882739257812500000e+01
1.882763671875000000e+01
1.882788085937500000e+01
1.882812500000000000e+01
1.882836914062500000e+01
1.882861328125000000e+01
1.882885742187500000e+01
1.882910156250000000e+01
1.882934570312500000e+01
1.882958984375000000e+01
1.882983398437500000e+01
1.883007812500000000e+01
1.883032226562500000e+01
1.883056640625000000e+01
1.883081054687500000e+01
1.883105468750000000e+01
1.883129882812500000e+01
1.883154296875000000e+01
1.883178710937500000e+01
1.883203125000000000e+01
1.883227539062500000e+01
1.883251953125000000e+01
1.883276367187500000e+01
1.883300781250000000e+01
1.883325195312500000e+01
1.883349609375000000e+01
1.883374023437500000e+01
1.883398437500000000e+01
1.883422851562500000e+01
1.883447265625000000e+01
1.883471679687500000e+01
1.883496093750000000e+01
1.883520507812500000e+01
1.883544921875000000e+01
1.883569335937500000e+01
1.883593750000000000e+01
1.883618164062500000e+01
1.883642578125000000e+01
1.883666992187500000e+01
1.883691406250000000e+01
1.883715820312500000e+01
1.883740234375000000e+01
1.883764648437500000e+01
1.883789062500000000e+01
1.883813476562500000e+01
1.883837890625000000e+01
1.883862304687500000e+01
1.883886718750000000e+01
1.883911132812500000e+01
1.883935546875000000e+01
1.883959960937500000e+01
1.883984375000000000e+01
1.884008789062500000e+01
1.884033203125000000e+01
1.884057617187500000e+01
1.884082031250000000e+01
1.884106445312500000e+01
1.884130859375000000e+01
1.884155273437500000e+01
1.884179687500000000e+01
1.884204101562500000e+01
1.884228515625000000e+01
1.884252929687500000e+01
1.884277343750000000e+01
1.884301757812500000e+01
1.884326171875000000e+01
1.884350585937500000e+01
1.884375000000000000e+01
1.884399414062500000e+01
1.884423828125000000e+01
1.884448242187500000e+01
1.884472656250000000e+01
1.884497070312500000e+01
1.884521484375000000e+01
1.884545898437500000e+01
1.884570312500000000e+01
1.884594726562500000e+01
1.884619140625000000e+01
1.884643554687500000e+01
1.884667968750000000e+01
1.884692382812500000e+01
1.884716796875000000e+01
1.884741210937500000e+01
1.884765625000000000e+01
1.884790039062500000e+01
1.884814453125000000e+01
1.884838867187500000e+01
1.884863281250000000e+01
1.884887695312500000e+01
1.884912109375000000e+01
1.884936523437500000e+01
1.884960937500000000e+01
1.884985351562500000e+01
1.885009765625000000e+01
1.885034179687500000e+01
1.885058593750000000e+01
1.885083007812500000e+01
1.885107421875000000e+01
1.885131835937500000e+01
1.885156250000000000e+01
1.885180664062500000e+01
1.885205078125000000e+01
1.885229492187500000e+01
1.885253906250000000e+01
1.885278320312500000e+01
1.885302734375000000e+01
1.885327148437500000e+01
1.885351562500000000e+01
1.885375976562500000e+01
1.885400390625000000e+01
1.885424804687500000e+01
1.885449218750000000e+01
1.885473632812500000e+01
1.885498046875000000e+01
1.885522460937500000e+01
1.885546875000000000e+01
1.885571289062500000e+01
1.885595703125000000e+01
1.885620117187500000e+01
1.885644531250000000e+01
1.885668945312500000e+01
1.885693359375000000e+01
1.885717773437500000e+01
1.885742187500000000e+01
1.885766601562500000e+01
1.885791015625000000e+01
1.885815429687500000e+01
1.885839843750000000e+01
1.885864257812500000e+01
1.885888671875000000e+01
1.885913085937500000e+01
1.885937500000000000e+01
1.885961914062500000e+01
1.885986328125000000e+01
1.886010742187500000e+01
1.886035156250000000e+01
1.886059570312500000e+01
1.886083984375000000e+01
1.886108398437500000e+01
1.886132812500000000e+01
1.886157226562500000e+01
1.886181640625000000e+01
1.886206054687500000e+01
1.886230468750000000e+01
1.886254882812500000e+01
1.886279296875000000e+01
1.886303710937500000e+01
1.886328125000000000e+01
1.886352539062500000e+01
1.886376953125000000e+01
1.886401367187500000e+01
1.886425781250000000e+01
1.886450195312500000e+01
1.886474609375000000e+01
1.886499023437500000e+01
1.886523437500000000e+01
1.886547851562500000e+01
1.886572265625000000e+01
1.886596679687500000e+01
1.886621093750000000e+01
1.886645507812500000e+01
1.886669921875000000e+01
1.886694335937500000e+01
1.886718750000000000e+01
1.886743164062500000e+01
1.886767578125000000e+01
1.886791992187500000e+01
1.886816406250000000e+01
1.886840820312500000e+01
1.886865234375000000e+01
1.886889648437500000e+01
1.886914062500000000e+01
1.886938476562500000e+01
1.886962890625000000e+01
1.886987304687500000e+01
1.887011718750000000e+01
1.887036132812500000e+01
1.887060546875000000e+01
1.887084960937500000e+01
1.887109375000000000e+01
1.887133789062500000e+01
1.887158203125000000e+01
1.887182617187500000e+01
1.887207031250000000e+01
1.887231445312500000e+01
1.887255859375000000e+01
1.887280273437500000e+01
1.887304687500000000e+01
1.887329101562500000e+01
1.887353515625000000e+01
1.887377929687500000e+01
1.887402343750000000e+01
1.887426757812500000e+01
1.887451171875000000e+01
1.887475585937500000e+01
1.887500000000000000e+01
1.887524414062500000e+01
1.887548828125000000e+01
1.887573242187500000e+01
1.887597656250000000e+01
1.887622070312500000e+01
1.887646484375000000e+01
1.887670898437500000e+01
1.887695312500000000e+01
1.887719726562500000e+01
1.887744140625000000e+01
1.887768554687500000e+01
1.887792968750000000e+01
1.887817382812500000e+01
1.887841796875000000e+01
1.887866210937500000e+01
1.887890625000000000e+01
1.887915039062500000e+01
1.887939453125000000e+01
1.887963867187500000e+01
1.887988281250000000e+01
1.888012695312500000e+01
1.888037109375000000e+01
1.888061523437500000e+01
1.888085937500000000e+01
1.888110351562500000e+01
1.888134765625000000e+01
1.888159179687500000e+01
1.888183593750000000e+01
1.888208007812500000e+01
1.888232421875000000e+01
1.888256835937500000e+01
1.888281250000000000e+01
1.888305664062500000e+01
1.888330078125000000e+01
1.888354492187500000e+01
1.888378906250000000e+01
1.888403320312500000e+01
1.888427734375000000e+01
1.888452148437500000e+01
1.888476562500000000e+01
1.888500976562500000e+01
1.888525390625000000e+01
1.888549804687500000e+01
1.888574218750000000e+01
1.888598632812500000e+01
1.888623046875000000e+01
1.888647460937500000e+01
1.888671875000000000e+01
1.888696289062500000e+01
1.888720703125000000e+01
1.888745117187500000e+01
1.888769531250000000e+01
1.888793945312500000e+01
1.888818359375000000e+01
1.888842773437500000e+01
1.888867187500000000e+01
1.888891601562500000e+01
1.888916015625000000e+01
1.888940429687500000e+01
1.888964843750000000e+01
1.888989257812500000e+01
1.889013671875000000e+01
1.889038085937500000e+01
1.889062500000000000e+01
1.889086914062500000e+01
1.889111328125000000e+01
1.889135742187500000e+01
1.889160156250000000e+01
1.889184570312500000e+01
1.889208984375000000e+01
1.889233398437500000e+01
1.889257812500000000e+01
1.889282226562500000e+01
1.889306640625000000e+01
1.889331054687500000e+01
1.889355468750000000e+01
1.889379882812500000e+01
1.889404296875000000e+01
1.889428710937500000e+01
1.889453125000000000e+01
1.889477539062500000e+01
1.889501953125000000e+01
1.889526367187500000e+01
1.889550781250000000e+01
1.889575195312500000e+01
1.889599609375000000e+01
1.889624023437500000e+01
1.889648437500000000e+01
1.889672851562500000e+01
1.889697265625000000e+01
1.889721679687500000e+01
1.889746093750000000e+01
1.889770507812500000e+01
1.889794921875000000e+01
1.889819335937500000e+01
1.889843750000000000e+01
1.889868164062500000e+01
1.889892578125000000e+01
1.889916992187500000e+01
1.889941406250000000e+01
1.889965820312500000e+01
1.889990234375000000e+01
1.890014648437500000e+01
1.890039062500000000e+01
1.890063476562500000e+01
1.890087890625000000e+01
1.890112304687500000e+01
1.890136718750000000e+01
1.890161132812500000e+01
1.890185546875000000e+01
1.890209960937500000e+01
1.890234375000000000e+01
1.890258789062500000e+01
1.890283203125000000e+01
1.890307617187500000e+01
1.890332031250000000e+01
1.890356445312500000e+01
1.890380859375000000e+01
1.890405273437500000e+01
1.890429687500000000e+01
1.890454101562500000e+01
1.890478515625000000e+01
1.890502929687500000e+01
1.890527343750000000e+01
1.890551757812500000e+01
1.890576171875000000e+01
1.890600585937500000e+01
1.890625000000000000e+01
1.890649414062500000e+01
1.890673828125000000e+01
1.890698242187500000e+01
1.890722656250000000e+01
1.890747070312500000e+01
1.890771484375000000e+01
1.890795898437500000e+01
1.890820312500000000e+01
1.890844726562500000e+01
1.890869140625000000e+01
1.890893554687500000e+01
1.890917968750000000e+01
1.890942382812500000e+01
1.890966796875000000e+01
1.890991210937500000e+01
1.891015625000000000e+01
1.891040039062500000e+01
1.891064453125000000e+01
1.891088867187500000e+01
1.891113281250000000e+01
1.891137695312500000e+01
1.891162109375000000e+01
1.891186523437500000e+01
1.891210937500000000e+01
1.891235351562500000e+01
1.891259765625000000e+01
1.891284179687500000e+01
1.891308593750000000e+01
1.891333007812500000e+01
1.891357421875000000e+01
1.891381835937500000e+01
1.891406250000000000e+01
1.891430664062500000e+01
1.891455078125000000e+01
1.891479492187500000e+01
1.891503906250000000e+01
1.891528320312500000e+01
1.891552734375000000e+01
1.891577148437500000e+01
1.891601562500000000e+01
1.891625976562500000e+01
1.891650390625000000e+01
1.891674804687500000e+01
1.891699218750000000e+01
1.891723632812500000e+01
1.891748046875000000e+01
1.891772460937500000e+01
1.891796875000000000e+01
1.891821289062500000e+01
1.891845703125000000e+01
1.891870117187500000e+01
1.891894531250000000e+01
1.891918945312500000e+01
1.891943359375000000e+01
1.891967773437500000e+01
1.891992187500000000e+01
1.892016601562500000e+01
1.892041015625000000e+01
1.892065429687500000e+01
1.892089843750000000e+01
1.892114257812500000e+01
1.892138671875000000e+01
1.892163085937500000e+01
1.892187500000000000e+01
1.892211914062500000e+01
1.892236328125000000e+01
1.892260742187500000e+01
1.892285156250000000e+01
1.892309570312500000e+01
1.892333984375000000e+01
1.892358398437500000e+01
1.892382812500000000e+01
1.892407226562500000e+01
1.892431640625000000e+01
1.892456054687500000e+01
1.892480468750000000e+01
1.892504882812500000e+01
1.892529296875000000e+01
1.892553710937500000e+01
1.892578125000000000e+01
1.892602539062500000e+01
1.892626953125000000e+01
1.892651367187500000e+01
1.892675781250000000e+01
1.892700195312500000e+01
1.892724609375000000e+01
1.892749023437500000e+01
1.892773437500000000e+01
1.892797851562500000e+01
1.892822265625000000e+01
1.892846679687500000e+01
1.892871093750000000e+01
1.892895507812500000e+01
1.892919921875000000e+01
1.892944335937500000e+01
1.892968750000000000e+01
1.892993164062500000e+01
1.893017578125000000e+01
1.893041992187500000e+01
1.893066406250000000e+01
1.893090820312500000e+01
1.893115234375000000e+01
1.893139648437500000e+01
1.893164062500000000e+01
1.893188476562500000e+01
1.893212890625000000e+01
1.893237304687500000e+01
1.893261718750000000e+01
1.893286132812500000e+01
1.893310546875000000e+01
1.893334960937500000e+01
1.893359375000000000e+01
1.893383789062500000e+01
1.893408203125000000e+01
1.893432617187500000e+01
1.893457031250000000e+01
1.893481445312500000e+01
1.893505859375000000e+01
1.893530273437500000e+01
1.893554687500000000e+01
1.893579101562500000e+01
1.893603515625000000e+01
1.893627929687500000e+01
1.893652343750000000e+01
1.893676757812500000e+01
1.893701171875000000e+01
1.893725585937500000e+01
1.893750000000000000e+01
1.893774414062500000e+01
1.893798828125000000e+01
1.893823242187500000e+01
1.893847656250000000e+01
1.893872070312500000e+01
1.893896484375000000e+01
1.893920898437500000e+01
1.893945312500000000e+01
1.893969726562500000e+01
1.893994140625000000e+01
1.894018554687500000e+01
1.894042968750000000e+01
1.894067382812500000e+01
1.894091796875000000e+01
1.894116210937500000e+01
1.894140625000000000e+01
1.894165039062500000e+01
1.894189453125000000e+01
1.894213867187500000e+01
1.894238281250000000e+01
1.894262695312500000e+01
1.894287109375000000e+01
1.894311523437500000e+01
1.894335937500000000e+01
1.894360351562500000e+01
1.894384765625000000e+01
1.894409179687500000e+01
1.894433593750000000e+01
1.894458007812500000e+01
1.894482421875000000e+01
1.894506835937500000e+01
1.894531250000000000e+01
1.894555664062500000e+01
1.894580078125000000e+01
1.894604492187500000e+01
1.894628906250000000e+01
1.894653320312500000e+01
1.894677734375000000e+01
1.894702148437500000e+01
1.894726562500000000e+01
1.894750976562500000e+01
1.894775390625000000e+01
1.894799804687500000e+01
1.894824218750000000e+01
1.894848632812500000e+01
1.894873046875000000e+01
1.894897460937500000e+01
1.894921875000000000e+01
1.894946289062500000e+01
1.894970703125000000e+01
1.894995117187500000e+01
1.895019531250000000e+01
1.895043945312500000e+01
1.895068359375000000e+01
1.895092773437500000e+01
1.895117187500000000e+01
1.895141601562500000e+01
1.895166015625000000e+01
1.895190429687500000e+01
1.895214843750000000e+01
1.895239257812500000e+01
1.895263671875000000e+01
1.895288085937500000e+01
1.895312500000000000e+01
1.895336914062500000e+01
1.895361328125000000e+01
1.895385742187500000e+01
1.895410156250000000e+01
1.895434570312500000e+01
1.895458984375000000e+01
1.895483398437500000e+01
1.895507812500000000e+01
1.895532226562500000e+01
1.895556640625000000e+01
1.895581054687500000e+01
1.895605468750000000e+01
1.895629882812500000e+01
1.895654296875000000e+01
1.895678710937500000e+01
1.895703125000000000e+01
1.895727539062500000e+01
1.895751953125000000e+01
1.895776367187500000e+01
1.895800781250000000e+01
1.895825195312500000e+01
1.895849609375000000e+01
1.895874023437500000e+01
1.895898437500000000e+01
1.895922851562500000e+01
1.895947265625000000e+01
1.895971679687500000e+01
1.895996093750000000e+01
1.896020507812500000e+01
1.896044921875000000e+01
1.896069335937500000e+01
1.896093750000000000e+01
1.896118164062500000e+01
1.896142578125000000e+01
1.896166992187500000e+01
1.896191406250000000e+01
1.896215820312500000e+01
1.896240234375000000e+01
1.896264648437500000e+01
1.896289062500000000e+01
1.896313476562500000e+01
1.896337890625000000e+01
1.896362304687500000e+01
1.896386718750000000e+01
1.896411132812500000e+01
1.896435546875000000e+01
1.896459960937500000e+01
1.896484375000000000e+01
1.896508789062500000e+01
1.896533203125000000e+01
1.896557617187500000e+01
1.896582031250000000e+01
1.896606445312500000e+01
1.896630859375000000e+01
1.896655273437500000e+01
1.896679687500000000e+01
1.896704101562500000e+01
1.896728515625000000e+01
1.896752929687500000e+01
1.896777343750000000e+01
1.896801757812500000e+01
1.896826171875000000e+01
1.896850585937500000e+01
1.896875000000000000e+01
1.896899414062500000e+01
1.896923828125000000e+01
1.896948242187500000e+01
1.896972656250000000e+01
1.896997070312500000e+01
1.897021484375000000e+01
1.897045898437500000e+01
1.897070312500000000e+01
1.897094726562500000e+01
1.897119140625000000e+01
1.897143554687500000e+01
1.897167968750000000e+01
1.897192382812500000e+01
1.897216796875000000e+01
1.897241210937500000e+01
1.897265625000000000e+01
1.897290039062500000e+01
1.897314453125000000e+01
1.897338867187500000e+01
1.897363281250000000e+01
1.897387695312500000e+01
1.897412109375000000e+01
1.897436523437500000e+01
1.897460937500000000e+01
1.897485351562500000e+01
1.897509765625000000e+01
1.897534179687500000e+01
1.897558593750000000e+01
1.897583007812500000e+01
1.897607421875000000e+01
1.897631835937500000e+01
1.897656250000000000e+01
1.897680664062500000e+01
1.897705078125000000e+01
1.897729492187500000e+01
1.897753906250000000e+01
1.897778320312500000e+01
1.897802734375000000e+01
1.897827148437500000e+01
1.897851562500000000e+01
1.897875976562500000e+01
1.897900390625000000e+01
1.897924804687500000e+01
1.897949218750000000e+01
1.897973632812500000e+01
1.897998046875000000e+01
1.898022460937500000e+01
1.898046875000000000e+01
1.898071289062500000e+01
1.898095703125000000e+01
1.898120117187500000e+01
1.898144531250000000e+01
1.898168945312500000e+01
1.898193359375000000e+01
1.898217773437500000e+01
1.898242187500000000e+01
1.898266601562500000e+01
1.898291015625000000e+01
1.898315429687500000e+01
1.898339843750000000e+01
1.898364257812500000e+01
1.898388671875000000e+01
1.898413085937500000e+01
1.898437500000000000e+01
1.898461914062500000e+01
1.898486328125000000e+01
1.898510742187500000e+01
1.898535156250000000e+01
1.898559570312500000e+01
1.898583984375000000e+01
1.898608398437500000e+01
1.898632812500000000e+01
1.898657226562500000e+01
1.898681640625000000e+01
1.898706054687500000e+01
1.898730468750000000e+01
1.898754882812500000e+01
1.898779296875000000e+01
1.898803710937500000e+01
1.898828125000000000e+01
1.898852539062500000e+01
1.898876953125000000e+01
1.898901367187500000e+01
1.898925781250000000e+01
1.898950195312500000e+01
1.898974609375000000e+01
1.898999023437500000e+01
1.899023437500000000e+01
1.899047851562500000e+01
1.899072265625000000e+01
1.899096679687500000e+01
1.899121093750000000e+01
1.899145507812500000e+01
1.899169921875000000e+01
1.899194335937500000e+01
1.899218750000000000e+01
1.899243164062500000e+01
1.899267578125000000e+01
1.899291992187500000e+01
1.899316406250000000e+01
1.899340820312500000e+01
1.899365234375000000e+01
1.899389648437500000e+01
1.899414062500000000e+01
1.899438476562500000e+01
1.899462890625000000e+01
1.899487304687500000e+01
1.899511718750000000e+01
1.899536132812500000e+01
1.899560546875000000e+01
1.899584960937500000e+01
1.899609375000000000e+01
1.899633789062500000e+01
1.899658203125000000e+01
1.899682617187500000e+01
1.899707031250000000e+01
1.899731445312500000e+01
1.899755859375000000e+01
1.899780273437500000e+01
1.899804687500000000e+01
1.899829101562500000e+01
1.899853515625000000e+01
1.899877929687500000e+01
1.899902343750000000e+01
1.899926757812500000e+01
1.899951171875000000e+01
1.899975585937500000e+01
1.900000000000000000e+01
