4.654059858808496131e+01
3.086621618445669138e-02
6.387367278272276447e-03
4.203227784046977868e-03
4.113468241908646225e-03
4.989159066909348676e-03
6.798993295291235611e-03
9.882514629324061842e-03
1.487002025171217656e-02
2.264104495885359974e-02
3.429355817132653805e-02
5.078352019371843579e-02
7.281394330302699835e-02
1.015550793813660702e-01
1.374163295687664543e-01
1.808188190178261490e-01
2.318497264497456356e-01
2.898616084086702016e-01
3.535942874191151941e-01
4.185515795493660596e-01
4.814452545119280447e-01
5.383427670847625857e-01
5.842687827105281784e-01
6.151737097919407482e-01
6.285073546349120299e-01
6.249524716334496910e-01
6.049762214451755993e-01
5.716576085015445674e-01
5.287836328616860593e-01
4.796869088829819883e-01
4.278487566552319210e-01
3.756913608482779776e-01
3.259061884402409959e-01
2.797444138784883072e-01
2.382001031522001100e-01
2.016136230119527084e-01
1.696831235199082744e-01
1.421487059697201238e-01
1.186186063731873019e-01
9.876609831628394010e-02
8.209461612982682510e-02
6.812430515394579666e-02
5.646197910260331715e-02
4.678782397914749147e-02
3.878358736423746095e-02
3.217220867845046323e-02
2.671817960455825577e-02
2.221575791010990675e-02
1.849802878524089630e-02
1.542267016769070624e-02
1.288066176278976002e-02
1.077739938867443466e-02
9.040869124726423622e-03
7.594397686518333628e-03
6.389331974421487773e-03
5.389269044823751832e-03
4.559820448879658289e-03
3.865129819691636315e-03
3.283233209516854805e-03
2.797457557860879174e-03
2.389641675669304435e-03
2.047019654718020866e-03
1.760190032061640470e-03
1.518528483107014137e-03
1.314260511128827885e-03
1.139980558537259268e-03
9.910614226619049363e-04
8.638553253836889212e-04
7.552188348166126398e-04
6.622076020692597336e-04
5.825702936628186996e-04
5.138347103342471656e-04
4.546945969454143309e-04
4.029191953291151964e-04
3.576322020804580332e-04
3.179359247903531670e-04
2.832117498225797413e-04
2.525089933215081926e-04
2.252351489256969503e-04
2.010619294683270572e-04
1.797398463770589008e-04
1.609809320980412411e-04
1.444064263625617379e-04
1.297816689814480470e-04
1.168102420202592765e-04
1.053178651799416678e-04
9.505857612895785166e-05
8.593484925602990117e-05
7.785483079530116973e-05
7.061757696638596847e-05
6.414375699703612642e-05
5.834001233125628294e-05
5.315337249112325036e-05
4.853660366931221475e-05
4.438396328098880039e-05
4.063565454578413669e-05
3.725286683110974839e-05
3.419848641024005514e-05
3.144156752906549011e-05
2.892761974679319731e-05
2.665778891283936854e-05
2.458811497408805967e-05
2.270705860571141398e-05
2.100229474713486476e-05
1.945051732857688335e-05
1.803344198723041324e-05
1.673583753886198936e-05
1.554699573614831649e-05
1.446188038274704131e-05
1.347459849665963810e-05
1.256736326952057777e-05
1.173548577611042153e-05
1.097853845875967882e-05
1.028884061291456350e-05
9.660177136230927786e-06
9.092988978042694327e-06
8.586781612580682058e-06
8.140019784261765128e-06
7.749371063853778332e-06
7.421395505643561130e-06
7.155709336035460118e-06
6.958181607726295621e-06
6.825436778923532850e-06
6.760563843345464439e-06
6.767912102480364342e-06
6.848177119868995281e-06
7.000682491754571533e-06
7.225639880254162125e-06
7.520934326081107286e-06
7.883706254215790571e-06
8.308301761038780204e-06
8.788786436705313279e-06
9.316907753542020792e-06
9.882413940067653991e-06
1.047266978371549031e-05
1.107128335023787496e-05
1.166296400752172355e-05
1.223052233816631616e-05
1.275671269895727374e-05
1.322330587180297189e-05
1.361496968629823990e-05
1.391654556766787562e-05
1.411719695489978942e-05
1.420827677327767720e-05
1.422255302114432398e-05
1.542786962136817467e-05
1.831985903635181999e-05
1.479871105366572178e-05
1.297750764749372126e-05
1.237284433921448266e-05
1.172910390679590143e-05
1.102201774586521450e-05
1.026809762407513167e-05
9.484137336139201693e-06
8.686174859892136090e-06
7.889838946423245286e-06
7.109115318926945554e-06
6.356104053456693269e-06
5.641034439079654936e-06
4.971754861386899277e-06
4.353592758511712411e-06
3.790362220876877644e-06
3.283551432760683230e-06
2.833075461988822723e-06
2.437085813116103679e-06
2.092876810589516991e-06
1.796558157342691134e-06
1.544026923276539421e-06
1.330840913487220869e-06
1.152355144802399913e-06
1.004038852148685994e-06
8.814242452847360617e-07
7.806060904195208646e-07
6.980693280823808901e-07
6.306129835584570027e-07
5.753248974725924197e-07
5.298610592280056899e-07
4.922960788736056363e-07
4.609233512437029265e-07
4.344053865791529296e-07
4.117690278011870291e-07
3.921437311138173501e-07
3.749239695711954730e-07
3.594993569617188819e-07
3.455389363757612995e-07
3.327682950564053438e-07
3.209277571941660164e-07
3.099092816176224771e-07
2.995332369058624248e-07
2.897461487045992354e-07
2.804625942548843348e-07
2.716436002132453076e-07
2.632289997680914127e-07
2.551684828010774133e-07
2.474661842872183966e-07
2.400893504416415485e-07
2.330134083408687900e-07
2.261969586588938043e-07
2.196163730176614864e-07
2.132720947006065229e-07
2.071880670873792508e-07
2.013321279669509518e-07
1.956911174131243350e-07
1.902429491446056155e-07
1.849890333827023270e-07
1.799052971873723045e-07
1.749672443860615165e-07
1.701943365497724748e-07
1.655689238763114389e-07
1.611010932091691492e-07
1.567726745776465648e-07
1.525915039389908057e-07
1.485490143387395268e-07
1.446329173824039681e-07
1.408529885253228527e-07
1.372003773321633106e-07
1.336966451346107592e-07
1.302826786212317770e-07
1.270047937712926193e-07
1.240306419024843053e-07
1.220297486929793599e-07
1.238353766333086519e-07
1.405109456363762427e-07
2.112188711289122625e-07
4.621669688605492918e-07
1.263110699135696353e-06
3.596126033068674954e-06
9.817278368480409449e-06
2.500587611863032352e-05
5.892801661554458162e-05
1.281351426890501969e-04
2.568576279681506619e-04
4.745215909292040536e-04
8.078046156424898610e-04
1.267133591149410170e-03
1.831450450827340612e-03
2.439049252150976739e-03
2.992930777101097430e-03
3.383939139761177762e-03
3.525313500175276601e-03
3.383935767055324013e-03
2.992924013917431549e-03
2.439039094991470036e-03
1.831436890701841798e-03
1.267116615730228728e-03
8.077842125901725468e-04
4.744977352369500923e-04
2.568303034134684416e-04
1.281043234630892995e-04
5.889365703813091333e-05
2.496793855338257158e-05
9.775712001688280416e-06
3.550879523910649470e-06
1.214140492152730922e-06
4.094111187263882351e-07
1.546202137696257785e-07
8.001039358263102645e-08
5.937947282073509229e-08
5.355826084324608700e-08
5.147668205845215172e-08
5.027466268487739988e-08
4.927819580061691046e-08
4.833523413581325368e-08
4.742509188897999283e-08
4.653634965131267316e-08
4.566778902648456755e-08
4.482247732510285129e-08
4.399406787865365490e-08
4.318673891495073967e-08
4.240480761229697924e-08
4.164450834537143276e-08
4.090515693868194997e-08
4.018619766675371708e-08
3.948454710454033359e-08
3.879778390316241405e-08
3.812143690771907378e-08
3.745537521675186395e-08
3.680476118316029779e-08
3.616973260657171480e-08
3.554771131297905015e-08
3.494156004863708332e-08
3.435058329710555163e-08
3.377480535963189587e-08
3.321677571861830222e-08
3.267439765757464225e-08
3.214554669514273743e-08
3.162511824758141564e-08
3.111328804289385555e-08
3.061196457173166675e-08
3.012261739829967229e-08
2.964113328485954250e-08
2.916901940835699339e-08
2.870497044916608544e-08
2.825093053178355014e-08
2.780404959935538604e-08
2.736668340139565335e-08
2.693728176358205874e-08
2.651264149029142461e-08
2.609533593318213780e-08
2.568730418234990267e-08
2.528853661035334676e-08
2.489958207863642824e-08
2.451733176385575450e-08
2.414327561864095024e-08
2.377531419720670078e-08
2.341409744669757658e-08
2.306072681233839420e-08
2.271281038865427035e-08
2.237384198079449900e-08
2.204197178139051150e-08
2.171676343651943429e-08
2.140013581581529295e-08
2.109019988788299661e-08
2.078531648901168690e-08
2.048447779834374628e-08
2.018467991910094100e-08
1.988834787601516281e-08
1.959771733684093909e-08
1.931217873510067827e-08
1.903235793474661620e-08
1.875837522960339332e-08
1.848871656755504814e-08
1.822485708324962752e-08
1.796540607691866435e-08
1.771077696736914490e-08
1.746075465459123822e-08
1.721549888938282997e-08
1.697260413902090574e-08
1.673320924949556844e-08
1.649818899757461439e-08
1.626699362556737580e-08
1.604195478620729712e-08
1.582208976744127757e-08
1.560862252618333170e-08
1.539996058936356204e-08
1.519571318698546163e-08
1.499314566017500471e-08
1.479290561822658089e-08
1.459592794842974303e-08
1.440310813330946780e-08
1.421355797661981656e-08
1.402807478958318779e-08
1.384590273279002095e-08
1.366704969675137571e-08
1.349072272272855993e-08
1.331681907735923413e-08
1.314444187996576201e-08
1.297378166145871626e-08
1.280588231229170656e-08
1.264066999445774053e-08
1.247883857984557921e-08
1.232023511336204001e-08
1.216423297031837445e-08
1.201046630920180306e-08
1.185911358241013364e-08
1.171070991389201857e-08
1.156558005124462072e-08
1.142306507041333439e-08
1.128361795229865068e-08
1.114659761369960774e-08
1.101254788171946949e-08
1.088150625026210710e-08
1.075333627102019053e-08
1.062693065501086662e-08
1.050316188649397542e-08
1.038186687333305910e-08
1.026231509096469859e-08
1.014519986900257953e-08
1.002992822120320974e-08
9.916422968250545020e-09
9.805323650257235524e-09
9.696118842723156761e-09
9.588565120698965015e-09
9.482505875988664975e-09
9.379025596153442098e-09
9.278088308789707667e-09
9.179506311008445434e-09
9.082224713593345565e-09
8.986579679616222960e-09
8.891766094361084320e-09
8.797792727696146521e-09
8.705271358540532791e-09
8.614175751060138676e-09
8.523895453753110034e-09
8.434314190306082321e-09
8.345497809548090700e-09
8.258167170688713306e-09
8.171458330422142560e-09
8.085488690510012806e-09
7.999872328261314992e-09
7.914959808930389620e-09
7.830609081740352178e-09
7.747607072098315951e-09
7.665626168032654545e-09
7.584640389391182932e-09
7.504879080492759634e-09
7.426347378529852740e-09
7.348448857726135588e-09
7.271420743958167270e-09
7.195486393672019951e-09
7.120825791614808518e-09
7.047606687183653671e-09
6.975673165830288847e-09
6.904632185028094448e-09
6.834681220444202890e-09
6.765934773154411465e-09
6.698287558884687900e-09
6.632057326534586221e-09
6.566956245719351373e-09
6.502490404105892199e-09
6.438892149897994719e-09
6.375594795380099689e-09
6.312977030643661137e-09
6.250827488629251502e-09
6.189162190903570528e-09
6.127821415104325918e-09
6.067106205196884392e-09
6.007427091747433384e-09
5.948783352328287231e-09
5.890831451197092952e-09
5.842168720919089462e-09
8.381839545071538321e-09
2.328979318727535063e-08
8.271632617105386903e-09
5.621897323713747144e-09
5.560081325206937121e-09
5.507431084000640554e-09
5.455751653810617195e-09
5.404968711777071031e-09
5.354912113221055946e-09
5.304924824080371828e-09
5.255449211054478760e-09
5.206352857876955178e-09
5.157896010092659484e-09
5.110471891669439876e-09
5.063818090062557979e-09
5.018018880334893565e-09
4.972651262360380160e-09
4.927737389892027639e-09
4.883444890841878278e-09
4.839849001121271944e-09
4.796619802552903810e-09
4.753623997555510067e-09
4.710707219643144133e-09
4.668170312932873455e-09
4.626002875177610605e-09
4.584514082667629661e-09
4.543790282773867971e-09
4.503891990269405920e-09
4.464570867015414031e-09
4.426842269570331337e-09
4.391409739583198906e-09
4.359572898270127282e-09
4.335259967401094727e-09
4.326535838969846543e-09
4.349753521143124484e-09
4.436985777614419610e-09
4.648238173081426436e-09
5.090676448659564724e-09
5.949348567013923457e-09
7.529997922202162506e-09
1.031498012361016857e-08
1.503126515829723536e-08
2.272314535102534685e-08
3.481291202886002769e-08
5.312630248869516827e-08
7.985364061348780472e-08
1.174135325889767148e-07
1.681971117479903240e-07
2.341851808184223912e-07
3.164669652950097464e-07
4.147235201911425742e-07
5.267780362964896213e-07
6.483328748891504220e-07
7.730086272777942030e-07
8.927540106000793116e-07
9.986317434071610209e-07
1.081889143212926583e-06
1.135141580892114370e-06
1.153451481998798932e-06
1.135083048747937361e-06
1.081772437441750371e-06
9.984571605760347909e-07
8.925215954652980841e-07
7.727186188958342373e-07
6.479856543898450398e-07
5.263734271081437784e-07
4.142618048009285049e-07
3.159482524880407226e-07
2.336093070032840124e-07
1.675638637064322908e-07
1.167230588452903533e-07
7.910594655399228706e-08
5.232135538646417520e-08
3.395014908161273698e-08
2.180221102828451464e-08
1.405176944577095556e-08
9.276779926177439354e-09
6.433035600942526183e-09
4.793084139092351250e-09
3.874860451607116117e-09
3.372794891201301128e-09
3.102229300267009489e-09
2.955823046193962064e-09
2.873637667812329974e-09
2.823471973785609298e-09
2.788831317036043391e-09
2.761678974077872706e-09
2.737742741621878570e-09
2.715363532749203244e-09
2.693738680425311620e-09
2.672557936201505612e-09
2.651694473502689510e-09
2.631421170249487639e-09
2.611695992238077469e-09
2.594122596139316609e-09
2.583173973190873602e-09
2.591054726626088107e-09
2.648112749849451388e-09
2.821067837452104994e-09
3.237889653997753732e-09
4.110720212732518726e-09
5.733060244822474846e-09
8.420350947551580620e-09
1.237519094683651769e-08
1.750324416048031768e-08
2.326552291819019778e-08
2.868683402795673014e-08
3.259100963641500541e-08
3.400672548716537783e-08
3.255645575544045558e-08
2.861755159144425377e-08
2.316143063759016384e-08
1.736429540076598649e-08
1.220126246618346243e-08
8.211423511482710375e-09
5.489344251901140737e-09
3.832225038390883839e-09
2.924702354948617079e-09
2.473249523562399561e-09
2.265659950324383216e-09
2.173901887942885830e-09
2.131335686689213150e-09
2.107626715391125360e-09
2.090463551377973848e-09
2.075313324179375794e-09
2.060889088315381939e-09
2.046676715827693212e-09
2.032575726956608376e-09
2.018407936945433949e-09
2.004074937147653536e-09
1.989739311716621273e-09
1.975628567022448996e-09
1.961713832376097550e-09
1.947887619738328990e-09
1.934233127705892672e-09
1.920725616210708128e-09
1.907321605677075456e-09
1.893974873939393701e-09
1.880823437223916667e-09
1.867741207084605878e-09
1.854867309536345039e-09
1.842223156392363312e-09
1.829592596273253026e-09
1.817086540500456546e-09
1.804761342381219774e-09
1.792773654255051946e-09
1.781111390474257235e-09
1.770253468538867869e-09
1.761837039291271067e-09
1.762360602524440135e-09
1.795256756215208331e-09
1.937407706497626469e-09
2.421775585450738951e-09
3.900232083443375919e-09
8.055382632471254070e-09
1.888300070642097260e-08
4.508491534234166579e-08
1.039643376640256510e-07
2.267449977460934327e-07
4.640801593959178687e-07
8.887129424687342686e-07
1.590505258159202248e-06
2.658911256308776789e-06
4.151227867030847809e-06
6.052179591243519881e-06
8.239289457594930761e-06
1.047371157805757331e-05
1.243195164906155726e-05
1.377854171474747418e-05
1.425906899739449508e-05
1.377852228660068616e-05
1.243191290311485284e-05
1.047365353613591173e-05
8.239212126391976329e-06
6.052082932230391653e-06
4.151111842967583017e-06
2.658775808191377542e-06
1.590350386941659942e-06
8.885386137681886180e-07
4.638864593029416773e-07
2.265319305365294266e-07
1.037318870672591069e-07
4.483308268567559429e-08
1.861177149554234994e-08
7.764597984402002046e-09
3.589840103149813314e-09
2.091743263479335587e-09
1.587679458871627329e-09
1.425801622015294411e-09
1.373308632018387266e-09
1.353300781837720522e-09
1.342274108049355361e-09
1.333634506530617884e-09
1.325626464094210937e-09
1.317816620876581227e-09
1.310153302976190350e-09
1.302520441406509853e-09
1.294930839152129753e-09
1.287411403275618305e-09
1.279922138858549155e-09
1.272424177738532092e-09
1.264976121418865793e-09
1.257636895134874420e-09
1.250348803498039028e-09
1.243065686136305699e-09
1.235862265589312181e-09
1.228771167057394025e-09
1.221770090520463074e-09
1.214754232283783418e-09
1.207731143941823368e-09
1.200795131500340865e-09
1.193907815343650895e-09
1.187011322490575380e-09
1.180191375675649664e-09
1.173460389949393379e-09
1.166803134337053564e-09
1.160214307163058189e-09
1.153625408204299355e-09
1.147073633137637397e-09
1.140524973349131174e-09
1.134053299839165736e-09
1.127617550081466046e-09
1.121177458539174333e-09
1.114749353793893143e-09
1.108311180035804467e-09
1.101850396800897177e-09
1.095364999904216798e-09
1.088965904555386566e-09
1.082646178323127180e-09
1.076348792876160030e-09
1.070140928303289190e-09
1.064014240449899809e-09
1.057912554206045400e-09
1.051887521699771672e-09
1.045974430713900237e-09
1.040114928346727013e-09
1.034296351943489708e-09
1.028506472657442818e-09
1.022787758183158469e-09
1.017061129270435044e-09
1.011356013437414714e-09
1.005691044578659705e-09
1.000108378949083362e-09
9.945712038505075321e-10
9.890288459458927865e-10
9.835452077281969860e-10
9.781158833868198590e-10
9.727337586846145046e-10
9.674169633534487861e-10
9.621487556205024722e-10
9.569279345917716092e-10
9.517444571472702493e-10
9.466092891661151327e-10
9.415000323137464253e-10
9.364187087495754707e-10
9.312999655542220004e-10
9.262064948444717942e-10
9.211754646079698248e-10
9.162146642815375772e-10
9.113075934280275852e-10
9.064275056185219172e-10
9.015715057187731173e-10
8.967219659610449540e-10
8.918516897128543393e-10
8.869607440057289197e-10
8.821149537162467237e-10
8.772664859673815923e-10
8.724580178457935627e-10
8.676710476581847741e-10
8.628924898904558850e-10
8.581369836676893522e-10
8.534484114373492897e-10
8.488239930457868190e-10
8.442270410435771994e-10
8.396802702373045757e-10
8.351870178414850634e-10
8.307297877837947277e-10
8.262856566674254343e-10
8.218802600622297066e-10
8.175548076659100936e-10
8.135892495838793985e-10
8.119662377067025908e-10
8.250638380996260442e-10
9.202740623150076941e-10
1.421556013447245435e-09
3.700415099476691234e-09
1.285575992160887490e-08
4.546722090053835432e-08
1.484248354335517934e-07
4.361410845526354774e-07
1.146423961260746956e-06
2.691164603285733211e-06
5.639018226774585766e-06
1.054554744556752576e-05
1.760007508554491958e-05
2.621387558205523884e-05
3.484302793025330971e-05
4.133015727339169661e-05
4.375061326329212426e-05
4.133014972683290045e-05
3.484301283967720925e-05
2.621385291574979468e-05
1.760004481454371573e-05
1.054550959427348147e-05
5.638972784078454822e-06
2.691111529825216504e-06
1.146363229611809002e-06
4.360726951372719018e-07
1.483487920531510398e-07
4.538351696283465547e-08
1.276437338819246255e-08
3.601339858037545110e-09
1.314823563554642783e-09
8.058953047608652396e-10
7.030280545452836400e-10
6.822615478615092535e-10
6.762547929258988717e-10
6.726318612400836310e-10
6.693399766454836941e-10
6.661079947436843872e-10
6.628726052029229452e-10
6.596441810660387520e-10
6.564523966276084060e-10
6.532761994881906511e-10
6.501402541387238187e-10
6.469912006121588651e-10
6.438470943800602763e-10
6.406963619048475288e-10
6.375382255371868120e-10
6.344152171997035689e-10
6.312861163942013015e-10
6.281846736915713291e-10
6.250929473673537389e-10
6.220229575904907470e-10
6.189648222490698266e-10
6.159442497187523415e-10
6.129612974483217474e-10
6.099975560869735677e-10
6.070461081537862552e-10
6.041279361362090491e-10
6.012440442709662397e-10
5.983717806834859412e-10
5.955036503794894613e-10
5.926489195787190468e-10
5.897988851771213581e-10
5.869611848850378315e-10
5.841447922091638225e-10
5.813389476578381542e-10
5.785603758558739895e-10
5.757873614657693809e-10
5.730388524287595086e-10
5.703259149878761532e-10
5.676402280753994965e-10
5.649507582741197801e-10
5.622822687199465075e-10
5.596325717073689567e-10
5.569934149827419825e-10
5.543647274958862799e-10
5.517688718485166241e-10
5.492117669612111245e-10
5.466674292942594926e-10
5.441492225492614261e-10
5.416699994755006471e-10
5.392092649623152804e-10
5.367776437723835641e-10
5.343823726565680647e-10
5.320163493512194608e-10
5.296783626572726462e-10
5.273592286406291754e-10
5.250247599589975049e-10
5.226816282845566781e-10
5.203314591807057184e-10
5.179811850840009247e-10
5.156509746005354296e-10
5.133085419119638469e-10
5.109876159887621097e-10
5.087018907291692781e-10
5.064336183386117450e-10
5.041834074340317678e-10
5.019563316658666665e-10
4.997345975772617168e-10
4.975323793242624999e-10
4.953428879204786093e-10
4.931807228690698013e-10
4.910322398063635943e-10
4.888952258762225640e-10
4.867771425932542612e-10
4.846571536671624337e-10
4.825386193088003580e-10
4.804252532861575836e-10
4.783143614416166372e-10
4.762238511448183012e-10
4.741691264031417764e-10
4.721518142008831314e-10
4.701491677351607668e-10
4.681625242091120846e-10
4.661926402394842907e-10
4.642429262380040962e-10
4.623012396688218929e-10
4.603711054746050551e-10
4.584546342197671841e-10
4.565299384966487288e-10
4.546122505040375829e-10
4.526982790041926099e-10
4.507834567513302679e-10
4.488765587075099073e-10
4.469871470148387543e-10
4.451294647710801306e-10
4.432928166716615053e-10
4.414789090644864000e-10
4.396793291863332325e-10
4.378929986731948006e-10
4.361285613438295773e-10
4.343722732950254251e-10
4.326162689388443524e-10
4.308635592986846231e-10
4.291137577303457796e-10
4.273718182865405301e-10
4.256378213410079400e-10
4.239082084029677943e-10
4.221893004190268487e-10
4.204892910372481995e-10
4.187900850013619266e-10
4.171045725749833918e-10
4.154154826227722515e-10
4.137260915185963108e-10
4.120506379243371251e-10
4.103846987359799111e-10
4.087346838015042953e-10
4.071076434698211331e-10
4.054907027979675062e-10
4.038824133430361645e-10
4.022880172796353855e-10
4.007059701514089408e-10
3.991189980166114577e-10
3.975309071777919354e-10
3.959550427624634646e-10
3.943953075313164749e-10
3.928375591406532779e-10
3.912835296331241248e-10
3.897464611363633257e-10
3.882323942628492401e-10
3.867283532947403668e-10
3.852352576271452323e-10
3.837426059561735184e-10
3.822617299356543798e-10
3.807798963166089569e-10
3.792951687408011144e-10
3.778150966596663603e-10
3.763466375209616991e-10
3.748877276756626540e-10
3.734403395038600874e-10
3.720013260516162878e-10
3.705607899934779021e-10
3.691226889266676555e-10
3.676972497777324171e-10
3.662857786478623976e-10
3.648819110285686558e-10
3.634736150221069825e-10
3.620739658664028332e-10
3.606792565647513842e-10
3.592940554569081804e-10
3.579140010843725105e-10
3.565463719204255081e-10
3.551881773549561428e-10
3.538385679136161749e-10
3.524964234870244873e-10
3.511521753466244448e-10
3.498127699867741975e-10
3.484712183470247608e-10
3.471359161039889048e-10
3.458088024588728476e-10
3.444881457144589782e-10
3.431774529201744804e-10
3.418907291088704578e-10
3.406205990353164753e-10
3.393617462595256082e-10
3.381031900296651724e-10
3.368381078317532374e-10
3.355787860072272352e-10
3.343246545988648568e-10
3.330718273301847234e-10
3.318219372696223878e-10
3.305761244297487843e-10
3.293410861242163073e-10
3.281173390726130634e-10
3.269065924855956119e-10
3.257090158602013126e-10
3.245224179140829931e-10
3.233389760332886641e-10
3.221456388326183390e-10
3.209540170647201099e-10
3.197635800031267570e-10
3.185621710270244842e-10
3.173629186107257163e-10
3.161688275778771972e-10
3.149795454015897993e-10
3.137996303971269801e-10
3.126245035943196254e-10
3.114535636427457698e-10
3.102874903235204776e-10
3.091381119706307719e-10
3.079892369670195140e-10
3.068286247185051543e-10
3.056710361044843818e-10
3.045269691399838097e-10
3.033869706467845870e-10
3.022508742185120021e-10
3.011227309259599901e-10
3.000034106192405271e-10
2.988931680286344673e-10
2.977838091360431898e-10
2.966831393807798118e-10
2.955896086463422226e-10
2.944982746217354082e-10
2.934106350383369354e-10
2.923328842787172127e-10
2.912559701386659449e-10
2.901757861524115534e-10
2.890910531563669020e-10
2.880046847261998284e-10
2.869299464975616682e-10
2.858610306289289125e-10
2.848019731959108616e-10
2.837391856348666344e-10
2.826743584234781261e-10
2.816204434528095075e-10
2.805737178557141436e-10
2.795347315199292213e-10
2.785015132073381541e-10
2.774785018584323638e-10
2.764602279375095518e-10
2.754409200952784842e-10
2.744254503510452153e-10
2.734128407470919780e-10
2.724072521891452737e-10
2.714078042254488468e-10
2.704136349631694322e-10
2.694296256876150844e-10
2.684474475135708715e-10
2.674656502182027665e-10
2.664835601544274152e-10
2.655022537050872961e-10
2.645249984796413869e-10
2.635463685388029694e-10
2.625748249945331547e-10
2.616187729214316516e-10
2.606742061816281325e-10
2.597409706540497495e-10
2.588100596825753513e-10
2.578807327077167343e-10
2.569631224765212150e-10
2.560506567614535918e-10
2.551449485184119232e-10
2.542467248806637037e-10
2.533529733021185551e-10
2.524611428056565199e-10
2.515709823916642831e-10
2.506823524220712029e-10
2.497983782076959918e-10
2.489211021498481959e-10
2.480494057889037325e-10
2.471817406481493268e-10
2.463094968102689246e-10
2.454455609336927686e-10
2.445930578246782677e-10
2.437412326504254186e-10
2.428977431805569375e-10
2.420524242582095049e-10
2.412066741321208733e-10
2.403572123905881234e-10
2.395094651198451099e-10
2.386699567069662622e-10
2.378315914287237195e-10
2.369987925845627838e-10
2.361766646781072524e-10
2.353645405430754136e-10
2.345537639078234987e-10
2.337510403920048472e-10
2.329484093933240840e-10
2.321505289467301721e-10
2.313553110991974157e-10
2.305654721384704564e-10
2.297809278170996904e-10
2.289998790043286350e-10
2.282174241605321053e-10
2.274401719739387064e-10
2.266669944633553926e-10
2.258908224383868329e-10
2.251195436691856210e-10
2.243534663632736368e-10
2.235980583460882443e-10
2.228420552817505186e-10
2.220865605173835437e-10
2.213312717268358398e-10
2.205725276257577508e-10
2.198098140666341262e-10
2.190517597513334720e-10
2.182980850428265633e-10
2.175493805025262245e-10
2.168104903317899088e-10
2.160784630565569136e-10
2.153443581527941127e-10
2.146164712621909117e-10
2.138906609639515314e-10
2.131683197472897945e-10
2.124475735095428843e-10
2.117293876764316411e-10
2.110125969783939875e-10
2.102977151361496825e-10
2.095816251325148925e-10
2.088716032987928880e-10
2.081648393706697299e-10
2.074584189299675017e-10
2.067562479868470763e-10
2.060517518957901114e-10
2.053491391334214356e-10
2.046450753981737722e-10
2.039461908386862443e-10
2.032533467745792945e-10
2.025598672191058015e-10
2.018724726453030883e-10
2.011906399718441806e-10
2.005121719925619154e-10
1.998409904526228860e-10
1.991701114030365560e-10
1.984998458143581181e-10
1.978290214983312641e-10
1.971623403787787472e-10
1.964994552974123971e-10
1.958414698593314498e-10
1.951855966686521372e-10
1.945350727694468758e-10
1.938861135839577830e-10
1.932398676602774890e-10
1.925959848430919431e-10
1.919546825798222235e-10
1.913169998882774887e-10
1.906826069908938725e-10
1.900522998063382926e-10
1.894265144909218218e-10
1.888060413691948258e-10
1.881933249550728726e-10
1.875877149024079658e-10
1.869815636547921801e-10
1.863773859438393578e-10
1.857811609353732012e-10
1.851891741581191515e-10
1.845987597693807488e-10
1.840096991599697322e-10
1.834222467500787611e-10
1.828362801534067290e-10
1.822543439484972448e-10
1.816728709815162236e-10
1.810853382183148342e-10
1.805014975164935149e-10
1.799224935097993687e-10
1.793466581472941933e-10
1.787730009494708587e-10
1.782000331585605477e-10
1.776252244980647505e-10
1.770533394963908468e-10
1.764869577982289783e-10
1.759271677425512275e-10
1.753665940116321459e-10
1.748070295153642816e-10
1.742527030874910313e-10
1.737005326724380762e-10
1.731516707248623894e-10
1.726084088790599048e-10
1.720718224482624203e-10
1.715373507659308010e-10
1.710008947295974080e-10
1.704660785146783217e-10
1.699330218444863237e-10
1.693999160541484654e-10
1.688672246335055853e-10
1.683404017083128999e-10
1.678166159675584223e-10
1.672989788650800359e-10
1.667876395889550136e-10
1.662816387662293135e-10
1.657739322084704344e-10
1.652640074536512831e-10
1.647565281635468103e-10
1.642538615299503208e-10
1.637524971104856262e-10
1.632538685036012719e-10
1.627585011701529869e-10
1.622661930437729426e-10
1.617776187409132396e-10
1.612900792006272485e-10
1.608062963777864842e-10
1.603258502515828723e-10
1.598516545784908625e-10
1.593833987029903068e-10
1.589169812558853896e-10
1.584521008778227068e-10
1.579880210130456497e-10
1.575239812312869436e-10
1.570613876174757783e-10
1.565983611230092128e-10
1.561376805826288989e-10
1.556800713718927985e-10
1.552250741312197478e-10
1.547749057141742799e-10
1.543283930922255409e-10
1.538823184225530892e-10
1.534372893896954311e-10
1.529939486840706740e-10
1.525537234949456808e-10
1.521212043224918302e-10
1.516889594680396205e-10
1.512563383357832379e-10
1.508230048572858297e-10
1.503881995744139771e-10
1.499513114496633399e-10
1.495136081378147762e-10
1.490768895458877102e-10
1.486384473948006968e-10
1.481997598130342594e-10
1.477635389994615277e-10
1.473303790398639170e-10
1.468994794789126763e-10
1.464696081502866125e-10
1.460386622572198866e-10
1.456121288992538569e-10
1.451874886774888283e-10
1.447641411555007064e-10
1.443422958364194471e-10
1.439204207022095864e-10
1.435006913325984291e-10
1.430846285688553590e-10
1.426717618327043556e-10
1.422601463360481746e-10
1.418482249317438311e-10
1.414397681468045255e-10
1.410349929984567750e-10
1.406309536822488603e-10
1.402256140877058357e-10
1.398239363133762754e-10
1.394211467080473700e-10
1.390193846998814793e-10
1.386187202824897721e-10
1.382198166282862354e-10
1.378203648606747313e-10
1.374243564514751359e-10
1.370316795183544472e-10
1.366409351629773115e-10
1.362497202518756317e-10
1.358623773202957380e-10
1.354779915221596912e-10
1.350950616221244155e-10
1.347126083883396608e-10
1.343347696932871064e-10
1.339586317988269162e-10
1.335832100086743303e-10
1.332091949576024751e-10
1.328370502520901354e-10
1.324628665361278477e-10
1.320891303518095901e-10
1.317168568755685130e-10
1.313460389239090370e-10
1.309759699461593662e-10
1.306055098212355499e-10
1.302392308471306214e-10
1.298733356701569483e-10
1.295085263228912343e-10
1.291465653053918661e-10
1.287840896163807891e-10
1.284226053628436600e-10
1.280625611675919298e-10
1.277018364340959416e-10
1.273411443311043833e-10
1.270242353146170990e-10
6.344459402910256360e-10
1.394705346499116207e-07
9.056100273133070180e-07
1.394698234174344171e-07
6.330233803697539875e-10
1.248910419426765016e-10
1.244981860894616088e-10
1.241532806570451080e-10
1.238083580769465432e-10
1.234610262671179362e-10
1.231146607125603959e-10
1.227711053957186211e-10
1.224301000250965987e-10
1.220936474059731946e-10
1.217594487248258969e-10
1.214287643729011610e-10
1.210974684407142430e-10
1.207676125213093375e-10
1.204384785073576782e-10
1.201098919113617053e-10
1.197820311635633743e-10
1.194584340738046290e-10
1.191378365271211875e-10
1.188178304330740391e-10
1.184974674320879480e-10
1.181817294865276892e-10
1.178679791849917633e-10
1.175555572210804782e-10
1.172482351227014432e-10
1.169465753639467139e-10
1.166505243353466438e-10
1.163637798803072856e-10
1.160900471294945606e-10
1.158328354556490709e-10
1.156011791629857508e-10
1.154086360247629762e-10
1.152691447056668920e-10
1.152047201926524175e-10
1.152491008116421153e-10
1.154479348680950941e-10
1.158632762691290465e-10
1.165849394946977831e-10
1.177355072495648592e-10
1.194849775818122256e-10
1.220702001984614739e-10
1.258130569475044334e-10
1.311515239261211213e-10
1.386800988153313775e-10
1.492020558777492553e-10
1.637993915811771596e-10
1.839210287884189246e-10
2.114966411289408747e-10
2.490850094215714333e-10
3.000689204858885035e-10
3.688890977579918084e-10
4.613523673821606917e-10
5.850226681437801481e-10
7.497005871378779957e-10
9.680253174834428348e-10
1.256212721447156893e-09
1.634978216761133785e-09
2.130650447129299895e-09
2.776531330190956770e-09
3.614535156158095702e-09
4.697156410957784029e-09
6.089813791634378002e-09
7.873620517949425248e-09
1.014864600358103203e-08
1.303771154515757440e-08
1.669078386335086892e-08
2.129002322329495603e-08
2.705552415353672707e-08
3.425179741423360735e-08
4.319502086397791788e-08
5.426105781956804979e-08
6.789423656640892820e-08
8.461685425865603810e-08
1.050393340895628277e-07
1.298709066459677489e-07
1.599306885294734241e-07
1.961589145597540822e-07
2.396280949034259163e-07
2.915537581147941537e-07
3.533044058335728643e-07
4.264102295041895871e-07
5.125701091777286500e-07
6.136563207266081510e-07
7.317163693024563022e-07
8.689713120662383732e-07
1.027809932086320236e-06
1.210778105283220290e-06
1.420562765078657313e-06
1.659969880659113178e-06
1.931895966314867623e-06
2.239292762768876049e-06
2.585124852550695904e-06
2.972320157095792720e-06
3.403713504770333249e-06
3.881983617840144480e-06
4.409584211842863532e-06
4.988670121231170238e-06
5.621019660018296555e-06
6.307954713378012955e-06
7.050260316743434581e-06
7.848105713522827013e-06
8.700969103834991150e-06
9.607568440573204985e-06
1.056580071257608888e-05
1.157269219241183824e-05
1.262436204181693579e-05
1.371600153179950190e-05
1.484187089240577030e-05
1.599531546283869429e-05
1.716880240188137799e-05
1.835397872145843302e-05
1.954175084188670343e-05
2.072238525663958769e-05
2.188562922773036642e-05
2.302084981610459858e-05
2.411718887969821443e-05
2.516373108903468829e-05
2.614968146018232362e-05
2.706454848096731959e-05
2.789832854123805127e-05
2.864168717355465379e-05
2.928613254187574657e-05
2.982417668237133390e-05
3.024948033400586808e-05
3.055707723052948605e-05
3.076263634925964404e-05
3.165675808564044180e-05
3.891118810187172583e-05
4.791240477524663036e-05
3.841769470964101843e-05
3.067571051317975858e-05
2.930579405551975719e-05
2.864178530478202740e-05
2.789832579732489184e-05
2.706454521251241589e-05
2.614967777949259167e-05
2.516372699492202208e-05
2.411718437350940313e-05
2.302084489753658056e-05
2.188562389631795797e-05
2.072237951116259042e-05
1.954174468034775605e-05
1.835397214298240142e-05
1.716879540463776298e-05
1.599530804261364926e-05
1.484186304776674909e-05
1.371599326240383563e-05
1.262435334787885095e-05
1.157268307381650935e-05
1.056579116863452748e-05
9.607558469674345948e-06
8.700958705511843184e-06
7.848094886775970863e-06
7.050249060836920587e-06
6.307943026939080231e-06
5.621007544281762436e-06
4.988657578204462153e-06
4.409571243350980034e-06
3.881970223158187996e-06
3.403699683306042248e-06
2.972305907693749465e-06
2.585110174880857396e-06
2.239277659020448913e-06
1.931880435310176214e-06
1.659953923396924749e-06
1.420546383551052114e-06
1.210761300053789690e-06
1.027792703684650198e-06
8.689536619863644685e-07
7.316982959725913706e-07
6.136378244577899964e-07
5.125511890703358613e-07
4.263908855102631057e-07
3.532846371404542457e-07
2.915335657821035097e-07
2.396074765792236971e-07
1.961378705944015168e-07
1.599092192860981957e-07
1.298490114307547147e-07
1.050170098425625186e-07
8.459410060238807569e-08
6.787105283988288020e-08
5.423744486406575458e-08
4.317097734566191594e-08
3.422732080121178226e-08
2.703061516903464472e-08
2.126468386108260701e-08
1.666501126118189216e-08
1.301150411903727731e-08
1.012200127861632568e-08
7.846536225187045919e-09
6.062289968568110067e-09
4.669193374994939644e-09
3.586132214246945467e-09
2.747686696795146860e-09
2.101361029480441765e-09
1.605242693359724463e-09
1.226029410857314195e-09
9.373930022072100047e-10
7.186188005808331732e-10
5.534871879639964712e-10
4.293620728054454192e-10
3.364419198026692926e-10
2.671654696928261715e-10
2.157236955083647831e-10
1.776748128369583053e-10
1.496385190159655595e-10
1.290569814892396700e-10
1.139992661763117608e-10
1.030175761026831056e-10
9.502945714449671451e-11
8.923094453311755637e-11
8.502751125656601003e-11
8.198025922657736986e-11
7.976652079607415652e-11
7.815185034658981853e-11
7.696688652155250370e-11
7.608858580700171898e-11
7.542808673564616151e-11
7.492074425095355803e-11
7.452117766905807772e-11
7.419759252910846246e-11
7.392803037192215282e-11
7.369595703568171570e-11
7.348920499814173510e-11
7.329964655075158347e-11
7.312285359778709277e-11
7.295375394441970517e-11
7.279102411725131182e-11
7.263247991971372930e-11
7.247628601825020830e-11
7.232258033134353621e-11
7.217124231845857845e-11
7.202186551581402096e-11
7.187295148308526222e-11
7.172417347748404772e-11
7.157634966281308368e-11
7.142913045651848014e-11
7.128123616435281421e-11
7.113322862805048319e-11
7.098682954047615797e-11
7.084239609240981140e-11
7.069923047308694583e-11
7.055722284379264701e-11
7.041721626597856527e-11
7.027843441585315189e-11
7.013954939680402737e-11
7.000096027170559487e-11
6.986307777711666022e-11
6.972577229895871551e-11
6.958987629823360610e-11
6.945373673164091716e-11
6.931841194646824453e-11
6.918503399790579678e-11
6.905225893873484398e-11
6.892098219307522951e-11
6.879013224030482235e-11
6.865790739548328278e-11
6.852497469425730391e-11
6.839303073921486603e-11
6.826273146324847720e-11
6.813431990350388938e-11
6.800734999154900730e-11
6.788037276076417184e-11
6.775349139583464591e-11
6.762658203063094515e-11
6.750013345006394882e-11
6.737495829171047911e-11
6.725060522492154387e-11
6.712641491060097884e-11
6.700096303253405535e-11
6.687595549589324288e-11
6.675106761596024117e-11
6.662680746288626938e-11
6.650248275153701462e-11
6.637805380340666787e-11
6.625468509964256496e-11
6.613083695700909111e-11
6.600830888270126520e-11
6.588518166810618906e-11
6.576235166546705579e-11
6.564050855236765278e-11
6.551839917467164275e-11
6.539574409787158405e-11
6.527331166037010648e-11
6.515044135259405172e-11
6.502680443297666429e-11
6.490368060667806366e-11
6.478056357791785500e-11
6.465701099606252935e-11
6.453397332170480428e-11
6.441145652442848957e-11
6.428886615149307220e-11
6.416603416151429894e-11
6.404354307147604592e-11
6.392122533324896776e-11
6.380023497718745924e-11
6.368002764002889498e-11
6.356010668941213822e-11
6.344085014436225109e-11
6.332195763481423540e-11
6.320426347438520963e-11
6.308686523077283637e-11
6.296991538905676209e-11
6.285346600402276559e-11
6.273648604775118059e-11
6.261922926609849731e-11
6.250310729741544619e-11
6.238627563134103259e-11
6.226975098760880885e-11
6.215483497362177176e-11
6.203989809470710627e-11
6.192548332517069233e-11
6.181147491894406389e-11
6.169723466457913170e-11
6.158407739111781574e-11
6.147149675644906365e-11
6.135949568540996698e-11
6.124768686471685749e-11
6.113581526730808344e-11
6.102484117809434714e-11
6.091430267935144438e-11
6.080446711829393577e-11
6.069454353474076016e-11
6.058574158679873219e-11
6.047707981143566384e-11
6.036908852526025529e-11
6.026134853199253521e-11
6.015398846414378091e-11
6.004681729298715959e-11
5.994059807856342842e-11
5.983527582216333867e-11
5.973027019650321454e-11
5.962467985082446184e-11
5.951878305844473726e-11
5.941319483461488568e-11
5.930777737734991072e-11
5.920259877268538536e-11
5.909751960538124707e-11
5.899217404627520667e-11
5.888745023090990214e-11
5.878276625608597672e-11
5.867808733738767400e-11
5.857408948194767149e-11
5.846938661334802693e-11
5.836518247204299705e-11
5.826064541119117725e-11
5.815592354117239644e-11
5.805092524052721022e-11
5.794568333956929958e-11
5.784076000157107772e-11
5.773612770232094255e-11
5.763108496675969387e-11
5.752615610149577669e-11
5.742165517623895212e-11
5.731718808828198916e-11
5.721171823747450511e-11
5.710621656894647400e-11
5.700041568218419802e-11
5.689563371446793992e-11
5.679213327545305237e-11
5.668933028256252025e-11
5.658763295048426312e-11
5.648694596948174469e-11
5.638669903219761061e-11
5.628690245113023952e-11
5.618715276585426841e-11
5.608803616196562233e-11
5.598911320759858829e-11
5.589032562359736351e-11
5.579096964133827305e-11
5.569187585492538800e-11
5.559239104303282024e-11
5.549317403309896396e-11
5.539425280779654701e-11
5.529542064047741625e-11
5.519682970476234638e-11
5.509806232865968707e-11
5.499921309493739498e-11
5.490080273184503230e-11
5.480266287542776941e-11
5.470523782175394700e-11
5.460877506529065481e-11
5.451248454556705082e-11
5.441590929357820767e-11
5.431857855464213895e-11
5.422228171618213759e-11
5.412624395511529426e-11
5.403085821251158258e-11
5.393568987694300596e-11
5.383930239285842267e-11
5.374326719729646262e-11
5.364772926779958546e-11
5.355240356310220317e-11
5.345622783164587748e-11
5.336000386636923651e-11
5.326469844656427476e-11
5.316983756707725417e-11
5.307522090094777754e-11
5.298063260711191562e-11
5.288685425276598473e-11
5.279334166943935937e-11
5.269983296907475111e-11
5.260727466347258964e-11
5.251529356841225416e-11
5.242254830532453499e-11
5.232985722828559305e-11
5.223750167077444969e-11
5.214568806789329899e-11
5.205457340812717306e-11
5.196373284573428329e-11
5.187331705220256029e-11
5.178312877396636856e-11
5.169287622103129728e-11
5.160344129316039978e-11
5.151401955748511252e-11
5.142386394409166660e-11
5.133379262033735719e-11
5.124390258337200207e-11
5.115410772581770471e-11
5.106438284786561975e-11
5.097512447990313767e-11
5.088601852599859406e-11
5.079709311100254962e-11
5.070843591327320226e-11
5.061968734753909653e-11
5.053095886034476753e-11
5.044266233589054401e-11
5.035453728712441484e-11
5.026655593406704285e-11
5.017902127944935232e-11
5.009214436100946087e-11
5.000638675496736203e-11
4.992124280211841020e-11
4.983603160032256425e-11
4.975097529998282978e-11
4.966681485895244941e-11
4.958357602602130671e-11
4.950020110741558380e-11
4.941593880662462182e-11
4.933243697391154789e-11
4.924959236143482535e-11
4.916761902201403421e-11
4.908648965145649360e-11
4.900557253518965973e-11
4.892508750071629687e-11
4.884488180113946392e-11
4.876430871426170922e-11
4.868447965327973838e-11
4.860516094312350601e-11
4.852577291811615892e-11
4.844687062167940974e-11
4.836912782500597753e-11
4.829161813716598978e-11
4.821407598924662759e-11
4.813643184709023847e-11
4.805913081849066846e-11
4.798193079223982625e-11
4.790463835210399971e-11
4.782820276466343969e-11
4.775256214242642869e-11
4.767707618103872872e-11
4.760195052573075898e-11
4.752789002998723566e-11
4.745424320391223652e-11
4.738133566809746058e-11
4.730887786102034578e-11
4.723618825657320840e-11
4.716347412507717653e-11
4.709138430159616463e-11
4.701915162680775816e-11
4.694639049130421589e-11
4.687296736879413566e-11
4.679929362194495490e-11
4.672596707578807270e-11
4.665308787918588435e-11
4.657978165838393172e-11
4.650648523438865399e-11
4.643372267796256605e-11
4.636121749122757230e-11
4.628907099507849765e-11
4.621695280620354610e-11
4.614499925039439445e-11
4.607357067359949550e-11
4.600270261687388890e-11
4.593153842797748376e-11
4.586091246357902169e-11
4.579044152139784794e-11
4.572139100633531158e-11
4.565292124056476114e-11
4.558457608584533806e-11
4.551583630292341011e-11
4.544753417086940687e-11
4.537946382748424872e-11
4.531161932625546626e-11
4.524412563760827756e-11
4.517696852767258811e-11
4.511006163913064145e-11
4.504359601373801772e-11
4.497764618724360281e-11
4.491191681544779636e-11
4.484665946273471166e-11
4.478173749166447911e-11
4.471672262055422008e-11
4.465247376797345575e-11
4.458801205136475666e-11
4.452383316215964177e-11
4.445936794474157997e-11
4.439488999692378000e-11
4.433033573822309224e-11
4.426653688018923147e-11
4.420276752830502645e-11
4.413914466306865672e-11
4.407592447659488018e-11
4.401290296875534668e-11
4.394949126024243094e-11
4.388671308999967304e-11
4.382420723899805917e-11
4.376210923464342463e-11
4.370065390345207130e-11
4.363954726560790236e-11
4.357784423673103511e-11
4.351608276119474987e-11
4.345422898837522468e-11
4.339215700757150994e-11
4.333079289972029930e-11
4.326900316174351962e-11
4.320699484559818485e-11
4.314469949793327090e-11
4.308255691927005203e-11
4.302016787131254316e-11
4.295763577859520714e-11
4.289549026005191936e-11
4.283430374987782960e-11
4.277364782128759358e-11
4.271306956173424525e-11
4.265255704785222925e-11
4.259182066366885683e-11
4.253125897712723194e-11
4.247118260049537846e-11
4.241201783861800651e-11
4.235318040829048404e-11
4.229431699333998857e-11
4.223557713975934450e-11
4.217697192903907695e-11
4.211883765467704574e-11
4.206094691362035783e-11
4.200279059620787988e-11
4.194445151253097235e-11
4.188685420808125427e-11
4.183015618593030299e-11
4.177389867568834755e-11
4.171747396241814246e-11
4.166109301174967960e-11
4.160469869314850689e-11
4.154815063387545651e-11
4.149155534294030903e-11
4.143485170814886506e-11
4.137834914904152587e-11
4.132197328913109006e-11
4.126575022022584477e-11
4.121028223623436282e-11
4.115511660737235231e-11
4.110064645915075230e-11
4.104641691948040002e-11
4.099262443201459257e-11
4.093981454832311185e-11
4.088710463811964550e-11
4.083447848127726427e-11
4.078188790320227587e-11
4.072949961196117367e-11
4.067779404412054884e-11
4.062634771909200824e-11
4.057558927523613216e-11
4.052600276121796089e-11
4.047667913263372054e-11
4.042742925188937453e-11
4.037877914458096052e-11
4.033021759757937954e-11
4.028196163497280559e-11
4.023374641965853920e-11
4.018529166483799820e-11
4.013646815656890768e-11
4.008837702274309260e-11
4.004026337243241765e-11
3.999201286851115119e-11
3.994403215952368847e-11
3.989600104405873268e-11
3.984766775313771205e-11
3.979914817779624313e-11
3.975074834087056175e-11
3.970253827489024508e-11
3.965442988750572264e-11
3.960578619260788434e-11
3.955659050711356895e-11
3.950727412852923424e-11
3.945796825824442550e-11
3.940887773806395452e-11
3.936027861170010099e-11
3.931153239907951962e-11
3.926305451070770214e-11
3.921476580124573171e-11
3.916674551262561062e-11
3.911916452102694618e-11
3.907160883324516296e-11
3.902463362106877240e-11
3.897795263506885664e-11
3.893152812371609042e-11
3.888556738878447253e-11
3.884014833415907941e-11
3.879466671942449334e-11
3.874913767394397075e-11
3.870361840247858300e-11
3.865817979569568961e-11
3.861258984235159430e-11
3.856706161828089103e-11
3.852127527429288994e-11
3.847610992659109653e-11
3.843118124740177253e-11
3.838616133201762184e-11
3.834065225711936289e-11
3.829512567231819417e-11
3.824982119050606417e-11
3.820554606402932797e-11
3.816161692486182465e-11
3.811735947830035528e-11
3.807279364077140386e-11
3.802786514920409113e-11
3.798255526018713733e-11
3.793690412910033026e-11
3.789164824331624919e-11
3.784725219236470367e-11
3.780349368083887671e-11
3.776003784408125927e-11
3.771680632670667133e-11
3.767403605617936172e-11
3.763108773243040557e-11
3.758806409296141034e-11
3.754544477083371778e-11
3.750314811872980326e-11
3.746071645854393957e-11
3.741840103477688908e-11
3.737609866119325242e-11
3.733423551539157027e-11
3.729298413130204115e-11
3.725180858056842010e-11
3.721057183534760586e-11
3.716925224363049508e-11
3.712791021789134229e-11
3.708633825021297546e-11
3.704469447767329780e-11
3.700350837465820799e-11
3.696236372663471020e-11
3.692030108903525199e-11
3.687749798155122559e-11
3.683461428362931530e-11
3.679166952138594108e-11
3.674874799129352677e-11
3.670567810424111462e-11
3.666313609084509152e-11
3.662106872421465749e-11
3.657898705288839165e-11
3.653713699340113984e-11
3.649551003968920122e-11
3.645431945822159186e-11
3.641349582053286714e-11
3.637290963103090412e-11
3.633276329358396818e-11
3.629356627921377061e-11
3.625469654931679024e-11
3.621631323179579829e-11
3.617793285677403280e-11
3.613975374213655524e-11
3.610226441255341436e-11
3.606501392210752496e-11
3.602848732663479542e-11
3.599251950723275127e-11
3.595784492028996271e-11
3.592488673694588365e-11
3.589302528166085965e-11
3.586391444687992860e-11
3.583800523124051262e-11
3.581611054925938665e-11
3.580076705388226582e-11
3.579482195410423741e-11
3.580209625051085041e-11
3.582797926156436195e-11
3.588114431938238098e-11
3.597308812643752144e-11
3.612068923518738194e-11
3.634845639727908301e-11
3.669040011866218952e-11
3.719446294371068964e-11
3.792782093977148762e-11
3.898576703782333603e-11
4.050076068969790368e-11
4.265666965901749615e-11
4.570939771141653454e-11
5.001174221096902356e-11
5.604941965214428064e-11
6.448941498061773008e-11
7.624304729225498958e-11
9.255271107785425290e-11
1.151051257814718921e-10
1.461815446785109683e-10
1.888584701648245419e-10
2.472688160935319528e-10
3.269453086510581939e-10
4.352672834473027776e-10
5.820419930380328284e-10
7.802591693922383261e-10
1.047060174021485821e-09
1.404984056267626384e-09
1.883559579576844020e-09
2.521334038870631102e-09
3.368444466562245915e-09
4.489865790133026760e-09
5.969493253586950886e-09
7.915255839393552431e-09
1.046549073742538215e-08
1.379685639486521674e-08
1.813411038578053125e-08
2.376214302101449754e-08
3.104071530564314862e-08
4.042242961817057813e-08
5.247454129151133300e-08
6.790530533752230684e-08
8.759565587391266918e-08
1.126371090207628981e-07
1.443768893905112168e-07
1.844713875451938804e-07
2.349491657201151034e-07
2.982848237483505057e-07
3.774851358799396032e-07
4.761889441257199771e-07
5.987823481288723701e-07
7.505307584702627741e-07
9.377293696244389958e-07
1.167873544750831848e-06
1.449850490273615207e-06
1.794153407866475297e-06
2.213119042905035513e-06
2.721189189243497355e-06
3.335196247576145774e-06
4.074672358166374239e-06
4.962180929048608961e-06
6.023668566541900477e-06
7.288834456298738401e-06
8.791513169839126147e-06
1.057006567098924471e-05
1.266777198975441583e-05
1.513321763581751886e-05
1.802066435650719907e-05
2.139039435443678764e-05
2.530901559080736668e-05
2.984971437299836967e-05
3.509244010781918882e-05
4.112400596054766955e-05
4.803808826448136612e-05
5.593510693778840309e-05
6.492196897296337375e-05
7.511165733917306308e-05
8.662264842628758358e-05
9.957814257018834925e-05
1.141050942404763229e-04
1.303330312060213016e-04
1.483926554476327857e-04
1.684142227418916669e-04
1.905257026942492064e-04
2.148507264870612823e-04
2.415063356591683761e-04
2.706005517378021110e-04
3.022297933567968660e-04
3.364761744651494080e-04
3.734047241357751922e-04
4.130605751460394428e-04
4.554661746484829242e-04
5.006185756680903284e-04
5.484868725938382705e-04
5.990098470287489631e-04
6.520938921171075828e-04
7.076112835660822078e-04
7.653988638709412857e-04
8.252572026083075489e-04
8.869502900211333673e-04
9.502058134813429159e-04
1.014716056838942983e-03
1.080139451280731243e-03
1.146102793323399349e-03
1.212204131246541776e-03
1.278016305927374670e-03
1.343091116090727776e-03
1.406964061855758927e-03
1.469159604598125517e-03
1.529196866067357181e-03
1.586595675856426269e-03
1.640882864198690665e-03
1.691598687095264468e-03
1.738303263379042821e-03
1.780582901471058129e-03
1.818056318849183136e-03
1.850383747486277234e-03
1.877314725091121629e-03
1.898930776986927551e-03
1.915973586545122870e-03
1.928539127525006778e-03
1.933598164318149279e-03
1.928539127471828396e-03
1.915973586438120138e-03
1.898930776825765668e-03
1.877314724875654229e-03
1.850383747216519277e-03
1.818056318525493060e-03
1.780582901093526790e-03
1.738303262948153122e-03
1.691598686611602530e-03
1.640882863662156089e-03
1.586595675267357978e-03
1.529196865425705302e-03
1.469159603903852319e-03
1.406964061108438753e-03
1.343091115290068974e-03
1.278016305073353823e-03
1.212204130339589094e-03
1.146102792363343096e-03
1.080139450267850708e-03
1.014716055773625444e-03
9.502058123636334752e-04
8.869502888513638994e-04
8.252572013865918949e-04
7.653988625970203213e-04
7.076112822400821342e-04
6.520938907388620833e-04
5.990098455976501255e-04
5.484868711093267551e-04
5.006185741305156818e-04
4.554661730583553720e-04
4.130605735036600138e-04
3.734047224411248043e-04
3.364761727188064831e-04
3.022297915594151238e-04
2.706005498892325280e-04
2.415063337594461075e-04
2.148507245355469469e-04
1.905257006909176238e-04
1.684142206870295542e-04
1.483926533415589797e-04
1.303330290488915750e-04
1.141050920323418094e-04
9.957814031105362968e-05
8.662264611618185003e-05
7.511165497818466448e-05
6.492196656144262937e-05
5.593510447595579222e-05
4.803808575291349458e-05
4.112400339916196857e-05
3.509243749695602335e-05
2.984971171285054472e-05
2.530901288126601143e-05
2.139039159545758531e-05
1.802066154830647511e-05
1.513321477901414772e-05
1.266776908451550865e-05
1.057006271730595168e-05
8.791510167621092577e-06
7.288831405261273124e-06
6.023665466510607035e-06
4.962177779850806133e-06
4.074669159764180172e-06
3.335193000734348633e-06
2.721185894534250532e-06
2.213115700547430009e-06
1.794150017679770374e-06
1.449847052287557603e-06
1.167870059441462763e-06
9.377258379436953477e-07
7.505271808543273557e-07
5.987787248550952145e-07
4.761852754860714354e-07
3.774814220975908871e-07
2.982810647416392216e-07
2.349453614849312093e-07
1.844675379275831823e-07
1.443729942617963077e-07
1.126331675263259947e-07
8.759166773692618567e-08
6.790127083311228540e-08
5.247046045903220816e-08
4.041830228252461885e-08
3.103654088869129901e-08
2.375792188531167443e-08
1.812984286192871992e-08
1.379254285351847281e-08
1.046113163026728053e-08
7.910850672588797096e-09
5.965042091721502146e-09
4.485368590647590930e-09
3.363901154047916988e-09
2.516744329157864987e-09
1.878923511452063539e-09
1.400301461043249601e-09
1.042330626881500938e-09
7.754820386252584780e-10
5.772170563980016271e-10
4.303944117021810525e-10
3.220245840141179566e-10
2.422997667706371956e-10
1.838402931770643591e-10
1.411136995388476692e-10
1.099874068524821561e-10
8.738503790284306158e-11
7.102496990471880081e-11
5.922034495537517199e-11
5.072942559050718496e-11
4.464084687534210277e-11
4.028739242567053353e-11
3.718319693193513150e-11
3.497551149840542391e-11
3.340877013417209943e-11
3.229901332125324585e-11
3.151385296906666089e-11
3.095858990280246772e-11
3.056539181299149181e-11
3.028605238555015187e-11
3.008674329475740701e-11
2.994353502498479068e-11
2.983918625134183322e-11
2.976141445239102034e-11
2.970224803425506483e-11
2.965555425675214127e-11
2.961766566756942452e-11
2.958591512143245204e-11
2.955833379013176791e-11
2.953364466624349030e-11
2.951097420514464034e-11
2.949016804058431762e-11
2.947023045024145110e-11
2.945082666765358172e-11
2.943200548155911951e-11
2.941373590082735499e-11
2.939551924689095110e-11
2.937730622387275114e-11
2.935940914559147541e-11
2.934183195638549658e-11
2.932442447123737282e-11
2.930695645242282426e-11
2.928918656935605254e-11
2.927146770695991399e-11
2.925384446905764377e-11
2.923631343482698425e-11
2.921894415522833387e-11
2.920157125732186094e-11
2.918409779716513244e-11
2.916675530590516376e-11
2.914952119591180105e-11
2.913243022815730016e-11
2.911525268458524524e-11
2.909796319869014210e-11
2.908080464789597453e-11
2.906374554353238130e-11
2.904674705428463433e-11
2.902936484514194139e-11
2.901221235894588176e-11
2.899522674065259006e-11
2.897875090346104566e-11
2.896249258855977588e-11
2.894621778345101609e-11
2.892981147905109033e-11
2.891313569987177496e-11
2.889650486960337786e-11
2.887989884471209557e-11
2.886344969230478278e-11
2.884701581393835077e-11
2.883096982329672100e-11
2.881515003588260268e-11
2.879895631614991163e-11
2.878246719515241045e-11
2.876588584675492477e-11
2.874914421386539330e-11
2.873232929981738152e-11
2.871551548087940817e-11
2.869865618904597172e-11
2.868194644587421591e-11
2.866548772510054603e-11
2.864860570666504876e-11
2.863157707753558221e-11
2.861461459393914104e-11
2.859811744413767797e-11
2.858188399240615408e-11
2.856569023340013600e-11
2.854980678677844775e-11
2.853401635529306486e-11
2.851840343550612809e-11
2.850299982219555472e-11
2.848755527646174278e-11
2.847201155646514598e-11
2.845633349755826722e-11
2.844042400117991820e-11
2.842421610914976585e-11
2.840757090560240261e-11
2.839087801611685607e-11
2.837423900857960365e-11
2.835784516176608967e-11
2.834115506769694633e-11
2.832424778121956065e-11
2.830731699411279975e-11
2.829060618922935978e-11
2.827430273682395025e-11
2.825815767172854742e-11
2.824224786283450320e-11
2.822628319052706845e-11
2.821082405604595787e-11
2.819585557109734859e-11
2.818101815206338705e-11
2.816603765147943521e-11
2.815124217734360781e-11
2.813658391890388638e-11
2.812163572810179368e-11
2.810669069553454267e-11
2.809153597113646450e-11
2.807660475126942301e-11
2.806172105310054547e-11
2.804704071562849565e-11
2.803261562806485528e-11
2.801862328337539585e-11
2.800474450430041734e-11
2.799061614229157530e-11
2.797635329902499793e-11
2.796196771338601640e-11
2.794769262623269898e-11
2.793339583146101297e-11
2.791890715347940580e-11
2.790461697080516251e-11
2.789032997670857139e-11
2.787580816499802233e-11
2.786115321230029659e-11
2.784651917836961787e-11
2.783180480799842673e-11
2.781738888947168944e-11
2.780284297389311360e-11
2.778830624402494306e-11
2.777356579026756251e-11
2.775893256120946274e-11
2.774467974732095378e-11
2.773041866839612051e-11
2.771661360300202811e-11
2.770270720041343925e-11
2.768889440555327874e-11
2.767520309546299676e-11
2.766154218323006958e-11
2.764772990002984082e-11
2.763387270184419151e-11
2.762011013025359411e-11
2.760668067909001357e-11
2.759335715680044189e-11
2.757994143610292964e-11
2.756679900416868843e-11
2.755397017364507136e-11
2.754093208633979180e-11
2.752791429630330605e-11
2.751491817297669058e-11
2.750196977260880105e-11
2.748888921861773730e-11
2.747575629023051989e-11
2.746289217256022873e-11
2.745022284635684189e-11
2.743738120183790631e-11
2.742477888823573067e-11
2.741236468733846957e-11
2.740005285010457715e-11
2.738756022107213428e-11
2.737489385911380581e-11
2.736205108502456179e-11
2.734930948061153271e-11
2.733626697192119869e-11
2.732345724471528807e-11
2.731069022390812235e-11
2.729807136431000346e-11
2.728556985553218751e-11
2.727332137132178827e-11
2.726069711373025456e-11
2.724801479726399418e-11
2.723544109048592000e-11
2.722278687668592129e-11
2.720994533204605261e-11
2.719718495784946809e-11
2.718439745863288067e-11
2.717168688832373773e-11
2.715899206779893754e-11
2.714613662816936489e-11
2.713268828983600066e-11
2.711910868458979483e-11
2.710561304135546156e-11
2.709196588898816232e-11
2.707824569772507600e-11
2.706424700068326472e-11
2.705030641022963158e-11
2.703644579427417297e-11
2.702248531299391611e-11
2.700820077260190163e-11
2.699378395215742635e-11
2.697910569831618751e-11
2.696430680329214452e-11
2.694918167430647513e-11
2.693427314922486139e-11
2.691947487446793605e-11
2.690442335014086758e-11
2.688939701440315761e-11
2.687458991249116723e-11
2.685996474163654051e-11
2.684528372658220610e-11
2.683076653550103041e-11
2.681615489509865214e-11
2.680133113287923370e-11
2.678633988377839273e-11
2.677149757610688175e-11
2.675668516126763215e-11
2.674203921779245198e-11
2.672745084903926977e-11
2.671303326384002935e-11
2.669877458080616485e-11
2.668449568459619334e-11
2.667033916514116988e-11
2.665597488195508519e-11
2.664157347172299388e-11
2.662736888392189256e-11
2.661327911105697026e-11
2.659906846428163919e-11
2.658489196274782435e-11
2.657099906277546370e-11
2.655724390759402720e-11
2.654355083232146284e-11
2.653010746805453526e-11
2.651653689842257328e-11
2.650311260146709451e-11
2.649013981947687582e-11
2.647715660857721863e-11
2.646410732125673316e-11
2.645119022846278588e-11
2.643831750049655651e-11
2.642564711857778562e-11
2.641304047520133828e-11
2.640051599015353399e-11
2.638814811117148707e-11
2.637597125390225307e-11
2.636367604484075572e-11
2.635153928119012433e-11
2.633944252835790753e-11
2.632733471604757586e-11
2.631533654842617626e-11
2.630324157353285646e-11
2.629128751343887759e-11
2.627922005742465605e-11
2.626692200295121610e-11
2.625440365676482257e-11
2.624184982133083239e-11
2.622953704647153392e-11
2.621704742628194434e-11
2.620448922727569010e-11
2.619179500778016789e-11
2.617907565748619606e-11
2.616628060295081840e-11
2.615339289090626589e-11
2.614034710643073445e-11
2.612731685507947218e-11
2.611445249326517855e-11
2.610160617659800925e-11
2.608888950310618844e-11
2.607662402251712118e-11
2.606466395290214136e-11
2.605273880317741806e-11
2.604089541888308381e-11
2.602884668783004326e-11
2.601684053839325484e-11
2.600466749452877567e-11
2.599261037266705751e-11
2.598071681032128237e-11
2.596892127621194915e-11
2.595703526968884972e-11
2.594533714428407510e-11
2.593381803693276608e-11
2.592200620015251865e-11
2.591014811114990587e-11
2.589833637701855578e-11
2.588640508924556612e-11
2.587428854422346414e-11
2.586211103442244802e-11
2.585004705489998168e-11
2.583799388642130041e-11
2.582581278809441145e-11
2.581310169945019602e-11
2.580035603151092143e-11
2.578767495093491700e-11
2.577500368919743322e-11
2.576247441358150463e-11
2.574980217030880474e-11
2.573736672192811368e-11
2.572508211023789093e-11
2.571299275699369076e-11
2.570103362394179413e-11
2.568907038348162033e-11
2.567732123157220461e-11
2.566575053472603050e-11
2.565393175805008913e-11
2.564214650417300315e-11
2.563024978961998681e-11
2.561848412694646672e-11
2.560656806838386343e-11
2.559433319091899746e-11
2.558205021319116691e-11
2.556974868623102196e-11
2.555746058240733005e-11
2.554525346374824584e-11
2.553311878458767868e-11
2.552095123474281933e-11
2.550868887701197243e-11
2.549646009455908810e-11
2.548426167504209660e-11
2.547194226591686006e-11
2.545947729659622341e-11
2.544691082331037650e-11
2.543441818401733652e-11
2.542181798661786930e-11
2.540933349679011830e-11
2.539696768596800057e-11
2.538464168278251155e-11
2.537218995826228176e-11
2.535957586345518732e-11
2.534693000021925145e-11
2.533425324342872462e-11
2.532171289328582950e-11
2.530939678088388043e-11
2.529697022478853330e-11
2.528450677791866501e-11
2.527202950546423458e-11
2.525964193559159002e-11
2.524749251603414989e-11
2.523557008932925068e-11
2.522361304276192199e-11
2.521151843510318995e-11
2.519925277293172219e-11
2.518691738642968522e-11
2.517459804836050407e-11
2.516218230443035981e-11
2.514964784960147055e-11
2.513713257319407713e-11
2.512468452605349379e-11
2.511221908163239562e-11
2.509979518182926269e-11
2.508733825502475125e-11
2.507471294246259655e-11
2.506214276254533424e-11
2.504976918261621392e-11
2.503756127402086385e-11
2.502538914550401707e-11
2.501355224660380953e-11
2.500163022796692974e-11
2.498975136503400702e-11
2.497797661415398664e-11
2.496643048920447528e-11
2.495510714525868943e-11
2.494380253569135813e-11
2.493245680445042349e-11
2.492094717982949192e-11
2.490941987477204694e-11
2.489798261675556879e-11
2.488664029469862534e-11
2.487529483902299207e-11
2.486394654455414710e-11
2.485274502405065258e-11
2.484165486220372399e-11
2.483051918965576297e-11
2.481950126837469541e-11
2.480850152569487012e-11
2.479759408988470384e-11
2.478672389198388140e-11
2.477609075626481163e-11
2.476557105058070953e-11
2.475517711988973058e-11
2.474497015295305883e-11
2.473483708256852123e-11
2.472509778290827929e-11
2.471533833384740693e-11
2.470562765074094287e-11
2.469615337990700934e-11
2.468680227184352148e-11
2.467767781283557105e-11
2.466871980481321677e-11
2.465982587933877475e-11
2.465119673104599430e-11
2.464252446464944624e-11
2.463361875993980925e-11
2.462455931086742764e-11
2.461550840987022914e-11
2.460627636009727131e-11
2.459690880382819204e-11
2.458759675559562451e-11
2.457811176235472881e-11
2.456835139369852236e-11
2.455827074296363876e-11
2.454805607896643612e-11
2.453766561864153280e-11
2.452729899950122921e-11
2.451675864770546991e-11
2.450628048051688789e-11
2.449584258312216825e-11
2.448584215639340803e-11
2.447586152117415431e-11
2.446614517461343115e-11
2.445639521391137363e-11
2.444616757002666587e-11
2.443558857459669015e-11
2.442510508493320071e-11
2.441455343510197914e-11
2.440390737471424996e-11
2.439343083534227945e-11
2.438319291286233751e-11
2.437300522920555207e-11
2.436277230621632179e-11
2.435267906369336015e-11
2.434242190612888719e-11
2.433209935002449242e-11
2.432163295859248454e-11
2.431103934332666730e-11
2.430018306612155961e-11
2.428924812871507074e-11
2.427824996641933669e-11
2.426712830908559397e-11
2.425618609597938931e-11
2.424545480663308075e-11
2.423485951392261991e-11
2.422421633670488178e-11
2.421369644790712246e-11
2.420326905674434885e-11
2.419294932682379576e-11
2.418266252483313784e-11
2.417242442675381863e-11
2.416217168726157083e-11
2.415191936759187301e-11
2.414166862877626981e-11
2.413155843025961391e-11
2.412148566055018097e-11
2.411150764756261940e-11
2.410146096547862157e-11
2.409144988290940916e-11
2.408173788224651083e-11
2.407225542201748685e-11
2.406291794826834732e-11
2.405359392122842127e-11
2.404446546990835623e-11
2.403551523881761615e-11
2.402658910323833011e-11
2.401794595421578410e-11
2.400932335775948895e-11
2.400080730545319006e-11
2.399215594558135456e-11
2.398360034002683190e-11
2.397513384790338921e-11
2.396666358983789114e-11
2.395827030840556102e-11
2.395018399481026715e-11
2.394232570420747859e-11
2.393474502597463195e-11
2.392731415190534968e-11
2.392017873730830740e-11
2.391305104290502306e-11
2.390586294690407882e-11
2.389885526732789205e-11
2.389182217910831238e-11
2.388493430003978964e-11
2.387805597187182490e-11
2.387124421467358143e-11
2.386434950211545858e-11
2.385721074320486587e-11
2.384995688176882430e-11
2.384283406315213096e-11
2.383571350023050149e-11
2.382873072297383401e-11
2.382172369620386916e-11
2.381485081169029006e-11
2.380790730584587293e-11
2.380066427487280899e-11
2.379341986162501308e-11
2.378634828736342810e-11
2.377929849206118880e-11
2.377213793678465613e-11
2.376494717095156242e-11
2.375789506867426022e-11
2.375122480813460541e-11
2.374468060129108767e-11
2.373840018866929372e-11
2.373236869679762099e-11
2.372640493011331386e-11
2.372030628899105869e-11
2.371404676996394234e-11
2.370794867685274948e-11
2.370193713214553412e-11
2.369595602440167424e-11
2.369027614375249921e-11
2.368472234530340401e-11
2.367913659584346758e-11
2.367343125499647054e-11
2.366783373568866941e-11
2.366209308932309069e-11
2.365618732444507901e-11
2.365032731571052699e-11
2.364441695303810897e-11
2.363867620499493036e-11
2.363310632474865256e-11
2.362783342429050750e-11
2.362235691121547228e-11
2.361699322091228684e-11
2.361168454638753870e-11
2.360646835383363149e-11
2.360130378671002291e-11
2.359573603638875628e-11
2.359018891745368404e-11
2.358466404161065679e-11
2.357927692349566817e-11
2.357391095630556854e-11
2.356861384847945976e-11
2.356344029516919998e-11
2.355836531570155574e-11
2.355338496108403238e-11
2.354869490189766693e-11
2.354431352431520581e-11
2.354003137410681599e-11
2.353597552055535772e-11
2.353191268003261044e-11
2.352784547689387805e-11
2.352378670195016068e-11
2.351957971159094554e-11
2.351534203286759128e-11
2.351124886824765617e-11
2.350719434548188033e-11
2.350304216851884808e-11
2.349887974527671872e-11
2.349455102522865776e-11
2.349016883166800065e-11
2.348577408127804430e-11
2.348140848761825789e-11
2.347697020611315391e-11
2.347247373161600680e-11
2.346811205827271229e-11
2.346378095466286129e-11
2.345972542477529569e-11
2.345557250443082750e-11
2.345132088905638797e-11
2.344688786328775064e-11
2.344230663100882553e-11
2.343775160544203062e-11
2.343329533207752701e-11
2.342882677522250411e-11
2.342466204774521515e-11
2.342049907122877341e-11
2.341645356596228329e-11
2.341268234725800502e-11
2.340901227014938616e-11
2.340534104260433355e-11
2.340182589801004125e-11
2.339812649397537115e-11
2.339445898677583597e-11
2.339073947218624887e-11
2.338727458150066116e-11
2.338415317606884507e-11
2.338105225320946008e-11
2.337808730266025027e-11
2.337525912295267649e-11
2.337218308542296689e-11
2.336898720579609915e-11
2.336586212458978705e-11
2.336302592282383173e-11
2.336027480623615111e-11
2.335736701393802174e-11
2.335434455934346165e-11
2.335104483838660008e-11
2.334772720661094894e-11
2.334468846225745380e-11
2.334158742435224794e-11
2.333831723237022194e-11
2.333477647524271010e-11
2.333123056314257157e-11
2.332758882330688255e-11
2.332398867100542476e-11
2.332059497726541034e-11
2.331715009071540120e-11
2.331345969251451803e-11
2.330978658267009869e-11
2.330626041244393501e-11
2.330275143849269293e-11
2.329935863604390182e-11
2.329599836174930730e-11
2.329273911797600700e-11
2.328946225749446243e-11
2.328619283040211925e-11
2.328286992462627035e-11
2.327954754428734357e-11
2.327624820100141691e-11
2.327317863371960125e-11
2.327007189476351729e-11
2.326694749722821763e-11
2.326413464143688696e-11
2.326153362319025303e-11
2.325895570519764797e-11
2.325648274037432484e-11
2.325396645592724113e-11
2.325123493333443768e-11
2.324838164931504445e-11
2.324558432101568754e-11
2.324292593527859503e-11
2.324038913967468772e-11
2.323814764145346384e-11
2.323620630731839594e-11
2.323409472679558405e-11
2.323183466200511884e-11
2.322958942415636771e-11
2.322737488024436810e-11
2.322515222953694583e-11
2.322310111127997939e-11
2.322110650503020546e-11
2.321917680540891281e-11
2.321722603245572676e-11
2.321518410139920224e-11
2.321321473881978737e-11
2.321138444011393086e-11
2.320931979855257750e-11
2.320732332697096300e-11
2.320536378602581325e-11
2.320362528808099650e-11
2.320196138267739629e-11
2.320019047566182102e-11
2.319858754092880642e-11
2.319697711670181814e-11
2.319532309937045046e-11
2.319375809712788758e-11
2.319214177668561232e-11
2.319050474369441684e-11
2.318884032633784646e-11
2.318705749939334433e-11
2.318509073342419651e-11
2.318320685676340908e-11
2.318131983116898651e-11
2.317922076856208995e-11
2.317700719666066420e-11
2.317490851324695399e-11
2.317293794989808921e-11
2.317117737950161496e-11
2.316956224534879266e-11
2.316788696695823573e-11
2.316621574908136482e-11
2.316433997932077734e-11
2.316246948943567055e-11
2.316068772997130644e-11
2.315890706253688975e-11
2.315716573341204426e-11
2.315539751012111039e-11
2.315388699903398582e-11
2.315241055501837816e-11
2.315097938955206468e-11
2.314952629496217936e-11
2.314783261650445831e-11
2.314591735141682395e-11
2.314395090795298279e-11
2.314192131095044752e-11
2.313969770651296198e-11
2.313761319613640317e-11
2.313572861370886107e-11
2.313382603572492930e-11
2.313202175973072737e-11
2.313032884997390119e-11
2.312880840834626102e-11
2.312741388858721312e-11
2.312601231565147256e-11
2.312467028588961831e-11
2.312328369821459740e-11
2.312193894475011056e-11
2.312067817103930226e-11
2.311964151669773915e-11
2.311885933970709026e-11
2.311822687558414294e-11
2.311757894697143968e-11
2.311696451535920175e-11
2.311637414808235538e-11
2.311576231803265020e-11
2.311518925512978011e-11
2.311458499889848815e-11
2.311409713040915434e-11
2.311371256154998179e-11
2.311336130220527959e-11
2.311309749378419602e-11
2.311280481335442242e-11
2.311250497069887484e-11
2.311198193456835452e-11
2.311133777804025941e-11
2.311071689074245805e-11
2.311012132064221507e-11
2.310965271934205931e-11
2.310921829696499616e-11
2.310879901163319962e-11
2.310847101022928154e-11
2.310824819078508033e-11
2.310799794395927539e-11
2.310797033557960966e-11
2.310776252697228769e-11
2.310745545230680434e-11
2.310705224194654155e-11
2.310658208909279592e-11
2.310596552134035727e-11
2.310534663282987475e-11
2.310464328251935193e-11
2.310390177057195753e-11
2.310309399506112968e-11
2.310220015962942755e-11
2.310138830071360464e-11
2.310026914739567515e-11
2.309905562701547385e-11
2.309785587966609386e-11
2.309659853765259980e-11
2.309539522036787257e-11
2.309401442949224442e-11
2.309290375532548130e-11
2.309217293279582610e-11
2.309135577898625391e-11
2.309053858335153481e-11
2.308971490212755516e-11
2.308889368639969256e-11
2.308822296025225224e-11
2.308762456354184644e-11
2.308694731094241684e-11
2.308631648110416813e-11
2.308578532021900637e-11
2.308515608692511141e-11
2.308444965007059555e-11
2.308381310542609493e-11
2.308322815736921326e-11
2.308258374047830430e-11
2.308219572693925335e-11
2.308188293221023599e-11
2.308168924158819713e-11
2.308161418961909721e-11
2.308159077688375283e-11
2.308157754484967349e-11
2.308185715647725751e-11
2.308215765011835077e-11
2.308252405659916049e-11
2.308296249109066729e-11
2.308313576607126153e-11
2.308298356275978227e-11
2.308268853480920492e-11
2.308255469341563658e-11
2.308258929657204207e-11
2.308279248375826249e-11
2.308315135008207285e-11
2.308341252309493916e-11
2.308362660320656798e-11
2.308386101962448393e-11
2.308389858326025327e-11
2.308389097187799485e-11
2.308380569452021835e-11
2.308373660929480681e-11
2.308380649618002456e-11
2.308382842310442364e-11
2.308397393768623164e-11
2.308402439249904799e-11
2.308394401184907609e-11
2.308380361414671537e-11
2.308380243524791116e-11
2.308371260830683880e-11
2.308350481382165154e-11
2.308334129872973089e-11
2.308294807332655789e-11
2.308258363065441325e-11
2.308194518335237410e-11
2.308126281036241924e-11
2.308060783777462245e-11
2.307994479005497536e-11
2.307921609628940273e-11
2.307860159219910839e-11
2.307810743201464490e-11
2.307751526960676029e-11
2.307696823472254496e-11
2.307641994242441086e-11
2.307572084334601641e-11
2.307503182947929926e-11
2.307422124148751311e-11
2.307340096073611081e-11
2.307275057118860997e-11
2.307230487399811397e-11
2.307202903598872450e-11
2.307175605669286856e-11
2.307151619904337254e-11
2.307123944650297182e-11
2.307107907076028350e-11
2.307096768331606479e-11
2.307112568134113950e-11
2.307147656001304573e-11
2.307193298614692712e-11
2.307249821112374258e-11
2.307305971862088861e-11
2.307393354917056245e-11
2.307494770411554083e-11
2.307590594275121238e-11
2.307694035470170976e-11
2.307791881241977115e-11
2.307898184963301103e-11
2.308008663797040539e-11
2.308130764807349936e-11
2.308258462985591958e-11
2.308373850929210018e-11
2.308474336517189714e-11
2.308556491980879789e-11
2.308642664908238356e-11
2.308723742089567703e-11
2.308804555587485220e-11
2.308870554114103976e-11
2.308924659525693914e-11
2.308988522437821094e-11
2.309044746710017169e-11
2.309081938519223516e-11
2.309102648068174529e-11
2.309121863467950541e-11
2.309134758238041033e-11
2.309147477222622136e-11
2.309161260291865335e-11
2.309189526408954011e-11
2.309242542659115114e-11
2.309308525452289776e-11
2.309387570466774070e-11
2.309461821464919231e-11
2.309530428751117219e-11
2.309583331933089591e-11
2.309645664916816125e-11
2.309703238318300047e-11
2.309771920336658127e-11
2.309849403568498476e-11
2.309919181008106831e-11
2.310002567638348138e-11
2.310115691921800543e-11
2.310236857331925081e-11
2.310348846144217177e-11
2.310462465964118627e-11
2.310590204050143282e-11
2.310717389534748893e-11
2.310853128134505793e-11
2.310994871988418534e-11
2.311136992858629633e-11
2.311266469706146842e-11
2.311412119747150188e-11
2.311564888931817623e-11
2.311693285517409082e-11
2.311815877744666880e-11
2.311939974363499470e-11
2.312071066879852751e-11
2.312202472982330465e-11
2.312310661305553708e-11
2.312420701985097959e-11
2.312531357634170491e-11
2.312639862888146071e-11
2.312758978365448770e-11
2.312892768611579600e-11
2.313053951883689600e-11
2.313238634784346710e-11
2.313418545489561938e-11
2.313588468908825629e-11
2.313765330781745087e-11
2.313936584355072905e-11
2.314115106584094898e-11
2.314282272351763468e-11
2.314452223146666467e-11
2.314651418435904505e-11
2.314853208003070135e-11
2.315039301231183337e-11
2.315229928158202375e-11
2.315414648354542098e-11
2.315600383901658201e-11
2.315783450504318556e-11
2.315963423009242955e-11
2.316137870677189671e-11
2.316298439000446059e-11
2.316467900915474432e-11
2.316650010877636847e-11
2.316860509289990992e-11
2.317097119320761696e-11
2.317324691616462405e-11
2.317556761606938068e-11
2.317788981606206166e-11
2.318016684633284538e-11
2.318241774544953647e-11
2.318454843765387832e-11
2.318653530236188457e-11
2.318854184783273138e-11
2.319058987199556851e-11
2.319242638690125038e-11
2.319417093964699297e-11
2.319605702515074308e-11
2.319775937975589224e-11
2.319950494017995237e-11
2.320120264147134384e-11
2.320290483471385373e-11
2.320460889162803978e-11
2.320643798345450587e-11
2.320824374246001185e-11
2.320991777291582964e-11
2.321147895244387176e-11
2.321294680227942677e-11
2.321444953304020730e-11
2.321584979979505324e-11
2.321736807308540177e-11
2.321902956270506326e-11
2.322065493645729566e-11
2.322242771264565682e-11
2.322404237113527629e-11
2.322564592254989402e-11
2.322716577293164766e-11
2.322857213459673849e-11
2.323000704729929670e-11
2.323138096143121688e-11
2.323264792782694425e-11
2.323378367543634190e-11
2.323488775149135422e-11
2.323576151419102456e-11
2.323653905855651390e-11
2.323724788597024755e-11
2.323808210781636552e-11
2.323905720124751169e-11
2.324010265148577614e-11
2.324115576254558851e-11
2.324230479125538056e-11
2.324364969062618457e-11
2.324497143226919059e-11
2.324640230915274833e-11
2.324804017688257994e-11
2.324960264947266481e-11
2.325115430799648867e-11
2.325255440601666462e-11
2.325376246729039101e-11
2.325503120825477461e-11
2.325627786713172546e-11
2.325770922527752295e-11
2.325904080716000538e-11
2.326025610502684914e-11
2.326152845146465015e-11
2.326280919425117416e-11
2.326417579974233559e-11
2.326561769690795147e-11
2.326725747404259187e-11
2.326896107680039380e-11
2.327066043858117794e-11
2.327242932110697142e-11
2.327429005445887570e-11
2.327614140196474602e-11
2.327776754055180560e-11
2.327930713203024604e-11
2.328058745464740522e-11
2.328183034683691724e-11
2.328294370280271638e-11
2.328403548879423840e-11
2.328533887853160842e-11
2.328688257581356333e-11
2.328861689404426163e-11
2.329039400720843229e-11
2.329220806118604850e-11
2.329402893175141548e-11
2.329577961965086744e-11
2.329732976636963725e-11
2.329888647853251750e-11
2.330035946676209332e-11
2.330179728695891925e-11
2.330309442484565806e-11
2.330448449128804356e-11
2.330594970169599439e-11
2.330727218805626195e-11
2.330858365583233066e-11
2.330994299484083983e-11
2.331134195508953146e-11
2.331295822598161362e-11
2.331468721821354075e-11
2.331644804424915902e-11
2.331825264533444390e-11
2.332018500845714967e-11
2.332206984826963925e-11
2.332379144476620809e-11
2.332546650884386490e-11
2.332720179699554312e-11
2.332892678809534204e-11
2.333068005200649634e-11
2.333254539349128830e-11
2.333441888925740863e-11
2.333618661385977891e-11
2.333779604728825913e-11
2.333951060468872035e-11
2.334132233153474004e-11
2.334328536744659473e-11
2.334506821147479019e-11
2.334671286663671815e-11
2.334832367028604765e-11
2.335007902810198712e-11
2.335183810478907535e-11
2.335381085914366086e-11
2.335582111306097706e-11
2.335783851825441573e-11
2.335978293393070771e-11
2.336176405488717968e-11
2.336362085114943072e-11
2.336534029487444405e-11
2.336700180499966736e-11
2.336869474266684694e-11
2.337034679054393523e-11
2.337184886525532546e-11
2.337336192918885270e-11
2.337483806651013271e-11
2.337619544828872194e-11
2.337759284187028394e-11
2.337883795620719300e-11
2.338011270147401462e-11
2.338154940068271191e-11
2.338284913047905714e-11
2.338413052644593750e-11
2.338533997205653452e-11
2.338671390532462223e-11
2.338824323180266788e-11
2.338982634356534366e-11
2.339147381937303570e-11
2.339302363636075308e-11
2.339455741578157226e-11
2.339606667060147011e-11
2.339762732064863659e-11
2.339917398402166173e-11
2.340077800452919315e-11
2.340250524869746023e-11
2.340421983289081525e-11
2.340588787904860171e-11
2.340746817321571606e-11
2.340923669564434017e-11
2.341097331387386687e-11
2.341274492424643874e-11
2.341449106214070688e-11
2.341636137927303630e-11
2.341839138063297186e-11
2.342043100553957522e-11
2.342242319787534914e-11
2.342445998595831278e-11
2.342667160015987658e-11
2.342883316654503745e-11
2.343115555823249884e-11
2.343369389840076252e-11
2.343621880337721061e-11
2.343883147283542045e-11
2.344169706263423155e-11
2.344471396070302326e-11
2.344771669250539215e-11
2.345053309532791710e-11
2.345348159196474861e-11
2.345648159498850722e-11
2.345945285114669346e-11
2.346249339527779438e-11
2.346562832045571517e-11
2.346880668868873502e-11
2.347220393445892252e-11
2.347573697827406302e-11
2.347929282046775850e-11
2.348274894732529339e-11
2.348636765256802712e-11
2.349024062267271466e-11
2.349407066195523195e-11
2.349788868749893149e-11
2.350167471640230356e-11
2.350533262224973540e-11
2.350908700961084133e-11
2.351287520761417848e-11
2.351680978220563586e-11
2.352072748882491579e-11
2.352449668346357498e-11
2.352820620028663121e-11
2.353209063194588660e-11
2.353601119020115534e-11
2.353992810238022590e-11
2.354394197322198363e-11
2.354814997190370905e-11
2.355244233215084946e-11
2.355653079710519547e-11
2.356032810010286378e-11
2.356393707270815009e-11
2.356780931949540094e-11
2.357175911044113576e-11
2.357586917430751585e-11
2.358018114911311421e-11
2.358454613718469101e-11
2.358899906185996539e-11
2.359346099926330892e-11
2.359788136528938146e-11
2.360235830418758473e-11
2.360690379187292068e-11
2.361165155889429988e-11
2.361667961217546941e-11
2.362189226130189161e-11
2.362704936458831683e-11
2.363210221108831280e-11
2.363709369522437726e-11
2.364202287934950055e-11
2.364685979761745201e-11
2.365177670897624264e-11
2.365669722997154731e-11
2.366147199798790466e-11
2.366635077237613308e-11
2.367150964468975389e-11
2.367678170741971900e-11
2.368216450876564740e-11
2.368761010840931959e-11
2.369295633328565893e-11
2.369825608394696503e-11
2.370371019314790631e-11
2.370917169385264714e-11
2.371466271061626357e-11
2.372026537830217813e-11
2.372583376816479157e-11
2.373144903763667390e-11
2.373700904412065618e-11
2.374242445448846847e-11
2.374778772038924400e-11
2.375315685264444506e-11
2.375849456718148066e-11
2.376385941200391150e-11
2.376930273632962755e-11
2.377509107514362412e-11
2.378092630038237314e-11
2.378659431287232739e-11
2.379211621384552967e-11
2.379771591556122638e-11
2.380327366007173084e-11
2.380887775149757146e-11
2.381441165988283917e-11
2.381997146097625977e-11
2.382561520029487259e-11
2.383151612072102902e-11
2.383762726642856357e-11
2.384383993079921572e-11
2.385021530322634875e-11
2.385674981173601267e-11
2.386361491354336833e-11
2.387057768442379621e-11
2.387743720007399357e-11
2.388418556407840732e-11
2.389105539934189982e-11
2.389789825529624640e-11
2.390476797541331220e-11
2.391175766559362737e-11
2.391874879277139278e-11
2.392557752415262829e-11
2.393207544332989599e-11
2.393850782040353899e-11
2.394501851228797361e-11
2.395159254917855996e-11
2.395837945576762711e-11
2.396511285547095347e-11
2.397197436593959569e-11
2.397919455052600562e-11
2.398641325846700301e-11
2.399359930187727294e-11
2.400088318107351350e-11
2.400849584328469148e-11
2.401598651179179702e-11
2.402346639978666087e-11
2.403091295694659687e-11
2.403844263221695718e-11
2.404600848340275024e-11
2.405378968465074978e-11
2.406160376140652553e-11
2.406962734695900334e-11
2.407793898097435974e-11
2.408632014093837653e-11
2.409457426238493266e-11
2.410307852941218975e-11
2.411176808790130828e-11
2.412043864204883237e-11
2.412921986352561346e-11
2.413824315950841746e-11
2.414728045342716188e-11
2.415626544050492443e-11
2.416527034220377172e-11
2.417422697273027814e-11
2.418321222293423878e-11
2.419225802082683809e-11
2.420143509674917607e-11
2.421060979399002824e-11
2.421992842473541981e-11
2.422928262859436980e-11
2.423853757197258524e-11
2.424764486772341357e-11
2.425663690785026002e-11
2.426574457339277249e-11
2.427491138579725275e-11
2.428405805679784854e-11
2.429321358566358482e-11
2.430223195480419417e-11
2.431131511751407389e-11
2.432032209279303535e-11
2.432940952388362844e-11
2.433847909732365813e-11
2.434761479624728658e-11
2.435687007371989987e-11
2.436604197055884404e-11
2.437519420649717945e-11
2.438442599993760264e-11
2.439367171638556176e-11
2.440298193054509509e-11
2.441239474300953285e-11
2.442189720840022064e-11
2.443129834550203232e-11
2.444082852437145030e-11
2.445037570900219753e-11
2.446003881891029409e-11
2.446984089196494765e-11
2.447958891533926724e-11
2.448924656179322760e-11
2.449905352350375136e-11
2.450880660160363876e-11
2.451862391957152972e-11
2.452849121464042770e-11
2.453853379692637478e-11
2.454866307429964286e-11
2.455876223370582950e-11
2.456882256760540456e-11
2.457900151250064365e-11
2.458920873600018430e-11
2.459958420284066109e-11
2.461003827181083406e-11
2.462051714562142056e-11
2.463099308914650948e-11
2.464127497016854318e-11
2.465153366844769333e-11
2.466186548868903177e-11
2.467215853088096185e-11
2.468273456189519889e-11
2.469331142376765148e-11
2.470385240985206700e-11
2.471427631534059222e-11
2.472476189389531867e-11
2.473540875462727500e-11
2.474617122484230664e-11
2.475702417484845050e-11
2.476804539187343338e-11
2.477922781623278052e-11
2.479034937871990364e-11
2.480149350935214639e-11
2.481249847245979445e-11
2.482338023769199449e-11
2.483435486922203102e-11
2.484544425718348729e-11
2.485666324529792401e-11
2.486792139019727252e-11
2.487926915805818551e-11
2.489066964100590809e-11
2.490204290287809016e-11
2.491340106557500460e-11
2.492472879097992730e-11
2.493621121003245391e-11
2.494782855897720086e-11
2.495945053149678532e-11
2.497116315099797705e-11
2.498283062573783748e-11
2.499447188037083817e-11
2.500625149080537743e-11
2.501806906902765472e-11
2.503001049454003218e-11
2.504199384116370511e-11
2.505402390794780955e-11
2.506606971187750567e-11
2.507836192291580786e-11
2.509081166892671873e-11
2.510352847300900665e-11
2.511651889661155465e-11
2.512972536147072958e-11
2.514290955095279341e-11
2.515600482910017617e-11
2.516924134643083710e-11
2.518261994892237022e-11
2.519624774430808429e-11
2.521004070618877822e-11
2.522387182513133055e-11
2.523758683496189473e-11
2.525141923368388526e-11
2.526535728271369805e-11
2.527952675057486666e-11
2.529370548891015825e-11
2.530766539071394515e-11
2.532158294634299303e-11
2.533571158139257475e-11
2.535010174579907016e-11
2.536450702940435551e-11
2.537909691857070498e-11
2.539381261065681290e-11
2.540839175534319896e-11
2.542301767041643301e-11
2.543767337187237207e-11
2.545212005427828559e-11
2.546654991612257965e-11
2.548121188146818858e-11
2.549602410703349230e-11
2.551102094426168393e-11
2.552613162446472380e-11
2.554137902782978185e-11
2.555691957435745179e-11
2.557271645047503238e-11
2.558858329921754075e-11
2.560461718211803901e-11
2.562075313304577462e-11
2.563688934030305605e-11
2.565323127871604919e-11
2.566973047259979064e-11
2.568631840873630503e-11
2.570262727570169266e-11
2.571894394786146561e-11
2.573513634323597455e-11
2.575149828485533486e-11
2.576790386484891819e-11
2.578421912083652741e-11
2.580052007675272913e-11
2.581679257436413577e-11
2.583287201590794971e-11
2.584890021317089797e-11
2.586471152230809259e-11
2.588034202049320167e-11
2.589570776672021334e-11
2.591104876602869921e-11
2.592638098922223023e-11
2.594163950979993126e-11
2.595690899948580642e-11
2.597219095759708682e-11
2.598771474368330922e-11
2.600327823563479177e-11
2.601866162896621457e-11
2.603404127936066388e-11
2.604953341661636085e-11
2.606513520611740109e-11
2.608071141315086862e-11
2.609622356249219640e-11
2.611169132907077283e-11
2.612727467534848444e-11
2.614281994437845213e-11
2.615857557227476549e-11
2.617408522673935128e-11
2.618960399930598869e-11
2.620523562666240465e-11
2.622107190749253994e-11
2.623682975574512322e-11
2.625250690059950825e-11
2.626847643511835954e-11
2.628458399439968206e-11
2.630065307072388859e-11
2.631679316446183249e-11
2.633289402978767008e-11
2.634908236492964716e-11
2.636533383831259519e-11
2.638186906386192341e-11
2.639839211283422072e-11
2.641475925696985130e-11
2.643102190870111416e-11
2.644706859009700412e-11
2.646290541294262539e-11
2.647902718157150416e-11
2.649529897293023600e-11
2.651170453218316697e-11
2.652816129543502877e-11
2.654481015328496276e-11
2.656182186075835614e-11
2.657891339298792838e-11
2.659598392229971229e-11
2.661325586151311302e-11
2.663075661995256246e-11
2.664854979709888318e-11
2.666658722083463528e-11
2.668467737922529496e-11
2.670286501327046022e-11
2.672113556160041366e-11
2.673953921255581503e-11
2.675818316703520269e-11
2.677666477199564271e-11
2.679517311727555985e-11
2.681374994141970770e-11
2.683229291325423304e-11
2.685087117615681142e-11
2.686936000903533798e-11
2.688790100808579423e-11
2.690659255869398148e-11
2.692565415591532492e-11
2.694491508146163186e-11
2.696408315168478248e-11
2.698307291443285747e-11
2.700212572891509969e-11
2.702115178261572350e-11
2.704013533712929269e-11
2.705933902152250073e-11
2.707847340154502735e-11
2.709734172652740346e-11
2.711606022184711911e-11
2.713484111176401782e-11
2.715374336083341211e-11
2.717248210723900302e-11
2.719144122180921481e-11
2.721071333383119629e-11
2.723016592498936999e-11
2.724987976793686517e-11
2.726942090005254379e-11
2.728915785040096973e-11
2.730921099878701787e-11
2.732923469027034474e-11
2.734902170757622346e-11
2.736884223355101957e-11
2.738888231838810832e-11
2.740870373025722338e-11
2.742844099364544422e-11
2.744812566551978722e-11
2.746789012001270440e-11
2.748780396025576401e-11
2.750797805248227993e-11
2.752819362625342513e-11
2.754838822946810059e-11
2.756873459466570088e-11
2.758933226594475209e-11
2.761021852802215104e-11
2.763110089546360075e-11
2.765233308117164274e-11
2.767383579734080895e-11
2.769540595601138759e-11
2.771716519968262839e-11
2.773923111069616079e-11
2.776126316013360893e-11
2.778358646573198725e-11
2.780610196616445247e-11
2.782888002170945096e-11
2.785191283137208026e-11
2.787508076726900162e-11
2.789821532448570850e-11
2.792118725061289653e-11
2.794408227089807063e-11
2.796703227685897688e-11
2.798994788286504156e-11
2.801276634913057614e-11
2.803584096336741234e-11
2.805891070956706357e-11
2.808194650910492312e-11
2.810527133735464060e-11
2.812850734547122507e-11
2.815163050723507938e-11
2.817473943324567525e-11
2.819763953633445236e-11
2.822052456359364183e-11
2.824349013695528190e-11
2.826627025456463487e-11
2.828879602907446118e-11
2.831138199695878325e-11
2.833416205447292835e-11
2.835702599958192008e-11
2.838003492456299318e-11
2.840305239529786394e-11
2.842610580331468390e-11
2.844923062057672629e-11
2.847253874798845816e-11
2.849609549720456891e-11
2.851970650592063314e-11
2.854355056205666654e-11
2.856750586425595151e-11
2.859154139659184418e-11
2.861558375522274940e-11
2.863961356068464897e-11
2.866375235012232646e-11
2.868821771388818335e-11
2.871318330966296491e-11
2.873843809753821254e-11
2.876369381981445157e-11
2.878916954770942252e-11
2.881482745339235338e-11
2.884065614771505231e-11
2.886671945795028903e-11
2.889292917009940247e-11
2.891933403887042424e-11
2.894615214129280065e-11
2.897334349118526190e-11
2.900048835323286661e-11
2.902762460485270766e-11
2.905502842682122183e-11
2.908238433934587131e-11
2.910989960900076910e-11
2.913754957011214506e-11
2.916508897906386150e-11
2.919263054793239067e-11
2.922017048078486111e-11
2.924792377935998843e-11
2.927584389052584446e-11
2.930407794783005494e-11
2.933236016390816082e-11
2.936120741894894520e-11
2.938976705211322776e-11
2.941814556089112288e-11
2.944652628431724409e-11
2.947497184632217589e-11
2.950385989665745059e-11
2.953303935194251610e-11
2.956231842747445496e-11
2.959165754616888083e-11
2.962097108805691285e-11
2.965075896776391950e-11
2.968122539100961072e-11
2.971231068439908874e-11
2.974364667917574151e-11
2.977525461374356085e-11
2.980691753121080340e-11
2.983865147891893772e-11
2.987053614417131409e-11
2.990276679369985237e-11
2.993526633127214449e-11
2.996761390649971061e-11
2.999987585869546884e-11
3.003211619478743625e-11
3.006476091020220267e-11
3.009748578063051343e-11
3.013043133927625813e-11
3.016350783121908043e-11
3.019690641018646506e-11
3.023043585906341131e-11
3.026389192852908622e-11
3.029740450086027985e-11
3.033094294724270661e-11
3.036450382967858878e-11
3.039815823870524414e-11
3.043191264540832289e-11
3.046589143453117080e-11
3.050001392090575208e-11
3.053445261779932583e-11
3.056914006634288238e-11
3.060423822136755533e-11
3.063946610302999073e-11
3.067435309092471536e-11
3.070916294285947289e-11
3.074439947309708659e-11
3.077997195108890661e-11
3.081599233725239550e-11
3.085232883207942345e-11
3.088894922950339049e-11
3.092593202325996422e-11
3.096334021248617960e-11
3.100092981894161849e-11
3.103889064129561840e-11
3.107672210260464522e-11
3.111465998327775371e-11
3.115280490237195081e-11
3.119130826477179956e-11
3.122996732627103221e-11
3.126868145063761290e-11
3.130783850378938139e-11
3.134728724003801492e-11
3.138692148215973465e-11
3.142640972255161266e-11
3.146581430930765562e-11
3.150540399943376187e-11
3.154513423340501625e-11
3.158522102760366808e-11
3.162563744803466922e-11
3.166634177980903862e-11
3.170750829845412777e-11
3.174859303116465869e-11
3.178991533148062046e-11
3.183163060260895924e-11
3.187364022821543119e-11
3.191597035718744986e-11
3.195829348252089084e-11
3.200085499081602870e-11
3.204351263549000822e-11
3.208601488775453385e-11
3.212859574375037442e-11
3.217168193035653528e-11
3.221505595889384952e-11
3.225866395313790930e-11
3.230235932514310074e-11
3.234634289818552979e-11
3.239026640230740357e-11
3.243440077716444374e-11
3.247920019638793904e-11
3.252414335050131376e-11
3.256946606395678977e-11
3.261530153572059097e-11
3.266125720668029984e-11
3.270751416889054076e-11
3.275420571970727878e-11
3.280112977493899167e-11
3.284861979947101125e-11
3.289638033006688294e-11
3.294419770208605378e-11
3.299233596020373172e-11
3.304110250860409652e-11
3.308994959474659749e-11
3.313889112606590644e-11
3.318807441465878801e-11
3.323754965586712633e-11
3.328733758302303239e-11
3.333783406418274169e-11
3.338871628523891614e-11
3.343975400107465933e-11
3.349020746013573553e-11
3.354075208294906677e-11
3.359142076541443144e-11
3.364251812107240271e-11
3.369399314913753022e-11
3.374558762615753712e-11
3.379730286356037994e-11
3.384917926440131881e-11
3.390102669371211095e-11
3.395299774925851329e-11
3.400538436906902085e-11
3.405831351387605384e-11
3.411143721863926938e-11
3.416501546025274855e-11
3.421845113344335816e-11
3.427174130501268410e-11
3.432525169219117747e-11
3.437852958795716097e-11
3.443215032878123387e-11
3.448592418432092209e-11
3.453984648356995998e-11
3.459402654995863430e-11
3.464901353176243053e-11
3.470468320547679124e-11
3.476041100288306965e-11
3.481642688980189494e-11
3.487317977789659517e-11
3.493057410382169177e-11
3.498847249268237304e-11
3.504656202365011194e-11
3.510417748022852033e-11
3.516189593979791171e-11
3.522013465933233644e-11
3.527839933949728941e-11
3.533669074441951827e-11
3.539521218824734420e-11
3.545345055194797891e-11
3.551172457127997480e-11
3.557015557617395330e-11
3.562891366242983827e-11
3.568754364899575478e-11
3.574645212446639644e-11
3.580571539647458086e-11
3.586516851061644380e-11
3.592510409612484625e-11
3.598542611838835694e-11
3.604663424763695329e-11
3.610875356725738312e-11
3.617096872102841405e-11
3.623363450294603762e-11
3.629674360559583236e-11
3.636014286941679930e-11
3.642390902381811954e-11
3.648786430317382057e-11
3.655146493220934176e-11
3.661533124084990574e-11
3.667934653367751845e-11
3.674338778593578222e-11
3.680739064153594982e-11
3.687173027565448950e-11
3.693632376424354893e-11
3.700147339812858040e-11
3.706716511423947750e-11
3.713306614528368718e-11
3.719927052892889100e-11
3.726596790297712621e-11
3.733348798703645689e-11
3.740057996849007338e-11
3.746752713151017067e-11
3.753460348101069582e-11
3.760233301268151314e-11
3.767020965812844608e-11
3.773829986893187289e-11
3.780648130996285190e-11
3.787475762626527282e-11
3.794356412989819714e-11
3.801314499123191073e-11
3.808374723247517301e-11
3.815505882551599967e-11
3.822692737042816737e-11
3.829922502622566894e-11
3.837127086702852187e-11
3.844288585340631887e-11
3.851481388972621139e-11
3.858783215899138541e-11
3.866109271790993969e-11
3.873416437980071951e-11
3.880743763821286241e-11
3.888110005082809748e-11
3.895481075247645447e-11
3.902913357047705534e-11
3.910400896828599238e-11
3.917954807771071519e-11
3.925548661572372201e-11
3.933132357985228077e-11
3.940693324543875308e-11
3.948262796430453994e-11
3.955857606523543964e-11
3.963434934770733471e-11
3.971020255171890719e-11
3.978609494199077383e-11
3.986260740619139966e-11
3.993937106073145705e-11
4.001646297584452456e-11
4.009447398999370436e-11
4.017284687438199090e-11
4.025137150395063725e-11
4.032972969014292836e-11
4.040812774868119553e-11
4.048658518982783720e-11
4.056521148241116773e-11
4.064388499720135228e-11
4.072268726176603156e-11
4.080296052113742797e-11
4.088410969735398108e-11
4.096621942764893562e-11
4.104812334940123160e-11
4.113054790109839959e-11
4.121307656552755612e-11
4.129565513120161274e-11
4.137790664274303000e-11
4.146007718946454706e-11
4.154205933601969852e-11
4.162433867438260537e-11
4.170634974597736106e-11
4.178886807311648262e-11
4.187161667353847865e-11
4.195490119086817804e-11
4.203879420601854639e-11
4.212234776125540667e-11
4.220605524405121883e-11
4.229023474973686442e-11
4.237493173882434085e-11
4.246025788647604113e-11
4.254614078660523771e-11
4.263230196241366578e-11
4.271899807847000301e-11
4.280569168454764225e-11
4.289244721958415114e-11
4.298014783700246858e-11
4.306804882568844709e-11
4.315635582250556750e-11
4.324481607543768806e-11
4.333396647641779743e-11
4.342414375066380571e-11
4.351440906096752718e-11
4.360504548857150918e-11
4.369623653444258943e-11
4.378850819252577345e-11
4.388231420142583264e-11
4.397919289920333035e-11
4.407904924447603299e-11
4.418275855310235443e-11
4.429082860371162707e-11
4.440423176180047290e-11
4.452484539461087047e-11
4.465443614397443424e-11
4.479729642133156599e-11
4.495820463548576701e-11
4.514180152902216960e-11
4.535475246399121620e-11
4.560765830620904405e-11
4.591439194923645103e-11
4.629184885008637115e-11
4.676274418760095957e-11
4.735779483256430281e-11
4.811636319392633446e-11
4.909015687647693374e-11
5.034356928469751382e-11
5.196271187253938638e-11
5.405862125953961152e-11
5.677419721742543945e-11
6.029353218937735579e-11
6.485044344581404934e-11
7.074427261919062627e-11
7.835571079089180483e-11
8.816742790642973556e-11
1.007904621524858767e-10
1.169959086983017628e-10
1.377537280018965662e-10
1.642801887046916354e-10
1.980945807210510315e-10
2.410931492724370722e-10
2.956307679772949473e-10
3.646249876529518121e-10
4.516810092215963534e-10
5.612369349078338949e-10
6.987433096831247561e-10
8.708682913327658575e-10
1.085745893266718210e-09
1.353269612157999386e-09
1.685429387652082792e-09
2.096711880014275059e-09
2.604558021221357216e-09
3.229899486173324953e-09
3.997770774579184869e-09
4.938008502794903009e-09
6.086050331895384813e-09
7.483839685596457420e-09
9.180836277374992663e-09
1.123515587122473841e-08
1.371482824875015465e-08
1.669919350983089598e-08
2.028043035598690264e-08
2.456521308236132506e-08
2.967651172564167900e-08
3.575551474168494823e-08
4.296367372848170486e-08
5.148485822986805452e-08
6.152760900024879397e-08
7.332747268411559335e-08
8.714940518713313130e-08
1.032902323957237758e-07
1.220811734066196076e-07
1.438904281754487840e-07
1.691258743605309925e-07
1.982379412988722427e-07
2.317227886267987843e-07
2.701259736633055198e-07
3.140468796133581473e-07
3.641442804391868923e-07
4.211435547798264936e-07
4.858461777911187954e-07
5.591422554847273528e-07
6.420270045276468631e-07
7.356221410031019964e-07
8.412031525696336680e-07
9.602333105073643239e-07
1.094405013602936613e-06
1.245688571367803660e-06
1.416387907216968731e-06
1.609202122460609798e-06
1.827292814056352933e-06
2.074364585287173984e-06
2.354798692560801254e-06
2.673995914338926195e-06
3.039455916019613090e-06
3.464196224888920922e-06
3.976939631726754553e-06
4.650176163811281379e-06
5.671213919201572031e-06
7.506810911145819415e-06
1.125025015114554631e-05
1.928121713172478802e-05
3.638114949199199646e-05
7.136657390482434662e-05
1.390498890346818131e-04
2.618695968637133704e-04
4.699456211158963871e-04
7.979289256614633275e-04
1.277333243989063182e-03
1.924488468351506255e-03
2.726744190516404431e-03
3.632111986008438893e-03
4.548506250962013227e-03
5.356669599596108541e-03
5.935727345739747612e-03
6.194151221474234956e-03
6.095073018878996787e-03
5.666021334365312599e-03
4.989262218740933737e-03
4.177016761250996676e-03
3.341610423087715970e-03
2.571910487619468409e-03
1.945031146824027389e-03
1.753900803994438810e-03
2.660907480358772840e-03
3.483815994847373233e-03
2.986473195950129292e-03
6.810387917062194624e-03
1.132807967911036908e-03
2.546347765826829815e-04
2.393788009475344221e-04
2.397603107011935279e-04
2.440293851831390915e-04
2.590470294660219500e-04
2.948805830959981035e-04
3.182893978259690275e-04
2.914069674931165136e-04
2.496881332133160550e-04
2.354929292597907943e-04
2.556298233337665629e-04
3.073039915962639569e-04
3.762451697517018852e-04
4.393319062504102718e-04
4.785889504923294892e-04
4.865488519029124753e-04
5.104274691336267320e-04
9.198332582257341987e-04
3.270986425499982937e-03
1.130697193083286811e-02
2.848687990574756343e-02
4.988873278797250482e-02
6.040999957875899107e-02
5.085621191489368698e-02
3.056430400713852288e-02
1.496821027794827813e-02
9.673219924418613100e-03
1.088366618492557850e-02
1.180516247534081631e-02
8.784897251065921370e-03
4.223549640730587564e-03
1.390204869563404924e-03
3.965937271703050249e-04
1.712630446432649182e-04
1.433494840512029552e-04
5.775359676449191539e-05
8.512612279929039077e-06
3.079708138996844709e-06
2.635883363532623991e-06
2.458911413386932357e-06
2.764578318624157492e-06
8.504196516657254684e-06
5.858189450415665894e-05
3.174255925251793435e-04
1.083109378908922319e-03
2.267692151521999780e-03
2.902230729388442874e-03
2.269945036625393466e-03
1.087547147879823093e-03
3.234317132191534419e-04
6.500666060528853736e-05
1.420157012643989720e-05
6.987439264804985732e-06
4.920075375017876471e-06
3.385384991613901631e-06
2.183953164925925709e-06
1.334599032678696990e-06
7.902755817436160650e-07
4.699667924017758134e-07
2.934780411805780465e-07
1.992878624939107679e-07
1.478631365936763622e-07
1.171779033435629006e-07
9.635429675749323218e-08
8.052328020276495290e-08
6.763626985438449907e-08
5.682111435577482143e-08
4.765263493262054346e-08
3.986845018992456092e-08
3.327006699195953741e-08
2.769121783630604851e-08
2.298778768886559699e-08
1.903394195610477235e-08
1.571991266773629479e-08
1.295025089809711474e-08
1.064225921235857649e-08
8.724552506353723175e-09
7.135736669378302905e-09
5.823197373277073673e-09
4.742011396721478614e-09
3.853952631922392812e-09
3.126611646325662405e-09
2.532602911572920805e-09
2.048867218366895870e-09
1.656057317056921801e-09
1.337993071590609252e-09
1.081185846814073739e-09
8.744291177829917189e-10
7.084447402869964215e-10
5.755750797093034984e-10
4.695207486541893227e-10
3.851136461946756387e-10
3.181331434564706022e-10
2.651378683887217014e-10
2.233358517103794696e-10
1.904633858887913670e-10
1.646952607086544853e-10
1.445617711386238748e-10
1.288840604750798269e-10
1.167207814451896820e-10
1.073231269033881475e-10
1.000914753389425085e-10
9.455352428101296855e-11
9.033467765083726552e-11
8.714143651213424311e-11
8.474517851082238860e-11
8.296524299588380641e-11
8.166002290463894771e-11
8.072026091305833735e-11
8.005996621579328757e-11
7.961545837653873525e-11
7.933661259399027136e-11
7.918357633771348211e-11
7.912601983414194321e-11
7.914045726333064388e-11
7.921073201959901026e-11
7.932006948257398819e-11
7.945875137528879271e-11
7.962268952059546317e-11
7.980433272720577187e-11
8.000131975376803640e-11
8.020814380137465275e-11
8.042181092841975482e-11
8.064081759370877357e-11
8.086313028108071852e-11
8.108696435448394106e-11
8.131252224960500373e-11
8.153985964687727532e-11
8.177004809715743688e-11
8.200297329346592767e-11
8.223895804698054810e-11
8.247804330760441405e-11
8.272115567151719039e-11
8.296492026278258882e-11
8.320900330875987424e-11
8.345292299429735942e-11
8.369868097007890009e-11
8.394851205316159142e-11
8.420004063510017649e-11
8.445300877316448534e-11
8.471061287170154290e-11
8.497218610081439508e-11
8.523697114076582004e-11
8.550271682622229102e-11
8.576960955766353821e-11
8.603573640265993036e-11
8.630348291636657559e-11
8.657269452799360716e-11
8.684451914652718592e-11
8.711675456977578914e-11
8.738873652872871846e-11
8.766267414852026929e-11
8.793961701173597466e-11
8.821822581804662226e-11
8.849967833053644811e-11
8.878408243559168874e-11
8.907035058070345107e-11
8.936031752553769692e-11
8.965222152275513271e-11
8.994582543934807460e-11
9.024376026634801081e-11
9.054603694237251752e-11
9.085007896006348939e-11
9.115719600687433161e-11
9.146735056881359530e-11
9.177811713607140200e-11
9.209095164572754796e-11
9.240637931636841263e-11
9.272209374667822292e-11
9.303939477154734790e-11
9.335941007313315430e-11
9.368441327263172589e-11
9.401138210466507896e-11
9.434092347519962663e-11
9.467012216754487776e-11
9.499937661373520837e-11
9.532791294950576681e-11
9.565841966372123933e-11
9.604172967762634001e-11
1.162697570270099138e-10
2.142812455024735847e-09
5.600274647142377075e-08
4.068853322493713372e-07
7.883622895709807192e-07
4.068860221829069001e-07
5.600413097727694010e-08
2.144895621437511936e-09
1.190505893145455247e-10
9.951853271643601938e-11
9.982938967035857650e-11
1.001943488119493300e-10
1.005604341574382341e-10
1.009283386759478703e-10
1.013016525896811344e-10
1.016747743369879395e-10
1.020483425733687445e-10
1.024262570286088490e-10
1.028070319836890040e-10
1.031886175577189453e-10
1.035723048640435897e-10
1.039552396681037191e-10
1.043414397815590382e-10
1.047303917068201944e-10
1.051235270980168135e-10
1.055192844211384988e-10
1.059179096131306420e-10
1.063209806973626655e-10
1.067241862786748805e-10
1.071300465371784666e-10
1.075396434735624437e-10
1.079494406420518651e-10
1.083626078602951344e-10
1.087773161543318300e-10
1.091937944070142390e-10
1.096111859776236364e-10
1.100299818849266491e-10
1.104514739595770422e-10
1.108789782159254829e-10
1.113109412155318817e-10
1.117441849609874601e-10
1.121805161557940735e-10
1.126208408008313442e-10
1.130652210813649789e-10
1.135127488989210830e-10
1.139658730924482359e-10
1.144206163981976489e-10
1.148771004952575910e-10
1.153356342772846924e-10
1.157972652996318512e-10
1.162615841379698013e-10
1.167286209081280148e-10
1.171967817192800097e-10
1.176681705010772021e-10
1.181425159700468565e-10
1.186208863903920332e-10
1.191017667643914061e-10
1.195834348854831914e-10
1.200678245130484767e-10
1.205536069626606871e-10
1.210408641285440845e-10
1.215299598157366479e-10
1.220218485411749182e-10
1.225121006978156872e-10
1.230030643523716771e-10
1.234983688067817973e-10
1.239930925855278659e-10
1.244870268195698048e-10
1.249813897257219327e-10
1.254799387205400928e-10
1.259809489852143139e-10
1.264803410898907209e-10
1.269809096018638372e-10
1.274852553003791348e-10
1.279968716199217801e-10
1.285104768547864157e-10
1.290291834969011129e-10
1.295502004901494330e-10
1.300754769727653091e-10
1.306019842725590378e-10
1.311303228611372642e-10
1.316582154718131694e-10
1.321891518152605706e-10
1.327271960997117893e-10
1.332730714076442132e-10
1.338220988271660003e-10
1.343779194352457651e-10
1.349357209648027475e-10
1.354963813090051266e-10
1.360625146901773602e-10
1.366325856065233957e-10
1.372061628248292788e-10
1.377878572516799834e-10
1.383706158796692637e-10
1.389541194031056905e-10
1.395391247159642425e-10
1.401245144213718380e-10
1.407109756130869074e-10
1.412958145723408899e-10
1.418832083007082987e-10
1.424696518887826518e-10
1.430602697704700291e-10
1.436562213233020764e-10
1.442557769973897409e-10
1.448599542647879236e-10
1.454678708323700216e-10
1.460801138868792020e-10
1.466938907605457562e-10
1.473086947163972586e-10
1.479270573145872566e-10
1.485461135067495505e-10
1.491653704505439698e-10
1.497845844393650815e-10
1.504078954000651089e-10
1.510332105740309550e-10
1.516594318307678726e-10
1.522863002327771626e-10
1.529123071794255164e-10
1.535367426798294373e-10
1.541606167892021213e-10
1.547827831286496606e-10
1.554056507466604145e-10
1.560367759214845704e-10
1.566698192542120079e-10
1.573083753819366857e-10
1.579541542833846479e-10
1.586053231128239235e-10
1.592655828080990861e-10
1.599338231602966948e-10
1.606084266493068838e-10
1.612862720149680265e-10
1.619642858086693580e-10
1.626474359252484070e-10
1.633359150982206430e-10
1.640270279573962610e-10
1.647282564530247825e-10
1.654402504032545310e-10
1.661532257114310161e-10
1.668697038558506452e-10
1.675934885036095130e-10
1.683234725433257863e-10
1.690600861690756333e-10
1.698007035446980939e-10
1.705427237245658476e-10
1.712914837855946699e-10
1.720444454587090360e-10
1.728014504203656495e-10
1.735630362459505109e-10
1.743278574274676870e-10
1.750985895449542661e-10
1.758719323983772009e-10
1.766487676356066662e-10
1.774357279598029765e-10
1.782250157656657876e-10
1.790219559626366241e-10
1.798179915063423166e-10
1.806183924003380664e-10
1.814235091071425157e-10
1.822320012096873501e-10
1.830451774042930079e-10
1.838604366050276285e-10
1.846876149929328893e-10
1.855883454582260805e-10
1.869584726309690705e-10
1.912656883751614025e-10
2.125008679424470993e-10
3.228567293145373173e-10
8.614095522201531646e-10
3.276239509262955955e-09
1.318334010789419210e-08
5.032904972385991676e-08
1.775308999266575987e-07
5.751153067473958761e-07
1.708549318701466097e-06
4.652948646909879003e-06
1.161480113168563265e-05
2.657446468568952459e-05
5.572911527015843021e-05
1.071181713701106341e-04
1.887152415676021286e-04
3.047287375068877952e-04
4.510060462853159643e-04
6.118060851278341473e-04
7.606899487557440467e-04
8.668900375162696481e-04
9.054881907938409870e-04
8.668900393976181323e-04
7.606899525247829471e-04
6.118060907779166542e-04
4.510060538171338528e-04
3.047287469257408624e-04
1.887152528681984109e-04
1.071181845498207243e-04
5.572913033519858117e-05
2.657448163790529912e-05
1.161481996670068763e-05
4.652969356555295716e-06
1.708571900381870156e-06
5.751397532506057132e-07
1.775572165934557631e-07
5.035723688808098576e-08
1.321340860959972729e-08
3.308194689420998732e-09
8.952595762036743882e-10
3.586026865360464803e-10
2.501325129906739939e-10
2.307760790945712704e-10
2.283463924306665743e-10
2.288554238000847343e-10
2.298437556608840227e-10
2.309144638377031303e-10
2.320047999498230224e-10
2.331007184555096637e-10
2.342000678837758928e-10
2.353034062901144901e-10
2.364125666451316102e-10
2.375252648897335734e-10
2.386444206715964776e-10
2.397667998510647386e-10
2.408969861474774837e-10
2.420317923847349803e-10
2.431705764592250029e-10
2.443134036827287575e-10
2.454607538341677166e-10
2.466110423628156945e-10
2.477591024033741518e-10
2.489048882736205082e-10
2.500582174810036766e-10
2.512174172803385289e-10
2.523855778448582568e-10
2.535607781284121108e-10
2.547490346492618408e-10
2.559480546934335790e-10
2.571564539791341125e-10
2.583742879678759778e-10
2.595942673428769555e-10
2.608218677676584105e-10
2.620537059411276392e-10
2.632924196007775146e-10
2.645290977608843665e-10
2.657748258736237960e-10
2.670349679446354893e-10
2.683064555045372678e-10
2.695835537060250099e-10
2.708665026543966715e-10
2.721574676741238023e-10
2.734499905545252136e-10
2.747474044057145988e-10
2.760502457821424362e-10
2.773519077772333013e-10
2.786507312386036120e-10
2.799605647295892472e-10
2.812761851741625145e-10
2.826046962145765011e-10
2.839438370482290392e-10
2.852857301588164109e-10
2.866346981934914854e-10
2.879900522369015384e-10
2.893429520256358820e-10
2.907018227879636890e-10
2.920596968142007558e-10
2.934233467453149212e-10
2.947889294506833786e-10
2.961564911028300387e-10
2.975291304475304647e-10
2.988995143597930000e-10
3.002826980327728079e-10
3.016771353327058389e-10
3.030796767365498924e-10
3.044974153228822450e-10
3.059340303825068334e-10
3.073798425205186275e-10
3.088398981610109865e-10
3.102998218716670295e-10
3.117776535849024522e-10
3.132632643090003324e-10
3.147546386727990617e-10
3.162498361463724551e-10
3.177510579311259354e-10
3.192563878133592578e-10
3.207652739366291956e-10
3.222777695970201361e-10
3.237948846172481467e-10
3.253179432402130714e-10
3.268556127901349892e-10
3.283956994207108871e-10
3.299464195191705178e-10
3.314993543500004035e-10
3.330610917837713900e-10
3.346440025680745225e-10
3.362300118565185618e-10
3.378181681993610793e-10
3.394090867600283551e-10
3.410009395289730750e-10
3.426037599332448547e-10
3.442135611879499370e-10
3.458270187658417132e-10
3.474388653897157559e-10
3.490540492908202668e-10
3.506804192034495570e-10
3.523171781119114274e-10
3.539522352792291693e-10
3.555977589532496103e-10
3.572528592423212776e-10
3.589205270090506874e-10
3.605857696514070840e-10
3.622629760765048591e-10
3.639421883945678230e-10
3.656155559240358362e-10
3.672928131481372112e-10
3.689839559920804542e-10
3.706721495202763824e-10
3.723741408409651264e-10
3.740964552177677119e-10
3.758297328323346811e-10
3.775727826277188143e-10
3.793269007860847457e-10
3.811158768728394270e-10
3.829291946018150764e-10
3.847570807334913889e-10
3.865938755242045689e-10
3.884484018796895092e-10
3.902996648789726126e-10
3.921520754590582274e-10
3.940051232596701153e-10
3.958673817016550297e-10
3.977346438181420142e-10
3.996005736475464354e-10
4.014706310917835665e-10
4.033410303887446570e-10
4.052199842939456242e-10
4.071041082892166069e-10
4.089996649402981263e-10
4.108939566912801095e-10
4.127832231144245673e-10
4.146743338169819553e-10
4.165823253565587254e-10
4.184996437120080520e-10
4.204215567212103240e-10
4.223512775753777104e-10
4.242919389024465100e-10
4.262504970722760151e-10
4.282371982796440294e-10
4.302545583785736781e-10
4.322827824944073989e-10
4.343328670254726344e-10
4.364014585647942839e-10
4.384821464019232910e-10
4.405783451711844718e-10
4.426847520853879093e-10
4.447919544481548753e-10
4.469184484641691198e-10
4.490685489206367660e-10
4.512336873784705095e-10
4.534117758984053983e-10
4.555919982300149436e-10
4.577705583025619226e-10
4.599594015610274348e-10
4.621666722984596478e-10
4.643980657485572840e-10
4.666508913147490630e-10
4.689197598743419963e-10
4.712073424861412816e-10
4.735183789038054200e-10
4.758388817417742162e-10
4.781562185702934251e-10
4.804796255926142804e-10
4.828026907926713786e-10
4.851286640389613059e-10
4.874608055235183271e-10
4.898071545597623082e-10
4.921536438697854976e-10
4.945118536347320642e-10
4.968976477492521887e-10
4.992969125599482301e-10
5.017077761428939782e-10
5.041256902885341702e-10
5.065611349416542428e-10
5.090027784388695543e-10
5.114555175005113505e-10
5.139145036001058414e-10
5.163927313316015271e-10
5.188812663842648566e-10
5.213823366530790668e-10
5.238896062267233608e-10
5.264206911141464215e-10
5.289694029982117723e-10
5.315459885231030480e-10
5.341384424791492768e-10
5.367490793132836187e-10
5.393654690698771253e-10
5.419781939717251087e-10
5.445999490579598232e-10
5.472383512714696135e-10
5.498892722149847520e-10
5.525599569624058792e-10
5.552397777086908743e-10
5.579153624567669327e-10
5.606079205404219400e-10
5.633271067552700066e-10
5.660537773579917512e-10
5.687746164562860799e-10
5.714970700017312043e-10
5.742316679646989273e-10
5.769888093535829218e-10
5.797462787067464999e-10
5.824948174799454474e-10
5.852674208374039145e-10
5.880593103924012077e-10
5.908604715699181713e-10
5.936734699133428303e-10
5.965096717492892157e-10
5.993459936987017410e-10
6.021755650960095877e-10
6.049876029539501206e-10
6.078000273366831955e-10
6.106059565683893420e-10
6.134102764115066212e-10
6.161988160508694787e-10
6.189995201703346496e-10
6.218295628028607841e-10
6.246832377803854375e-10
6.275603089716637322e-10
6.304611594190392197e-10
6.333789059963509603e-10
6.363078599942738713e-10
6.392722703018092395e-10
6.422191945660764703e-10
6.451808814191138822e-10
6.481338177384389592e-10
6.510741028263826513e-10
6.540247840517956228e-10
6.569889468126014735e-10
6.599505659161339769e-10
6.629352340507326564e-10
6.659296757384760330e-10
6.689492305194920000e-10
6.719864499970125113e-10
6.750122407561975344e-10
6.780343501102750929e-10
6.810882243626333757e-10
6.841501447023437971e-10
6.872500737156724414e-10
6.903803751945409520e-10
6.935208019896271914e-10
6.966713960533801246e-10
6.998266900236736933e-10
7.029915788869405734e-10
7.061900096649442493e-10
7.094148980874731667e-10
7.126620972835429477e-10
7.159292558506984102e-10
7.191990219782358695e-10
7.224616656765749890e-10
7.257264013087739802e-10
7.289847579562029768e-10
7.322457051358593753e-10
7.355161453130354921e-10
7.388072187076363566e-10
7.421294026361969177e-10
7.454593581926633746e-10
7.488157390168148318e-10
7.521924938570463051e-10
7.555814400799765722e-10
7.589700371698041073e-10
7.623582615089922411e-10
7.657708787430523492e-10
7.692143935772391193e-10
7.726687269185238222e-10
7.761172537507471481e-10
7.795743718990423408e-10
7.830732743620553319e-10
7.865561026314931585e-10
7.900142179601507156e-10
7.934682034338548137e-10
7.969488079193177418e-10
8.004471227860765008e-10
8.039695141104496347e-10
8.075152526830152775e-10
8.110762199639465780e-10
8.146400278164869122e-10
8.182064488779307563e-10
8.217671676803440815e-10
8.253199798733507005e-10
8.288688452805588568e-10
8.324160978663123256e-10
8.359775657252468885e-10
8.395555753505236574e-10
8.431489259490427191e-10
8.467463134237600084e-10
8.503367585597159331e-10
8.539309098128940074e-10
8.575374346910699276e-10
8.611642340764087962e-10
8.648135080580303060e-10
8.684783171995456519e-10
8.721407731333113222e-10
8.758028899122960725e-10
8.794534843396265745e-10
8.831007857793051179e-10
8.867682314165892992e-10
8.904677556299992161e-10
8.941750094076834767e-10
8.978904771234880600e-10
9.016188323365675725e-10
9.053389067953888822e-10
9.090267204392417787e-10
9.127208407761136317e-10
9.164443245442583530e-10
9.201947968020988486e-10
9.239554720890755173e-10
9.277361505637842370e-10
9.315678038417494081e-10
9.354286423969747027e-10
9.393157717773398158e-10
9.432401174977569943e-10
9.471676342820035665e-10
9.511039390168515136e-10
9.550653422841680800e-10
9.590689865433018933e-10
9.631179769243817785e-10
9.671971799717341842e-10
9.713217664528048303e-10
9.754669145775962415e-10
9.796378443632876040e-10
9.838005015964186795e-10
9.879832386616425448e-10
9.921702228287751416e-10
9.963670930561182480e-10
1.000543462174796845e-09
1.004677393276445495e-09
1.008843752087604887e-09
1.013017296345445589e-09
1.017163205366775750e-09
1.021302224421070005e-09
1.025462251969115842e-09
1.029693589466158989e-09
1.033930887925730257e-09
1.038148934062700854e-09
1.042372194356712956e-09
1.046623929703359986e-09
1.050917897260682088e-09
1.055214739719166123e-09
1.059501032165929575e-09
1.063826968264504125e-09
1.068189921647009724e-09
1.072579400620678330e-09
1.076961127451218552e-09
1.081364959322553808e-09
1.085794060270572559e-09
1.090248962300022174e-09
1.094716137877825425e-09
1.099204230226416408e-09
1.103727714354318870e-09
1.108289836865010724e-09
1.112885100021746123e-09
1.117463201249111353e-09
1.122077731984881233e-09
1.126730686542491610e-09
1.131421463537553175e-09
1.136117201643784003e-09
1.140862419959522283e-09
1.145626041005708980e-09
1.150399308286873491e-09
1.155201058117381458e-09
1.159995753119122951e-09
1.164795725921779709e-09
1.169628090895539432e-09
1.174466771273208458e-09
1.179328196348063507e-09
1.184163366461712278e-09
1.189019906003199669e-09
1.193877636597418037e-09
1.198719917722451270e-09
1.203573303591680908e-09
1.208405441261526453e-09
1.213182324958039050e-09
1.218006740068315161e-09
1.222855634247184939e-09
1.227733348885980956e-09
1.232637866418223388e-09
1.237528086115263441e-09
1.242434032411050314e-09
1.247369191353283938e-09
1.252340387241593490e-09
1.257351245149651934e-09
1.262383124580713833e-09
1.267390079348442083e-09
1.272403651220404694e-09
1.277417309579590345e-09
1.282414006755962656e-09
1.287443623997502768e-09
1.292521115855594166e-09
1.297602662303890539e-09
1.302721274990246732e-09
1.307845296798879828e-09
1.313003995596995507e-09
1.318199386552304206e-09
1.323440170721001501e-09
1.328691942637053496e-09
1.333943552145621869e-09
1.339236222398829912e-09
1.344561923687795574e-09
1.349914558071934213e-09
1.355344803574959914e-09
1.360808427470440756e-09
1.366265990289828165e-09
1.371726543315634858e-09
1.377207002465119323e-09
1.382700935678847814e-09
1.388200240508680154e-09
1.393723001527393495e-09
1.399296720223217362e-09
1.404893410111275837e-09
1.410538759451500702e-09
1.416226931118667431e-09
1.421949412651081494e-09
1.427679643159079092e-09
1.433443044236780904e-09
1.439241529576321479e-09
1.445117182236408228e-09
1.451026912064475502e-09
1.456935256564262431e-09
1.462832200964450906e-09
1.468750640160205939e-09
1.474717212658230957e-09
1.480758013863274868e-09
1.486809829260592789e-09
1.492901942613951991e-09
1.498981605557063070e-09
1.505064883733500577e-09
1.511184279930841897e-09
1.517297485061079417e-09
1.523458618085679777e-09
1.529645945916774629e-09
1.535916469245957248e-09
1.542242991329765340e-09
1.548588862079413167e-09
1.555016610762057373e-09
1.561467229304970850e-09
1.567938280429499114e-09
1.574439384506283855e-09
1.580939110971286940e-09
1.587483691467650927e-09
1.593995011178687269e-09
1.600436752001199612e-09
1.606822043124272370e-09
1.613229563079997835e-09
1.619596679503977803e-09
1.625935198656257494e-09
1.632311821014480941e-09
1.638753652921478960e-09
1.645199699500597535e-09
1.651650189096967336e-09
1.658131879908386274e-09
1.664644969900767655e-09
1.671130894509896473e-09
1.677642738331459673e-09
1.684171246270412161e-09
1.690742539271684468e-09
1.697333401249924312e-09
1.703961475888725571e-09
1.710637782906970375e-09
1.717329283589492367e-09
1.724040231992864175e-09
1.730679180357854392e-09
1.737374159280327732e-09
1.744167317394086222e-09
1.750994467954084795e-09
1.757786038516008126e-09
1.764557410754539882e-09
1.771418797395583481e-09
1.778318092296877372e-09
1.785234124406926513e-09
1.792192773538829130e-09
1.799185057026668667e-09
1.806217074508192417e-09
1.813297328047230506e-09
1.820390621640349435e-09
1.827550188229500528e-09
1.834727061076601897e-09
1.841935563254472246e-09
1.849211034193599432e-09
1.856498475923876868e-09
1.863803173670020438e-09
1.871146952244567367e-09
1.878559908494059778e-09
1.886028117114762436e-09
1.893494689320940809e-09
1.901004285510651589e-09
1.908478644717321027e-09
1.915901475079114062e-09
1.923247871731580784e-09
1.930603282557104439e-09
1.937970766369719354e-09
1.945352375877989810e-09
1.952761147794584431e-09
1.960226106584841535e-09
1.967762155257152276e-09
1.975381945261710574e-09
1.983053315471360263e-09
1.990736681462965063e-09
1.998435336906307597e-09
2.006134430368516474e-09
2.013820721226804680e-09
2.021556849100746753e-09
2.029295885690136828e-09
2.037103967847250080e-09
2.044954174202993016e-09
2.052824241635928143e-09
2.060774783081365967e-09
2.068848447520782817e-09
2.077027389726058427e-09
2.085272634668811388e-09
2.093522885226850513e-09
2.101816624027264392e-09
2.110142180653432262e-09
2.118499970097434168e-09
2.126894156803312760e-09
2.135289358900109953e-09
2.143676682631599722e-09
2.152133955974319532e-09
2.160590879518880398e-09
2.169052221820276735e-09
2.177545991439551019e-09
2.186053641758762582e-09
2.194519666721107715e-09
2.203046545334819522e-09
2.211584416191599425e-09
2.220163602309594380e-09
2.228733457357400847e-09
2.237386469982379870e-09
2.246016899005303639e-09
2.254668636906764481e-09
2.263368887942019334e-09
2.272011398538505785e-09
2.280666661417666548e-09
2.289449663729409474e-09
2.298238045668911176e-09
2.307024595254980551e-09
2.315841824772506617e-09
2.324636847735559342e-09
2.333447352762296476e-09
2.342244789119171354e-09
2.351065937696260157e-09
2.359855079929650522e-09
2.368620938220510425e-09
2.377451375240138720e-09
2.386309544333385218e-09
2.395231750948948991e-09
2.404187741712482255e-09
2.413261024352099530e-09
2.422498056550115768e-09
2.431699631585281299e-09
2.440917145489436444e-09
2.450192665373687088e-09
2.459556709887381592e-09
2.468942553020374260e-09
2.478414843092590059e-09
2.487952736215664911e-09
2.497497024442331780e-09
2.507045246802583053e-09
2.516664731421639803e-09
2.526222456746584280e-09
2.535792184218931089e-09
2.545434932233161635e-09
2.555135686376462080e-09
2.564840700504110151e-09
2.574542209463613289e-09
2.584385130468056039e-09
2.594271199284435362e-09
2.604111592723538764e-09
2.613974597541530752e-09
2.623800691913374584e-09
2.633639337315037051e-09
2.643530859164669979e-09
2.653451700519528875e-09
2.663315009834756365e-09
2.673139304525646909e-09
2.682970107875644433e-09
2.692824257477617946e-09
2.702745068274102705e-09
2.712614733670660271e-09
2.722481222101086265e-09
2.732350411499448025e-09
2.742150060067509876e-09
2.752011643087255757e-09
2.761821024275307684e-09
2.771666879463802049e-09
2.781566314746734011e-09
2.791495270817911174e-09
2.801350491455836183e-09
2.811160876958999757e-09
2.821007130161446007e-09
2.830919726843264355e-09
2.840857553816276023e-09
2.850878974928841857e-09
2.860870733347804264e-09
2.870949641032404066e-09
2.881053134032140056e-09
2.891199681785425435e-09
2.901365398786568293e-09
2.911619664187353756e-09
2.921956756372708118e-09
2.932296121333609928e-09
2.942647095353907107e-09
2.953030968042146276e-09
2.963525669383038599e-09
2.973991437395659259e-09
2.984445148213974030e-09
2.994848339062195459e-09
3.005289969536691321e-09
3.015832874091662633e-09
3.026422101890256826e-09
3.037058966302171394e-09
3.047700159896854735e-09
3.058360999221862184e-09
3.069063930062227639e-09
3.079784858487588372e-09
3.090493510645923697e-09
3.101261213726041597e-09
3.112127178480414554e-09
3.123041823731394210e-09
3.134076410752873252e-09
3.145125973251200220e-09
3.156256450248125359e-09
3.167427244007186521e-09
3.178644037515580299e-09
3.189867943245528118e-09
3.201116316026663519e-09
3.212448122929895553e-09
3.223807429393632961e-09
3.235253039409279168e-09
3.246713429494024401e-09
3.258207554062241084e-09
3.269880113102589618e-09
3.281620323512523897e-09
3.293407382881889826e-09
3.305195763340890526e-09
3.316989022355477358e-09
3.328803650199007504e-09
3.340602056874673726e-09
3.352331665305258201e-09
3.364146994561438934e-09
3.375953309415099111e-09
3.387806910245489624e-09
3.399628068402926471e-09
3.411390298608809013e-09
3.423181097930663459e-09
3.434973330382901415e-09
3.446841851463991636e-09
3.458722096618132938e-09
3.470557708643329901e-09
3.482342039516164049e-09
3.494093776261145868e-09
3.505746629697433356e-09
3.517400382462764331e-09
3.529154896572995136e-09
3.540928526323946864e-09
3.552687052319604640e-09
3.564492963179564314e-09
3.576378534789651070e-09
3.588389313763103803e-09
3.600419481656793985e-09
3.612493954718794720e-09
3.624535692619315395e-09
3.636690731994080918e-09
3.648803867429903232e-09
3.660972702594864399e-09
3.673161634605261662e-09
3.685335865450533949e-09
3.697518519107414517e-09
3.709715115319378716e-09
3.721946153279055170e-09
3.734274036663619499e-09
3.746681816432493653e-09
3.759287810426996957e-09
3.772072580877326058e-09
3.784888999838053585e-09
3.797743270552332531e-09
3.810753298460053689e-09
3.823720315001049654e-09
3.836655607136614170e-09
3.849725315424235725e-09
3.862885260590494528e-09
3.875977249093313725e-09
3.889101188840973828e-09
3.902132464409360541e-09
3.915264067141062919e-09
3.928513454216882779e-09
3.941770970720122871e-09
3.955066253077380005e-09
3.968356931300617755e-09
3.981697230132192848e-09
3.995154248386286340e-09
4.008733485905935016e-09
4.022431184011237865e-09
4.036120116047794347e-09
4.049744770704652072e-09
4.063365343096184724e-09
4.076994762000918167e-09
4.090738147408182692e-09
4.104710486754850408e-09
4.118769869415562440e-09
4.132929804308651104e-09
4.147254220422107273e-09
4.161774032472567501e-09
4.176485216857644380e-09
4.191241893869404119e-09
4.206030146267360977e-09
4.220819163573019364e-09
4.235687802391707131e-09
4.250479917176655184e-09
4.265132424820600326e-09
4.279584953342051364e-09
4.294081725588121543e-09
4.308631576015014640e-09
4.323186987968689541e-09
4.337760265516965510e-09
4.352200950022683172e-09
4.366601397732734986e-09
4.380998439357694407e-09
4.395460380722760305e-09
4.409960757296709253e-09
4.424568862199323987e-09
4.439269633829217083e-09
4.454075769477199069e-09
4.468997227746429595e-09
4.483922970927693558e-09
4.498796999053399416e-09
4.513745983723658921e-09
4.528638007384591195e-09
4.543471134638912105e-09
4.558301581470424250e-09
4.573055001842394251e-09
4.587794124969468357e-09
4.602636547365316298e-09
4.617672090495084392e-09
4.632591563666365927e-09
4.647472580503122469e-09
4.662441944191586627e-09
4.677443839406861533e-09
4.692477868000338572e-09
4.707456760762791465e-09
4.722622162613322131e-09
4.737816114194019039e-09
4.753019973803698088e-09
4.768244251835419664e-09
4.783528537036530777e-09
4.798804195084519026e-09
4.814211023211992838e-09
4.829734517697473594e-09
4.845273640707764106e-09
4.860889447465110786e-09
4.876488527840005443e-09
4.892251474121134238e-09
4.908126250894474786e-09
4.923872838472377850e-09
4.939483375692307395e-09
4.954958775008835159e-09
4.970417801503699383e-09
4.985955929444776811e-09
5.001417250323948986e-09
5.016807672159370633e-09
5.032138473109634102e-09
5.047570618369113379e-09
5.063125102877830585e-09
5.078664035846824705e-09
5.094218146228567648e-09
5.109710308686949278e-09
5.125304859688141960e-09
5.140839212615355879e-09
5.156453865239508973e-09
5.172126401099486501e-09
5.187925854219111035e-09
5.203749383680141925e-09
5.219451014874007030e-09
5.235200554341361125e-09
5.250901008873698351e-09
5.266792841665512036e-09
5.282918127806455915e-09
5.299173751347145487e-09
5.315544827014607809e-09
5.332010763402750707e-09
5.348615369157820055e-09
5.365191590128053772e-09
5.381720518909517606e-09
5.398116921246333189e-09
5.414461917671130275e-09
5.430874959991071880e-09
5.447379670232868547e-09
5.464018915272069777e-09
5.480685991503304548e-09
5.497563980867200577e-09
5.514554033353088810e-09
5.531434948296441920e-09
5.548197512997271788e-09
5.564915131102689110e-09
5.581775191336977410e-09
5.598653222023714088e-09
5.615729873894405247e-09
5.632994800765117958e-09
5.650437070331583783e-09
5.667798169769308971e-09
5.685440255521475092e-09
5.703162947589514311e-09
5.721010524116513242e-09
5.738869433660949395e-09
5.756766676221070309e-09
5.774808175348127309e-09
5.792873753591730334e-09
5.811055356999106197e-09
5.829180081380015474e-09
5.847331050135579694e-09
5.865576103477611144e-09
5.883708253232028335e-09
5.901876238645084044e-09
5.919966835563492643e-09
5.938227350637554896e-09
5.956566977173703786e-09
5.974989836351762066e-09
5.993699767824893529e-09
6.012500839054319652e-09
6.031273994910730782e-09
6.049989108260775087e-09
6.068652107431649918e-09
6.087547677210969216e-09
6.106514748064196055e-09
6.125809760924145340e-09
6.145329739186406651e-09
6.164913893374600896e-09
6.184750509396627337e-09
6.204867348257241169e-09
6.225246157224183738e-09
6.245718778688121493e-09
6.266329000960108850e-09
6.287126889402001752e-09
6.308096645167058646e-09
6.329160136818779059e-09
6.350344775776335563e-09
6.371475461009196376e-09
6.392587683216654924e-09
6.413748206871212693e-09
6.434938659420849843e-09
6.456151671951238082e-09
6.477476117899053821e-09
6.498928983898992765e-09
6.520350948774088576e-09
6.541814655173009302e-09
6.563400213803342340e-09
6.585291387594767541e-09
6.607063733726923463e-09
6.628991397367904580e-09
6.650921927311802532e-09
6.672944192488909709e-09
6.694985095308972664e-09
6.717172380823503517e-09
6.739466045416238684e-09
6.761861514955887990e-09
6.784102533481233937e-09
6.806304192272285212e-09
6.828553496401095393e-09
6.850814823998115255e-09
6.873318936003839004e-09
6.895764261723682405e-09
6.918290818022683511e-09
6.940966580212440180e-09
6.963659477511911525e-09
6.986417546116666195e-09
7.009387795010611618e-09
7.032402679272655310e-09
7.055412848608917355e-09
7.078222917401377536e-09
7.101283993452820516e-09
7.124433282471336193e-09
7.147376091920757572e-09
7.170361235288182551e-09
7.193278804483918450e-09
7.216262329262201521e-09
7.239565861314807943e-09
7.262841994967895064e-09
7.285947160689156652e-09
7.309069156403924778e-09
7.332220335114227936e-09
7.355335877860959953e-09
7.378351282691663681e-09
7.401307498881306861e-09
7.424286428641952066e-09
7.447234939252908896e-09
7.470366975673392009e-09
7.493568942865343754e-09
7.516788119608166563e-09
7.540211903515439586e-09
7.563599765101369647e-09
7.587062928292884589e-09
7.610576877624351089e-09
7.633942922301124220e-09
7.657379915768910302e-09
7.680885289887583924e-09
7.704571444610776082e-09
7.728319766004359942e-09
7.751925407853323781e-09
7.775600803768494000e-09
7.799081908286092054e-09
7.822163221930233483e-09
7.845504721289635976e-09
7.868780187000049610e-09
7.892073915699390917e-09
7.915715058501484934e-09
7.939351977947277711e-09
7.963095494988723694e-09
7.987132192566345985e-09
8.011209531913253725e-09
8.035317496568197158e-09
8.059798767992030564e-09
8.084358173941640010e-09
8.108904050408863834e-09
8.133625555095865181e-09
8.158439052813356564e-09
8.183584179993074008e-09
8.208830488588216091e-09
8.234361577394325747e-09
8.259980844073580656e-09
8.285644044759950188e-09
8.311571249944276210e-09
8.337658022472596502e-09
8.363679890539164944e-09
8.389797647930263615e-09
8.416091357114918823e-09
8.442678034860588718e-09
8.469407049767993527e-09
8.496114956074978060e-09
8.522878321258596870e-09
8.549592549078471611e-09
8.576114190148227791e-09
8.602559221398496846e-09
8.629133272793515330e-09
8.655725305285593126e-09
8.682422012012098589e-09
8.709360635460449919e-09
8.736497710182402534e-09
8.763574117179790064e-09
8.790562962945596202e-09
8.817573975601399398e-09
8.845008371477130148e-09
8.872557602102665692e-09
8.900101441824208402e-09
8.927855361916540908e-09
8.955822150304665156e-09
8.983813732515007176e-09
9.011847595598397547e-09
9.039925709398376181e-09
9.068254846968948727e-09
9.096502502308608709e-09
9.124797180753423415e-09
9.152984097712403095e-09
9.181084712040464313e-09
9.209131640081779923e-09
9.237346014638992206e-09
9.265667567050247928e-09
9.294134567915828209e-09
9.322602689868940919e-09
9.351049815644033300e-09
9.379760340930058044e-09
9.408542965693774302e-09
9.437520479564270582e-09
9.466367770618542964e-09
9.495154169645756593e-09
9.523901924032652346e-09
9.552821832183048943e-09
9.581700070379090475e-09
9.610591129097779908e-09
9.639602375868866398e-09
9.668591036751271395e-09
9.697378549493244155e-09
9.726343302969423670e-09
9.755435355175676680e-09
9.784487079130370349e-09
9.813790984685757420e-09
9.842953918238292962e-09
9.871878871663320176e-09
9.900932086585223541e-09
9.929973804241635107e-09
9.958778031731457691e-09
9.987785634442767707e-09
1.001676521451154470e-08
1.004584051045165025e-08
1.007481841336751587e-08
1.010382267803122154e-08
1.013301543019742809e-08
1.016228713291067849e-08
1.019163015964492919e-08
1.022109886375556716e-08
1.025089941733226574e-08
1.028086958317402237e-08
1.031086072778568904e-08
1.034092922940052222e-08
1.037128240453194693e-08
1.040175936189754024e-08
1.043216512358077527e-08
1.046261700779833733e-08
1.049278585967022323e-08
1.052316733873586858e-08
1.055358860546204824e-08
1.058384491644994153e-08
1.061415402000176594e-08
1.064454487751731289e-08
1.067499629449079360e-08
1.070541012462410864e-08
1.073595859304940747e-08
1.076648899513881733e-08
1.079710939564435555e-08
1.082761646062281265e-08
1.085791754139618810e-08
1.088842503396621088e-08
1.091904658877358414e-08
1.094989178450613689e-08
1.098079186836404141e-08
1.101211247793407446e-08
1.104377041263624837e-08
1.107590567161604581e-08
1.110846643107650631e-08
1.114082993837087112e-08
1.117297095656887785e-08
1.120512850484587021e-08
1.123729715807461245e-08
1.126897205566573726e-08
1.130020710081995944e-08
1.133169489716823536e-08
1.136374881955349358e-08
1.139593589070680881e-08
1.142791262932747530e-08
1.145996957071093240e-08
1.149198598470004067e-08
1.152423154365880995e-08
1.155707891907579494e-08
1.159015504559592549e-08
1.162338130181341982e-08
1.165665074636193238e-08
1.169034152569819922e-08
1.172416974128450244e-08
1.175824332943890630e-08
1.179203521761168633e-08
1.182591820149056776e-08
1.185995890056732029e-08
1.189411923903142423e-08
1.192813284856385680e-08
1.196202239774302318e-08
1.199563033561956346e-08
1.202896038795956595e-08
1.206226939744503986e-08
1.209545032200435398e-08
1.212877843506420051e-08
1.216254257217932120e-08
1.219628738816039460e-08
1.222979629443002937e-08
1.226333772810007861e-08
1.229707941638952475e-08
1.233121951471708350e-08
1.236516098043171606e-08
1.239924539394856289e-08
1.243369154915461395e-08
1.246832408414667026e-08
1.250306695187884334e-08
1.253760460489268815e-08
1.257197477571903485e-08
1.260625046674427149e-08
1.264035845916398028e-08
1.267451103486834848e-08
1.270872484880080052e-08
1.274309107065062894e-08
1.277732327919008597e-08
1.281151225020147477e-08
1.284572641192423054e-08
1.288006361183969149e-08
1.291444337473480358e-08
1.294904138741281311e-08
1.298353711767630409e-08
1.301820602500515441e-08
1.305273902662315940e-08
1.308733119057587307e-08
1.312212419194859766e-08
1.315659543298673532e-08
1.319142723726228397e-08
1.322661883975800518e-08
1.326176201403370487e-08
1.329650733514289570e-08
1.333137857575253241e-08
1.336635944938392247e-08
1.340146823951908553e-08
1.343686810208964926e-08
1.347231661150819971e-08
1.350801770677982040e-08
1.354390783292046069e-08
1.358013490633380615e-08
1.361653726452771950e-08
1.365360708608889157e-08
1.369099436508754673e-08
1.372855907371198850e-08
1.376610508536370021e-08
1.380426366595401733e-08
1.384254825625070879e-08
1.388075383887573148e-08
1.391911695887491061e-08
1.395780201548397542e-08
1.399688784411988506e-08
1.403599929142488547e-08
1.407541404061791312e-08
1.411504686101645282e-08
1.415478146903365321e-08
1.419494454236772732e-08
1.423527748378612067e-08
1.427588400530978915e-08
1.431672459990624898e-08
1.435769710735148628e-08
1.439922097058963111e-08
1.444090296037094873e-08
1.448277122368195221e-08
1.452478726007659366e-08
1.456725192355636833e-08
1.460980849403032186e-08
1.465267080137433398e-08
1.469535689929444953e-08
1.473831458518253374e-08
1.478124297719373866e-08
1.482400329168408065e-08
1.486652059584919554e-08
1.490872666018963537e-08
1.495068893561025881e-08
1.499240088493899642e-08
1.503465508370824062e-08
1.507686782746470664e-08
1.511953435154474195e-08
1.516220682284936900e-08
1.520504992829543391e-08
1.524791434561391479e-08
1.529101835697273499e-08
1.533425726935158303e-08
1.537728140695049728e-08
1.542025550872003428e-08
1.546330681548795385e-08
1.550682876355975539e-08
1.555037024172229444e-08
1.559413432794310276e-08
1.563812953753433348e-08
1.568225686221185041e-08
1.572660814886976933e-08
1.577100678853587386e-08
1.581506405343692989e-08
1.585921095793080937e-08
1.590377304017706077e-08
1.594821524947672709e-08
1.599217006632941281e-08
1.603657996408546726e-08
1.608159883619849811e-08
1.612666615769613279e-08
1.617188949547307907e-08
1.621715051796349976e-08
1.626290241935704883e-08
1.630910244129967897e-08
1.635493174015737173e-08
1.640063221557846549e-08
1.644598560089975665e-08
1.649173064541357537e-08
1.653772352938761136e-08
1.658364873537003155e-08
1.663010205093494004e-08
1.667670053732529085e-08
1.672365971350901459e-08
1.677098274305681341e-08
1.681827621916807847e-08
1.686550557821230239e-08
1.691277528877368354e-08
1.695993782951681621e-08
1.700705267998551799e-08
1.705416226856202028e-08
1.710142842310244609e-08
1.714896937955096077e-08
1.719663300385494343e-08
1.724463137866471727e-08
1.729341947966757078e-08
1.734236342947569182e-08
1.739150075324991652e-08
1.744068131549122985e-08
1.748969993364383606e-08
1.753865768342618324e-08
1.758762631812011267e-08
1.763636382792645465e-08
1.768496120667963572e-08
1.773342130979797520e-08
1.778199598621587094e-08
1.783111786266367659e-08
1.788101677177880293e-08
1.793104813708339426e-08
1.798091340055503772e-08
1.803007107993252338e-08
1.807908727653175675e-08
1.812801311545374006e-08
1.817641306578402247e-08
1.822522717291130306e-08
1.827379490175348180e-08
1.832215413036127201e-08
1.837096738372239155e-08
1.842018812014253041e-08
1.846947635256546125e-08
1.851877394847258966e-08
1.856841523800595929e-08
1.861786120786763950e-08
1.866723443377448878e-08
1.871673727035526174e-08
1.876612413662995530e-08
1.881538629841097855e-08
1.886503879515174518e-08
1.891438810173650303e-08
1.896353928739113438e-08
1.901269332177138322e-08
1.906161637277951333e-08
1.911080252143679894e-08
1.916041449052187234e-08
1.921073530919482299e-08
1.926108821448748730e-08
1.931196352165328003e-08
1.936323236329708703e-08
1.941458899144301524e-08
1.946652869838650996e-08
1.951896428006598070e-08
1.957173801557974238e-08
1.962481288434708950e-08
1.967833029249735636e-08
1.973153236133841604e-08
1.978497829771788762e-08
1.983860347854662166e-08
1.989179492649177551e-08
1.994484661198511750e-08
1.999728359749040821e-08
2.004941496196733030e-08
2.010151151943696933e-08
2.015387160125840817e-08
2.020625604758254362e-08
2.025849405524812811e-08
2.031047921738869812e-08
2.036264115549378524e-08
2.041491797156464554e-08
2.046705467151527440e-08
2.051911667114764157e-08
2.057149540279041286e-08
2.062450161199167804e-08
2.067828804250955690e-08
2.073246188387941118e-08
2.078683500444408389e-08
2.084102087147215485e-08
2.089541484115063012e-08
2.095038505161810770e-08
2.100560787565247340e-08
2.106165380606811997e-08
2.111820107902120792e-08
2.117460786327353328e-08
2.123099104033999749e-08
2.128820881637069725e-08
2.134579725634590508e-08
2.140360103939848302e-08
2.146160758768005917e-08
2.151962479760484855e-08
2.157780319214946358e-08
2.163580739710853140e-08
2.169325265586015747e-08
2.175048934505124229e-08
2.180748668013621972e-08
2.186406810176829044e-08
2.192046751063854741e-08
2.197673557382769501e-08
2.203340639385954053e-08
2.208996828436333117e-08
2.214627816953930680e-08
2.220331546837276584e-08
2.226006961425757074e-08
2.231714677501768410e-08
2.237406897561487224e-08
2.243153789262935940e-08
2.248985784292883998e-08
2.254870903749368726e-08
2.260791808547046836e-08
2.266726973069964578e-08
2.272615294922101037e-08
2.278457306053652301e-08
2.284334421290938629e-08
2.290221977673868802e-08
2.296106643878735680e-08
2.302053325437632716e-08
2.307998567311562353e-08
2.314001160350842814e-08
2.320040274107873579e-08
2.326098684833829234e-08
2.332196545154227335e-08
2.338318978546908953e-08
2.344504628443143421e-08
2.350711275702995858e-08
2.356927879424645295e-08
2.363119457199307808e-08
2.369317974844393367e-08
2.375477029110268108e-08
2.381664441450637551e-08
2.387823180463238505e-08
2.394038321166370095e-08
2.400315943817886639e-08
2.406653146454398922e-08
2.412950792389355402e-08
2.419254019992133776e-08
2.425576501226275751e-08
2.431932105323026422e-08
2.438247782902280605e-08
2.444616050618140412e-08
2.450931916234069064e-08
2.457257136374241399e-08
2.463662536983810690e-08
2.470104404001994575e-08
2.476548171917651501e-08
2.482954754200402406e-08
2.489367918130568316e-08
2.495830865626158601e-08
2.502368283836343020e-08
2.508936219602605577e-08
2.515545503264867522e-08
2.522140892546338631e-08
2.528712144030798090e-08
2.535243516458961962e-08
2.541794230545014036e-08
2.548389072029153286e-08
2.555053295305509313e-08
2.561768031525220183e-08
2.568563393176681258e-08
2.575341853892422296e-08
2.582161344492083764e-08
2.589014408350832162e-08
2.595859708394889108e-08
2.602717316108322775e-08
2.609604415478671311e-08
2.616551698538344964e-08
2.623547619907537347e-08
2.630613408454314310e-08
2.637593656131516195e-08
2.644552392664729535e-08
2.651449273842465533e-08
2.658359473970598613e-08
2.665309821716948891e-08
2.672273288468255035e-08
2.679218809393832257e-08
2.686142875814581160e-08
2.693072068934427264e-08
2.700004047802438026e-08
2.706919914808833483e-08
2.713876800910393115e-08
2.720817927729067984e-08
2.727769272051030472e-08
2.734745514634749662e-08
2.741719382015936644e-08
2.748690547188829787e-08
2.755646994320256603e-08
2.762632498221381992e-08
2.769549740001727872e-08
2.776507887232468520e-08
2.783447466564545248e-08
2.790425647129218098e-08
2.797469691315593544e-08
2.804606549057950587e-08
2.811786109345446136e-08
2.818966529800176704e-08
2.826129970025197443e-08
2.833319170601689810e-08
2.840563506600215308e-08
2.847835400555051325e-08
2.855143288371905338e-08
2.862515959771146370e-08
2.869899174971860071e-08
2.877300299320827469e-08
2.884709557354556711e-08
2.892160829113517656e-08
2.899771689921058191e-08
2.907403613853431743e-08
2.915130582143852861e-08
2.922838999496842972e-08
2.930532199298612724e-08
2.938143166325280617e-08
2.945725063395389883e-08
2.953343141191682947e-08
2.960995700388529510e-08
2.968720230742991464e-08
2.976474044279166656e-08
2.984255549498932386e-08
2.992093926990902474e-08
2.999909051157177391e-08
3.007664476977947035e-08
3.015522519477741986e-08
3.023422682556114894e-08
3.031375246336928415e-08
3.039453097200623731e-08
3.047650750264042243e-08
3.055986860703862358e-08
3.064566934711416693e-08
3.073384603322388764e-08
3.082320993747357456e-08
3.091443735221403927e-08
3.100872665058521008e-08
3.110708079939484906e-08
3.121121783583048030e-08
3.132162821854363382e-08
3.144011704644708131e-08
3.156989430836291033e-08
3.171320259076124874e-08
3.187274688007648540e-08
3.205212216640147596e-08
3.225542750333196516e-08
3.249019171871106202e-08
3.276469787942599709e-08
3.308905897851046474e-08
3.347463480680308048e-08
3.393627819781761261e-08
3.449130801680854813e-08
3.516342417401902608e-08
3.597938911546673962e-08
3.697204244345371870e-08
3.818107142857592950e-08
3.965605210794707448e-08
4.145556456733020487e-08
4.365161835517021565e-08
4.633128074598519527e-08
4.959802074891953767e-08
5.357768857161120941e-08
5.841989732287225038e-08
6.430399109204473945e-08
7.144284808529304579e-08
8.009189450094495912e-08
9.055241333758597882e-08
1.031811937288876019e-07
1.183993869347401890e-07
1.367031321304695758e-07
1.586765974711408805e-07
1.850043501478208871e-07
2.164873592122929034e-07
2.540600944778535943e-07
2.988069893535329671e-07
3.519915990312282990e-07
4.150763255425010892e-07
4.897512168819940388e-07
5.779645742497409320e-07
6.819544852952694970e-07
8.042876824890654614e-07
9.479008887359788840e-07
1.116141337625821525e-06
1.312819584252378389e-06
1.542260470407292621e-06
1.809357336637586073e-06
2.119634187752352905e-06
2.479311229682339774e-06
2.895373878036140518e-06
3.375649199553176235e-06
3.928886913405099486e-06
4.564848169050440427e-06
5.294406639649790867e-06
6.129660839127965374e-06
7.084062020689484339e-06
8.172565334778359049e-06
9.411803454377102741e-06
1.082028222721130379e-05
1.241859273861663629e-05
1.422960947740014563e-05
1.627862150771944064e-05
1.859330316613165367e-05
2.120338919862762105e-05
2.413992036018950589e-05
2.744940026443388610e-05
4.720791843595999242e-05
2.341714501721727480e-03
4.540779616271159447e-02
1.225107498315089333e-01
4.541849227237224063e-02
2.363441694230268737e-03
8.048821693499562141e-05
7.256282530796658112e-05
8.074908627776727465e-05
8.866730473843681978e-05
9.675657747115511598e-05
1.057750180478178072e-04
1.160937859209251288e-04
1.276626059156936346e-04
1.403400735662660361e-04
1.540643602105707700e-04
1.688396513858086826e-04
1.846924575599280158e-04
2.016520136719437040e-04
2.197453988491964588e-04
2.389964902307549705e-04
2.594256546907058132e-04
2.810504514850275062e-04
3.038959905321051130e-04
3.289760030445727074e-04
3.993166468199596097e-04
1.082388912486064890e-03
4.013037047617707201e-03
6.655681856863848202e-03
4.071934502466289206e-03
1.199921498950107636e-03
5.751573755129081719e-04
5.627586639100378482e-04
5.952687053155537172e-04
6.296435691235370774e-04
6.647731285235725486e-04
7.005146628147822891e-04
7.367367155889244755e-04
7.733116906202502742e-04
8.101111097705122020e-04
8.470029523781480441e-04
8.838510959958477235e-04
9.205160262593145137e-04
9.569524636606398932e-04
9.999582523004366293e-04
1.295887550401150995e-03
6.198955463646174321e-03
5.217638115066491888e-02
2.646472404051998795e-01
7.064135910550303210e-01
9.803562020459495319e-01
7.064704383220796746e-01
2.647605870835432196e-01
5.234554922036696589e-02
6.422968266876193273e-03
1.573508920099186449e-03
1.329732841875000404e-03
1.337242957948620156e-03
1.349540858978621940e-03
1.359768631396400139e-03
1.368023853759991419e-03
1.374111525744603143e-03
1.377651642647128357e-03
1.379140808423911634e-03
1.378820949417490374e-03
1.376415027007291776e-03
1.371595036592517403e-03
1.363972993248540461e-03
1.353134056581775050e-03
1.338758032431916749e-03
1.320744963467352338e-03
1.299300172491931089e-03
1.274981579893911003e-03
1.248771774481459299e-03
1.222278886399874977e-03
1.198172158655706797e-03
1.180921847537652614e-03
1.177848731764754913e-03
1.200393254206305214e-03
1.266158733424591976e-03
1.403450454880326645e-03
1.621039223327467747e-03
1.971314287596618014e-03
2.480151517319428064e-03
3.169467168823527237e-03
4.044379153263620401e-03
5.083551706764144994e-03
6.233327472148979080e-03
7.407640705069250438e-03
8.495567994105198209e-03
9.376691110359353099e-03
9.942111048617873620e-03
1.011621431840167319e-02
9.872678941299875902e-03
9.239678437193841326e-03
8.293241571580966393e-03
7.141408228488364644e-03
5.903663292947955790e-03
4.690647201255507964e-03
3.588645252108516471e-03
2.651631801075235439e-03
1.901162736776418382e-03
1.332254820654486371e-03
9.223226959558752285e-04
6.403348780703775828e-04
4.542097585204008556e-04
3.355804431466094507e-04
2.619929119198798951e-04
2.171574319622755951e-04
1.900452276855389483e-04
1.735302472216291821e-04
1.630646857156504222e-04
1.556550973007916503e-04
1.492274467164599516e-04
1.423443160805337943e-04
1.683501372146843839e-04
6.327970410331428593e-04
1.462432568576057439e-04
9.884568308883493316e-05
8.547208920018173014e-05
7.266574478616337571e-05
6.104755177242558804e-05
5.099483096194372433e-05
4.261538840287279581e-05
3.580191292834516222e-05
3.032194037831118709e-05
2.590352468264304857e-05
2.229478329686285801e-05
1.929294871908730685e-05
1.674959971146742498e-05
1.456246848864853581e-05
1.266278119461849275e-05
1.100354990141191492e-05
9.550943602381254494e-06
8.278819469327027185e-06
7.165632760549283809e-06
6.192830224116142377e-06
5.344055017185025864e-06
4.604739318982658850e-06
3.961880608284290607e-06
3.403873928422390351e-06
2.920381666219571068e-06
2.502212474605039537e-06
2.141208724235541464e-06
1.830140970666571334e-06
1.562616598533907253e-06
1.332989963018919432e-06
1.136282961998151833e-06
9.681170376543608654e-07
8.246439671806628584e-07
7.024906698480539172e-07
5.987069357738653327e-07
5.107152650370397310e-07
4.362702112505063937e-07
3.734200482876684627e-07
3.204752830235296855e-07
2.759702499125410515e-07
2.386427526188385674e-07
2.074037217751241540e-07
1.813188328232776269e-07
1.595864870574149407e-07
1.415234629425113724e-07
1.265451495169225128e-07
1.141573405477433947e-07
1.039364439135787051e-07
9.552548517072513106e-08
8.862221949567033804e-08
8.297402824974343731e-08
7.836830234653253527e-08
7.462476111888246524e-08
7.159500956679764845e-08
6.915386814923333116e-08
6.719547607578911341e-08
6.563453409328628829e-08
6.439847719387923926e-08
6.342826196993639334e-08
6.267653037144133975e-08
6.210161442349454196e-08
6.167087933359549031e-08
6.135647892144223449e-08
6.113638652786380866e-08
6.099149639384155374e-08
6.090844831154063944e-08
6.087526520592047508e-08
6.088161000964216340e-08
6.091896054619807037e-08
6.098177617557305990e-08
6.106386551933773426e-08
6.116175245929639175e-08
6.127169394964728875e-08
6.139075322451955674e-08
6.151705459927196368e-08
6.164915160291596422e-08
6.178535096767856914e-08
6.192550546781155782e-08
6.206924792540232229e-08
6.221580890063405017e-08
6.236481264963560735e-08
6.251596918791160788e-08
6.266893127715494220e-08
6.282321018681399026e-08
6.297758534008857221e-08
6.313378944866676480e-08
6.329226311855620692e-08
6.345109104164027477e-08
6.360964258213409691e-08
6.377086628652002434e-08
6.393317456392829483e-08
6.409633071307734652e-08
6.426113005962072075e-08
6.442703240749883781e-08
6.459406782223388134e-08
6.476102175886126777e-08
6.492928950624687120e-08
6.510030059076811559e-08
6.527111549961081289e-08
6.544056113134624178e-08
6.561026158786060890e-08
6.578042128401764075e-08
6.595097922139965154e-08
6.612146168334763357e-08
6.629095122493887887e-08
6.645918383857974555e-08
6.662939652139148912e-08
6.680044992687955703e-08
6.697225101132178287e-08
6.714498630351539583e-08
6.731622812219679648e-08
6.748659608206111209e-08
6.765955255451108622e-08
6.783280495862959071e-08
6.800651749186635767e-08
6.818035280016657335e-08
6.835399486988178929e-08
6.852960587544566363e-08
6.870602861973237279e-08
6.888330141040764827e-08
6.906214784124088681e-08
6.924056520977105920e-08
6.941793527461930047e-08
6.959458229190351614e-08
6.976964223680952121e-08
6.994696050344378441e-08
7.012576927466288509e-08
7.030524305193574701e-08
7.048510655476883411e-08
7.066608303402544809e-08
7.084709047569789330e-08
7.102908447555241471e-08
7.121152572646531153e-08
7.139422226567985979e-08
7.157683755849354013e-08
7.176209337908353149e-08
7.194770787848707836e-08
7.213330122437683879e-08
7.231908964278113545e-08
7.250494505752602961e-08
7.269053245887689162e-08
7.287668240583444503e-08
7.306306864773112966e-08
7.325141459518419591e-08
7.344179143771788064e-08
7.363420190005097348e-08
7.382568046337426345e-08
7.401619465368909568e-08
7.420728991336796211e-08
7.439853555094479581e-08
7.459164052024643337e-08
7.478435661605975231e-08
7.497724722140614686e-08
7.517019712915456873e-08
7.536096644421634889e-08
7.555176347986043134e-08
7.574192656956827405e-08
7.593085198598667294e-08
7.612044797016387975e-08
7.630891833648279829e-08
7.649646210055408092e-08
7.668499450885773589e-08
7.687661386812275060e-08
7.706919088308374264e-08
7.726403395176422696e-08
7.746068115852351522e-08
7.765949209134534868e-08
7.785988872642423137e-08
7.806067309742797123e-08
7.825994364624045756e-08
7.845872897407950567e-08
7.865731582900999725e-08
7.885609027628361564e-08
7.905556207413736866e-08
7.925576246081079366e-08
7.945885858089721825e-08
7.966282600264976473e-08
7.986890586833143010e-08
8.007829837296925955e-08
8.028754359894393929e-08
8.049677318463365429e-08
8.070493649545277144e-08
8.091221247604104452e-08
8.111870571016207311e-08
8.132603717247467348e-08
8.153652925257901396e-08
8.174768662402071077e-08
8.195898019868125890e-08
8.217020697967316512e-08
8.238072177326321539e-08
8.258995347495023519e-08
8.280017508753812852e-08
8.301060993854892706e-08
8.322216475438616599e-08
8.343394689847124034e-08
8.364691774822733270e-08
8.386300801726200588e-08
8.408095858417975422e-08
8.430040221557467238e-08
8.452266246772426135e-08
8.474727110034833883e-08
8.497207203369631854e-08
8.519811918547467330e-08
8.542569627749477886e-08
8.565343198001835859e-08
8.588422480646583476e-08
8.611621292913498038e-08
8.635026360053508688e-08
8.658271429972309473e-08
8.681519097770734171e-08
8.704975913465804339e-08
8.728210103929524420e-08
8.751289604815446243e-08
8.774477113175373727e-08
8.797869276056465188e-08
8.821334453837066147e-08
8.844706045968098579e-08
8.868012563537499199e-08
8.891196618808941461e-08
8.914424673565810674e-08
8.937892435103963438e-08
8.961367833401348743e-08
8.984871498883515073e-08
9.008321379242874839e-08
9.031814103195930462e-08
9.055392050841181230e-08
9.079107258796897114e-08
9.102784665678186639e-08
9.126829713345019878e-08
9.150990834160983087e-08
9.175331107127086525e-08
9.199899938629616358e-08
9.224347169942389254e-08
9.248869912561839593e-08
9.273315231824481955e-08
9.297734074825219180e-08
9.321982583892779229e-08
9.346423685548545410e-08
9.371070037487116781e-08
9.395676311876866965e-08
9.420306185574470375e-08
9.444925937216334170e-08
9.469741827881406176e-08
9.494786780754033211e-08
9.519799595168861748e-08
9.544758971230244418e-08
9.570107296769649727e-08
9.595516514298043629e-08
9.621046507796883214e-08
9.646744405911160581e-08
9.672381522241223411e-08
9.698258042036601473e-08
9.724147506319557266e-08
9.749963024852589961e-08
9.775701044403370572e-08
9.801658445575175162e-08
9.827600482560945972e-08
9.853608984596613071e-08
9.879875422879452228e-08
9.906049668218379301e-08
9.932362555696208023e-08
9.958931899897181951e-08
9.985803845642773904e-08
1.001307911834893804e-07
1.004072709366993062e-07
1.006869909340146121e-07
1.009666750356479034e-07
1.012478521294099983e-07
1.015284180774675706e-07
1.018105691041411218e-07
1.020929622790144867e-07
1.023780825695453094e-07
1.026627054987951234e-07
1.029478814397082577e-07
1.032347555927462009e-07
1.035219298753793012e-07
1.038103175966268731e-07
1.041004849145898412e-07
1.043945547687719067e-07
1.046907835947627272e-07
1.049869713365854158e-07
1.052826073921191801e-07
1.055783223255459539e-07
1.058770246722608641e-07
1.061762347654931344e-07
1.064755990045421029e-07
1.067767259897532729e-07
1.070773105322273020e-07
1.073787237185823456e-07
1.076823747442837524e-07
1.079895671038543065e-07
1.083034192245284479e-07
1.086179266576912486e-07
1.089322281864223354e-07
1.092485541535645169e-07
1.095642796144570829e-07
1.098851388352055270e-07
1.102074975654535514e-07
1.105284062123841934e-07
1.108500861699280682e-07
1.111709986258623904e-07
1.114916676732913885e-07
1.118146359078019349e-07
1.121369220544561867e-07
1.124601411216835069e-07
1.127811553381640893e-07
1.131018180873642263e-07
1.134209619861451629e-07
1.137387055673273277e-07
1.140559218763694341e-07
1.143741602046986014e-07
1.146901618372243769e-07
1.150042474224542923e-07
1.153197514195006107e-07
1.156356717094430742e-07
1.159524164706866584e-07
1.162719228280747406e-07
1.165918226885098500e-07
1.169125698518078781e-07
1.172362887406992940e-07
1.175589502816385258e-07
1.178836927668946238e-07
1.182077895541046922e-07
1.185320952809428352e-07
1.188582432722673582e-07
1.191837484054903182e-07
1.195118794541920923e-07
1.198394071448707839e-07
1.201687999701490614e-07
1.204957478040853638e-07
1.208220159049604681e-07
1.211486110658004444e-07
1.214770844328327608e-07
1.218099521682510394e-07
1.221454539103984382e-07
1.224808494418070962e-07
1.228151611777426178e-07
1.231515949669633889e-07
1.234892805089294080e-07
1.238228402649009367e-07
1.241548200339335671e-07
1.244863004156803569e-07
1.248179073202799986e-07
1.251495163116505233e-07
1.254804023394200102e-07
1.258094281226616230e-07
1.261374361695933137e-07
1.264683726462655890e-07
1.268008813694995581e-07
1.271353397080644524e-07
1.274708797781348389e-07
1.278048254526309274e-07
1.281394017739829786e-07
1.284755414666578413e-07
1.288111223611820157e-07
1.291463703769936946e-07
1.294833454452481391e-07
1.298210593688836001e-07
1.301588736840030967e-07
1.304979950369962981e-07
1.308395830289706130e-07
1.311830943918962185e-07
1.315238222250662062e-07
1.318664584213581987e-07
1.322117326057608270e-07
1.325586250839544702e-07
1.329036129351643222e-07
1.332462927752657262e-07
1.335907853854113557e-07
1.339363252523674614e-07
1.342869538685810733e-07
1.346404137276832878e-07
1.349975700663431980e-07
1.353578687395100401e-07
1.357176372746433970e-07
1.360797064157021750e-07
1.364455734414431741e-07
1.368151918390705225e-07
1.371888604211110524e-07
1.375630655180122864e-07
1.379363964743304622e-07
1.383127223254734157e-07
1.386901068261362942e-07
1.390689116851024104e-07
1.394480958556398273e-07
1.398285186075804119e-07
1.402076012720379610e-07
1.405872881106754153e-07
1.409702234154800229e-07
1.413563201760083458e-07
1.417447405186231457e-07
1.421313802438628164e-07
1.425162740370864824e-07
1.429018691612641339e-07
1.432887602056798322e-07
1.436763647761430584e-07
1.440619029250414508e-07
1.444488564878210501e-07
1.448366106020056153e-07
1.452257531022066055e-07
1.456187436640594271e-07
1.460139077626725750e-07
1.464101976261019511e-07
1.468059776457100972e-07
1.472015373461671304e-07
1.475932693185340057e-07
1.479858859805137912e-07
1.483792541911752597e-07
1.487731931411590367e-07
1.491679722874353702e-07
1.495620355854847050e-07
1.499553235774459733e-07
1.503467395989606303e-07
1.507362503873662333e-07
1.511301128406891602e-07
1.515281273020831464e-07
1.519284165966593610e-07
1.523289172618713831e-07
1.527337842220170039e-07
1.531422537574912948e-07
1.535531282373134191e-07
1.539638819401262951e-07
1.543750816778402405e-07
1.547865732677278789e-07
1.551991002779956353e-07
1.556102169317986489e-07
1.560166511377341396e-07
1.564196421091410080e-07
1.568258920671180002e-07
1.572386806515924560e-07
1.576557820309430887e-07
1.580746071183622348e-07
1.584942623453788891e-07
1.589152351565174705e-07
1.593376216723357590e-07
1.597653887361746842e-07
1.601951337643245662e-07
1.606294319722093592e-07
1.610653331096092235e-07
1.615037416068921732e-07
1.619405246652676189e-07
1.623781823419069651e-07
1.628157226840559906e-07
1.632510370362203587e-07
1.636849971449611014e-07
1.641192062882075080e-07
1.645523863889795794e-07
1.649878861523381127e-07
1.654265005118695033e-07
1.658654336508403361e-07
1.663049826594358953e-07
1.667466887310178726e-07
1.671913523573846255e-07
1.676381706118813975e-07
1.680827763454915755e-07
1.685279320368837885e-07
1.689781112554393273e-07
1.694298280645760322e-07
1.698763680645425508e-07
1.703210013979182220e-07
1.707710407119111021e-07
1.712220458163323446e-07
1.716733388318974611e-07
1.721267129306365327e-07
1.725824806180250671e-07
1.730330947413241968e-07
1.734819899967805416e-07
1.739295566704902115e-07
1.743793941234451019e-07
1.748269646067176393e-07
1.752767308971120912e-07
1.757253031140388325e-07
1.761754679326671851e-07
1.766268667275145082e-07
1.770740807908256279e-07
1.775226237498400754e-07
1.779710502424286599e-07
1.784184881699320940e-07
1.788639708699234599e-07
1.793086365219352807e-07
1.797527852517863364e-07
1.801981904341813176e-07
1.806470895939275331e-07
1.810961392169819391e-07
1.815422400852204570e-07
1.819914531140006890e-07
1.824401891033291077e-07
1.828876275580374683e-07
1.833330174173324450e-07
1.837732055636525059e-07
1.842083562281564491e-07
1.846432091419462957e-07
1.850815495079996136e-07
1.855228568656934207e-07
1.859634744469881615e-07
1.864056785949174865e-07
1.868474884636700992e-07
1.872864241533626239e-07
1.877236638006560826e-07
1.881634531621502345e-07
1.886030956075343933e-07
1.890396119594523999e-07
1.894704766882633129e-07
1.898975666944223178e-07
1.903214045851498521e-07
1.907443314698077906e-07
1.911701334369220570e-07
1.915957902621878221e-07
1.920233559460906602e-07
1.924504902932130379e-07
1.928773664498498459e-07
1.933038898864052515e-07
1.937337191187902490e-07
1.941653018605588444e-07
1.945961337484512132e-07
1.950277367876279190e-07
1.954571711252315310e-07
1.958906944438899110e-07
1.963255747618339765e-07
1.967649771499480966e-07
1.972085821440751642e-07
1.976522137784443290e-07
1.980906887224740292e-07
1.985252956202940566e-07
1.989579114167640017e-07
1.993887241388446259e-07
1.998177630365291265e-07
2.002456003992107409e-07
2.006780134993102122e-07
2.011100572172357877e-07
2.015435724106166422e-07
2.019779981865146993e-07
2.024081851282768444e-07
2.028424454959539210e-07
2.032767162242538818e-07
2.037089052456763352e-07
2.041413626358998647e-07
2.045767047447412560e-07
2.050164161887725034e-07
2.054618218215220913e-07
2.059093128604619015e-07
2.063589284708170751e-07
2.068098186162276776e-07
2.072597122046565854e-07
2.077101553196604718e-07
2.081646278282372416e-07
2.086245248398547905e-07
2.090896242369491695e-07
2.095542832087555240e-07
2.100223325638372085e-07
2.104937102291966986e-07
2.109699165458469858e-07
2.114500129345509272e-07
2.119309340111382905e-07
2.124179559817290915e-07
2.129038203574918906e-07
2.133910061614423126e-07
2.138780098931914360e-07
2.143654216352964084e-07
2.148531995784965093e-07
2.153444926811522752e-07
2.158371689086503090e-07
2.163265344825568463e-07
2.168209531871475039e-07
2.173250169079323404e-07
2.178320458910590389e-07
2.183435111042789797e-07
2.188576954022314808e-07
2.193758005414913624e-07
2.198901535864101124e-07
2.204037731405270440e-07
2.209195906275853360e-07
2.214299092950323543e-07
2.219377837671281129e-07
2.224468228469915182e-07
2.229617625265563295e-07
2.234760232592334139e-07
2.239910359824107077e-07
2.245079531035340044e-07
2.250242549049778479e-07
2.255369882979070720e-07
2.260501389466192860e-07
2.265660607831995894e-07
2.270829112228769379e-07
2.275969555138956488e-07
2.281111244412699634e-07
2.286268248915263140e-07
2.291448034954973913e-07
2.296622406296321268e-07
2.301871103625212577e-07
2.307099746171847246e-07
2.312323297730189878e-07
2.317651712805233851e-07
2.323030633103903557e-07
2.328441329342141503e-07
2.333837635811412925e-07
2.339212788719996635e-07
2.344650444679772095e-07
2.350123242546795910e-07
2.355571672632277107e-07
2.361010368229496326e-07
2.366523320514833842e-07
2.372031949827687318e-07
2.377554189492283538e-07
2.383090757023762113e-07
2.388682402287954995e-07
2.394406520833769087e-07
2.400173340921743024e-07
2.405955919098032415e-07
2.411738862096716733e-07
2.417525452157570511e-07
2.423374162429084905e-07
2.429266255047304740e-07
2.435221178334390240e-07
2.441199009615487836e-07
2.447173581450990022e-07
2.453100448850969851e-07
2.459019107062904739e-07
2.464896820502722956e-07
2.470740270109753746e-07
2.476594962519015703e-07
2.482498000777501918e-07
2.488440326456988918e-07
2.494396102142793811e-07
2.500342786275353473e-07
2.506270107189802745e-07
2.512200600007011860e-07
2.518138040830187691e-07
2.524052382875078696e-07
2.529962471052707837e-07
2.535857125758711708e-07
2.541739566610200744e-07
2.547638344641286569e-07
2.553546304343459822e-07
2.559471222816154805e-07
2.565380791940308557e-07
2.571260137555368882e-07
2.577160132079610912e-07
2.583085316400235541e-07
2.589005321547433305e-07
2.594936319917133138e-07
2.600883305652029292e-07
2.606875051567683706e-07
2.612891428718587321e-07
2.618992717680861267e-07
2.625118375703656023e-07
2.631199283823568066e-07
2.637259711375321996e-07
2.643387996110341438e-07
2.649578656722920049e-07
2.655854260182141356e-07
2.662118068079867793e-07
2.668398991173643327e-07
2.674731441746233812e-07
2.681019836021833223e-07
2.687310810806480207e-07
2.693593705979827240e-07
2.699937571944566566e-07
2.706355219201235246e-07
2.712770493816691486e-07
2.719198704673851774e-07
2.725630114626064258e-07
2.732162826500540789e-07
2.738734067954591464e-07
2.745293548145088373e-07
2.751880875881840330e-07
2.758479174917106060e-07
2.765121555976909730e-07
2.771813141245855232e-07
2.778508802894216082e-07
2.785160941456330754e-07
2.791823559088409501e-07
2.798488740769119147e-07
2.805182200986909602e-07
2.811908106607210811e-07
2.818608876348676041e-07
2.825305630907961683e-07
2.832031497325635741e-07
2.838809027113978935e-07
2.845551448145211383e-07
2.852267390532446994e-07
2.859005032594673252e-07
2.865762512880025000e-07
2.872534508641149574e-07
2.879373337956692760e-07
2.886206832829832677e-07
2.893048635870295549e-07
2.899848995669392056e-07
2.906628635267350015e-07
2.913342987261860443e-07
2.920016738461375290e-07
2.926698640182464355e-07
2.933398091744288598e-07
2.940066181802911589e-07
2.946713353332476989e-07
2.953335585653134162e-07
2.959999923230705696e-07
2.966673686846504351e-07
2.973407935735321023e-07
2.980160414803339115e-07
2.986931732473992711e-07
2.993674105739851946e-07
3.000367358348211609e-07
3.007071916538447153e-07
3.013771706857686413e-07
3.020494405896391841e-07
3.027300880301214576e-07
3.034172708897400802e-07
3.041029940110161249e-07
3.047910221215716939e-07
3.054791099248352564e-07
3.061698620387697803e-07
3.068606694603170122e-07
3.075449028160015848e-07
3.082268215939665120e-07
3.089154688896378714e-07
3.096085281063995523e-07
3.103046612684965662e-07
3.110039682914171987e-07
3.117040702724527124e-07
3.124109232819489349e-07
3.131192641875347532e-07
3.138313037236055431e-07
3.145530381595353501e-07
3.152801727036169716e-07
3.160097974755581120e-07
3.167486819242760064e-07
3.174900030891580300e-07
3.182331023374049214e-07
3.189773019444120551e-07
3.197179563992306664e-07
3.204598307971072017e-07
3.212088467958173103e-07
3.219591719537731966e-07
3.227130691117145118e-07
3.234706421054297379e-07
3.242368457300230090e-07
3.250036082806172216e-07
3.257671308376885358e-07
3.265360997546656934e-07
3.273168227050707099e-07
3.280980606271565185e-07
3.288807078296875534e-07
3.296560094751329444e-07
3.304358264131721756e-07
3.312153164014914197e-07
3.319994638166403124e-07
3.327845091064367216e-07
3.335710595632155714e-07
3.343614978204049992e-07
3.351489649817606123e-07
3.359409975271293482e-07
3.367330935930754975e-07
3.375204250443503546e-07
3.383094850781249204e-07
3.390906906725982272e-07
3.398701638806440560e-07
3.406515238332739447e-07
3.414371458667727708e-07
3.422222138222609233e-07
3.430123544528590333e-07
3.437982078599765659e-07
3.445744325304159534e-07
3.453427543745800237e-07
3.461141225210148271e-07
3.468869038084472018e-07
3.476615538272064997e-07
3.484359622351428894e-07
3.492189901923084433e-07
3.500008366544686350e-07
3.507879015578765347e-07
3.515710983706032553e-07
3.523574230636333327e-07
3.531430797492794124e-07
3.539241656357133706e-07
3.547075646907109875e-07
3.554939564528098038e-07
3.562786347156455700e-07
3.570782610587686382e-07
3.578843014200782713e-07
3.586862444490926052e-07
3.594876797072497962e-07
3.602952485228540997e-07
3.611098674876524084e-07
3.619277914330219762e-07
3.627517421266820972e-07
3.635736975450393208e-07
3.643997773688714060e-07
3.652333620771902863e-07
3.660702807968828842e-07
3.669127535484076456e-07
3.677462071894438414e-07
3.685761865424557457e-07
3.694116299091072839e-07
3.702454318460220327e-07
3.710747732214197093e-07
3.719036944027097392e-07
3.727382720729522143e-07
3.735755229004837928e-07
3.744065511092427504e-07
3.752430920471334760e-07
3.760820613893826094e-07
3.769208710301519899e-07
3.777598348937432103e-07
3.785903086228724635e-07
3.794189653175508484e-07
3.802408819749685804e-07
3.810577180653470891e-07
3.818743281935577693e-07
3.826853745787377447e-07
3.834937891090644735e-07
3.843054948397599960e-07
3.851186841577410276e-07
3.859392109637671832e-07
3.867690071634220497e-07
3.875954459233299136e-07
3.884264633779626435e-07
3.892600394449060825e-07
3.900911414107060308e-07
3.909276039248891527e-07
3.917582344161000202e-07
3.925863806457192564e-07
3.934171596510507018e-07
3.942509778521687432e-07
3.950816246036674407e-07
3.959106588181786715e-07
3.967379560759071632e-07
3.975677547786986018e-07
3.983969748113594687e-07
3.992219076969522415e-07
4.000471794241076725e-07
4.008735832279366617e-07
4.016989735288279582e-07
4.025210535928759886e-07
4.033469644529412537e-07
4.041807402825199461e-07
4.050184642595218918e-07
4.058638763199215788e-07
4.067046222583743707e-07
4.075420977793289075e-07
4.083786313268372101e-07
4.092181752138304548e-07
4.100635942224463845e-07
4.109127821659383584e-07
4.117696931642682084e-07
4.126280583170393560e-07
4.134808193987855736e-07
4.143329764779679609e-07
4.151922248028395541e-07
4.160532258589131358e-07
4.169063002647649407e-07
4.177525953878009938e-07
4.186009304794329714e-07
4.194541450707337246e-07
4.203104950827953847e-07
4.211724016095629523e-07
4.220325762089027846e-07
4.229019315483527437e-07
4.237688130277390826e-07
4.246435368711267845e-07
4.255179068934092077e-07
4.263885418479684918e-07
4.272621356318218779e-07
4.281230224194753343e-07
4.289681651735762909e-07
4.298087418805562823e-07
4.306425735858337280e-07
4.314742288845642057e-07
4.323001872051938538e-07
4.331264573586835926e-07
4.339568523604596007e-07
4.347785524244867709e-07
4.355959434981559681e-07
4.364164842330760350e-07
4.372248417252111648e-07
4.380377356910402490e-07
4.388450155911022711e-07
4.396577022004327011e-07
4.404718145383116614e-07
4.412815725703850810e-07
4.421011855091223138e-07
4.429291717116165924e-07
4.437582710792289995e-07
4.445808100160765279e-07
4.454041005405365118e-07
4.462300260039642543e-07
4.470509306031740757e-07
4.478695667638570782e-07
4.486872741462765955e-07
4.495090517055661680e-07
4.503307757757088973e-07
4.511523073547161868e-07
4.519756913510525809e-07
4.528005650692290247e-07
4.536238135166874733e-07
4.544511016621578089e-07
4.552863116530272583e-07
4.561244850068361922e-07
4.569793603453821453e-07
4.578468234165892827e-07
4.587198763669396434e-07
4.595959785100170476e-07
4.604764926385127964e-07
4.613678568017179150e-07
4.622816934967362065e-07
4.632000430066553652e-07
4.641165733562955276e-07
4.650364135327469294e-07
4.659550990134301649e-07
4.668648481004325872e-07
4.677779588990743089e-07
4.686965116100211686e-07
4.696096147710941245e-07
4.705176006407926369e-07
4.714269912957614825e-07
4.723357805784261449e-07
4.732403941483810291e-07
4.741349491232489357e-07
4.750313811202240642e-07
4.759412404090564139e-07
4.768547955283201397e-07
4.777676319771914232e-07
4.786891442549406899e-07
4.796322535581592768e-07
4.805829992094452603e-07
4.815468013575983680e-07
4.825143983667559122e-07
4.834716906806099422e-07
4.844309345028555656e-07
4.853981680957871085e-07
4.863796477021929420e-07
4.873633530422709985e-07
4.883520943014630770e-07
4.893486083168085905e-07
4.903492118869448123e-07
4.913476399523755506e-07
4.923616164206226206e-07
4.933838201789057214e-07
4.944118565082865789e-07
4.954405787925861727e-07
4.964678272436192787e-07
4.974966121379519084e-07
4.985290076905805115e-07
4.995547891698119521e-07
5.005840976189261661e-07
5.016193874212386045e-07
5.026639058172108296e-07
5.037065662185455507e-07
5.047525918197386792e-07
5.057971084097104528e-07
5.068477291238291061e-07
5.078962724292063823e-07
5.089413160613535204e-07
5.099894011351420689e-07
5.110321070319508875e-07
5.120813021327009212e-07
5.131334356336091883e-07
5.141874808129704615e-07
5.152337682289721155e-07
5.162761861517734247e-07
5.173182156334364500e-07
5.183604107526817843e-07
5.194043780152891083e-07
5.204615504255464948e-07
5.215199896837367348e-07
5.225846671162801010e-07
5.236553627696237998e-07
5.247337932787464817e-07
5.258222983637463389e-07
5.269218103457524010e-07
5.280226608452187088e-07
5.291189114511045844e-07
5.302040004671992606e-07
5.312936950134603046e-07
5.323849281440754761e-07
5.334882148429910924e-07
5.345963800567235004e-07
5.357189993571077181e-07
5.368374424431240887e-07
5.379491032198256944e-07
5.390584905559546668e-07
5.401804767245694960e-07
5.413075766444980152e-07
5.424332517669706599e-07
5.435726877950422726e-07
5.447119390622196038e-07
5.458606080005469459e-07
5.470191933939513923e-07
5.481784126075342086e-07
5.493351272712342692e-07
5.504873568055895762e-07
5.516407102495851563e-07
5.527966119333289966e-07
5.539431579965629156e-07
5.550753595535988878e-07
5.562064361875102422e-07
5.573448265050704168e-07
5.584854915895507293e-07
5.596257157264500877e-07
5.607658667912745125e-07
5.619095050157245692e-07
5.630607818302415662e-07
5.642238399798051587e-07
5.653733335786112304e-07
5.665132475763592093e-07
5.676674613507217226e-07
5.688365704074545604e-07
5.700122310123716043e-07
5.711956021344694057e-07
5.723861014901922571e-07
5.735907496352760938e-07
5.748095016416515316e-07
5.760327208550801546e-07
5.772474606818581957e-07
5.784648962846562004e-07
5.796838028875248686e-07
5.809149834309298668e-07
5.821530321366763847e-07
5.833953559290924217e-07
5.846271459325753153e-07
5.858635899625098248e-07
5.870955026910590812e-07
5.883344344273412694e-07
5.895748020100616993e-07
5.908073961130529165e-07
5.920476232879129219e-07
5.933030080999756212e-07
5.945629245276479155e-07
5.958304174379089262e-07
5.971024252180959245e-07
5.983646504343189487e-07
5.996214783916058108e-07
6.008740362814667018e-07
6.021157992478402012e-07
6.033640571636942759e-07
6.046132300776165170e-07
6.058597808965744183e-07
6.071121686747484221e-07
6.083708479745460179e-07
6.096298978832031438e-07
6.108853239013268733e-07
6.121296349988266101e-07
6.133720858359146725e-07
6.146150035610740013e-07
6.158673358134686208e-07
6.171144328231011248e-07
6.183528784507301987e-07
6.195938033442525426e-07
6.208456293855857860e-07
6.221007145638054465e-07
6.233593075396439682e-07
6.246154419965274035e-07
6.258600922497806824e-07
6.271061408769574919e-07
6.283548111569266906e-07
6.295977435829591414e-07
6.308464681424598906e-07
6.320964200512284327e-07
6.333501646451126833e-07
6.345961015949079484e-07
6.358448471386338440e-07
6.370893665549862298e-07
6.383317565941884142e-07
6.395781820901448824e-07
6.408201075293980881e-07
6.420628894667011956e-07
6.433166649306607630e-07
6.445827967204059653e-07
6.458620545790345027e-07
6.471531081571861997e-07
6.484568254732110445e-07
6.497589920074117624e-07
6.510614716610350970e-07
6.523659122661021815e-07
6.536823833052535511e-07
6.550092526394694029e-07
6.563498138255325322e-07
6.576822984191524755e-07
6.590220449484033994e-07
6.603633484672045143e-07
6.617164151662439711e-07
6.630709964630555290e-07
6.644178139133091171e-07
6.657657659941794598e-07
6.671246673740810331e-07
6.684807628082060413e-07
6.698280438404122248e-07
6.711678087904354069e-07
6.724955470580644923e-07
6.738418047826662089e-07
6.752007161213071495e-07
6.765602306365414004e-07
6.779217652651029640e-07
6.792964720616611547e-07
6.806738300389677934e-07
6.820391741631206582e-07
6.833989789134258151e-07
6.847561343946588060e-07
6.861145622814048583e-07
6.874859253931568659e-07
6.888509033922986219e-07
6.902142798619659217e-07
6.915796293423745094e-07
6.929481068289473971e-07
6.943343831029070537e-07
6.957238694353791085e-07
6.971292988817185667e-07
6.985460791772644438e-07
6.999686299137753221e-07
7.013999651780036028e-07
7.028487433212153979e-07
7.043052129616436327e-07
7.057362331244307402e-07
7.071441709099774515e-07
7.085515323205424935e-07
7.099595115441740527e-07
7.113618829874623109e-07
7.127620215221466413e-07
7.141506465452534119e-07
7.155481172158279360e-07
7.169648302684327681e-07
7.183839590655139942e-07
7.198075373236386867e-07
7.212519699564904875e-07
7.226852252756345379e-07
7.241144471315238631e-07
7.255375700625259573e-07
7.269555645356718362e-07
7.283747784685214230e-07
7.297839333622374917e-07
7.311898012282339186e-07
7.325956597119902841e-07
7.340029781351787138e-07
7.354188397275950821e-07
7.368391724770802827e-07
7.382465068913548076e-07
7.396393326826161592e-07
7.410292625641688706e-07
7.424194292982419353e-07
7.438069280692045123e-07
7.451901580673500862e-07
7.465727801601949146e-07
7.479655113896335827e-07
7.493720567047888380e-07
7.507925316989114333e-07
7.522008650502491047e-07
7.536033872465999604e-07
7.549992363120738895e-07
7.564001057349122885e-07
7.578106030408198921e-07
7.592227862428805960e-07
7.606508450173307903e-07
7.620859834543502234e-07
7.635130095004603596e-07
7.649333692272755625e-07
7.663584104239795797e-07
7.678009363124692766e-07
7.692506229278760110e-07
7.706961643763594436e-07
7.721243259442648389e-07
7.735560615647667926e-07
7.750004337522735454e-07
7.764282447790020743e-07
7.778478324371373631e-07
7.792523144333483253e-07
7.806582670599619029e-07
7.820603475252446453e-07
7.834474108339392133e-07
7.848261002290039417e-07
7.862083643804693511e-07
7.875811902929358009e-07
7.889544471972319579e-07
7.903180441711028762e-07
7.916812886758919183e-07
7.930413778279927368e-07
7.944066311703432880e-07
7.957770958717993369e-07
7.971266848989690703e-07
7.984829576688138999e-07
7.998512892795699702e-07
8.012183048947942359e-07
8.025901678534539459e-07
8.039723830328722177e-07
8.053525218563259390e-07
8.067129736643303627e-07
8.080725566020819408e-07
8.094401213677405083e-07
8.108074282800211313e-07
8.121805996474537337e-07
8.135769643428122415e-07
8.149693931682977899e-07
8.163632979269712395e-07
8.177650047928550577e-07
8.191686233811543743e-07
8.205648411452287437e-07
8.219640025039167300e-07
8.233576110686685359e-07
8.247467450183105972e-07
8.261306090502172868e-07
8.275093743060603557e-07
8.289008019218924070e-07
8.302906839256247882e-07
8.316689337164422540e-07
8.330540116004753707e-07
8.344466182472544477e-07
8.358526104041288971e-07
8.372511199659824646e-07
8.386551349787667911e-07
8.400647844629756715e-07
8.414830608424148949e-07
8.429171282224004558e-07
8.443587057380654797e-07
8.457992121524390541e-07
8.472237202776258284e-07
8.486523339734063570e-07
8.500855302942855521e-07
8.515226014488739430e-07
8.529430355921326335e-07
8.543692323731140031e-07
8.558116333083251605e-07
8.572610259566816805e-07
8.587239931510788428e-07
8.602052307885746039e-07
8.616966588494115152e-07
8.631910896260136975e-07
8.646818086951171961e-07
8.661694973730296653e-07
8.676670106651721608e-07
8.691707190708193207e-07
8.706790237656666593e-07
8.721856083442716508e-07
8.736993827139521895e-07
8.752102668970358155e-07
8.767176038316544472e-07
8.782126660849748845e-07
8.796828380047275269e-07
8.811524078293625382e-07
8.826396379320174845e-07
8.841410004965974199e-07
8.856440072184197389e-07
8.871621496947286656e-07
8.886841152156962376e-07
8.901918742963081401e-07
8.917012033217847400e-07
8.932230874230805447e-07
8.947523171272146366e-07
8.962917326431848041e-07
8.978260494792710951e-07
8.993511713310933496e-07
9.008816333432195489e-07
9.024206007550595782e-07
9.039721172489542236e-07
9.055341237038479140e-07
9.071271503089684846e-07
9.087184203020390181e-07
9.103031136324953389e-07
9.118986671985411760e-07
9.134983747893170208e-07
9.150943597997822800e-07
9.166979825134699250e-07
9.182872303831765392e-07
9.198723403015206565e-07
9.214527425418037542e-07
9.230253558186955252e-07
9.246021902559350392e-07
9.261812271859741335e-07
9.277437564820524200e-07
9.292873617772969772e-07
9.308063814192698832e-07
9.323231849554038073e-07
9.338459818598775603e-07
9.353674505647594874e-07
9.369020796372698994e-07
9.384367564127851114e-07
9.399739786298861479e-07
9.415357263967004757e-07
9.430974945966817020e-07
9.446553033804981036e-07
9.462080647021660326e-07
9.477536148990843200e-07
9.492905696378952699e-07
9.508168693912011720e-07
9.523415886474651621e-07
9.538833727436645588e-07
9.554291046126846646e-07
9.569791549751709123e-07
9.585399546916973726e-07
9.600901011267090471e-07
9.616186032956772507e-07
9.631519854238564973e-07
9.646891110982880578e-07
9.662248653236928448e-07
9.677731589073464681e-07
9.693165027817886631e-07
9.708525424681992593e-07
9.723765006858248809e-07
9.738877796922611128e-07
9.753940364864579870e-07
9.768978837393648584e-07
9.784098118950984012e-07
9.798953816225529172e-07
9.813682617159681484e-07
9.828774998605257097e-07
9.844093279334683241e-07
9.859244047826493023e-07
9.874445001209147191e-07
9.889589866508800853e-07
9.904609103407123941e-07
9.919551833920773035e-07
9.934461511553387545e-07
9.949356591262276722e-07
9.964326417353775218e-07
9.979539773547958831e-07
9.994787751864714482e-07
1.000994547621384689e-06
1.002511024927614689e-06
1.004035940980983769e-06
1.005550099514561600e-06
1.007080739740744258e-06
1.008608351864304244e-06
1.010142237545099669e-06
1.011671929268419780e-06
1.013202805626516182e-06
1.014729395838373316e-06
1.016238737211305416e-06
1.017739593821776078e-06
1.019257565023289426e-06
1.020801444478828975e-06
1.022353972539051610e-06
1.023893614554802530e-06
1.025413088482993010e-06
1.026927360722123755e-06
1.028442986931127909e-06
1.029962720458001262e-06
1.031489825901752368e-06
1.033009709567411556e-06
1.034527367668690442e-06
1.036047896734456770e-06
1.037550023493412257e-06
1.039024212571708145e-06
1.040503853605352140e-06
1.041972791165348897e-06
1.043437251198768099e-06
1.044899800693900040e-06
1.046377463335390463e-06
1.047857199563741737e-06
1.049327724418568149e-06
1.050772871836313868e-06
1.052227590114708787e-06
1.053707756138651819e-06
1.055204348923766478e-06
1.056706671356093007e-06
1.058213915882476470e-06
1.059703542257488835e-06
1.061187567347887023e-06
1.062671468333603560e-06
1.064156583603668802e-06
1.065641390556977968e-06
1.067115400277230792e-06
1.068576934984580933e-06
1.070046826671855685e-06
1.071514761197093241e-06
1.072955116464609813e-06
1.074404818079142887e-06
1.075883136068607727e-06
1.077402736293023661e-06
1.078937968756611584e-06
1.080479716131741972e-06
1.082011080472218895e-06
1.083529881514099825e-06
1.085043579991517068e-06
1.086559557982062749e-06
1.088075682343107311e-06
1.089613722040173214e-06
1.091148158019453185e-06
1.092683224260994207e-06
1.094239448384238278e-06
1.095818359687473491e-06
1.097414350427838282e-06
1.099008357307905914e-06
1.100599590013561941e-06
1.102192064405489939e-06
1.103787464058867068e-06
1.105395024030427105e-06
1.107030828129868329e-06
1.108665266012993135e-06
1.110307887638015609e-06
1.111949495067929047e-06
1.113568016601966028e-06
1.115190703069151748e-06
1.116796411943417937e-06
1.118415862732662009e-06
1.120050904059293019e-06
1.121677362913913010e-06
1.123300991003651349e-06
1.124925761345186444e-06
1.126555716087556335e-06
1.128182704473866650e-06
1.129816728516631948e-06
1.131463737013241188e-06
1.133141929020228156e-06
1.134822837023005906e-06
1.136488037113780408e-06
1.138150722827028076e-06
1.139833422600431569e-06
1.141527515812302019e-06
1.143221101545205792e-06
1.144900704427626755e-06
1.146585386681446996e-06
1.148275773172041684e-06
1.149956473598587992e-06
1.151637016728304692e-06
1.153346381657075898e-06
1.155073606385753558e-06
1.156810758031806660e-06
1.158568223128875047e-06
1.160337241193653990e-06
1.162114290625716174e-06
1.163881187094442514e-06
1.165663797858300583e-06
1.167461835720440047e-06
1.169266390853370046e-06
1.171072062387962457e-06
1.172895898975294458e-06
1.174714492040558271e-06
1.176522085568549527e-06
1.178329082198779835e-06
1.180154201773422749e-06
1.181998000168031028e-06
1.183885409422947603e-06
1.185759329883248793e-06
1.187600805453417930e-06
1.189449276959403535e-06
1.191322000755037869e-06
1.193175205873558437e-06
1.195013728353374763e-06
1.196867634514267415e-06
1.198718339203209967e-06
1.200559566348772022e-06
1.202396645841364311e-06
1.204247764493484455e-06
1.206078306525123853e-06
1.207923154981366694e-06
1.209780268387146193e-06
1.211652452381741736e-06
1.213530547457855679e-06
1.215407510282339344e-06
1.217292838744145802e-06
1.219161274620395976e-06
1.221037858244784838e-06
1.222928458457064773e-06
1.224820649840229953e-06
1.226710651110842768e-06
1.228587801525517328e-06
1.230450312631221317e-06
1.232325013257838139e-06
1.234212960966694962e-06
1.236109991218777006e-06
1.238008377067573160e-06
1.239919621776115646e-06
1.241835246356064773e-06
1.243737231711669994e-06
1.245628094017058012e-06
1.247529144623240457e-06
1.249468488431420878e-06
1.251416668620527127e-06
1.253386999447490572e-06
1.255349645262950431e-06
1.257325186717121920e-06
1.259313238742472141e-06
1.261279599279458725e-06
1.263218926544816118e-06
1.265149315592666227e-06
1.267098983488922797e-06
1.269035530750923690e-06
1.270957631857308015e-06
1.272883947036120050e-06
1.274792259812237506e-06
1.276684770345547527e-06
1.278617320881816425e-06
1.280538439070358427e-06
1.282465876628944083e-06
1.284391211255391155e-06
1.286343324915772533e-06
1.288308349139380244e-06
1.290277388303950452e-06
1.292259908037656692e-06
1.294228437297365062e-06
1.296172414527203961e-06
1.298140178348133678e-06
1.300110015754268931e-06
1.302091425517933664e-06
1.304069186308671686e-06
1.306021812618690228e-06
1.307975827684078307e-06
1.309915965466316354e-06
1.311860800416478039e-06
1.313803874392036384e-06
1.315755424657965288e-06
1.317715379924693046e-06
1.319682252081358188e-06
1.321686181852497304e-06
1.323712280475096755e-06
1.325763978219249885e-06
1.327800819912107442e-06
1.329825695690849063e-06
1.331828498741717039e-06
1.333828754379415445e-06
1.335866733988457927e-06
1.337906984964798544e-06
1.339989959982284184e-06
1.342099179732846044e-06
1.344215951139495453e-06
1.346316170292269702e-06
1.348419231043169739e-06
1.350524336381788883e-06
1.352630945614604879e-06
1.354707972364365451e-06
1.356752746354063138e-06
1.358764114331348562e-06
1.360782649279637353e-06
1.362787679020922548e-06
1.364788391422181941e-06
1.366784960716856960e-06
1.368743412735228253e-06
1.370710645370600030e-06
1.372689316317138240e-06
1.374662582218968126e-06
1.376644262795110171e-06
1.378658867643356468e-06
1.380692226236234881e-06
1.382728362783764968e-06
1.384760127134799527e-06
1.386790859687110359e-06
1.388807874434277310e-06
1.390817591421011221e-06
1.392814700534274494e-06
1.394817571277168102e-06
1.396814229313061008e-06
1.398805217751653892e-06
1.400811225056947883e-06
1.402836048631084483e-06
1.404855636224022738e-06
1.406883995281763070e-06
1.408907873925572008e-06
1.410930000436295126e-06
1.412968540359346823e-06
1.415030469293695009e-06
1.417106457553061243e-06
1.419197927152084237e-06
1.421301466731031440e-06
1.423431274102019981e-06
1.425560300971550964e-06
1.427692828454603995e-06
1.429831099656870135e-06
1.431996869279559607e-06
1.434169017401946268e-06
1.436339042035668215e-06
1.438535478444027823e-06
1.440751598954591527e-06
1.442981914811457381e-06
1.445219284732312727e-06
1.447470314923117898e-06
1.449721752945820696e-06
1.452001799111154115e-06
1.454321551521091205e-06
1.456671583801521554e-06
1.459023991466441162e-06
1.461377160024158910e-06
1.463716252162687226e-06
1.466080345757357560e-06
1.468450864466585407e-06
1.470819661871863320e-06
1.473185463046464871e-06
1.475573737649543431e-06
1.477962405115011162e-06
1.480330286168148534e-06
1.482691663894914603e-06
1.485057736058277962e-06
1.487432574419570722e-06
1.489847550247414324e-06
1.492264430528501574e-06
1.494662038192805027e-06
1.497078432862195405e-06
1.499493889497805883e-06
1.501923226113155285e-06
1.504363357321606453e-06
1.506793220056824571e-06
1.509221360633685115e-06
1.511637943158014795e-06
1.514054486369752013e-06
1.516489311290583002e-06
1.518942816094645839e-06
1.521401353601846015e-06
1.523881388848644179e-06
1.526378701704138740e-06
1.528874774088137866e-06
1.531372226964730196e-06
1.533862409405677485e-06
1.536347803674590897e-06
1.538811447633883784e-06
1.541270566804234197e-06
1.543748262094424359e-06
1.546241673911178105e-06
1.548721009448176324e-06
1.551135478342208100e-06
1.553542234428641583e-06
1.555960243224948339e-06
1.558386707531897449e-06
1.560821395416526917e-06
1.563262059563906297e-06
1.565717907357590151e-06
1.568217677426778120e-06
1.570752908512027731e-06
1.573295593169608436e-06
1.575857435552742246e-06
1.578403462322825919e-06
1.580935296199808828e-06
1.583471268906475520e-06
1.586008299516458721e-06
1.588521227193721455e-06
1.591023296198391111e-06
1.593488875646944342e-06
1.595945448597240336e-06
1.598383382319673711e-06
1.600820117054732951e-06
1.603295648679224132e-06
1.605807359618374556e-06
1.608331911282443295e-06
1.610860851310864562e-06
1.613383669435715899e-06
1.615893602649451014e-06
1.618401779715747957e-06
1.620947990169409799e-06
1.623478626270130422e-06
1.626002485098927932e-06
1.628513096959964273e-06
1.631060188577937928e-06
1.633586598848142772e-06
1.636114133177808959e-06
1.638638999908635731e-06
1.641190308934575125e-06
1.643741476452937668e-06
1.646306827098427883e-06
1.648898309548025561e-06
1.651511596998174875e-06
1.654125481170949005e-06
1.656734742895870944e-06
1.659361047949313436e-06
1.661982306557621811e-06
1.664605411797025344e-06
1.667245857257927789e-06
1.669912112549898859e-06
1.672589294652079001e-06
1.675258710675120000e-06
1.677914025055264887e-06
1.680582036777987168e-06
1.683251981531048816e-06
1.685936039120914376e-06
1.688624426364014848e-06
1.691319947195303192e-06
1.694020163032328687e-06
1.696728213637143004e-06
1.699426537026056007e-06
1.702121157298912381e-06
1.704815471436435074e-06
1.707507716292244361e-06
1.710193141814681531e-06
1.712866552750211097e-06
1.715573135442126839e-06
1.718305449827828693e-06
1.721021674076439402e-06
1.723769289000705365e-06
1.726533180444006608e-06
1.729319040871952592e-06
1.732130801777380297e-06
1.734952853776668101e-06
1.737784571573602822e-06
1.740608362729769872e-06
1.743425406303700434e-06
1.746207976527736712e-06
1.749002757696729121e-06
1.751817792070353773e-06
1.754630646239059694e-06
1.757491377186193580e-06
1.760365120345920010e-06
1.763228942580872610e-06
1.766093008167265039e-06
1.768975642243176882e-06
1.771868156272319430e-06
1.774792043775098011e-06
1.777694720645914769e-06
1.780606800641658209e-06
1.783527093843797361e-06
1.786429679594050613e-06
1.789350422655632632e-06
1.792284648011284151e-06
1.795213164937854661e-06
1.798165185237103810e-06
1.801111036761465691e-06
1.804073400058231483e-06
1.806999675255647679e-06
1.809936589598036264e-06
1.812897897933401438e-06
1.815867195865725439e-06
1.818807466024283838e-06
1.821715655856876739e-06
1.824609179126746216e-06
1.827499143770796634e-06
1.830350843721989459e-06
1.833210864315478374e-06
1.836081576550048122e-06
1.838935274309793337e-06
1.841775283217139127e-06
1.844606981310676126e-06
1.847449684457555030e-06
1.850297736570444435e-06
1.853124845407919327e-06
1.855946485955974990e-06
1.858755387896885863e-06
1.861570269804704523e-06
1.864377993391341075e-06
1.867188796056037271e-06
1.870047859051478807e-06
1.872898780075229142e-06
1.875784665169730223e-06
1.878694683975903707e-06
1.881620510047090989e-06
1.884557598942329293e-06
1.887495937347071021e-06
1.890450766851608265e-06
1.893395346995084571e-06
1.896338064977441681e-06
1.899302369653833187e-06
1.902353241227814265e-06
1.905653834877539956e-06
1.909862301122751233e-06
1.916832036065568575e-06
1.931722257841694757e-06
1.968241441577036894e-06
2.060225128473268941e-06
2.286084772831579936e-06
2.815976590088958165e-06
3.994803781332253241e-06
6.473180515614329135e-06
1.138965228665522182e-05
2.058155012263274179e-05
3.676036191160081320e-05
6.353569930631486199e-05
1.051359263247560931e-04
1.656895515971503938e-04
2.480370915226503496e-04
3.522420621437702252e-04
4.742085600239889852e-04
6.049790972939411964e-04
7.312495859992403481e-04
8.373281900718584567e-04
9.082456647751114935e-04
9.332002733534507924e-04
9.082519013566525126e-04
8.373407019203842321e-04
7.312683993282107766e-04
6.050041913192521310e-04
4.742399256073757908e-04
3.522796782534070984e-04
2.480811128746602872e-04
1.657944070746328238e-04
1.071689437815521241e-04
7.013383406234164079e-05
3.880586187532491892e-05
2.071140003402961602e-05
1.147117836463276182e-05
6.560761638571443902e-06
4.088574893725309651e-06
2.915955040537554717e-06
2.392245726026483972e-06
2.172601484324373433e-06
2.086803993282029841e-06
2.056393744974179457e-06
2.047557532483402755e-06
2.046633867836822126e-06
2.048442289292367540e-06
2.051148456186479125e-06
2.054128513753234997e-06
2.057170798076331354e-06
2.060226958899728927e-06
2.063322090713262821e-06
2.066466943784081117e-06
2.069620827211772962e-06
2.072794035445272879e-06
2.075981088837453972e-06
2.079150059887647894e-06
2.082331672648548209e-06
2.085528753667268618e-06
2.088721680168801687e-06
2.091965344377554887e-06
2.095290562172966183e-06
2.098649870757066157e-06
2.102016396091082857e-06
2.105358739795831214e-06
2.108710110032630954e-06
2.112075146468480707e-06
2.115500925017069598e-06
2.119011271811690787e-06
2.122681562908327058e-06
2.126647928867500125e-06
2.131100437936776527e-06
2.136468130639470077e-06
2.143426511194252415e-06
2.152924630749956140e-06
2.166434564006355437e-06
2.186432774684025297e-06
2.217724993695582492e-06
2.273809461890147408e-06
2.403397201506420722e-06
2.785207390524445054e-06
4.019175973288455771e-06
7.875835236740649385e-06
1.886796148075536498e-05
4.678042148871061514e-05
1.092712983133146477e-04
2.317780471934872933e-04
4.405780171352576859e-04
7.468674526633795616e-04
1.126957098849316581e-03
1.512411873056159666e-03
1.804608529347685991e-03
1.914196425832374957e-03
1.804976214812683720e-03
1.513119150788687362e-03
1.127951365830085059e-03
7.480781933374073926e-04
4.419252119387551418e-04
2.331810783495953416e-04
1.106568603389216922e-04
4.808849420764729695e-05
2.005532548646334691e-05
8.916924460738316608e-06
4.904747319764849620e-06
3.519344410257907844e-06
2.999896072898083207e-06
2.752279393487630933e-06
2.600184898447210698e-06
2.494622783110019803e-06
2.419979070118506060e-06
2.368495231689483573e-06
2.334421869458089042e-06
2.313067869151372991e-06
2.300721766873497881e-06
2.294505798276910609e-06
2.292321933242987811e-06
2.292700248512716807e-06
2.294618469179616719e-06
2.297446766635454536e-06
2.300838643150052895e-06
2.304547626111851432e-06
2.308398261256543134e-06
2.312362814462907402e-06
2.316365403846333228e-06
2.320389299894444438e-06
2.324471571915876652e-06
2.328635788359511110e-06
2.332801269184679628e-06
2.336954790099622017e-06
2.341124720482446896e-06
2.345276208859537168e-06
2.349428815904750544e-06
2.353603515124172857e-06
2.357787121769969761e-06
2.361990498879829689e-06
2.366226375665065666e-06
2.370462223424712354e-06
2.374727072878829985e-06
2.379023570921508488e-06
2.383308560297498554e-06
2.387565016054343050e-06
2.391823361929251102e-06
2.396103680179214838e-06
2.400402852261432587e-06
2.404670858048194892e-06
2.408898585805259592e-06
2.413143966599551792e-06
2.417387981674803890e-06
2.421641481223461953e-06
2.425878514796241593e-06
2.430092890666067401e-06
2.434323055624699101e-06
2.438555403308332639e-06
2.442750908043827541e-06
2.446989021862432766e-06
2.451240102300161713e-06
2.455492884567551097e-06
2.459752364627001460e-06
2.463994152226336948e-06
2.468269703650354061e-06
2.472586847057203614e-06
2.476903518145540385e-06
2.481215807252689744e-06
2.485486290206538177e-06
2.489767541799683554e-06
2.494064515965491458e-06
2.498342380754066708e-06
2.502585016693533469e-06
2.506835874194212143e-06
2.511137525961600976e-06
2.515473644232166644e-06
2.519817199189337934e-06
2.524216555856275272e-06
2.528666491892500115e-06
2.533160323346489746e-06
2.537712319037715597e-06
2.542307151567427366e-06
2.546925643177688534e-06
2.551559095643645737e-06
2.556221033136428359e-06
2.560909218353873950e-06
2.565640746277805892e-06
2.570335763602098979e-06
2.574997812047909474e-06
2.579654992852814210e-06
2.584365421600761519e-06
2.589016188929967181e-06
2.593656574786154213e-06
2.598358079159709810e-06
2.603121823717667486e-06
2.607859985884931377e-06
2.612567428902898358e-06
2.617327510146066139e-06
2.622134561133281656e-06
2.626962230920517716e-06
2.631780545818394330e-06
2.636610217329386962e-06
2.641478235748570836e-06
2.646399902609904004e-06
2.651329140332008714e-06
2.656275988139525403e-06
2.661254724238928004e-06
2.666209477127627912e-06
2.671217381446267132e-06
2.676255453315541565e-06
2.681302265230026321e-06
2.686371045968936360e-06
2.691450800845990905e-06
2.696533968867907982e-06
2.701627935555864424e-06
2.706778490644344922e-06
2.711989907746597664e-06
2.717212228528327377e-06
2.722459665453738917e-06
2.727690166328230623e-06
2.732921676410996038e-06
2.738201196402056039e-06
2.743519251630129966e-06
2.748848637580400932e-06
2.754173471702258754e-06
2.759507733143769444e-06
2.764842442248522211e-06
2.770167709428622637e-06
2.775467568022169846e-06
2.780710291609922663e-06
2.785957049164783943e-06
2.791200682915594539e-06
2.796512616018961103e-06
2.801822491705444152e-06
2.807112704835069146e-06
2.812428035827490320e-06
2.817774557598133876e-06
2.823170216360392915e-06
2.828573355466512207e-06
2.833964683791624069e-06
2.839375922874726248e-06
2.844758139824875561e-06
2.850115730482141876e-06
2.855450839322237686e-06
2.860787437056956881e-06
2.866123919956872812e-06
2.871494046123051605e-06
2.876876618076900881e-06
2.882264802948766188e-06
2.887662472808476145e-06
2.893007036220282972e-06
2.898406776896711935e-06
2.903842035283953566e-06
2.909325509210365642e-06
2.914837999993282411e-06
2.920287588195364859e-06
2.925730358500205575e-06
2.931196829663644201e-06
2.936710858437004182e-06
2.942222946711137083e-06
2.947728015440626372e-06
2.953232795776577180e-06
2.958776870786112753e-06
2.964408043663985317e-06
2.970056007378998462e-06
2.975778976232770504e-06
2.981508234393177203e-06
2.987289631616379042e-06
2.993068177643353133e-06
2.998892496213192777e-06
3.004694863771015028e-06
3.010462128974714339e-06
3.016211984473546770e-06
3.021958642510180372e-06
3.027726491605510287e-06
3.033525251663840537e-06
3.039316619690108763e-06
3.045069406595487090e-06
3.050883427195162324e-06
3.056679009548321991e-06
3.062452910568851205e-06
3.068212519473254568e-06
3.073974422361368703e-06
3.079794607012675591e-06
3.085606567541417472e-06
3.091403554369451349e-06
3.097238372509376004e-06
3.103085254430352100e-06
3.108909976943608867e-06
3.114713002421789751e-06
3.120513210936524393e-06
3.126322227465466506e-06
3.132143061080464186e-06
3.137906481255695700e-06
3.143652973547597113e-06
3.149402934576094345e-06
3.155131999552200480e-06
3.160851317368707510e-06
3.166567868960691859e-06
3.172271259169636695e-06
3.177966636424482509e-06
3.183674540577641825e-06
3.189387305659004674e-06
3.195065757529151114e-06
3.200740846576104646e-06
3.206416593937419268e-06
3.212038732810430338e-06
3.217634707122537420e-06
3.223216441286585273e-06
3.228757970547398546e-06
3.234223765350112186e-06
3.239642805727687303e-06
3.245042566112254619e-06
3.250433837959651131e-06
3.255871308612949176e-06
3.261337164380201897e-06
3.266868549683511709e-06
3.272453551566819805e-06
3.278090062970207374e-06
3.283702820257897460e-06
3.289330618314077169e-06
3.294990651421286949e-06
3.300720845280141033e-06
3.306472145912228318e-06
3.312171008669159518e-06
3.317894517825562720e-06
3.323643031076112010e-06
3.329406956866307687e-06
3.335202843856264862e-06
3.340980209981752228e-06
3.346765137131615300e-06
3.352565674564072367e-06
3.358321338921500909e-06
3.364140185476287986e-06
3.369946147579310314e-06
3.375735590683934068e-06
3.381469892454269900e-06
3.387188732362976638e-06
3.392923410410380428e-06
3.398713783799667166e-06
3.404505650805406499e-06
3.410288450994065177e-06
3.416000444777746405e-06
3.421704740487331548e-06
3.427449674843250930e-06
3.433236855171329755e-06
3.439046759829872400e-06
3.444878198421040750e-06
3.450735658425604218e-06
3.456629961618223322e-06
3.462506733479080202e-06
3.468350305573706161e-06
3.474079297503942763e-06
3.479766030842208601e-06
3.485472770075712495e-06
3.491191489103190706e-06
3.496886231271676137e-06
3.502543498251326063e-06
3.508137490544829134e-06
3.513716072968662841e-06
3.519304549579979770e-06
3.524872190192726718e-06
3.530418585660763288e-06
3.535944641505950928e-06
3.541512256628977746e-06
3.547105851332035262e-06
3.552760851786429508e-06
3.558411212781127968e-06
3.564076452971314303e-06
3.569758181703097833e-06
3.575520862178346580e-06
3.581274590725068528e-06
3.586964182489054387e-06
3.592634676368614893e-06
3.598319205503192652e-06
3.604051062923385420e-06
3.609805290760005887e-06
3.615540929734652927e-06
3.621245130511971456e-06
3.626920015020968965e-06
3.632565275789034578e-06
3.638230310701488336e-06
3.643928775357139845e-06
3.649641437165184164e-06
3.655356126463598985e-06
3.661098384344087277e-06
3.666906430885958159e-06
3.672767912355011282e-06
3.678619960398229372e-06
3.684439814203575094e-06
3.690269305875389059e-06
3.696075707992663465e-06
3.701928266986314723e-06
3.707732764719543414e-06
3.713549782185223295e-06
3.719405419635110581e-06
3.725259457112447789e-06
3.731079145355660450e-06
3.736898824082806927e-06
3.742752177924839312e-06
3.748597984904128350e-06
3.754432193900818901e-06
3.760279285285013828e-06
3.766180443959960159e-06
3.772033834535441045e-06
3.777852929891903354e-06
3.783685106913017082e-06
3.789510366587585069e-06
3.795298594608755472e-06
3.801106266727998966e-06
3.806959614877677296e-06
3.812771735048223076e-06
3.818567098436061066e-06
3.824392305420868337e-06
3.830172904448148348e-06
3.835933045633137963e-06
3.841680485890274230e-06
3.847449019041862744e-06
3.853272694634173851e-06
3.859155898859281194e-06
3.865091466470607078e-06
3.871054626364347440e-06
3.877004463229612095e-06
3.882970076573182331e-06
3.888903527377710551e-06
3.894781408683866309e-06
3.900663960015572179e-06
3.906588525061642598e-06
3.912518285348912740e-06
3.918416413781266526e-06
3.924273680758276688e-06
3.930187171113763537e-06
3.936039356257908111e-06
3.941882338760842681e-06
3.947726394992649924e-06
3.953537982621039748e-06
3.959361515683565748e-06
3.965253462591071369e-06
3.971215750442534847e-06
3.977143002227009417e-06
3.983079854600267694e-06
3.989046733167906768e-06
3.995031537125311984e-06
4.001025780937803776e-06
4.007042207922107415e-06
4.013068165920877480e-06
4.019074216028870108e-06
4.025007343645359972e-06
4.030934121711984791e-06
4.036928028958423575e-06
4.042909125451974913e-06
4.048953770025169921e-06
4.054988028516166965e-06
4.061053198475784990e-06
4.067173880727792634e-06
4.073384507967399354e-06
4.079644961916079491e-06
4.085972151803102239e-06
4.092336948825579683e-06
4.098773579087299048e-06
4.105246882879336788e-06
4.111758653807252049e-06
4.118310127696313619e-06
4.124933908589195973e-06
4.131557247803819859e-06
4.138206692231659872e-06
4.144866512509296748e-06
4.151582106629267002e-06
4.158247122501217239e-06
4.164820852861803681e-06
4.171376011702853437e-06
4.177935590805900166e-06
4.184501638176940664e-06
4.191029484646351356e-06
4.197565158172458745e-06
4.204096708200606659e-06
4.210714700374351021e-06
4.217369498847955105e-06
4.223972374056428144e-06
4.230643532253481106e-06
4.237352864025170837e-06
4.244046799935797320e-06
4.250696065470796409e-06
4.257374775780002752e-06
4.264056032430114999e-06
4.270733229667017039e-06
4.277362571856693970e-06
4.283941985065893147e-06
4.290511759390053409e-06
4.297093703020142059e-06
4.303651206271855444e-06
4.310200952367181902e-06
4.316773598129103971e-06
4.323356251878469505e-06
4.329863531633394925e-06
4.336403811043522306e-06
4.342996508163982406e-06
4.349581432591385932e-06
4.356179928312973524e-06
4.362783780555878079e-06
4.369424543972721442e-06
4.376081370541878622e-06
4.382749049470846059e-06
4.389375944178263846e-06
4.395983320139112860e-06
4.402594358223921700e-06
4.409197507302581793e-06
4.415877718866376851e-06
4.422564649752320053e-06
4.429207366142662922e-06
4.435884992434278812e-06
4.442536641420543030e-06
4.449185998165156105e-06
4.455897135140615371e-06
4.462530551000028393e-06
4.469166373652750920e-06
4.475830626820022250e-06
4.482528650504560822e-06
4.489252514472559531e-06
4.496037440357478499e-06
4.502860426233588743e-06
4.509708297408978129e-06
4.516681837655749577e-06
4.523703344995264397e-06
4.530700644457414618e-06
