0.000000000000000000e+00
2.500305213038701013e-01
5.000610426077402026e-01
7.500915639116103595e-01
1.000122085215480405e+00
1.250152606519350451e+00
1.500183127823220719e+00
1.750213649127090765e+00
2.000244170430960811e+00
2.250274691734830856e+00
2.500305213038700902e+00
2.750335734342570948e+00
3.000366255646441438e+00
3.250396776950311484e+00
3.500427298254181530e+00
3.750457819558051575e+00
4.000488340861921621e+00
4.250518862165791667e+00
4.500549383469661713e+00
4.750579904773531759e+00
5.000610426077401804e+00
5.250640947381271850e+00
5.500671468685141896e+00
5.750701989989011942e+00
6.000732511292882876e+00
6.250763032596752922e+00
6.500793553900622967e+00
6.750824075204493013e+00
7.000854596508363059e+00
7.250885117812233105e+00
7.500915639116103151e+00
7.750946160419973197e+00
8.000976681723843242e+00
8.251007203027713288e+00
8.501037724331583334e+00
8.751068245635453380e+00
9.001098766939323426e+00
9.251129288243193471e+00
9.501159809547063517e+00
9.751190330850933563e+00
1.000122085215480361e+01
1.025125137345867365e+01
1.050128189476254370e+01
1.075131241606641375e+01
1.100134293737028379e+01
1.125137345867415384e+01
1.150140397997802388e+01
1.175143450128189393e+01
1.200146502258576575e+01
1.225149554388963580e+01
1.250152606519350584e+01
1.275155658649737589e+01
1.300158710780124593e+01
1.325161762910511598e+01
1.350164815040898603e+01
1.375167867171285607e+01
1.400170919301672612e+01
1.425173971432059616e+01
1.450177023562446621e+01
1.475180075692833626e+01
1.500183127823220630e+01
1.525186179953607635e+01
1.550189232083994639e+01
1.575192284214381644e+01
1.600195336344768648e+01
1.625198388475155653e+01
1.650201440605542658e+01
1.675204492735929662e+01
1.700207544866316667e+01
1.725210596996703671e+01
1.750213649127090676e+01
1.775216701257477681e+01
1.800219753387864685e+01
1.825222805518251690e+01
1.850225857648638694e+01
1.875228909779025699e+01
1.900231961909412703e+01
1.925235014039799708e+01
1.950238066170186713e+01
1.975241118300573717e+01
2.000244170430960722e+01
2.025247222561347726e+01
2.050250274691734731e+01
2.075253326822121736e+01
2.100256378952508740e+01
2.125259431082895745e+01
2.150262483213282749e+01
2.175265535343669754e+01
2.200268587474056758e+01
2.225271639604443763e+01
2.250274691734830768e+01
2.275277743865217772e+01
2.300280795995604777e+01
2.325283848125991781e+01
2.350286900256378786e+01
2.375289952386765790e+01
2.400293004517153150e+01
2.425296056647540155e+01
2.450299108777927160e+01
2.475302160908314164e+01
2.500305213038701169e+01
2.525308265169088173e+01
2.550311317299475178e+01
2.575314369429862182e+01
2.600317421560249187e+01
2.625320473690636192e+01
2.650323525821023196e+01
2.675326577951410201e+01
2.700329630081797205e+01
2.725332682212184210e+01
2.750335734342571214e+01
2.775338786472958219e+01
2.800341838603345224e+01
2.825344890733732228e+01
2.850347942864119233e+01
2.875350994994506237e+01
2.900354047124893242e+01
2.925357099255280247e+01
2.950360151385667251e+01
2.975363203516054256e+01
3.000366255646441260e+01
3.025369307776828265e+01
3.050372359907215269e+01
3.075375412037602274e+01
3.100378464167989279e+01
3.125381516298376283e+01
3.150384568428763288e+01
3.175387620559150292e+01
3.200390672689537297e+01
3.225393724819924302e+01
3.250396776950311306e+01
3.275399829080698311e+01
3.300402881211085315e+01
3.325405933341472320e+01
3.350408985471859324e+01
3.375412037602246329e+01
3.400415089732633334e+01
3.425418141863020338e+01
3.450421193993407343e+01
3.475424246123794347e+01
3.500427298254181352e+01
3.525430350384568357e+01
3.550433402514955361e+01
3.575436454645342366e+01
3.600439506775729370e+01
3.625442558906116375e+01
3.650445611036503379e+01
3.675448663166890384e+01
3.700451715297277389e+01
3.725454767427664393e+01
3.750457819558051398e+01
3.775460871688438402e+01
3.800463923818825407e+01
3.825466975949212411e+01
3.850470028079599416e+01
3.875473080209986421e+01
3.900476132340373425e+01
3.925479184470760430e+01
3.950482236601147434e+01
3.975485288731534439e+01
4.000488340861921444e+01
4.025491392992308448e+01
4.050494445122695453e+01
4.075497497253082457e+01
4.100500549383469462e+01
4.125503601513856466e+01
4.150506653644243471e+01
4.175509705774630476e+01
4.200512757905017480e+01
4.225515810035404485e+01
4.250518862165791489e+01
4.275521914296178494e+01
4.300524966426565499e+01
4.325528018556952503e+01
4.350531070687339508e+01
4.375534122817726512e+01
4.400537174948113517e+01
4.425540227078500521e+01
4.450543279208887526e+01
4.475546331339274531e+01
4.500549383469661535e+01
4.525552435600048540e+01
4.550555487730435544e+01
4.575558539860822549e+01
4.600561591991209553e+01
4.625564644121596558e+01
4.650567696251983563e+01
4.675570748382370567e+01
4.700573800512757572e+01
4.725576852643144576e+01
4.750579904773531581e+01
4.775582956903918586e+01
4.800586009034306301e+01
4.825589061164693305e+01
4.850592113295080310e+01
4.875595165425467314e+01
4.900598217555854319e+01
4.925601269686241324e+01
4.950604321816628328e+01
4.975607373947015333e+01
5.000610426077402337e+01
5.025613478207789342e+01
5.050616530338176347e+01
5.075619582468563351e+01
5.100622634598950356e+01
5.125625686729337360e+01
5.150628738859724365e+01
5.175631790990111369e+01
5.200634843120498374e+01
5.225637895250885379e+01
5.250640947381272383e+01
5.275643999511659388e+01
5.300647051642046392e+01
5.325650103772433397e+01
5.350653155902820401e+01
5.375656208033207406e+01
5.400659260163594411e+01
5.425662312293981415e+01
5.450665364424368420e+01
5.475668416554755424e+01
5.500671468685142429e+01
5.525674520815529434e+01
5.550677572945916438e+01
5.575680625076303443e+01
5.600683677206690447e+01
5.625686729337077452e+01
5.650689781467464456e+01
5.675692833597851461e+01
5.700695885728238466e+01
5.725698937858625470e+01
5.750701989989012475e+01
5.775705042119399479e+01
5.800708094249786484e+01
5.825711146380173489e+01
5.850714198510560493e+01
5.875717250640947498e+01
5.900720302771334502e+01
5.925723354901721507e+01
5.950726407032108511e+01
5.975729459162495516e+01
6.000732511292882521e+01
6.025735563423269525e+01
6.050738615553656530e+01
6.075741667684043534e+01
6.100744719814430539e+01
6.125747771944817543e+01
6.150750824075204548e+01
6.175753876205591553e+01
6.200756928335978557e+01
6.225759980466365562e+01
6.250763032596752566e+01
6.275766084727139571e+01
6.300769136857526576e+01
6.325772188987913580e+01
6.350775241118300585e+01
6.375778293248687589e+01
6.400781345379074594e+01
6.425784397509461598e+01
6.450787449639848603e+01
6.475790501770235608e+01
6.500793553900622612e+01
6.525796606031009617e+01
6.550799658161396621e+01
6.575802710291783626e+01
6.600805762422170631e+01
6.625808814552557635e+01
6.650811866682944640e+01
6.675814918813331644e+01
6.700817970943718649e+01
6.725821023074105653e+01
6.750824075204492658e+01
6.775827127334879663e+01
6.800830179465266667e+01
6.825833231595653672e+01
6.850836283726040676e+01
6.875839335856427681e+01
6.900842387986814686e+01
6.925845440117201690e+01
6.950848492247588695e+01
6.975851544377975699e+01
7.000854596508362704e+01
7.025857648638749708e+01
7.050860700769136713e+01
7.075863752899523718e+01
7.100866805029910722e+01
7.125869857160297727e+01
7.150872909290684731e+01
7.175875961421071736e+01
7.200879013551458740e+01
7.225882065681845745e+01
7.250885117812232750e+01
7.275888169942619754e+01
7.300891222073006759e+01
7.325894274203393763e+01
7.350897326333780768e+01
7.375900378464167773e+01
7.400903430594554777e+01
7.425906482724941782e+01
7.450909534855328786e+01
7.475912586985715791e+01
7.500915639116102795e+01
7.525918691246489800e+01
7.550921743376876805e+01
7.575924795507263809e+01
7.600927847637650814e+01
7.625930899768037818e+01
7.650933951898424823e+01
7.675937004028811828e+01
7.700940056159198832e+01
7.725943108289585837e+01
7.750946160419972841e+01
7.775949212550359846e+01
7.800952264680746850e+01
7.825955316811133855e+01
7.850958368941520860e+01
7.875961421071907864e+01
7.900964473202294869e+01
7.925967525332681873e+01
7.950970577463068878e+01
7.975973629593455883e+01
8.000976681723842887e+01
8.025979733854229892e+01
8.050982785984616896e+01
8.075985838115003901e+01
8.100988890245390905e+01
8.125991942375777910e+01
8.150994994506164915e+01
8.175998046636551919e+01
8.201001098766938924e+01
8.226004150897325928e+01
8.251007203027712933e+01
8.276010255158099937e+01
8.301013307288486942e+01
8.326016359418873947e+01
8.351019411549260951e+01
8.376022463679647956e+01
8.401025515810034960e+01
8.426028567940421965e+01
8.451031620070808970e+01
8.476034672201195974e+01
8.501037724331582979e+01
8.526040776461969983e+01
8.551043828592356988e+01
8.576046880722743992e+01
8.601049932853130997e+01
8.626052984983518002e+01
8.651056037113905006e+01
8.676059089244292011e+01
8.701062141374679015e+01
8.726065193505066020e+01
8.751068245635453025e+01
8.776071297765840029e+01
8.801074349896227034e+01
8.826077402026614038e+01
8.851080454157001043e+01
8.876083506287388047e+01
8.901086558417775052e+01
8.926089610548162057e+01
8.951092662678549061e+01
8.976095714808936066e+01
9.001098766939323070e+01
9.026101819069710075e+01
9.051104871200097080e+01
9.076107923330484084e+01
9.101110975460871089e+01
9.126114027591258093e+01
9.151117079721645098e+01
9.176120131852032102e+01
9.201123183982419107e+01
9.226126236112806112e+01
9.251129288243193116e+01
9.276132340373580121e+01
9.301135392503967125e+01
9.326138444634354130e+01
9.351141496764741134e+01
9.376144548895128139e+01
9.401147601025515144e+01
9.426150653155902148e+01
9.451153705286289153e+01
9.476156757416676157e+01
9.501159809547063162e+01
9.526162861677450167e+01
9.551165913807837171e+01
9.576168965938224176e+01
9.601172018068612601e+01
9.626175070198999606e+01
9.651178122329386611e+01
9.676181174459773615e+01
9.701184226590160620e+01
9.726187278720547624e+01
9.751190330850934629e+01
9.776193382981321633e+01
9.801196435111708638e+01
9.826199487242095643e+01
9.851202539372482647e+01
9.876205591502869652e+01
9.901208643633256656e+01
9.926211695763643661e+01
9.951214747894030666e+01
9.976217800024417670e+01
1.000122085215480467e+02
1.002622390428519168e+02
1.005122695641557868e+02
1.007623000854596569e+02
1.010123306067635269e+02
1.012623611280673970e+02
1.015123916493712670e+02
1.017624221706751371e+02
1.020124526919790071e+02
1.022624832132828772e+02
1.025125137345867472e+02
1.027625442558906173e+02
1.030125747771944873e+02
1.032626052984983573e+02
1.035126358198022274e+02
1.037626663411060974e+02
1.040126968624099675e+02
1.042627273837138375e+02
1.045127579050177076e+02
1.047627884263215776e+02
1.050128189476254477e+02
1.052628494689293177e+02
1.055128799902331878e+02
1.057629105115370578e+02
1.060129410328409278e+02
1.062629715541447979e+02
1.065130020754486679e+02
1.067630325967525380e+02
1.070130631180564080e+02
1.072630936393602781e+02
1.075131241606641481e+02
1.077631546819680182e+02
1.080131852032718882e+02
1.082632157245757583e+02
1.085132462458796283e+02
1.087632767671834984e+02
1.090133072884873684e+02
1.092633378097912384e+02
1.095133683310951085e+02
1.097633988523989785e+02
1.100134293737028486e+02
1.102634598950067186e+02
1.105134904163105887e+02
1.107635209376144587e+02
1.110135514589183288e+02
1.112635819802221988e+02
1.115136125015260689e+02
1.117636430228299389e+02
1.120136735441338089e+02
1.122637040654376790e+02
1.125137345867415490e+02
1.127637651080454191e+02
1.130137956293492891e+02
1.132638261506531592e+02
1.135138566719570292e+02
1.137638871932608993e+02
1.140139177145647693e+02
1.142639482358686394e+02
1.145139787571725094e+02
1.147640092784763794e+02
1.150140397997802495e+02
1.152640703210841195e+02
1.155141008423879896e+02
1.157641313636918596e+02
1.160141618849957297e+02
1.162641924062995997e+02
1.165142229276034698e+02
1.167642534489073398e+02
1.170142839702112099e+02
1.172643144915150799e+02
1.175143450128189500e+02
1.177643755341228200e+02
1.180144060554266900e+02
1.182644365767305601e+02
1.185144670980344301e+02
1.187644976193383002e+02
1.190145281406421702e+02
1.192645586619460403e+02
1.195145891832499103e+02
1.197646197045537804e+02
1.200146502258576504e+02
1.202646807471615205e+02
1.205147112684653905e+02
1.207647417897692605e+02
1.210147723110731306e+02
1.212648028323770006e+02
1.215148333536808707e+02
1.217648638749847407e+02
1.220148943962886108e+02
1.222649249175924808e+02
1.225149554388963509e+02
1.227649859602002209e+02
1.230150164815040910e+02
1.232650470028079610e+02
1.235150775241118311e+02
1.237651080454157011e+02
1.240151385667195711e+02
1.242651690880234412e+02
1.245151996093273112e+02
1.247652301306311813e+02
1.250152606519350513e+02
1.252652911732389214e+02
1.255153216945427914e+02
1.257653522158466615e+02
1.260153827371505315e+02
1.262654132584544016e+02
1.265154437797582716e+02
1.267654743010621416e+02
1.270155048223660117e+02
1.272655353436698817e+02
1.275155658649737518e+02
1.277655963862776218e+02
1.280156269075814919e+02
1.282656574288853619e+02
1.285156879501892320e+02
1.287657184714931020e+02
1.290157489927969721e+02
1.292657795141008421e+02
1.295158100354047122e+02
1.297658405567085822e+02
1.300158710780124522e+02
1.302659015993163223e+02
1.305159321206201923e+02
1.307659626419240624e+02
1.310159931632279324e+02
1.312660236845318025e+02
1.315160542058356725e+02
1.317660847271395426e+02
1.320161152484434126e+02
1.322661457697472827e+02
1.325161762910511527e+02
1.327662068123550227e+02
1.330162373336588928e+02
1.332662678549627628e+02
1.335162983762666329e+02
1.337663288975705029e+02
1.340163594188743730e+02
1.342663899401782430e+02
1.345164204614821131e+02
1.347664509827859831e+02
1.350164815040898532e+02
1.352665120253937232e+02
1.355165425466975933e+02
1.357665730680014633e+02
1.360166035893053333e+02
1.362666341106092034e+02
1.365166646319130734e+02
1.367666951532169435e+02
1.370167256745208135e+02
1.372667561958246836e+02
1.375167867171285536e+02
1.377668172384324237e+02
1.380168477597362937e+02
1.382668782810401638e+02
1.385169088023440338e+02
1.387669393236479038e+02
1.390169698449517739e+02
1.392670003662556439e+02
1.395170308875595140e+02
1.397670614088633840e+02
1.400170919301672541e+02
1.402671224514711241e+02
1.405171529727749942e+02
1.407671834940788642e+02
1.410172140153827343e+02
1.412672445366866043e+02
1.415172750579904744e+02
1.417673055792943444e+02
1.420173361005982144e+02
1.422673666219020845e+02
1.425173971432059545e+02
1.427674276645098246e+02
1.430174581858136946e+02
1.432674887071175647e+02
1.435175192284214347e+02
1.437675497497253048e+02
1.440175802710291748e+02
1.442676107923330449e+02
1.445176413136369149e+02
1.447676718349407849e+02
1.450177023562446550e+02
1.452677328775485250e+02
1.455177633988523951e+02
1.457677939201562651e+02
1.460178244414601352e+02
1.462678549627640052e+02
1.465178854840678753e+02
1.467679160053717453e+02
1.470179465266756154e+02
1.472679770479794854e+02
1.475180075692833555e+02
1.477680380905872255e+02
1.480180686118910955e+02
1.482680991331949656e+02
1.485181296544988356e+02
1.487681601758027057e+02
1.490181906971065757e+02
1.492682212184104458e+02
1.495182517397143158e+02
1.497682822610181859e+02
1.500183127823220559e+02
1.502683433036259260e+02
1.505183738249297960e+02
1.507684043462336660e+02
1.510184348675375361e+02
1.512684653888414061e+02
1.515184959101452762e+02
1.517685264314491462e+02
1.520185569527530163e+02
1.522685874740568863e+02
1.525186179953607564e+02
1.527686485166646264e+02
1.530186790379684965e+02
1.532687095592723665e+02
1.535187400805762366e+02
1.537687706018801066e+02
1.540188011231839766e+02
1.542688316444878467e+02
1.545188621657917167e+02
1.547688926870955868e+02
1.550189232083994568e+02
1.552689537297033269e+02
1.555189842510071969e+02
1.557690147723110670e+02
1.560190452936149370e+02
1.562690758149188071e+02
1.565191063362226771e+02
1.567691368575265471e+02
1.570191673788304172e+02
1.572691979001342872e+02
1.575192284214381573e+02
1.577692589427420273e+02
1.580192894640458974e+02
1.582693199853497674e+02
1.585193505066536375e+02
1.587693810279575075e+02
1.590194115492613776e+02
1.592694420705652476e+02
1.595194725918691177e+02
1.597695031131729877e+02
1.600195336344768577e+02
1.602695641557807278e+02
1.605195946770845978e+02
1.607696251983884679e+02
1.610196557196923379e+02
1.612696862409962080e+02
1.615197167623000780e+02
1.617697472836039481e+02
1.620197778049078181e+02
1.622698083262116882e+02
1.625198388475155582e+02
1.627698693688194282e+02
1.630198998901232983e+02
1.632699304114271683e+02
1.635199609327310384e+02
1.637699914540349084e+02
1.640200219753387785e+02
1.642700524966426485e+02
1.645200830179465186e+02
1.647701135392503886e+02
1.650201440605542587e+02
1.652701745818581287e+02
1.655202051031619987e+02
1.657702356244658688e+02
1.660202661457697388e+02
1.662702966670736089e+02
1.665203271883774789e+02
1.667703577096813490e+02
1.670203882309852190e+02
1.672704187522890891e+02
1.675204492735929591e+02
1.677704797948968292e+02
1.680205103162006992e+02
1.682705408375045693e+02
1.685205713588084393e+02
1.687706018801123093e+02
1.690206324014161794e+02
1.692706629227200494e+02
1.695206934440239195e+02
1.697707239653277895e+02
1.700207544866316596e+02
1.702707850079355296e+02
1.705208155292393997e+02
1.707708460505432697e+02
1.710208765718471398e+02
1.712709070931510098e+02
1.715209376144548798e+02
1.717709681357587499e+02
1.720209986570626199e+02
1.722710291783664900e+02
1.725210596996703600e+02
1.727710902209742301e+02
1.730211207422781001e+02
1.732711512635819702e+02
1.735211817848858402e+02
1.737712123061897103e+02
1.740212428274935803e+02
1.742712733487974504e+02
1.745213038701013204e+02
1.747713343914051904e+02
1.750213649127090605e+02
1.752713954340129305e+02
1.755214259553168006e+02
1.757714564766206706e+02
1.760214869979245407e+02
1.762715175192284107e+02
1.765215480405322808e+02
1.767715785618361508e+02
1.770216090831400209e+02
1.772716396044438909e+02
1.775216701257477609e+02
1.777717006470516310e+02
1.780217311683555010e+02
1.782717616896593711e+02
1.785217922109632411e+02
1.787718227322671112e+02
1.790218532535709812e+02
1.792718837748748513e+02
1.795219142961787213e+02
1.797719448174825914e+02
1.800219753387864614e+02
1.802720058600903315e+02
1.805220363813942015e+02
1.807720669026980715e+02
1.810220974240019416e+02
1.812721279453058116e+02
1.815221584666096817e+02
1.817721889879135517e+02
1.820222195092174218e+02
1.822722500305212918e+02
1.825222805518251619e+02
1.827723110731290319e+02
1.830223415944329020e+02
1.832723721157367720e+02
1.835224026370406420e+02
1.837724331583445121e+02
1.840224636796483821e+02
1.842724942009522522e+02
1.845225247222561222e+02
1.847725552435599923e+02
1.850225857648638623e+02
1.852726162861677324e+02
1.855226468074716024e+02
1.857726773287754725e+02
1.860227078500793425e+02
1.862727383713832126e+02
1.865227688926870826e+02
1.867727994139909526e+02
1.870228299352948227e+02
1.872728604565986927e+02
1.875228909779025628e+02
1.877729214992064328e+02
1.880229520205103029e+02
1.882729825418141729e+02
1.885230130631180430e+02
1.887730435844219130e+02
1.890230741057257831e+02
1.892731046270296531e+02
1.895231351483335231e+02
1.897731656696373932e+02
1.900231961909412632e+02
1.902732267122451333e+02
1.905232572335490033e+02
1.907732877548528734e+02
1.910233182761567434e+02
1.912733487974606135e+02
1.915233793187644835e+02
1.917734098400683536e+02
1.920234403613722520e+02
1.922734708826761221e+02
1.925235014039799921e+02
1.927735319252838622e+02
1.930235624465877322e+02
1.932735929678916023e+02
1.935236234891954723e+02
1.937736540104993423e+02
1.940236845318032124e+02
1.942737150531070824e+02
1.945237455744109525e+02
1.947737760957148225e+02
1.950238066170186926e+02
1.952738371383225626e+02
1.955238676596264327e+02
1.957738981809303027e+02
1.960239287022341728e+02
1.962739592235380428e+02
1.965239897448419129e+02
1.967740202661457829e+02
1.970240507874496529e+02
1.972740813087535230e+02
1.975241118300573930e+02
1.977741423513612631e+02
1.980241728726651331e+02
1.982742033939690032e+02
1.985242339152728732e+02
1.987742644365767433e+02
1.990242949578806133e+02
1.992743254791844834e+02
1.995243560004883534e+02
1.997743865217922234e+02
2.000244170430960935e+02
2.002744475643999635e+02
2.005244780857038336e+02
2.007745086070077036e+02
2.010245391283115737e+02
2.012745696496154437e+02
2.015246001709193138e+02
2.017746306922231838e+02
2.020246612135270539e+02
2.022746917348309239e+02
2.025247222561347940e+02
2.027747527774386640e+02
2.030247832987425340e+02
2.032748138200464041e+02
2.035248443413502741e+02
2.037748748626541442e+02
2.040249053839580142e+02
2.042749359052618843e+02
2.045249664265657543e+02
2.047749969478696244e+02
2.050250274691734944e+02
2.052750579904773645e+02
2.055250885117812345e+02
2.057751190330851045e+02
2.060251495543889746e+02
2.062751800756928446e+02
2.065252105969967147e+02
2.067752411183005847e+02
2.070252716396044548e+02
2.072753021609083248e+02
2.075253326822121949e+02
2.077753632035160649e+02
2.080253937248199350e+02
2.082754242461238050e+02
2.085254547674276751e+02
2.087754852887315451e+02
2.090255158100354151e+02
2.092755463313392852e+02
2.095255768526431552e+02
2.097756073739470253e+02
2.100256378952508953e+02
2.102756684165547654e+02
2.105256989378586354e+02
2.107757294591625055e+02
2.110257599804663755e+02
2.112757905017702456e+02
2.115258210230741156e+02
2.117758515443779856e+02
2.120258820656818557e+02
2.122759125869857257e+02
2.125259431082895958e+02
2.127759736295934658e+02
2.130260041508973359e+02
2.132760346722012059e+02
2.135260651935050760e+02
2.137760957148089460e+02
2.140261262361128161e+02
2.142761567574166861e+02
2.145261872787205562e+02
2.147762178000244262e+02
2.150262483213282962e+02
2.152762788426321663e+02
2.155263093639360363e+02
2.157763398852399064e+02
2.160263704065437764e+02
2.162764009278476465e+02
2.165264314491515165e+02
2.167764619704553866e+02
2.170264924917592566e+02
2.172765230130631267e+02
2.175265535343669967e+02
2.177765840556708667e+02
2.180266145769747368e+02
2.182766450982786068e+02
2.185266756195824769e+02
2.187767061408863469e+02
2.190267366621902170e+02
2.192767671834940870e+02
2.195267977047979571e+02
2.197768282261018271e+02
2.200268587474056972e+02
2.202768892687095672e+02
2.205269197900134373e+02
2.207769503113173073e+02
2.210269808326211773e+02
2.212770113539250474e+02
2.215270418752289174e+02
2.217770723965327875e+02
2.220271029178366575e+02
2.222771334391405276e+02
2.225271639604443976e+02
2.227771944817482677e+02
2.230272250030521377e+02
2.232772555243560078e+02
2.235272860456598778e+02
2.237773165669637478e+02
2.240273470882676179e+02
2.242773776095714879e+02
2.245274081308753580e+02
2.247774386521792280e+02
2.250274691734830981e+02
2.252774996947869681e+02
2.255275302160908382e+02
2.257775607373947082e+02
2.260275912586985783e+02
2.262776217800024483e+02
2.265276523013063183e+02
2.267776828226101884e+02
2.270277133439140584e+02
2.272777438652179285e+02
2.275277743865217985e+02
2.277778049078256686e+02
2.280278354291295386e+02
2.282778659504334087e+02
2.285278964717372787e+02
2.287779269930411488e+02
2.290279575143450188e+02
2.292779880356488889e+02
2.295280185569527589e+02
2.297780490782566289e+02
2.300280795995604990e+02
2.302781101208643690e+02
2.305281406421682391e+02
2.307781711634721091e+02
2.310282016847759792e+02
2.312782322060798492e+02
2.315282627273837193e+02
2.317782932486875893e+02
2.320283237699914594e+02
2.322783542912953294e+02
2.325283848125991994e+02
2.327784153339030695e+02
2.330284458552069395e+02
2.332784763765108096e+02
2.335285068978146796e+02
2.337785374191185497e+02
2.340285679404224197e+02
2.342785984617262898e+02
2.345286289830301598e+02
2.347786595043340299e+02
2.350286900256378999e+02
2.352787205469417700e+02
2.355287510682456400e+02
2.357787815895495100e+02
2.360288121108533801e+02
2.362788426321572501e+02
2.365288731534611202e+02
2.367789036747649902e+02
2.370289341960688603e+02
2.372789647173727303e+02
2.375289952386766004e+02
2.377790257599804704e+02
2.380290562812843405e+02
2.382790868025882105e+02
2.385291173238920805e+02
2.387791478451959506e+02
2.390291783664998206e+02
2.392792088878036907e+02
2.395292394091075607e+02
2.397792699304114308e+02
2.400293004517153008e+02
2.402793309730191709e+02
2.405293614943230409e+02
2.407793920156269110e+02
2.410294225369307810e+02
2.412794530582346511e+02
2.415294835795385211e+02
2.417795141008423911e+02
2.420295446221462612e+02
2.422795751434501312e+02
2.425296056647540013e+02
2.427796361860578713e+02
2.430296667073617414e+02
2.432796972286656114e+02
2.435297277499694815e+02
2.437797582712733515e+02
2.440297887925772216e+02
2.442798193138810916e+02
2.445298498351849616e+02
2.447798803564888317e+02
2.450299108777927017e+02
2.452799413990965718e+02
2.455299719204004418e+02
2.457800024417043119e+02
2.460300329630081819e+02
2.462800634843120520e+02
2.465300940056159220e+02
2.467801245269197921e+02
2.470301550482236621e+02
2.472801855695275322e+02
2.475302160908314022e+02
2.477802466121352722e+02
2.480302771334391423e+02
2.482803076547430123e+02
2.485303381760468824e+02
2.487803686973507524e+02
2.490303992186546225e+02
2.492804297399584925e+02
2.495304602612623626e+02
2.497804907825662326e+02
2.500305213038701027e+02
2.502805518251739727e+02
2.505305823464778427e+02
2.507806128677817128e+02
2.510306433890855828e+02
2.512806739103894529e+02
2.515307044316933229e+02
2.517807349529971930e+02
2.520307654743010630e+02
2.522807959956049331e+02
2.525308265169088031e+02
2.527808570382126732e+02
2.530308875595165432e+02
2.532809180808204133e+02
2.535309486021242833e+02
2.537809791234281533e+02
2.540310096447320234e+02
2.542810401660358934e+02
2.545310706873397635e+02
2.547811012086436335e+02
2.550311317299475036e+02
2.552811622512513736e+02
2.555311927725552437e+02
2.557812232938591137e+02
2.560312538151629838e+02
2.562812843364668538e+02
2.565313148577707238e+02
2.567813453790745939e+02
2.570313759003784639e+02
2.572814064216823340e+02
2.575314369429862040e+02
2.577814674642900741e+02
2.580314979855939441e+02
2.582815285068978142e+02
2.585315590282016842e+02
2.587815895495055543e+02
2.590316200708094243e+02
2.592816505921132944e+02
2.595316811134171644e+02
2.597817116347210344e+02
2.600317421560249045e+02
2.602817726773287745e+02
2.605318031986326446e+02
2.607818337199365146e+02
2.610318642412403847e+02
2.612818947625442547e+02
2.615319252838481248e+02
2.617819558051519948e+02
2.620319863264558649e+02
2.622820168477597349e+02
2.625320473690636049e+02
2.627820778903674750e+02
2.630321084116713450e+02
2.632821389329752151e+02
2.635321694542790851e+02
2.637821999755829552e+02
2.640322304968868252e+02
2.642822610181906953e+02
2.645322915394945653e+02
2.647823220607984354e+02
2.650323525821023054e+02
2.652823831034061755e+02
2.655324136247100455e+02
2.657824441460139155e+02
2.660324746673177856e+02
2.662825051886216556e+02
2.665325357099255257e+02
2.667825662312293957e+02
2.670325967525332658e+02
2.672826272738371358e+02
2.675326577951410059e+02
2.677826883164448759e+02
2.680327188377487460e+02
2.682827493590526160e+02
2.685327798803564860e+02
2.687828104016603561e+02
2.690328409229642261e+02
2.692828714442680962e+02
2.695329019655719662e+02
2.697829324868758363e+02
2.700329630081797063e+02
2.702829935294835764e+02
2.705330240507874464e+02
2.707830545720913165e+02
2.710330850933951865e+02
2.712831156146990566e+02
2.715331461360029266e+02
2.717831766573067966e+02
2.720332071786106667e+02
2.722832376999145367e+02
2.725332682212184068e+02
2.727832987425222768e+02
2.730333292638261469e+02
2.732833597851300169e+02
2.735333903064338870e+02
2.737834208277377570e+02
2.740334513490416271e+02
2.742834818703454971e+02
2.745335123916493671e+02
2.747835429129532372e+02
2.750335734342571072e+02
2.752836039555609773e+02
2.755336344768648473e+02
2.757836649981687174e+02
2.760336955194725874e+02
2.762837260407764575e+02
2.765337565620803275e+02
2.767837870833841976e+02
2.770338176046880676e+02
2.772838481259919376e+02
2.775338786472958077e+02
2.777839091685996777e+02
2.780339396899035478e+02
2.782839702112074178e+02
2.785340007325112879e+02
2.787840312538151579e+02
2.790340617751190280e+02
2.792840922964228980e+02
2.795341228177267681e+02
2.797841533390306381e+02
2.800341838603345082e+02
2.802842143816383782e+02
2.805342449029422482e+02
2.807842754242461183e+02
2.810343059455499883e+02
2.812843364668538584e+02
2.815343669881577284e+02
2.817843975094615985e+02
2.820344280307654685e+02
2.822844585520693386e+02
2.825344890733732086e+02
2.827845195946770787e+02
2.830345501159809487e+02
2.832845806372848187e+02
2.835346111585886888e+02
2.837846416798925588e+02
2.840346722011964289e+02
2.842847027225002989e+02
2.845347332438041690e+02
2.847847637651080390e+02
2.850347942864119091e+02
2.852848248077157791e+02
2.855348553290196492e+02
2.857848858503235192e+02
2.860349163716273893e+02
2.862849468929312593e+02
2.865349774142351293e+02
2.867850079355389994e+02
2.870350384568428694e+02
2.872850689781467395e+02
2.875350994994506095e+02
2.877851300207544796e+02
2.880351605420583496e+02
2.882851910633622197e+02
2.885352215846660897e+02
2.887852521059699598e+02
2.890352826272738298e+02
2.892853131485776998e+02
2.895353436698815699e+02
2.897853741911854399e+02
2.900354047124893100e+02
2.902854352337931800e+02
2.905354657550970501e+02
2.907854962764009201e+02
2.910355267977047902e+02
2.912855573190086602e+02
2.915355878403125303e+02
2.917856183616164003e+02
2.920356488829202704e+02
2.922856794042241404e+02
2.925357099255280104e+02
2.927857404468318805e+02
2.930357709681357505e+02
2.932858014894396206e+02
2.935358320107434906e+02
2.937858625320473607e+02
2.940358930533512307e+02
2.942859235746551008e+02
2.945359540959589708e+02
2.947859846172628409e+02
2.950360151385667109e+02
2.952860456598705809e+02
2.955360761811744510e+02
2.957861067024783210e+02
2.960361372237821911e+02
2.962861677450860611e+02
2.965361982663899312e+02
2.967862287876938012e+02
2.970362593089976713e+02
2.972862898303015413e+02
2.975363203516054114e+02
2.977863508729092814e+02
2.980363813942131515e+02
2.982864119155170215e+02
2.985364424368208915e+02
2.987864729581247616e+02
2.990365034794286316e+02
2.992865340007325017e+02
2.995365645220363717e+02
2.997865950433402418e+02
3.000366255646441118e+02
3.002866560859479819e+02
3.005366866072518519e+02
3.007867171285557220e+02
3.010367476498595920e+02
3.012867781711634620e+02
3.015368086924673321e+02
3.017868392137712021e+02
3.020368697350750722e+02
3.022869002563789422e+02
3.025369307776828123e+02
3.027869612989866823e+02
3.030369918202905524e+02
3.032870223415944224e+02
3.035370528628982925e+02
3.037870833842021625e+02
3.040371139055060326e+02
3.042871444268099026e+02
3.045371749481137726e+02
3.047872054694176427e+02
3.050372359907215127e+02
3.052872665120253828e+02
3.055372970333292528e+02
3.057873275546331229e+02
3.060373580759369929e+02
3.062873885972408630e+02
3.065374191185447330e+02
3.067874496398486031e+02
3.070374801611524731e+02
3.072875106824563431e+02
3.075375412037602132e+02
3.077875717250640832e+02
3.080376022463679533e+02
3.082876327676718233e+02
3.085376632889756934e+02
3.087876938102795634e+02
3.090377243315834335e+02
3.092877548528873035e+02
3.095377853741911736e+02
3.097878158954950436e+02
3.100378464167989137e+02
3.102878769381027837e+02
3.105379074594066537e+02
3.107879379807105238e+02
3.110379685020143938e+02
3.112879990233182639e+02
3.115380295446221339e+02
3.117880600659260040e+02
3.120380905872298740e+02
3.122881211085337441e+02
3.125381516298376141e+02
3.127881821511414842e+02
3.130382126724453542e+02
3.132882431937492242e+02
3.135382737150530943e+02
3.137883042363569643e+02
3.140383347576608344e+02
3.142883652789647044e+02
3.145383958002685745e+02
3.147884263215724445e+02
3.150384568428763146e+02
3.152884873641801846e+02
3.155385178854840547e+02
3.157885484067879247e+02
3.160385789280917948e+02
3.162886094493956648e+02
3.165386399706995348e+02
3.167886704920034049e+02
3.170387010133072749e+02
3.172887315346111450e+02
3.175387620559150150e+02
3.177887925772188851e+02
3.180388230985227551e+02
3.182888536198266252e+02
3.185388841411304952e+02
3.187889146624343653e+02
3.190389451837382353e+02
3.192889757050421053e+02
3.195390062263459754e+02
3.197890367476498454e+02
3.200390672689537155e+02
3.202890977902575855e+02
3.205391283115614556e+02
3.207891588328653256e+02
3.210391893541691957e+02
3.212892198754730657e+02
3.215392503967769358e+02
3.217892809180808058e+02
3.220393114393846759e+02
3.222893419606885459e+02
3.225393724819924159e+02
3.227894030032962860e+02
3.230394335246001560e+02
3.232894640459040261e+02
3.235394945672078961e+02
3.237895250885117662e+02
3.240395556098156362e+02
3.242895861311195063e+02
3.245396166524233763e+02
3.247896471737272464e+02
3.250396776950311164e+02
3.252897082163349864e+02
3.255397387376388565e+02
3.257897692589427265e+02
3.260397997802465966e+02
3.262898303015504666e+02
3.265398608228543367e+02
3.267898913441582067e+02
3.270399218654620768e+02
3.272899523867659468e+02
3.275399829080698169e+02
3.277900134293736869e+02
3.280400439506775569e+02
3.282900744719814270e+02
3.285401049932852970e+02
3.287901355145891671e+02
3.290401660358930371e+02
3.292901965571969072e+02
3.295402270785007772e+02
3.297902575998046473e+02
3.300402881211085173e+02
3.302903186424123874e+02
3.305403491637162574e+02
3.307903796850201275e+02
3.310404102063239975e+02
3.312904407276278675e+02
3.315404712489317376e+02
3.317905017702356076e+02
3.320405322915394777e+02
3.322905628128433477e+02
3.325405933341472178e+02
3.327906238554510878e+02
3.330406543767549579e+02
3.332906848980588279e+02
3.335407154193626980e+02
3.337907459406665680e+02
3.340407764619704380e+02
3.342908069832743081e+02
3.345408375045781781e+02
3.347908680258820482e+02
3.350408985471859182e+02
3.352909290684897883e+02
3.355409595897936583e+02
3.357909901110975284e+02
3.360410206324013984e+02
3.362910511537052685e+02
3.365410816750091385e+02
3.367911121963130086e+02
3.370411427176168786e+02
3.372911732389207486e+02
3.375412037602246187e+02
3.377912342815284887e+02
3.380412648028323588e+02
3.382912953241362288e+02
3.385413258454400989e+02
3.387913563667439689e+02
3.390413868880478390e+02
3.392914174093517090e+02
3.395414479306555791e+02
3.397914784519594491e+02
3.400415089732633191e+02
3.402915394945671892e+02
3.405415700158710592e+02
3.407916005371749293e+02
3.410416310584787993e+02
3.412916615797826694e+02
3.415416921010865394e+02
3.417917226223904095e+02
3.420417531436942795e+02
3.422917836649981496e+02
3.425418141863020196e+02
3.427918447076058897e+02
3.430418752289097597e+02
3.432919057502136297e+02
3.435419362715174998e+02
3.437919667928213698e+02
3.440419973141252399e+02
3.442920278354291099e+02
3.445420583567329800e+02
3.447920888780368500e+02
3.450421193993407201e+02
3.452921499206445901e+02
3.455421804419484602e+02
3.457922109632523302e+02
3.460422414845562002e+02
3.462922720058600703e+02
3.465423025271639403e+02
3.467923330484678104e+02
3.470423635697716804e+02
3.472923940910755505e+02
3.475424246123794205e+02
3.477924551336832906e+02
3.480424856549871606e+02
3.482925161762910307e+02
3.485425466975949007e+02
3.487925772188987708e+02
3.490426077402026408e+02
3.492926382615065108e+02
3.495426687828103809e+02
3.497926993041142509e+02
3.500427298254181210e+02
3.502927603467219910e+02
3.505427908680258611e+02
3.507928213893297311e+02
3.510428519106336012e+02
3.512928824319374712e+02
3.515429129532413413e+02
3.517929434745452113e+02
3.520429739958490813e+02
3.522930045171529514e+02
3.525430350384568214e+02
3.527930655597606915e+02
3.530430960810645615e+02
3.532931266023684316e+02
3.535431571236723016e+02
3.537931876449761717e+02
3.540432181662800417e+02
3.542932486875839118e+02
3.545432792088877818e+02
3.547933097301916519e+02
3.550433402514955219e+02
3.552933707727993919e+02
3.555434012941032620e+02
3.557934318154071320e+02
3.560434623367110021e+02
3.562934928580148721e+02
3.565435233793187422e+02
3.567935539006226122e+02
3.570435844219264823e+02
3.572936149432303523e+02
3.575436454645342224e+02
3.577936759858380924e+02
3.580437065071419624e+02
3.582937370284458325e+02
3.585437675497497025e+02
3.587937980710535726e+02
3.590438285923574426e+02
3.592938591136613127e+02
3.595438896349651827e+02
3.597939201562690528e+02
3.600439506775729228e+02
3.602939811988767929e+02
3.605440117201806629e+02
3.607940422414845330e+02
3.610440727627884030e+02
3.612941032840922730e+02
3.615441338053961431e+02
3.617941643267000131e+02
3.620441948480038832e+02
3.622942253693077532e+02
3.625442558906116233e+02
3.627942864119154933e+02
3.630443169332193634e+02
3.632943474545232334e+02
3.635443779758271035e+02
3.637944084971309735e+02
3.640444390184348435e+02
3.642944695397387136e+02
3.645445000610425836e+02
3.647945305823464537e+02
3.650445611036503237e+02
3.652945916249541938e+02
3.655446221462580638e+02
3.657946526675619339e+02
3.660446831888658039e+02
3.662947137101696740e+02
3.665447442314735440e+02
3.667947747527774141e+02
3.670448052740812841e+02
3.672948357953851541e+02
3.675448663166890242e+02
3.677948968379928942e+02
3.680449273592967643e+02
3.682949578806006343e+02
3.685449884019045044e+02
3.687950189232083744e+02
3.690450494445122445e+02
3.692950799658161145e+02
3.695451104871199846e+02
3.697951410084238546e+02
3.700451715297277246e+02
3.702952020510315947e+02
3.705452325723354647e+02
3.707952630936393348e+02
3.710452936149432048e+02
3.712953241362470749e+02
3.715453546575509449e+02
3.717953851788548150e+02
3.720454157001586850e+02
3.722954462214625551e+02
3.725454767427664251e+02
3.727955072640702952e+02
3.730455377853741652e+02
3.732955683066780352e+02
3.735455988279819053e+02
3.737956293492857753e+02
3.740456598705896454e+02
3.742956903918935154e+02
3.745457209131973855e+02
3.747957514345012555e+02
3.750457819558051256e+02
3.752958124771089956e+02
3.755458429984128657e+02
3.757958735197167357e+02
3.760459040410206057e+02
3.762959345623244758e+02
3.765459650836283458e+02
3.767959956049322159e+02
3.770460261262360859e+02
3.772960566475399560e+02
3.775460871688438260e+02
3.777961176901476961e+02
3.780461482114515661e+02
3.782961787327554362e+02
3.785462092540593062e+02
3.787962397753631762e+02
3.790462702966670463e+02
3.792963008179709163e+02
3.795463313392747864e+02
3.797963618605786564e+02
3.800463923818825265e+02
3.802964229031863965e+02
3.805464534244902666e+02
3.807964839457941366e+02
3.810465144670980067e+02
3.812965449884018767e+02
3.815465755097057468e+02
3.817966060310096168e+02
3.820466365523134868e+02
3.822966670736173569e+02
3.825466975949212269e+02
3.827967281162250970e+02
3.830467586375289670e+02
3.832967891588328371e+02
3.835468196801367071e+02
3.837968502014405772e+02
3.840468807227445041e+02
3.842969112440483741e+02
3.845469417653522441e+02
3.847969722866561142e+02
3.850470028079599842e+02
3.852970333292638543e+02
3.855470638505677243e+02
3.857970943718715944e+02
3.860471248931754644e+02
3.862971554144793345e+02
3.865471859357832045e+02
3.867972164570870746e+02
3.870472469783909446e+02
3.872972774996948147e+02
3.875473080209986847e+02
3.877973385423025547e+02
3.880473690636064248e+02
3.882973995849102948e+02
3.885474301062141649e+02
3.887974606275180349e+02
3.890474911488219050e+02
3.892975216701257750e+02
3.895475521914296451e+02
3.897975827127335151e+02
3.900476132340373852e+02
3.902976437553412552e+02
3.905476742766451252e+02
3.907977047979489953e+02
3.910477353192528653e+02
3.912977658405567354e+02
3.915477963618606054e+02
3.917978268831644755e+02
3.920478574044683455e+02
3.922978879257722156e+02
3.925479184470760856e+02
3.927979489683799557e+02
3.930479794896838257e+02
3.932980100109876958e+02
3.935480405322915658e+02
3.937980710535954358e+02
3.940481015748993059e+02
3.942981320962031759e+02
3.945481626175070460e+02
3.947981931388109160e+02
3.950482236601147861e+02
3.952982541814186561e+02
3.955482847027225262e+02
3.957983152240263962e+02
3.960483457453302663e+02
3.962983762666341363e+02
3.965484067879380063e+02
3.967984373092418764e+02
3.970484678305457464e+02
3.972984983518496165e+02
3.975485288731534865e+02
3.977985593944573566e+02
3.980485899157612266e+02
3.982986204370650967e+02
3.985486509583689667e+02
3.987986814796728368e+02
3.990487120009767068e+02
3.992987425222805768e+02
3.995487730435844469e+02
3.997988035648883169e+02
4.000488340861921870e+02
4.002988646074960570e+02
4.005488951287999271e+02
4.007989256501037971e+02
4.010489561714076672e+02
4.012989866927115372e+02
4.015490172140154073e+02
4.017990477353192773e+02
4.020490782566231474e+02
4.022991087779270174e+02
4.025491392992308874e+02
4.027991698205347575e+02
4.030492003418386275e+02
4.032992308631424976e+02
4.035492613844463676e+02
4.037992919057502377e+02
4.040493224270541077e+02
4.042993529483579778e+02
4.045493834696618478e+02
4.047994139909657179e+02
4.050494445122695879e+02
4.052994750335734579e+02
4.055495055548773280e+02
4.057995360761811980e+02
4.060495665974850681e+02
4.062995971187889381e+02
4.065496276400928082e+02
4.067996581613966782e+02
4.070496886827005483e+02
4.072997192040044183e+02
4.075497497253082884e+02
4.077997802466121584e+02
4.080498107679160285e+02
4.082998412892198985e+02
4.085498718105237685e+02
4.087999023318276386e+02
4.090499328531315086e+02
4.092999633744353787e+02
4.095499938957392487e+02
4.098000244170431188e+02
4.100500549383469888e+02
4.103000854596508589e+02
4.105501159809547289e+02
4.108001465022585990e+02
4.110501770235624690e+02
4.113002075448663390e+02
4.115502380661702091e+02
4.118002685874740791e+02
4.120502991087779492e+02
4.123003296300818192e+02
4.125503601513856893e+02
4.128003906726895593e+02
4.130504211939934294e+02
4.133004517152972994e+02
4.135504822366011695e+02
4.138005127579050395e+02
4.140505432792089096e+02
4.143005738005127796e+02
4.145506043218166496e+02
4.148006348431205197e+02
4.150506653644243897e+02
4.153006958857282598e+02
4.155507264070321298e+02
4.158007569283359999e+02
4.160507874496398699e+02
4.163008179709437400e+02
4.165508484922476100e+02
4.168008790135514801e+02
4.170509095348553501e+02
4.173009400561592201e+02
4.175509705774630902e+02
4.178010010987669602e+02
4.180510316200708303e+02
4.183010621413747003e+02
4.185510926626785704e+02
4.188011231839824404e+02
4.190511537052863105e+02
4.193011842265901805e+02
4.195512147478940506e+02
4.198012452691979206e+02
4.200512757905017907e+02
4.203013063118056607e+02
4.205513368331095307e+02
4.208013673544134008e+02
4.210513978757172708e+02
4.213014283970211409e+02
4.215514589183250109e+02
4.218014894396288810e+02
4.220515199609327510e+02
4.223015504822366211e+02
4.225515810035404911e+02
4.228016115248443612e+02
4.230516420461482312e+02
4.233016725674521012e+02
4.235517030887559713e+02
4.238017336100598413e+02
4.240517641313637114e+02
4.243017946526675814e+02
4.245518251739714515e+02
4.248018556952753215e+02
4.250518862165791916e+02
4.253019167378830616e+02
4.255519472591869317e+02
4.258019777804908017e+02
4.260520083017946718e+02
4.263020388230985418e+02
4.265520693444024118e+02
4.268020998657062819e+02
4.270521303870101519e+02
4.273021609083140220e+02
4.275521914296178920e+02
4.278022219509217621e+02
4.280522524722256321e+02
4.283022829935295022e+02
4.285523135148333722e+02
4.288023440361372423e+02
4.290523745574411123e+02
4.293024050787449823e+02
4.295524356000488524e+02
4.298024661213527224e+02
4.300524966426565925e+02
4.303025271639604625e+02
4.305525576852643326e+02
4.308025882065682026e+02
4.310526187278720727e+02
4.313026492491759427e+02
4.315526797704798128e+02
4.318027102917836828e+02
4.320527408130875529e+02
4.323027713343914229e+02
4.325528018556952929e+02
4.328028323769991630e+02
4.330528628983030330e+02
4.333028934196069031e+02
4.335529239409107731e+02
4.338029544622146432e+02
4.340529849835185132e+02
4.343030155048223833e+02
4.345530460261262533e+02
4.348030765474301234e+02
4.350531070687339934e+02
4.353031375900378634e+02
4.355531681113417335e+02
4.358031986326456035e+02
4.360532291539494736e+02
4.363032596752533436e+02
4.365532901965572137e+02
4.368033207178610837e+02
4.370533512391649538e+02
4.373033817604688238e+02
4.375534122817726939e+02
4.378034428030765639e+02
4.380534733243804340e+02
4.383035038456843040e+02
4.385535343669881740e+02
4.388035648882920441e+02
4.390535954095959141e+02
4.393036259308997842e+02
4.395536564522036542e+02
4.398036869735075243e+02
4.400537174948113943e+02
4.403037480161152644e+02
4.405537785374191344e+02
4.408038090587230045e+02
4.410538395800268745e+02
4.413038701013307445e+02
4.415539006226346146e+02
4.418039311439384846e+02
4.420539616652423547e+02
4.423039921865462247e+02
4.425540227078500948e+02
4.428040532291539648e+02
4.430540837504578349e+02
4.433041142717617049e+02
4.435541447930655750e+02
4.438041753143694450e+02
4.440542058356733151e+02
4.443042363569771851e+02
4.445542668782810551e+02
4.448042973995849252e+02
4.450543279208887952e+02
4.453043584421926653e+02
4.455543889634965353e+02
4.458044194848004054e+02
4.460544500061042754e+02
4.463044805274081455e+02
4.465545110487120155e+02
4.468045415700158856e+02
4.470545720913197556e+02
4.473046026126236256e+02
4.475546331339274957e+02
4.478046636552313657e+02
4.480546941765352358e+02
4.483047246978391058e+02
4.485547552191429759e+02
4.488047857404468459e+02
4.490548162617507160e+02
4.493048467830545860e+02
4.495548773043584561e+02
4.498049078256623261e+02
4.500549383469661961e+02
4.503049688682700662e+02
4.505549993895739362e+02
4.508050299108778063e+02
4.510550604321816763e+02
4.513050909534855464e+02
4.515551214747894164e+02
4.518051519960932865e+02
4.520551825173971565e+02
4.523052130387010266e+02
4.525552435600048966e+02
4.528052740813087667e+02
4.530553046026126367e+02
4.533053351239165067e+02
4.535553656452203768e+02
4.538053961665242468e+02
4.540554266878281169e+02
4.543054572091319869e+02
4.545554877304358570e+02
4.548055182517397270e+02
4.550555487730435971e+02
4.553055792943474671e+02
4.555556098156513372e+02
4.558056403369552072e+02
4.560556708582590772e+02
4.563057013795629473e+02
4.565557319008668173e+02
4.568057624221706874e+02
4.570557929434745574e+02
4.573058234647784275e+02
4.575558539860822975e+02
4.578058845073861676e+02
4.580559150286900376e+02
4.583059455499939077e+02
4.585559760712977777e+02
4.588060065926016478e+02
4.590560371139055178e+02
4.593060676352093878e+02
4.595560981565132579e+02
4.598061286778171279e+02
4.600561591991209980e+02
4.603061897204248680e+02
4.605562202417287381e+02
4.608062507630326081e+02
4.610562812843364782e+02
4.613063118056403482e+02
4.615563423269442183e+02
4.618063728482480883e+02
4.620564033695519583e+02
4.623064338908558284e+02
4.625564644121596984e+02
4.628064949334635685e+02
4.630565254547674385e+02
4.633065559760713086e+02
4.635565864973751786e+02
4.638066170186790487e+02
4.640566475399829187e+02
4.643066780612867888e+02
4.645567085825906588e+02
4.648067391038945289e+02
4.650567696251983989e+02
4.653068001465022689e+02
4.655568306678061390e+02
4.658068611891100090e+02
4.660568917104138791e+02
4.663069222317177491e+02
4.665569527530216192e+02
4.668069832743254892e+02
4.670570137956293593e+02
4.673070443169332293e+02
4.675570748382370994e+02
4.678071053595409694e+02
4.680571358808448394e+02
4.683071664021487095e+02
4.685571969234525795e+02
4.688072274447564496e+02
4.690572579660603196e+02
4.693072884873641897e+02
4.695573190086680597e+02
4.698073495299719298e+02
4.700573800512757998e+02
4.703074105725796699e+02
4.705574410938835399e+02
4.708074716151874100e+02
4.710575021364912800e+02
4.713075326577951500e+02
4.715575631790990201e+02
4.718075937004028901e+02
4.720576242217067602e+02
4.723076547430106302e+02
4.725576852643145003e+02
4.728077157856183703e+02
4.730577463069222404e+02
4.733077768282261104e+02
4.735578073495299805e+02
4.738078378708338505e+02
4.740578683921377205e+02
4.743078989134415906e+02
4.745579294347454606e+02
4.748079599560493307e+02
4.750579904773532007e+02
4.753080209986570708e+02
4.755580515199609408e+02
4.758080820412648109e+02
4.760581125625686809e+02
4.763081430838725510e+02
4.765581736051764210e+02
4.768082041264802911e+02
4.770582346477841611e+02
4.773082651690880311e+02
4.775582956903919012e+02
4.778083262116957712e+02
4.780583567329996413e+02
4.783083872543035113e+02
4.785584177756073814e+02
4.788084482969112514e+02
4.790584788182151215e+02
4.793085093395189915e+02
4.795585398608228616e+02
4.798085703821267316e+02
4.800586009034306016e+02
4.803086314247344717e+02
4.805586619460383417e+02
4.808086924673422118e+02
4.810587229886460818e+02
4.813087535099499519e+02
4.815587840312538219e+02
4.818088145525576920e+02
4.820588450738615620e+02
4.823088755951654321e+02
4.825589061164693021e+02
4.828089366377731722e+02
4.830589671590770422e+02
4.833089976803809122e+02
4.835590282016847823e+02
4.838090587229886523e+02
4.840590892442925224e+02
4.843091197655963924e+02
4.845591502869002625e+02
4.848091808082041325e+02
4.850592113295080026e+02
4.853092418508118726e+02
4.855592723721157427e+02
4.858093028934196127e+02
4.860593334147234827e+02
4.863093639360273528e+02
4.865593944573312228e+02
4.868094249786350929e+02
4.870594554999389629e+02
4.873094860212428330e+02
4.875595165425467030e+02
4.878095470638505731e+02
4.880595775851544431e+02
4.883096081064583132e+02
4.885596386277621832e+02
4.888096691490660533e+02
4.890596996703699233e+02
4.893097301916737933e+02
4.895597607129776634e+02
4.898097912342815334e+02
4.900598217555854035e+02
4.903098522768892735e+02
4.905598827981931436e+02
4.908099133194970136e+02
4.910599438408008837e+02
4.913099743621047537e+02
4.915600048834086238e+02
4.918100354047124938e+02
4.920600659260163638e+02
4.923100964473202339e+02
4.925601269686241039e+02
4.928101574899279740e+02
4.930601880112318440e+02
4.933102185325357141e+02
4.935602490538395841e+02
4.938102795751434542e+02
4.940603100964473242e+02
4.943103406177511943e+02
4.945603711390550643e+02
4.948104016603589344e+02
4.950604321816628044e+02
4.953104627029666744e+02
4.955604932242705445e+02
4.958105237455744145e+02
4.960605542668782846e+02
4.963105847881821546e+02
4.965606153094860247e+02
4.968106458307898947e+02
4.970606763520937648e+02
4.973107068733976348e+02
4.975607373947015049e+02
4.978107679160053749e+02
4.980607984373092449e+02
4.983108289586131150e+02
4.985608594799169850e+02
4.988108900012208551e+02
4.990609205225247251e+02
4.993109510438285952e+02
4.995609815651324652e+02
4.998110120864363353e+02
5.000610426077402053e+02
5.003110731290440754e+02
5.005611036503479454e+02
5.008111341716518154e+02
5.010611646929556855e+02
5.013111952142595555e+02
5.015612257355634256e+02
5.018112562568672956e+02
5.020612867781711657e+02
5.023113172994750357e+02
5.025613478207789058e+02
5.028113783420827758e+02
5.030614088633866459e+02
5.033114393846905159e+02
5.035614699059943860e+02
5.038115004272982560e+02
5.040615309486021260e+02
5.043115614699059961e+02
5.045615919912098661e+02
5.048116225125137362e+02
5.050616530338176062e+02
5.053116835551214763e+02
5.055617140764253463e+02
5.058117445977292164e+02
5.060617751190330864e+02
5.063118056403369565e+02
5.065618361616408265e+02
5.068118666829446965e+02
5.070618972042485666e+02
5.073119277255524366e+02
5.075619582468563067e+02
5.078119887681601767e+02
5.080620192894640468e+02
5.083120498107679168e+02
5.085620803320717869e+02
5.088121108533756569e+02
5.090621413746795270e+02
5.093121718959833970e+02
5.095622024172872671e+02
5.098122329385911371e+02
5.100622634598950071e+02
5.103122939811988772e+02
5.105623245025027472e+02
5.108123550238066173e+02
5.110623855451104873e+02
5.113124160664143574e+02
5.115624465877182274e+02
5.118124771090220975e+02
5.120625076303259675e+02
5.123125381516298376e+02
5.125625686729337076e+02
5.128125991942375776e+02
5.130626297155414477e+02
5.133126602368453177e+02
5.135626907581491878e+02
5.138127212794530578e+02
5.140627518007569279e+02
5.143127823220607979e+02
5.145628128433646680e+02
5.148128433646685380e+02
5.150628738859724081e+02
5.153129044072762781e+02
5.155629349285801482e+02
5.158129654498840182e+02
5.160629959711878882e+02
5.163130264924917583e+02
5.165630570137956283e+02
5.168130875350994984e+02
5.170631180564033684e+02
5.173131485777072385e+02
5.175631790990111085e+02
5.178132096203149786e+02
5.180632401416188486e+02
5.183132706629227187e+02
5.185633011842265887e+02
5.188133317055304587e+02
5.190633622268343288e+02
5.193133927481381988e+02
5.195634232694420689e+02
5.198134537907459389e+02
5.200634843120498090e+02
5.203135148333536790e+02
5.205635453546575491e+02
5.208135758759614191e+02
5.210636063972652892e+02
5.213136369185691592e+02
5.215636674398730293e+02
5.218136979611768993e+02
5.220637284824807693e+02
5.223137590037846394e+02
5.225637895250885094e+02
5.228138200463923795e+02
5.230638505676962495e+02
5.233138810890001196e+02
5.235639116103039896e+02
5.238139421316078597e+02
5.240639726529117297e+02
5.243140031742155998e+02
5.245640336955194698e+02
5.248140642168233398e+02
5.250640947381272099e+02
5.253141252594310799e+02
5.255641557807349500e+02
5.258141863020388200e+02
5.260642168233426901e+02
5.263142473446465601e+02
5.265642778659504302e+02
5.268143083872543002e+02
5.270643389085581703e+02
5.273143694298620403e+02
5.275643999511659104e+02
5.278144304724697804e+02
5.280644609937736504e+02
5.283144915150775205e+02
5.285645220363813905e+02
5.288145525576852606e+02
5.290645830789891306e+02
5.293146136002930007e+02
5.295646441215968707e+02
5.298146746429007408e+02
5.300647051642046108e+02
5.303147356855084809e+02
5.305647662068123509e+02
5.308147967281162209e+02
5.310648272494200910e+02
5.313148577707239610e+02
5.315648882920278311e+02
5.318149188133317011e+02
5.320649493346355712e+02
5.323149798559394412e+02
5.325650103772433113e+02
5.328150408985471813e+02
5.330650714198510514e+02
5.333151019411549214e+02
5.335651324624587915e+02
5.338151629837626615e+02
5.340651935050665315e+02
5.343152240263704016e+02
5.345652545476742716e+02
5.348152850689781417e+02
5.350653155902820117e+02
5.353153461115858818e+02
5.355653766328897518e+02
5.358154071541936219e+02
5.360654376754974919e+02
5.363154681968013620e+02
5.365654987181052320e+02
5.368155292394091020e+02
5.370655597607129721e+02
5.373155902820168421e+02
5.375656208033207122e+02
5.378156513246245822e+02
5.380656818459284523e+02
5.383157123672323223e+02
5.385657428885361924e+02
5.388157734098400624e+02
5.390658039311439325e+02
5.393158344524478025e+02
5.395658649737516726e+02
5.398158954950555426e+02
5.400659260163594126e+02
5.403159565376632827e+02
5.405659870589671527e+02
5.408160175802710228e+02
5.410660481015748928e+02
5.413160786228787629e+02
5.415661091441826329e+02
5.418161396654865030e+02
5.420661701867903730e+02
5.423162007080942431e+02
5.425662312293981131e+02
5.428162617507019831e+02
5.430662922720058532e+02
5.433163227933097232e+02
5.435663533146135933e+02
5.438163838359174633e+02
5.440664143572213334e+02
5.443164448785252034e+02
5.445664753998290735e+02
5.448165059211329435e+02
5.450665364424368136e+02
5.453165669637406836e+02
5.455665974850445537e+02
5.458166280063484237e+02
5.460666585276522937e+02
5.463166890489561638e+02
5.465667195702600338e+02
5.468167500915639039e+02
5.470667806128677739e+02
5.473168111341716440e+02
5.475668416554755140e+02
5.478168721767793841e+02
5.480669026980832541e+02
5.483169332193871242e+02
5.485669637406909942e+02
5.488169942619948642e+02
5.490670247832987343e+02
5.493170553046026043e+02
5.495670858259064744e+02
5.498171163472103444e+02
5.500671468685142145e+02
5.503171773898180845e+02
5.505672079111219546e+02
5.508172384324258246e+02
5.510672689537296947e+02
5.513172994750335647e+02
5.515673299963374347e+02
5.518173605176413048e+02
5.520673910389451748e+02
5.523174215602490449e+02
5.525674520815529149e+02
5.528174826028567850e+02
5.530675131241606550e+02
5.533175436454645251e+02
5.535675741667683951e+02
5.538176046880722652e+02
5.540676352093761352e+02
5.543176657306800053e+02
5.545676962519838753e+02
5.548177267732877453e+02
5.550677572945916154e+02
5.553177878158954854e+02
5.555678183371993555e+02
5.558178488585032255e+02
5.560678793798070956e+02
5.563179099011109656e+02
5.565679404224148357e+02
5.568179709437187057e+02
5.570680014650225758e+02
5.573180319863264458e+02
5.575680625076303158e+02
5.578180930289341859e+02
5.580681235502380559e+02
5.583181540715419260e+02
5.585681845928457960e+02
5.588182151141496661e+02
5.590682456354535361e+02
5.593182761567574062e+02
5.595683066780612762e+02
5.598183371993651463e+02
5.600683677206690163e+02
5.603183982419728864e+02
5.605684287632767564e+02
5.608184592845806264e+02
5.610684898058844965e+02
5.613185203271883665e+02
5.615685508484922366e+02
5.618185813697961066e+02
5.620686118910999767e+02
5.623186424124038467e+02
5.625686729337077168e+02
5.628187034550115868e+02
5.630687339763154569e+02
5.633187644976193269e+02
5.635687950189231969e+02
5.638188255402270670e+02
5.640688560615309370e+02
5.643188865828348071e+02
5.645689171041386771e+02
5.648189476254425472e+02
5.650689781467464172e+02
5.653190086680502873e+02
5.655690391893541573e+02
5.658190697106580274e+02
5.660691002319618974e+02
5.663191307532657675e+02
5.665691612745696375e+02
5.668191917958735075e+02
5.670692223171773776e+02
5.673192528384812476e+02
5.675692833597851177e+02
5.678193138810889877e+02
5.680693444023928578e+02
5.683193749236967278e+02
5.685694054450005979e+02
5.688194359663044679e+02
5.690694664876083380e+02
5.693194970089122080e+02
5.695695275302160780e+02
5.698195580515199481e+02
5.700695885728238181e+02
5.703196190941276882e+02
5.705696496154315582e+02
5.708196801367354283e+02
5.710697106580392983e+02
5.713197411793431684e+02
5.715697717006470384e+02
5.718198022219509085e+02
5.720698327432547785e+02
5.723198632645586486e+02
5.725698937858625186e+02
5.728199243071663886e+02
5.730699548284702587e+02
5.733199853497741287e+02
5.735700158710779988e+02
5.738200463923818688e+02
5.740700769136857389e+02
5.743201074349896089e+02
5.745701379562934790e+02
5.748201684775973490e+02
5.750701989989012191e+02
5.753202295202050891e+02
5.755702600415089591e+02
5.758202905628128292e+02
5.760703210841166992e+02
5.763203516054205693e+02
5.765703821267244393e+02
5.768204126480283094e+02
5.770704431693321794e+02
5.773204736906360495e+02
5.775705042119399195e+02
5.778205347332437896e+02
5.780705652545476596e+02
5.783205957758515297e+02
5.785706262971553997e+02
5.788206568184592697e+02
5.790706873397631398e+02
5.793207178610670098e+02
5.795707483823708799e+02
5.798207789036747499e+02
5.800708094249786200e+02
5.803208399462824900e+02
5.805708704675863601e+02
5.808209009888902301e+02
5.810709315101941002e+02
5.813209620314979702e+02
5.815709925528018402e+02
5.818210230741057103e+02
5.820710535954095803e+02
5.823210841167134504e+02
5.825711146380173204e+02
5.828211451593211905e+02
5.830711756806250605e+02
5.833212062019289306e+02
5.835712367232328006e+02
5.838212672445366707e+02
5.840712977658405407e+02
5.843213282871444108e+02
5.845713588084482808e+02
5.848213893297521508e+02
5.850714198510560209e+02
5.853214503723598909e+02
5.855714808936637610e+02
5.858215114149676310e+02
5.860715419362715011e+02
5.863215724575753711e+02
5.865716029788792412e+02
5.868216335001831112e+02
5.870716640214869813e+02
5.873216945427908513e+02
5.875717250640947213e+02
5.878217555853985914e+02
5.880717861067024614e+02
5.883218166280063315e+02
5.885718471493102015e+02
5.888218776706140716e+02
5.890719081919179416e+02
5.893219387132218117e+02
5.895719692345256817e+02
5.898219997558295518e+02
5.900720302771334218e+02
5.903220607984372919e+02
5.905720913197411619e+02
5.908221218410450319e+02
5.910721523623489020e+02
5.913221828836527720e+02
5.915722134049566421e+02
5.918222439262605121e+02
5.920722744475643822e+02
5.923223049688682522e+02
5.925723354901721223e+02
5.928223660114759923e+02
5.930723965327798624e+02
5.933224270540837324e+02
5.935724575753876024e+02
5.938224880966914725e+02
5.940725186179953425e+02
5.943225491392992126e+02
5.945725796606030826e+02
5.948226101819069527e+02
5.950726407032108227e+02
5.953226712245146928e+02
5.955727017458185628e+02
5.958227322671224329e+02
5.960727627884263029e+02
5.963227933097301730e+02
5.965728238310340430e+02
5.968228543523379130e+02
5.970728848736417831e+02
5.973229153949456531e+02
5.975729459162495232e+02
5.978229764375533932e+02
5.980730069588572633e+02
5.983230374801611333e+02
5.985730680014650034e+02
5.988230985227688734e+02
5.990731290440727435e+02
5.993231595653766135e+02
5.995731900866804835e+02
5.998232206079843536e+02
6.000732511292882236e+02
6.003232816505920937e+02
6.005733121718959637e+02
6.008233426931998338e+02
6.010733732145037038e+02
6.013234037358075739e+02
6.015734342571114439e+02
6.018234647784153140e+02
6.020734952997191840e+02
6.023235258210230540e+02
6.025735563423269241e+02
6.028235868636307941e+02
6.030736173849346642e+02
6.033236479062385342e+02
6.035736784275424043e+02
6.038237089488462743e+02
6.040737394701501444e+02
6.043237699914540144e+02
6.045738005127578845e+02
6.048238310340617545e+02
6.050738615553656246e+02
6.053238920766694946e+02
6.055739225979733646e+02
6.058239531192772347e+02
6.060739836405811047e+02
6.063240141618849748e+02
6.065740446831888448e+02
6.068240752044927149e+02
6.070741057257965849e+02
6.073241362471004550e+02
6.075741667684043250e+02
6.078241972897081951e+02
6.080742278110120651e+02
6.083242583323159351e+02
6.085742888536198052e+02
6.088243193749236752e+02
6.090743498962275453e+02
6.093243804175314153e+02
6.095744109388352854e+02
6.098244414601391554e+02
6.100744719814430255e+02
6.103245025027468955e+02
6.105745330240507656e+02
6.108245635453546356e+02
6.110745940666585057e+02
6.113246245879623757e+02
6.115746551092662457e+02
6.118246856305701158e+02
6.120747161518739858e+02
6.123247466731778559e+02
6.125747771944817259e+02
6.128248077157855960e+02
6.130748382370894660e+02
6.133248687583933361e+02
6.135748992796972061e+02
6.138249298010010762e+02
6.140749603223049462e+02
6.143249908436088162e+02
6.145750213649126863e+02
6.148250518862165563e+02
6.150750824075204264e+02
6.153251129288242964e+02
6.155751434501281665e+02
6.158251739714320365e+02
6.160752044927359066e+02
6.163252350140397766e+02
6.165752655353436467e+02
6.168252960566475167e+02
6.170753265779513868e+02
6.173253570992552568e+02
6.175753876205591268e+02
6.178254181418629969e+02
6.180754486631668669e+02
6.183254791844707370e+02
6.185755097057746070e+02
6.188255402270784771e+02
6.190755707483823471e+02
6.193256012696862172e+02
6.195756317909900872e+02
6.198256623122939573e+02
6.200756928335978273e+02
6.203257233549016973e+02
6.205757538762055674e+02
6.208257843975094374e+02
6.210758149188133075e+02
6.213258454401171775e+02
6.215758759614210476e+02
6.218259064827249176e+02
6.220759370040287877e+02
6.223259675253326577e+02
6.225759980466365278e+02
6.228260285679403978e+02
6.230760590892442679e+02
6.233260896105481379e+02
6.235761201318520079e+02
6.238261506531558780e+02
6.240761811744597480e+02
6.243262116957636181e+02
6.245762422170674881e+02
6.248262727383713582e+02
6.250763032596752282e+02
6.253263337809790983e+02
6.255763643022829683e+02
6.258263948235868384e+02
6.260764253448907084e+02
6.263264558661945784e+02
6.265764863874984485e+02
6.268265169088023185e+02
6.270765474301061886e+02
6.273265779514100586e+02
6.275766084727139287e+02
6.278266389940177987e+02
6.280766695153216688e+02
6.283267000366255388e+02
6.285767305579294089e+02
6.288267610792332789e+02
6.290767916005371490e+02
6.293268221218410190e+02
6.295768526431448890e+02
6.298268831644487591e+02
6.300769136857526291e+02
6.303269442070564992e+02
6.305769747283603692e+02
6.308270052496642393e+02
6.310770357709681093e+02
6.313270662922719794e+02
6.315770968135758494e+02
6.318271273348797195e+02
6.320771578561835895e+02
6.323271883774874595e+02
6.325772188987913296e+02
6.328272494200951996e+02
6.330772799413990697e+02
6.333273104627029397e+02
6.335773409840068098e+02
6.338273715053106798e+02
6.340774020266145499e+02
6.343274325479184199e+02
6.345774630692222900e+02
6.348274935905261600e+02
6.350775241118300301e+02
6.353275546331339001e+02
6.355775851544377701e+02
6.358276156757416402e+02
6.360776461970455102e+02
6.363276767183493803e+02
6.365777072396532503e+02
6.368277377609571204e+02
6.370777682822609904e+02
6.373277988035648605e+02
6.375778293248687305e+02
6.378278598461726006e+02
6.380778903674764706e+02
6.383279208887803406e+02
6.385779514100842107e+02
6.388279819313880807e+02
6.390780124526919508e+02
6.393280429739958208e+02
6.395780734952996909e+02
6.398281040166035609e+02
6.400781345379074310e+02
6.403281650592113010e+02
6.405781955805151711e+02
6.408282261018190411e+02
6.410782566231229112e+02
6.413282871444267812e+02
6.415783176657306512e+02
6.418283481870345213e+02
6.420783787083383913e+02
6.423284092296422614e+02
6.425784397509461314e+02
6.428284702722500015e+02
6.430785007935538715e+02
6.433285313148577416e+02
6.435785618361616116e+02
6.438285923574654817e+02
6.440786228787693517e+02
6.443286534000732217e+02
6.445786839213770918e+02
6.448287144426809618e+02
6.450787449639848319e+02
6.453287754852887019e+02
6.455788060065925720e+02
6.458288365278964420e+02
6.460788670492003121e+02
6.463288975705041821e+02
6.465789280918080522e+02
6.468289586131119222e+02
6.470789891344157923e+02
6.473290196557196623e+02
6.475790501770235323e+02
6.478290806983274024e+02
6.480791112196312724e+02
6.483291417409351425e+02
6.485791722622390125e+02
6.488292027835428826e+02
6.490792333048467526e+02
6.493292638261506227e+02
6.495792943474544927e+02
6.498293248687583628e+02
6.500793553900622328e+02
6.503293859113661028e+02
6.505794164326699729e+02
6.508294469539738429e+02
6.510794774752777130e+02
6.513295079965815830e+02
6.515795385178854531e+02
6.518295690391893231e+02
6.520795995604931932e+02
6.523296300817970632e+02
6.525796606031009333e+02
6.528296911244048033e+02
6.530797216457086733e+02
6.533297521670125434e+02
6.535797826883164134e+02
6.538298132096202835e+02
6.540798437309241535e+02
6.543298742522280236e+02
6.545799047735318936e+02
6.548299352948357637e+02
6.550799658161396337e+02
6.553299963374435038e+02
6.555800268587473738e+02
6.558300573800512439e+02
6.560800879013551139e+02
6.563301184226589839e+02
6.565801489439628540e+02
6.568301794652667240e+02
6.570802099865705941e+02
6.573302405078744641e+02
6.575802710291783342e+02
6.578303015504822042e+02
6.580803320717860743e+02
6.583303625930899443e+02
6.585803931143938144e+02
6.588304236356976844e+02
6.590804541570015544e+02
6.593304846783054245e+02
6.595805151996092945e+02
6.598305457209131646e+02
6.600805762422170346e+02
6.603306067635209047e+02
6.605806372848247747e+02
6.608306678061286448e+02
6.610806983274325148e+02
6.613307288487363849e+02
6.615807593700402549e+02
6.618307898913441250e+02
6.620808204126479950e+02
6.623308509339518650e+02
6.625808814552557351e+02
6.628309119765596051e+02
6.630809424978634752e+02
6.633309730191673452e+02
6.635810035404712153e+02
6.638310340617750853e+02
6.640810645830789554e+02
6.643310951043828254e+02
6.645811256256866955e+02
6.648311561469905655e+02
6.650811866682944355e+02
6.653312171895983056e+02
6.655812477109021756e+02
6.658312782322060457e+02
6.660813087535099157e+02
6.663313392748137858e+02
6.665813697961176558e+02
6.668314003174215259e+02
6.670814308387253959e+02
6.673314613600292660e+02
6.675814918813331360e+02
6.678315224026370061e+02
6.680815529239408761e+02
6.683315834452447461e+02
6.685816139665486162e+02
6.688316444878524862e+02
6.690816750091563563e+02
6.693317055304602263e+02
6.695817360517640964e+02
6.698317665730679664e+02
6.700817970943718365e+02
6.703318276156757065e+02
6.705818581369795766e+02
6.708318886582834466e+02
6.710819191795873166e+02
6.713319497008911867e+02
6.715819802221950567e+02
6.718320107434989268e+02
6.720820412648027968e+02
6.723320717861066669e+02
6.725821023074105369e+02
6.728321328287144070e+02
6.730821633500182770e+02
6.733321938713221471e+02
6.735822243926260171e+02
6.738322549139298872e+02
6.740822854352337572e+02
6.743323159565376272e+02
6.745823464778414973e+02
6.748323769991453673e+02
6.750824075204492374e+02
6.753324380417531074e+02
6.755824685630569775e+02
6.758324990843608475e+02
6.760825296056647176e+02
6.763325601269685876e+02
6.765825906482724577e+02
6.768326211695763277e+02
6.770826516908801977e+02
6.773326822121840678e+02
6.775827127334879378e+02
6.778327432547918079e+02
6.780827737760956779e+02
6.783328042973995480e+02
6.785828348187034180e+02
6.788328653400072881e+02
6.790828958613111581e+02
6.793329263826150282e+02
6.795829569039188982e+02
6.798329874252227683e+02
6.800830179465266383e+02
6.803330484678305083e+02
6.805830789891343784e+02
6.808331095104382484e+02
6.810831400317421185e+02
6.813331705530459885e+02
6.815832010743498586e+02
6.818332315956537286e+02
6.820832621169575987e+02
6.823332926382614687e+02
6.825833231595653388e+02
6.828333536808692088e+02
6.830833842021730788e+02
6.833334147234769489e+02
6.835834452447808189e+02
6.838334757660846890e+02
6.840835062873885590e+02
6.843335368086924291e+02
6.845835673299962991e+02
6.848335978513001692e+02
6.850836283726040392e+02
6.853336588939079093e+02
6.855836894152117793e+02
6.858337199365156494e+02
6.860837504578195194e+02
6.863337809791233894e+02
6.865838115004272595e+02
6.868338420217311295e+02
6.870838725430349996e+02
6.873339030643388696e+02
6.875839335856427397e+02
6.878339641069466097e+02
6.880839946282504798e+02
6.883340251495543498e+02
6.885840556708582199e+02
6.888340861921620899e+02
6.890841167134659599e+02
6.893341472347698300e+02
6.895841777560737000e+02
6.898342082773775701e+02
6.900842387986814401e+02
6.903342693199853102e+02
6.905842998412891802e+02
6.908343303625930503e+02
6.910843608838969203e+02
6.913343914052007904e+02
6.915844219265046604e+02
6.918344524478085305e+02
6.920844829691124005e+02
6.923345134904162705e+02
6.925845440117201406e+02
6.928345745330240106e+02
6.930846050543278807e+02
6.933346355756317507e+02
6.935846660969356208e+02
6.938346966182394908e+02
6.940847271395433609e+02
6.943347576608472309e+02
6.945847881821511010e+02
6.948348187034549710e+02
6.950848492247588410e+02
6.953348797460627111e+02
6.955849102673665811e+02
6.958349407886704512e+02
6.960849713099743212e+02
6.963350018312781913e+02
6.965850323525820613e+02
6.968350628738859314e+02
6.970850933951898014e+02
6.973351239164936715e+02
6.975851544377975415e+02
6.978351849591014116e+02
6.980852154804052816e+02
6.983352460017091516e+02
6.985852765230130217e+02
6.988353070443168917e+02
6.990853375656207618e+02
6.993353680869246318e+02
6.995853986082285019e+02
6.998354291295323719e+02
7.000854596508362420e+02
7.003354901721401120e+02
7.005855206934439821e+02
7.008355512147478521e+02
7.010855817360517221e+02
7.013356122573555922e+02
7.015856427786594622e+02
7.018356732999633323e+02
7.020857038212672023e+02
7.023357343425710724e+02
7.025857648638749424e+02
7.028357953851788125e+02
7.030858259064826825e+02
7.033358564277865526e+02
7.035858869490904226e+02
7.038359174703942926e+02
7.040859479916981627e+02
7.043359785130020327e+02
7.045860090343059028e+02
7.048360395556097728e+02
7.050860700769136429e+02
7.053361005982175129e+02
7.055861311195213830e+02
7.058361616408252530e+02
7.060861921621291231e+02
7.063362226834329931e+02
7.065862532047368632e+02
7.068362837260407332e+02
7.070863142473446032e+02
7.073363447686484733e+02
7.075863752899523433e+02
7.078364058112562134e+02
7.080864363325600834e+02
7.083364668538639535e+02
7.085864973751678235e+02
7.088365278964716936e+02
7.090865584177755636e+02
7.093365889390794337e+02
7.095866194603833037e+02
7.098366499816871737e+02
7.100866805029910438e+02
7.103367110242949138e+02
7.105867415455987839e+02
7.108367720669026539e+02
7.110868025882065240e+02
7.113368331095103940e+02
7.115868636308142641e+02
7.118368941521181341e+02
7.120869246734220042e+02
7.123369551947258742e+02
7.125869857160297443e+02
7.128370162373336143e+02
7.130870467586374843e+02
7.133370772799413544e+02
7.135871078012452244e+02
7.138371383225490945e+02
7.140871688438529645e+02
7.143371993651568346e+02
7.145872298864607046e+02
7.148372604077645747e+02
7.150872909290684447e+02
7.153373214503723148e+02
7.155873519716761848e+02
7.158373824929800548e+02
7.160874130142839249e+02
7.163374435355877949e+02
7.165874740568916650e+02
7.168375045781955350e+02
7.170875350994994051e+02
7.173375656208032751e+02
7.175875961421071452e+02
7.178376266634110152e+02
7.180876571847148853e+02
7.183376877060187553e+02
7.185877182273226254e+02
7.188377487486264954e+02
7.190877792699303654e+02
7.193378097912342355e+02
7.195878403125381055e+02
7.198378708338419756e+02
7.200879013551458456e+02
7.203379318764497157e+02
7.205879623977535857e+02
7.208379929190574558e+02
7.210880234403613258e+02
7.213380539616651959e+02
7.215880844829690659e+02
7.218381150042729359e+02
7.220881455255768060e+02
7.223381760468806760e+02
7.225882065681845461e+02
7.228382370894884161e+02
7.230882676107922862e+02
7.233382981320961562e+02
7.235883286534000263e+02
7.238383591747038963e+02
7.240883896960077664e+02
7.243384202173116364e+02
7.245884507386155065e+02
7.248384812599193765e+02
7.250885117812232465e+02
7.253385423025271166e+02
7.255885728238309866e+02
7.258386033451348567e+02
7.260886338664387267e+02
7.263386643877425968e+02
7.265886949090464668e+02
7.268387254303503369e+02
7.270887559516542069e+02
7.273387864729580770e+02
7.275888169942619470e+02
7.278388475155658170e+02
7.280888780368696871e+02
7.283389085581735571e+02
7.285889390794774272e+02
7.288389696007812972e+02
7.290890001220851673e+02
7.293390306433890373e+02
7.295890611646929074e+02
7.298390916859967774e+02
7.300891222073006475e+02
7.303391527286045175e+02
7.305891832499083876e+02
7.308392137712122576e+02
7.310892442925161276e+02
7.313392748138199977e+02
7.315893053351238677e+02
7.318393358564277378e+02
7.320893663777316078e+02
7.323393968990354779e+02
7.325894274203393479e+02
7.328394579416432180e+02
7.330894884629470880e+02
7.333395189842509581e+02
7.335895495055548281e+02
7.338395800268586981e+02
7.340896105481625682e+02
7.343396410694664382e+02
7.345896715907703083e+02
7.348397021120741783e+02
7.350897326333780484e+02
7.353397631546819184e+02
7.355897936759857885e+02
7.358398241972896585e+02
7.360898547185935286e+02
7.363398852398973986e+02
7.365899157612012687e+02
7.368399462825051387e+02
7.370899768038090087e+02
7.373400073251128788e+02
7.375900378464167488e+02
7.378400683677206189e+02
7.380900988890244889e+02
7.383401294103283590e+02
7.385901599316322290e+02
7.388401904529360991e+02
7.390902209742399691e+02
7.393402514955438392e+02
7.395902820168477092e+02
7.398403125381515792e+02
7.400903430594554493e+02
7.403403735807593193e+02
7.405904041020631894e+02
7.408404346233670594e+02
7.410904651446709295e+02
7.413404956659747995e+02
7.415905261872786696e+02
7.418405567085825396e+02
7.420905872298864097e+02
7.423406177511902797e+02
7.425906482724941498e+02
7.428406787937980198e+02
7.430907093151018898e+02
7.433407398364057599e+02
7.435907703577096299e+02
7.438408008790135000e+02
7.440908314003173700e+02
7.443408619216212401e+02
7.445908924429251101e+02
7.448409229642289802e+02
7.450909534855328502e+02
7.453409840068367203e+02
7.455910145281405903e+02
7.458410450494444603e+02
7.460910755707483304e+02
7.463411060920522004e+02
7.465911366133560705e+02
7.468411671346599405e+02
7.470911976559638106e+02
7.473412281772676806e+02
7.475912586985715507e+02
7.478412892198754207e+02
7.480913197411792908e+02
7.483413502624831608e+02
7.485913807837870309e+02
7.488414113050909009e+02
7.490914418263947709e+02
7.493414723476986410e+02
7.495915028690025110e+02
7.498415333903063811e+02
7.500915639116102511e+02
7.503415944329141212e+02
7.505916249542179912e+02
7.508416554755218613e+02
7.510916859968257313e+02
7.513417165181296014e+02
7.515917470394334714e+02
7.518417775607373414e+02
7.520918080820412115e+02
7.523418386033450815e+02
7.525918691246489516e+02
7.528418996459528216e+02
7.530919301672566917e+02
7.533419606885605617e+02
7.535919912098644318e+02
7.538420217311683018e+02
7.540920522524721719e+02
7.543420827737760419e+02
7.545921132950799119e+02
7.548421438163837820e+02
7.550921743376876520e+02
7.553422048589915221e+02
7.555922353802953921e+02
7.558422659015992622e+02
7.560922964229031322e+02
7.563423269442070023e+02
7.565923574655108723e+02
7.568423879868147424e+02
7.570924185081186124e+02
7.573424490294224825e+02
7.575924795507263525e+02
7.578425100720302225e+02
7.580925405933340926e+02
7.583425711146379626e+02
7.585926016359418327e+02
7.588426321572457027e+02
7.590926626785495728e+02
7.593426931998534428e+02
7.595927237211573129e+02
7.598427542424611829e+02
7.600927847637650530e+02
7.603428152850689230e+02
7.605928458063727930e+02
7.608428763276766631e+02
7.610929068489805331e+02
7.613429373702844032e+02
7.615929678915882732e+02
7.618429984128921433e+02
7.620930289341960133e+02
7.623430594554998834e+02
7.625930899768037534e+02
7.628431204981076235e+02
7.630931510194114935e+02
7.633431815407153636e+02
7.635932120620192336e+02
7.638432425833231036e+02
7.640932731046269737e+02
7.643433036259308437e+02
7.645933341472347138e+02
7.648433646685385838e+02
7.650933951898424539e+02
7.653434257111463239e+02
7.655934562324501940e+02
7.658434867537540640e+02
7.660935172750579341e+02
7.663435477963618041e+02
7.665935783176656741e+02
7.668436088389695442e+02
7.670936393602734142e+02
7.673436698815772843e+02
7.675937004028811543e+02
7.678437309241850244e+02
7.680937614454890081e+02
7.683437919667928782e+02
7.685938224880967482e+02
7.688438530094006182e+02
7.690938835307044883e+02
7.693439140520083583e+02
7.695939445733122284e+02
7.698439750946160984e+02
7.700940056159199685e+02
7.703440361372238385e+02
7.705940666585277086e+02
7.708440971798315786e+02
7.710941277011354487e+02
7.713441582224393187e+02
7.715941887437431888e+02
7.718442192650470588e+02
7.720942497863509288e+02
7.723442803076547989e+02
7.725943108289586689e+02
7.728443413502625390e+02
7.730943718715664090e+02
7.733444023928702791e+02
7.735944329141741491e+02
7.738444634354780192e+02
7.740944939567818892e+02
7.743445244780857593e+02
7.745945549993896293e+02
7.748445855206934993e+02
7.750946160419973694e+02
7.753446465633012394e+02
7.755946770846051095e+02
7.758447076059089795e+02
7.760947381272128496e+02
7.763447686485167196e+02
7.765947991698205897e+02
7.768448296911244597e+02
7.770948602124283298e+02
7.773448907337321998e+02
7.775949212550360699e+02
7.778449517763399399e+02
7.780949822976438099e+02
7.783450128189476800e+02
7.785950433402515500e+02
7.788450738615554201e+02
7.790951043828592901e+02
7.793451349041631602e+02
7.795951654254670302e+02
7.798451959467709003e+02
7.800952264680747703e+02
7.803452569893786404e+02
7.805952875106825104e+02
7.808453180319863804e+02
7.810953485532902505e+02
7.813453790745941205e+02
7.815954095958979906e+02
7.818454401172018606e+02
7.820954706385057307e+02
7.823455011598096007e+02
7.825955316811134708e+02
7.828455622024173408e+02
7.830955927237212109e+02
7.833456232450250809e+02
7.835956537663289510e+02
7.838456842876328210e+02
7.840957148089366910e+02
7.843457453302405611e+02
7.845957758515444311e+02
7.848458063728483012e+02
7.850958368941521712e+02
7.853458674154560413e+02
7.855958979367599113e+02
7.858459284580637814e+02
7.860959589793676514e+02
7.863459895006715215e+02
7.865960200219753915e+02
7.868460505432792615e+02
7.870960810645831316e+02
7.873461115858870016e+02
7.875961421071908717e+02
7.878461726284947417e+02
7.880962031497986118e+02
7.883462336711024818e+02
7.885962641924063519e+02
7.888462947137102219e+02
7.890963252350140920e+02
7.893463557563179620e+02
7.895963862776218321e+02
7.898464167989257021e+02
7.900964473202295721e+02
7.903464778415334422e+02
7.905965083628373122e+02
7.908465388841411823e+02
7.910965694054450523e+02
7.913465999267489224e+02
7.915966304480527924e+02
7.918466609693566625e+02
7.920966914906605325e+02
7.923467220119644026e+02
7.925967525332682726e+02
7.928467830545721426e+02
7.930968135758760127e+02
7.933468440971798827e+02
7.935968746184837528e+02
7.938469051397876228e+02
7.940969356610914929e+02
7.943469661823953629e+02
7.945969967036992330e+02
7.948470272250031030e+02
7.950970577463069731e+02
7.953470882676108431e+02
7.955971187889147132e+02
7.958471493102185832e+02
7.960971798315224532e+02
7.963472103528263233e+02
7.965972408741301933e+02
7.968472713954340634e+02
7.970973019167379334e+02
7.973473324380418035e+02
7.975973629593456735e+02
7.978473934806495436e+02
7.980974240019534136e+02
7.983474545232572837e+02
7.985974850445611537e+02
7.988475155658650237e+02
7.990975460871688938e+02
7.993475766084727638e+02
7.995976071297766339e+02
7.998476376510805039e+02
8.000976681723843740e+02
8.003476986936882440e+02
8.005977292149921141e+02
8.008477597362959841e+02
8.010977902575998542e+02
8.013478207789037242e+02
8.015978513002075942e+02
8.018478818215114643e+02
8.020979123428153343e+02
8.023479428641192044e+02
8.025979733854230744e+02
8.028480039067269445e+02
8.030980344280308145e+02
8.033480649493346846e+02
8.035980954706385546e+02
8.038481259919424247e+02
8.040981565132462947e+02
8.043481870345501648e+02
8.045982175558540348e+02
8.048482480771579048e+02
8.050982785984617749e+02
8.053483091197656449e+02
8.055983396410695150e+02
8.058483701623733850e+02
8.060984006836772551e+02
8.063484312049811251e+02
8.065984617262849952e+02
8.068484922475888652e+02
8.070985227688927353e+02
8.073485532901966053e+02
8.075985838115004753e+02
8.078486143328043454e+02
8.080986448541082154e+02
8.083486753754120855e+02
8.085987058967159555e+02
8.088487364180198256e+02
8.090987669393236956e+02
8.093487974606275657e+02
8.095988279819314357e+02
8.098488585032353058e+02
8.100988890245391758e+02
8.103489195458430459e+02
8.105989500671469159e+02
8.108489805884507859e+02
8.110990111097546560e+02
8.113490416310585260e+02
8.115990721523623961e+02
8.118491026736662661e+02
8.120991331949701362e+02
8.123491637162740062e+02
8.125991942375778763e+02
8.128492247588817463e+02
8.130992552801856164e+02
8.133492858014894864e+02
8.135993163227933564e+02
8.138493468440972265e+02
8.140993773654010965e+02
8.143494078867049666e+02
8.145994384080088366e+02
8.148494689293127067e+02
8.150994994506165767e+02
8.153495299719204468e+02
8.155995604932243168e+02
8.158495910145281869e+02
8.160996215358320569e+02
8.163496520571359270e+02
8.165996825784397970e+02
8.168497130997436670e+02
8.170997436210475371e+02
8.173497741423514071e+02
8.175998046636552772e+02
8.178498351849591472e+02
8.180998657062630173e+02
8.183498962275668873e+02
8.185999267488707574e+02
8.188499572701746274e+02
8.190999877914784975e+02
8.193500183127823675e+02
8.196000488340862375e+02
8.198500793553901076e+02
8.201001098766939776e+02
8.203501403979978477e+02
8.206001709193017177e+02
8.208502014406055878e+02
8.211002319619094578e+02
8.213502624832133279e+02
8.216002930045171979e+02
8.218503235258210680e+02
8.221003540471249380e+02
8.223503845684288081e+02
8.226004150897326781e+02
8.228504456110365481e+02
8.231004761323404182e+02
8.233505066536442882e+02
8.236005371749481583e+02
8.238505676962520283e+02
8.241005982175558984e+02
8.243506287388597684e+02
8.246006592601636385e+02
8.248506897814675085e+02
8.251007203027713786e+02
8.253507508240752486e+02
8.256007813453791186e+02
8.258508118666829887e+02
8.261008423879868587e+02
8.263508729092907288e+02
8.266009034305945988e+02
8.268509339518984689e+02
8.271009644732023389e+02
8.273509949945062090e+02
8.276010255158100790e+02
8.278510560371139491e+02
8.281010865584178191e+02
8.283511170797216892e+02
8.286011476010255592e+02
8.288511781223294292e+02
8.291012086436332993e+02
8.293512391649371693e+02
8.296012696862410394e+02
8.298513002075449094e+02
8.301013307288487795e+02
8.303513612501526495e+02
8.306013917714565196e+02
8.308514222927603896e+02
8.311014528140642597e+02
8.313514833353681297e+02
8.316015138566719997e+02
8.318515443779758698e+02
8.321015748992797398e+02
8.323516054205836099e+02
8.326016359418874799e+02
8.328516664631913500e+02
8.331016969844952200e+02
8.333517275057990901e+02
8.336017580271029601e+02
8.338517885484068302e+02
8.341018190697107002e+02
8.343518495910145703e+02
8.346018801123184403e+02
8.348519106336223103e+02
8.351019411549261804e+02
8.353519716762300504e+02
8.356020021975339205e+02
8.358520327188377905e+02
8.361020632401416606e+02
8.363520937614455306e+02
8.366021242827494007e+02
8.368521548040532707e+02
8.371021853253571408e+02
8.373522158466610108e+02
8.376022463679648808e+02
8.378522768892687509e+02
8.381023074105726209e+02
8.383523379318764910e+02
8.386023684531803610e+02
8.388523989744842311e+02
8.391024294957881011e+02
8.393524600170919712e+02
8.396024905383958412e+02
8.398525210596997113e+02
8.401025515810035813e+02
8.403525821023074514e+02
8.406026126236113214e+02
8.408526431449151914e+02
8.411026736662190615e+02
8.413527041875229315e+02
8.416027347088268016e+02
8.418527652301306716e+02
8.421027957514345417e+02
8.423528262727384117e+02
8.426028567940422818e+02
8.428528873153461518e+02
8.431029178366500219e+02
8.433529483579538919e+02
8.436029788792577619e+02
8.438530094005616320e+02
8.441030399218655020e+02
8.443530704431693721e+02
8.446031009644732421e+02
8.448531314857771122e+02
8.451031620070809822e+02
8.453531925283848523e+02
8.456032230496887223e+02
8.458532535709925924e+02
8.461032840922964624e+02
8.463533146136003325e+02
8.466033451349042025e+02
8.468533756562080725e+02
8.471034061775119426e+02
8.473534366988158126e+02
8.476034672201196827e+02
8.478534977414235527e+02
8.481035282627274228e+02
8.483535587840312928e+02
8.486035893053351629e+02
8.488536198266390329e+02
8.491036503479429030e+02
8.493536808692467730e+02
8.496037113905506430e+02
8.498537419118545131e+02
8.501037724331583831e+02
8.503538029544622532e+02
8.506038334757661232e+02
8.508538639970699933e+02
8.511038945183738633e+02
8.513539250396777334e+02
8.516039555609816034e+02
8.518539860822854735e+02
8.521040166035893435e+02
8.523540471248932135e+02
8.526040776461970836e+02
8.528541081675009536e+02
8.531041386888048237e+02
8.533541692101086937e+02
8.536041997314125638e+02
8.538542302527164338e+02
8.541042607740203039e+02
8.543542912953241739e+02
8.546043218166280440e+02
8.548543523379319140e+02
8.551043828592357841e+02
8.553544133805396541e+02
8.556044439018435241e+02
8.558544744231473942e+02
8.561045049444512642e+02
8.563545354657551343e+02
8.566045659870590043e+02
8.568545965083628744e+02
8.571046270296667444e+02
8.573546575509706145e+02
8.576046880722744845e+02
8.578547185935783546e+02
8.581047491148822246e+02
8.583547796361860946e+02
8.586048101574899647e+02
8.588548406787938347e+02
8.591048712000977048e+02
8.593549017214015748e+02
8.596049322427054449e+02
8.598549627640093149e+02
8.601049932853131850e+02
8.603550238066170550e+02
8.606050543279209251e+02
8.608550848492247951e+02
8.611051153705286652e+02
8.613551458918325352e+02
8.616051764131364052e+02
8.618552069344402753e+02
8.621052374557441453e+02
8.623552679770480154e+02
8.626052984983518854e+02
8.628553290196557555e+02
8.631053595409596255e+02
8.633553900622634956e+02
8.636054205835673656e+02
8.638554511048712357e+02
8.641054816261751057e+02
8.643555121474789757e+02
8.646055426687828458e+02
8.648555731900867158e+02
8.651056037113905859e+02
8.653556342326944559e+02
8.656056647539983260e+02
8.658556952753021960e+02
8.661057257966060661e+02
8.663557563179099361e+02
8.666057868392138062e+02
8.668558173605176762e+02
8.671058478818215463e+02
8.673558784031254163e+02
8.676059089244292863e+02
8.678559394457331564e+02
8.681059699670370264e+02
8.683560004883408965e+02
8.686060310096447665e+02
8.688560615309486366e+02
8.691060920522525066e+02
8.693561225735563767e+02
8.696061530948602467e+02
8.698561836161641168e+02
8.701062141374679868e+02
8.703562446587718568e+02
8.706062751800757269e+02
8.708563057013795969e+02
8.711063362226834670e+02
8.713563667439873370e+02
8.716063972652912071e+02
8.718564277865950771e+02
8.721064583078989472e+02
8.723564888292028172e+02
8.726065193505066873e+02
8.728565498718105573e+02
8.731065803931144274e+02
8.733566109144182974e+02
8.736066414357221674e+02
8.738566719570260375e+02
8.741067024783299075e+02
8.743567329996337776e+02
8.746067635209376476e+02
8.748567940422415177e+02
8.751068245635453877e+02
8.753568550848492578e+02
8.756068856061531278e+02
8.758569161274569979e+02
8.761069466487608679e+02
8.763569771700647379e+02
8.766070076913686080e+02
8.768570382126724780e+02
8.771070687339763481e+02
8.773570992552802181e+02
8.776071297765840882e+02
8.778571602978879582e+02
8.781071908191918283e+02
8.783572213404956983e+02
8.786072518617995684e+02
8.788572823831034384e+02
8.791073129044073085e+02
8.793573434257111785e+02
8.796073739470150485e+02
8.798574044683189186e+02
8.801074349896227886e+02
8.803574655109266587e+02
8.806074960322305287e+02
8.808575265535343988e+02
8.811075570748382688e+02
8.813575875961421389e+02
8.816076181174460089e+02
8.818576486387498790e+02
8.821076791600537490e+02
8.823577096813576190e+02
8.826077402026614891e+02
8.828577707239653591e+02
8.831078012452692292e+02
8.833578317665730992e+02
8.836078622878769693e+02
8.838578928091808393e+02
8.841079233304847094e+02
8.843579538517885794e+02
8.846079843730924495e+02
8.848580148943963195e+02
8.851080454157001896e+02
8.853580759370040596e+02
8.856081064583079296e+02
8.858581369796117997e+02
8.861081675009156697e+02
8.863581980222195398e+02
8.866082285435234098e+02
8.868582590648272799e+02
8.871082895861311499e+02
8.873583201074350200e+02
8.876083506287388900e+02
8.878583811500427601e+02
8.881084116713466301e+02
8.883584421926505001e+02
8.886084727139543702e+02
8.888585032352582402e+02
8.891085337565621103e+02
8.893585642778659803e+02
8.896085947991698504e+02
8.898586253204737204e+02
8.901086558417775905e+02
8.903586863630814605e+02
8.906087168843853306e+02
8.908587474056892006e+02
8.911087779269930707e+02
8.913588084482969407e+02
8.916088389696008107e+02
8.918588694909046808e+02
8.921089000122085508e+02
8.923589305335124209e+02
8.926089610548162909e+02
8.928589915761201610e+02
8.931090220974240310e+02
8.933590526187279011e+02
8.936090831400317711e+02
8.938591136613356412e+02
8.941091441826395112e+02
8.943591747039433812e+02
8.946092052252472513e+02
8.948592357465511213e+02
8.951092662678549914e+02
8.953592967891588614e+02
8.956093273104627315e+02
8.958593578317666015e+02
8.961093883530704716e+02
8.963594188743743416e+02
8.966094493956782117e+02
8.968594799169820817e+02
8.971095104382859518e+02
8.973595409595898218e+02
8.976095714808936918e+02
8.978596020021975619e+02
8.981096325235014319e+02
8.983596630448053020e+02
8.986096935661091720e+02
8.988597240874130421e+02
8.991097546087169121e+02
8.993597851300207822e+02
8.996098156513246522e+02
8.998598461726285223e+02
9.001098766939323923e+02
9.003599072152362623e+02
9.006099377365401324e+02
9.008599682578440024e+02
9.011099987791478725e+02
9.013600293004517425e+02
9.016100598217556126e+02
9.018600903430594826e+02
9.021101208643633527e+02
9.023601513856672227e+02
9.026101819069710928e+02
9.028602124282749628e+02
9.031102429495788328e+02
9.033602734708827029e+02
9.036103039921865729e+02
9.038603345134904430e+02
9.041103650347943130e+02
9.043603955560981831e+02
9.046104260774020531e+02
9.048604565987059232e+02
9.051104871200097932e+02
9.053605176413136633e+02
9.056105481626175333e+02
9.058605786839214034e+02
9.061106092052252734e+02
9.063606397265291434e+02
9.066106702478330135e+02
9.068607007691368835e+02
9.071107312904407536e+02
9.073607618117446236e+02
9.076107923330484937e+02
9.078608228543523637e+02
9.081108533756562338e+02
9.083608838969601038e+02
9.086109144182639739e+02
9.088609449395678439e+02
9.091109754608717139e+02
9.093610059821755840e+02
9.096110365034794540e+02
9.098610670247833241e+02
9.101110975460871941e+02
9.103611280673910642e+02
9.106111585886949342e+02
9.108611891099988043e+02
9.111112196313026743e+02
9.113612501526065444e+02
9.116112806739104144e+02
9.118613111952142845e+02
9.121113417165181545e+02
9.123613722378220245e+02
9.126114027591258946e+02
9.128614332804297646e+02
9.131114638017336347e+02
9.133614943230375047e+02
9.136115248443413748e+02
9.138615553656452448e+02
9.141115858869491149e+02
9.143616164082529849e+02
9.146116469295568550e+02
9.148616774508607250e+02
9.151117079721645950e+02
9.153617384934684651e+02
9.156117690147723351e+02
9.158617995360762052e+02
9.161118300573800752e+02
9.163618605786839453e+02
9.166118910999878153e+02
9.168619216212916854e+02
9.171119521425955554e+02
9.173619826638994255e+02
9.176120131852032955e+02
9.178620437065071656e+02
9.181120742278110356e+02
9.183621047491149056e+02
9.186121352704187757e+02
9.188621657917226457e+02
9.191121963130265158e+02
9.193622268343303858e+02
9.196122573556342559e+02
9.198622878769381259e+02
9.201123183982419960e+02
9.203623489195458660e+02
9.206123794408497361e+02
9.208624099621536061e+02
9.211124404834574761e+02
9.213624710047613462e+02
9.216125015260652162e+02
9.218625320473690863e+02
9.221125625686729563e+02
9.223625930899768264e+02
9.226126236112806964e+02
9.228626541325845665e+02
9.231126846538884365e+02
9.233627151751923066e+02
9.236127456964961766e+02
9.238627762178000467e+02
9.241128067391039167e+02
9.243628372604077867e+02
9.246128677817116568e+02
9.248628983030155268e+02
9.251129288243193969e+02
9.253629593456232669e+02
9.256129898669271370e+02
9.258630203882310070e+02
9.261130509095348771e+02
9.263630814308387471e+02
9.266131119521426172e+02
9.268631424734464872e+02
9.271131729947503572e+02
9.273632035160542273e+02
9.276132340373580973e+02
9.278632645586619674e+02
9.281132950799658374e+02
9.283633256012697075e+02
9.286133561225735775e+02
9.288633866438774476e+02
9.291134171651813176e+02
9.293634476864851877e+02
9.296134782077890577e+02
9.298635087290929278e+02
9.301135392503967978e+02
9.303635697717006678e+02
9.306136002930045379e+02
9.308636308143084079e+02
9.311136613356122780e+02
9.313636918569161480e+02
9.316137223782200181e+02
9.318637528995238881e+02
9.321137834208277582e+02
9.323638139421316282e+02
9.326138444634354983e+02
9.328638749847393683e+02
9.331139055060432383e+02
9.333639360273471084e+02
9.336139665486509784e+02
9.338639970699548485e+02
9.341140275912587185e+02
9.343640581125625886e+02
9.346140886338664586e+02
9.348641191551703287e+02
9.351141496764741987e+02
9.353641801977780688e+02
9.356142107190819388e+02
9.358642412403858089e+02
9.361142717616896789e+02
9.363643022829935489e+02
9.366143328042974190e+02
9.368643633256012890e+02
9.371143938469051591e+02
9.373644243682090291e+02
9.376144548895128992e+02
9.378644854108167692e+02
9.381145159321206393e+02
9.383645464534245093e+02
9.386145769747283794e+02
9.388646074960322494e+02
9.391146380173361194e+02
9.393646685386399895e+02
9.396146990599438595e+02
9.398647295812477296e+02
9.401147601025515996e+02
9.403647906238554697e+02
9.406148211451593397e+02
9.408648516664632098e+02
9.411148821877670798e+02
9.413649127090709499e+02
9.416149432303748199e+02
9.418649737516786900e+02
9.421150042729825600e+02
9.423650347942864300e+02
9.426150653155903001e+02
9.428650958368941701e+02
9.431151263581980402e+02
9.433651568795019102e+02
9.436151874008057803e+02
9.438652179221096503e+02
9.441152484434135204e+02
9.443652789647173904e+02
9.446153094860212605e+02
9.448653400073251305e+02
9.451153705286290005e+02
9.453654010499328706e+02
9.456154315712367406e+02
9.458654620925406107e+02
9.461154926138444807e+02
9.463655231351483508e+02
9.466155536564522208e+02
9.468655841777560909e+02
9.471156146990599609e+02
9.473656452203638310e+02
9.476156757416677010e+02
9.478657062629715711e+02
9.481157367842754411e+02
9.483657673055793111e+02
9.486157978268831812e+02
9.488658283481870512e+02
9.491158588694909213e+02
9.493658893907947913e+02
9.496159199120986614e+02
9.498659504334025314e+02
9.501159809547064015e+02
9.503660114760102715e+02
9.506160419973141416e+02
9.508660725186180116e+02
9.511161030399218816e+02
9.513661335612257517e+02
9.516161640825296217e+02
9.518661946038334918e+02
9.521162251251373618e+02
9.523662556464412319e+02
9.526162861677451019e+02
9.528663166890489720e+02
9.531163472103528420e+02
9.533663777316567121e+02
9.536164082529605821e+02
9.538664387742644521e+02
9.541164692955683222e+02
9.543664998168721922e+02
9.546165303381760623e+02
9.548665608594799323e+02
9.551165913807838024e+02
9.553666219020876724e+02
9.556166524233915425e+02
9.558666829446954125e+02
9.561167134659992826e+02
9.563667439873031526e+02
9.566167745086070227e+02
9.568668050299108927e+02
9.571168355512147627e+02
9.573668660725186328e+02
9.576168965938225028e+02
9.578669271151263729e+02
9.581169576364302429e+02
9.583669881577341130e+02
9.586170186790379830e+02
9.588670492003418531e+02
9.591170797216457231e+02
9.593671102429495932e+02
9.596171407642534632e+02
9.598671712855573332e+02
9.601172018068612033e+02
9.603672323281650733e+02
9.606172628494689434e+02
9.608672933707728134e+02
9.611173238920766835e+02
9.613673544133805535e+02
9.616173849346844236e+02
9.618674154559882936e+02
9.621174459772921637e+02
9.623674764985960337e+02
9.626175070198999038e+02
9.628675375412037738e+02
9.631175680625076438e+02
9.633675985838115139e+02
9.636176291051153839e+02
9.638676596264192540e+02
9.641176901477231240e+02
9.643677206690269941e+02
9.646177511903308641e+02
9.648677817116347342e+02
9.651178122329386042e+02
9.653678427542424743e+02
9.656178732755463443e+02
9.658679037968502143e+02
9.661179343181540844e+02
9.663679648394579544e+02
9.666179953607618245e+02
9.668680258820656945e+02
9.671180564033695646e+02
9.673680869246734346e+02
9.676181174459773047e+02
9.678681479672811747e+02
9.681181784885850448e+02
9.683682090098889148e+02
9.686182395311927849e+02
9.688682700524966549e+02
9.691183005738005249e+02
9.693683310951043950e+02
9.696183616164082650e+02
9.698683921377121351e+02
9.701184226590160051e+02
9.703684531803198752e+02
9.706184837016237452e+02
9.708685142229276153e+02
9.711185447442314853e+02
9.713685752655353554e+02
9.716186057868392254e+02
9.718686363081430954e+02
9.721186668294469655e+02
9.723686973507508355e+02
9.726187278720547056e+02
9.728687583933585756e+02
9.731187889146624457e+02
9.733688194359663157e+02
9.736188499572701858e+02
9.738688804785740558e+02
9.741189109998779259e+02
9.743689415211817959e+02
9.746189720424856660e+02
9.748690025637895360e+02
9.751190330850934060e+02
9.753690636063972761e+02
9.756190941277011461e+02
9.758691246490050162e+02
9.761191551703088862e+02
9.763691856916127563e+02
9.766192162129166263e+02
9.768692467342204964e+02
9.771192772555243664e+02
9.773693077768282365e+02
9.776193382981321065e+02
9.778693688194359765e+02
9.781193993407398466e+02
9.783694298620437166e+02
9.786194603833475867e+02
9.788694909046514567e+02
9.791195214259553268e+02
9.793695519472591968e+02
9.796195824685630669e+02
9.798696129898669369e+02
9.801196435111708070e+02
9.803696740324746770e+02
9.806197045537785471e+02
9.808697350750824171e+02
9.811197655963862871e+02
9.813697961176901572e+02
9.816198266389940272e+02
9.818698571602978973e+02
9.821198876816017673e+02
9.823699182029056374e+02
9.826199487242095074e+02
9.828699792455133775e+02
9.831200097668172475e+02
9.833700402881211176e+02
9.836200708094249876e+02
9.838701013307288576e+02
9.841201318520327277e+02
9.843701623733365977e+02
9.846201928946404678e+02
9.848702234159443378e+02
9.851202539372482079e+02
9.853702844585520779e+02
9.856203149798559480e+02
9.858703455011598180e+02
9.861203760224636881e+02
9.863704065437675581e+02
9.866204370650714282e+02
9.868704675863752982e+02
9.871204981076791682e+02
9.873705286289830383e+02
9.876205591502869083e+02
9.878705896715907784e+02
9.881206201928946484e+02
9.883706507141985185e+02
9.886206812355023885e+02
9.888707117568062586e+02
9.891207422781101286e+02
9.893707727994139987e+02
9.896208033207178687e+02
9.898708338420217387e+02
9.901208643633256088e+02
9.903708948846294788e+02
9.906209254059333489e+02
9.908709559272372189e+02
9.911209864485410890e+02
9.913710169698449590e+02
9.916210474911488291e+02
9.918710780124526991e+02
9.921211085337565692e+02
9.923711390550604392e+02
9.926211695763643093e+02
9.928712000976681793e+02
9.931212306189720493e+02
9.933712611402759194e+02
9.936212916615797894e+02
9.938713221828836595e+02
9.941213527041875295e+02
9.943713832254913996e+02
9.946214137467952696e+02
9.948714442680991397e+02
9.951214747894030097e+02
9.953715053107068798e+02
9.956215358320107498e+02
9.958715663533146198e+02
9.961215968746184899e+02
9.963716273959223599e+02
9.966216579172262300e+02
9.968716884385301000e+02
9.971217189598339701e+02
9.973717494811378401e+02
9.976217800024417102e+02
9.978718105237455802e+02
9.981218410450494503e+02
9.983718715663533203e+02
9.986219020876571904e+02
9.988719326089610604e+02
9.991219631302649304e+02
9.993719936515688005e+02
9.996220241728726705e+02
9.998720546941765406e+02
1.000122085215480411e+03
1.000372115736784281e+03
1.000622146258088151e+03
1.000872176779392021e+03
1.001122207300695891e+03
1.001372237821999761e+03
1.001622268343303631e+03
1.001872298864607501e+03
1.002122329385911371e+03
1.002372359907215241e+03
1.002622390428519111e+03
1.002872420949822981e+03
1.003122451471126851e+03
1.003372481992430721e+03
1.003622512513734591e+03
1.003872543035038461e+03
1.004122573556342331e+03
1.004372604077646201e+03
1.004622634598950071e+03
1.004872665120253941e+03
1.005122695641557812e+03
1.005372726162861682e+03
1.005622756684165552e+03
1.005872787205469422e+03
1.006122817726773292e+03
1.006372848248077162e+03
1.006622878769381032e+03
1.006872909290684902e+03
1.007122939811988772e+03
1.007372970333292642e+03
1.007623000854596512e+03
1.007873031375900382e+03
1.008123061897204252e+03
1.008373092418508122e+03
1.008623122939811992e+03
1.008873153461115862e+03
1.009123183982419732e+03
1.009373214503723602e+03
1.009623245025027472e+03
1.009873275546331342e+03
1.010123306067635212e+03
1.010373336588939083e+03
1.010623367110242953e+03
1.010873397631546823e+03
1.011123428152850693e+03
1.011373458674154563e+03
1.011623489195458433e+03
1.011873519716762303e+03
1.012123550238066173e+03
1.012373580759370043e+03
1.012623611280673913e+03
1.012873641801977783e+03
1.013123672323281653e+03
1.013373702844585523e+03
1.013623733365889393e+03
1.013873763887193263e+03
1.014123794408497133e+03
1.014373824929801003e+03
1.014623855451104873e+03
1.014873885972408743e+03
1.015123916493712613e+03
1.015373947015016483e+03
1.015623977536320353e+03
1.015874008057624224e+03
1.016124038578928094e+03
1.016374069100231964e+03
1.016624099621535834e+03
1.016874130142839704e+03
1.017124160664143574e+03
1.017374191185447444e+03
1.017624221706751314e+03
1.017874252228055184e+03
1.018124282749359054e+03
1.018374313270662924e+03
1.018624343791966794e+03
1.018874374313270664e+03
1.019124404834574534e+03
1.019374435355878404e+03
1.019624465877182274e+03
1.019874496398486144e+03
1.020124526919790014e+03
1.020374557441093884e+03
1.020624587962397754e+03
1.020874618483701624e+03
1.021124649005005494e+03
1.021374679526309365e+03
1.021624710047613235e+03
1.021874740568917105e+03
1.022124771090220975e+03
1.022374801611524845e+03
1.022624832132828715e+03
1.022874862654132585e+03
1.023124893175436455e+03
1.023374923696740325e+03
1.023624954218044195e+03
1.023874984739348065e+03
1.024125015260651935e+03
1.024375045781955805e+03
1.024625076303259675e+03
1.024875106824563545e+03
1.025125137345867415e+03
1.025375167867171285e+03
1.025625198388475155e+03
1.025875228909779025e+03
1.026125259431082895e+03
1.026375289952386765e+03
1.026625320473690635e+03
1.026875350994994506e+03
1.027125381516298376e+03
1.027375412037602246e+03
1.027625442558906116e+03
1.027875473080209986e+03
1.028125503601513856e+03
1.028375534122817726e+03
1.028625564644121596e+03
1.028875595165425466e+03
1.029125625686729336e+03
1.029375656208033206e+03
1.029625686729337076e+03
1.029875717250640946e+03
1.030125747771944816e+03
1.030375778293248686e+03
1.030625808814552556e+03
1.030875839335856426e+03
1.031125869857160296e+03
1.031375900378464166e+03
1.031625930899768036e+03
1.031875961421071906e+03
1.032125991942375776e+03
1.032376022463679647e+03
1.032626052984983517e+03
1.032876083506287387e+03
1.033126114027591257e+03
1.033376144548895127e+03
1.033626175070198997e+03
1.033876205591502867e+03
1.034126236112806737e+03
1.034376266634110607e+03
1.034626297155414477e+03
1.034876327676718347e+03
1.035126358198022217e+03
1.035376388719326087e+03
1.035626419240629957e+03
1.035876449761933827e+03
1.036126480283237697e+03
1.036376510804541567e+03
1.036626541325845437e+03
1.036876571847149307e+03
1.037126602368453177e+03
1.037376632889757047e+03
1.037626663411060917e+03
1.037876693932364788e+03
1.038126724453668658e+03
1.038376754974972528e+03
1.038626785496276398e+03
1.038876816017580268e+03
1.039126846538884138e+03
1.039376877060188008e+03
1.039626907581491878e+03
1.039876938102795748e+03
1.040126968624099618e+03
1.040376999145403488e+03
1.040627029666707358e+03
1.040877060188011228e+03
1.041127090709315098e+03
1.041377121230618968e+03
1.041627151751922838e+03
1.041877182273226708e+03
1.042127212794530578e+03
1.042377243315834448e+03
1.042627273837138318e+03
1.042877304358442188e+03
1.043127334879746059e+03
1.043377365401049929e+03
1.043627395922353799e+03
1.043877426443657669e+03
1.044127456964961539e+03
1.044377487486265409e+03
1.044627518007569279e+03
1.044877548528873149e+03
1.045127579050177019e+03
1.045377609571480889e+03
1.045627640092784759e+03
1.045877670614088629e+03
1.046127701135392499e+03
1.046377731656696369e+03
1.046627762178000239e+03
1.046877792699304109e+03
1.047127823220607979e+03
1.047377853741911849e+03
1.047627884263215719e+03
1.047877914784519589e+03
1.048127945305823459e+03
1.048377975827127329e+03
1.048628006348431200e+03
1.048878036869735070e+03
1.049128067391038940e+03
1.049378097912342810e+03
1.049628128433646680e+03
1.049878158954950550e+03
1.050128189476254420e+03
1.050378219997558290e+03
1.050628250518862160e+03
1.050878281040166030e+03
1.051128311561469900e+03
1.051378342082773770e+03
1.051628372604077640e+03
1.051878403125381510e+03
1.052128433646685380e+03
1.052378464167989250e+03
1.052628494689293120e+03
1.052878525210596990e+03
1.053128555731900860e+03
1.053378586253204730e+03
1.053628616774508600e+03
1.053878647295812470e+03
1.054128677817116341e+03
1.054378708338420211e+03
1.054628738859724081e+03
1.054878769381027951e+03
1.055128799902331821e+03
1.055378830423635691e+03
1.055628860944939561e+03
1.055878891466243431e+03
1.056128921987547301e+03
1.056378952508851171e+03
1.056628983030155041e+03
1.056879013551458911e+03
1.057129044072762781e+03
1.057379074594066651e+03
1.057629105115370521e+03
1.057879135636674391e+03
1.058129166157978261e+03
1.058379196679282131e+03
1.058629227200586001e+03
1.058879257721889871e+03
1.059129288243193741e+03
1.059379318764497611e+03
1.059629349285801482e+03
1.059879379807105352e+03
1.060129410328409222e+03
1.060379440849713092e+03
1.060629471371016962e+03
1.060879501892320832e+03
1.061129532413624702e+03
1.061379562934928572e+03
1.061629593456232442e+03
1.061879623977536312e+03
1.062129654498840182e+03
1.062379685020144052e+03
1.062629715541447922e+03
1.062879746062751792e+03
1.063129776584055662e+03
1.063379807105359532e+03
1.063629837626663402e+03
1.063879868147967272e+03
1.064129898669271142e+03
1.064379929190575012e+03
1.064629959711878882e+03
1.064879990233182752e+03
1.065130020754486623e+03
1.065380051275790493e+03
1.065630081797094363e+03
1.065880112318398233e+03
1.066130142839702103e+03
1.066380173361005973e+03
1.066630203882309843e+03
1.066880234403613713e+03
1.067130264924917583e+03
1.067380295446221453e+03
1.067630325967525323e+03
1.067880356488829193e+03
1.068130387010133063e+03
1.068380417531436933e+03
1.068630448052740803e+03
1.068880478574044673e+03
1.069130509095348543e+03
1.069380539616652413e+03
1.069630570137956283e+03
1.069880600659260153e+03
1.070130631180564023e+03
1.070380661701867893e+03
1.070630692223171764e+03
1.070880722744475634e+03
1.071130753265779504e+03
1.071380783787083374e+03
1.071630814308387244e+03
1.071880844829691114e+03
1.072130875350994984e+03
1.072380905872298854e+03
1.072630936393602724e+03
1.072880966914906594e+03
1.073130997436210464e+03
1.073381027957514334e+03
1.073631058478818204e+03
1.073881089000122074e+03
1.074131119521425944e+03
1.074381150042729814e+03
1.074631180564033684e+03
1.074881211085337554e+03
1.075131241606641424e+03
1.075381272127945294e+03
1.075631302649249164e+03
1.075881333170553035e+03
1.076131363691856905e+03
1.076381394213160775e+03
1.076631424734464645e+03
1.076881455255768515e+03
1.077131485777072385e+03
1.077381516298376255e+03
1.077631546819680125e+03
1.077881577340983995e+03
1.078131607862287865e+03
1.078381638383591735e+03
1.078631668904895605e+03
1.078881699426199475e+03
1.079131729947503345e+03
1.079381760468807215e+03
1.079631790990111085e+03
1.079881821511414955e+03
1.080131852032718825e+03
1.080381882554022695e+03
1.080631913075326565e+03
1.080881943596630435e+03
1.081131974117934305e+03
1.081382004639238176e+03
1.081632035160542046e+03
1.081882065681845916e+03
1.082132096203149786e+03
1.082382126724453656e+03
1.082632157245757526e+03
1.082882187767061396e+03
1.083132218288365266e+03
1.083382248809669136e+03
1.083632279330973006e+03
1.083882309852276876e+03
1.084132340373580746e+03
1.084382370894884616e+03
1.084632401416188486e+03
1.084882431937492356e+03
1.085132462458796226e+03
1.085382492980100096e+03
1.085632523501403966e+03
1.085882554022707836e+03
1.086132584544011706e+03
1.086382615065315576e+03
1.086632645586619446e+03
1.086882676107923317e+03
1.087132706629227187e+03
1.087382737150531057e+03
1.087632767671834927e+03
1.087882798193138797e+03
1.088132828714442667e+03
1.088382859235746537e+03
1.088632889757050407e+03
1.088882920278354277e+03
1.089132950799658147e+03
1.089382981320962017e+03
1.089633011842265887e+03
1.089883042363569757e+03
1.090133072884873627e+03
1.090383103406177497e+03
1.090633133927481367e+03
1.090883164448785237e+03
1.091133194970089107e+03
1.091383225491392977e+03
1.091633256012696847e+03
1.091883286534000717e+03
1.092133317055304587e+03
1.092383347576608458e+03
1.092633378097912328e+03
1.092883408619216198e+03
1.093133439140520068e+03
1.093383469661823938e+03
1.093633500183127808e+03
1.093883530704431678e+03
1.094133561225735548e+03
1.094383591747039418e+03
1.094633622268343288e+03
1.094883652789647158e+03
1.095133683310951028e+03
1.095383713832254898e+03
1.095633744353558768e+03
1.095883774874862638e+03
1.096133805396166508e+03
1.096383835917470378e+03
1.096633866438774248e+03
1.096883896960078118e+03
1.097133927481381988e+03
1.097383958002685858e+03
1.097633988523989728e+03
1.097884019045293599e+03
1.098134049566597469e+03
1.098384080087901339e+03
1.098634110609205209e+03
1.098884141130509079e+03
1.099134171651812949e+03
1.099384202173116819e+03
1.099634232694420689e+03
1.099884263215724559e+03
1.100134293737028429e+03
1.100384324258332299e+03
1.100634354779636169e+03
1.100884385300940039e+03
1.101134415822243909e+03
1.101384446343547779e+03
1.101634476864851649e+03
1.101884507386155519e+03
1.102134537907459389e+03
1.102384568428763259e+03
1.102634598950067129e+03
1.102884629471370999e+03
1.103134659992674869e+03
1.103384690513978740e+03
1.103634721035282610e+03
1.103884751556586480e+03
1.104134782077890350e+03
1.104384812599194220e+03
1.104634843120498090e+03
1.104884873641801960e+03
1.105134904163105830e+03
1.105384934684409700e+03
1.105634965205713570e+03
1.105884995727017440e+03
1.106135026248321310e+03
1.106385056769625180e+03
1.106635087290929050e+03
1.106885117812232920e+03
1.107135148333536790e+03
1.107385178854840660e+03
1.107635209376144530e+03
1.107885239897448400e+03
1.108135270418752270e+03
1.108385300940056140e+03
1.108635331461360011e+03
1.108885361982663881e+03
1.109135392503967751e+03
1.109385423025271621e+03
1.109635453546575491e+03
1.109885484067879361e+03
1.110135514589183231e+03
1.110385545110487101e+03
1.110635575631790971e+03
1.110885606153094841e+03
1.111135636674398711e+03
1.111385667195702581e+03
1.111635697717006451e+03
1.111885728238310321e+03
1.112135758759614191e+03
1.112385789280918061e+03
1.112635819802221931e+03
1.112885850323525801e+03
1.113135880844829671e+03
1.113385911366133541e+03
1.113635941887437411e+03
1.113885972408741281e+03
1.114136002930045152e+03
1.114386033451349022e+03
1.114636063972652892e+03
1.114886094493956762e+03
1.115136125015260632e+03
1.115386155536564502e+03
1.115636186057868372e+03
1.115886216579172242e+03
1.116136247100476112e+03
1.116386277621779982e+03
1.116636308143083852e+03
1.116886338664387722e+03
1.117136369185691592e+03
1.117386399706995462e+03
1.117636430228299332e+03
1.117886460749603202e+03
1.118136491270907072e+03
1.118386521792210942e+03
1.118636552313514812e+03
1.118886582834818682e+03
1.119136613356122552e+03
1.119386643877426422e+03
1.119636674398730293e+03
1.119886704920034163e+03
1.120136735441338033e+03
1.120386765962641903e+03
1.120636796483945773e+03
1.120886827005249643e+03
1.121136857526553513e+03
1.121386888047857383e+03
1.121636918569161253e+03
1.121886949090465123e+03
1.122136979611768993e+03
1.122387010133072863e+03
1.122637040654376733e+03
1.122887071175680603e+03
1.123137101696984473e+03
1.123387132218288343e+03
1.123637162739592213e+03
1.123887193260896083e+03
1.124137223782199953e+03
1.124387254303503823e+03
1.124637284824807693e+03
1.124887315346111563e+03
1.125137345867415434e+03
1.125387376388719304e+03
1.125637406910023174e+03
1.125887437431327044e+03
1.126137467952630914e+03
1.126387498473934784e+03
1.126637528995238654e+03
1.126887559516542524e+03
1.127137590037846394e+03
1.127387620559150264e+03
1.127637651080454134e+03
1.127887681601758004e+03
1.128137712123061874e+03
1.128387742644365744e+03
1.128637773165669614e+03
1.128887803686973484e+03
1.129137834208277354e+03
1.129387864729581224e+03
1.129637895250885094e+03
1.129887925772188964e+03
1.130137956293492834e+03
1.130387986814796704e+03
1.130638017336100575e+03
1.130888047857404445e+03
1.131138078378708315e+03
1.131388108900012185e+03
1.131638139421316055e+03
1.131888169942619925e+03
1.132138200463923795e+03
1.132388230985227665e+03
1.132638261506531535e+03
1.132888292027835405e+03
1.133138322549139275e+03
1.133388353070443145e+03
1.133638383591747015e+03
1.133888414113050885e+03
1.134138444634354755e+03
1.134388475155658625e+03
1.134638505676962495e+03
1.134888536198266365e+03
1.135138566719570235e+03
1.135388597240874105e+03
1.135638627762177975e+03
1.135888658283481846e+03
1.136138688804785716e+03
1.136388719326089586e+03
1.136638749847393456e+03
1.136888780368697326e+03
1.137138810890001196e+03
1.137388841411305066e+03
1.137638871932608936e+03
1.137888902453912806e+03
1.138138932975216676e+03
1.138388963496520546e+03
1.138638994017824416e+03
1.138889024539128286e+03
1.139139055060432156e+03
1.139389085581736026e+03
1.139639116103039896e+03
1.139889146624343766e+03
1.140139177145647636e+03
1.140389207666951506e+03
1.140639238188255376e+03
1.140889268709559246e+03
1.141139299230863116e+03
1.141389329752166987e+03
1.141639360273470857e+03
1.141889390794774727e+03
1.142139421316078597e+03
1.142389451837382467e+03
1.142639482358686337e+03
1.142889512879990207e+03
1.143139543401294077e+03
1.143389573922597947e+03
1.143639604443901817e+03
1.143889634965205687e+03
1.144139665486509557e+03
1.144389696007813427e+03
1.144639726529117297e+03
1.144889757050421167e+03
1.145139787571725037e+03
1.145389818093028907e+03
1.145639848614332777e+03
1.145889879135636647e+03
1.146139909656940517e+03
1.146389940178244387e+03
1.146639970699548257e+03
1.146890001220852128e+03
1.147140031742155998e+03
1.147390062263459868e+03
1.147640092784763738e+03
1.147890123306067608e+03
1.148140153827371478e+03
1.148390184348675348e+03
1.148640214869979218e+03
1.148890245391283088e+03
1.149140275912586958e+03
1.149390306433890828e+03
1.149640336955194698e+03
1.149890367476498568e+03
1.150140397997802438e+03
1.150390428519106308e+03
1.150640459040410178e+03
1.150890489561714048e+03
1.151140520083017918e+03
1.151390550604321788e+03
1.151640581125625658e+03
1.151890611646929528e+03
1.152140642168233398e+03
1.152390672689537269e+03
1.152640703210841139e+03
1.152890733732145009e+03
1.153140764253448879e+03
1.153390794774752749e+03
1.153640825296056619e+03
1.153890855817360489e+03
1.154140886338664359e+03
1.154390916859968229e+03
1.154640947381272099e+03
1.154890977902575969e+03
1.155141008423879839e+03
1.155391038945183709e+03
1.155641069466487579e+03
1.155891099987791449e+03
1.156141130509095319e+03
1.156391161030399189e+03
1.156641191551703059e+03
1.156891222073006929e+03
1.157141252594310799e+03
1.157391283115614669e+03
1.157641313636918539e+03
1.157891344158222410e+03
1.158141374679526280e+03
1.158391405200830150e+03
1.158641435722134020e+03
1.158891466243437890e+03
1.159141496764741760e+03
1.159391527286045630e+03
1.159641557807349500e+03
1.159891588328653370e+03
1.160141618849957240e+03
1.160391649371261110e+03
1.160641679892564980e+03
1.160891710413868850e+03
1.161141740935172720e+03
1.161391771456476590e+03
1.161641801977780460e+03
1.161891832499084330e+03
1.162141863020388200e+03
1.162391893541692070e+03
1.162641924062995940e+03
1.162891954584299810e+03
1.163141985105603680e+03
1.163392015626907551e+03
1.163642046148211421e+03
1.163892076669515291e+03
1.164142107190819161e+03
1.164392137712123031e+03
1.164642168233426901e+03
1.164892198754730771e+03
1.165142229276034641e+03
1.165392259797338511e+03
1.165642290318642381e+03
1.165892320839946251e+03
1.166142351361250121e+03
1.166392381882553991e+03
1.166642412403857861e+03
1.166892442925161731e+03
1.167142473446465601e+03
1.167392503967769471e+03
1.167642534489073341e+03
1.167892565010377211e+03
1.168142595531681081e+03
1.168392626052984951e+03
1.168642656574288822e+03
1.168892687095592692e+03
1.169142717616896562e+03
1.169392748138200432e+03
1.169642778659504302e+03
1.169892809180808172e+03
1.170142839702112042e+03
1.170392870223415912e+03
1.170642900744719782e+03
1.170892931266023652e+03
1.171142961787327522e+03
1.171392992308631392e+03
1.171643022829935262e+03
1.171893053351239132e+03
1.172143083872543002e+03
1.172393114393846872e+03
1.172643144915150742e+03
1.172893175436454612e+03
1.173143205957758482e+03
1.173393236479062352e+03
1.173643267000366222e+03
1.173893297521670092e+03
1.174143328042973963e+03
1.174393358564277833e+03
1.174643389085581703e+03
1.174893419606885573e+03
1.175143450128189443e+03
1.175393480649493313e+03
1.175643511170797183e+03
1.175893541692101053e+03
1.176143572213404923e+03
1.176393602734708793e+03
1.176643633256012663e+03
1.176893663777316533e+03
1.177143694298620403e+03
1.177393724819924273e+03
1.177643755341228143e+03
1.177893785862532013e+03
1.178143816383835883e+03
1.178393846905139753e+03
1.178643877426443623e+03
1.178893907947747493e+03
1.179143938469051363e+03
1.179393968990355233e+03
1.179643999511659104e+03
1.179894030032962974e+03
1.180144060554266844e+03
1.180394091075570714e+03
1.180644121596874584e+03
1.180894152118178454e+03
1.181144182639482324e+03
1.181394213160786194e+03
1.181644243682090064e+03
1.181894274203393934e+03
1.182144304724697804e+03
1.182394335246001674e+03
1.182644365767305544e+03
1.182894396288609414e+03
1.183144426809913284e+03
1.183394457331217154e+03
1.183644487852521024e+03
1.183894518373824894e+03
1.184144548895128764e+03
1.184394579416432634e+03
1.184644609937736504e+03
1.184894640459040374e+03
1.185144670980344245e+03
1.185394701501648115e+03
1.185644732022951985e+03
1.185894762544255855e+03
1.186144793065559725e+03
1.186394823586863595e+03
1.186644854108167465e+03
1.186894884629471335e+03
1.187144915150775205e+03
1.187394945672079075e+03
1.187644976193382945e+03
1.187895006714686815e+03
1.188145037235990685e+03
1.188395067757294555e+03
1.188645098278598425e+03
1.188895128799902295e+03
1.189145159321206165e+03
1.189395189842510035e+03
1.189645220363813905e+03
1.189895250885117775e+03
1.190145281406421645e+03
1.190395311927725515e+03
1.190645342449029386e+03
1.190895372970333256e+03
1.191145403491637126e+03
1.191395434012940996e+03
1.191645464534244866e+03
1.191895495055548736e+03
1.192145525576852606e+03
1.192395556098156476e+03
1.192645586619460346e+03
1.192895617140764216e+03
1.193145647662068086e+03
1.193395678183371956e+03
1.193645708704675826e+03
1.193895739225979696e+03
1.194145769747283566e+03
1.194395800268587436e+03
1.194645830789891306e+03
1.194895861311195176e+03
1.195145891832499046e+03
1.195395922353802916e+03
1.195645952875106786e+03
1.195895983396410656e+03
1.196146013917714527e+03
1.196396044439018397e+03
1.196646074960322267e+03
1.196896105481626137e+03
1.197146136002930007e+03
1.197396166524233877e+03
1.197646197045537747e+03
1.197896227566841617e+03
1.198146258088145487e+03
1.198396288609449357e+03
1.198646319130753227e+03
1.198896349652057097e+03
1.199146380173360967e+03
1.199396410694664837e+03
1.199646441215968707e+03
1.199896471737272577e+03
1.200146502258576447e+03
1.200396532779880317e+03
1.200646563301184187e+03
1.200896593822488057e+03
1.201146624343791927e+03
1.201396654865095798e+03
1.201646685386399668e+03
1.201896715907703538e+03
1.202146746429007408e+03
1.202396776950311278e+03
1.202646807471615148e+03
1.202896837992919018e+03
1.203146868514222888e+03
1.203396899035526758e+03
1.203646929556830628e+03
1.203896960078134498e+03
1.204146990599438368e+03
1.204397021120742238e+03
1.204647051642046108e+03
1.204897082163349978e+03
1.205147112684653848e+03
1.205397143205957718e+03
1.205647173727261588e+03
1.205897204248565458e+03
1.206147234769869328e+03
1.206397265291173198e+03
1.206647295812477068e+03
1.206897326333780939e+03
1.207147356855084809e+03
1.207397387376388679e+03
1.207647417897692549e+03
1.207897448418996419e+03
1.208147478940300289e+03
1.208397509461604159e+03
1.208647539982908029e+03
1.208897570504211899e+03
1.209147601025515769e+03
1.209397631546819639e+03
1.209647662068123509e+03
1.209897692589427379e+03
1.210147723110731249e+03
1.210397753632035119e+03
1.210647784153338989e+03
1.210897814674642859e+03
1.211147845195946729e+03
1.211397875717250599e+03
1.211647906238554469e+03
1.211897936759858339e+03
1.212147967281162209e+03
1.212397997802466080e+03
1.212648028323769950e+03
1.212898058845073820e+03
1.213148089366377690e+03
1.213398119887681560e+03
1.213648150408985430e+03
1.213898180930289300e+03
1.214148211451593170e+03
1.214398241972897040e+03
1.214648272494200910e+03
1.214898303015504780e+03
1.215148333536808650e+03
1.215398364058112520e+03
1.215648394579416390e+03
1.215898425100720260e+03
1.216148455622024130e+03
1.216398486143328000e+03
1.216648516664631870e+03
1.216898547185935740e+03
1.217148577707239610e+03
1.217398608228543480e+03
1.217648638749847350e+03
1.217898669271151221e+03
1.218148699792455091e+03
1.218398730313758961e+03
1.218648760835062831e+03
1.218898791356366701e+03
1.219148821877670571e+03
1.219398852398974441e+03
1.219648882920278311e+03
1.219898913441582181e+03
1.220148943962886051e+03
1.220398974484189921e+03
1.220649005005493791e+03
1.220899035526797661e+03
1.221149066048101531e+03
1.221399096569405401e+03
1.221649127090709271e+03
1.221899157612013141e+03
1.222149188133317011e+03
1.222399218654620881e+03
1.222649249175924751e+03
1.222899279697228621e+03
1.223149310218532491e+03
1.223399340739836362e+03
1.223649371261140232e+03
1.223899401782444102e+03
1.224149432303747972e+03
1.224399462825051842e+03
1.224649493346355712e+03
1.224899523867659582e+03
1.225149554388963452e+03
1.225399584910267322e+03
1.225649615431571192e+03
1.225899645952875062e+03
1.226149676474178932e+03
1.226399706995482802e+03
1.226649737516786672e+03
1.226899768038090542e+03
1.227149798559394412e+03
1.227399829080698282e+03
1.227649859602002152e+03
1.227899890123306022e+03
1.228149920644609892e+03
1.228399951165913762e+03
1.228649981687217632e+03
1.228900012208521503e+03
1.229150042729825373e+03
1.229400073251129243e+03
1.229650103772433113e+03
1.229900134293736983e+03
1.230150164815040853e+03
1.230400195336344723e+03
1.230650225857648593e+03
1.230900256378952463e+03
1.231150286900256333e+03
1.231400317421560203e+03
1.231650347942864073e+03
1.231900378464167943e+03
1.232150408985471813e+03
1.232400439506775683e+03
1.232650470028079553e+03
1.232900500549383423e+03
1.233150531070687293e+03
1.233400561591991163e+03
1.233650592113295033e+03
1.233900622634598903e+03
1.234150653155902774e+03
1.234400683677206644e+03
1.234650714198510514e+03
1.234900744719814384e+03
1.235150775241118254e+03
1.235400805762422124e+03
1.235650836283725994e+03
1.235900866805029864e+03
1.236150897326333734e+03
1.236400927847637604e+03
1.236650958368941474e+03
1.236900988890245344e+03
1.237151019411549214e+03
1.237401049932853084e+03
1.237651080454156954e+03
1.237901110975460824e+03
1.238151141496764694e+03
1.238401172018068564e+03
1.238651202539372434e+03
1.238901233060676304e+03
1.239151263581980174e+03
1.239401294103284044e+03
1.239651324624587915e+03
1.239901355145891785e+03
1.240151385667195655e+03
1.240401416188499525e+03
1.240651446709803395e+03
1.240901477231107265e+03
1.241151507752411135e+03
1.241401538273715005e+03
1.241651568795018875e+03
1.241901599316322745e+03
1.242151629837626615e+03
1.242401660358930485e+03
1.242651690880234355e+03
1.242901721401538225e+03
1.243151751922842095e+03
1.243401782444145965e+03
1.243651812965449835e+03
1.243901843486753705e+03
1.244151874008057575e+03
1.244401904529361445e+03
1.244651935050665315e+03
1.244901965571969185e+03
1.245151996093273056e+03
1.245402026614576926e+03
1.245652057135880796e+03
1.245902087657184666e+03
1.246152118178488536e+03
1.246402148699792406e+03
1.246652179221096276e+03
1.246902209742400146e+03
1.247152240263704016e+03
1.247402270785007886e+03
1.247652301306311756e+03
1.247902331827615626e+03
1.248152362348919496e+03
1.248402392870223366e+03
1.248652423391527236e+03
1.248902453912831106e+03
1.249152484434134976e+03
1.249402514955438846e+03
1.249652545476742716e+03
1.249902575998046586e+03
1.250152606519350456e+03
1.250402637040654326e+03
1.250652667561958197e+03
1.250902698083262067e+03
1.251152728604565937e+03
1.251402759125869807e+03
1.251652789647173677e+03
1.251902820168477547e+03
1.252152850689781417e+03
1.252402881211085287e+03
1.252652911732389157e+03
1.252902942253693027e+03
1.253152972774996897e+03
1.253403003296300767e+03
1.253653033817604637e+03
1.253903064338908507e+03
1.254153094860212377e+03
1.254403125381516247e+03
1.254653155902820117e+03
1.254903186424123987e+03
1.255153216945427857e+03
1.255403247466731727e+03
1.255653277988035597e+03
1.255903308509339467e+03
1.256153339030643338e+03
1.256403369551947208e+03
1.256653400073251078e+03
1.256903430594554948e+03
1.257153461115858818e+03
1.257403491637162688e+03
1.257653522158466558e+03
1.257903552679770428e+03
1.258153583201074298e+03
1.258403613722378168e+03
1.258653644243682038e+03
1.258903674764985908e+03
1.259153705286289778e+03
1.259403735807593648e+03
1.259653766328897518e+03
1.259903796850201388e+03
1.260153827371505258e+03
1.260403857892809128e+03
1.260653888414112998e+03
1.260903918935416868e+03
1.261153949456720738e+03
1.261403979978024608e+03
1.261654010499328479e+03
1.261904041020632349e+03
1.262154071541936219e+03
1.262404102063240089e+03
1.262654132584543959e+03
1.262904163105847829e+03
1.263154193627151699e+03
1.263404224148455569e+03
1.263654254669759439e+03
1.263904285191063309e+03
1.264154315712367179e+03
1.264404346233671049e+03
1.264654376754974919e+03
1.264904407276278789e+03
1.265154437797582659e+03
1.265404468318886529e+03
1.265654498840190399e+03
1.265904529361494269e+03
1.266154559882798139e+03
1.266404590404102009e+03
1.266654620925405879e+03
1.266904651446709750e+03
1.267154681968013620e+03
1.267404712489317490e+03
1.267654743010621360e+03
1.267904773531925230e+03
1.268154804053229100e+03
1.268404834574532970e+03
1.268654865095836840e+03
1.268904895617140710e+03
1.269154926138444580e+03
1.269404956659748450e+03
1.269654987181052320e+03
1.269905017702356190e+03
1.270155048223660060e+03
1.270405078744963930e+03
1.270655109266267800e+03
1.270905139787571670e+03
1.271155170308875540e+03
1.271405200830179410e+03
1.271655231351483280e+03
1.271905261872787150e+03
1.272155292394091020e+03
1.272405322915394891e+03
1.272655353436698761e+03
1.272905383958002631e+03
1.273155414479306501e+03
1.273405445000610371e+03
1.273655475521914241e+03
1.273905506043218111e+03
1.274155536564521981e+03
1.274405567085825851e+03
1.274655597607129721e+03
1.274905628128433591e+03
1.275155658649737461e+03
1.275405689171041331e+03
1.275655719692345201e+03
1.275905750213649071e+03
1.276155780734952941e+03
1.276405811256256811e+03
1.276655841777560681e+03
1.276905872298864551e+03
1.277155902820168421e+03
1.277405933341472291e+03
1.277655963862776161e+03
1.277905994384080032e+03
1.278156024905383902e+03
1.278406055426687772e+03
1.278656085947991642e+03
1.278906116469295512e+03
1.279156146990599382e+03
1.279406177511903252e+03
1.279656208033207122e+03
1.279906238554510992e+03
1.280156269075814862e+03
1.280406299597118732e+03
1.280656330118422602e+03
1.280906360639726472e+03
1.281156391161030342e+03
1.281406421682334212e+03
1.281656452203638082e+03
1.281906482724941952e+03
1.282156513246245822e+03
1.282406543767549692e+03
1.282656574288853562e+03
1.282906604810157432e+03
1.283156635331461302e+03
1.283406665852765173e+03
1.283656696374069043e+03
1.283906726895372913e+03
1.284156757416676783e+03
1.284406787937980653e+03
1.284656818459284523e+03
1.284906848980588393e+03
1.285156879501892263e+03
1.285406910023196133e+03
1.285656940544500003e+03
1.285906971065803873e+03
1.286157001587107743e+03
1.286407032108411613e+03
1.286657062629715483e+03
1.286907093151019353e+03
1.287157123672323223e+03
1.287407154193627093e+03
1.287657184714930963e+03
1.287907215236234833e+03
1.288157245757538703e+03
1.288407276278842573e+03
1.288657306800146443e+03
1.288907337321450314e+03
1.289157367842754184e+03
1.289407398364058054e+03
1.289657428885361924e+03
1.289907459406665794e+03
1.290157489927969664e+03
1.290407520449273534e+03
1.290657550970577404e+03
1.290907581491881274e+03
1.291157612013185144e+03
1.291407642534489014e+03
1.291657673055792884e+03
1.291907703577096754e+03
1.292157734098400624e+03
1.292407764619704494e+03
1.292657795141008364e+03
1.292907825662312234e+03
1.293157856183616104e+03
1.293407886704919974e+03
1.293657917226223844e+03
1.293907947747527714e+03
1.294157978268831585e+03
1.294408008790135455e+03
1.294658039311439325e+03
1.294908069832743195e+03
1.295158100354047065e+03
1.295408130875350935e+03
1.295658161396654805e+03
1.295908191917958675e+03
1.296158222439262545e+03
1.296408252960566415e+03
1.296658283481870285e+03
1.296908314003174155e+03
1.297158344524478025e+03
1.297408375045781895e+03
1.297658405567085765e+03
1.297908436088389635e+03
1.298158466609693505e+03
1.298408497130997375e+03
1.298658527652301245e+03
1.298908558173605115e+03
1.299158588694908985e+03
1.299408619216212855e+03
1.299658649737516726e+03
1.299908680258820596e+03
1.300158710780124466e+03
1.300408741301428336e+03
1.300658771822732206e+03
1.300908802344036076e+03
1.301158832865339946e+03
1.301408863386643816e+03
1.301658893907947686e+03
1.301908924429251556e+03
1.302158954950555426e+03
1.302408985471859296e+03
1.302659015993163166e+03
1.302909046514467036e+03
1.303159077035770906e+03
1.303409107557074776e+03
1.303659138078378646e+03
1.303909168599682516e+03
1.304159199120986386e+03
1.304409229642290256e+03
1.304659260163594126e+03
1.304909290684897996e+03
1.305159321206201867e+03
1.305409351727505737e+03
1.305659382248809607e+03
1.305909412770113477e+03
1.306159443291417347e+03
1.306409473812721217e+03
1.306659504334025087e+03
1.306909534855328957e+03
1.307159565376632827e+03
1.307409595897936697e+03
1.307659626419240567e+03
1.307909656940544437e+03
1.308159687461848307e+03
1.308409717983152177e+03
1.308659748504456047e+03
1.308909779025759917e+03
1.309159809547063787e+03
1.309409840068367657e+03
1.309659870589671527e+03
1.309909901110975397e+03
1.310159931632279267e+03
1.310409962153583137e+03
1.310659992674887008e+03
1.310910023196190878e+03
1.311160053717494748e+03
1.311410084238798618e+03
1.311660114760102488e+03
1.311910145281406358e+03
1.312160175802710228e+03
1.312410206324014098e+03
1.312660236845317968e+03
1.312910267366621838e+03
1.313160297887925708e+03
1.313410328409229578e+03
1.313660358930533448e+03
1.313910389451837318e+03
1.314160419973141188e+03
1.314410450494445058e+03
1.314660481015748928e+03
1.314910511537052798e+03
1.315160542058356668e+03
1.315410572579660538e+03
1.315660603100964408e+03
1.315910633622268278e+03
1.316160664143572149e+03
1.316410694664876019e+03
1.316660725186179889e+03
1.316910755707483759e+03
1.317160786228787629e+03
1.317410816750091499e+03
1.317660847271395369e+03
1.317910877792699239e+03
1.318160908314003109e+03
1.318410938835306979e+03
1.318660969356610849e+03
1.318910999877914719e+03
1.319161030399218589e+03
1.319411060920522459e+03
1.319661091441826329e+03
1.319911121963130199e+03
1.320161152484434069e+03
1.320411183005737939e+03
1.320661213527041809e+03
1.320911244048345679e+03
1.321161274569649549e+03
1.321411305090953419e+03
1.321661335612257290e+03
1.321911366133561160e+03
1.322161396654865030e+03
1.322411427176168900e+03
1.322661457697472770e+03
1.322911488218776640e+03
1.323161518740080510e+03
1.323411549261384380e+03
1.323661579782688250e+03
1.323911610303992120e+03
1.324161640825295990e+03
1.324411671346599860e+03
1.324661701867903730e+03
1.324911732389207600e+03
1.325161762910511470e+03
1.325411793431815340e+03
1.325661823953119210e+03
1.325911854474423080e+03
1.326161884995726950e+03
1.326411915517030820e+03
1.326661946038334690e+03
1.326911976559638561e+03
1.327162007080942431e+03
1.327412037602246301e+03
1.327662068123550171e+03
1.327912098644854041e+03
1.328162129166157911e+03
1.328412159687461781e+03
1.328662190208765651e+03
1.328912220730069521e+03
1.329162251251373391e+03
1.329412281772677261e+03
1.329662312293981131e+03
1.329912342815285001e+03
1.330162373336588871e+03
1.330412403857892741e+03
1.330662434379196611e+03
1.330912464900500481e+03
1.331162495421804351e+03
1.331412525943108221e+03
1.331662556464412091e+03
1.331912586985715961e+03
1.332162617507019831e+03
1.332412648028323702e+03
1.332662678549627572e+03
1.332912709070931442e+03
1.333162739592235312e+03
1.333412770113539182e+03
1.333662800634843052e+03
1.333912831156146922e+03
1.334162861677450792e+03
1.334412892198754662e+03
1.334662922720058532e+03
1.334912953241362402e+03
1.335162983762666272e+03
1.335413014283970142e+03
1.335663044805274012e+03
1.335913075326577882e+03
1.336163105847881752e+03
1.336413136369185622e+03
1.336663166890489492e+03
1.336913197411793362e+03
1.337163227933097232e+03
1.337413258454401102e+03
1.337663288975704972e+03
1.337913319497008843e+03
1.338163350018312713e+03
1.338413380539616583e+03
1.338663411060920453e+03
1.338913441582224323e+03
1.339163472103528193e+03
1.339413502624832063e+03
1.339663533146135933e+03
1.339913563667439803e+03
1.340163594188743673e+03
1.340413624710047543e+03
1.340663655231351413e+03
1.340913685752655283e+03
1.341163716273959153e+03
1.341413746795263023e+03
1.341663777316566893e+03
1.341913807837870763e+03
1.342163838359174633e+03
1.342413868880478503e+03
1.342663899401782373e+03
1.342913929923086243e+03
1.343163960444390113e+03
1.343413990965693984e+03
1.343664021486997854e+03
1.343914052008301724e+03
1.344164082529605594e+03
1.344414113050909464e+03
1.344664143572213334e+03
1.344914174093517204e+03
1.345164204614821074e+03
1.345414235136124944e+03
1.345664265657428814e+03
1.345914296178732684e+03
1.346164326700036554e+03
1.346414357221340424e+03
1.346664387742644294e+03
1.346914418263948164e+03
1.347164448785252034e+03
1.347414479306555904e+03
1.347664509827859774e+03
1.347914540349163644e+03
1.348164570870467514e+03
1.348414601391771384e+03
1.348664631913075254e+03
1.348914662434379125e+03
1.349164692955682995e+03
1.349414723476986865e+03
1.349664753998290735e+03
1.349914784519594605e+03
1.350164815040898475e+03
1.350414845562202345e+03
1.350664876083506215e+03
1.350914906604810085e+03
1.351164937126113955e+03
1.351414967647417825e+03
1.351664998168721695e+03
1.351915028690025565e+03
1.352165059211329435e+03
1.352415089732633305e+03
1.352665120253937175e+03
1.352915150775241045e+03
1.353165181296544915e+03
1.353415211817848785e+03
1.353665242339152655e+03
1.353915272860456525e+03
1.354165303381760395e+03
1.354415333903064266e+03
1.354665364424368136e+03
1.354915394945672006e+03
1.355165425466975876e+03
1.355415455988279746e+03
1.355665486509583616e+03
1.355915517030887486e+03
1.356165547552191356e+03
1.356415578073495226e+03
1.356665608594799096e+03
1.356915639116102966e+03
1.357165669637406836e+03
1.357415700158710706e+03
1.357665730680014576e+03
1.357915761201318446e+03
1.358165791722622316e+03
1.358415822243926186e+03
1.358665852765230056e+03
1.358915883286533926e+03
1.359165913807837796e+03
1.359415944329141666e+03
1.359665974850445537e+03
1.359916005371749407e+03
1.360166035893053277e+03
1.360416066414357147e+03
1.360666096935661017e+03
1.360916127456964887e+03
1.361166157978268757e+03
1.361416188499572627e+03
1.361666219020876497e+03
1.361916249542180367e+03
1.362166280063484237e+03
1.362416310584788107e+03
1.362666341106091977e+03
1.362916371627395847e+03
1.363166402148699717e+03
1.363416432670003587e+03
1.363666463191307457e+03
1.363916493712611327e+03
1.364166524233915197e+03
1.364416554755219067e+03
1.364666585276522937e+03
1.364916615797826807e+03
1.365166646319130678e+03
1.365416676840434548e+03
1.365666707361738418e+03
1.365916737883042288e+03
1.366166768404346158e+03
1.366416798925650028e+03
1.366666829446953898e+03
1.366916859968257768e+03
1.367166890489561638e+03
1.367416921010865508e+03
1.367666951532169378e+03
1.367916982053473248e+03
1.368167012574777118e+03
1.368417043096080988e+03
1.368667073617384858e+03
1.368917104138688728e+03
1.369167134659992598e+03
1.369417165181296468e+03
1.369667195702600338e+03
1.369917226223904208e+03
1.370167256745208078e+03
1.370417287266511948e+03
1.370667317787815819e+03
1.370917348309119689e+03
1.371167378830423559e+03
1.371417409351727429e+03
1.371667439873031299e+03
1.371917470394335169e+03
1.372167500915639039e+03
1.372417531436942909e+03
1.372667561958246779e+03
1.372917592479550649e+03
1.373167623000854519e+03
1.373417653522158389e+03
1.373667684043462259e+03
1.373917714564766129e+03
1.374167745086069999e+03
1.374417775607373869e+03
1.374667806128677739e+03
1.374917836649981609e+03
1.375167867171285479e+03
1.375417897692589349e+03
1.375667928213893219e+03
1.375917958735197089e+03
1.376167989256500960e+03
1.376418019777804830e+03
1.376668050299108700e+03
1.376918080820412570e+03
1.377168111341716440e+03
1.377418141863020310e+03
1.377668172384324180e+03
1.377918202905628050e+03
1.378168233426931920e+03
1.378418263948235790e+03
1.378668294469539660e+03
1.378918324990843530e+03
1.379168355512147400e+03
1.379418386033451270e+03
1.379668416554755140e+03
1.379918447076059010e+03
1.380168477597362880e+03
1.380418508118666750e+03
1.380668538639970620e+03
1.380918569161274490e+03
1.381168599682578360e+03
1.381418630203882230e+03
1.381668660725186101e+03
1.381918691246489971e+03
1.382168721767793841e+03
1.382418752289097711e+03
1.382668782810401581e+03
1.382918813331705451e+03
1.383168843853009321e+03
1.383418874374313191e+03
1.383668904895617061e+03
1.383918935416920931e+03
1.384168965938224801e+03
1.384418996459528671e+03
1.384669026980832541e+03
1.384919057502136411e+03
1.385169088023440281e+03
1.385419118544744151e+03
1.385669149066048021e+03
1.385919179587351891e+03
1.386169210108655761e+03
1.386419240629959631e+03
1.386669271151263501e+03
1.386919301672567371e+03
1.387169332193871242e+03
1.387419362715175112e+03
1.387669393236478982e+03
1.387919423757782852e+03
1.388169454279086722e+03
1.388419484800390592e+03
1.388669515321694462e+03
1.388919545842998332e+03
1.389169576364302202e+03
1.389419606885606072e+03
1.389669637406909942e+03
1.389919667928213812e+03
1.390169698449517682e+03
1.390419728970821552e+03
1.390669759492125422e+03
1.390919790013429292e+03
1.391169820534733162e+03
1.391419851056037032e+03
1.391669881577340902e+03
1.391919912098644772e+03
1.392169942619948642e+03
1.392419973141252513e+03
1.392670003662556383e+03
1.392920034183860253e+03
1.393170064705164123e+03
1.393420095226467993e+03
1.393670125747771863e+03
1.393920156269075733e+03
1.394170186790379603e+03
1.394420217311683473e+03
1.394670247832987343e+03
1.394920278354291213e+03
1.395170308875595083e+03
1.395420339396898953e+03
1.395670369918202823e+03
1.395920400439506693e+03
1.396170430960810563e+03
1.396420461482114433e+03
1.396670492003418303e+03
1.396920522524722173e+03
1.397170553046026043e+03
1.397420583567329913e+03
1.397670614088633783e+03
1.397920644609937654e+03
1.398170675131241524e+03
1.398420705652545394e+03
1.398670736173849264e+03
1.398920766695153134e+03
1.399170797216457004e+03
1.399420827737760874e+03
1.399670858259064744e+03
1.399920888780368614e+03
1.400170919301672484e+03
1.400420949822976354e+03
1.400670980344280224e+03
1.400921010865584094e+03
1.401171041386887964e+03
1.401421071908191834e+03
1.401671102429495704e+03
1.401921132950799574e+03
1.402171163472103444e+03
1.402421193993407314e+03
1.402671224514711184e+03
1.402921255036015054e+03
1.403171285557318924e+03
1.403421316078622795e+03
1.403671346599926665e+03
1.403921377121230535e+03
1.404171407642534405e+03
1.404421438163838275e+03
1.404671468685142145e+03
1.404921499206446015e+03
1.405171529727749885e+03
1.405421560249053755e+03
1.405671590770357625e+03
1.405921621291661495e+03
1.406171651812965365e+03
1.406421682334269235e+03
1.406671712855573105e+03
1.406921743376876975e+03
1.407171773898180845e+03
1.407421804419484715e+03
1.407671834940788585e+03
1.407921865462092455e+03
1.408171895983396325e+03
1.408421926504700195e+03
1.408671957026004065e+03
1.408921987547307936e+03
1.409172018068611806e+03
1.409422048589915676e+03
1.409672079111219546e+03
1.409922109632523416e+03
1.410172140153827286e+03
1.410422170675131156e+03
1.410672201196435026e+03
1.410922231717738896e+03
1.411172262239042766e+03
1.411422292760346636e+03
1.411672323281650506e+03
1.411922353802954376e+03
1.412172384324258246e+03
1.412422414845562116e+03
1.412672445366865986e+03
1.412922475888169856e+03
1.413172506409473726e+03
1.413422536930777596e+03
1.413672567452081466e+03
1.413922597973385336e+03
1.414172628494689206e+03
1.414422659015993077e+03
1.414672689537296947e+03
1.414922720058600817e+03
1.415172750579904687e+03
1.415422781101208557e+03
1.415672811622512427e+03
1.415922842143816297e+03
1.416172872665120167e+03
1.416422903186424037e+03
1.416672933707727907e+03
1.416922964229031777e+03
1.417172994750335647e+03
1.417423025271639517e+03
1.417673055792943387e+03
1.417923086314247257e+03
1.418173116835551127e+03
1.418423147356854997e+03
1.418673177878158867e+03
1.418923208399462737e+03
1.419173238920766607e+03
1.419423269442070477e+03
1.419673299963374347e+03
1.419923330484678218e+03
1.420173361005982088e+03
1.420423391527285958e+03
1.420673422048589828e+03
1.420923452569893698e+03
1.421173483091197568e+03
1.421423513612501438e+03
1.421673544133805308e+03
1.421923574655109178e+03
1.422173605176413048e+03
1.422423635697716918e+03
1.422673666219020788e+03
1.422923696740324658e+03
1.423173727261628528e+03
1.423423757782932398e+03
1.423673788304236268e+03
1.423923818825540138e+03
1.424173849346844008e+03
1.424423879868147878e+03
1.424673910389451748e+03
1.424923940910755618e+03
1.425173971432059489e+03
1.425424001953363359e+03
1.425674032474667229e+03
1.425924062995971099e+03
1.426174093517274969e+03
1.426424124038578839e+03
1.426674154559882709e+03
1.426924185081186579e+03
1.427174215602490449e+03
1.427424246123794319e+03
1.427674276645098189e+03
1.427924307166402059e+03
1.428174337687705929e+03
1.428424368209009799e+03
1.428674398730313669e+03
1.428924429251617539e+03
1.429174459772921409e+03
1.429424490294225279e+03
1.429674520815529149e+03
1.429924551336833019e+03
1.430174581858136889e+03
1.430424612379440759e+03
1.430674642900744630e+03
1.430924673422048500e+03
1.431174703943352370e+03
1.431424734464656240e+03
1.431674764985960110e+03
1.431924795507263980e+03
1.432174826028567850e+03
1.432424856549871720e+03
1.432674887071175590e+03
1.432924917592479460e+03
1.433174948113783330e+03
1.433424978635087200e+03
1.433675009156391070e+03
1.433925039677694940e+03
1.434175070198998810e+03
1.434425100720302680e+03
1.434675131241606550e+03
1.434925161762910420e+03
1.435175192284214290e+03
1.435425222805518160e+03
1.435675253326822030e+03
1.435925283848125900e+03
1.436175314369429771e+03
1.436425344890733641e+03
1.436675375412037511e+03
1.436925405933341381e+03
1.437175436454645251e+03
1.437425466975949121e+03
1.437675497497252991e+03
1.437925528018556861e+03
1.438175558539860731e+03
1.438425589061164601e+03
1.438675619582468471e+03
1.438925650103772341e+03
1.439175680625076211e+03
1.439425711146380081e+03
1.439675741667683951e+03
1.439925772188987821e+03
1.440175802710291691e+03
1.440425833231595561e+03
1.440675863752899431e+03
1.440925894274203301e+03
1.441175924795507171e+03
1.441425955316811041e+03
1.441675985838114912e+03
1.441926016359418782e+03
1.442176046880722652e+03
1.442426077402026522e+03
1.442676107923330392e+03
1.442926138444634262e+03
1.443176168965938132e+03
1.443426199487242002e+03
1.443676230008545872e+03
1.443926260529849742e+03
1.444176291051153612e+03
1.444426321572457482e+03
1.444676352093761352e+03
1.444926382615065222e+03
1.445176413136369092e+03
1.445426443657672962e+03
1.445676474178976832e+03
1.445926504700280702e+03
1.446176535221584572e+03
1.446426565742888442e+03
1.446676596264192312e+03
1.446926626785496182e+03
1.447176657306800053e+03
1.447426687828103923e+03
1.447676718349407793e+03
1.447926748870711663e+03
1.448176779392015533e+03
1.448426809913319403e+03
1.448676840434623273e+03
1.448926870955927143e+03
1.449176901477231013e+03
1.449426931998534883e+03
1.449676962519838753e+03
1.449926993041142623e+03
1.450177023562446493e+03
1.450427054083750363e+03
1.450677084605054233e+03
1.450927115126358103e+03
1.451177145647661973e+03
1.451427176168965843e+03
1.451677206690269713e+03
1.451927237211573583e+03
1.452177267732877453e+03
1.452427298254181324e+03
1.452677328775485194e+03
1.452927359296789064e+03
1.453177389818092934e+03
1.453427420339396804e+03
1.453677450860700674e+03
1.453927481382004544e+03
1.454177511903308414e+03
1.454427542424612284e+03
1.454677572945916154e+03
1.454927603467220024e+03
1.455177633988523894e+03
1.455427664509827764e+03
1.455677695031131634e+03
1.455927725552435504e+03
1.456177756073739374e+03
1.456427786595043244e+03
1.456677817116347114e+03
1.456927847637650984e+03
1.457177878158954854e+03
1.457427908680258724e+03
1.457677939201562594e+03
1.457927969722866465e+03
1.458178000244170335e+03
1.458428030765474205e+03
1.458678061286778075e+03
1.458928091808081945e+03
1.459178122329385815e+03
1.459428152850689685e+03
1.459678183371993555e+03
1.459928213893297425e+03
1.460178244414601295e+03
1.460428274935905165e+03
1.460678305457209035e+03
1.460928335978512905e+03
1.461178366499816775e+03
1.461428397021120645e+03
1.461678427542424515e+03
1.461928458063728385e+03
1.462178488585032255e+03
1.462428519106336125e+03
1.462678549627639995e+03
1.462928580148943865e+03
1.463178610670247735e+03
1.463428641191551606e+03
1.463678671712855476e+03
1.463928702234159346e+03
1.464178732755463216e+03
1.464428763276767086e+03
1.464678793798070956e+03
1.464928824319374826e+03
1.465178854840678696e+03
1.465428885361982566e+03
1.465678915883286436e+03
1.465928946404590306e+03
1.466178976925894176e+03
1.466429007447198046e+03
1.466679037968501916e+03
1.466929068489805786e+03
1.467179099011109656e+03
1.467429129532413526e+03
1.467679160053717396e+03
1.467929190575021266e+03
1.468179221096325136e+03
1.468429251617629006e+03
1.468679282138932876e+03
1.468929312660236747e+03
1.469179343181540617e+03
1.469429373702844487e+03
1.469679404224148357e+03
1.469929434745452227e+03
1.470179465266756097e+03
1.470429495788059967e+03
1.470679526309363837e+03
1.470929556830667707e+03
1.471179587351971577e+03
1.471429617873275447e+03
1.471679648394579317e+03
1.471929678915883187e+03
1.472179709437187057e+03
1.472429739958490927e+03
1.472679770479794797e+03
1.472929801001098667e+03
1.473179831522402537e+03
1.473429862043706407e+03
1.473679892565010277e+03
1.473929923086314147e+03
1.474179953607618017e+03
1.474429984128921888e+03
1.474680014650225758e+03
1.474930045171529628e+03
1.475180075692833498e+03
1.475430106214137368e+03
1.475680136735441238e+03
1.475930167256745108e+03
1.476180197778048978e+03
1.476430228299352848e+03
1.476680258820656718e+03
1.476930289341960588e+03
1.477180319863264458e+03
1.477430350384568328e+03
1.477680380905872198e+03
1.477930411427176068e+03
1.478180441948479938e+03
1.478430472469783808e+03
1.478680502991087678e+03
1.478930533512391548e+03
1.479180564033695418e+03
1.479430594554999288e+03
1.479680625076303158e+03
1.479930655597607029e+03
1.480180686118910899e+03
1.480430716640214769e+03
1.480680747161518639e+03
1.480930777682822509e+03
1.481180808204126379e+03
1.481430838725430249e+03
1.481680869246734119e+03
1.481930899768037989e+03
1.482180930289341859e+03
1.482430960810645729e+03
1.482680991331949599e+03
1.482931021853253469e+03
1.483181052374557339e+03
1.483431082895861209e+03
1.483681113417165079e+03
1.483931143938468949e+03
1.484181174459772819e+03
1.484431204981076689e+03
1.484681235502380559e+03
1.484931266023684429e+03
1.485181296544988300e+03
1.485431327066292170e+03
1.485681357587596040e+03
1.485931388108899910e+03
1.486181418630203780e+03
1.486431449151507650e+03
1.486681479672811520e+03
1.486931510194115390e+03
1.487181540715419260e+03
1.487431571236723130e+03
1.487681601758027000e+03
1.487931632279330870e+03
1.488181662800634740e+03
1.488431693321938610e+03
1.488681723843242480e+03
1.488931754364546350e+03
1.489181784885850220e+03
1.489431815407154090e+03
1.489681845928457960e+03
1.489931876449761830e+03
1.490181906971065700e+03
1.490431937492369570e+03
1.490681968013673441e+03
1.490931998534977311e+03
1.491182029056281181e+03
1.491432059577585051e+03
1.491682090098888921e+03
1.491932120620192791e+03
1.492182151141496661e+03
1.492432181662800531e+03
1.492682212184104401e+03
1.492932242705408271e+03
1.493182273226712141e+03
1.493432303748016011e+03
1.493682334269319881e+03
1.493932364790623751e+03
1.494182395311927621e+03
1.494432425833231491e+03
1.494682456354535361e+03
1.494932486875839231e+03
1.495182517397143101e+03
1.495432547918446971e+03
1.495682578439750841e+03
1.495932608961054711e+03
1.496182639482358582e+03
1.496432670003662452e+03
1.496682700524966322e+03
1.496932731046270192e+03
1.497182761567574062e+03
1.497432792088877932e+03
1.497682822610181802e+03
1.497932853131485672e+03
1.498182883652789542e+03
1.498432914174093412e+03
1.498682944695397282e+03
1.498932975216701152e+03
1.499183005738005022e+03
1.499433036259308892e+03
1.499683066780612762e+03
1.499933097301916632e+03
1.500183127823220502e+03
1.500433158344524372e+03
1.500683188865828242e+03
1.500933219387132112e+03
1.501183249908435982e+03
1.501433280429739852e+03
1.501683310951043723e+03
1.501933341472347593e+03
1.502183371993651463e+03
1.502433402514955333e+03
1.502683433036259203e+03
1.502933463557563073e+03
1.503183494078866943e+03
1.503433524600170813e+03
1.503683555121474683e+03
1.503933585642778553e+03
1.504183616164082423e+03
1.504433646685386293e+03
1.504683677206690163e+03
1.504933707727994033e+03
1.505183738249297903e+03
1.505433768770601773e+03
1.505683799291905643e+03
1.505933829813209513e+03
1.506183860334513383e+03
1.506433890855817253e+03
1.506683921377121123e+03
1.506933951898424993e+03
1.507183982419728864e+03
1.507434012941032734e+03
1.507684043462336604e+03
1.507934073983640474e+03
1.508184104504944344e+03
1.508434135026248214e+03
1.508684165547552084e+03
1.508934196068855954e+03
1.509184226590159824e+03
1.509434257111463694e+03
1.509684287632767564e+03
1.509934318154071434e+03
1.510184348675375304e+03
1.510434379196679174e+03
1.510684409717983044e+03
1.510934440239286914e+03
1.511184470760590784e+03
1.511434501281894654e+03
1.511684531803198524e+03
1.511934562324502394e+03
1.512184592845806264e+03
1.512434623367110134e+03
1.512684653888414005e+03
1.512934684409717875e+03
1.513184714931021745e+03
1.513434745452325615e+03
1.513684775973629485e+03
1.513934806494933355e+03
1.514184837016237225e+03
1.514434867537541095e+03
1.514684898058844965e+03
1.514934928580148835e+03
1.515184959101452705e+03
1.515434989622756575e+03
1.515685020144060445e+03
1.515935050665364315e+03
1.516185081186668185e+03
1.516435111707972055e+03
1.516685142229275925e+03
1.516935172750579795e+03
1.517185203271883665e+03
1.517435233793187535e+03
1.517685264314491405e+03
1.517935294835795276e+03
1.518185325357099146e+03
1.518435355878403016e+03
1.518685386399706886e+03
1.518935416921010756e+03
1.519185447442314626e+03
1.519435477963618496e+03
1.519685508484922366e+03
1.519935539006226236e+03
1.520185569527530106e+03
1.520435600048833976e+03
1.520685630570137846e+03
1.520935661091441716e+03
1.521185691612745586e+03
1.521435722134049456e+03
1.521685752655353326e+03
1.521935783176657196e+03
1.522185813697961066e+03
1.522435844219264936e+03
1.522685874740568806e+03
1.522935905261872676e+03
1.523185935783176546e+03
1.523435966304480417e+03
1.523685996825784287e+03
1.523936027347088157e+03
1.524186057868392027e+03
1.524436088389695897e+03
1.524686118910999767e+03
1.524936149432303637e+03
1.525186179953607507e+03
1.525436210474911377e+03
1.525686240996215247e+03
1.525936271517519117e+03
1.526186302038822987e+03
1.526436332560126857e+03
1.526686363081430727e+03
1.526936393602734597e+03
1.527186424124038467e+03
1.527436454645342337e+03
1.527686485166646207e+03
1.527936515687950077e+03
1.528186546209253947e+03
1.528436576730557817e+03
1.528686607251861687e+03
1.528936637773165558e+03
1.529186668294469428e+03
1.529436698815773298e+03
1.529686729337077168e+03
1.529936759858381038e+03
1.530186790379684908e+03
1.530436820900988778e+03
1.530686851422292648e+03
1.530936881943596518e+03
1.531186912464900388e+03
1.531436942986204258e+03
1.531686973507508128e+03
1.531937004028811998e+03
1.532187034550115868e+03
1.532437065071419738e+03
1.532687095592723608e+03
1.532937126114027478e+03
1.533187156635331348e+03
1.533437187156635218e+03
1.533687217677939088e+03
1.533937248199242958e+03
1.534187278720546828e+03
1.534437309241850699e+03
1.534687339763154569e+03
1.534937370284458439e+03
1.535187400805762309e+03
1.535437431327066179e+03
1.535687461848370049e+03
1.535937492369673919e+03
1.536187522890978016e+03
1.536437553412281886e+03
1.536687583933585756e+03
1.536937614454889626e+03
1.537187644976193496e+03
1.537437675497497366e+03
1.537687706018801236e+03
1.537937736540105107e+03
1.538187767061408977e+03
1.538437797582712847e+03
1.538687828104016717e+03
1.538937858625320587e+03
1.539187889146624457e+03
1.539437919667928327e+03
1.539687950189232197e+03
1.539937980710536067e+03
1.540188011231839937e+03
1.540438041753143807e+03
1.540688072274447677e+03
1.540938102795751547e+03
1.541188133317055417e+03
1.541438163838359287e+03
1.541688194359663157e+03
1.541938224880967027e+03
1.542188255402270897e+03
1.542438285923574767e+03
1.542688316444878637e+03
1.542938346966182507e+03
1.543188377487486378e+03
1.543438408008790248e+03
1.543688438530094118e+03
1.543938469051397988e+03
1.544188499572701858e+03
1.544438530094005728e+03
1.544688560615309598e+03
1.544938591136613468e+03
1.545188621657917338e+03
1.545438652179221208e+03
1.545688682700525078e+03
1.545938713221828948e+03
1.546188743743132818e+03
1.546438774264436688e+03
1.546688804785740558e+03
1.546938835307044428e+03
1.547188865828348298e+03
1.547438896349652168e+03
1.547688926870956038e+03
1.547938957392259908e+03
1.548188987913563778e+03
1.548439018434867648e+03
1.548689048956171519e+03
1.548939079477475389e+03
1.549189109998779259e+03
1.549439140520083129e+03
1.549689171041386999e+03
1.549939201562690869e+03
1.550189232083994739e+03
1.550439262605298609e+03
1.550689293126602479e+03
1.550939323647906349e+03
1.551189354169210219e+03
1.551439384690514089e+03
1.551689415211817959e+03
1.551939445733121829e+03
1.552189476254425699e+03
1.552439506775729569e+03
1.552689537297033439e+03
1.552939567818337309e+03
1.553189598339641179e+03
1.553439628860945049e+03
1.553689659382248919e+03
1.553939689903552789e+03
1.554189720424856660e+03
1.554439750946160530e+03
1.554689781467464400e+03
1.554939811988768270e+03
1.555189842510072140e+03
1.555439873031376010e+03
1.555689903552679880e+03
1.555939934073983750e+03
1.556189964595287620e+03
1.556439995116591490e+03
1.556690025637895360e+03
1.556940056159199230e+03
1.557190086680503100e+03
1.557440117201806970e+03
1.557690147723110840e+03
1.557940178244414710e+03
1.558190208765718580e+03
1.558440239287022450e+03
1.558690269808326320e+03
1.558940300329630190e+03
1.559190330850934060e+03
1.559440361372237930e+03
1.559690391893541801e+03
1.559940422414845671e+03
1.560190452936149541e+03
1.560440483457453411e+03
1.560690513978757281e+03
1.560940544500061151e+03
1.561190575021365021e+03
1.561440605542668891e+03
1.561690636063972761e+03
1.561940666585276631e+03
1.562190697106580501e+03
1.562440727627884371e+03
1.562690758149188241e+03
1.562940788670492111e+03
1.563190819191795981e+03
1.563440849713099851e+03
1.563690880234403721e+03
1.563940910755707591e+03
1.564190941277011461e+03
1.564440971798315331e+03
1.564691002319619201e+03
1.564941032840923071e+03
1.565191063362226942e+03
1.565441093883530812e+03
1.565691124404834682e+03
1.565941154926138552e+03
1.566191185447442422e+03
1.566441215968746292e+03
1.566691246490050162e+03
1.566941277011354032e+03
1.567191307532657902e+03
1.567441338053961772e+03
1.567691368575265642e+03
1.567941399096569512e+03
1.568191429617873382e+03
1.568441460139177252e+03
1.568691490660481122e+03
1.568941521181784992e+03
1.569191551703088862e+03
1.569441582224392732e+03
1.569691612745696602e+03
1.569941643267000472e+03
1.570191673788304342e+03
1.570441704309608212e+03
1.570691734830912083e+03
1.570941765352215953e+03
1.571191795873519823e+03
1.571441826394823693e+03
1.571691856916127563e+03
1.571941887437431433e+03
1.572191917958735303e+03
1.572441948480039173e+03
1.572691979001343043e+03
1.572942009522646913e+03
1.573192040043950783e+03
1.573442070565254653e+03
1.573692101086558523e+03
1.573942131607862393e+03
1.574192162129166263e+03
1.574442192650470133e+03
1.574692223171774003e+03
1.574942253693077873e+03
1.575192284214381743e+03
1.575442314735685613e+03
1.575692345256989483e+03
1.575942375778293354e+03
1.576192406299597224e+03
1.576442436820901094e+03
1.576692467342204964e+03
1.576942497863508834e+03
1.577192528384812704e+03
1.577442558906116574e+03
1.577692589427420444e+03
1.577942619948724314e+03
1.578192650470028184e+03
1.578442680991332054e+03
1.578692711512635924e+03
1.578942742033939794e+03
1.579192772555243664e+03
1.579442803076547534e+03
1.579692833597851404e+03
1.579942864119155274e+03
1.580192894640459144e+03
1.580442925161763014e+03
1.580692955683066884e+03
1.580942986204370754e+03
1.581193016725674624e+03
1.581443047246978495e+03
1.581693077768282365e+03
1.581943108289586235e+03
1.582193138810890105e+03
1.582443169332193975e+03
1.582693199853497845e+03
1.582943230374801715e+03
1.583193260896105585e+03
1.583443291417409455e+03
1.583693321938713325e+03
1.583943352460017195e+03
1.584193382981321065e+03
1.584443413502624935e+03
1.584693444023928805e+03
1.584943474545232675e+03
1.585193505066536545e+03
1.585443535587840415e+03
1.585693566109144285e+03
1.585943596630448155e+03
1.586193627151752025e+03
1.586443657673055895e+03
1.586693688194359765e+03
1.586943718715663636e+03
1.587193749236967506e+03
1.587443779758271376e+03
1.587693810279575246e+03
1.587943840800879116e+03
1.588193871322182986e+03
1.588443901843486856e+03
1.588693932364790726e+03
1.588943962886094596e+03
1.589193993407398466e+03
1.589444023928702336e+03
1.589694054450006206e+03
1.589944084971310076e+03
1.590194115492613946e+03
1.590444146013917816e+03
1.590694176535221686e+03
1.590944207056525556e+03
1.591194237577829426e+03
1.591444268099133296e+03
1.591694298620437166e+03
1.591944329141741036e+03
1.592194359663044906e+03
1.592444390184348777e+03
1.592694420705652647e+03
1.592944451226956517e+03
1.593194481748260387e+03
1.593444512269564257e+03
1.593694542790868127e+03
1.593944573312171997e+03
1.594194603833475867e+03
1.594444634354779737e+03
1.594694664876083607e+03
1.594944695397387477e+03
1.595194725918691347e+03
1.595444756439995217e+03
1.595694786961299087e+03
1.595944817482602957e+03
1.596194848003906827e+03
1.596444878525210697e+03
1.596694909046514567e+03
1.596944939567818437e+03
1.597194970089122307e+03
1.597445000610426177e+03
1.597695031131730047e+03
1.597945061653033918e+03
1.598195092174337788e+03
1.598445122695641658e+03
1.598695153216945528e+03
1.598945183738249398e+03
1.599195214259553268e+03
1.599445244780857138e+03
1.599695275302161008e+03
1.599945305823464878e+03
1.600195336344768748e+03
1.600445366866072618e+03
1.600695397387376488e+03
1.600945427908680358e+03
1.601195458429984228e+03
1.601445488951288098e+03
1.601695519472591968e+03
1.601945549993895838e+03
1.602195580515199708e+03
1.602445611036503578e+03
1.602695641557807448e+03
1.602945672079111318e+03
1.603195702600415188e+03
1.603445733121719059e+03
1.603695763643022929e+03
1.603945794164326799e+03
1.604195824685630669e+03
1.604445855206934539e+03
1.604695885728238409e+03
1.604945916249542279e+03
1.605195946770846149e+03
1.605445977292150019e+03
1.605696007813453889e+03
1.605946038334757759e+03
1.606196068856061629e+03
1.606446099377365499e+03
1.606696129898669369e+03
1.606946160419973239e+03
1.607196190941277109e+03
1.607446221462580979e+03
1.607696251983884849e+03
1.607946282505188719e+03
1.608196313026492589e+03
1.608446343547796459e+03
1.608696374069100330e+03
1.608946404590404200e+03
1.609196435111708070e+03
1.609446465633011940e+03
1.609696496154315810e+03
1.609946526675619680e+03
1.610196557196923550e+03
1.610446587718227420e+03
1.610696618239531290e+03
1.610946648760835160e+03
1.611196679282139030e+03
1.611446709803442900e+03
1.611696740324746770e+03
1.611946770846050640e+03
1.612196801367354510e+03
1.612446831888658380e+03
1.612696862409962250e+03
1.612946892931266120e+03
1.613196923452569990e+03
1.613446953973873860e+03
1.613696984495177730e+03
1.613947015016481600e+03
1.614197045537785471e+03
1.614447076059089341e+03
1.614697106580393211e+03
1.614947137101697081e+03
1.615197167623000951e+03
1.615447198144304821e+03
1.615697228665608691e+03
1.615947259186912561e+03
1.616197289708216431e+03
1.616447320229520301e+03
1.616697350750824171e+03
1.616947381272128041e+03
1.617197411793431911e+03
1.617447442314735781e+03
1.617697472836039651e+03
1.617947503357343521e+03
1.618197533878647391e+03
1.618447564399951261e+03
1.618697594921255131e+03
1.618947625442559001e+03
1.619197655963862871e+03
1.619447686485166741e+03
1.619697717006470612e+03
1.619947747527774482e+03
1.620197778049078352e+03
1.620447808570382222e+03
1.620697839091686092e+03
1.620947869612989962e+03
1.621197900134293832e+03
1.621447930655597702e+03
1.621697961176901572e+03
1.621947991698205442e+03
1.622198022219509312e+03
1.622448052740813182e+03
1.622698083262117052e+03
1.622948113783420922e+03
1.623198144304724792e+03
1.623448174826028662e+03
1.623698205347332532e+03
1.623948235868636402e+03
1.624198266389940272e+03
1.624448296911244142e+03
1.624698327432548012e+03
1.624948357953851882e+03
1.625198388475155753e+03
1.625448418996459623e+03
1.625698449517763493e+03
1.625948480039067363e+03
1.626198510560371233e+03
1.626448541081675103e+03
1.626698571602978973e+03
1.626948602124282843e+03
1.627198632645586713e+03
1.627448663166890583e+03
1.627698693688194453e+03
1.627948724209498323e+03
1.628198754730802193e+03
1.628448785252106063e+03
1.628698815773409933e+03
1.628948846294713803e+03
1.629198876816017673e+03
1.629448907337321543e+03
1.629698937858625413e+03
1.629948968379929283e+03
1.630198998901233153e+03
1.630449029422537023e+03
1.630699059943840894e+03
1.630949090465144764e+03
1.631199120986448634e+03
1.631449151507752504e+03
1.631699182029056374e+03
1.631949212550360244e+03
1.632199243071664114e+03
1.632449273592967984e+03
1.632699304114271854e+03
1.632949334635575724e+03
1.633199365156879594e+03
1.633449395678183464e+03
1.633699426199487334e+03
1.633949456720791204e+03
1.634199487242095074e+03
1.634449517763398944e+03
1.634699548284702814e+03
1.634949578806006684e+03
1.635199609327310554e+03
1.635449639848614424e+03
1.635699670369918294e+03
1.635949700891222165e+03
1.636199731412526035e+03
1.636449761933829905e+03
1.636699792455133775e+03
1.636949822976437645e+03
1.637199853497741515e+03
1.637449884019045385e+03
1.637699914540349255e+03
1.637949945061653125e+03
1.638199975582956995e+03
1.638450006104260865e+03
1.638700036625564735e+03
1.638950067146868605e+03
1.639200097668172475e+03
1.639450128189476345e+03
1.639700158710780215e+03
1.639950189232084085e+03
1.640200219753387955e+03
1.640450250274691825e+03
1.640700280795995695e+03
1.640950311317299565e+03
1.641200341838603435e+03
1.641450372359907306e+03
1.641700402881211176e+03
1.641950433402515046e+03
1.642200463923818916e+03
1.642450494445122786e+03
1.642700524966426656e+03
1.642950555487730526e+03
1.643200586009034396e+03
1.643450616530338266e+03
1.643700647051642136e+03
1.643950677572946006e+03
1.644200708094249876e+03
1.644450738615553746e+03
1.644700769136857616e+03
1.644950799658161486e+03
1.645200830179465356e+03
1.645450860700769226e+03
1.645700891222073096e+03
1.645950921743376966e+03
1.646200952264680836e+03
1.646450982785984706e+03
1.646701013307288576e+03
1.646951043828592447e+03
1.647201074349896317e+03
1.647451104871200187e+03
1.647701135392504057e+03
1.647951165913807927e+03
1.648201196435111797e+03
1.648451226956415667e+03
1.648701257477719537e+03
1.648951287999023407e+03
1.649201318520327277e+03
1.649451349041631147e+03
1.649701379562935017e+03
1.649951410084238887e+03
1.650201440605542757e+03
1.650451471126846627e+03
1.650701501648150497e+03
1.650951532169454367e+03
1.651201562690758237e+03
1.651451593212062107e+03
1.651701623733365977e+03
1.651951654254669847e+03
1.652201684775973717e+03
1.652451715297277588e+03
1.652701745818581458e+03
1.652951776339885328e+03
1.653201806861189198e+03
1.653451837382493068e+03
1.653701867903796938e+03
1.653951898425100808e+03
1.654201928946404678e+03
1.654451959467708548e+03
1.654701989989012418e+03
1.654952020510316288e+03
1.655202051031620158e+03
1.655452081552924028e+03
1.655702112074227898e+03
1.655952142595531768e+03
1.656202173116835638e+03
1.656452203638139508e+03
1.656702234159443378e+03
1.656952264680747248e+03
1.657202295202051118e+03
1.657452325723354988e+03
1.657702356244658858e+03
1.657952386765962729e+03
1.658202417287266599e+03
1.658452447808570469e+03
1.658702478329874339e+03
1.658952508851178209e+03
1.659202539372482079e+03
1.659452569893785949e+03
1.659702600415089819e+03
1.659952630936393689e+03
1.660202661457697559e+03
1.660452691979001429e+03
1.660702722500305299e+03
1.660952753021609169e+03
1.661202783542913039e+03
1.661452814064216909e+03
1.661702844585520779e+03
1.661952875106824649e+03
1.662202905628128519e+03
1.662452936149432389e+03
1.662702966670736259e+03
1.662952997192040129e+03
1.663203027713343999e+03
1.663453058234647870e+03
1.663703088755951740e+03
1.663953119277255610e+03
1.664203149798559480e+03
1.664453180319863350e+03
1.664703210841167220e+03
1.664953241362471090e+03
1.665203271883774960e+03
1.665453302405078830e+03
1.665703332926382700e+03
1.665953363447686570e+03
1.666203393968990440e+03
1.666453424490294310e+03
1.666703455011598180e+03
1.666953485532902050e+03
1.667203516054205920e+03
1.667453546575509790e+03
1.667703577096813660e+03
1.667953607618117530e+03
1.668203638139421400e+03
1.668453668660725270e+03
1.668703699182029141e+03
1.668953729703333011e+03
1.669203760224636881e+03
1.669453790745940751e+03
1.669703821267244621e+03
1.669953851788548491e+03
1.670203882309852361e+03
1.670453912831156231e+03
1.670703943352460101e+03
1.670953973873763971e+03
1.671204004395067841e+03
1.671454034916371711e+03
1.671704065437675581e+03
1.671954095958979451e+03
1.672204126480283321e+03
1.672454157001587191e+03
1.672704187522891061e+03
1.672954218044194931e+03
1.673204248565498801e+03
1.673454279086802671e+03
1.673704309608106541e+03
1.673954340129410411e+03
1.674204370650714282e+03
1.674454401172018152e+03
1.674704431693322022e+03
1.674954462214625892e+03
1.675204492735929762e+03
1.675454523257233632e+03
1.675704553778537502e+03
1.675954584299841372e+03
1.676204614821145242e+03
1.676454645342449112e+03
1.676704675863752982e+03
1.676954706385056852e+03
1.677204736906360722e+03
1.677454767427664592e+03
1.677704797948968462e+03
1.677954828470272332e+03
1.678204858991576202e+03
1.678454889512880072e+03
1.678704920034183942e+03
1.678954950555487812e+03
1.679204981076791682e+03
1.679455011598095552e+03
1.679705042119399423e+03
1.679955072640703293e+03
1.680205103162007163e+03
1.680455133683311033e+03
1.680705164204614903e+03
1.680955194725918773e+03
1.681205225247222643e+03
1.681455255768526513e+03
1.681705286289830383e+03
1.681955316811134253e+03
1.682205347332438123e+03
1.682455377853741993e+03
1.682705408375045863e+03
1.682955438896349733e+03
1.683205469417653603e+03
1.683455499938957473e+03
1.683705530460261343e+03
1.683955560981565213e+03
1.684205591502869083e+03
1.684455622024172953e+03
1.684705652545476823e+03
1.684955683066780693e+03
1.685205713588084564e+03
1.685455744109388434e+03
1.685705774630692304e+03
1.685955805151996174e+03
1.686205835673300044e+03
1.686455866194603914e+03
1.686705896715907784e+03
1.686955927237211654e+03
1.687205957758515524e+03
1.687455988279819394e+03
1.687706018801123264e+03
1.687956049322427134e+03
1.688206079843731004e+03
1.688456110365034874e+03
1.688706140886338744e+03
1.688956171407642614e+03
1.689206201928946484e+03
1.689456232450250354e+03
1.689706262971554224e+03
1.689956293492858094e+03
1.690206324014161964e+03
1.690456354535465834e+03
1.690706385056769705e+03
1.690956415578073575e+03
1.691206446099377445e+03
1.691456476620681315e+03
1.691706507141985185e+03
1.691956537663289055e+03
1.692206568184592925e+03
1.692456598705896795e+03
1.692706629227200665e+03
1.692956659748504535e+03
1.693206690269808405e+03
1.693456720791112275e+03
1.693706751312416145e+03
1.693956781833720015e+03
1.694206812355023885e+03
1.694456842876327755e+03
1.694706873397631625e+03
1.694956903918935495e+03
1.695206934440239365e+03
1.695456964961543235e+03
1.695706995482847105e+03
1.695957026004150975e+03
1.696207056525454846e+03
1.696457087046758716e+03
1.696707117568062586e+03
1.696957148089366456e+03
1.697207178610670326e+03
1.697457209131974196e+03
1.697707239653278066e+03
1.697957270174581936e+03
1.698207300695885806e+03
1.698457331217189676e+03
1.698707361738493546e+03
1.698957392259797416e+03
1.699207422781101286e+03
1.699457453302405156e+03
1.699707483823709026e+03
1.699957514345012896e+03
1.700207544866316766e+03
1.700457575387620636e+03
1.700707605908924506e+03
1.700957636430228376e+03
1.701207666951532246e+03
1.701457697472836117e+03
1.701707727994139987e+03
1.701957758515443857e+03
1.702207789036747727e+03
1.702457819558051597e+03
1.702707850079355467e+03
1.702957880600659337e+03
1.703207911121963207e+03
1.703457941643267077e+03
1.703707972164570947e+03
1.703958002685874817e+03
1.704208033207178687e+03
1.704458063728482557e+03
1.704708094249786427e+03
1.704958124771090297e+03
1.705208155292394167e+03
1.705458185813698037e+03
1.705708216335001907e+03
1.705958246856305777e+03
1.706208277377609647e+03
1.706458307898913517e+03
1.706708338420217387e+03
1.706958368941521258e+03
1.707208399462825128e+03
1.707458429984128998e+03
1.707708460505432868e+03
1.707958491026736738e+03
1.708208521548040608e+03
1.708458552069344478e+03
1.708708582590648348e+03
1.708958613111952218e+03
1.709208643633256088e+03
1.709458674154559958e+03
1.709708704675863828e+03
1.709958735197167698e+03
1.710208765718471568e+03
1.710458796239775438e+03
1.710708826761079308e+03
1.710958857282383178e+03
1.711208887803687048e+03
1.711458918324990918e+03
1.711708948846294788e+03
1.711958979367598658e+03
1.712209009888902528e+03
1.712459040410206399e+03
1.712709070931510269e+03
1.712959101452814139e+03
1.713209131974118009e+03
1.713459162495421879e+03
1.713709193016725749e+03
1.713959223538029619e+03
1.714209254059333489e+03
1.714459284580637359e+03
1.714709315101941229e+03
1.714959345623245099e+03
1.715209376144548969e+03
1.715459406665852839e+03
1.715709437187156709e+03
1.715959467708460579e+03
1.716209498229764449e+03
1.716459528751068319e+03
1.716709559272372189e+03
1.716959589793676059e+03
1.717209620314979929e+03
1.717459650836283799e+03
1.717709681357587669e+03
1.717959711878891540e+03
1.718209742400195410e+03
1.718459772921499280e+03
1.718709803442803150e+03
1.718959833964107020e+03
1.719209864485410890e+03
1.719459895006714760e+03
1.719709925528018630e+03
1.719959956049322500e+03
1.720209986570626370e+03
1.720460017091930240e+03
1.720710047613234110e+03
1.720960078134537980e+03
1.721210108655841850e+03
1.721460139177145720e+03
1.721710169698449590e+03
1.721960200219753460e+03
1.722210230741057330e+03
1.722460261262361200e+03
1.722710291783665070e+03
1.722960322304968940e+03
1.723210352826272810e+03
1.723460383347576681e+03
1.723710413868880551e+03
1.723960444390184421e+03
1.724210474911488291e+03
1.724460505432792161e+03
1.724710535954096031e+03
1.724960566475399901e+03
1.725210596996703771e+03
1.725460627518007641e+03
1.725710658039311511e+03
1.725960688560615381e+03
1.726210719081919251e+03
1.726460749603223121e+03
1.726710780124526991e+03
1.726960810645830861e+03
1.727210841167134731e+03
1.727460871688438601e+03
1.727710902209742471e+03
1.727960932731046341e+03
1.728210963252350211e+03
1.728460993773654081e+03
1.728711024294957951e+03
1.728961054816261822e+03
1.729211085337565692e+03
1.729461115858869562e+03
1.729711146380173432e+03
1.729961176901477302e+03
1.730211207422781172e+03
1.730461237944085042e+03
1.730711268465388912e+03
1.730961298986692782e+03
1.731211329507996652e+03
1.731461360029300522e+03
1.731711390550604392e+03
1.731961421071908262e+03
1.732211451593212132e+03
1.732461482114516002e+03
1.732711512635819872e+03
1.732961543157123742e+03
1.733211573678427612e+03
1.733461604199731482e+03
1.733711634721035352e+03
1.733961665242339222e+03
1.734211695763643093e+03
1.734461726284946963e+03
1.734711756806250833e+03
1.734961787327554703e+03
1.735211817848858573e+03
1.735461848370162443e+03
1.735711878891466313e+03
1.735961909412770183e+03
1.736211939934074053e+03
1.736461970455377923e+03
1.736712000976681793e+03
1.736962031497985663e+03
1.737212062019289533e+03
1.737462092540593403e+03
1.737712123061897273e+03
1.737962153583201143e+03
1.738212184104505013e+03
1.738462214625808883e+03
1.738712245147112753e+03
1.738962275668416623e+03
1.739212306189720493e+03
1.739462336711024363e+03
1.739712367232328234e+03
1.739962397753632104e+03
1.740212428274935974e+03
1.740462458796239844e+03
1.740712489317543714e+03
1.740962519838847584e+03
1.741212550360151454e+03
1.741462580881455324e+03
1.741712611402759194e+03
1.741962641924063064e+03
1.742212672445366934e+03
1.742462702966670804e+03
1.742712733487974674e+03
1.742962764009278544e+03
1.743212794530582414e+03
1.743462825051886284e+03
1.743712855573190154e+03
1.743962886094494024e+03
1.744212916615797894e+03
1.744462947137101764e+03
1.744712977658405634e+03
1.744963008179709504e+03
1.745213038701013375e+03
1.745463069222317245e+03
1.745713099743621115e+03
1.745963130264924985e+03
1.746213160786228855e+03
1.746463191307532725e+03
1.746713221828836595e+03
1.746963252350140465e+03
1.747213282871444335e+03
1.747463313392748205e+03
1.747713343914052075e+03
1.747963374435355945e+03
1.748213404956659815e+03
1.748463435477963685e+03
1.748713465999267555e+03
1.748963496520571425e+03
1.749213527041875295e+03
1.749463557563179165e+03
1.749713588084483035e+03
1.749963618605786905e+03
1.750213649127090775e+03
1.750463679648394645e+03
1.750713710169698516e+03
1.750963740691002386e+03
1.751213771212306256e+03
1.751463801733610126e+03
1.751713832254913996e+03
1.751963862776217866e+03
1.752213893297521736e+03
1.752463923818825606e+03
1.752713954340129476e+03
1.752963984861433346e+03
1.753214015382737216e+03
1.753464045904041086e+03
1.753714076425344956e+03
1.753964106946648826e+03
1.754214137467952696e+03
1.754464167989256566e+03
1.754714198510560436e+03
1.754964229031864306e+03
1.755214259553168176e+03
1.755464290074472046e+03
1.755714320595775916e+03
1.755964351117079786e+03
1.756214381638383657e+03
1.756464412159687527e+03
1.756714442680991397e+03
1.756964473202295267e+03
1.757214503723599137e+03
1.757464534244903007e+03
1.757714564766206877e+03
1.757964595287510747e+03
1.758214625808814617e+03
1.758464656330118487e+03
1.758714686851422357e+03
1.758964717372726227e+03
1.759214747894030097e+03
1.759464778415333967e+03
1.759714808936637837e+03
1.759964839457941707e+03
1.760214869979245577e+03
1.760464900500549447e+03
1.760714931021853317e+03
1.760964961543157187e+03
1.761214992064461057e+03
1.761465022585764927e+03
1.761715053107068798e+03
1.761965083628372668e+03
1.762215114149676538e+03
1.762465144670980408e+03
1.762715175192284278e+03
1.762965205713588148e+03
1.763215236234892018e+03
1.763465266756195888e+03
1.763715297277499758e+03
1.763965327798803628e+03
1.764215358320107498e+03
1.764465388841411368e+03
1.764715419362715238e+03
1.764965449884019108e+03
1.765215480405322978e+03
1.765465510926626848e+03
1.765715541447930718e+03
1.765965571969234588e+03
1.766215602490538458e+03
1.766465633011842328e+03
1.766715663533146198e+03
1.766965694054450069e+03
1.767215724575753939e+03
1.767465755097057809e+03
1.767715785618361679e+03
1.767965816139665549e+03
1.768215846660969419e+03
1.768465877182273289e+03
1.768715907703577159e+03
1.768965938224881029e+03
1.769215968746184899e+03
1.769465999267488769e+03
1.769716029788792639e+03
1.769966060310096509e+03
1.770216090831400379e+03
1.770466121352704249e+03
1.770716151874008119e+03
1.770966182395311989e+03
1.771216212916615859e+03
1.771466243437919729e+03
1.771716273959223599e+03
1.771966304480527469e+03
1.772216335001831339e+03
1.772466365523135210e+03
1.772716396044439080e+03
1.772966426565742950e+03
1.773216457087046820e+03
1.773466487608350690e+03
1.773716518129654560e+03
1.773966548650958430e+03
1.774216579172262300e+03
1.774466609693566170e+03
1.774716640214870040e+03
1.774966670736173910e+03
1.775216701257477780e+03
1.775466731778781650e+03
1.775716762300085520e+03
1.775966792821389390e+03
1.776216823342693260e+03
1.776466853863997130e+03
1.776716884385301000e+03
1.776966914906604870e+03
1.777216945427908740e+03
1.777466975949212610e+03
1.777717006470516480e+03
1.777967036991820351e+03
1.778217067513124221e+03
1.778467098034428091e+03
1.778717128555731961e+03
1.778967159077035831e+03
1.779217189598339701e+03
1.779467220119643571e+03
1.779717250640947441e+03
1.779967281162251311e+03
1.780217311683555181e+03
1.780467342204859051e+03
1.780717372726162921e+03
1.780967403247466791e+03
1.781217433768770661e+03
1.781467464290074531e+03
1.781717494811378401e+03
1.781967525332682271e+03
1.782217555853986141e+03
1.782467586375290011e+03
1.782717616896593881e+03
1.782967647417897751e+03
1.783217677939201621e+03
1.783467708460505492e+03
1.783717738981809362e+03
1.783967769503113232e+03
1.784217800024417102e+03
1.784467830545720972e+03
1.784717861067024842e+03
1.784967891588328712e+03
1.785217922109632582e+03
1.785467952630936452e+03
1.785717983152240322e+03
1.785968013673544192e+03
1.786218044194848062e+03
1.786468074716151932e+03
1.786718105237455802e+03
1.786968135758759672e+03
1.787218166280063542e+03
1.787468196801367412e+03
1.787718227322671282e+03
1.787968257843975152e+03
1.788218288365279022e+03
1.788468318886582892e+03
1.788718349407886762e+03
1.788968379929190633e+03
1.789218410450494503e+03
1.789468440971798373e+03
1.789718471493102243e+03
1.789968502014406113e+03
1.790218532535709983e+03
1.790468563057013853e+03
1.790718593578317723e+03
1.790968624099621593e+03
1.791218654620925463e+03
1.791468685142229333e+03
1.791718715663533203e+03
1.791968746184837073e+03
1.792218776706140943e+03
1.792468807227444813e+03
1.792718837748748683e+03
1.792968868270052553e+03
1.793218898791356423e+03
1.793468929312660293e+03
1.793718959833964163e+03
1.793968990355268033e+03
1.794219020876571904e+03
1.794469051397875774e+03
1.794719081919179644e+03
1.794969112440483514e+03
1.795219142961787384e+03
1.795469173483091254e+03
1.795719204004395124e+03
1.795969234525698994e+03
1.796219265047002864e+03
1.796469295568306734e+03
1.796719326089610604e+03
1.796969356610914474e+03
1.797219387132218344e+03
1.797469417653522214e+03
1.797719448174826084e+03
1.797969478696129954e+03
1.798219509217433824e+03
1.798469539738737694e+03
1.798719570260041564e+03
1.798969600781345434e+03
1.799219631302649304e+03
1.799469661823953174e+03
1.799719692345257045e+03
1.799969722866560915e+03
1.800219753387864785e+03
1.800469783909168655e+03
1.800719814430472525e+03
1.800969844951776395e+03
1.801219875473080265e+03
1.801469905994384135e+03
1.801719936515688005e+03
1.801969967036991875e+03
1.802219997558295745e+03
1.802470028079599615e+03
1.802720058600903485e+03
1.802970089122207355e+03
1.803220119643511225e+03
1.803470150164815095e+03
1.803720180686118965e+03
1.803970211207422835e+03
1.804220241728726705e+03
1.804470272250030575e+03
1.804720302771334445e+03
1.804970333292638315e+03
1.805220363813942186e+03
1.805470394335246056e+03
1.805720424856549926e+03
1.805970455377853796e+03
1.806220485899157666e+03
1.806470516420461536e+03
1.806720546941765406e+03
1.806970577463069276e+03
1.807220607984373146e+03
1.807470638505677016e+03
1.807720669026980886e+03
1.807970699548284756e+03
1.808220730069588626e+03
1.808470760590892496e+03
1.808720791112196366e+03
1.808970821633500236e+03
1.809220852154804106e+03
1.809470882676107976e+03
1.809720913197411846e+03
1.809970943718715716e+03
1.810220974240019586e+03
1.810471004761323456e+03
1.810721035282627327e+03
1.810971065803931197e+03
1.811221096325235067e+03
1.811471126846538937e+03
1.811721157367842807e+03
1.811971187889146677e+03
1.812221218410450547e+03
1.812471248931754417e+03
1.812721279453058287e+03
1.812971309974362157e+03
1.813221340495666027e+03
1.813471371016969897e+03
1.813721401538273767e+03
1.813971432059577637e+03
1.814221462580881507e+03
1.814471493102185377e+03
1.814721523623489247e+03
1.814971554144793117e+03
1.815221584666096987e+03
1.815471615187400857e+03
1.815721645708704727e+03
1.815971676230008597e+03
1.816221706751312468e+03
1.816471737272616338e+03
1.816721767793920208e+03
1.816971798315224078e+03
1.817221828836527948e+03
1.817471859357831818e+03
1.817721889879135688e+03
1.817971920400439558e+03
1.818221950921743428e+03
1.818471981443047298e+03
1.818722011964351168e+03
1.818972042485655038e+03
1.819222073006958908e+03
1.819472103528262778e+03
1.819722134049566648e+03
1.819972164570870518e+03
1.820222195092174388e+03
1.820472225613478258e+03
1.820722256134782128e+03
1.820972286656085998e+03
1.821222317177389868e+03
1.821472347698693738e+03
1.821722378219997609e+03
1.821972408741301479e+03
1.822222439262605349e+03
1.822472469783909219e+03
1.822722500305213089e+03
1.822972530826516959e+03
1.823222561347820829e+03
1.823472591869124699e+03
1.823722622390428569e+03
1.823972652911732439e+03
1.824222683433036309e+03
1.824472713954340179e+03
1.824722744475644049e+03
1.824972774996947919e+03
1.825222805518251789e+03
1.825472836039555659e+03
1.825722866560859529e+03
1.825972897082163399e+03
1.826222927603467269e+03
1.826472958124771139e+03
1.826722988646075009e+03
1.826973019167378880e+03
1.827223049688682750e+03
1.827473080209986620e+03
1.827723110731290490e+03
1.827973141252594360e+03
1.828223171773898230e+03
1.828473202295202100e+03
1.828723232816505970e+03
1.828973263337809840e+03
1.829223293859113710e+03
1.829473324380417580e+03
1.829723354901721450e+03
1.829973385423025320e+03
1.830223415944329190e+03
1.830473446465633060e+03
1.830723476986936930e+03
1.830973507508240800e+03
1.831223538029544670e+03
1.831473568550848540e+03
1.831723599072152410e+03
1.831973629593456280e+03
1.832223660114760150e+03
1.832473690636064021e+03
1.832723721157367891e+03
1.832973751678671761e+03
1.833223782199975631e+03
1.833473812721279501e+03
1.833723843242583371e+03
1.833973873763887241e+03
1.834223904285191111e+03
1.834473934806494981e+03
1.834723965327798851e+03
1.834973995849102721e+03
1.835224026370406591e+03
1.835474056891710461e+03
1.835724087413014331e+03
1.835974117934318201e+03
1.836224148455622071e+03
1.836474178976925941e+03
1.836724209498229811e+03
1.836974240019533681e+03
1.837224270540837551e+03
1.837474301062141421e+03
1.837724331583445291e+03
1.837974362104749162e+03
1.838224392626053032e+03
1.838474423147356902e+03
1.838724453668660772e+03
1.838974484189964642e+03
1.839224514711268512e+03
1.839474545232572382e+03
1.839724575753876252e+03
1.839974606275180122e+03
1.840224636796483992e+03
1.840474667317787862e+03
1.840724697839091732e+03
1.840974728360395602e+03
1.841224758881699472e+03
1.841474789403003342e+03
1.841724819924307212e+03
1.841974850445611082e+03
1.842224880966914952e+03
1.842474911488218822e+03
1.842724942009522692e+03
1.842974972530826562e+03
1.843225003052130432e+03
1.843475033573434303e+03
1.843725064094738173e+03
1.843975094616042043e+03
1.844225125137345913e+03
1.844475155658649783e+03
1.844725186179953653e+03
1.844975216701257523e+03
1.845225247222561393e+03
1.845475277743865263e+03
1.845725308265169133e+03
1.845975338786473003e+03
1.846225369307776873e+03
1.846475399829080743e+03
1.846725430350384613e+03
1.846975460871688483e+03
1.847225491392992353e+03
1.847475521914296223e+03
1.847725552435600093e+03
1.847975582956903963e+03
1.848225613478207833e+03
1.848475643999511703e+03
1.848725674520815573e+03
1.848975705042119444e+03
1.849225735563423314e+03
1.849475766084727184e+03
1.849725796606031054e+03
1.849975827127334924e+03
1.850225857648638794e+03
1.850475888169942664e+03
1.850725918691246534e+03
1.850975949212550404e+03
1.851225979733854274e+03
1.851476010255158144e+03
1.851726040776462014e+03
1.851976071297765884e+03
1.852226101819069754e+03
1.852476132340373624e+03
1.852726162861677494e+03
1.852976193382981364e+03
1.853226223904285234e+03
1.853476254425589104e+03
1.853726284946892974e+03
1.853976315468196844e+03
1.854226345989500714e+03
1.854476376510804585e+03
1.854726407032108455e+03
1.854976437553412325e+03
1.855226468074716195e+03
1.855476498596020065e+03
1.855726529117323935e+03
1.855976559638627805e+03
1.856226590159931675e+03
1.856476620681235545e+03
1.856726651202539415e+03
1.856976681723843285e+03
1.857226712245147155e+03
1.857476742766451025e+03
1.857726773287754895e+03
1.857976803809058765e+03
1.858226834330362635e+03
1.858476864851666505e+03
1.858726895372970375e+03
1.858976925894274245e+03
1.859226956415578115e+03
1.859476986936881985e+03
1.859727017458185856e+03
1.859977047979489726e+03
1.860227078500793596e+03
1.860477109022097466e+03
1.860727139543401336e+03
1.860977170064705206e+03
1.861227200586009076e+03
1.861477231107312946e+03
1.861727261628616816e+03
1.861977292149920686e+03
1.862227322671224556e+03
1.862477353192528426e+03
1.862727383713832296e+03
1.862977414235136166e+03
1.863227444756440036e+03
1.863477475277743906e+03
1.863727505799047776e+03
1.863977536320351646e+03
1.864227566841655516e+03
1.864477597362959386e+03
1.864727627884263256e+03
1.864977658405567126e+03
1.865227688926870997e+03
1.865477719448174867e+03
1.865727749969478737e+03
1.865977780490782607e+03
1.866227811012086477e+03
1.866477841533390347e+03
1.866727872054694217e+03
1.866977902575998087e+03
1.867227933097301957e+03
1.867477963618605827e+03
1.867727994139909697e+03
1.867978024661213567e+03
1.868228055182517437e+03
1.868478085703821307e+03
1.868728116225125177e+03
1.868978146746429047e+03
1.869228177267732917e+03
1.869478207789036787e+03
1.869728238310340657e+03
1.869978268831644527e+03
1.870228299352948397e+03
1.870478329874252267e+03
1.870728360395556138e+03
1.870978390916860008e+03
1.871228421438163878e+03
1.871478451959467748e+03
1.871728482480771618e+03
1.871978513002075488e+03
1.872228543523379358e+03
1.872478574044683228e+03
1.872728604565987098e+03
1.872978635087290968e+03
1.873228665608594838e+03
1.873478696129898708e+03
1.873728726651202578e+03
1.873978757172506448e+03
1.874228787693810318e+03
1.874478818215114188e+03
1.874728848736418058e+03
1.874978879257721928e+03
1.875228909779025798e+03
1.875478940300329668e+03
1.875728970821633538e+03
1.875979001342937408e+03
1.876229031864241279e+03
1.876479062385545149e+03
1.876729092906849019e+03
1.876979123428152889e+03
1.877229153949456759e+03
1.877479184470760629e+03
1.877729214992064499e+03
1.877979245513368369e+03
1.878229276034672239e+03
1.878479306555976109e+03
1.878729337077279979e+03
1.878979367598583849e+03
1.879229398119887719e+03
1.879479428641191589e+03
1.879729459162495459e+03
1.879979489683799329e+03
1.880229520205103199e+03
1.880479550726407069e+03
1.880729581247710939e+03
1.880979611769014809e+03
1.881229642290318679e+03
1.881479672811622549e+03
1.881729703332926420e+03
1.881979733854230290e+03
1.882229764375534160e+03
1.882479794896838030e+03
1.882729825418141900e+03
1.882979855939445770e+03
1.883229886460749640e+03
1.883479916982053510e+03
1.883729947503357380e+03
1.883979978024661250e+03
1.884230008545965120e+03
1.884480039067268990e+03
1.884730069588572860e+03
1.884980100109876730e+03
1.885230130631180600e+03
1.885480161152484470e+03
1.885730191673788340e+03
1.885980222195092210e+03
1.886230252716396080e+03
1.886480283237699950e+03
1.886730313759003820e+03
1.886980344280307690e+03
1.887230374801611561e+03
1.887480405322915431e+03
1.887730435844219301e+03
1.887980466365523171e+03
1.888230496886827041e+03
1.888480527408130911e+03
1.888730557929434781e+03
1.888980588450738651e+03
1.889230618972042521e+03
1.889480649493346391e+03
1.889730680014650261e+03
1.889980710535954131e+03
1.890230741057258001e+03
1.890480771578561871e+03
1.890730802099865741e+03
1.890980832621169611e+03
1.891230863142473481e+03
1.891480893663777351e+03
1.891730924185081221e+03
1.891980954706385091e+03
1.892230985227688961e+03
1.892481015748992832e+03
1.892731046270296702e+03
1.892981076791600572e+03
1.893231107312904442e+03
1.893481137834208312e+03
1.893731168355512182e+03
1.893981198876816052e+03
1.894231229398119922e+03
1.894481259919423792e+03
1.894731290440727662e+03
1.894981320962031532e+03
1.895231351483335402e+03
1.895481382004639272e+03
1.895731412525943142e+03
1.895981443047247012e+03
1.896231473568550882e+03
1.896481504089854752e+03
1.896731534611158622e+03
1.896981565132462492e+03
1.897231595653766362e+03
1.897481626175070232e+03
1.897731656696374102e+03
1.897981687217677973e+03
1.898231717738981843e+03
1.898481748260285713e+03
1.898731778781589583e+03
1.898981809302893453e+03
1.899231839824197323e+03
1.899481870345501193e+03
1.899731900866805063e+03
1.899981931388108933e+03
1.900231961909412803e+03
1.900481992430716673e+03
1.900732022952020543e+03
1.900982053473324413e+03
1.901232083994628283e+03
1.901482114515932153e+03
1.901732145037236023e+03
1.901982175558539893e+03
1.902232206079843763e+03
1.902482236601147633e+03
1.902732267122451503e+03
1.902982297643755373e+03
1.903232328165059243e+03
1.903482358686363114e+03
1.903732389207666984e+03
1.903982419728970854e+03
1.904232450250274724e+03
1.904482480771578594e+03
1.904732511292882464e+03
1.904982541814186334e+03
1.905232572335490204e+03
1.905482602856794074e+03
1.905732633378097944e+03
1.905982663899401814e+03
1.906232694420705684e+03
1.906482724942009554e+03
1.906732755463313424e+03
1.906982785984617294e+03
1.907232816505921164e+03
1.907482847027225034e+03
1.907732877548528904e+03
1.907982908069832774e+03
1.908232938591136644e+03
1.908482969112440514e+03
1.908732999633744384e+03
1.908983030155048255e+03
1.909233060676352125e+03
1.909483091197655995e+03
1.909733121718959865e+03
1.909983152240263735e+03
1.910233182761567605e+03
1.910483213282871475e+03
1.910733243804175345e+03
1.910983274325479215e+03
1.911233304846783085e+03
1.911483335368086955e+03
1.911733365889390825e+03
1.911983396410694695e+03
1.912233426931998565e+03
1.912483457453302435e+03
1.912733487974606305e+03
1.912983518495910175e+03
1.913233549017214045e+03
1.913483579538517915e+03
1.913733610059821785e+03
1.913983640581125655e+03
1.914233671102429525e+03
1.914483701623733396e+03
1.914733732145037266e+03
1.914983762666341136e+03
1.915233793187645006e+03
1.915483823708948876e+03
1.915733854230252746e+03
1.915983884751556616e+03
1.916233915272860486e+03
1.916483945794164356e+03
1.916733976315468226e+03
1.916984006836772096e+03
1.917234037358075966e+03
1.917484067879379836e+03
1.917734098400683706e+03
1.917984128921987576e+03
1.918234159443291446e+03
1.918484189964595316e+03
1.918734220485899186e+03
1.918984251007203056e+03
1.919234281528506926e+03
1.919484312049810796e+03
1.919734342571114666e+03
1.919984373092418537e+03
1.920234403613722407e+03
1.920484434135026277e+03
1.920734464656330147e+03
1.920984495177634017e+03
1.921234525698937887e+03
1.921484556220241757e+03
1.921734586741545627e+03
1.921984617262849497e+03
1.922234647784153367e+03
1.922484678305457237e+03
1.922734708826761107e+03
1.922984739348064977e+03
1.923234769869368847e+03
1.923484800390672717e+03
1.923734830911976587e+03
1.923984861433280457e+03
1.924234891954584327e+03
1.924484922475888197e+03
1.924734952997192067e+03
1.924984983518495937e+03
1.925235014039799808e+03
1.925485044561103678e+03
1.925735075082407548e+03
1.925985105603711418e+03
1.926235136125015288e+03
1.926485166646319158e+03
1.926735197167623028e+03
1.926985227688926898e+03
1.927235258210230768e+03
1.927485288731534638e+03
1.927735319252838508e+03
1.927985349774142378e+03
1.928235380295446248e+03
1.928485410816750118e+03
1.928735441338053988e+03
1.928985471859357858e+03
1.929235502380661728e+03
1.929485532901965598e+03
1.929735563423269468e+03
1.929985593944573338e+03
1.930235624465877208e+03
1.930485654987181078e+03
1.930735685508484949e+03
1.930985716029788819e+03
1.931235746551092689e+03
1.931485777072396559e+03
1.931735807593700429e+03
1.931985838115004299e+03
1.932235868636308169e+03
1.932485899157612039e+03
1.932735929678915909e+03
1.932985960200219779e+03
1.933235990721523649e+03
1.933486021242827519e+03
1.933736051764131389e+03
1.933986082285435259e+03
1.934236112806739129e+03
1.934486143328042999e+03
1.934736173849346869e+03
1.934986204370650739e+03
1.935236234891954609e+03
1.935486265413258479e+03
1.935736295934562349e+03
1.935986326455866219e+03
1.936236356977170090e+03
1.936486387498473960e+03
1.936736418019777830e+03
1.936986448541081700e+03
1.937236479062385570e+03
1.937486509583689440e+03
1.937736540104993310e+03
1.937986570626297180e+03
1.938236601147601050e+03
1.938486631668904920e+03
1.938736662190208790e+03
1.938986692711512660e+03
1.939236723232816530e+03
1.939486753754120400e+03
1.939736784275424270e+03
1.939986814796728140e+03
1.940236845318032010e+03
1.940486875839335880e+03
1.940736906360639750e+03
1.940986936881943620e+03
1.941236967403247490e+03
1.941486997924551360e+03
1.941737028445855231e+03
1.941987058967159101e+03
1.942237089488462971e+03
1.942487120009766841e+03
1.942737150531070711e+03
1.942987181052374581e+03
1.943237211573678451e+03
1.943487242094982321e+03
1.943737272616286191e+03
1.943987303137590061e+03
1.944237333658893931e+03
1.944487364180197801e+03
1.944737394701501671e+03
1.944987425222805541e+03
1.945237455744109411e+03
1.945487486265413281e+03
1.945737516786717151e+03
1.945987547308021021e+03
1.946237577829324891e+03
1.946487608350628761e+03
1.946737638871932631e+03
1.946987669393236501e+03
1.947237699914540372e+03
1.947487730435844242e+03
1.947737760957148112e+03
1.947987791478451982e+03
1.948237821999755852e+03
1.948487852521059722e+03
1.948737883042363592e+03
1.948987913563667462e+03
1.949237944084971332e+03
1.949487974606275202e+03
1.949738005127579072e+03
1.949988035648882942e+03
1.950238066170186812e+03
1.950488096691490682e+03
1.950738127212794552e+03
1.950988157734098422e+03
1.951238188255402292e+03
1.951488218776706162e+03
1.951738249298010032e+03
1.951988279819313902e+03
1.952238310340617772e+03
1.952488340861921642e+03
1.952738371383225513e+03
1.952988401904529383e+03
1.953238432425833253e+03
1.953488462947137123e+03
1.953738493468440993e+03
1.953988523989744863e+03
1.954238554511048733e+03
1.954488585032352603e+03
1.954738615553656473e+03
1.954988646074960343e+03
1.955238676596264213e+03
1.955488707117568083e+03
1.955738737638871953e+03
1.955988768160175823e+03
1.956238798681479693e+03
1.956488829202783563e+03
1.956738859724087433e+03
1.956988890245391303e+03
1.957238920766695173e+03
1.957488951287999043e+03
1.957738981809302913e+03
1.957989012330606784e+03
1.958239042851910654e+03
1.958489073373214524e+03
1.958739103894518394e+03
1.958989134415822264e+03
1.959239164937126134e+03
1.959489195458430004e+03
1.959739225979733874e+03
1.959989256501037744e+03
1.960239287022341614e+03
1.960489317543645484e+03
1.960739348064949354e+03
1.960989378586253224e+03
1.961239409107557094e+03
1.961489439628860964e+03
1.961739470150164834e+03
1.961989500671468704e+03
1.962239531192772574e+03
1.962489561714076444e+03
1.962739592235380314e+03
1.962989622756684184e+03
1.963239653277988054e+03
1.963489683799291925e+03
1.963739714320595795e+03
1.963989744841899665e+03
1.964239775363203535e+03
1.964489805884507405e+03
1.964739836405811275e+03
1.964989866927115145e+03
1.965239897448419015e+03
1.965489927969722885e+03
1.965739958491026755e+03
1.965989989012330625e+03
1.966240019533634495e+03
1.966490050054938365e+03
1.966740080576242235e+03
1.966990111097546105e+03
1.967240141618849975e+03
1.967490172140153845e+03
1.967740202661457715e+03
1.967990233182761585e+03
1.968240263704065455e+03
1.968490294225369325e+03
1.968740324746673195e+03
1.968990355267977066e+03
1.969240385789280936e+03
1.969490416310584806e+03
1.969740446831888676e+03
1.969990477353192546e+03
1.970240507874496416e+03
1.970490538395800286e+03
1.970740568917104156e+03
1.970990599438408026e+03
1.971240629959711896e+03
1.971490660481015766e+03
1.971740691002319636e+03
1.971990721523623506e+03
1.972240752044927376e+03
1.972490782566231246e+03
1.972740813087535116e+03
1.972990843608838986e+03
1.973240874130142856e+03
1.973490904651446726e+03
1.973740935172750596e+03
1.973990965694054466e+03
1.974240996215358336e+03
1.974491026736662207e+03
1.974741057257966077e+03
1.974991087779269947e+03
1.975241118300573817e+03
1.975491148821877687e+03
1.975741179343181557e+03
1.975991209864485427e+03
1.976241240385789297e+03
1.976491270907093167e+03
1.976741301428397037e+03
1.976991331949700907e+03
1.977241362471004777e+03
1.977491392992308647e+03
1.977741423513612517e+03
1.977991454034916387e+03
1.978241484556220257e+03
1.978491515077524127e+03
1.978741545598827997e+03
1.978991576120131867e+03
1.979241606641435737e+03
1.979491637162739607e+03
1.979741667684043477e+03
1.979991698205347348e+03
1.980241728726651218e+03
1.980491759247955088e+03
1.980741789769258958e+03
1.980991820290562828e+03
1.981241850811866698e+03
1.981491881333170568e+03
1.981741911854474438e+03
1.981991942375778308e+03
1.982241972897082178e+03
1.982492003418386048e+03
1.982742033939689918e+03
1.982992064460993788e+03
1.983242094982297658e+03
1.983492125503601528e+03
1.983742156024905398e+03
1.983992186546209268e+03
1.984242217067513138e+03
1.984492247588817008e+03
1.984742278110120878e+03
1.984992308631424748e+03
1.985242339152728619e+03
1.985492369674032489e+03
1.985742400195336359e+03
1.985992430716640229e+03
1.986242461237944099e+03
1.986492491759247969e+03
1.986742522280551839e+03
1.986992552801855709e+03
1.987242583323159579e+03
1.987492613844463449e+03
1.987742644365767319e+03
1.987992674887071189e+03
1.988242705408375059e+03
1.988492735929678929e+03
1.988742766450982799e+03
1.988992796972286669e+03
1.989242827493590539e+03
1.989492858014894409e+03
1.989742888536198279e+03
1.989992919057502149e+03
1.990242949578806019e+03
1.990492980100109889e+03
1.990743010621413760e+03
1.990993041142717630e+03
1.991243071664021500e+03
1.991493102185325370e+03
1.991743132706629240e+03
1.991993163227933110e+03
1.992243193749236980e+03
1.992493224270540850e+03
1.992743254791844720e+03
1.992993285313148590e+03
1.993243315834452460e+03
1.993493346355756330e+03
1.993743376877060200e+03
1.993993407398364070e+03
1.994243437919667940e+03
1.994493468440971810e+03
1.994743498962275680e+03
1.994993529483579550e+03
1.995243560004883420e+03
1.995493590526187290e+03
1.995743621047491160e+03
1.995993651568795030e+03
1.996243682090098901e+03
1.996493712611402771e+03
1.996743743132706641e+03
1.996993773654010511e+03
1.997243804175314381e+03
1.997493834696618251e+03
1.997743865217922121e+03
1.997993895739225991e+03
1.998243926260529861e+03
1.998493956781833731e+03
1.998743987303137601e+03
1.998994017824441471e+03
1.999244048345745341e+03
1.999494078867049211e+03
1.999744109388353081e+03
1.999994139909656951e+03
2.000244170430960821e+03
2.000494200952264691e+03
2.000744231473568561e+03
2.000994261994872431e+03
2.001244292516176301e+03
2.001494323037480171e+03
2.001744353558784042e+03
2.001994384080087912e+03
2.002244414601391782e+03
2.002494445122695652e+03
2.002744475643999522e+03
2.002994506165303392e+03
2.003244536686607262e+03
2.003494567207911132e+03
2.003744597729215002e+03
2.003994628250518872e+03
2.004244658771822742e+03
2.004494689293126612e+03
2.004744719814430482e+03
2.004994750335734352e+03
2.005244780857038222e+03
2.005494811378342092e+03
2.005744841899645962e+03
2.005994872420949832e+03
2.006244902942253702e+03
2.006494933463557572e+03
2.006744963984861442e+03
2.006994994506165312e+03
2.007245025027469183e+03
2.007495055548773053e+03
2.007745086070076923e+03
2.007995116591380793e+03
2.008245147112684663e+03
2.008495177633988533e+03
2.008745208155292403e+03
2.008995238676596273e+03
2.009245269197900143e+03
2.009495299719204013e+03
2.009745330240507883e+03
2.009995360761811753e+03
2.010245391283115623e+03
2.010495421804419493e+03
2.010745452325723363e+03
2.010995482847027233e+03
2.011245513368331103e+03
2.011495543889634973e+03
2.011745574410938843e+03
2.011995604932242713e+03
2.012245635453546583e+03
2.012495665974850453e+03
2.012745696496154324e+03
2.012995727017458194e+03
2.013245757538762064e+03
2.013495788060065934e+03
2.013745818581369804e+03
2.013995849102673674e+03
2.014245879623977544e+03
2.014495910145281414e+03
2.014745940666585284e+03
2.014995971187889154e+03
2.015246001709193024e+03
2.015496032230496894e+03
2.015746062751800764e+03
2.015996093273104634e+03
2.016246123794408504e+03
2.016496154315712374e+03
2.016746184837016244e+03
2.016996215358320114e+03
2.017246245879623984e+03
2.017496276400927854e+03
2.017746306922231724e+03
2.017996337443535595e+03
2.018246367964839465e+03
2.018496398486143335e+03
2.018746429007447205e+03
2.018996459528751075e+03
2.019246490050054945e+03
2.019496520571358815e+03
2.019746551092662685e+03
2.019996581613966555e+03
2.020246612135270425e+03
2.020496642656574295e+03
2.020746673177878165e+03
2.020996703699182035e+03
2.021246734220485905e+03
2.021496764741789775e+03
2.021746795263093645e+03
2.021996825784397515e+03
2.022246856305701385e+03
2.022496886827005255e+03
2.022746917348309125e+03
2.022996947869612995e+03
2.023246978390916865e+03
2.023497008912220736e+03
2.023747039433524606e+03
2.023997069954828476e+03
2.024247100476132346e+03
2.024497130997436216e+03
2.024747161518740086e+03
2.024997192040043956e+03
2.025247222561347826e+03
2.025497253082651696e+03
2.025747283603955566e+03
2.025997314125259436e+03
2.026247344646563306e+03
2.026497375167867176e+03
2.026747405689171046e+03
2.026997436210474916e+03
2.027247466731778786e+03
2.027497497253082656e+03
2.027747527774386526e+03
2.027997558295690396e+03
2.028247588816994266e+03
2.028497619338298136e+03
2.028747649859602006e+03
2.028997680380905877e+03
2.029247710902209747e+03
2.029497741423513617e+03
2.029747771944817487e+03
2.029997802466121357e+03
2.030247832987425227e+03
2.030497863508729097e+03
2.030747894030032967e+03
2.030997924551336837e+03
2.031247955072640707e+03
2.031497985593944577e+03
2.031748016115248447e+03
2.031998046636552317e+03
2.032248077157856187e+03
2.032498107679160057e+03
2.032748138200463927e+03
2.032998168721767797e+03
2.033248199243071667e+03
2.033498229764375537e+03
2.033748260285679407e+03
2.033998290806983277e+03
2.034248321328287147e+03
2.034498351849591018e+03
2.034748382370894888e+03
2.034998412892198758e+03
2.035248443413502628e+03
2.035498473934806498e+03
2.035748504456110368e+03
2.035998534977414238e+03
2.036248565498718108e+03
2.036498596020021978e+03
2.036748626541325848e+03
2.036998657062629718e+03
2.037248687583933588e+03
2.037498718105237458e+03
2.037748748626541328e+03
2.037998779147845198e+03
2.038248809669149068e+03
2.038498840190452938e+03
2.038748870711756808e+03
2.038998901233060678e+03
2.039248931754364548e+03
2.039498962275668418e+03
2.039748992796972288e+03
2.039999023318276159e+03
2.040249053839580029e+03
2.040499084360883899e+03
2.040749114882187769e+03
2.040999145403491639e+03
2.041249175924795509e+03
2.041499206446099379e+03
2.041749236967403249e+03
2.041999267488707119e+03
2.042249298010010989e+03
2.042499328531314859e+03
2.042749359052618729e+03
2.042999389573922599e+03
2.043249420095226469e+03
2.043499450616530339e+03
2.043749481137834209e+03
2.043999511659138079e+03
2.044249542180441949e+03
2.044499572701745819e+03
2.044749603223049689e+03
2.044999633744353559e+03
2.045249664265657429e+03
2.045499694786961300e+03
2.045749725308265170e+03
2.045999755829569040e+03
2.046249786350872910e+03
2.046499816872176780e+03
2.046749847393480650e+03
2.046999877914784520e+03
2.047249908436088390e+03
2.047499938957392260e+03
2.047749969478696130e+03
2.048000000000000000e+03
