4.447117340645091232e+00
4.442336474056398643e+00
4.427407678122649237e+00
4.404665821221505517e+00
4.372048991884589952e+00
4.332742076050175584e+00
4.283977523467407345e+00
4.231381995274863250e+00
4.169967763569992769e+00
4.100936021945994270e+00
4.023962193954048416e+00
3.941848028292412209e+00
3.852831948896187964e+00
3.758171812917428412e+00
3.657739699511498799e+00
3.557704782004392552e+00
3.452500313717327796e+00
3.343618855891470787e+00
3.230747795367638453e+00
3.115348547962078385e+00
3.000763687986105488e+00
2.883993261084416115e+00
2.765638567103484213e+00
2.647375989716461930e+00
2.528635429268603740e+00
2.411760437712686223e+00
2.296166492687618632e+00
2.181390233946817858e+00
2.067503093104666068e+00
1.964150932501327107e+00
1.862637645007189979e+00
1.763078547734629353e+00
1.661424143242704821e+00
1.564856122271447436e+00
1.471764795315923635e+00
1.383649898501684516e+00
1.299670878972070565e+00
1.219641464808736364e+00
1.143016276906196005e+00
1.069785518349177789e+00
1.000568772425645125e+00
9.346309901601306258e-01
8.719250835790414156e-01
8.123939628821762460e-01
7.569862590893703391e-01
7.046044620915627998e-01
6.550750203188104859e-01
6.086594316497567769e-01
5.667009124657057528e-01
5.271310489485444561e-01
4.907579500655743776e-01
4.565005035029913727e-01
4.258343298694898804e-01
3.977470080084917203e-01
3.716793141991958094e-01
3.471486778811792018e-01
3.248449881566107811e-01
3.042281046297871105e-01
2.861374389946504948e-01
2.703805376019217666e-01
2.554725031751631792e-01
2.415325999659864442e-01
2.288648776044353572e-01
2.181663393439579046e-01
2.079938126503386442e-01
1.982471216767896782e-01
1.888896643689390031e-01
1.799254088277844887e-01
1.713330605532210615e-01
1.631170185518579507e-01
1.552533467923680188e-01
1.477327436207217792e-01
1.405455676530921183e-01
1.336928757375515642e-01
1.271519951974970364e-01
1.209128384866437061e-01
1.149652258914515557e-01
1.092989376061667406e-01
1.039037608681584457e-01
9.876953235865056080e-02
9.388617608938591708e-02
8.935358941864603166e-02
8.504246127836309621e-02
8.094115821430486468e-02
7.706611730195318810e-02
7.338305133717758222e-02
6.988390061636969020e-02
6.659500962160795623e-02
6.346960101875598337e-02
6.054924303892892518e-02
5.777282464853920191e-02
5.515340637872378354e-02
5.266325497573057235e-02
5.029686327645918609e-02
4.804886981710554394e-02
4.591406565084196756e-02
4.388739971210739443e-02
4.196398285950402735e-02
4.013909072341807077e-02
3.842395939601837146e-02
3.679629677139509975e-02
3.526104198641316634e-02
3.380419887347899111e-02
3.242216448038322263e-02
3.111147380438918086e-02
2.986879910299967272e-02
2.869094868217107394e-02
2.759217116310505938e-02
2.655007773374683591e-02
2.556207970527621734e-02
2.462569805422553521e-02
2.373856185296079058e-02
2.289840644712270654e-02
2.211713556731260619e-02
2.137301309716785336e-02
2.066828231696997073e-02
2.000121564868012625e-02
1.938308708866949559e-02
1.879799270689982635e-02
1.823869833822563957e-02
1.770984826436901999e-02
1.720960672248489018e-02
1.673072966675174036e-02
1.627883326601360300e-02
1.584229751172931688e-02
1.533545527713514427e-02
1.486367586371862420e-02
1.442503566029928672e-02
1.401776439443414880e-02
1.364023593432504670e-02
1.329095990262188498e-02
1.296857406140576423e-02
1.267183743204367344e-02
1.239962411799190589e-02
1.215091780301443859e-02
1.192480690170322558e-02
1.172048034367621783e-02
1.153722397742053436e-02
1.137441758449114770e-02
1.123032005191808985e-02
1.110567294378659621e-02
1.100012089751755025e-02
1.090619889485489220e-02
1.083066840718205012e-02
1.075291145083830287e-02
1.064408473242286698e-02
1.053836086487467197e-02
1.042309785333744507e-02
1.032190852450973369e-02
1.022431143970007304e-02
1.012014846218209016e-02
9.991783335656609019e-03
9.874780991554008708e-03
9.750898449634263013e-03
9.637320699390343817e-03
9.506070230420167466e-03
9.449077563190123180e-03
9.400313452543404211e-03
9.354221418917450445e-03
9.300349845233694956e-03
9.249915284243499444e-03
9.203008380106368624e-03
9.159720768553727271e-03
9.114283400820101869e-03
9.072417209662401311e-03
9.034590066059876648e-03
8.996732370110385388e-03
8.967547242530427357e-03
8.932097636530902593e-03
8.899389361194647713e-03
8.860575734064212935e-03
8.827286385079805009e-03
8.786226391009241757e-03
8.750453517133795905e-03
8.670477573989629483e-03
8.586694129662559086e-03
8.503409127273297771e-03
8.421687215959467940e-03
8.337614343047220974e-03
8.253861609649569900e-03
8.167164454445827518e-03
8.080888709717320983e-03
7.995128833359180925e-03
7.900682979371881354e-03
7.804660429939960960e-03
7.709132750152161359e-03
7.614189460209519304e-03
7.519915901543102604e-03
7.426393302716127222e-03
7.334002480285807708e-03
7.241131834386504811e-03
7.153721977392271322e-03
7.062827223124424139e-03
6.975396164268734926e-03
6.887123313440381492e-03
6.799548217137111120e-03
6.707018374912317692e-03
6.615745010119886832e-03
6.522297764205546751e-03
6.430363604856041693e-03
6.336994433857517060e-03
6.244343972151014492e-03
6.146488330008607545e-03
6.049922654255852732e-03
5.953615651523070512e-03
5.858663414295656874e-03
5.762737304831251801e-03
5.668200044413412159e-03
5.572602324471581832e-03
5.478420701909726860e-03
5.385685491242562552e-03
5.294423923667143130e-03
5.204660273471703458e-03
5.116415984826779180e-03
5.029709798561957275e-03
4.944557878561219900e-03
4.852974035613771830e-03
4.762867848174738399e-03
4.672997360457321891e-03
4.584625221875178978e-03
4.497766189332413726e-03
4.412432524567497065e-03
4.328634111246094408e-03
4.246378571023724270e-03
4.165671378309286806e-03
4.086515973484580039e-03
4.007094054264001386e-03
3.929207545805231405e-03
3.852856535961440149e-03
3.786992095108463949e-03
3.725642926462361618e-03
3.665391162732862824e-03
3.611009811405194864e-03
3.569522845708551252e-03
3.529391047396225611e-03
3.490619629624542534e-03
3.453213445385511140e-03
3.417177090550784294e-03
3.381380661259292784e-03
3.347042288052239339e-03
3.314162764885371891e-03
3.283844450116541434e-03
3.254912726534730377e-03
3.227373018733150408e-03
3.201231195715694648e-03
3.176493671818991782e-03
3.153167508496997236e-03
3.131308201766188140e-03
3.110873717649449526e-03
3.091873816645224725e-03
3.074319322376373263e-03
3.058222233140212628e-03
3.043595836653920691e-03
3.030454828491551539e-03
3.018815434745760438e-03
3.008695539487453875e-03
3.000114817639910111e-03
2.993094873931198205e-03
2.987659388640043039e-03
2.983834270906509777e-03
2.972879494647120893e-03
2.963195248287190785e-03
2.954799312580692807e-03
2.940777594053896674e-03
2.909093386621861878e-03
2.876613010970019250e-03
2.844135896345187115e-03
2.812052208080973240e-03
2.780498291512397292e-03
2.751699150046974223e-03
2.722899700515854504e-03
2.692018209240232361e-03
2.661554954133831408e-03
2.633785142572544515e-03
2.606062961050209167e-03
2.578620030749281811e-03
2.551469025835152379e-03
2.524621998056122887e-03
2.498090394188383443e-03
2.471885073979059478e-03
2.446016328529778110e-03
2.420493899066037454e-03
2.393236354989958410e-03
2.366286851467925677e-03
2.339654983457522056e-03
2.313349796617165163e-03
2.287379804554067440e-03
2.261753006336008568e-03
2.235269019048451850e-03
2.209487349930266183e-03
2.182598824097325540e-03
2.155990030281875955e-03
2.128892680300774765e-03
2.102073470284602803e-03
2.075540712958080444e-03
2.049302203031998140e-03
2.023365231581661892e-03
1.997736600663052673e-03
1.972422638125699568e-03
1.947429212583308032e-03
1.921931101284853971e-03
1.896745152200534322e-03
1.871486403823830174e-03
1.846530736888738703e-03
1.821777009679496039e-03
1.797344639136748065e-03
1.773237742994682479e-03
1.749460050422228016e-03
1.724877145824286768e-03
1.700606030254338871e-03
1.676650436940335274e-03
1.653013724961427313e-03
1.629698892415192262e-03
1.606708589554491475e-03
1.582986480822962810e-03
1.560312238293086549e-03
1.537890645797547690e-03
1.515726515217558730e-03
1.492777846412232656e-03
1.470075669913066367e-03
1.447624910361881801e-03
1.425430109840797365e-03
1.403495438399184406e-03
1.381824704698767468e-03
1.360421366750221451e-03
1.340227378990827911e-03
1.329038883354214263e-03
1.318364758472847283e-03
1.309756176155352052e-03
1.301560646504162488e-03
1.293781417693221298e-03
1.286421878979280686e-03
1.279485583667252461e-03
1.272976272455421821e-03
1.266897897220450181e-03
1.261330006083373565e-03
1.256197277848806592e-03
1.251504606026913619e-03
1.247257188811879639e-03
1.243460556204423932e-03
1.240120598034983885e-03
1.237243592984329458e-03
1.234836238705126852e-03
1.233299332542531473e-03
1.232226190808610993e-03
1.232482275785285472e-03
1.233177463537071371e-03
1.234323009901739212e-03
1.235930695653848213e-03
1.238012867728909916e-03
1.240582482580104623e-03
1.243653151843843434e-03
1.247239190504930220e-03
1.251355667767599898e-03
1.254744865093929346e-03
1.258752313360477024e-03
1.263041634792345545e-03
1.258027236383754471e-03
1.252575416378197025e-03
1.247258774868713468e-03
1.241964730331171539e-03
1.236807617932073489e-03
1.233040887345218054e-03
1.229345744030441601e-03
1.224651669698795112e-03
1.219407972420420488e-03
1.214296577803177391e-03
1.209370803624161333e-03
1.203278096142960463e-03
1.197321118617891873e-03
1.191501744864779423e-03
1.185821823810547437e-03
1.179868641706372217e-03
1.174042266795216919e-03
1.167908382272768615e-03
1.161887806254304325e-03
1.155982191530472748e-03
1.150193159916220549e-03
1.143911890812132669e-03
1.137726857726302455e-03
1.131639589302207765e-03
1.125651578454267207e-03
1.119764284321802736e-03
1.113979134238052065e-03
1.108297525713677293e-03
1.103346429270184561e-03
1.098464268501343072e-03
1.093653267217514812e-03
1.088915610042174740e-03
1.084253444154719597e-03
1.079621902945552755e-03
1.075068143205272497e-03
1.069879580911387712e-03
1.064744338360644688e-03
1.059211152440063834e-03
1.053835754908590645e-03
1.048649076406002207e-03
1.043486960624165653e-03
1.038236461125982557e-03
1.033150573852240723e-03
1.027957467524407776e-03
1.022793217447507622e-03
1.017659910701468632e-03
1.013521093749642898e-03
1.009455515536849353e-03
1.005465122400287263e-03
1.001551833805290051e-03
9.977175441320143643e-04
9.939641244984334396e-04
9.902934246192368530e-04
9.867072747003363415e-04
9.832074873687606312e-04
9.797958596379136888e-04
9.764741749082397632e-04
9.732442050035307064e-04
9.701077122431575736e-04
9.670664515507310923e-04
9.641221725997826475e-04
9.612766219971841759e-04
9.585315455052448048e-04
9.562585385210182294e-04
9.540690415583486569e-04
9.519652424224908649e-04
9.499493272791224852e-04
9.480234829067045194e-04
9.461898990070544049e-04
9.449659269743468674e-04
9.438111081967931254e-04
9.427281644675621726e-04
9.413099373891745114e-04
9.383687412662022539e-04
9.354566726505330210e-04
9.325754728838590727e-04
9.297268618971530089e-04
9.271514018885836919e-04
9.245660674496422636e-04
9.219730431328089330e-04
9.193744904105603973e-04
9.167725475215976645e-04
9.144916508825859163e-04
9.122256122432542648e-04
9.099765393426568561e-04
9.074265749410635306e-04
9.048837622538024933e-04
9.023500993483706814e-04
8.998275617546343079e-04
8.973181026902131343e-04
8.948593421689901009e-04
8.924012237830169884e-04
8.899593333981674261e-04
8.875355707969236757e-04
8.851318148878580851e-04
8.827499241245896243e-04
8.803917369640420999e-04
8.780590723632313369e-04
8.757537303138963284e-04
8.734774924142746106e-04
8.712321224773829408e-04
8.690193671751884289e-04
8.668409567180805327e-04
8.647530770071365676e-04
8.626999496935347251e-04
8.606833141965686100e-04
8.587048959498514832e-04
8.567664072057273785e-04
8.555234568605774330e-04
8.542884965639028745e-04
8.530637738587456805e-04
8.518515235242162063e-04
8.505536183139910311e-04
8.484998286438958596e-04
8.464259344536914425e-04
8.450983409639724071e-04
8.439531130478091121e-04
8.429208502541830732e-04
8.418212040620994419e-04
8.397953785729076739e-04
8.365425552733626782e-04
8.333449946383458297e-04
8.302034365309591190e-04
8.271186122415901667e-04
8.240912451960510660e-04
8.211220516701223668e-04
8.182117415105449182e-04
8.153610188624913369e-04
8.125705829036490493e-04
8.098411285849897159e-04
8.071733473784021987e-04
8.045679280313384725e-04
8.020255573286739267e-04
7.994040925235246274e-04
7.968409567543010500e-04
7.943367975153809704e-04
7.918922605086240992e-04
7.895079903318427380e-04
7.871846311741366280e-04
7.849228275183299736e-04
7.827232248507606576e-04
7.805864703787247913e-04
7.785132137558692248e-04
7.765041078158805904e-04
7.745598093148301812e-04
7.726809796825570651e-04
7.708209626555840134e-04
7.690256573970775337e-04
7.673428310646803569e-04
7.657281469483656101e-04
7.654802286170654061e-04
7.655527748010541172e-04
7.656120260958996799e-04
7.656599135598430314e-04
7.656983693033007085e-04
7.657293262263438309e-04
7.657547178049307294e-04
7.661034117100513257e-04
7.667217669898371410e-04
7.669276838984425814e-04
7.670864931141402809e-04
7.665850480314055334e-04
7.660719936004837952e-04
7.655491032091417793e-04
7.650181458925484892e-04
7.644808861275553379e-04
7.639390836677228611e-04
7.633944934189361648e-04
7.627411145775718710e-04
7.620940490051234710e-04
7.614549672593410408e-04
7.608255344573164238e-04
7.592603995676459969e-04
7.576646177696334241e-04
7.560396145346063787e-04
7.543868083042625091e-04
7.527076099906802832e-04
7.510034225017559991e-04
7.492756402919081285e-04
7.474787081889904027e-04
7.456588732334043772e-04
7.438175001447957201e-04
7.419559438774875424e-04
7.400755492621845406e-04
7.381776506715684001e-04
7.362635717095540686e-04
7.343346249239415943e-04
7.321464206013088066e-04
7.299353276850007941e-04
7.271710576554101576e-04
7.241062367464572592e-04
7.210152409834195064e-04
7.181548835833789172e-04
7.152554940708289897e-04
7.123183972920973115e-04
7.093449112136034768e-04
7.063363463514186905e-04
7.032940052197095716e-04
7.009661968632023045e-04
6.987549105526448924e-04
6.963025259516751045e-04
6.938587969316677888e-04
6.914247265342989219e-04
6.890013034084166215e-04
6.865895019605535625e-04
6.841902825193272621e-04
6.809512583768565375e-04
6.777046423750386888e-04
6.750736665374647543e-04
6.728627241184921472e-04
6.706883373890027084e-04
6.685512808540000802e-04
6.664523211486608279e-04
6.643922175704468792e-04
6.623717226201440928e-04
6.603915825517908504e-04
6.584525379314771576e-04
6.565553242050017847e-04
6.547006722744213832e-04
6.528893090835259476e-04
6.511219582123101189e-04
6.495202065141256805e-04
6.479572145067446186e-04
6.464338288010143324e-04
6.449508926529466061e-04
6.435092465723684339e-04
6.421097289438031878e-04
6.407531766596832835e-04
6.394404257660529648e-04
6.377920132456631197e-04
6.361721682114647837e-04
6.351053657007542505e-04
6.340399775509600799e-04
6.329771701100231351e-04
6.319181018989669966e-04
6.308639236700205226e-04
6.298157784857828225e-04
6.289086340384064840e-04
6.280026247275531182e-04
6.270250521580860315e-04
6.259346034762647022e-04
6.248403624168570375e-04
6.237434834147038368e-04
6.226451130040770287e-04
6.215463897808466524e-04
6.204484443855947350e-04
6.192206008619240967e-04
6.172338325217248617e-04
6.153008671063144247e-04
6.129934276245617821e-04
6.107645761080967434e-04
6.086139515119827394e-04
6.065412163982706597e-04
6.045460570307507496e-04
6.026281834808127008e-04
6.007873297446399922e-04
5.990232538720759907e-04
5.973357381074565018e-04
5.957245890427326175e-04
5.941896377832199668e-04
5.927307401263136148e-04
5.913477767535333350e-04
5.900406534362562846e-04
5.888093012555401873e-04
5.874148003977898999e-04
5.860853037269681334e-04
5.848206869206593527e-04
5.836208444923780174e-04
5.824856899071940812e-04
5.814151557066753661e-04
5.800766419747803090e-04
5.787876796126005573e-04
5.775480905749986668e-04
5.766214819820778730e-04
5.757559140877792705e-04
5.749513815678900007e-04
5.742078969636027572e-04
5.735254908306536498e-04
5.728390464348678953e-04
5.721806970887271691e-04
5.726093308052992428e-04
5.730125203792857998e-04
5.733909907452092993e-04
5.737454721615437665e-04
5.740766998901956821e-04
5.743854138846994726e-04
5.746723584872854597e-04
5.749382821349873461e-04
5.751839370749797309e-04
5.754100790892548341e-04
5.756174672288060477e-04
5.757827277409857973e-04
5.759295644445244127e-04
5.760587343045264243e-04
5.761709966517818094e-04
5.762671129531276356e-04
5.766141603854944148e-04
5.769333135131648246e-04
5.769588376785337713e-04
5.769715351782763856e-04
5.769721774713737830e-04
5.769615368091896230e-04
5.769403860792795104e-04
5.769094986594856811e-04
5.770979944838711692e-04
5.772630115713258802e-04
5.769932855818235258e-04
5.767227430017755549e-04
5.764520645237195678e-04
5.757190750684468283e-04
5.749654603758405126e-04
5.741917578237819633e-04
5.733985044777628690e-04
5.725862369194166307e-04
5.717554910796278800e-04
5.709068020762123443e-04
5.700407040562027261e-04
5.690413682651597428e-04
5.674086664315146139e-04
5.657278537087772003e-04
5.646075271290774316e-04
5.643245618920316549e-04
5.640615374251536744e-04
5.638192302108726260e-04
5.635984175738042090e-04
5.633998779767578286e-04
5.632243913279440890e-04
5.630727392994596152e-04
5.629457056571636952e-04
5.629279957585432877e-04
5.629322307472164021e-04
5.629592567312701693e-04
5.630099226821773557e-04
5.630850807842322295e-04
5.631855867974525434e-04
5.633123004341306474e-04
5.634660857492272603e-04
5.638269337651558195e-04
5.642450812981266535e-04
5.648896108232917459e-04
5.655441702737809334e-04
5.662098591161860957e-04
5.668877824469380471e-04
5.675790512162085964e-04
5.682847824735559562e-04
5.690060996355342455e-04
5.697441327754997542e-04
5.705000189358893584e-04
5.712749024632206686e-04
5.716405019158604314e-04
5.720482034833438041e-04
5.714787680648199079e-04
5.706532065295923236e-04
5.698105534763932105e-04
5.689511322221449570e-04
5.680752660984488564e-04
5.671832783682265481e-04
5.659236182704502132e-04
5.644143133402725184e-04
5.626755250306340970e-04
5.609197300438559892e-04
5.591469569805372977e-04
5.578273425810709304e-04
5.565111646361414017e-04
5.551984764912680113e-04
5.538893309266105592e-04
5.525837801608462357e-04
5.512818758551079864e-04
5.499836691169578953e-04
5.487706770273189380e-04
5.475650968471352034e-04
5.463669926073736350e-04
5.451764277298104186e-04
5.439934650389610009e-04
5.428181667740656193e-04
5.416505946011444372e-04
5.404908096251082993e-04
5.393388724019349727e-04
5.381948429509021995e-04
5.370587807668813574e-04
5.360253682553537064e-04
5.349948914576949967e-04
5.339674877875222802e-04
5.329432935660396650e-04
5.319224440304950920e-04
5.309050733429826474e-04
5.298913145995863983e-04
5.288812998398591389e-04
5.282257203176877721e-04
5.275553583017185627e-04
5.268705944548014936e-04
5.263688060123922858e-04
5.266583631315655597e-04
5.267061168369473927e-04
5.267002827698949105e-04
5.266502932796382399e-04
5.265477450449305204e-04
5.263846992924994155e-04
5.261710778376787676e-04
5.259076676744070186e-04
5.255027435696636978e-04
5.252315656418578152e-04
5.249261487972244284e-04
5.245782138036171084e-04
5.241886181041236327e-04
5.232746201751501715e-04
5.223463831187598371e-04
5.215065070821591712e-04
5.206582386913269182e-04
5.198021948693781020e-04
5.189389891330435222e-04
5.177828475434335985e-04
5.166363143412787060e-04
5.154997592083191424e-04
5.143735486408611930e-04
5.132580460283911114e-04
5.121536117347535652e-04
5.110606031818775222e-04
5.099793749360136911e-04
5.089102787964335352e-04
5.078536638865901835e-04
5.068098767476762962e-04
5.055219740306603681e-04
5.042518924902537327e-04
5.029997985689257890e-04
5.017658577424489444e-04
5.005502346031541743e-04
4.993530929438002404e-04
4.981745958420274014e-04
4.970149057454298792e-04
4.957210758640150138e-04
4.944548278793901158e-04
4.927886769075154718e-04
4.911317174121430495e-04
4.894838894521364846e-04
4.878451335365402127e-04
4.862153906208015663e-04
4.845946021030127682e-04
4.828746882993446019e-04
4.811590783462592683e-04
4.794477131375067622e-04
4.777405343339928947e-04
4.761845135669424923e-04
4.746241579784410804e-04
4.730595617703031394e-04
4.714908189050857510e-04
4.699180230984840588e-04
4.682155018102550402e-04
4.671376772385337091e-04
4.660997411617796653e-04
4.654433682569288121e-04
4.648329917223701160e-04
4.642787668588072383e-04
4.637808996033605086e-04
4.633396145784170780e-04
4.629551554755978655e-04
4.626277854529151795e-04
4.623577875456440331e-04
4.621454650914552718e-04
4.619911421703815080e-04
4.618951640601944475e-04
4.618672952726123786e-04
4.618980537655812627e-04
4.619878594317730560e-04
4.621371550233264211e-04
4.623464066977616034e-04
4.626161045831339320e-04
4.629467633631597885e-04
4.633389228831139928e-04
4.637931487773190196e-04
4.643100331190624561e-04
4.648901950938421528e-04
4.655342816968460035e-04
4.662429684556270663e-04
4.670169601789584258e-04
4.678569917329083614e-04
4.687638288452067943e-04
4.697382689390181172e-04
4.709334306690069524e-04
4.719291997717433651e-04
4.729741254675098915e-04
4.731476791235558819e-04
4.736211871349150105e-04
4.740827644011797967e-04
4.745324506423973161e-04
4.749702867625787040e-04
4.753963148352431623e-04
4.758105780888541433e-04
4.762131208921710187e-04
4.766039887395089720e-04
4.769832282359124254e-04
4.773508870822480189e-04
4.777070140602329164e-04
4.780516590173805504e-04
4.783848728518910721e-04
4.787067074974809774e-04
4.790172159081505007e-04
4.790837857256178092e-04
4.791275679861088654e-04
4.796262606168243234e-04
4.801015920961220537e-04
4.805536930896566763e-04
4.809826984106704124e-04
4.813887469392045724e-04
4.817719815408303633e-04
4.818985156982782156e-04
4.819908470141003086e-04
4.822667308724131211e-04
4.825337134324493441e-04
4.827919703058557838e-04
4.830416779922583901e-04
4.832830138464399325e-04
4.835161560461177831e-04
4.837412835603376884e-04
4.839585761184836930e-04
4.841682141799249247e-04
4.843703789042935466e-04
4.845652521224104664e-04
4.847530163078616217e-04
4.849338545492354107e-04
4.851079505230187767e-04
4.852754884671722736e-04
4.854366531553752227e-04
4.855916298719589589e-04
4.857406043875265927e-04
4.858837629352634642e-04
4.860212921879502137e-04
4.861533792356729946e-04
4.865606746154392255e-04
4.869490249917914895e-04
4.872423661762327629e-04
4.875135009745012148e-04
4.874815345799749086e-04
4.874344667611682589e-04
4.873803509911472649e-04
4.873193412807293179e-04
4.872515918616649984e-04
4.871772571652410212e-04
4.869338534112302420e-04
4.866424618457452621e-04
4.861478562180857228e-04
4.856288220441046005e-04
4.850854047320018276e-04
4.845176535099479350e-04
4.839256214219091689e-04
4.833093653224528074e-04
4.826689458705435724e-04
4.820044275223168799e-04
4.813158785228497999e-04
4.806033708969025117e-04
4.802458676998716102e-04
4.798822252649370180e-04
4.795126071770054233e-04
4.791371767875359216e-04
4.787560971953049678e-04
4.783422664496890628e-04
4.779245338562279014e-04
4.775030450579482565e-04
4.773897146261867237e-04
4.772878458266250614e-04
4.771977165974235495e-04
4.771196055136204964e-04
4.770537918573011533e-04
4.770005556895213009e-04
4.769930983567822374e-04
4.769971170578527777e-04
4.770129139482280991e-04
4.770407920811760663e-04
4.770810554833822335e-04
4.771340092326435017e-04
4.771999595376331970e-04
4.772792138197484691e-04
4.773720807970931331e-04
4.774788705705833801e-04
4.775998947122437385e-04
4.777354663556861842e-04
4.778859002888298643e-04
4.780515130488874526e-04
4.782326230196363537e-04
4.784405716989026348e-04
4.786641134759991693e-04
4.788147267476491344e-04
4.789771611845898233e-04
4.791516946683033293e-04
4.793386063712700329e-04
4.795381768265831630e-04
4.797588607143028327e-04
4.799923636518994407e-04
4.802389748952270651e-04
4.801901331502789650e-04
4.801370794893939091e-04
4.800799374293220024e-04
4.800188305352240609e-04
4.791916898539050795e-04
4.783249932653607715e-04
4.774187156704864303e-04
4.765661232999546552e-04
4.756680420511646338e-04
4.747327850972571785e-04
4.737525565897603651e-04
4.727274514154876069e-04
4.716575788189978323e-04
4.705430624369243619e-04
4.693758868683519888e-04
4.681640013662152181e-04
4.669075744648827479e-04
4.660590618557069217e-04
4.651863531520526057e-04
4.642896159022540017e-04
4.633690211695245089e-04
4.624247434794558054e-04
4.614569607667580431e-04
4.607335322304045595e-04
4.599990447818937405e-04
4.592537093395805247e-04
4.584977365883054169e-04
4.578851038864600875e-04
4.572540274863888532e-04
4.570172500852410819e-04
4.567409893778033385e-04
4.564257575404171634e-04
4.560720755836186486e-04
4.556804729444115265e-04
4.554885222409286029e-04
4.552623192621912886e-04
4.550024706969173476e-04
4.548119294100186794e-04
4.545836841975251278e-04
4.543183985429881584e-04
4.540167436670259206e-04
4.536793980111695048e-04
4.534541987711823469e-04
4.532016793989559035e-04
4.529225614318520970e-04
4.526175695050138332e-04
4.521191230580419050e-04
4.516050751380879143e-04
4.510760680194553186e-04
4.505327427438963507e-04
4.499757389210346848e-04
4.494056945376049433e-04
4.486550139562197042e-04
4.474901476204010240e-04
4.462006512043839319e-04
4.448494170758916550e-04
4.435166205665108576e-04
4.422022986033550878e-04
4.409064882176161521e-04
4.398567329428837110e-04
4.388355076115864404e-04
4.378429108684631478e-04
4.368790443070020668e-04
4.357999187917131279e-04
4.347585666386588328e-04
4.337549398112663609e-04
4.327889980849237137e-04
4.318607091253756636e-04
4.309700485699924041e-04
4.299782008226029815e-04
4.290315214500707510e-04
4.281298592909936864e-04
4.272730761505053759e-04
4.264519270063940105e-04
4.256750061973741902e-04
4.249422095306803343e-04
4.242534455892862585e-04
4.236086357551911816e-04
4.230077142388463272e-04
4.224506281148002391e-04
4.219373373636209758e-04
4.214678149201841442e-04
4.210420467284002816e-04
4.206600318024737955e-04
4.203217822947753757e-04
4.200273235704350488e-04
4.197766942887491194e-04
4.195699464915127229e-04
4.194071456983867368e-04
4.192883710094176607e-04
4.190712371799920903e-04
4.188914178555047663e-04
4.187489263639196922e-04
4.186437859181099523e-04
4.186548128803245961e-04
4.186718008907016481e-04
4.186948587440847392e-04
4.191480579734602262e-04
4.202624489811445491e-04
4.213306673484652049e-04
4.223617004547741021e-04
4.233467916909301070e-04
4.242862866228444465e-04
4.251805516815746551e-04
4.260299736090564096e-04
4.268349588973631642e-04
4.276964062452307393e-04
4.285095630370792941e-04
4.291652180390823556e-04
4.297787227150178403e-04
4.303505772408842945e-04
4.305171280159297777e-04
4.306379257289316524e-04
4.306733116215157161e-04
4.306659167914245667e-04
4.306162280957907210e-04
4.305247447239141014e-04
4.303919777170149541e-04
4.302184494880076393e-04
4.297704162539604453e-04
4.291569579195004310e-04
4.285378891210010473e-04
4.279135200012203948e-04
4.272841592494373646e-04
4.265698346092945052e-04
4.258554338795786354e-04
4.251412023254828388e-04
4.244273835869092596e-04
4.233211789410757102e-04
4.222373449788980986e-04
4.211757647364095382e-04
4.201363243232162227e-04
4.191189129064130155e-04
4.181234226951372553e-04
4.171497489257600718e-04
4.161977898477212307e-04
4.152674467099955798e-04
4.141646506179278743e-04
4.124681152441955160e-04
4.100542516799895944e-04
4.075064579126000072e-04
4.050600150649785627e-04
4.027124086886432600e-04
4.004612165585876449e-04
3.985455498313731260e-04
3.967375699183885575e-04
3.950290613314751380e-04
3.934180703366717963e-04
3.919027276294441810e-04
3.904812452023578525e-04
3.891519133516407533e-04
3.879130978157983595e-04
3.858446038426089860e-04
3.839169020523933813e-04
3.821268112584528783e-04
3.804713207728481266e-04
3.789475830922403739e-04
3.775529069770246454e-04
3.762847509010098872e-04
3.751407168502370916e-04
3.741185444508432403e-04
3.732161054070795483e-04
3.724313982317003818e-04
3.717625432520056455e-04
3.712077778757909871e-04
3.707654521023738266e-04
3.704340242647165900e-04
3.702342349873702669e-04
3.701436439683319164e-04
3.710423343609616908e-04
3.722721923554597290e-04
3.735549015124000043e-04
3.748904238537504479e-04
3.762787359277442183e-04
3.777198283782467960e-04
3.792137055218197748e-04
3.807327656506398397e-04
3.823030690070535051e-04
3.839246162127224016e-04
3.855974185776375046e-04
3.873214976831042418e-04
3.890968849686034605e-04
3.909236213220481163e-04
3.934988963549964584e-04
3.962965763946719295e-04
3.991109751718595962e-04
4.019420205809079850e-04
4.047896365023044389e-04
4.076537427404922195e-04
4.105342549617082095e-04
4.132241800093307510e-04
4.154222180087729617e-04
4.176631880677146970e-04
4.199471345038391606e-04
4.222741029015524483e-04
4.246441398097702694e-04
4.270572924378128444e-04
4.295136083492584662e-04
4.320054003720747490e-04
4.339416528948699205e-04
4.359447922315952796e-04
4.379895977749423495e-04
4.400997961756649497e-04
4.422753622498769624e-04
4.445162824545743755e-04
4.468225541590372198e-04
4.491941849194785834e-04
4.516311917560866763e-04
4.540318882741704496e-04
4.564918807166500579e-04
4.590110337616478829e-04
4.615892134631008619e-04
4.642262864619673573e-04
4.669221191961233351e-04
4.696765771085000744e-04
4.724895238529993181e-04
4.753608204977896948e-04
4.782903247255914443e-04
4.812778900306160005e-04
4.843233649118230803e-04
4.874265920622254233e-04
4.905874075539817846e-04
4.938559924040035595e-04
4.971799274467851061e-04
5.005590151767237315e-04
5.039930470577942906e-04
5.074818027189661150e-04
5.109729462435136111e-04
5.143386565247583123e-04
5.177488457244358534e-04
5.207616812368480843e-04
5.237851889843940251e-04
5.268179462317433039e-04
5.298584972574729582e-04
5.329053531262777522e-04
5.358492288547076713e-04
5.387898135793771750e-04
5.417253775763912222e-04
5.446404555867000825e-04
5.475346139209643238e-04
5.504058279601624663e-04
5.532520431775973021e-04
5.560711759669120444e-04
5.588611145424635281e-04
5.616197199132033418e-04
5.643448269311607431e-04
5.670342454154978255e-04
5.699086556824265858e-04
5.736919675338900083e-04
5.774093495333895102e-04
5.810581794671522589e-04
5.846358317939147949e-04
5.881396800498895575e-04
5.918002365927441675e-04
5.958298056852283624e-04
5.998332155114775074e-04
6.039169700030631383e-04
6.079780594256006289e-04
6.125836884124894344e-04
6.171426277356800542e-04
6.210757645662205685e-04
6.249798499841339745e-04
6.282697445739063129e-04
6.303172672579619934e-04
6.309664414019188709e-04
6.308884963223214794e-04
6.287572886242004649e-04
6.222812263545074310e-04
6.163716840061142250e-04
6.110076228307060632e-04
6.063753284473833664e-04
6.022584733576816576e-04
5.986411179301332321e-04
5.955087160999800048e-04
5.928480325296258974e-04
5.906470666897657143e-04
5.888949832855810669e-04
5.875820485043603721e-04
5.866995716076288392e-04
5.862398514331487124e-04
5.861961274101878516e-04
5.865625347258860735e-04
5.873340633115194500e-04
5.885065203455247312e-04
5.900764959954094913e-04
5.920413321434717623e-04
5.943990938619161902e-04
5.971485434214565246e-04
6.002891166342528726e-04
6.038209013471586154e-04
6.077446179147367534e-04
6.120616014937668020e-04
6.167737860118267367e-04
6.218836896723703694e-04
6.273944018674136721e-04
6.327454392472219155e-04
6.384664811375370067e-04
6.509249852287827707e-04
6.632990142936699869e-04
6.768428912586066121e-04
6.907421719929467347e-04
7.046497630795909520e-04
7.196913591128166910e-04
7.347155306168381625e-04
7.502220556713947277e-04
7.656707594413900706e-04
7.811832500533832371e-04
7.964000929507141337e-04
8.114799060823026534e-04
8.266230033628953200e-04
8.416045588562341044e-04
8.564029205264569577e-04
8.723308387236519907e-04
8.880376730798377914e-04
9.035872261573027042e-04
9.188736316081249147e-04
9.338722167481332010e-04
9.485582969287938973e-04
9.629072380671242163e-04
9.768945206301683868e-04
9.913906441433950698e-04
1.005918644565313843e-03
1.020111964581218262e-03
1.033948672303931305e-03
1.047760523952663385e-03
1.061373300465309755e-03
1.074570623925745873e-03
1.087427071118690549e-03
1.099822794210330180e-03
1.112348143579091524e-03
1.124462437892917140e-03
1.136147796555173062e-03
1.147386742350180264e-03
1.158162243630516492e-03
1.168955352656955455e-03
1.179235659115768307e-03
1.188986693863756114e-03
1.197359077469039700e-03
1.205795439777872713e-03
1.215662131783829675e-03
1.227598027600554538e-03
1.239291516754196945e-03
1.250734218839847376e-03
1.261917914429154779e-03
1.272834555192644710e-03
1.283476273817122162e-03
1.293835393700673315e-03
1.303787565369255146e-03
1.313446599738949923e-03
1.322805596953394516e-03
1.331857876460262966e-03
1.340596985092543884e-03
1.349016704850245635e-03
1.360507151894162561e-03
1.371881976988752194e-03
1.383139089394294077e-03
1.394276495497811250e-03
1.405292299578487277e-03
1.416184704470285945e-03
1.426952012122867375e-03
1.437721491542786386e-03
1.448358116122037400e-03
1.458860376579851261e-03
1.469226869020103833e-03
1.479456295047620103e-03
1.489547461784468223e-03
1.499499281788493638e-03
1.509310772876254567e-03
1.520790159832453425e-03
1.532060329173917310e-03
1.539267140134883711e-03
1.546437634336799783e-03
1.553022832862342500e-03
1.558377185906556972e-03
1.560525385248238799e-03
1.562225940607503763e-03
1.563477832313743716e-03
1.564280428915572471e-03
1.567278965177212749e-03
1.569698320499596927e-03
1.571537596333784240e-03
1.572796546891725485e-03
1.573475576290084841e-03
1.573575734488757375e-03
1.570169704007587635e-03
1.565231394839068386e-03
1.559555793311168939e-03
1.553151025416811028e-03
1.546026239269765934e-03
1.538191583330248855e-03
1.529658182316631339e-03
1.521238252203043449e-03
1.514108582841220936e-03
1.506418778006972685e-03
1.498179016625003765e-03
1.489400050059104747e-03
1.480093179338258253e-03
1.470270231531959270e-03
1.459943535342090324e-03
1.449125895979840994e-03
1.439914278329533720e-03
1.430309096613929147e-03
1.420321244694133008e-03
1.409961856079851479e-03
1.399302164645673885e-03
1.389339666926366849e-03
1.379890902800921196e-03
1.369985156093928361e-03
1.359636351923920348e-03
1.348858743640113768e-03
1.337666882931683437e-03
1.326075589940818329e-03
1.312769003274725848e-03
1.299186139060791011e-03
1.285340682014610636e-03
1.271246345507706177e-03
1.256916851470300366e-03
1.242365910742481479e-03
1.228851784786340719e-03
1.215052266785450388e-03
1.200983095249945820e-03
1.186660017650399343e-03
1.172098764653324490e-03
1.157191008935444521e-03
1.142073615550184135e-03
1.126762361175968593e-03
1.111272912081073382e-03
1.094511157000808890e-03
1.077805878084397333e-03
1.061055960915617893e-03
1.044273354394216089e-03
1.027359655857951323e-03
1.010434715011027757e-03
9.935099192157959870e-04
9.765963789315093655e-04
9.597049200918623176e-04
9.428460771935098361e-04
9.260300870874800180e-04
9.092668834638743683e-04
8.923678346546529312e-04
8.755384078910435647e-04
8.587879995682621073e-04
8.421256809777121453e-04
8.262638207421723995e-04
8.104448642315240266e-04
7.946795214914183659e-04
7.789781490527356977e-04
7.633507447095626676e-04
7.478069431607617867e-04
7.311003433235653678e-04
7.144901502012544542e-04
6.979877573683025780e-04
6.816041132813180706e-04
6.653497157057789053e-04
6.492346072604678747e-04
6.334264240894716324e-04
6.177759421591662086e-04
6.022914486428231117e-04
5.872448637602268673e-04
5.717945271066647746e-04
5.565098702367511033e-04
5.419288965064785434e-04
5.275281108765554226e-04
5.138155344070930537e-04
5.017032966121142551e-04
4.911113384210729791e-04
4.813681026577463747e-04
4.735468189072815945e-04
4.695752591801109830e-04
4.658802481547327703e-04
4.624608701410814083e-04
4.593165384421647474e-04
4.564470098645603022e-04
4.538524000131433003e-04
4.516479093043261790e-04
4.497129323033866792e-04
4.480490950141078612e-04
4.466584333260474127e-04
4.455434145369164167e-04
4.447069603419993985e-04
4.441524714434271696e-04
4.438838539442027903e-04
4.437928042840155090e-04
4.428166311645379081e-04
4.422068190028153288e-04
4.419661379669935324e-04
4.420982664267850202e-04
4.426078243763179954e-04
4.435004112291518518e-04
4.447826483191146592e-04
4.464622264772239737e-04
4.485479590954216124e-04
4.510498411327204115e-04
4.539791145691331772e-04
4.573483408679900292e-04
4.611714810685742650e-04
4.654639841992963870e-04
4.702428847774860871e-04
4.706411255990579508e-04
4.709713629099416686e-04
4.699405825422398866e-04
4.688172170237021852e-04
4.678173076274720903e-04
4.661741411740562497e-04
4.646216305704183860e-04
4.628243410413554471e-04
4.611035035476746197e-04
4.593717424589722088e-04
4.577125110502918044e-04
4.561256736992971286e-04
4.546111203897754073e-04
4.531687671327239847e-04
4.517985564038011254e-04
4.503916259304924057e-04
4.492343027315331624e-04
4.480861120044962189e-04
4.469476653490567220e-04
4.458195681439899925e-04
4.447024196913920441e-04
4.435968133689886838e-04
4.425033367904076978e-04
4.414225719732799537e-04
4.403550955150395299e-04
4.393014787763120134e-04
4.382622880717637354e-04
4.370830479178662922e-04
4.359780263848663569e-04
4.348786235082188300e-04
4.337451452132413086e-04
4.326166706346557520e-04
4.316868899594443823e-04
4.307717614642454307e-04
4.298718741557203214e-04
4.289878129524436214e-04
4.282102526772453327e-04
4.272535623741415553e-04
4.269574456542137800e-04
4.266310322392161949e-04
4.265872520199809749e-04
4.265301855461907680e-04
4.264609436641173673e-04
4.263806376107103445e-04
4.262150860760320148e-04
4.260316012589790207e-04
4.258448599302960629e-04
4.256559251414262384e-04
4.254658581115474021e-04
4.252757181861549930e-04
4.251266120188649036e-04
4.249693760244183387e-04
4.248178025309200505e-04
4.246729549586955241e-04
4.245358955572495880e-04
4.242882275899410209e-04
4.240565987922496373e-04
4.238419898309605735e-04
4.236453813044325275e-04
4.234677541531084682e-04
4.233100900931779107e-04
4.231733720735430864e-04
4.228452312563861460e-04
4.225111667760685758e-04
4.222099125871351419e-04
4.217233552638042018e-04
4.212826217713908127e-04
4.208883315321361213e-04
4.205411163055195476e-04
4.202416209627472224e-04
4.199905042794048232e-04
4.192636093434530422e-04
4.185618237512519092e-04
4.178855296205882721e-04
4.167889890308916576e-04
4.156987190351114437e-04
4.149986189453887296e-04
4.150383570389871947e-04
4.151171011722714103e-04
4.152357064655841303e-04
4.151147098306295609e-04
4.143131047049101903e-04
4.135331854344380408e-04
4.127751678909490182e-04
4.120392689380088561e-04
4.113257065787626586e-04
4.106347001054550536e-04
4.096828437705024410e-04
4.087693625058020307e-04
4.078941946243638881e-04
4.070572875681554344e-04
4.062585979741304971e-04
4.054980917440057430e-04
4.046622421609806898e-04
4.038706716883415241e-04
4.030244016226897314e-04
4.022275203561173087e-04
4.014798170522825439e-04
4.007810983230781512e-04
4.001311881596864213e-04
3.995299278737262337e-04
3.989771760484706270e-04
3.983236063252777064e-04
3.977262339368328433e-04
3.971848081212301686e-04
3.966991017293323464e-04
3.962689110659236799e-04
3.958762501936098914e-04
3.952238221386732142e-04
3.943333411892614888e-04
3.934694692026554307e-04
3.926317463923593792e-04
3.918197207133058860e-04
3.910329476182632428e-04
3.902709898203884291e-04
3.899484930234321800e-04
3.896692210725273488e-04
3.894329905717071197e-04
3.892396326286473216e-04
3.890889927115046866e-04
3.889809305140944670e-04
3.885013436162882273e-04
3.880443273546358438e-04
3.876095136145777569e-04
3.871965394253146621e-04
3.868050467747188035e-04
3.864451866808149756e-04
3.861055574792401023e-04
3.857858232686776022e-04
3.854856521909710691e-04
3.856151796926900492e-04
3.857836365241247524e-04
3.859909889122399205e-04
3.864301573302918592e-04
3.868988108324816636e-04
3.873970685921866090e-04
3.879250566423753706e-04
3.884829079283026341e-04
3.890707623629176813e-04
3.896887668850173626e-04
3.903370755201621047e-04
3.910158494444110604e-04
3.917252570508955914e-04
3.924654740192728801e-04
3.932366833881174037e-04
3.940390756302662094e-04
3.946494222670867032e-04
3.952665768340997659e-04
3.958904767337043042e-04
3.965210591347560591e-04
3.971582609592272579e-04
3.978020188689796181e-04
3.984522692526356355e-04
3.991089482125689163e-04
3.997719915519907879e-04
4.004413347621503159e-04
4.012766812526484756e-04
4.021107168811316164e-04
4.029434144961423865e-04
4.037747468475601687e-04
4.050482532535384494e-04
4.061081287729315223e-04
4.069154712350133481e-04
4.077007524293585006e-04
4.084638482616755506e-04
4.092046383224794354e-04
4.099230059187706533e-04
4.102911036511154336e-04
4.106196720307383292e-04
4.109084669272046681e-04
4.111572553204733619e-04
4.113461866314219477e-04
4.114941982438989317e-04
4.116010874078962337e-04
4.116666635053814276e-04
4.116907482251185111e-04
4.116731757320516729e-04
4.115039186424598655e-04
4.112874116963953258e-04
4.110235182571984934e-04
4.107121185603408329e-04
4.103531099043306106e-04
4.099464068321553747e-04
4.094919413030165441e-04
4.089896628541066291e-04
4.085485947316951582e-04
4.083439207146076131e-04
4.081959950879245264e-04
4.081047124844956720e-04
4.080699911696446767e-04
4.080917729541569719e-04
4.081700231236541046e-04
4.083047303842819308e-04
4.084959068246197741e-04
4.087435878937404569e-04
4.090478323953833633e-04
4.094087224981913685e-04
4.098263637620078908e-04
4.111746051926330314e-04
4.125396828139996932e-04
4.139221372763622598e-04
4.153225166691207142e-04
4.168732777078320499e-04
4.184373472991771746e-04
4.200153076278351888e-04
4.216077492171865044e-04
4.232152711039509807e-04
4.248384810211034020e-04
4.264779955892637297e-04
4.281344405167763676e-04
4.298084508086811315e-04
4.315006709848118465e-04
4.332117553072398989e-04
4.349423680173022987e-04
4.366931835824629671e-04
4.384648869532564003e-04
4.397832464274249752e-04
4.410077944009933794e-04
4.426574003104195246e-04
4.441510209693884945e-04
4.456058984720699776e-04
4.466817988459326964e-04
4.477343370680214227e-04
4.487635702420674595e-04
4.497695612588707963e-04
4.502552825246362183e-04
4.507414554819084832e-04
4.512280633655193986e-04
4.517150893366308063e-04
4.521311327927593038e-04
4.525439155757866481e-04
4.529533763625555125e-04
4.533594537147707447e-04
4.537620860832130643e-04
4.541612118120360816e-04
4.545567691431335721e-04
4.549486962205918071e-04
4.552362434572511342e-04
4.555149505272097473e-04
4.550482553262686974e-04
4.545368022103763199e-04
4.539802883719961909e-04
4.533784265429117717e-04
4.527309453627301390e-04
4.520375897416359736e-04
4.513819121647374001e-04
4.506981131592632914e-04
4.499722520509974043e-04
4.492041326411929281e-04
4.483935733093990877e-04
4.475404072867077382e-04
4.466444829228482507e-04
4.457463537466493345e-04
4.448043078214593813e-04
4.438182536161507704e-04
4.427881159242174941e-04
4.419343647780791086e-04
4.410372915608432574e-04
4.400074546064175777e-04
4.389392432367172870e-04
4.378326387016023813e-04
4.366876353729185595e-04
4.355042408764787259e-04
4.345127816416623819e-04
4.334930378591675881e-04
4.324450238303144552e-04
4.316041129939356428e-04
4.307454224526404796e-04
4.298689837172520504e-04
4.287070843754330865e-04
4.275422947810111722e-04
4.263744399492285582e-04
4.252033472735848628e-04
4.240288465391437020e-04
4.228507699364761796e-04
4.216689520762409134e-04
4.204832300043708339e-04
4.190760679048496007e-04
4.176554165429279832e-04
4.161814966889733759e-04
4.146960762305421577e-04
4.134922594368538405e-04
4.122890084568679465e-04
4.110861488338593138e-04
4.098835082752625282e-04
4.086809166508798452e-04
4.074782059917947115e-04
4.062752104899726695e-04
4.053665115876156893e-04
4.044525668930625721e-04
4.035517381775132416e-04
4.026638935323312318e-04
4.017889027570693849e-04
4.009266373312947982e-04
4.001949115113124307e-04
3.994809719451542602e-04
3.988875336499922561e-04
3.983164200135754190e-04
3.974134803752071669e-04
3.961125784180427427e-04
3.948770368746593257e-04
3.937059234016475166e-04
3.925983413646633950e-04
3.917075783833786078e-04
3.908854851535475397e-04
3.901313681222879108e-04
3.894445713667438148e-04
3.888244757971514773e-04
3.882704983969003775e-04
3.877820914983878407e-04
3.873587420934809311e-04
3.869999711775248060e-04
3.867053331258036263e-04
3.864744151014736341e-04
3.863068364939992280e-04
3.862022483871807642e-04
3.861603330559037952e-04
3.861808034907710614e-04
3.862634029498344403e-04
3.864079045366662873e-04
3.866141108040577917e-04
3.868818533826545248e-04
3.872109926338816407e-04
3.876014173265422517e-04
3.880530443365010703e-04
3.885658183688940311e-04
3.891397117023358341e-04
3.897635887410340078e-04
3.904480251899318998e-04
3.913498464437477581e-04
3.933191526676353082e-04
3.945100116333030336e-04
3.957447060303221080e-04
3.969235829528648890e-04
3.979424134593026355e-04
3.989989333623884804e-04
4.000931946579357320e-04
4.012252574930063090e-04
4.023951900764431906e-04
4.036030685922856512e-04
4.048489771159420559e-04
4.061330075330398751e-04
4.074552594608280205e-04
4.088158401720398856e-04
4.102148645211261277e-04
4.116524548727494202e-04
4.132327827672355007e-04
4.147038524891771133e-04
4.162012775477912769e-04
4.177250445007510415e-04
4.192751409896719092e-04
4.207455956904946909e-04
4.222469476996519176e-04
4.237791718550660896e-04
4.253422450614283384e-04
4.269361461526073706e-04
4.285608557542935752e-04
4.300363294216105552e-04
4.315323882635440245e-04
4.330487982897531537e-04
4.345853225109615951e-04
4.356397533087802984e-04
4.366861148695093441e-04
4.379728777120159831e-04
4.400060955065302577e-04
4.420107449843743252e-04
4.439861824306289809e-04
4.459317665461725081e-04
4.478468587481920847e-04
4.497308234732795475e-04
4.515830284829249787e-04
4.534028451712699315e-04
4.551954477767829188e-04
4.569547470919555496e-04
4.586801320209947150e-04
4.603709962312088405e-04
4.620267384636894334e-04
4.636467628451383075e-04
4.652304792006498263e-04
4.667773033672470472e-04
4.682866575079817038e-04
4.697579704263825980e-04
4.712020894528587411e-04
4.726065357532077292e-04
4.739707578750648330e-04
4.752942125733024595e-04
4.765763651255863266e-04
4.788745473272049981e-04
4.811913583360361989e-04
4.835273031598127718e-04
4.858828951460046099e-04
4.881986940188657773e-04
4.905376538963551226e-04
4.929003195759957667e-04
4.952872448406935805e-04
4.976989926520959152e-04
5.001361353496924832e-04
5.025485506478543675e-04
5.049896103931276027e-04
5.063266531964905797e-04
5.076293018502265643e-04
5.088970256627103634e-04
5.101292986113573286e-04
5.105843358611192057e-04
5.110211259003357960e-04
5.114390002819377019e-04
5.118372905844173265e-04
5.119259530703359649e-04
5.120080687140102791e-04
5.120828657535974682e-04
5.121495722712154875e-04
5.122074163088397069e-04
5.122556259958011829e-04
5.122934296878835095e-04
5.123200561179853951e-04
5.122785243948091687e-04
5.122271188527938992e-04
5.121650452112957259e-04
5.119133042667423517e-04
5.110955364123882880e-04
5.103662725361676235e-04
5.095951368159819944e-04
5.091885514045963986e-04
5.087572584736532689e-04
5.083004446911078798e-04
5.078173036296369834e-04
5.078957072397489309e-04
5.078712927849044108e-04
5.078518802239520222e-04
5.076483542640075359e-04
5.074581332669683351e-04
5.072804636332054308e-04
5.071145937669668249e-04
5.059459357600224697e-04
5.048412230399455759e-04
5.034219058638203601e-04
5.020839891369326905e-04
5.000500500224020579e-04
4.981372835019000746e-04
4.962014549129804830e-04
4.943887330805118866e-04
4.926059118086447731e-04
4.909451157865290290e-04
4.877821438979038191e-04
4.848311679681323707e-04
4.819268245768677035e-04
4.772982964621988889e-04
4.728491777976542160e-04
4.664369165208331631e-04
4.596070499384905233e-04
4.533005909573525113e-04
4.474935403640151231e-04
4.421637981886006926e-04
4.372628247538702900e-04
4.327993221751615365e-04
4.287560495077016214e-04
4.251171771935715314e-04
4.217780762994056899e-04
4.188124347049240357e-04
4.162968415121451500e-04
4.141344907382909623e-04
4.123153051296461172e-04
4.108301515768871589e-04
4.096707845733405396e-04
4.088297944128251667e-04
4.083005597172974710e-04
4.080772039214834485e-04
4.081545553749014858e-04
4.085281107514997841e-04
4.091940014839894578e-04
4.104181908457987587e-04
4.119438196041688314e-04
4.137696164168609973e-04
4.158948914409865520e-04
4.183195168764604192e-04
4.210439094380966757e-04
4.240690146001911275e-04
4.273962924690454814e-04
4.310277051493026151e-04
4.388960474295500679e-04
4.478610008504338457e-04
4.570424466291937585e-04
4.665797296664775276e-04
4.763384900909636128e-04
4.863559683362651776e-04
4.966003802014241995e-04
5.070744548167708783e-04
5.177808288739866108e-04
5.287220374034053757e-04
5.399005042048839577e-04
5.533499153671289552e-04
5.674029723266933896e-04
5.816865009992126974e-04
5.961981192240104789e-04
6.109350931887493107e-04
6.258943267330599816e-04
6.410723508907463812e-04
6.564653137085636400e-04
6.720689703806782128e-04
6.885228816220419776e-04
7.060628004532158936e-04
7.248892185601013777e-04
7.440610302675638088e-04
7.635780437744167084e-04
7.834397511990208798e-04
8.036453175645903680e-04
8.263181519851368634e-04
8.511599752910368284e-04
8.770144702054933185e-04
9.038532547033475322e-04
9.306927097343403081e-04
9.574946363708504698e-04
9.845861043454669139e-04
1.011949690701596880e-03
1.039567185135866628e-03
1.067419606166062447e-03
1.095445207285181436e-03
1.123665544067492484e-03
1.152059562236184241e-03
1.180605524832059692e-03
1.209281038408800864e-03
1.238063081194689611e-03
1.266928033175460490e-03
1.295851708046227976e-03
1.324809386973632534e-03
1.353775854102734488e-03
1.382725433736839860e-03
1.411632029112095451e-03
1.440469162682669413e-03
1.469210017826638476e-03
1.497196806323112129e-03
1.520845684254161414e-03
1.547158870128925810e-03
1.573118724591464606e-03
1.599116779836271115e-03
1.624732904106424968e-03
1.649936649350249853e-03
1.674697776586403638e-03
1.698986317559032224e-03
1.722772636388160937e-03
1.746027491034048531e-03
1.768722094393422465e-03
1.791771128037065054e-03
1.814178842897725633e-03
1.835915931257389808e-03
1.856953850821112294e-03
1.872684364613042994e-03
1.891926688768345247e-03
1.910358934702363056e-03
1.927955645462261841e-03
1.944692503518090755e-03
1.960546387413593904e-03
1.976018313835650134e-03
1.990598210661304046e-03
2.004266894594043582e-03
2.017317877908689997e-03
2.029411106029894562e-03
2.040530882271508490e-03
2.050662963101181242e-03
2.059794588101231550e-03
2.067914506120973380e-03
2.075012997548785973e-03
2.081081892646488227e-03
2.086114585902887428e-03
2.090106046377808707e-03
2.089341204111513049e-03
2.083131059467110708e-03
2.075930406804084478e-03
2.065572668470779492e-03
2.054374696052465536e-03
2.042348304080332782e-03
2.029506360236253519e-03
2.015862762682631235e-03
2.001432415130143406e-03
1.986231199704415525e-03
1.970275947679955408e-03
1.953584408156312964e-03
1.938214549811068587e-03
1.922008312190327632e-03
1.904987505222717741e-03
1.887174996537714471e-03
1.868594659831645383e-03
1.849271321052070984e-03
1.829184142417302102e-03
1.808405045352571650e-03
1.786961479359882622e-03
1.764329722563144544e-03
1.739445233883658804e-03
1.714198870553810790e-03
1.688573617822446485e-03
1.662595407493870463e-03
1.636290343498540906e-03
1.609892448769121394e-03
1.583223345402135418e-03
1.556308867289955952e-03
1.529174836159929171e-03
1.501847018247522581e-03
1.474351081518778320e-03
1.446865964823472071e-03
1.420641685771107266e-03
1.394205726575856261e-03
1.367586863292940668e-03
1.340813652984947308e-03
1.313914382774147242e-03
1.288430272044990181e-03
1.262886503626074828e-03
1.237306270110185170e-03
1.211712357064776823e-03
1.186831805071917505e-03
1.161985675026125202e-03
1.137193573551636191e-03
1.112474616015600524e-03
1.087847406081973028e-03
1.063330016770411800e-03
1.038939973032334185e-03
1.014694235851616895e-03
9.907234284017520012e-04
9.670561729525691420e-04
9.458267040571104439e-04
9.245731198389237635e-04
9.033195765740233097e-04
8.820895877476773138e-04
8.601648487510833718e-04
8.383820736655590421e-04
8.155106119605739882e-04
7.929449118789306172e-04
7.706945764208089156e-04
7.487685489264846953e-04
7.273304351955927694e-04
7.058691274200402585e-04
6.850594136766481818e-04
6.646344362478476264e-04
6.445967669264744682e-04
6.249484887276821922e-04
6.069669007159372897e-04
5.893613718195747468e-04
5.720881416566615547e-04
5.552350195582977498e-04
5.396735596290828290e-04
5.245100631320090108e-04
5.098889137633837599e-04
4.956485621267903282e-04
4.818735090966660408e-04
4.684624515020194215e-04
4.569982247783843459e-04
4.458748743683273825e-04
4.352337975778861534e-04
4.267241935264713400e-04
4.186750128328949288e-04
4.130599782153707026e-04
4.086207079031333031e-04
4.045375437936908560e-04
4.008046658363891642e-04
3.974170034103938817e-04
3.943702331324619101e-04
3.917854446983218579e-04
3.895274135785900213e-04
3.875945424686093148e-04
3.859859641638118712e-04
3.847015545616427434e-04
3.837419485811350791e-04
3.831085591787885105e-04
3.828035996602884667e-04
3.828301095106371771e-04
3.831919839906870653e-04
3.838940077761607045e-04
3.849418929463076342e-04
3.864041859944756488e-04
3.882241569632825426e-04
3.904283925824392231e-04
3.931731980504877101e-04
3.962994372498839998e-04
3.998200036065758167e-04
4.037491013038385949e-04
4.081023349883673170e-04
4.128968084444114574e-04
4.181512331096381616e-04
4.238860474035619245e-04
4.301235479479761925e-04
4.368880338804012739e-04
4.400261078539877222e-04
4.426303829012428396e-04
4.456722373822180876e-04
4.485726222720232441e-04
4.516956347898484574e-04
4.550140584704517378e-04
4.585663715538265922e-04
4.623598249087643663e-04
4.664021149575233566e-04
4.707014086277531810e-04
4.752663699923664561e-04
4.782768344728001312e-04
4.811188370217851589e-04
4.843449817064842755e-04
4.877121148866958144e-04
4.912242245165602487e-04
4.948854633682953693e-04
4.987001568104780470e-04
5.026728109774474288e-04
5.060480437601373770e-04
5.096176979771569436e-04
5.133865841565426981e-04
5.166525361626022033e-04
5.200827958681141948e-04
5.236810524853567888e-04
5.274511746240110677e-04
5.313972172150263152e-04
5.340763767930155987e-04
5.356398902984102700e-04
5.368003695970038642e-04
5.375593029218137800e-04
5.384977994403433287e-04
5.396308529935853063e-04
5.407632568398228331e-04
5.423944650639008803e-04
5.440006130224165704e-04
5.455809143498026228e-04
5.471566339931732042e-04
5.487061347612279347e-04
5.502286396706359498e-04
5.517233697523381795e-04
5.531895443836041051e-04
5.546263816289631436e-04
5.560330985899683770e-04
5.574089117636967829e-04
5.587530374098726663e-04
5.600646919265463153e-04
5.613430922341602599e-04
5.625874561679141241e-04
5.637970028782571990e-04
5.657741724531692657e-04
5.676786139567351237e-04
5.695048419231699350e-04
5.712567385024136480e-04
5.729334426988686368e-04
5.745387305726199585e-04
5.760669795957363117e-04
5.775174132430921370e-04
5.788892850425857465e-04
5.801818791875591611e-04
5.813945111306740784e-04
5.825265281585840192e-04
5.835773099467434551e-04
5.842940333002094458e-04
5.849082665654907953e-04
5.854194241798389318e-04
5.857510072134028585e-04
5.874887769555707864e-04
5.876936082793144224e-04
5.877978234469586607e-04
5.878010685237344216e-04
5.877030414952255167e-04
5.875034927854541145e-04
5.872022257311616204e-04
5.867990970113980912e-04
5.862940170315867608e-04
5.855919331870176750e-04
5.847834759179235207e-04
5.838687441349717146e-04
5.828478967115373246e-04
5.817211526481036801e-04
5.804887911798504649e-04
5.791511518269101735e-04
5.777835582151907672e-04
5.763073803468859004e-04
5.747231666986847695e-04
5.730315296479453983e-04
5.726086824264583911e-04
5.721254831461728514e-04
5.722152187037823478e-04
5.722760672150657962e-04
5.723086943414324368e-04
5.723137701406125991e-04
5.722919687390008552e-04
5.722439680109345965e-04
5.721704492650675229e-04
5.720720969379864676e-04
5.720499984499645635e-04
5.715289038477368560e-04
5.709413508341739350e-04
5.702880460853603124e-04
5.695697168135678340e-04
5.687871100626499263e-04
5.679409919992822655e-04
5.668713315373414587e-04
5.654382456946245063e-04
5.639697553210228434e-04
5.626513312711314612e-04
5.614247687343699262e-04
5.602228538054880927e-04
5.590458286152389083e-04
5.578939352777461530e-04
5.567674160338357495e-04
5.556665133957676460e-04
5.545914702934334316e-04
5.535425302220176253e-04
5.525199373911986395e-04
5.515239368759014549e-04
5.505547747686711764e-04
5.496126983336956616e-04
5.481391690773083653e-04
5.466682944550818905e-04
5.452001854740289553e-04
5.437349519275666478e-04
5.422727024013018369e-04
5.408135442790604208e-04
5.393575837491120569e-04
5.379049258106123827e-04
5.364556742802567644e-04
5.347729749196278651e-04
5.331071956576752865e-04
5.314582000062616132e-04
5.298258531018123271e-04
5.282100216864460277e-04
5.266105740893638849e-04
5.250273802084978909e-04
5.236922557524404656e-04
5.223601700807486720e-04
5.209592474161639291e-04
5.185411591026134297e-04
5.160527298696958483e-04
5.134946732919627374e-04
5.112368013013581479e-04
5.093494958774080154e-04
5.073915413909610818e-04
5.061770454204643889e-04
5.049280276456846522e-04
5.036451533219912183e-04
5.023290905030545215e-04
5.009805096814623363e-04
4.998692078765664456e-04
4.987385246293316032e-04
4.975891225254727279e-04
4.964216614681949248e-04
4.952367984578924954e-04
4.940351873798412259e-04
4.928174787998522996e-04
4.920287735345138264e-04
4.912451669490980636e-04
4.904673651248721419e-04
4.897379531056939407e-04
4.890135054097176056e-04
4.882947476181337529e-04
4.877850790892793078e-04
4.872718092171827412e-04
4.867557952403347489e-04
4.862378908713050978e-04
4.855619696645195453e-04
4.850509175568268501e-04
4.845404182058838695e-04
4.840313110163075986e-04
4.835244318659966730e-04
4.830206131374674135e-04
4.825206837635608622e-04
4.820254692874302257e-04
4.813801672734565901e-04
4.805886561687752398e-04
4.798050097778154164e-04
4.785053167559541487e-04
4.772434252741065909e-04
4.760194609722121135e-04
4.748335542443125261e-04
4.736858404588325773e-04
4.725764601812506324e-04
4.715055593993443305e-04
4.704732897511439290e-04
4.694798087557949958e-04
4.685252800474757869e-04
4.675311892674943975e-04
4.665728565376713066e-04
4.656282937438022259e-04
4.645143389751018584e-04
4.633959648754786323e-04
4.623054205854951822e-04
4.606273791743216266e-04
4.590117960806096363e-04
4.574579764548121160e-04
4.559652513540500031e-04
4.545329772629592003e-04
4.531605356328050147e-04
4.518473324384259210e-04
4.505927977525358359e-04
4.493272460333220413e-04
4.478848657203144562e-04
4.467172277427865559e-04
4.456030412010673339e-04
4.445418105624529981e-04
4.435330602243025113e-04
4.425763341738131592e-04
4.416711956607564569e-04
4.408172268828599704e-04
4.400140286835294207e-04
4.392612202616028288e-04
4.385584388928580627e-04
4.376792034893179067e-04
4.368390019239290706e-04
4.360373989307231041e-04
4.352739710998166267e-04
4.345483065979550193e-04
4.338600048965078919e-04
4.338925690896536149e-04
4.339944222464032532e-04
4.341657277628959278e-04
4.344355073334030411e-04
4.347737529559277028e-04
4.355974386246601630e-04
4.364704153627030001e-04
4.373933157579990710e-04
4.383667923289534074e-04
4.393915180919159076e-04
4.407033924659162368e-04
4.420573390423029533e-04
4.434541887577910001e-04
4.448947907604449575e-04
4.463800130408628422e-04
4.474765690465596930e-04
4.485955788217657289e-04
4.497374607836118082e-04
4.509026394618238657e-04
4.520915456719602592e-04
4.533046166930194271e-04
4.545422964495526223e-04
4.558050356983757781e-04
4.570932922200346242e-04
4.584075310151207948e-04
4.597482245056011248e-04
4.611158527412773361e-04
4.625109036115202053e-04
4.639338730624289705e-04
4.653852653195790414e-04
4.670424974475165876e-04
4.681232617821750697e-04
4.691832419369656570e-04
4.702263287546536749e-04
4.712486990396471428e-04
4.722502884501707720e-04
4.732270459942743081e-04
4.741826921035627957e-04
4.751171701288565844e-04
4.760304268718671262e-04
4.768193228719670262e-04
4.769804529266926827e-04
4.771547824080629588e-04
4.773420427204565241e-04
4.774809080065777660e-04
4.772755654579268880e-04
4.770971460405903767e-04
4.770101394096596401e-04
4.769521787932654001e-04
4.769227935045369381e-04
4.769215181617389898e-04
4.769478924132642978e-04
4.770014606685780544e-04
4.770817718349563215e-04
4.771883790598625721e-04
4.773208394788010255e-04
4.774787139685239892e-04
4.776615669054301984e-04
4.778689659290541350e-04
4.781004817105067900e-04
4.783556877257486061e-04
4.786341600336117136e-04
4.789354770584289961e-04
4.792592193772070470e-04
4.795396045575082934e-04
4.798382846481153634e-04
4.801547987969360378e-04
4.804886868727024311e-04
4.806981825036690218e-04
4.809170299798435624e-04
4.811446778448255439e-04
4.813805740788906556e-04
4.820766617604008825e-04
4.827578912765411769e-04
4.834238604419766982e-04
4.840741666403354558e-04
4.849156995413177098e-04
4.857308913108670449e-04
4.864296270912310213e-04
4.869514228602855313e-04
4.872252323065875252e-04
4.874691960967845127e-04
4.875957766026832126e-04
4.876958670133753316e-04
4.877689537183400566e-04
4.879599758795289278e-04
4.884116218493062163e-04
4.888561346024113260e-04
4.892932017295840118e-04
4.901388704562233654e-04
4.909979910636207796e-04
4.918705372886076396e-04
4.927564833131781175e-04
4.936558037477475729e-04
4.945684736144755718e-04
4.954944683306566683e-04
4.964337636921779730e-04
4.973863358570272458e-04
4.983521613288695090e-04
4.993312169406613921e-04
5.003234798383304196e-04
5.013289274644872583e-04
5.023475375421961866e-04
5.033792880587693083e-04
5.044146530263942567e-04
5.052373681882092651e-04
5.060841886402344704e-04
5.069550163519016177e-04
5.078497552460755271e-04
5.087683111244197844e-04
5.099479673569301975e-04
5.111639343367198893e-04
5.124163568183985260e-04
5.137053863413291966e-04
5.150311812423456715e-04
5.163939066704227414e-04
5.177937346032711243e-04
5.189891470146818691e-04
5.202088933728216602e-04
5.214529113432063521e-04
5.224172809844368449e-04
5.233895572402209526e-04
5.243694082876054459e-04
5.249579046027864990e-04
5.255325460759804369e-04
5.260927224133157224e-04
5.266378220841888558e-04
5.271672324864284812e-04
5.276803401183503568e-04
5.281765307576928884e-04
5.286551896474182659e-04
5.291157016883689000e-04
5.295574516387433839e-04
5.299798243203653059e-04
5.303822048316988351e-04
5.309470065671407493e-04
5.322232649529223033e-04
5.334336650914848566e-04
5.345776435611946254e-04
5.356546608406652756e-04
5.366642017150402436e-04
5.375574532175028371e-04
5.383797474768457899e-04
5.391306297227960133e-04
5.388220763557583035e-04
5.383316481358668823e-04
5.378015125395334620e-04
5.372311011712253620e-04
5.368021918451562581e-04
5.361582785886329691e-04
5.354725080397217812e-04
5.347443594094417442e-04
5.339733255814872043e-04
5.331589135855163133e-04
5.323006450703684144e-04
5.313980567766847908e-04
5.306309391821343322e-04
5.298268323116513004e-04
5.289853184727055010e-04
5.287144673868769294e-04
5.284338223100161144e-04
5.281431043561463524e-04
5.278420358528474301e-04
5.275303403965616450e-04
5.272077429092771961e-04
5.268739696965912215e-04
5.265287485071139945e-04
5.261718085932109166e-04
5.258028807730481553e-04
5.254216974939220856e-04
5.250279928968573564e-04
5.246215028824439833e-04
5.242019651778862541e-04
5.238053441042336226e-04
5.233968716970258421e-04
5.243099066519390020e-04
5.253828437921688596e-04
5.264430270529315377e-04
5.273249145922328076e-04
5.282026167038609069e-04
5.290764957621804003e-04
5.299469167870512207e-04
5.304205630100501277e-04
5.309103926930244712e-04
5.314166396384962989e-04
5.319395398826612994e-04
5.322527901778817709e-04
5.325942416852767758e-04
5.329244311001336137e-04
5.325969562825098652e-04
5.323345967794914681e-04
5.321369628187706769e-04
5.320036887465776423e-04
5.319344326278301191e-04
5.319288758626953932e-04
5.319299475169344833e-04
5.319969977548851892e-04
5.321297289849782853e-04
5.323278677017691338e-04
5.325911641187767390e-04
5.329193918173540318e-04
5.333123474111461622e-04
5.337698502256696181e-04
5.342917419925806563e-04
5.348405870620937842e-04
5.354516520886438719e-04
5.355858098674890324e-04
5.357545927594991935e-04
5.359574302039077538e-04
5.361937572979791214e-04
5.364630144288904182e-04
5.364635636077517674e-04
5.364809774081039833e-04
5.365145081907724293e-04
5.365634096279042883e-04
5.366269364835156343e-04
5.367043444046010192e-04
5.367948897227373768e-04
5.368978292661491774e-04
5.370697379597571489e-04
5.379618334728581081e-04
5.388266523774498662e-04
5.396636968552562382e-04
5.404724710960810479e-04
5.412524815215803003e-04
5.421706411059773554e-04
5.436984308409823679e-04
5.451580150263594026e-04
5.466635939357897310e-04
5.480947191371186161e-04
5.494508934918014261e-04
5.505124086106783507e-04
5.514778470406080969e-04
5.523432487870743365e-04
5.529910984041909016e-04
5.535436782658329120e-04
5.540006437412160626e-04
5.543616995327384439e-04
5.543570354273376095e-04
5.542695961871409172e-04
5.540992265931291971e-04
5.539716609899501647e-04
5.542009912403971904e-04
5.543361961896538237e-04
5.544500063950491553e-04
5.545424419395190421e-04
5.550453468556384995e-04
5.555485332325773434e-04
5.560522433810000543e-04
5.565567204901850258e-04
5.570622086308326488e-04
5.575689527589555369e-04
5.578306349951651097e-04
5.581061801736289995e-04
5.574913080115419641e-04
5.569366525471416019e-04
5.564416952165299277e-04
5.560059379362756711e-04
5.556289026561577870e-04
5.553101309258457342e-04
5.550491834750397990e-04
5.548456398066569728e-04
5.546990978025849017e-04
5.546091733416052454e-04
5.545754999290834503e-04
5.545977283380168401e-04
5.546755262610644820e-04
5.548085779731985485e-04
5.549965840046101710e-04
5.552392608235285883e-04
5.555363405286244246e-04
5.558875705506593698e-04
5.562927133630873574e-04
5.562023122480457774e-04
5.561380169171007163e-04
5.560992133463656421e-04
5.560852912424051921e-04
5.558457990065249123e-04
5.556178197808649393e-04
5.554006147289975793e-04
5.551934468040893274e-04
5.552450432114272756e-04
5.553173821662402187e-04
5.556606482912842919e-04
5.560213854351699677e-04
5.568527750519405286e-04
5.576788014943712341e-04
5.584991860607353481e-04
5.593136487345677773e-04
5.601219082123887714e-04
5.609236819327938261e-04
5.617186861069509889e-04
5.625066357504939678e-04
5.632872447168292551e-04
5.640602257318533654e-04
5.648252904300985096e-04
5.655821493923099581e-04
5.663305121844475036e-04
5.670700873981378027e-04
5.678005826925721766e-04
5.682660363101949734e-04
5.687342180682879210e-04
5.695825337792996329e-04
5.704145802742122432e-04
5.712300876664609412e-04
5.720401144238303334e-04
5.731031860857856066e-04
5.741636030173907258e-04
5.752212830809520176e-04
5.762761437219827976e-04
5.774530712134492158e-04
5.786211690979825529e-04
5.794226695642075821e-04
5.802321077418709505e-04
5.810493348798094699e-04
5.817213258921130961e-04
5.824081381571489949e-04
5.831095650076818663e-04
5.838253996492134097e-04
5.845554351019727375e-04
5.852994641437255776e-04
5.860572792534108309e-04
5.868286725555724994e-04
5.876134357656130061e-04
5.884113601358409093e-04
5.892222364023223368e-04
5.900458547325328857e-04
5.908820046738022915e-04
5.917304751025542504e-04
5.925910541743389026e-04
5.934635292746753225e-04
5.945038808049754207e-04
5.955483089533246182e-04
5.965966451009053302e-04
5.976487194058325344e-04
5.987043607916646979e-04
5.995461018234033964e-04
5.995004713637264691e-04
5.994021888342288169e-04
5.992505666109261032e-04
5.990449319050925557e-04
5.987846273840375082e-04
5.984690117926292838e-04
5.985108806891957381e-04
5.984750143357775790e-04
5.992384899644348940e-04
6.003898961753087677e-04
6.015019573415502719e-04
6.025745786833720894e-04
6.033423239968685979e-04
6.043488001736260296e-04
6.053155293238456471e-04
6.062424481445723417e-04
6.071295020090635309e-04
6.079766449426138352e-04
6.087838395952954165e-04
6.095510572116362045e-04
6.102782775972840409e-04
6.109654890826877495e-04
6.116126884838330802e-04
6.122198810600879525e-04
6.127870804691720697e-04
6.133143087193211607e-04
6.133529222209303236e-04
6.133739599524775992e-04
6.133773266936717004e-04
6.133629287440664620e-04
6.133306739500797014e-04
6.132804717319393284e-04
6.129380021525266840e-04
6.125914476468945994e-04
6.122405831159056112e-04
6.118851840804621911e-04
6.115250266979852098e-04
6.111598877797250673e-04
6.107895448088602802e-04
6.096805244767444006e-04
6.083306158280672770e-04
6.069316652785491624e-04
6.056835881378987152e-04
6.043947080910250106e-04
6.030647178902153165e-04
6.016933236770514570e-04
6.007485171490291277e-04
5.997827806381333298e-04
5.987958706739595271e-04
5.977875482977921661e-04
5.969493096898427194e-04
5.961054426330834920e-04
5.953021970050742821e-04
5.953022580674463462e-04
5.953366541330924397e-04
5.954055470664711396e-04
5.955091047830736364e-04
5.957225633195373108e-04
5.959673013530680232e-04
5.963104380377302893e-04
5.966886826736658104e-04
5.970270928738813029e-04
5.972459047664345618e-04
5.975122328634574877e-04
5.978262488138356154e-04
5.981881358947288866e-04
5.985980891279903517e-04
5.990563154016797544e-04
5.995630335967640483e-04
6.001184747191006886e-04
6.007228820368007340e-04
6.013765112230877712e-04
6.020796305047403704e-04
6.028325208162590206e-04
6.036354759598370166e-04
6.044888027712833978e-04
6.053928212920128664e-04
6.063478649472232472e-04
6.073542807303975322e-04
6.084124293942776368e-04
6.095226856484282614e-04
6.106854383635657415e-04
6.109028115743900212e-04
6.111528361042865062e-04
6.106496287001053234e-04
6.102019825472894008e-04
6.098089379003606607e-04
6.094695519837661649e-04
6.091828982016725402e-04
6.087504526685821133e-04
6.075981749461305996e-04
6.064509209153535465e-04
6.059398216290973324e-04
6.053841834392990591e-04
6.047831618162817415e-04
6.041359261390804669e-04
6.033074549136390689e-04
6.024249443603806433e-04
6.016214084745845521e-04
6.007684193647858497e-04
5.998652305012217240e-04
5.989111135541396553e-04
5.982109349275788841e-04
5.974724677224766767e-04
5.966950481204973383e-04
5.958780240230920986e-04
5.953727935998801924e-04
5.949211607086794286e-04
5.944481682693485668e-04
5.939532711177372389e-04
5.934359284557440490e-04
5.928956040634745552e-04
5.923317665157281460e-04
5.926475851650126565e-04
5.928926544714216386e-04
5.930667501508538183e-04
5.934452347488376181e-04
5.940580246213383441e-04
5.956125534961382749e-04
5.971480963198711692e-04
5.986651240005837421e-04
6.001641156299824045e-04
6.016455583161267736e-04
6.031099470193919442e-04
6.045577843918817753e-04
6.059895806204457398e-04
6.074058532734712915e-04
6.088071271516098254e-04
6.101939341425883460e-04
6.117883094156934161e-04
6.133591498990950425e-04
6.149070220185421948e-04
6.164325025288970583e-04
6.179361782698698140e-04
6.194186459262710723e-04
6.208805117930385909e-04
6.223223915452926304e-04
6.237449100136709416e-04
6.251487009651700896e-04
6.259997454970747926e-04
6.268585060191244913e-04
6.277976963773853692e-04
6.287422477764328943e-04
6.296927314498261107e-04
6.306497221111847032e-04
6.316137980096270732e-04
6.325855409905124403e-04
6.333898839365021630e-04
6.341939489723091719e-04
6.344545388536494256e-04
6.346882262762769096e-04
6.348951896175088812e-04
6.344923293861919967e-04
6.340927914885866393e-04
6.336964821948852565e-04
6.333033080448785502e-04
6.329131758434209092e-04
6.325259926560218267e-04
6.321416658045803235e-04
6.317601028632597758e-04
6.313812116544848235e-04
6.310049002450898508e-04
6.306310769425932340e-04
6.302596502916048369e-04
6.301883831619332303e-04
6.301337269444140131e-04
6.296564999492944509e-04
6.291748180693836415e-04
6.286885368154378814e-04
6.281975122767951376e-04
6.282786400268838313e-04
6.288372309332574718e-04
6.284968702681392174e-04
6.281391309290111202e-04
6.276212281086367703e-04
6.270791707713883542e-04
6.269194416275831148e-04
6.267549200981802461e-04
6.265857096907323205e-04
6.265849330593889922e-04
6.265881063346621840e-04
6.265954128638485509e-04
6.266070360822225500e-04
6.270911815757473614e-04
6.270883577916844471e-04
6.270906418974822854e-04
6.270475582816342893e-04
6.270125099486599388e-04
6.269856532425207738e-04
6.269671447971366047e-04
6.269571415571212033e-04
6.269558007989184997e-04
6.269632801523733262e-04
6.267587949693943956e-04
6.265746595061613472e-04
6.262379302525467343e-04
6.259132612728051173e-04
6.256005959750125323e-04
6.252998785352461295e-04
6.250110538886228086e-04
6.239137256055787969e-04
6.228712890978062343e-04
6.217944388765771734e-04
6.207757998529587736e-04
6.198145959958135725e-04
6.189100703771609896e-04
6.180614845978639428e-04
6.168199988919760828e-04
6.156125112302997119e-04
6.144381245066902510e-04
6.130125929638521919e-04
6.116057020496361817e-04
6.102165001051545676e-04
6.091254772412167803e-04
6.077819759716554353e-04
6.064534445567715650e-04
6.051389662887045068e-04
6.038376326733474941e-04
6.025485432361496994e-04
6.012708053414384966e-04
6.000035340250446658e-04
5.987458518400385309e-04
5.974968887153625724e-04
5.962557818271920331e-04
5.950216754828187076e-04
5.937937210168788092e-04
5.925710766997717123e-04
5.918075638836168498e-04
5.910684469207994540e-04
5.903530448243195531e-04
5.896606823768868640e-04
5.897351445391555780e-04
5.897929859828587341e-04
5.910247922983203738e-04
5.922989736397162681e-04
5.935219026725983013e-04
5.946936833358606404e-04
5.958144362549092164e-04
5.968842985080908582e-04
5.978130311109266506e-04
5.972014205448138201e-04
5.966185600407713932e-04
5.960639983789982636e-04
5.955372897712531491e-04
5.950379936694098586e-04
5.945656745781168059e-04
5.941199018714749024e-04
5.937002496136191193e-04
5.933062963831216459e-04
5.929376251011238361e-04
5.925938228630929679e-04
5.923529253689859561e-04
5.921398593248610419e-04
5.919542669322829225e-04
5.917957946587459189e-04
5.916640930805778511e-04
5.915588167287956544e-04
5.914796239378003039e-04
5.913478548302518196e-04
5.912376762181421278e-04
5.911487108470469144e-04
5.910805839922087706e-04
5.911112034820386859e-04
5.913311690863080590e-04
5.915829537881058973e-04
5.918663503433848651e-04
5.921811561276835905e-04
5.925271730161637065e-04
5.929042072656212246e-04
5.933120693983937434e-04
5.944680942255337486e-04
5.959374490780520311e-04
5.973883482529318296e-04
5.988209175960290155e-04
6.002352872790495770e-04
6.016315917400512055e-04
6.030099696236411976e-04
6.043705637209106788e-04
6.057135209091834291e-04
6.070389920915605529e-04
6.083471321363574874e-04
6.096380998164349771e-04
6.111658245147740497e-04
6.137172795396650220e-04
6.162990820181692229e-04
6.189124559255310522e-04
6.215586453310306117e-04
6.242389149450426307e-04
6.269545506909430296e-04
6.299995632598600964e-04
6.330704518686537229e-04
6.361685574276119883e-04
6.392952451152049452e-04
6.415983982040262363e-04
6.438836464362435522e-04
6.461514491961254736e-04
6.474572260033217884e-04
6.487891700624145476e-04
6.501476644368369383e-04
6.515330973502710035e-04
6.529458623121245277e-04
6.543863582456461124e-04
6.558549896187417568e-04
6.573521665775695997e-04
6.588783050829704994e-04
6.604338270497987469e-04
6.617487505719242546e-04
6.631063928836358930e-04
6.645071058673096553e-04
6.659512506024861580e-04
6.674391975121103226e-04
6.689713265124741515e-04
6.705480271669531263e-04
6.721696988436230745e-04
6.727568809187599698e-04
6.733331681027089708e-04
6.738981108053703362e-04
6.744512585846907261e-04
6.746434864798246840e-04
6.748055591121501339e-04
6.749368649316361910e-04
6.750367960843015134e-04
6.751047486878943883e-04
6.750272710499046619e-04
6.740098805188947124e-04
6.730119746864127953e-04
6.720323657478313598e-04
6.710698738942101919e-04
6.701233270118131437e-04
6.691915604022776127e-04
6.680191299174865474e-04
6.668475164890168456e-04
6.656755053721352114e-04
6.645018903862126352e-04
6.633254739327975030e-04
6.621450670353684100e-04
6.609594894005283751e-04
6.597675695003298296e-04
6.585681446754555355e-04
6.573600612589907809e-04
6.567311811280666716e-04
6.561185424465314003e-04
6.554419823188265297e-04
6.547760214590820499e-04
6.541196777355359759e-04
6.534719732861241992e-04
6.528319343839857503e-04
6.521985913175448344e-04
6.515709782850472335e-04
6.509481333034541472e-04
6.503290981315764871e-04
6.497129182073666832e-04
6.490986425992553537e-04
6.491118947277310994e-04
6.495362682797429675e-04
6.501696973832938285e-04
6.508035736687685585e-04
6.514375486938739097e-04
6.520712726586720600e-04
6.527043944059969472e-04
6.533365614237470311e-04
6.539674198490873355e-04
6.545966144745593617e-04
6.552237887561094968e-04
6.558485848230546748e-04
6.565200597860518239e-04
6.571860353685889502e-04
6.578461666066287919e-04
6.585001073731683134e-04
6.591475104090882683e-04
6.595369666146566525e-04
6.592944712421874636e-04
6.584612505338444804e-04
6.587472979170173361e-04
6.590098176900225767e-04
6.594364883935014288e-04
6.598293199947712550e-04
6.601878855104774575e-04
6.605117624622236939e-04
6.608005330825865529e-04
6.610537845223139622e-04
6.612711090586224352e-04
6.614521043044668466e-04
6.615963734186771370e-04
6.611844878137717891e-04
6.612286475255984945e-04
6.612347036289952570e-04
6.612584319112690826e-04
6.614186188613581981e-04
6.615336829797250316e-04
6.616033484753324400e-04
6.616273487628102166e-04
6.616054266409709299e-04
6.615373344691008722e-04
6.616678930578816665e-04
6.617638035997968401e-04
6.618249171082683270e-04
6.618510900222281459e-04
6.615281454997919966e-04
6.611860290841296579e-04
6.608244777815540805e-04
6.616698888201042513e-04
6.625251016526664989e-04
6.634897913128796594e-04
6.644701255835843432e-04
6.654665269356072098e-04
6.664794211217797953e-04
6.675092372722383647e-04
6.685564079925679533e-04
6.696213694647935215e-04
6.707045615512806759e-04
6.718064279016248844e-04
6.729274160625257168e-04
6.737481377709758894e-04
6.746041091876516307e-04
6.754956620292453581e-04
6.764231346736297766e-04
6.773868723015791498e-04
6.783872270414355874e-04
6.794245581168104498e-04
6.804992319973941599e-04
6.816116225529633265e-04
6.827621112106727844e-04
6.839510871157171174e-04
6.851789472954489431e-04
6.864460968270571757e-04
6.877529490088920032e-04
6.890999255355374081e-04
6.904874566767308730e-04
6.922337791010181813e-04
6.940069443483566159e-04
6.958075040774501377e-04
6.967104579605515498e-04
6.975928351300768803e-04
6.973199738379172712e-04
6.968590462125211996e-04
6.963150176489904270e-04
6.956874057549621362e-04
6.949688502595484417e-04
6.941662089643236763e-04
6.926950936897351228e-04
6.929991442550483601e-04
6.933459999387281154e-04
6.937356261304634605e-04
6.948636497717263242e-04
6.960008375706840372e-04
6.971474837135223195e-04
6.983038844342304412e-04
6.994703380522307359e-04
7.003367197908794313e-04
7.008156106868491031e-04
7.013401579487831255e-04
7.019103527940951867e-04
7.025261950073510625e-04
7.031876929039293034e-04
7.038948632963818028e-04
7.046477314634813421e-04
7.054463311219061339e-04
7.062907044005481329e-04
7.071809018174216987e-04
7.081169822591189397e-04
7.090990129628269197e-04
7.101270695008529482e-04
7.112012357676472229e-04
7.123216039693018977e-04
7.134882746155037005e-04
7.147013565139221031e-04
7.159609667670187305e-04
7.172672307712493886e-04
7.186202822186649967e-04
7.200202631008682753e-04
7.206192054826266076e-04
7.208111461906335131e-04
7.209787985857536718e-04
7.211214290048547759e-04
7.212383057739714864e-04
7.213286994632588274e-04
7.213918831488645234e-04
7.214271326816140304e-04
7.214337269623999479e-04
7.214109482241947129e-04
7.217221207303066649e-04
7.219841977614783676e-04
7.219444867064966909e-04
7.218358624412525180e-04
7.216577035249602994e-04
7.214094091302222182e-04
7.210903996493600154e-04
7.207001172955944694e-04
7.202380266984174549e-04
7.193521818469634111e-04
7.183770922926912541e-04
7.173123062201549249e-04
7.161574100566300708e-04
7.148495872546380787e-04
7.134543311891488899e-04
7.119713201457360295e-04
7.114901333554996639e-04
7.109706676663989523e-04
7.106773532226591831e-04
7.103315958457954733e-04
7.099332911474139519e-04
7.094823467799411289e-04
7.089786825377813670e-04
7.084222304541168370e-04
7.075301554128302257e-04
7.066000956694819301e-04
7.059349350370355044e-04
7.052455665871397959e-04
7.045318860055179702e-04
7.037937921937442807e-04
7.030311873169722749e-04
7.022439768512789759e-04
7.011967108200115343e-04
6.999268642661030408e-04
6.986558140482288480e-04
6.973831752605701498e-04
6.961085659097269269e-04
6.948316069244994024e-04
6.935519221677217830e-04
6.922691384501730065e-04
6.909828855464573765e-04
6.896927962129090770e-04
6.883985062074203867e-04
6.872203850062714352e-04
6.872253973117860857e-04
6.872660800601621293e-04
6.873426806454064307e-04
6.874554521753804825e-04
6.876046536013869599e-04
6.877905498502038606e-04
6.880134119586402836e-04
6.882735172107061093e-04
6.885711492774427471e-04
6.889065983595355110e-04
6.892801613327404755e-04
6.896921418962562427e-04
6.901428507240883227e-04
6.906326056195241994e-04
6.911617316727802296e-04
6.917305614219534070e-04
6.923394350173163719e-04
6.929887003891180806e-04
6.936787134189389232e-04
6.944447643134560658e-04
6.952507626370245082e-04
6.960969495877296267e-04
6.975050404532478045e-04
6.989295272582340783e-04
7.003710281490213964e-04
7.018301668228752507e-04
7.033075726693573766e-04
7.048038809172996579e-04
7.057916839136912967e-04
7.068244744948828321e-04
7.074663484202838547e-04
7.079044217642813542e-04
7.083545006989060708e-04
7.088165535306035396e-04
7.088287563676917832e-04
7.088758556928162783e-04
7.089575698413061629e-04
7.090736221145859264e-04
7.092237406427103928e-04
7.093986616825078036e-04
7.096075682860804226e-04
7.097940409179940647e-04
7.100111837134320293e-04
7.102587039284703795e-04
7.105363122985580010e-04
7.108437229086415421e-04
7.114651854818726919e-04
7.118919435868107694e-04
7.123738965061312449e-04
7.126257399467244864e-04
7.129180643347985498e-04
7.130365717329933137e-04
7.131841335781721313e-04
7.133602211065944191e-04
7.135643084816740978e-04
7.136641552198414590e-04
7.137975399626240482e-04
7.139638673730809874e-04
7.141625461602557580e-04
7.143929888035480472e-04
7.146546112829396365e-04
7.149468328149446604e-04
7.152690755942032455e-04
7.156207645405776932e-04
7.158050145090554374e-04
7.160077726915429694e-04
7.162283438512799831e-04
7.164660332412417032e-04
7.167201464327252209e-04
7.169899891508213800e-04
7.174072508890727388e-04
7.178322976768176109e-04
7.182644973865394324e-04
7.187032165637002477e-04
7.195066318371816068e-04
7.203335366742785609e-04
7.211835354071229574e-04
7.216961494455582200e-04
7.231334424204503624e-04
7.245299003604754266e-04
7.258850927249449166e-04
7.271985946171307877e-04
7.277166501388641819e-04
7.282284751495868118e-04
7.287334894613015307e-04
7.292311114962214333e-04
7.303200554320359288e-04
7.313713985339451856e-04
7.323847096382048475e-04
7.337254642938719710e-04
7.350464278427182264e-04
7.363473964052566446e-04
7.376281670906064802e-04
7.388885380374266140e-04
7.401283084550060567e-04
7.413472786645137211e-04
7.425452501403734208e-04
7.437220255517755854e-04
7.442661660215546234e-04
7.448182415145501766e-04
7.453778691930827184e-04
7.459446652560714885e-04
7.463197643225441200e-04
7.463664257042447936e-04
7.464459664885525871e-04
7.461975040304644853e-04
7.459629808318076708e-04
7.454219431273758018e-04
7.449095641285627444e-04
7.444247754901978141e-04
7.439665146392975253e-04
7.435337243985407161e-04
7.431253526253181300e-04
7.427403518661431902e-04
7.423854372426686409e-04
7.420521845687838569e-04
7.425208287190853112e-04
7.430476244950141211e-04
7.436320683581224781e-04
7.442736683142361399e-04
7.441880981793030231e-04
7.441195699216976260e-04
7.440670733031129859e-04
7.440295994499043211e-04
7.440061406429013691e-04
7.443422939595584599e-04
7.451687939001547549e-04
7.460470784837350353e-04
7.469767104881948599e-04
7.479572602987732532e-04
7.489883055483690689e-04
7.500694307633350676e-04
7.512002270145329763e-04
7.523802915734411484e-04
7.538999884653984403e-04
7.554545453920867657e-04
7.570436870097727424e-04
7.586671387248277191e-04
7.607744558654242709e-04
7.628950143188247511e-04
7.650286385497511148e-04
7.671751507819231201e-04
7.693343709594166035e-04
7.715061167083888663e-04
7.736902032992021803e-04
7.758301744820229363e-04
7.779846432928605058e-04
7.800770801415918276e-04
7.821794419629303713e-04
7.842914527466753310e-04
7.864128332550804996e-04
7.885433009849595601e-04
7.906825701307735547e-04
7.928303515487321925e-04
7.949863527219257989e-04
7.971502777265300835e-04
7.993218271990755941e-04
8.010758015174985818e-04
8.028138312024754326e-04
8.044614011660217558e-04
8.060877678413546623e-04
8.076922107927945061e-04
8.092740067218804484e-04
8.108324296489375672e-04
8.126897995434624817e-04
8.141835400347074980e-04
8.156518105539723850e-04
8.170938784994035038e-04
8.185090096111553295e-04
8.196083193610872617e-04
8.207682798809126483e-04
8.219166513999402908e-04
8.230526810818290708e-04
8.235184490783375305e-04
8.240023113922642986e-04
8.241805536172264841e-04
8.243587845161674940e-04
8.245358134405112848e-04
8.247104487226668626e-04
8.248814977020154163e-04
8.250477667681119795e-04
8.255547014921245244e-04
8.260717469722942937e-04
8.265978958671194076e-04
8.271321385474692412e-04
8.276734629906962529e-04
8.282208546870783355e-04
8.287732965587066162e-04
8.293297688908382202e-04
8.301820164529624202e-04
8.313135564196325652e-04
8.324746344354761992e-04
8.336646043260806252e-04
8.348828186010202011e-04
8.361286282108576842e-04
8.374013823095065225e-04
8.387004280219276372e-04
8.400251102171766345e-04
8.413747712867777027e-04
8.427487509284321094e-04
8.450130390963190999e-04
8.459892077808703163e-04
8.469805819819006040e-04
8.479862358495842290e-04
8.500123481986473573e-04
8.520035048391271480e-04
8.539589680179262730e-04
8.558780000783791642e-04
8.577598637200028932e-04
8.592165117756962517e-04
8.606526561730868394e-04
8.620675145864150355e-04
8.634603018167498999e-04
8.648302299762225531e-04
8.661765086790720316e-04
8.674983452395256282e-04
8.687949448764741445e-04
8.700655109249955067e-04
8.713092450546722082e-04
8.720057771738108990e-04
8.726528953297031915e-04
8.732932454969974346e-04
8.739260334644126859e-04
8.738633134544337468e-04
8.737569751514850068e-04
8.736057361128239706e-04
8.734083215851831759e-04
8.731634651753432744e-04
8.728699095372439900e-04
8.732125149245194198e-04
8.735375127471990513e-04
8.738439162540524632e-04
8.744862522604357957e-04
8.750904097588014597e-04
8.756555207224324356e-04
8.764242229959962310e-04
8.771999361403421671e-04
8.779819962418073742e-04
8.787697371061863657e-04
8.795624902125430498e-04
8.803713189025365576e-04
8.811844128984450608e-04
8.820011038701896719e-04
8.828207210224648044e-04
8.836425910697425423e-04
8.844660382164336917e-04
8.852903841421724471e-04
8.861149479923047939e-04
8.872511092614636255e-04
8.884021277327275486e-04
8.897754305467246673e-04
8.911527116120508425e-04
8.925335534551663954e-04
8.939175359814973982e-04
8.953042364594005409e-04
8.966932295061316033e-04
8.982582982961773415e-04
8.998339304265759019e-04
9.014198226719066006e-04
9.030156696911517764e-04
9.046211639905376049e-04
9.062359958873860387e-04
9.078598534750419516e-04
9.094924225888507659e-04
9.111333867732057537e-04
9.127824272497031760e-04
9.145478405214578109e-04
9.163155970336331552e-04
9.180853968658522638e-04
9.198569377717392059e-04
9.215204564245206825e-04
9.230111875602830087e-04
9.244984372847397198e-04
9.259817355512190915e-04
9.275707738166795273e-04
9.288707811210579609e-04
9.301734722104343421e-04
9.314783193621803794e-04
9.327847918726188880e-04
9.328423664048591689e-04
9.328374352804847790e-04
9.327688616153069316e-04
9.326355217315291995e-04
9.334508372612882431e-04
9.342495064716577506e-04
9.346194917690536785e-04
9.349917304585930603e-04
9.345586719433070320e-04
9.340866961114712959e-04
9.335746160487642508e-04
9.330212526346030400e-04
9.323095501842893840e-04
9.315602526705458412e-04
9.307721505650325133e-04
9.299440434873671758e-04
9.289041553460568009e-04
9.278308617582138726e-04
9.267228994638038349e-04
9.255790155918037230e-04
9.251958920792649173e-04
9.248120708113508233e-04
9.244265596326567327e-04
9.240383680511116875e-04
9.239046796240487931e-04
9.242271259041922498e-04
9.245786413011694051e-04
9.249586067354842586e-04
9.253664047228398262e-04
9.262185991040423373e-04
9.271184734402337360e-04
9.280657127143565523e-04
9.290600073662182027e-04
9.301010530981315954e-04
9.310196937633118250e-04
9.319926476771521213e-04
9.330195424451285212e-04
9.341000127183404778e-04
9.352336999316992376e-04
9.364202520458205035e-04
9.375746415355231018e-04
9.387852670131436152e-04
9.400517546659307826e-04
9.413737375496232778e-04
9.427508553042575519e-04
9.441827538737240875e-04
9.456690852289599590e-04
9.472095070945920833e-04
9.488036826789247999e-04
9.504512804071126204e-04
9.521519736573992110e-04
9.539054405002784067e-04
9.557113634404778386e-04
9.575694291616218415e-04
9.594793282734766053e-04
9.614407550616617783e-04
9.630628752274677466e-04
9.647152345168393201e-04
9.663971855126329488e-04
9.681080780278367636e-04
9.692445652672028022e-04
9.703772941851775439e-04
9.715051590440003035e-04
9.726270491066734769e-04
9.737418486984492734e-04
9.749715356494106097e-04
9.761228647959605941e-04
9.773353641384040745e-04
9.785372564002736522e-04
9.797274668113661530e-04
9.809049159774430905e-04
9.821319931983792453e-04
9.833410798708308587e-04
9.845311010886371051e-04
9.856372743124307712e-04
9.867252975646460290e-04
9.877940675712773046e-04
9.888424776402326803e-04
9.898694178769242447e-04
9.908737754121094924e-04
9.918374239329163025e-04
9.927770835013820499e-04
9.936916288734872447e-04
9.945799327725239267e-04
9.953813763353234079e-04
9.961572297618977775e-04
9.951451536732204301e-04
9.945686975520813457e-04
9.940300480727555423e-04
9.935273778942388129e-04
9.930588672880642873e-04
9.929894842553583633e-04
9.929684596160850973e-04
9.929942021548274645e-04
9.930651272516916126e-04
9.940126557808990487e-04
9.950440678671559555e-04
9.961584328105109812e-04
9.973548355299666039e-04
9.986323756904500522e-04
9.999901668456209498e-04
1.001427335595837407e-03
1.002943020760653243e-03
1.004536372565269535e-03
1.006206551840376070e-03
1.007952729234805897e-03
1.009774084440538287e-03
1.011669805429523403e-03
1.013639087701886324e-03
1.015681133545045297e-03
1.017795151303352600e-03
1.019980354657846686e-03
1.022235961915743917e-03
1.024561195309324707e-03
1.026955280303887275e-03
1.029546946919760592e-03
1.032200018002062125e-03
1.035153756195709594e-03
1.038156623227922543e-03
1.041207942628710270e-03
1.044307032297757312e-03
1.047453204092132139e-03
1.049513272305801354e-03
1.052868728675678380e-03
1.056278003279983394e-03
1.059740561318891963e-03
1.061931876253820921e-03
1.064103163734678647e-03
1.066252647106711703e-03
1.068378537768210207e-03
1.070417670050467307e-03
1.073002067712270887e-03
1.075522917418701317e-03
1.078043255776206522e-03
1.080561609881584319e-03
1.083076493335982616e-03
1.085586406282700121e-03
1.088089835465591874e-03
1.090585254308401196e-03
1.093071123015343718e-03
1.095545888693209586e-03
1.098695599968302914e-03
1.101868375169346532e-03
1.105063221529341841e-03
1.108279134315155560e-03
1.111515096614182135e-03
1.114770079130196273e-03
1.118043039988562580e-03
1.121332924551062069e-03
1.124638665240503812e-03
1.127959181375374565e-03
1.131293379014738009e-03
1.134640150813615630e-03
1.137998375889077984e-03
1.140879242821528318e-03
1.143742641878542398e-03
1.146586985430695380e-03
1.149901996275913378e-03
1.153221501250544607e-03
1.156524007990504879e-03
1.158949066836024826e-03
1.161416050543192429e-03
1.163923545139659626e-03
1.166470126656716762e-03
1.168494611084008004e-03
1.170581375188436491e-03
1.172728782378959196e-03
1.174935191331447646e-03
1.177198955066821161e-03
1.179518420053650343e-03
1.181185046503105797e-03
1.182937308551268310e-03
1.184482285999567067e-03
1.186093825087944408e-03
1.187769707669300524e-03
1.189507712312342811e-03
1.191305613046817228e-03
1.193161178152389850e-03
1.195072168990975008e-03
1.197036338882478566e-03
1.199051432023950058e-03
1.201115182452185950e-03
1.203225313049937142e-03
1.205379534595864017e-03
1.207575544858484947e-03
1.209811027734397767e-03
1.212083652431132641e-03
1.214391072694962024e-03
1.216579048009166705e-03
1.218789046401891514e-03
1.221018546131942550e-03
1.223583660835679023e-03
1.226301382629991664e-03
1.229024311254375574e-03
1.230741452062354387e-03
1.232506320568134937e-03
1.234162110356525370e-03
1.236242178127577819e-03
1.238373974942633430e-03
1.240554924008689056e-03
1.242782434676209958e-03
1.246074219564608475e-03
1.249360278065348231e-03
1.252647082132891162e-03
1.255922870865058046e-03
1.259185166157528180e-03
1.262431465861994654e-03
1.266244707860229336e-03
1.269019925321783742e-03
1.271851654063301407e-03
1.274737619503171814e-03
1.277675530384813794e-03
1.280271405264490512e-03
1.283100274329778204e-03
1.286001041941330341e-03
1.288971393527186616e-03
1.291993104954730198e-03
1.295330420414139184e-03
1.298744561667171437e-03
1.302233401375881613e-03
1.305637287490833990e-03
1.309118687374254261e-03
1.312675382312325370e-03
1.316305136523194478e-03
1.318965422411407136e-03
1.321741748407501745e-03
1.324500923235538306e-03
1.327376894403383290e-03
1.330366969823579661e-03
1.333468456552008418e-03
1.336678658180381072e-03
1.339994872290972694e-03
1.343414387972646220e-03
1.346934483397550005e-03
1.350552423457914873e-03
1.354523608422527692e-03
1.358601312625116846e-03
1.362783041471098047e-03
1.367066282996523248e-03
1.371448505615364185e-03
1.375927155916191512e-03
1.380630704162043223e-03
1.385166946134329044e-03
1.389810949021926369e-03
1.394560159387069065e-03
1.399411999687496990e-03
1.404363865959511182e-03
1.409413125550685285e-03
1.414557114902648691e-03
1.419793137384461152e-03
1.425118461177301383e-03
1.430530317211222086e-03
1.436025897154980793e-03
1.441602351459974783e-03
1.447032391546860261e-03
1.452547109319299486e-03
1.458143503744775780e-03
1.463818528852647198e-03
1.468474263414137936e-03
1.473249989418433945e-03
1.478085476141952764e-03
1.483036722063607983e-03
1.488100300389714201e-03
1.493272749138410509e-03
1.498550568145465322e-03
1.503930216153102038e-03
1.509207811382405314e-03
1.514671597224196732e-03
1.519347672266172520e-03
1.524143337122490886e-03
1.529054532401708834e-03
1.534077159933295567e-03
1.539102529154192343e-03
1.544225158584727796e-03
1.549440690415019879e-03
1.554850326315615570e-03
1.560349921193964146e-03
1.565935072464681027e-03
1.571331463407166402e-03
1.576816171578531746e-03
1.581954547545405066e-03
1.587219380589873592e-03
1.592356441415265951e-03
1.597593081081032746e-03
1.602924365206495182e-03
1.608446327160829165e-03
1.613920532618290209e-03
1.621786087746185595e-03
1.629870552556619877e-03
1.638171981505370150e-03
1.646688416931947618e-03
1.655417884329609497e-03
1.664358387640395374e-03
1.673191499858076676e-03
1.681255218743626717e-03
1.689576247533416216e-03
1.696960086399079259e-03
1.704645647011877093e-03
1.712630392849590240e-03
1.720911827409779462e-03
1.729487486237615747e-03
1.738354929032140611e-03
1.747511731822627224e-03
1.756955479207456200e-03
1.766683756648501896e-03
1.776694142814700490e-03
1.786957454491877768e-03
1.797499024342700744e-03
1.807822942354015512e-03
1.818439251074281627e-03
1.828860519029898782e-03
1.839587787703364508e-03
1.850389086938542330e-03
1.861499842874544432e-03
1.872030685455017404e-03
1.882899758843223012e-03
1.893853733800059808e-03
1.905124709986206555e-03
1.916054552950985715e-03
1.927273071330223592e-03
1.937923670534358322e-03
1.948887298236673914e-03
1.958357601847553111e-03
1.968203358079382084e-03
1.978419459291036984e-03
1.989000795364625606e-03
1.999942238901974804e-03
2.011238630596980277e-03
2.022884764773020486e-03
2.034875375076421970e-03
2.046686793589445278e-03
2.058976019048155536e-03
2.070587700995658257e-03
2.082702810483048374e-03
2.095015923202071199e-03
2.107710161225217257e-03
2.120312181973920372e-03
2.133301604496354222e-03
2.145682590310663950e-03
2.158476903066437920e-03
2.171059552516638701e-03
2.184066646808088558e-03
2.196928536439123926e-03
2.210223274176460924e-03
2.221408049931287206e-03
2.233111231209091233e-03
2.245040036645334133e-03
2.257483316747786652e-03
2.269473221491165402e-03
2.282000000061925032e-03
2.294066540908201030e-03
2.306692884095709346e-03
2.319554803546855070e-03
2.332972215514996037e-03
2.344007701388680157e-03
2.355697844771575088e-03
2.367780045227180392e-03
2.380271065006643507e-03
2.392275597528173772e-03
2.403989836966591125e-03
2.414553884627963602e-03
2.426228175463920628e-03
2.437775732053144330e-03
2.446694887920798211e-03
2.456050041005282923e-03
2.462362950823047524e-03
2.465059772271757741e-03
2.451069890040470742e-03
2.439676206364746469e-03
2.430805066762341607e-03
2.424391279649245300e-03
2.421899974427285749e-03
2.421832478688783121e-03
2.424151321428122657e-03
2.428826019298945069e-03
2.435832744836623123e-03
2.443913387099281263e-03
2.453942342407755984e-03
2.466334054537258104e-03
2.481084873253313998e-03
2.498197061882446827e-03
2.517678617495316788e-03
2.537335353820103796e-03
2.558141017582032072e-03
2.581483699894300370e-03
2.607386768424516024e-03
2.635879550243231881e-03
2.666997241623451226e-03
2.700780837676568149e-03
2.737277080221927825e-03
2.776538422402189017e-03
2.815901601536440445e-03
2.857424802824404947e-03
2.901893093512345877e-03
2.949374150884156564e-03
3.002525445511938784e-03
3.059066454473997540e-03
3.119099965362264696e-03
3.182736045132800087e-03
3.250092167910835408e-03
3.321293354757623353e-03
3.396472324396456518e-03
3.472778480654976473e-03
3.553060456074532986e-03
3.637424447395028355e-03
3.726034895163731365e-03
3.819038210183224851e-03
3.916587519928438864e-03
4.018842730843030960e-03
4.129555209427792847e-03
4.245692801720485701e-03
4.367467307572947890e-03
4.495099836401191158e-03
4.634418182544077468e-03
4.780272209303325012e-03
4.932926103133256947e-03
5.092654421697842722e-03
5.259810250592445412e-03
5.434629257996992542e-03
5.617418599454972530e-03
5.808496313787478438e-03
6.008953172673824061e-03
6.227364407700467126e-03
6.455357174586121710e-03
6.693298543171204498e-03
6.979208818140905483e-03
7.293552542018332148e-03
7.642111124089771487e-03
8.005365644428307989e-03
8.383748629070993108e-03
8.777689879078195631e-03
9.187614942919921160e-03
9.613943478941283996e-03
1.005708750623781483e-02
1.051744954277619194e-02
1.099542063015881282e-02
1.149137824505496765e-02
1.200568409800473191e-02
1.253868182104873191e-02
1.309069454644430641e-02
1.366202237959943805e-02
1.425293977028591411e-02
1.486369278718429818e-02
1.549762237937966219e-02
1.615220632630973846e-02
1.682762241821312427e-02
1.752400993267575618e-02
1.824146652535881333e-02
1.906658011594818819e-02
1.993197341943179698e-02
2.091365268542626221e-02
2.192340581984751277e-02
2.295986291482543518e-02
2.404259079745819927e-02
2.515089425372109624e-02
2.629106147545892669e-02
2.745490045671900026e-02
2.865383353677634914e-02
2.987369810656941016e-02
3.114521145716114131e-02
3.243727064071964122e-02
3.374924403524052346e-02
3.507779209332839016e-02
3.642062119401381914e-02
3.777528854101402933e-02
3.913920656669417353e-02
4.050964836509345773e-02
4.196061940686315883e-02
4.341344068294186037e-02
4.491092469240328539e-02
4.640661180653565115e-02
4.791084314922960941e-02
4.940598537864224898e-02
5.088869082533416244e-02
5.235435360446729497e-02
5.382089973417992362e-02
5.526220546979884046e-02
5.669055600520717803e-02
5.808505019578884265e-02
5.945835911533054602e-02
6.079007999651785815e-02
6.210528638607615282e-02
6.337184332241220519e-02
6.459504863155410281e-02
6.576215951882946609e-02
6.687178851236404153e-02
6.791753043291569314e-02
6.893064842500856715e-02
6.987256321849974472e-02
7.074588883011409535e-02
7.154131518519293853e-02
7.225591977770083607e-02
7.288704951128573140e-02
7.346316239904454592e-02
7.396489339992179390e-02
7.444622844011711260e-02
7.483764284443135406e-02
7.519387527910836866e-02
7.546065795367917772e-02
7.566177310478684748e-02
7.577069118380991286e-02
7.578704510806689998e-02
7.571080700157481469e-02
7.556761086129561156e-02
7.533134128494492487e-02
7.500913531843220183e-02
7.459565082413657788e-02
7.409362677656068652e-02
7.350383116957515117e-02
7.284935640406907387e-02
7.211239244055535347e-02
7.131984010391860529e-02
7.045057317755713810e-02
6.951673713051621795e-02
6.851277165816631320e-02
6.747572603948630288e-02
6.637619851250925462e-02
6.521785476249471192e-02
6.400450003294645696e-02
6.283261014412004630e-02
6.160596469177603840e-02
6.035663678635490303e-02
5.906115579609691468e-02
5.778376068126608173e-02
5.646836490857368163e-02
5.512382591160138595e-02
5.374888834742060778e-02
5.234760496744567115e-02
5.092400409191102928e-02
4.948207147519328303e-02
4.802573300533403977e-02
4.657633871662560099e-02
4.511938349880231791e-02
4.367862481325513607e-02
4.223705235210049175e-02
4.080168286585784260e-02
3.937187472140264016e-02
3.795943137735413586e-02
3.655818073158267900e-02
3.520120199884686774e-02
3.385841109061027421e-02
3.254194440564258523e-02
3.124397091642203833e-02
2.998106282647749338e-02
2.873942139943421945e-02
2.755464694055194050e-02
2.639309639819615444e-02
2.525948724831941772e-02
2.415151256011453806e-02
2.308820839722352386e-02
2.205098760229158225e-02
2.105022679000630517e-02
2.007666508199622626e-02
1.913361071915092512e-02
1.821864589194022513e-02
1.735487300396612934e-02
1.651860170169837036e-02
1.571169489781965023e-02
1.493387111136210491e-02
1.419501471683433380e-02
1.348804604627267499e-02
1.281738496171607247e-02
1.218007056949096598e-02
1.157407513607689939e-02
1.100833831257912523e-02
1.046760230208600845e-02
9.971249184329983306e-03
9.515058969325590130e-03
9.148516962325046672e-03
8.797038903996707432e-03
8.460096354393834006e-03
8.137171480546339167e-03
7.827757621763345094e-03
7.531478093565965176e-03
7.247716934851940185e-03
6.976004816112680099e-03
6.715884931173256647e-03
6.470363607505330572e-03
6.236555694514527882e-03
6.012930383718040513e-03
5.799083084149191970e-03
5.594622699464551867e-03
5.399171519779195731e-03
5.217131878818680006e-03
5.046035183539388479e-03
4.884909157087190257e-03
4.731028150501705686e-03
4.585264439529348167e-03
4.446050364902214350e-03
4.313129484919138446e-03
4.186255522063992568e-03
4.065192173522776467e-03
3.953724906804519969e-03
3.847596519891974959e-03
3.746601556203380673e-03
3.656603749999607147e-03
3.564847399356154377e-03
3.483462717311359286e-03
3.405956570819604606e-03
3.332209755319776815e-03
3.262108585180032577e-03
3.195544878695936140e-03
3.132415941385104791e-03
3.072624548973368428e-03
3.016078931431564851e-03
2.962692759393538780e-03
2.911127965593462725e-03
2.862670041398912828e-03
2.817241524907003122e-03
2.774770925916178119e-03
2.735192711688787335e-03
2.698447305081856998e-03
2.661614181106050376e-03
2.627725772928105226e-03
2.594305577130341222e-03
2.563661168683680804e-03
2.535744957765982775e-03
2.510516079075911147e-03
2.487940427763397303e-03
2.467990720902862780e-03
2.450646586253743368e-03
2.435894680245752602e-03
2.423728837345471600e-03
2.410521928146431778e-03
2.399760541837248160e-03
2.391449538876341905e-03
2.374145811247097525e-03
2.355920383234998920e-03
2.332885537295453175e-03
2.311282534145372037e-03
2.289086362660301601e-03
2.268439388569147910e-03
2.249327722930087071e-03
2.231739708158248566e-03
2.215665969951778527e-03
2.201099474613482827e-03
2.188035592310850173e-03
2.176472166852690560e-03
2.166409592600427279e-03
2.157850899176986994e-03
2.150801844686369823e-03
2.145271018213293964e-03
2.141269952434986679e-03
2.140528805101026694e-03
2.141263050976865544e-03
2.143498247094647018e-03
2.147263174505521094e-03
2.152590025144641376e-03
2.159514604539036851e-03
2.157735816129096630e-03
2.155105189484497578e-03
2.143571628218180532e-03
2.132615541088552034e-03
2.122303550789740503e-03
2.110750605208206680e-03
2.099776395344876440e-03
2.089114090601521066e-03
2.079027488801757969e-03
2.068539526707464851e-03
2.058596583601204465e-03
2.048636006840384542e-03
2.039314477906088371e-03
2.030520905469489820e-03
2.022259688147747762e-03
2.014535458645288438e-03
2.007353104592411903e-03
2.000717789875453619e-03
1.995246273338521521e-03
1.986467316681644890e-03
1.978057299067018191e-03
1.969136450312077794e-03
1.960558112371184672e-03
1.951727021268037134e-03
1.943223092368589989e-03
1.935027037250376149e-03
1.927762539663194089e-03
1.919976834907659823e-03
1.912466738822236932e-03
1.904652159779609416e-03
1.897099013214755860e-03
1.889601338798574566e-03
1.884292581451692001e-03
1.878771191958291276e-03
1.873398479965295233e-03
1.867118448772381529e-03
1.862120558977461201e-03
1.857216758259253638e-03
1.853847741260949804e-03
1.849773395958238505e-03
1.845775595943532606e-03
1.841698296085444043e-03
1.837705979477215939e-03
1.833806386003105455e-03
1.830007198494612488e-03
1.825510635951748534e-03
1.821093822000496073e-03
1.816156355723373694e-03
1.811286437350715164e-03
1.804906077358809464e-03
1.798694778942315151e-03
1.792041860967426986e-03
1.785542145543399153e-03
1.779200396599603298e-03
1.773021329126639413e-03
1.766387289084521851e-03
1.759899176691316841e-03
1.753408660413583548e-03
1.747066529911462393e-03
1.740877096564086637e-03
1.734844628438185965e-03
1.728973354803000316e-03
1.723267470754414731e-03
1.717088102792531292e-03
1.711108122380343736e-03
1.705330909638406393e-03
1.700287349765411708e-03
1.695423583721370874e-03
1.690743684577767497e-03
1.686251722570677710e-03
1.681951770414621744e-03
1.675431719464846219e-03
1.669008661676335287e-03
1.662685957353257984e-03
1.656466918531921632e-03
1.650228590412446909e-03
1.644095180240887251e-03
1.637411060493733578e-03
1.630861370296815939e-03
1.624448508713806014e-03
1.618174847846134880e-03
1.612042735526615037e-03
1.606054498049150738e-03
1.600028007137396010e-03
1.593884838513616453e-03
1.583437479748412476e-03
1.568692646970061078e-03
1.554678272832010332e-03
1.541376016536717642e-03
1.528768538783467504e-03
1.516839463737148152e-03
1.504972986234866814e-03
1.493734410792278916e-03
1.483109617575115863e-03
1.473085276395755955e-03
1.463317291158833808e-03
1.454113297232494627e-03
1.445416255376592851e-03
1.437259399875334643e-03
1.429632621000018027e-03
1.422526426867665042e-03
1.415434058289602231e-03
1.408825238212999724e-03
1.402691769061951890e-03
1.397025964992144658e-03
1.391820636446564497e-03
1.387069075650229676e-03
1.382765043003815779e-03
1.378902754338270659e-03
1.375476868995098145e-03
1.372482478699055828e-03
1.369454195637490350e-03
1.366827899017750581e-03
1.364599381993410838e-03
1.362764798669311708e-03
1.361093493018584360e-03
1.369529254067840957e-03
1.379603950148381277e-03
1.389549191065775086e-03
1.399364983392048295e-03
1.409051471886182180e-03
1.418608938237539982e-03
1.428037799709587670e-03
1.436868210165894236e-03
1.445589299193338886e-03
1.454178180858980984e-03
1.462658639992523964e-03
1.471031995642663182e-03
1.479299674361129547e-03
1.487463208561043936e-03
1.495524234849213456e-03
1.503484492337367300e-03
1.511345820937188113e-03
1.518167879604997734e-03
1.524933844187430481e-03
1.531646171956609114e-03
1.538307385931026762e-03
1.544202124625862742e-03
1.550009902471651858e-03
1.555318456442903634e-03
1.560520914735687723e-03
1.565619096826865184e-03
1.571139379462066846e-03
1.576009764504386623e-03
1.580781759535413800e-03
1.585457422844135759e-03
1.590038866339152325e-03
1.591751198935101004e-03
1.596006702104850244e-03
1.597385823736442332e-03
1.598531830113170734e-03
1.599445940693484816e-03
1.600129480291080609e-03
1.600583876872468990e-03
1.600810659293795592e-03
1.600811454980462321e-03
1.600587987553115342e-03
1.600142074403639644e-03
1.600201600789521094e-03
1.600077705597011688e-03
1.599772505104488573e-03
1.598928615239880420e-03
1.597926356034604957e-03
1.596767913442019961e-03
1.597261749389186332e-03
1.597691234288845961e-03
1.598059078473948024e-03
1.598368002172891609e-03
1.598620734475503236e-03
1.598820012344194606e-03
1.598968579670868688e-03
1.599069186379866890e-03
1.599124587577327884e-03
1.599137542747318484e-03
1.599569814774630698e-03
1.599942074405519971e-03
1.600257278925360351e-03
1.600518394305727819e-03
1.600728394168627472e-03
1.599079920284498342e-03
1.597299484978393974e-03
1.595389651271833997e-03
1.594827210425702954e-03
1.594210192681594189e-03
1.593541489133417114e-03
1.592823991344533528e-03
1.592060590446238303e-03
1.591254176288050626e-03
1.590407636639857864e-03
1.589523856445924400e-03
1.588605717130913992e-03
1.587656095957796620e-03
1.587281802958099598e-03
1.586850733571927054e-03
1.586366055396733286e-03
1.584495141565265587e-03
1.582513692387523202e-03
1.580424594622796943e-03
1.578230744289433815e-03
1.575935044861353877e-03
1.573540405509721513e-03
1.571049739390505996e-03
1.568553797064075423e-03
1.565971663710697282e-03
1.564252401780078308e-03
1.562402291718857682e-03
1.560424759042956019e-03
1.557380690662622065e-03
1.554266848960845961e-03
1.551086139055218643e-03
1.547841454659740299e-03
1.544535676949897922e-03
1.541171673478744161e-03
1.537666186865323161e-03
1.534104347093389080e-03
1.530488971517578395e-03
1.526822860608884015e-03
1.523108797063881274e-03
1.519349544963023192e-03
1.515059837730683675e-03
1.510709191997694273e-03
1.506300319319375759e-03
1.502546284964774003e-03
1.498200303540790689e-03
1.493792879212587580e-03
1.489326826976627820e-03
1.484804942311394003e-03
1.479748371754337731e-03
1.474621139612263335e-03
1.469426038596632639e-03
1.464165843126238225e-03
1.458843308228245043e-03
1.453461168485060614e-03
1.446466053862753218e-03
1.439354345698503571e-03
1.432129243254435342e-03
1.425646541887896999e-03
1.418241390351864537e-03
1.411202553299247420e-03
1.402950000825150308e-03
1.394531156443227365e-03
1.385950425699658409e-03
1.377212246426500137e-03
1.368321085268098172e-03
1.359281434233604747e-03
1.350097807278889542e-03
1.340774736920883996e-03
1.331316770887461644e-03
1.323250889192579801e-03
1.314962147787735207e-03
1.307649076917481853e-03
1.300169218043827893e-03
1.292527999321444734e-03
1.284730857019160052e-03
1.277492960051562201e-03
1.270065764623218600e-03
1.261754080350509797e-03
1.253309701684746525e-03
1.244895981034139544e-03
1.236350270202241433e-03
1.227678139666408923e-03
1.218885134870718390e-03
1.209976771843129968e-03
1.200958532958279956e-03
1.192224610912478782e-03
1.183404688853795282e-03
1.174503786866160256e-03
1.165146826197277843e-03
1.155258998523187247e-03
1.144516050327676424e-03
1.133784010243755157e-03
1.123065722430574695e-03
1.112363964892100574e-03
1.101681449355359967e-03
1.091020821205893922e-03
1.080384659478723572e-03
1.069775476903239361e-03
1.059195720000300021e-03
1.048989812797568571e-03
1.038827885046438460e-03
1.028711894078500333e-03
1.018643732230295343e-03
1.008625227457067043e-03
9.986581439802954922e-04
9.887441829672717099e-04
9.790511808024069968e-04
9.722906382357310870e-04
9.690266219853386695e-04
9.660192125462715258e-04
9.632703959712467972e-04
9.607823143355615717e-04
9.585572744906558631e-04
9.565977571100812288e-04
9.549064260529220496e-04
9.534861380709988869e-04
9.523399528877913136e-04
9.514711436785527367e-04
9.508832079827958311e-04
9.505798790821763091e-04
9.490120032326345920e-04
9.493680394884843358e-04
9.500202453456901494e-04
9.509734859507406159e-04
9.522329270401732638e-04
9.538040499849801757e-04
9.556926675975349356e-04
9.579049407544237794e-04
9.603010043106704119e-04
9.630407188645867490e-04
9.661312374505456185e-04
9.695801476634428309e-04
9.733954932930058901e-04
9.775857971976254033e-04
9.821600855028300107e-04
9.871279132153824073e-04
9.924993913503080481e-04
9.982852156750438109e-04
9.969970338506248947e-04
9.944440793539484694e-04
9.918622934079305859e-04
9.892520829579709313e-04
9.866138557444524126e-04
9.839480202176039639e-04
9.812549854530663515e-04
9.788718556215999112e-04
9.764770388916559638e-04
9.740709572371257768e-04
9.716540299167580538e-04
9.692266734307434682e-04
9.667893014789419792e-04
9.644693818871289325e-04
9.621332332226927844e-04
9.597813679535045165e-04
9.574142956605666320e-04
9.556555303093155823e-04
9.539103408166109150e-04
9.520538910871187118e-04
9.502190078735439161e-04
9.485311360006679375e-04
9.468590469906248063e-04
9.452033274568552882e-04
9.435645601998947536e-04
9.419708935751817122e-04
9.398674037194828038e-04
9.381060853893870418e-04
9.363729029950768100e-04
9.346682796044727569e-04
9.329926367072565807e-04
9.313463943685709994e-04
9.297018480448565689e-04
9.280890534557813569e-04
9.265084030730127247e-04
9.249602889162720446e-04
9.234451027188290539e-04
9.219632360949594823e-04
9.205150807094253677e-04
9.191010284490194748e-04
9.177214715961679644e-04
9.163768030046618926e-04
9.150674162775349974e-04
9.137937059471438247e-04
9.125560676574729626e-04
9.115702961714814388e-04
9.106314415979355897e-04
9.097400027604047798e-04
9.088964833058150398e-04
9.081013920049033896e-04
9.073552430572564935e-04
9.066585564011194788e-04
9.060118580281171672e-04
9.054156803030250856e-04
9.048705622887936529e-04
9.043770500769628042e-04
9.039356971236741332e-04
9.036420295221852259e-04
9.031243422533361811e-04
9.026425887035799660e-04
9.021972647020125692e-04
9.017888693521265752e-04
9.014179052457133023e-04
9.011015016353905250e-04
9.008226959375007859e-04
9.005820137886283655e-04
9.003799850193771334e-04
9.006273489136554363e-04
9.008937855445716065e-04
9.011800810316475526e-04
9.014870237519707376e-04
9.018154045152367753e-04
9.021660167458618942e-04
9.027547982512838364e-04
9.033567731360425072e-04
9.039728482566064061e-04
9.042421904764950166e-04
9.045093488223742611e-04
9.047750283024014618e-04
9.050399347652379311e-04
9.050890256101126437e-04
9.051495783146414585e-04
9.051441782429742872e-04
9.051553729760174107e-04
9.051837213303505362e-04
9.052297831469041135e-04
9.052941193986450063e-04
9.053772923018000218e-04
9.049042541260747790e-04
9.044231986822782142e-04
9.039344188458734667e-04
9.040128858390702191e-04
9.041121200822759300e-04
9.042326860271303248e-04
9.043751499066378981e-04
9.045400798694902631e-04
9.047280461181476463e-04
9.049396210507118380e-04
9.051753794066174849e-04
9.054358984162133930e-04
9.057217579542538961e-04
9.060335406973656688e-04
9.063718322855402907e-04
9.067372214877055794e-04
9.071303003714290339e-04
9.075516644768282003e-04
9.075507356114376721e-04
9.078748557028197205e-04
9.082221553734228740e-04
9.085931570346301653e-04
9.089883857378531226e-04
9.097268422771444306e-04
9.104749071908327471e-04
9.118508301363744285e-04
9.132079418526847922e-04
9.145471284000674175e-04
9.158692826426342685e-04
9.172796086350935071e-04
9.179431592459775732e-04
9.186225638667534343e-04
9.193185221226248894e-04
9.200317365238492619e-04
9.204404739377047449e-04
9.208516592704926729e-04
9.212658063558182677e-04
9.216834299711479514e-04
9.221050458557180892e-04
9.225311707313431061e-04
9.229623223261067136e-04
9.233990194009443790e-04
9.238417817791582352e-04
9.242911303788583621e-04
9.236294096362344681e-04
9.229208117293277768e-04
9.221654176707384538e-04
9.213633156782494041e-04
9.204800819931476192e-04
9.195521483961647353e-04
9.180432510676495321e-04
9.164651054305031829e-04
9.153522457404171921e-04
9.141947612069511054e-04
9.125807325817051176e-04
9.109323315436996518e-04
9.092495048623219734e-04
9.075322050206466838e-04
9.057803902694830898e-04
9.039940246802257232e-04
9.021730781965209105e-04
9.006039365815661371e-04
8.989846185399244906e-04
8.973153029510641749e-04
8.959606359931766417e-04
8.952355887761203907e-04
8.945085680186236950e-04
8.937799733969586675e-04
8.927661956520029779e-04
8.917665198333181008e-04
8.907811499037277718e-04
8.898102894030930632e-04
8.888541414850803903e-04
8.879129089544048319e-04
8.869867943045876878e-04
8.860759997562137448e-04
8.851807272956836985e-04
8.843011787144816789e-04
8.834375556489434608e-04
8.825900596205376106e-04
8.817588920766626041e-04
8.809442544319525444e-04
8.801463481101085007e-04
8.790942189920850688e-04
8.779208676643193232e-04
8.767586855894593870e-04
8.756076830633018103e-04
8.744678705370435758e-04
8.733392586213956695e-04
8.722218580907337322e-04
8.711156798872294119e-04
8.700207351250160851e-04
8.689370350943555546e-04
8.678645912658164560e-04
8.668034152944617717e-04
8.672427351333582149e-04
8.662753230193550886e-04
8.653197853026333873e-04
8.643761349322607104e-04
8.640334937971200007e-04
8.636721618800525559e-04
8.632925114299170666e-04
8.628949152627074298e-04
8.626179337059722242e-04
8.623304091765363142e-04
8.620327671493900092e-04
8.617254328925807571e-04
8.614088314189443556e-04
8.610833874399116510e-04
8.607495253214047116e-04
8.604076690417959130e-04
8.600582421519540038e-04
8.597962137622473973e-04
8.595226171094083210e-04
8.592379247778068494e-04
8.593122226918278568e-04
8.593575930746221196e-04
8.593746805716193397e-04
8.593641327155842301e-04
8.593265997156766334e-04
8.592627342509841920e-04
8.588036375600041367e-04
8.583384278599867460e-04
8.577368555157891808e-04
8.571368730613084571e-04
8.565388715343426372e-04
8.558247291151147842e-04
8.551077228660235738e-04
8.543881966457886074e-04
8.536664932059649961e-04
8.529429541816003569e-04
8.522179200832711308e-04
8.516096420407178163e-04
8.510061377858148387e-04
8.501542912792179685e-04
8.493094933761694779e-04
8.484719893246017892e-04
8.476420235096478011e-04
8.467937907656264635e-04
8.461382473624218551e-04
8.454985165274993492e-04
8.448749037036960927e-04
8.442677142367672766e-04
8.436772534376444938e-04
8.431038266458590726e-04
8.425745264123186973e-04
8.420641501428365386e-04
8.415730159851153320e-04
8.411014425677652276e-04
8.406497490776376541e-04
8.402182553385434925e-04
8.398072818913067698e-04
8.394171500752259721e-04
8.390481821109227033e-04
8.390476623910738405e-04
8.395234244532599798e-04
8.399802823099548638e-04
8.404189728748483927e-04
8.408402358778078794e-04
8.412448137052396880e-04
8.416334512468583986e-04
8.420068957489282259e-04
8.423658966740345862e-04
8.423063697399038640e-04
8.422542193224749662e-04
8.426147978489679840e-04
8.429635814954444199e-04
8.433013261871567887e-04
8.436287895385076192e-04
8.439467307564601584e-04
8.441626607917945184e-04
8.443659633769212301e-04
8.445573561545709077e-04
8.447375579513568015e-04
8.449072886789336153e-04
8.450672692412173389e-04
8.452018340083200477e-04
8.453272844230937935e-04
8.454443360595904119e-04
8.455537051556416420e-04
8.450754200349491329e-04
8.445802066145230652e-04
8.438386245766224840e-04
8.430929920385745900e-04
8.423436376567631752e-04
8.415908890115655601e-04
8.406244666306931720e-04
8.396454239955887218e-04
8.379860581098754011e-04
8.363503782301793003e-04
8.347381336944046304e-04
8.331490767570750222e-04
8.315829625389058741e-04
8.302475030464548551e-04
8.289439738503647783e-04
8.277471844094635989e-04
8.259165306487093253e-04
8.241568604800608364e-04
8.224674117744454989e-04
8.208474430503879182e-04
8.192962330271356302e-04
8.178130801896943197e-04
8.163973023654239958e-04
8.150482363118377940e-04
8.137652373152857348e-04
8.125476788002145489e-04
8.113949519486607451e-04
8.103064653297161694e-04
8.092816445386289770e-04
8.083199318453090833e-04
8.074207858519074103e-04
8.065836811592549081e-04
8.058081080418541976e-04
8.050935721312119792e-04
8.044395941072478816e-04
8.038457093975377547e-04
8.033114678841794462e-04
8.028364336180507767e-04
8.024201845402270444e-04
8.025779363608228191e-04
8.027675590461599711e-04
8.029890194712059441e-04
8.032422882419945273e-04
8.035273396787536099e-04
8.035483931308801293e-04
8.035865452209911986e-04
8.030695635126737031e-04
8.038098844787999351e-04
8.044748891027447791e-04
8.050645589007963867e-04
8.054826214577159599e-04
8.066422625425813094e-04
8.077484412230936028e-04
8.088014585482893428e-04
8.094547400571704176e-04
8.100723678752044798e-04
8.106546099707164681e-04
8.112017399858932002e-04
8.117140371012425979e-04
8.121917858999337572e-04
8.126352762320856278e-04
8.130448030791050237e-04
8.134206664180958658e-04
8.140222637848316175e-04
8.145779950081015507e-04
8.150882495523697081e-04
8.155534257644485481e-04
8.159739306285325715e-04
8.163501795210659565e-04
8.164548352779350208e-04
8.153249632881611267e-04
8.142290655084427186e-04
8.131127158402799053e-04
8.120324605567278125e-04
8.109878900708469883e-04
8.102494187826409172e-04
8.095585363378001711e-04
8.089149836682182643e-04
8.083185104632489631e-04
8.077688750565427921e-04
8.072658443158669400e-04
8.068091935358696421e-04
8.061291755228377391e-04
8.054822470621194035e-04
8.048680616917271722e-04
8.042862777811871349e-04
8.037365584084160686e-04
8.032185712387379184e-04
8.020348228934572315e-04
8.011864857212862810e-04
8.004173787068679389e-04
7.997267857413807666e-04
7.991140156080441198e-04
7.985784014056439501e-04
7.981192999884201928e-04
7.977360914217815563e-04
7.974281784532885869e-04
7.971949859983908830e-04
7.970359606404199418e-04
7.969505701443501799e-04
7.969383029838309146e-04
7.971386491719993292e-04
7.974041543137918176e-04
7.977344662406579820e-04
7.981292479622976825e-04
7.987082916530951994e-04
7.993572439743749881e-04
8.000759142593849137e-04
8.008641288509949592e-04
8.017217308687553043e-04
8.026485799837121968e-04
8.036445522007400546e-04
8.047095396481911741e-04
8.058434503746456611e-04
8.070462081525535273e-04
8.083177522885923345e-04
8.096580374405283175e-04
8.110670334403980797e-04
8.125447251238527863e-04
8.146029488278364950e-04
8.161210738029952378e-04
8.178620150274749619e-04
8.196068651628420423e-04
8.213553476107299809e-04
8.231071833565196429e-04
8.252228896337439725e-04
8.273248069183360186e-04
8.294126978028938842e-04
8.314863244700193079e-04
8.335454487243020624e-04
8.355898320247265396e-04
8.376192355175029114e-04
8.396334200693178745e-04
8.415348767790732914e-04
8.438924059800610418e-04
8.462069081005485971e-04
8.476151448885399899e-04
8.489815349950688168e-04
8.503055283652237364e-04
8.511478807200995120e-04
8.519678720963745231e-04
8.527648720080460622e-04
8.539242782011751418e-04
8.550792362698714146e-04
8.560649182308791580e-04
8.570669130963973984e-04
8.580848080221547798e-04
8.591181888450102368e-04
8.601666400020650067e-04
8.612297444518224841e-04
8.623070835974012277e-04
8.633982372118164089e-04
8.645027833653263398e-04
8.656202983548581765e-04
8.667503566355377323e-04
8.680381854678536529e-04
8.693452637436214440e-04
8.706712688802310677e-04
8.720158770802797880e-04
8.733787632525046680e-04
8.747596009340178431e-04
8.761580622137656428e-04
8.775738176572825747e-04
8.790065362327027657e-04
8.804558852380532565e-04
8.819215302298281716e-04
8.834031349528502714e-04
8.852120935603732289e-04
8.870217301760982857e-04
8.888317805729314611e-04
8.908080922426485099e-04
8.927765802515312500e-04
8.947370031351528858e-04
8.966891181107848174e-04
8.986326810974418038e-04
9.013579107705346023e-04
9.034646925180384470e-04
9.054578419629487167e-04
9.073365680396466935e-04
9.091001228691916345e-04
9.107478022546709523e-04
9.122789461490504737e-04
9.136929390951167938e-04
9.149892106370647064e-04
9.166300394576963172e-04
9.181761769228314598e-04
9.191630233027342761e-04
9.200307327367334429e-04
9.207789477659071228e-04
9.214631457956532976e-04
9.220245197326648037e-04
9.224628546688469575e-04
9.227779849722926976e-04
9.229697943912165909e-04
9.230382161248884337e-04
9.229273524593801853e-04
9.220150354564272781e-04
9.209910577052583423e-04
9.198833060548793853e-04
9.186917097723312038e-04
9.174162229273666704e-04
9.162572011714029607e-04
9.150234946768173554e-04
9.139767753478972604e-04
9.128675425804449149e-04
9.116958763382733422e-04
9.104618701440847115e-04
9.091656310976872117e-04
9.078072798892600475e-04
9.071463085419273096e-04
9.064588689112741638e-04
9.057452385867126787e-04
9.050056967569605716e-04
9.042405241386097412e-04
9.034500029052198794e-04
9.026344166169069120e-04
9.017940501504946842e-04
9.016960975494086629e-04
9.016106819300433129e-04
9.015383858696808398e-04
9.014797923136319731e-04
9.014354846621800907e-04
9.014060468613647190e-04
9.013920634975829431e-04
9.011158781763037784e-04
9.008704396457174138e-04
9.006561672516760547e-04
9.007515264856527995e-04
9.010811949621518654e-04
9.014185985554250269e-04
9.017644420613929110e-04
9.021194315685440853e-04
9.024842745263092925e-04
9.028596798189879920e-04
9.032463578452385941e-04
9.036450206031844271e-04
9.040563817811377153e-04
9.044811568539761534e-04
9.049200631852107827e-04
9.053738201347740107e-04
9.052315035687909890e-04
9.050752723727351285e-04
9.049055371933031975e-04
9.047227089911770220e-04
9.045271989811737908e-04
9.043194185742419984e-04
9.040997793212767874e-04
9.038686928587699775e-04
9.021280968053713156e-04
9.003069508333381944e-04
8.984054370402595746e-04
8.964237616609083137e-04
8.941858224267794884e-04
8.907650299443573916e-04
8.873194735736401753e-04
8.853334599770371202e-04
8.818722549095418415e-04
8.784205293860275097e-04
8.749773665857419952e-04
8.715418638878425373e-04
8.681131327873801594e-04
8.646902988204350745e-04
8.612725014981628246e-04
8.578588942495235774e-04
8.541628134120059354e-04
8.504576978836758628e-04
8.467427849452961990e-04
8.430173294582197618e-04
8.392806039534755295e-04
8.355318987265019986e-04
8.320488597006341948e-04
8.298514979094155685e-04
8.277053999539803935e-04
8.256676376930711806e-04
8.236824723359147983e-04
8.217493363996378371e-04
8.198676742298490914e-04
8.180369417654845656e-04
8.162566063089382899e-04
8.145261463013240156e-04
8.128450511027590425e-04
8.112128207775331362e-04
8.096289658840134578e-04
8.080930072692080928e-04
8.078893410279043780e-04
8.080401434338737145e-04
8.081518987724744217e-04
8.084032462999603177e-04
8.086078506163941939e-04
8.095052980113981878e-04
8.103945491457870912e-04
8.112766606600477085e-04
8.121526941240993572e-04
8.130237159498986078e-04
8.138158845390296549e-04
8.146088233498909557e-04
8.154786453136167934e-04
8.163477083034179071e-04
8.172171016944608686e-04
8.180879195152419457e-04
8.189612604593397458e-04
8.198382279118927342e-04
8.205684563371971234e-04
8.212968015491555048e-04
8.220242843164812492e-04
8.227519290483322270e-04
8.234807637899513397e-04
8.242118202311157077e-04
8.248702033845180031e-04
8.255365914550315222e-04
8.262119965543319837e-04
8.268974343172531090e-04
8.275939240175813651e-04
8.283024886963884226e-04
8.290241553030128913e-04
8.297599548487522665e-04
8.305109225733671094e-04
8.312780981245284327e-04
8.320625257502715011e-04
8.328652545046039309e-04
8.331367975571749799e-04
8.334010189817774115e-04
8.334349007684712903e-04
8.334518791629232613e-04
8.330776751194372354e-04
8.327069271036761705e-04
8.319575978851301073e-04
8.311943714580275833e-04
8.304175393808653450e-04
8.296273929442098214e-04
8.288242231265566511e-04
8.280083205511473438e-04
8.271799754437317992e-04
8.263394775912939229e-04
8.254871163017290635e-04
8.241333058114936466e-04
8.225604702531307726e-04
8.214519063274053302e-04
8.203419521443755351e-04
8.194151261682079213e-04
8.189208636972662670e-04
8.184370069569311089e-04
8.179640000747484931e-04
8.175022865283888048e-04
8.170523092069548231e-04
8.169168649137949862e-04
8.168086600989556698e-04
8.167282914846971283e-04
8.166763583591021705e-04
8.166534627839620603e-04
8.166602098075746111e-04
8.166972076825819785e-04
8.165813106197853527e-04
8.165061668015260879e-04
8.164722790799209011e-04
8.164801564239166417e-04
8.165303141793681671e-04
8.165384514830592794e-04
8.162059274086842136e-04
8.159411637027189556e-04
8.157443682158680353e-04
8.156157654749456943e-04
8.155555968908019017e-04
8.155641209740469282e-04
8.156416135587605263e-04
8.157883680343807654e-04
8.160046955859995548e-04
8.162909254432344211e-04
8.163451504303966596e-04
8.164549713412966618e-04
8.166205386245144540e-04
8.166819237453252231e-04
8.167914654480049877e-04
8.169492338387755737e-04
8.171553075997185561e-04
8.174097740270282967e-04
8.165858894415697553e-04
8.157560377972053077e-04
8.149197468598091271e-04
8.140765465585715708e-04
8.132259690253127848e-04
8.123675486364710348e-04
8.115008220577723782e-04
8.106253282915114192e-04
8.097406087264603881e-04
8.088462071903279376e-04
8.079416700048058222e-04
8.070265460431041461e-04
8.070079953994137127e-04
8.074443598320260899e-04
8.075571999987757668e-04
8.077807058973718269e-04
8.079176177100806872e-04
8.079681009585729361e-04
8.077444180744904967e-04
8.068473165900039634e-04
8.059563734434215107e-04
8.056475308188601600e-04
8.053499252254625596e-04
8.050404707319472677e-04
8.047193307330408529e-04
8.043866688977896213e-04
8.040426491469608323e-04
8.036874356307436955e-04
8.033211927067490654e-04
8.029440849183052320e-04
8.025562769730709483e-04
8.021579337219233042e-04
8.017492201381927605e-04
8.013303012971669578e-04
8.009013423559336632e-04
7.999461856811573542e-04
7.990082684033964367e-04
7.980874195629587614e-04
7.971834698173340446e-04
7.962962514114158225e-04
7.954255981481543744e-04
7.945713453596311851e-04
7.933942672987582146e-04
7.922512076268220949e-04
7.911417406988833926e-04
7.900654467516745596e-04
7.890219117561718572e-04
7.880107272729957452e-04
7.870314903105905162e-04
7.866749572793611507e-04
7.863441858627503393e-04
7.860391556086076918e-04
7.855049297646770528e-04
7.847860848810551916e-04
7.840711776879259048e-04
7.833599922536938886e-04
7.826523134501152563e-04
7.819479269426069402e-04
7.812466191811385250e-04
7.805481773917062995e-04
7.798523895683901743e-04
7.791590444659925998e-04
7.784679315932389919e-04
7.777788412065663381e-04
7.770915643044601926e-04
7.764058926223669490e-04
7.762608684837498394e-04
7.760892213019163427e-04
7.758258978813825863e-04
7.755394597189094272e-04
7.752299686717798333e-04
7.748974885973393227e-04
7.745420853381155060e-04
7.742288273075067498e-04
7.738894402172539697e-04
7.735240276158692699e-04
7.731326955515777566e-04
7.727155525429126731e-04
7.732709054967643221e-04
7.738497482164076241e-04
7.734535588233490411e-04
7.743270792035164682e-04
7.752404065088920430e-04
7.761943759145323741e-04
7.771898323373117737e-04
7.782276308431314640e-04
7.793086370649129077e-04
7.804337276316380750e-04
7.815381708408366190e-04
7.826916066382883950e-04
7.838949174320557125e-04
7.851489991876207161e-04
7.864547619290607671e-04
7.878131302531360229e-04
7.892250438566454813e-04
7.906914580775223616e-04
7.922133444500477481e-04
7.937916912746610654e-04
7.954275042028203634e-04
7.973066436866921769e-04
7.992368124281453096e-04
8.012191385805051856e-04
8.032547680635737783e-04
8.053448651900901910e-04
8.074906133105741023e-04
8.096932154770786726e-04
8.119538951264574636e-04
8.142738967837449349e-04
8.166544867862626572e-04
8.177278662369332840e-04
8.178162835915651257e-04
8.179029127349167439e-04
8.177980840418256963e-04
8.176814935621445034e-04
8.175527050364905964e-04
8.174112830165103849e-04
8.172567929314544745e-04
8.170888011570109520e-04
8.169068750864040031e-04
8.167895977202719888e-04
8.166613638213105278e-04
8.164427873595414033e-04
8.159349504207721784e-04
8.154251725282118165e-04
8.149128791288170462e-04
8.143974971443147717e-04
8.138784549909890880e-04
8.133551826034860236e-04
8.128271114626200739e-04
8.122936746271598642e-04
8.117543067695657307e-04
8.112084442156805185e-04
8.101867759515158892e-04
8.092603336869199065e-04
8.083536100188065633e-04
8.074657683796061932e-04
8.065959769576559529e-04
8.057434085140136731e-04
8.049072402078928526e-04
8.040866534306212151e-04
8.032808336480247099e-04
8.024889702511637732e-04
8.017102564153230767e-04
8.009438889671965456e-04
8.001890682601690884e-04
7.994449980576612139e-04
7.987108854244195488e-04
7.979859406257367761e-04
7.972693770345072118e-04
7.969371746397041229e-04
7.970906742217071916e-04
7.972450109048154904e-04
7.973998383749956878e-04
7.988316047624993655e-04
8.002010590220788415e-04
8.015081742811249431e-04
8.027529402417683422e-04
8.039353630701361096e-04
8.050554652788125985e-04
8.061132856026297739e-04
8.078886620918833677e-04
8.080110360224685090e-04
8.081287624618015662e-04
8.089814162482956636e-04
8.096012153342040975e-04
8.101700884598748726e-04
8.106881191671134069e-04
8.111554010826590912e-04
8.115720378289669433e-04
8.119381429320451102e-04
8.122538397263764096e-04
8.125192612570072840e-04
8.127345501788863511e-04
8.128998586535016646e-04
8.130153482428990842e-04
8.130811898011638299e-04
8.130975633634096719e-04
8.132569588274087945e-04
8.133767091060243194e-04
8.134570817683549598e-04
8.134983502428795761e-04
8.135007936827471156e-04
8.135535113609876877e-04
8.139790778892941293e-04
8.143912096625855000e-04
8.147904112564736696e-04
8.151771889086110220e-04
8.155520504384654572e-04
8.159155051701866713e-04
8.162680638586211753e-04
8.166102386184704177e-04
8.169425428566260512e-04
8.174963157417663041e-04
8.180298240461807494e-04
8.188490933511395013e-04
8.196343509040111093e-04
8.203116927197219707e-04
8.209600813292945633e-04
8.215802122068818726e-04
8.221727861068335195e-04
8.225064364840530863e-04
8.227734294166094264e-04
8.230289896885599000e-04
8.232460485420882348e-04
8.234542825322061204e-04
8.236542934349105373e-04
8.238466838761931282e-04
8.234389535376659399e-04
8.230549091201772895e-04
8.226948247854718073e-04
8.223589762322657372e-04
8.220476407816323028e-04
8.217610974635951998e-04
8.205286172986260085e-04
8.187282666943727612e-04
8.170824702896887105e-04
8.152009283907785077e-04
8.132740358511275202e-04
8.113017125689858623e-04
8.094817854603265786e-04
8.079621282276482942e-04
8.064495352691330434e-04
8.049438085943222713e-04
8.034447516356796413e-04
8.018179057727492553e-04
8.002046275566570286e-04
7.986046127823175772e-04
7.970175597735851400e-04
7.950456046470750051e-04
7.931077998973879448e-04
7.912034853046854155e-04
7.893320090537434431e-04
7.874927275107376215e-04
7.856850050055790100e-04
7.839082136196670299e-04
7.821617329789436754e-04
7.809743914995023392e-04
7.798401341074590390e-04
7.787585623979589866e-04
7.777292896185503948e-04
7.767519404822473142e-04
7.758261509854373367e-04
7.749515682305091555e-04
7.744755594419854136e-04
7.740665848878417301e-04
7.737245353412090191e-04
7.734493189408707305e-04
7.732408611502047642e-04
7.730991047235871889e-04
7.730240096802780403e-04
7.726684995824500708e-04
7.723627241479270227e-04
7.721064536907678395e-04
7.718994682930156292e-04
7.717415576797527965e-04
7.724014549748638072e-04
7.730717917651003810e-04
7.737528143002105410e-04
7.744447700408838139e-04
7.753754192688500210e-04
7.763064806336786262e-04
7.772382897594289899e-04
7.781711838838390643e-04
7.791055018622903205e-04
7.800415841732617197e-04
7.809797729252429110e-04
7.819204118651629275e-04
7.822922771821221683e-04
7.824086573337034811e-04
7.825797541776469178e-04
7.827398628076566618e-04
7.828889563332771390e-04
7.830270083131796221e-04
7.834858054719794768e-04
7.838478060323998469e-04
7.841788265781846545e-04
7.844789427953405151e-04
7.842645768704791312e-04
7.832809631341809383e-04
7.823305486979795480e-04
7.814126996052300766e-04
7.805267884309841564e-04
7.796721940465876346e-04
7.788483013899238222e-04
7.780545012411568991e-04
7.772901900038885247e-04
7.765547694915892005e-04
7.758476467192109262e-04
7.751682336998784754e-04
7.745842949189481316e-04
7.740301478321421312e-04
7.735052512480961821e-04
7.730090686248588996e-04
7.725410678799607281e-04
7.721007212047308749e-04
7.716875048827832179e-04
7.713008991125571302e-04
7.709403878338909940e-04
7.706054585584990596e-04
7.702956022043177132e-04
7.698226990012828298e-04
7.693648428960519212e-04
7.689214418566743970e-04
7.684919059919398344e-04
7.680756474450345503e-04
7.676720802917568094e-04
7.672806204432832972e-04
7.669006855534142141e-04
7.665494327042182091e-04
7.663819040359705478e-04
7.662143495802884157e-04
7.666129595516813422e-04
7.670385837471399787e-04
7.674910741455489953e-04
7.679702851075881267e-04
7.684760733166065083e-04
7.690082977202077064e-04
7.693918245605403097e-04
7.694843785637434704e-04
7.696276891848337093e-04
7.698213371653842224e-04
7.700649127324640363e-04
7.703580153194348069e-04
7.709719462748785114e-04
7.716483333444966409e-04
7.723870223863715410e-04
7.731878731846231808e-04
7.740507592643729217e-04
7.749755677125482085e-04
7.759621990043438691e-04
7.770105668351939788e-04
7.781205979580863496e-04
7.792922320260946322e-04
7.810000530264598608e-04
7.827945845337407060e-04
7.846763143587922457e-04
7.866457585409159393e-04
7.887034615725965238e-04
7.908499966392577114e-04
7.930859658741363279e-04
7.954120006284443522e-04
7.978287617569748734e-04
8.003369399193272817e-04
8.029372558969277663e-04
8.056304609260542650e-04
8.084173370470568989e-04
8.112986974700060229e-04
8.142753869569922115e-04
8.173749100238924484e-04
8.213001168425186930e-04
8.252917013660019752e-04
8.295263872266843376e-04
8.337720410945288069e-04
8.373423735016808983e-04
8.395401217819330100e-04
8.416990956467689401e-04
8.435122827501384448e-04
8.452988528288763901e-04
8.470578244743959999e-04
8.487882122870596272e-04
8.504890271744208708e-04
8.512948256345479782e-04
8.539586856044496625e-04
8.566473127411171687e-04
8.585348062601425153e-04
8.604018376229718556e-04
8.622475666077031526e-04
8.640711486067285951e-04
8.654654193315496763e-04
8.668549139201964845e-04
8.682387017658877142e-04
8.696158466122044014e-04
8.709854066187412919e-04
8.723464344368852012e-04
8.736979772958425533e-04
8.750390770989761651e-04
8.763687705305683688e-04
8.776860891731015461e-04
8.789900596351195002e-04
8.802797036897759162e-04
8.815540384241319282e-04
8.828120763992851902e-04
8.840528258214090575e-04
8.852752907237297414e-04
8.868946517799220766e-04
8.884739691300258795e-04
8.900123075112921760e-04
8.922517968048040418e-04
8.944138465345390174e-04
8.964975299823022990e-04
8.985019377799286985e-04
9.004261784679118506e-04
9.022693790503137374e-04
9.037624081100469617e-04
9.051586228503299969e-04
9.061017551659710737e-04
9.069280160046106019e-04
9.077232004735288733e-04
9.069457100169017565e-04
9.072472083798309916e-04
9.074489215030001436e-04
9.078191428355547208e-04
9.081615351304236916e-04
9.084180385250592571e-04
9.065774523970328031e-04
9.047581127079266233e-04
9.029582803378274252e-04
9.011762304382076386e-04
9.000911358869696441e-04
8.990516280872445356e-04
8.980562629901686460e-04
8.971036088900808314e-04
8.960799142885316404e-04
8.951020009747173191e-04
8.941683811819438462e-04
8.932775794500625232e-04
8.924281319402943167e-04
8.916185857754882829e-04
8.908474984053763816e-04
8.901134369963530513e-04
8.894149778454202423e-04
8.890870833505238506e-04
8.888081049648538035e-04
8.885768271129800737e-04
8.883920432444803719e-04
8.884088801713445902e-04
8.884774807125456544e-04
8.885967627552157199e-04
8.887656523983814309e-04
8.895618051563878269e-04
8.904234584696257577e-04
8.913499866482500191e-04
8.923407749129964395e-04
8.933952188766062456e-04
8.945127240339470313e-04
8.964200974301658091e-04
8.983551472756546577e-04
9.003175833183074813e-04
9.023071138590725397e-04
9.043234456368572311e-04
9.063662837144752281e-04
9.084353313655627819e-04
9.105302899625566763e-04
9.135967705937343567e-04
9.173446655172835936e-04
9.210448356164817026e-04
9.246969601765340097e-04
9.283007315724498216e-04
9.318558552856456801e-04
9.353620499149437268e-04
9.388190471820140716e-04
9.422265919312941291e-04
9.455844421244739319e-04
9.488923688295948034e-04
9.521501562048389090e-04
9.553701958473300891e-04
9.575362603093625410e-04
9.598691676242716896e-04
9.620826825050962303e-04
9.641760076007228593e-04
9.644497837354049519e-04
9.646545142016485020e-04
9.647893547309607191e-04
9.648534756826056095e-04
9.648460626374475270e-04
9.647663169930985848e-04
9.646134565598924468e-04
9.643867161572590571e-04
9.640853482099705652e-04
9.640059103019798289e-04
9.638647900981829912e-04
9.636613589011120513e-04
9.633950005670451370e-04
9.630651119191987715e-04
9.622426108116573099e-04
9.613350322960542964e-04
9.603417584762044502e-04
9.592621977753997952e-04
9.587167959952679367e-04
9.590940552121898170e-04
9.594604567514755959e-04
9.598159031701377839e-04
9.601602972727370754e-04
9.604935421218155182e-04
9.608155410484280198e-04
9.611261976627244854e-04
9.614254158646176086e-04
9.617130998545229785e-04
9.619891541441591420e-04
9.622534835674285492e-04
9.630190771534820251e-04
9.642183500606071054e-04
9.653574722258363629e-04
9.668394713382205598e-04
9.682423698825727218e-04
9.705659966114041359e-04
9.708828719577253762e-04
9.711650149295254601e-04
9.714125720524754331e-04
9.716256937401895845e-04
9.718045342360906360e-04
9.719492515548657516e-04
9.720600074235218263e-04
9.721369672220879759e-04
9.721802999239370375e-04
9.721901780358126015e-04
9.721667775375376127e-04
9.721102778214376098e-04
9.720208616315161162e-04
9.718750782590853841e-04
9.714633752867217215e-04
9.710069451427448366e-04
9.705059043095450857e-04
9.699603753128147520e-04
9.693704866811563101e-04
9.687363729043782642e-04
9.680581743905385160e-04
9.673360374217031699e-04
9.668011724625035766e-04
9.666635791177810577e-04
9.664301331939871998e-04
9.661896654479755877e-04
9.659425104886239363e-04
9.656890027312478890e-04
9.654294763752184223e-04
9.651642653826972805e-04
9.648937034585579851e-04
9.649193441128672789e-04
9.648031054151476110e-04
9.646735413209547340e-04
9.643518040411250313e-04
9.640267332847730604e-04
9.636986610694816277e-04
9.633679189955785503e-04
9.630348382364253487e-04
9.626997495298316668e-04
9.623629831706344501e-04
9.620248690043858289e-04
9.616857364221783298e-04
9.613459143566137040e-04
9.597107521397025285e-04
9.581434681594953873e-04
9.566434101544234138e-04
9.552099421085193933e-04
9.538424439167839672e-04
9.525403110585312387e-04
9.513029542785411772e-04
9.501297992757938484e-04
9.490202863995444516e-04
9.479414126354904430e-04
9.460393594343285192e-04
9.441571901501325578e-04
9.414826085514353682e-04
9.387904111259865554e-04
9.368864153512152827e-04
9.349983807836039027e-04
9.331254694715672340e-04
9.304299161493936312e-04
9.278292332879081120e-04
9.253214865337516543e-04
9.228214918288608340e-04
9.201017970253348287e-04
9.174914693412910801e-04
9.149882539795843681e-04
9.125899488498009221e-04
9.102944025220514662e-04
9.080995122459736054e-04
9.060032220323664025e-04
9.040035207950204016e-04
9.025435642632349950e-04
9.011965250541090731e-04
8.999607726507401510e-04
8.988347242562443268e-04
8.978168431306836079e-04
8.969056369774204953e-04
8.960996563768535046e-04
8.953974932655456298e-04
8.947977794588272537e-04
8.942991852150473844e-04
8.939004178397190860e-04
8.936002203278747965e-04
8.933973700429927601e-04
8.932906774309645487e-04
8.932789847675960898e-04
8.933611649382122450e-04
8.930954388990608667e-04
8.928997807106302080e-04
8.924389135348889668e-04
8.912816029881904731e-04
8.901700142955332054e-04
8.891021053898069204e-04
8.880758498255135599e-04
8.876005424537328648e-04
8.863551930673527071e-04
8.851601074153499053e-04
8.840130861831603341e-04
8.829119484869113032e-04
8.807213198411081335e-04
8.786333878302350240e-04
8.775509512659538649e-04
8.755257552164173339e-04
8.736403479575725493e-04
8.718911776903832045e-04
8.700306734507734898e-04
8.683127607056501541e-04
8.668269745742035763e-04
8.656754282902221842e-04
8.645383394185093395e-04
8.637440848041298127e-04
8.602019048147615263e-04
8.571621789644351397e-04
8.521260871567549371e-04
8.477181101913877160e-04
8.417310856240950217e-04
8.297819711959566937e-04
8.190139980928199271e-04
8.093755886529565473e-04
8.008202963483220145e-04
7.933064402675100817e-04
7.867967777409513733e-04
7.812582115130479142e-04
7.766615282695274024e-04
7.729811656866780864e-04
7.701950054875917120e-04
7.682841902741832825e-04
7.672329621564743553e-04
7.670285214265071174e-04
7.676609037261579059e-04
7.691228743392086861e-04
7.714098384005527859e-04
7.744177332684813167e-04
7.782430167765264258e-04
7.828881526557483154e-04
7.883579889992508227e-04
7.946597320230614934e-04
8.018029308969774546e-04
8.091088622265557844e-04
8.172336655917023050e-04
8.241189251833880031e-04
8.311959539472794185e-04
8.392163727805380426e-04
8.481941371538705404e-04
8.581459761623097754e-04
8.690914082563321735e-04
8.800940430568743571e-04
8.921172964002605605e-04
9.050555868190691272e-04
9.189302600288613843e-04
9.337646895560750135e-04
9.495842992655401452e-04
9.664165908854782400e-04
9.842911762813876930e-04
1.003239814243276923e-03
1.023296451560287571e-03
1.044497268163513664e-03
1.066880726121456017e-03
1.090472513357606740e-03
1.115329479901261932e-03
1.141156154304728875e-03
1.168308103908907583e-03
1.196833239976844614e-03
1.228654499366551613e-03
1.262145340189012267e-03
1.297377209954198073e-03
1.334425426955798384e-03
1.373369327777255794e-03
1.414292420565830362e-03
1.457282543931786613e-03
1.502432031302760890e-03
1.555502011573712097e-03
1.612829095115961633e-03
1.670869345827762651e-03
1.731571270132253263e-03
1.795050361401898716e-03
1.861426693237889195e-03
1.930825026531835052e-03
2.003374912415009472e-03
2.079210790239914477e-03
2.157842541467732290e-03
2.230263448620191467e-03
2.306193113403030674e-03
2.385788185378202170e-03
2.469212263775582249e-03
2.556636097917097325e-03
2.648237785555419225e-03
2.744202967950638752e-03
2.844725020395534858e-03
2.950005236780351738e-03
3.060253006661546506e-03
3.175685983166114633e-03
3.296530239923800652e-03
3.421103667201575663e-03
3.549498467175731149e-03
3.683536110625560203e-03
3.821758404272285539e-03
3.965848990927564946e-03
4.111561036878825202e-03
4.271683552731933217e-03
4.438804215504001116e-03
4.613186330907279899e-03
4.795099194868095334e-03
4.984817815918952087e-03
5.182622589295104477e-03
5.388798919295475012e-03
5.603636786398503988e-03
5.827430255569900942e-03
6.060476922165383522e-03
6.303077291819662864e-03
6.555534090725271060e-03
6.820610323980178143e-03
7.102460995911149232e-03
7.399419455319647398e-03
7.707811770694190934e-03
8.027921466752779150e-03
8.360025269615283319e-03
8.704391637125590692e-03
9.061279195789117766e-03
9.430935083967788984e-03
9.813593201557941140e-03
1.020382834225755896e-02
1.060325477144990515e-02
1.101704668836093505e-02
1.144450498364621774e-02
1.188579882901179621e-02
1.234107492488072805e-02
1.279795779018522324e-02
1.325505634909471264e-02
1.372589679768894053e-02
1.420590418891334167e-02
1.470119016344381864e-02
1.521002509218905875e-02
1.573545334142874980e-02
1.627470114249547281e-02
1.682768935802162955e-02
1.739429852857729206e-02
1.797436635078425785e-02
1.856768515711161582e-02
1.917399941251557091e-02
1.979300324438704878e-02
2.042433802355924505e-02
2.106759001539351001e-02
2.175309522420265651e-02
2.245300874035232805e-02
2.316695080656086536e-02
2.389448194697887246e-02
2.463510049077789754e-02
2.538824020874166226e-02
2.615326808629309455e-02
2.692948225746386384e-02
2.771611012527016096e-02
2.851230669479157265e-02
2.931715314592692884e-02
3.012965567330782093e-02
3.094874462116027625e-02
3.177327394100019908e-02
3.260202099990213570e-02
3.358938826614076001e-02
3.471887540900473607e-02
3.592731816947924289e-02
3.728563056655905678e-02
3.869783603266498118e-02
4.011555293334796019e-02
4.163302854701323580e-02
4.314804145029690896e-02
4.475141038154673012e-02
4.634455247582865839e-02
4.793031363948137974e-02
4.949491751318136484e-02
5.113629597489998541e-02
5.274587140395444601e-02
5.432500326096638410e-02
5.585931576724017383e-02
5.737959130113771261e-02
5.884191922430613564e-02
6.030808312466162668e-02
6.170273426396137573e-02
6.302536970468507194e-02
6.426321761354565620e-02
6.541007541902474354e-02
6.646010118584545767e-02
6.750415401167543517e-02
6.843857323824882599e-02
6.926067217062881198e-02
6.996347447662279451e-02
7.054306357848286191e-02
7.099616878595099712e-02
7.140055046013682460e-02
7.167041093007003871e-02
7.183238344991173252e-02
7.185879834787878284e-02
7.174945633811495582e-02
7.150492718789515367e-02
7.115843567471703823e-02
7.063534264628595905e-02
7.005046451855138911e-02
6.933822201463243906e-02
6.850258887487299664e-02
6.754819586237738316e-02
6.657490934733407972e-02
6.549480954064980376e-02
6.439503051812908718e-02
6.319746908291759557e-02
6.195366322121221431e-02
6.058738832595415152e-02
5.915955873140856663e-02
5.765988801735689312e-02
5.622895662956122614e-02
5.473990803805366123e-02
5.321984488652686113e-02
5.165486488886862626e-02
5.024040576885138026e-02
4.879165506674624370e-02
4.745934864376612911e-02
4.610177130298656611e-02
4.485211396498826886e-02
4.395490491476535672e-02
4.304283746392188054e-02
4.211807415620902328e-02
4.118272915272370993e-02
4.023886225746801243e-02
3.928847350653677517e-02
3.833349832234315968e-02
3.737580323020467388e-02
3.641718213081492767e-02
3.547860665322108420e-02
3.454048860275470839e-02
3.360447886486556124e-02
3.267214762533220129e-02
3.174498261006199890e-02
3.082438781839612341e-02
2.991168272685942528e-02
2.900810193857821309e-02
2.811479525219247322e-02
2.723282812300458627e-02
2.636569474974398072e-02
2.551149668078767779e-02
2.467106992353897826e-02
2.384517104402275947e-02
2.303447910042509192e-02
2.229834880290365237e-02
2.159693629412684154e-02
2.091068866695440509e-02
2.025760272142367382e-02
1.961809911766592557e-02
1.899244951016362815e-02
1.838087742167936536e-02
1.776746283443288166e-02
1.718029097845436698e-02
1.663369876276190110e-02
1.609764742784157779e-02
1.557247314931047878e-02
1.505846517951106751e-02
1.455586786704535576e-02
1.406488273583046331e-02
1.358567060750760606e-02
1.311647093477219528e-02
1.266129237266520532e-02
1.221813758638612933e-02
1.178702652680654536e-02
1.136794921255625083e-02
1.096086783182678194e-02
1.056571880456404211e-02
1.018241479739041312e-02
9.810846684569508522e-03
9.450885449256483592e-03
9.102384020162843439e-03
8.766939920065166050e-03
8.439490842611818006e-03
8.123128331313086634e-03
7.817637731337106002e-03
7.494007249756641162e-03
7.173252271433323488e-03
6.872066261992986792e-03
6.581812079433613585e-03
6.302255805506481491e-03
6.033155052024876709e-03
5.774260336017218199e-03
5.525316374033495750e-03
5.286063296117663943e-03
5.057788170527136376e-03
4.860882761301035630e-03
4.672022582979742239e-03
4.490932491948501463e-03
4.317342039462422967e-03
4.150985854974429193e-03
3.991603977911594402e-03
3.839830093212554234e-03
3.694417330939713754e-03
3.555133082771702070e-03
3.421750334654553947e-03
3.294047829913823895e-03
3.171810198283268878e-03
3.054828053576097002e-03
2.942898062614081236e-03
2.835822987915020618e-03
2.733411706521783179e-03
2.635479207237105981e-03
2.541846568408763583e-03
2.452512455499319260e-03
2.367118136198877783e-03
2.285504401411511070e-03
2.207517755673190241e-03
2.133010334225130498e-03
2.061839810630495227e-03
1.993869296302829604e-03
1.928967233216358082e-03
1.867007280974614407e-03
1.807868199324155073e-03
1.751433727114988168e-03
1.697592458628710901e-03
1.645716807435437063e-03
1.594748090002979027e-03
1.545183546841464792e-03
1.497840009275218029e-03
1.452752867918829767e-03
1.409697616806129513e-03
1.368475268250038358e-03
1.329252807271469675e-03
1.292962346277536740e-03
1.258281321351570770e-03
1.225863277303625805e-03
1.195420411317878184e-03
1.166415443991110443e-03
1.138797361901833574e-03
1.112517559277891293e-03
1.087529787689209054e-03
1.064881939737334334e-03
1.044581889189842572e-03
1.025468841159613183e-03
1.007507922220274906e-03
9.906667150576134537e-04
9.749152221422135046e-04
9.589069841225258050e-04
9.434502753369926548e-04
9.291514699793409484e-04
9.159792305261468164e-04
9.039053894639307099e-04
8.929048936484782709e-04
8.829557610024109816e-04
8.740390498313272815e-04
8.661388411133940160e-04
8.592422341994977644e-04
8.533393564515248143e-04
8.484233874462868098e-04
8.444905984830628452e-04
8.415404082551716358e-04
8.395754556819218402e-04
8.386016910485098817e-04
8.386284867700220845e-04
8.396687692839493794e-04
8.417391737863198472e-04
8.448602237625877894e-04
8.490565375296499654e-04
8.543570643034962631e-04
8.607953526429023205e-04
8.684098544986483797e-04
8.772442685259142919e-04
8.830253655936167508e-04
8.860522353687454557e-04
8.891318558718976951e-04
8.893474284541240350e-04
8.889753397008067284e-04
8.891638038719733251e-04
8.880391517770783996e-04
8.878181159852364598e-04
8.860664509454112443e-04
8.846849221788592645e-04
8.835163267047767190e-04
8.827177856625921526e-04
8.804134810164094584e-04
8.784003955093565947e-04
8.765472690494813517e-04
8.749840827482099600e-04
8.727113394315836161e-04
8.707125491137655739e-04
8.679861530451543020e-04
8.655073496127108036e-04
8.631875861194642299e-04
8.611137427329580837e-04
8.592871467574703537e-04
8.577093105590163392e-04
8.550980835719978372e-04
8.526816572075556194e-04
8.504299788307366102e-04
8.483734790076491146e-04
8.465131670284247465e-04
8.448501660619949557e-04
8.423881771992176599e-04
8.400815356729421021e-04
8.379308979350554888e-04
8.359369871128699732e-04
8.341005954769335502e-04
8.324225869823734941e-04
8.305125243403046207e-04
8.287451220833080704e-04
8.270489403143253598e-04
8.254937885935852409e-04
8.240805248040866194e-04
8.228100681583592644e-04
8.216222312976873172e-04
8.205763890560152131e-04
8.191772789428486716e-04
8.178992939066457354e-04
8.161156113339770000e-04
8.158271913816068314e-04
8.167663662317250876e-04
8.175051604837479816e-04
8.182684972736229204e-04
8.190586877949873092e-04
8.198780544019820642e-04
8.207289313901405294e-04
8.216136658439368535e-04
8.225346185517504920e-04
8.234941649890878488e-04
8.244946963709398049e-04
8.255386207742744422e-04
8.266283643317363710e-04
8.277663724977023501e-04
8.289551113879708218e-04
8.301970691944171978e-04
8.314947576761332103e-04
8.328507137286129914e-04
8.342675010326984844e-04
8.357336905005692280e-04
8.372665837347753907e-04
8.383903752853806264e-04
8.395610849753683833e-04
8.407809694524784284e-04
8.420523057440098972e-04
8.433773925548956798e-04
8.447585516303458180e-04
8.461981291844470395e-04
8.476984973962558298e-04
8.492620559749986583e-04
8.508912337961218892e-04
8.525031075020047004e-04
8.541810136125015064e-04
8.559273899654962344e-04
8.577447073283709159e-04
8.590038291299243334e-04
8.603684540865035599e-04
8.618408317800105387e-04
8.634232638121022534e-04
8.643209040170884202e-04
8.652916638071630117e-04
8.663371636606636986e-04
8.674590498295960735e-04
8.686589956570141009e-04
8.694261751154442469e-04
8.687481154282988881e-04
8.680429044051730068e-04
8.673110246651813057e-04
8.665529599075445441e-04
8.657691947744473957e-04
8.649602147161973087e-04
8.641265058586911985e-04
8.633987955468370957e-04
8.625233348307407384e-04
8.616246523822997279e-04
8.607032351183692073e-04
8.597595700091324299e-04
8.587941439603507653e-04
8.578074436980561964e-04
8.567999556557496241e-04
8.557721658640759241e-04
8.547245598430292055e-04
8.525669453898190777e-04
8.502700314224387367e-04
8.483120857581303523e-04
8.463991518592610180e-04
8.456112601901753052e-04
8.431436778982819708e-04
8.407533689477847232e-04
8.384393390685828491e-04
8.362006188844584888e-04
8.340362633200154455e-04
8.319453510235449252e-04
8.299269838053109074e-04
8.279802860907915438e-04
8.261044043884155797e-04
8.242985067713451582e-04
8.225617823728906220e-04
8.208934408951213584e-04
8.192927121302785764e-04
8.177588454946050191e-04
8.162911095741999957e-04
8.148887916825417292e-04
8.133534696388775411e-04
8.118731879730327122e-04
8.104471966778642629e-04
8.090747599196097817e-04
8.077551556431621571e-04
8.064876751864979033e-04
8.052716229040023403e-04
8.034492100572199072e-04
8.017123318188203564e-04
8.000596649451102499e-04
7.984899193590509021e-04
7.970018370738321057e-04
7.955357059598448279e-04
7.941461520747146062e-04
7.928319763340366472e-04
7.929717886316316319e-04
7.931132322012672412e-04
7.932562017120781345e-04
7.934005917658634027e-04
7.935462968951321854e-04
7.936932115612729951e-04
7.935270201888109439e-04
7.933776963870028086e-04
7.932449650513578605e-04
7.930764697700092231e-04
7.929214844942815334e-04
7.927797107351439903e-04
7.926508508816061628e-04
7.924629173479849718e-04
7.922838169148395566e-04
7.921848778373530775e-04
7.920259488825916617e-04
7.911449684672969447e-04
7.902367479818135729e-04
7.893007081979757896e-04
7.883362759789990350e-04
7.873428845011915932e-04
7.863199734791210486e-04
7.857290055811093441e-04
7.850830922931823245e-04
7.843819329444134654e-04
7.836252400265420782e-04
7.828127394492998860e-04
7.819441707922487449e-04
7.810192875529242728e-04
7.800378573910648561e-04
7.801257691169368076e-04
7.807233597287804947e-04
7.813434118408608834e-04
7.819863363828277649e-04
7.826525474494372371e-04
7.844388990634287807e-04
7.864330301830549591e-04
7.883891702424864660e-04
7.903080540930118450e-04
7.922087411531547737e-04
7.940728465541179804e-04
7.956442642544241974e-04
7.966714096303421141e-04
7.977009513256198793e-04
7.981943344023611706e-04
7.987176716675465629e-04
7.992714158470820823e-04
7.998560242020710592e-04
8.004719586919250814e-04
8.011196861407713548e-04
8.017996784072048281e-04
8.025124125574746364e-04
8.030462348538090029e-04
8.036241339362041030e-04
8.042464932799286200e-04
8.049137046014723110e-04
8.056261680473202416e-04
8.063842923866581212e-04
8.071884952080666349e-04
8.080392031203476695e-04
8.089368519576014801e-04
8.098191190157820723e-04
8.103356576447788302e-04
8.108763209875850158e-04
8.114412195476220380e-04
8.120304661717502254e-04
8.126441760764742091e-04
8.132824668745829632e-04
8.139454586022808798e-04
8.146332737467657523e-04
8.153460372743003958e-04
8.164813079530710074e-04
8.172631215036589526e-04
8.180959385261715126e-04
8.189950561409279402e-04
8.199607358733347097e-04
8.209932556796425019e-04
8.220929100772355388e-04
8.232600102818737973e-04
8.244630567953267937e-04
8.254145127565532631e-04
8.264512649277855122e-04
8.275734974617284532e-04
8.287814203298016777e-04
8.300752693591717914e-04
8.314553062826192083e-04
8.329218188012120841e-04
8.344751206598095047e-04
8.361155517353642238e-04
8.378434781380520542e-04
8.396592923252572949e-04
8.415634132284294808e-04
8.435562863928642565e-04
8.456383841304509824e-04
8.478102056854233941e-04
8.500722774132172914e-04
8.524251529724871873e-04
8.541828970047119244e-04
8.560638485653410470e-04
8.580683158649057623e-04
8.601966561034977326e-04
8.624492753603658522e-04
8.637901378483655570e-04
8.639092580952378343e-04
8.642673632628551780e-04
8.646387578635277233e-04
8.650219546770349056e-04
8.654154643445752899e-04
8.658177951774017429e-04
8.662274529911778926e-04
8.666429409660753903e-04
8.690780338759307227e-04
8.713586352916471165e-04
8.735480740895803153e-04
8.739309385826597026e-04
8.743022282757349902e-04
8.746605365391244133e-04
8.750044550017594411e-04
8.753325737702868578e-04
8.756434816707951057e-04
8.759357665132167176e-04
8.762234656187479608e-04
8.764904821275703488e-04
8.767354095041442587e-04
8.769568412647484263e-04
8.771533713407057798e-04
8.773235944638650176e-04
8.774661065743572267e-04
8.793008344726611783e-04
8.810215547445934218e-04
8.826270645725473735e-04
8.841162024017820784e-04
8.854878490504591859e-04
8.867409287997328818e-04
8.863160891220348957e-04
8.858484374124242673e-04
8.853367316466346842e-04
8.854635363275348628e-04
8.855769633178755618e-04
8.856760274022609705e-04
8.857597435949552105e-04
8.858271273046848613e-04
8.858771945103178754e-04
8.859089619473987194e-04
8.859214473055119837e-04
8.864396075923451851e-04
8.868009518248278107e-04
8.871085069802615419e-04
8.873614495827448698e-04
8.875589652736721796e-04
8.877002493021428960e-04
8.877845070194739004e-04
8.878109543775379890e-04
8.877788184305677663e-04
8.876873378401213977e-04
8.875357633828389898e-04
8.873233584606584831e-04
8.870493996130881685e-04
8.867131770312006991e-04
8.863139950729438665e-04
8.858511727793503968e-04
8.853240443912808490e-04
8.847319598662418657e-04
8.840742853948947754e-04
8.845381478542491691e-04
8.857118084469901972e-04
8.870676871181736207e-04
8.883684075548048484e-04
8.884194513382742556e-04
8.902004524392801137e-04
8.919598228247931125e-04
8.936980270466763753e-04
8.954155358871175498e-04
8.968837308359713968e-04
8.983429797284186178e-04
8.997937254001516991e-04
9.012364141134153548e-04
9.026714955141163562e-04
9.040994225911446998e-04
9.055206516379122944e-04
9.069356422161766037e-04
9.083448571221529322e-04
9.097487623549484204e-04
9.111478270873779248e-04
9.125425236391596128e-04
9.139333274525437241e-04
9.155545219180927924e-04
9.171617202603136272e-04
9.187554625563221786e-04
9.203362938056301127e-04
9.219047638470317160e-04
9.237564977164857251e-04
9.263787583172284007e-04
9.290194476406347414e-04
9.304980489979772056e-04
9.320521119060037234e-04
9.336825776908447283e-04
9.353904103498799716e-04
9.371765971802288380e-04
9.390421494236408451e-04
9.392673222118970607e-04
9.394853977365368427e-04
9.396961153131233721e-04
9.398992141967974596e-04
9.409118108384778535e-04
9.418759604898674408e-04
9.431840328020830045e-04
9.444638313260392444e-04
9.457155859723406039e-04
9.469395310167715105e-04
9.481359050146923257e-04
9.493049507155591109e-04
9.504469149775379364e-04
9.515620486823333189e-04
9.526506066502055288e-04
9.537128475552461527e-04
9.547490338409488856e-04
9.557594316360907291e-04
9.567443106709823614e-04
9.577039441941127221e-04
9.586386088892124256e-04
9.595485847927968243e-04
9.604341552121855793e-04
9.607015295776003081e-04
9.609152873801328314e-04
9.617947990967289735e-04
9.625850926382163936e-04
9.632863814416218248e-04
9.638989049777411076e-04
9.644229284404833924e-04
9.641371131955498320e-04
9.637998424750164996e-04
9.641323250678294566e-04
9.646245991791882251e-04
9.650171138031722693e-04
9.653103082686388453e-04
9.628587361509967444e-04
9.600056963950020974e-04
9.570406941857466853e-04
9.539639355107969220e-04
9.507525817647792749e-04
9.474290670715636471e-04
9.441882600924456212e-04
9.406604561692102169e-04
9.371175273786951912e-04
9.342217020924078108e-04
9.313372999353592818e-04
9.284636920045723826e-04
9.256002567759114615e-04
9.227463800379161803e-04
9.199014548297263861e-04
9.170648813830282889e-04
9.142360670679371614e-04
9.116674732153360683e-04
9.091163525229746393e-04
9.065821554573264430e-04
9.040643382906633817e-04
9.015623630131814302e-04
8.990756972483141462e-04
8.966038141711643464e-04
8.941461924300062427e-04
8.917023160708035037e-04
8.892716744646889234e-04
8.868537622383631950e-04
8.844480792073527260e-04
8.820541303120820430e-04
8.796714255567131876e-04
8.772994799507071112e-04
8.749378134530544837e-04
8.725859509191350415e-04
8.696034809136498744e-04
8.666659791901769371e-04
8.637723137464916332e-04
8.613492864111077984e-04
8.589893509049088610e-04
8.566914916206939436e-04
8.544547121225947676e-04
8.522780346076851404e-04
8.501604993811278993e-04
8.481011643444755048e-04
8.461334335400542235e-04
8.445688949603644656e-04
8.430768908792485219e-04
8.416567051196479797e-04
8.403076422091209415e-04
8.390290269430211983e-04
8.378202039594845807e-04
8.366805373258271892e-04
8.356094101360573472e-04
8.346062241191216967e-04
8.336703992576528777e-04
8.328013734168005031e-04
8.319986019829427948e-04
8.312615575119380049e-04
8.305897293866288528e-04
8.299826234833680661e-04
8.294397618472562454e-04
8.289606823758629596e-04
8.292448337389195148e-04
8.296262224089091895e-04
8.301049839061084082e-04
8.307478792386454930e-04
8.326799203129694018e-04
8.346503264084900123e-04
8.373114248509847760e-04
8.404449362625138935e-04
8.435701297638542595e-04
8.462230579493510525e-04
8.488901639043516106e-04
8.515725221937061207e-04
8.539559227173198607e-04
8.563708421383348307e-04
8.567254001498797239e-04
8.570680151432561161e-04
8.573377364463730761e-04
8.588245564550506597e-04
8.601619609596657026e-04
8.615490082858658907e-04
8.629863089500809529e-04
8.644744847194704577e-04
8.660141689024805634e-04
8.676060066458630461e-04
8.692506552383644485e-04
8.709487844212932981e-04
8.727010767061102459e-04
8.745082276993244256e-04
8.763709464348409936e-04
8.782899557140086714e-04
8.802659924536027818e-04
8.804845896601158281e-04
8.806679531525583079e-04
8.808155697957014687e-04
8.809269304384385098e-04
8.810015301181919282e-04
8.810388682673349868e-04
8.826665848129975570e-04
8.843389504326537240e-04
8.860565034112687002e-04
8.880153299420485372e-04
8.900113893430923939e-04
8.920453108109730432e-04
8.941177319218736319e-04
8.962292988490981518e-04
8.983806665855971051e-04
9.005724991716068098e-04
9.028054699275156426e-04
9.049249227243056932e-04
9.073517752982235502e-04
9.097578546064502471e-04
9.121434626340400430e-04
9.145089079301679715e-04
9.168545055221798221e-04
9.191805768302140382e-04
9.211684539739103169e-04
9.231521357625470381e-04
9.251319227357371463e-04
9.271081184089710516e-04
9.290810292611003827e-04
9.310509647227992571e-04
9.330182371660228000e-04
9.349831618945183154e-04
9.372705164417868265e-04
9.395412040138483587e-04
9.417955943637948803e-04
9.440340630061606810e-04
9.467474142344423820e-04
9.486134640416562895e-04
9.501438220992650466e-04
9.515801157498003085e-04
9.529221695465117398e-04
9.541698375385722873e-04
9.553230032181947006e-04
9.563815794524683925e-04
9.573455084000383935e-04
9.584720105010853877e-04
9.595169477236990992e-04
9.604804354353233160e-04
9.615568017083072922e-04
9.625425602042210526e-04
9.634379147686342529e-04
9.642430966107065670e-04
9.649583639683779242e-04
9.655840017617294511e-04
9.661203212349147532e-04
9.666700765937639777e-04
9.675809766930049041e-04
9.683761344228959504e-04
9.687959444330782348e-04
9.690880392020902526e-04
9.692529487230738252e-04
9.692912536722950298e-04
9.692035846065171368e-04
9.686653150607430754e-04
9.680536391280525343e-04
9.672991047919748172e-04
9.676926259168834588e-04
9.682915358451709992e-04
9.685141592329744257e-04
9.686602194265009347e-04
9.687308279662532875e-04
9.687271145377269153e-04
9.686502260917694831e-04
9.685013259717842630e-04
9.682815930484254532e-04
9.679922208624796567e-04
9.652623244116750835e-04
9.614375714891965595e-04
9.576465780727661274e-04
9.538884885103702431e-04
9.501624591895627310e-04
9.464676583104828303e-04
9.428032656658575641e-04
9.391684724278521459e-04
9.355624809416526310e-04
9.319845045255611537e-04
9.284337672774997750e-04
9.249095038878047629e-04
9.214109594581308942e-04
9.179373893263386005e-04
9.144880588972740783e-04
9.110622434792531700e-04
9.076592281261867826e-04
9.042783074851654807e-04
9.009187856494453583e-04
8.975799760166799316e-04
8.942612011522911488e-04
8.902614523672578491e-04
8.862519535134729407e-04
8.822321306786517570e-04
8.782014253527987762e-04
8.741592944935376325e-04
8.707896946120404803e-04
8.674352040678546876e-04
8.634160051014086500e-04
8.591515705833047264e-04
8.548641582628537698e-04
8.509325815913562283e-04
8.482681710640969193e-04
8.455933827948210755e-04
8.429082552570441944e-04
8.402128285635461274e-04
8.379816379489697046e-04
8.357135173002720350e-04
8.349898549715055506e-04
8.349418857463297575e-04
8.348225588011868930e-04
8.346332128355217657e-04
8.343752032009994768e-04
8.340499007952570810e-04
8.331629033532722073e-04
8.322372381031673851e-04
8.312740878976879449e-04
8.302746358735885786e-04
8.292400649552468788e-04
8.281715573738848354e-04
8.270702942024722336e-04
8.259374549064083361e-04
8.238178726807806294e-04
8.223445760750780747e-04
8.208603644304826152e-04
8.193661760863826457e-04
8.178629434065863959e-04
8.163515926741089996e-04
8.148330439964392461e-04
8.133082112211786766e-04
8.117780018619499176e-04
8.102433170344487028e-04
8.087050514025337627e-04
8.071640931342245881e-04
8.056213238675054766e-04
8.040776186857992534e-04
8.031545696272097013e-04
8.022608123762305825e-04
8.013974013170646745e-04
8.005961712758672853e-04
7.998288390208419928e-04
7.990964699752702970e-04
7.984001297884761898e-04
7.977408848306390046e-04
7.971198027027964804e-04
7.965379527622046827e-04
7.959964066632187110e-04
7.948210575482690188e-04
7.937235522183300673e-04
7.927043832785125302e-04
7.917640621959691092e-04
7.909031199567538670e-04
7.901221077367471309e-04
7.900921922415916204e-04
7.901053533198236327e-04
7.901665779702326782e-04
7.902770240831088078e-04
7.904378592472229145e-04
7.906502614791732211e-04
7.909154199731948916e-04
7.912345358719726982e-04
7.916088230590076274e-04
7.920395089731632277e-04
7.925278354459749973e-04
7.930750595624575785e-04
7.936824545460390273e-04
7.943513106684273965e-04
7.950159528035053011e-04
7.945414261310838238e-04
7.940695673092434221e-04
7.929520050090849235e-04
7.913506937984930668e-04
7.897022728736364291e-04
7.884621534335826531e-04
7.871960902392200572e-04
7.859044397680159779e-04
7.848920256057943193e-04
7.838687247738070074e-04
7.846385178595954206e-04
7.853063198303910589e-04
7.858731594709070494e-04
7.870283955802636960e-04
7.864236440374043147e-04
7.858354991102932700e-04
7.852646992824243192e-04
7.865638470513983127e-04
7.877898706572447618e-04
7.874907889308369567e-04
7.871933519089105913e-04
7.868985395045355151e-04
7.866073301805014692e-04
7.863207009880999977e-04
7.856362584080119321e-04
7.849791843958580598e-04
7.839853436405156296e-04
7.830360193859230719e-04
7.821352004463604565e-04
7.812833068938769771e-04
7.804807653555239201e-04
7.789577659337161260e-04
7.775259504051402690e-04
7.761850182414794901e-04
7.749346993996247129e-04
7.737747542806227381e-04
7.725261473375898786e-04
7.713592692163877881e-04
7.702738595886009579e-04
7.692696833239517267e-04
7.683465304234622520e-04
7.675042159654291499e-04
7.667425800641908522e-04
7.660614878417168483e-04
7.650971794899439141e-04
7.639180480646758694e-04
7.627889431528491436e-04
7.617094424960566771e-04
7.606791346996934558e-04
7.596976190343367446e-04
7.587645052418079059e-04
7.581552535286894103e-04
7.576066586546747160e-04
7.571185182246861290e-04
7.566906445114240150e-04
7.563228643522572217e-04
7.560150190521116318e-04
7.557669642922956992e-04
7.566668167129201889e-04
7.572967123473897015e-04
7.579186967306706648e-04
7.585330988227916753e-04
7.599204786833459744e-04
7.612075989515498884e-04
7.624121607436713756e-04
7.635344970010086649e-04
7.645749717182091136e-04
7.660204188239254797e-04
7.673616295158205893e-04
7.685990312901152654e-04
7.697331003626246620e-04
7.707643606890697118e-04
7.716933829576169517e-04
7.725207835553119526e-04
7.734210090519551967e-04
7.740481813225302864e-04
7.745590607092232068e-04
7.749544176402159293e-04
7.752350765727045439e-04
7.754019146371499789e-04
7.752816174856570677e-04
7.750582679486979704e-04
7.746465991735590039e-04
7.737473279134881145e-04
7.727260886303828191e-04
7.715840504581920585e-04
7.698061642440727102e-04
7.679381712649134030e-04
7.659811655022611982e-04
7.639362676600294473e-04
7.608814090507030675e-04
7.577389508934812392e-04
7.545620363145125577e-04
7.513511292484585441e-04
7.478759038909196365e-04
7.445881743703561739e-04
7.412678762650750297e-04
7.379154974022624023e-04
7.345315305705751776e-04
7.311164733927027213e-04
7.276708281964651068e-04
7.241951018844714144e-04
7.206898058024133451e-04
7.183179278426901583e-04
7.168000912507602792e-04
7.153376516336773820e-04
7.139311681460498238e-04
7.125812059355309978e-04
7.112883367181012341e-04
7.100531393617703739e-04
7.088762004790661762e-04
7.077581150286990858e-04
7.066994869268410561e-04
7.057009296684433252e-04
7.047630669590499190e-04
7.038865333575798112e-04
7.030719749306106256e-04
7.023552348592357851e-04
7.016999566538596094e-04
7.011068568818123103e-04
7.005766654800419041e-04
7.016785082608580559e-04
7.028835449127196142e-04
7.040713802194259463e-04
7.052436729327247718e-04
7.064020945587997724e-04
7.075483290018625467e-04
7.086840722474830679e-04
7.098110320862408614e-04
7.111437216174502744e-04
7.124610400860187679e-04
7.137647753678069392e-04
7.150567299294628395e-04
7.163387205018349095e-04
7.172764749901588402e-04
7.180313900872605046e-04
7.187559712844816210e-04
7.194517829614151781e-04
7.201203995001379237e-04
7.211466471126544604e-04
7.220875686843197415e-04
7.214348036524808987e-04
7.201806586018935684e-04
7.188144100468389511e-04
7.173375989957314538e-04
7.157518103632827013e-04
7.135566621643746115e-04
7.117288354620116518e-04
7.098439805468878669e-04
7.079034193735999356e-04
7.059084778204723076e-04
7.038604848348985199e-04
7.017747679731774083e-04
6.996378732166765079e-04
6.974511444916877941e-04
6.957822445166478558e-04
6.931848778357020333e-04
6.905917477877361946e-04
6.880035134657524120e-04
6.854208242443250894e-04
6.828443198279116012e-04
6.802746303051946742e-04
6.777123762093206598e-04
6.751581685838456979e-04
6.726126090542731105e-04
6.700762899049940262e-04
6.675497941615065505e-04
6.650336956777517204e-04
6.625285592284230196e-04
6.600349406061072066e-04
6.575533867231059693e-04
6.550844357178190348e-04
6.526286170655224176e-04
6.501864516934417358e-04
6.477584520999604559e-04
6.453451224778486862e-04
6.429469588413845799e-04
6.405644491572643753e-04
6.381980734791373568e-04
6.358483040856986257e-04
6.340812269102917608e-04
6.323557096923077686e-04
6.306722925929313106e-04
6.290315148943156085e-04
6.274339154745485394e-04
6.258800332885395591e-04
6.243679741484245991e-04
6.232086331711048349e-04
6.220202636061378243e-04
6.208040754899014132e-04
6.195682893631515240e-04
6.183067091452310341e-04
6.170135494630981992e-04
6.156973730613999251e-04
6.143593637925309076e-04
6.130006989513922533e-04
6.116225488924810884e-04
6.102260766687095297e-04
6.099962708248709035e-04
6.099060303533192619e-04
6.097271830747596827e-04
6.094615355697815011e-04
6.091109289715880776e-04
6.086772364514639452e-04
6.081623607357655682e-04
6.075682316578278567e-04
6.068968037479147929e-04
6.061500538642312875e-04
6.044182312660457143e-04
6.026650325488975548e-04
6.008919172192746976e-04
5.976530810735128851e-04
5.943389633470350921e-04
5.909515464225630543e-04
5.873134925602369613e-04
5.850472168124238063e-04
5.827628288138128436e-04
5.804617425671990258e-04
5.767148342646085486e-04
5.728994846886803364e-04
5.701215811142597246e-04
5.673201780898667022e-04
5.644967101710772700e-04
5.624016192743693313e-04
5.602429265966630796e-04
5.583238715907584433e-04
5.563578574737148078e-04
5.546180229832523402e-04
5.528491119509299770e-04
5.510506296812902683e-04
5.492244764500578587e-04
5.473725357952301945e-04
5.460635979598402320e-04
5.447569659883431080e-04
5.434544690130873375e-04
5.421579186523813043e-04
5.408691091796670718e-04
5.395898177524840415e-04
5.383218047002502529e-04
5.370695723480826012e-04
5.358319382621294083e-04
5.346106171853411701e-04
5.334073087468039044e-04
5.322236980253260879e-04
5.310614561666542445e-04
5.299222410536174417e-04
5.288076980285068025e-04
5.284186831760247661e-04
5.281657675354989529e-04
5.278982151201232730e-04
5.267750665510041253e-04
5.256864720905424747e-04
5.246339959175237320e-04
5.236191952059271763e-04
5.226436212967699351e-04
5.217088209180120208e-04
5.208163374527021838e-04
5.199677122556075519e-04
5.191644860187171525e-04
5.176246144537754610e-04
5.159937086641732057e-04
5.143835031178817588e-04
5.127951373342132550e-04
5.106780829724896428e-04
5.083103314777654737e-04
5.059346784482666266e-04
5.035522326385465488e-04
5.011640856715327084e-04
4.984384295076154823e-04
4.956964004302512458e-04
4.929391498250279991e-04
4.901678135423389758e-04
4.873835115809760192e-04
4.842934026232174330e-04
4.812108483835313773e-04
4.780235869639755798e-04
4.748411496711671593e-04
4.716642090852564894e-04
4.684934229329952679e-04
4.653294341371862187e-04
4.621728708748958038e-04
4.594114483951390084e-04
4.566449851497707073e-04
4.538744319943804786e-04
4.511007225514469116e-04
4.483247731158408766e-04
4.455474825781369241e-04
4.430818294571571558e-04
4.406281030824424675e-04
4.381870430921125446e-04
4.357593718054921287e-04
4.345480868913129797e-04
4.333359194463933949e-04
4.321242655316100850e-04
4.309145057937744457e-04
4.297080055036549317e-04
4.285061146376329300e-04
4.273101680021193505e-04
4.261214853999122760e-04
4.249413718376468508e-04
4.237711177735435544e-04
4.226119994046421426e-04
4.214652789927806373e-04
4.206037045026215213e-04
4.198425491073018065e-04
4.190773356728527536e-04
4.183096054236243831e-04
4.175408885291056419e-04
4.167727040399978912e-04
4.160065598798461670e-04
4.152439528915335639e-04
4.144863689379302166e-04
4.137352830560065125e-04
4.129921596637313387e-04
4.122584528190754039e-04
4.115356065305070623e-04
4.108250551183362438e-04
4.101282236263491016e-04
4.094249704764062973e-04
4.087372776206634373e-04
4.080665372071242769e-04
4.074141337274630624e-04
4.058258847480322815e-04
4.041468177494059806e-04
4.024457717351962284e-04
4.007240345019465817e-04
3.989828805272418685e-04
3.975780259453603831e-04
3.961355610715285263e-04
3.942108134116287786e-04
3.921545414170638779e-04
3.901923627904220330e-04
3.882130552716757908e-04
3.862178442876360116e-04
3.842079388974905868e-04
3.821845313533353398e-04
3.801487966952163291e-04
3.781018923801019328e-04
3.760449579441420536e-04
3.739791146975784530e-04
3.714124560784608058e-04
3.688264760144667172e-04
3.663171466377025871e-04
3.640399785459530100e-04
3.617590758442415489e-04
3.594754220192285872e-04
3.571899808055797095e-04
3.551661235208165889e-04
3.531519542007129173e-04
3.511482816707513590e-04
3.491558956512922003e-04
3.471755670179062832e-04
3.452080480789574877e-04
3.432468776953451271e-04
3.412996978821503298e-04
3.393672086498043350e-04
3.375938039583641472e-04
3.360357191306695543e-04
3.345073289356412043e-04
3.330092509796593061e-04
3.315892296409731475e-04
3.305658036205568221e-04
3.295506250676794339e-04
3.281325413972353876e-04
3.267486202383733797e-04
3.253994162595371807e-04
3.240854792733131461e-04
3.228073550571205195e-04
3.215655861844401824e-04
3.203607128668440078e-04
3.191932738071455271e-04
3.184634075282109420e-04
3.176591385566573879e-04
3.168769849513858121e-04
3.161178582409718166e-04
3.153826645691450051e-04
3.146723054295213541e-04
3.139876784273978112e-04
3.133296780686544965e-04
3.126991965758845805e-04
3.120971247319413592e-04
3.115243527511664737e-04
3.109817711786336432e-04
3.104702718178403448e-04
3.099907486873209662e-04
3.095440990067994795e-04
3.091312242135282559e-04
3.084648336449126969e-04
3.076339282587622014e-04
3.068179273432313663e-04
3.060175272727011487e-04
3.052297861144964838e-04
3.044588612450962540e-04
3.037090448056662729e-04
3.033053460831720187e-04
3.029029134576532892e-04
3.025027033141836508e-04
3.021056669934579103e-04
3.017127508770409789e-04
3.008626701582775521e-04
2.998697297707160502e-04
2.988431806213973671e-04
2.977840644728950610e-04
2.967490734616775108e-04
2.956803905185428384e-04
2.945791005636022044e-04
2.933912590870877183e-04
2.921761948755029442e-04
2.909349446152312670e-04
2.901278054170761274e-04
2.893156395663188003e-04
2.884993753574218518e-04
2.876799313648681442e-04
2.868582163290450335e-04
2.860351290710014672e-04
2.852115584355757261e-04
2.843883832623511653e-04
2.835664723839141188e-04
2.827466846508830856e-04
2.819298689831809218e-04
2.811168644470180195e-04
2.805011265425587158e-04
2.798801667042605137e-04
2.792265654190616547e-04
2.781813397679694681e-04
2.771187089234777271e-04
2.760396335674574538e-04
2.749450658450630354e-04
2.738359488674227274e-04
2.727132162445633826e-04
2.715777916482654472e-04
2.704305884045213391e-04
2.689773125580367948e-04
2.675317556946778925e-04
2.660944338521669512e-04
2.646658513195163749e-04
2.632465008119602278e-04
2.621242237300784356e-04
2.606686176088004515e-04
2.592264215603707462e-04
2.577966296681982478e-04
2.563809568832077696e-04
2.549797697115979114e-04
2.535934253206587746e-04
2.521891557517046589e-04
2.508024398711195110e-04
2.494335582368201274e-04
2.480827840405728092e-04
2.464072299710973147e-04
2.446669459044196158e-04
2.429306040073550706e-04
2.416043570688451941e-04
2.402974368865039094e-04
2.390100724418934436e-04
2.377424869962030363e-04
2.364948983970767459e-04
2.352675193866128427e-04
2.340605579105007488e-04
2.328742174282170800e-04
2.317086972242845308e-04
2.305641927205492870e-04
2.294897661945651619e-04
2.284386617104201518e-04
2.274409320989290509e-04
2.264651424968787115e-04
2.255115242015975647e-04
2.245803067174546516e-04
2.236717181194763937e-04
2.227859854196955793e-04
2.220512861856467060e-04
2.213325575829556112e-04
2.206301909312828081e-04
2.199944376460457002e-04
2.193730161640215933e-04
2.189059242698659165e-04
2.187539981940183796e-04
2.186083507034721136e-04
2.184697365147604466e-04
2.183389090295153668e-04
2.182166205923109922e-04
2.181036227745841900e-04
2.180006666846476867e-04
2.177695817425884088e-04
2.175434313066609328e-04
2.173228966669972344e-04
2.171086566885068857e-04
2.169013879992799513e-04
2.167636510869525794e-04
2.166310171554778100e-04
2.167505227066461788e-04
2.168641132726581693e-04
2.169726312003222434e-04
2.167358469723070587e-04
2.164792129478816305e-04
2.162034847807818322e-04
2.159094198077640681e-04
2.155977764243935445e-04
2.152693134851783559e-04
2.148073488140358068e-04
2.143364553588027503e-04
2.138573139785759360e-04
2.133706009878642092e-04
2.128605024255679923e-04
2.123615251231282443e-04
2.117132364946153515e-04
2.110006915670270392e-04
2.102753982216852297e-04
2.095380157134478483e-04
2.087891981867396663e-04
2.080295943430456550e-04
2.072598471272556339e-04
2.064805934327300005e-04
2.056924638248992733e-04
2.048960822832201524e-04
2.040920659612547249e-04
2.032810249646595788e-04
2.024635621468160243e-04
2.016402729218500238e-04
2.008117450947468187e-04
1.999785587082687386e-04
1.991412859063702574e-04
1.983004908137880450e-04
1.974567294314755227e-04
1.966105495475453039e-04
1.957624906633761270e-04
1.949130839345302336e-04
1.940478236281649449e-04
1.931831410816214662e-04
1.921393219239848362e-04
1.910900506842776723e-04
1.902619431555950731e-04
1.894382078245222920e-04
1.885654837670575491e-04
1.877259799661097476e-04
1.868882470273269965e-04
1.860527532839569942e-04
1.852199587513355414e-04
1.843903151879489164e-04
1.834578479947946523e-04
1.825357713500985128e-04
1.816093402132419935e-04
1.807217689632447570e-04
1.798473594326384796e-04
1.789863562766659218e-04
1.781389993149360253e-04
1.773055237828719986e-04
1.764861605859627443e-04
1.756811365567270407e-04
1.748906747143416630e-04
1.741149945268713993e-04
1.733543121760693312e-04
1.726088408247201098e-04
1.718787908865216480e-04
1.711643702985030861e-04
1.704657847959990900e-04
1.697832381902100523e-04
1.690922072808557282e-04
1.684436824921044164e-04
1.678117750753033871e-04
1.671966844551077880e-04
1.665986095590700012e-04
1.659929454827122021e-04
1.652102131793620199e-04
1.644361789770940052e-04
1.638871361826405612e-04
1.633559780253352627e-04
1.628429007227629875e-04
1.623481018658906258e-04
1.618717807346305463e-04
1.614141386176561684e-04
1.609753791367176496e-04
1.606383937056666492e-04
1.601047518293493438e-04
1.596247372521286787e-04
1.591528378879194714e-04
1.586893027648317853e-04
1.582343785215164480e-04
1.577883095585130607e-04
1.573513381934733802e-04
1.569237048202415873e-04
1.565056480717510556e-04
1.560974049867369152e-04
1.556992111802458720e-04
1.553113010179556425e-04
1.549339077943025136e-04
1.545672639144450523e-04
1.542116010800876041e-04
1.539176723420911509e-04
1.536324372541694858e-04
1.533561771339630151e-04
1.530891724701643954e-04
1.528317031036804485e-04
1.525840484142676186e-04
1.523464875126813011e-04
1.521192994383900024e-04
1.517302278486395723e-04
1.513443189846464291e-04
1.510183520836461970e-04
1.506928730778325917e-04
1.503681491189288013e-04
1.499645844905704887e-04
1.495587847871119170e-04
1.491510008046483763e-04
1.487414809283780723e-04
1.483012358946278757e-04
1.478584839558253991e-04
1.474134654701847685e-04
1.469953904160424291e-04
1.465218719179741703e-04
1.461058551101231432e-04
1.455296619145177259e-04
1.449627071105099826e-04
1.444050393050327907e-04
1.438567066594804295e-04
1.433177569546110900e-04
1.427882376555601100e-04
1.422681959769915257e-04
1.417576789483933613e-04
1.412567334795385306e-04
1.407654064261297825e-04
1.402837446556444911e-04
1.398117951134030088e-04
1.392490306426527570e-04
1.386918894508266074e-04
1.381133485423459558e-04
1.375435441787832330e-04
1.369824581250110281e-04
1.364300725678145706e-04
1.358863701375321621e-04
1.353513339296235620e-04
1.348249475261736473e-04
1.343071950173434876e-04
1.337980610227757492e-04
1.334512887527642734e-04
1.331196702635141082e-04
1.328032388518546314e-04
1.325020316184560083e-04
1.322160895722780574e-04
1.317934346648563847e-04
1.315685314383091152e-04
1.313590732184615406e-04
1.311651460220326091e-04
1.309868403978308978e-04
1.308242515751685000e-04
1.306774796159273729e-04
1.305646467673347627e-04
1.304686994276794954e-04
1.303897668591954087e-04
1.303279845350642746e-04
1.302834943371686109e-04
1.302564447597137935e-04
1.302469911189981921e-04
1.302552957696305404e-04
1.302815283274963573e-04
1.303258658997925791e-04
1.305715958060601491e-04
1.308270209418284575e-04
1.310924569896038713e-04
1.313682239977939799e-04
1.316546466052973918e-04
1.319520542746893839e-04
1.322607815342625830e-04
1.325811682292086905e-04
1.329135597822321709e-04
1.332399185568086892e-04
1.335779911030743241e-04
1.339281197955375941e-04
1.344776278909088968e-04
1.350317119358346416e-04
1.355907661692739338e-04
1.360727342536071282e-04
1.365920713108349728e-04
1.371112370906841713e-04
1.375977684312398267e-04
1.380829270331530520e-04
1.385670125594630215e-04
1.388540606433574375e-04
1.391465856702275513e-04
1.394273185153274675e-04
1.396964275447855981e-04
1.399540859341439649e-04
1.402004714976460946e-04
1.404357665182617929e-04
1.406681878143549317e-04
1.408814716332204152e-04
1.410842392033889823e-04
1.412766891221500169e-04
1.414590236198108890e-04
1.415889502865955347e-04
1.415170905269962391e-04
1.412741710109813526e-04
1.410213794447266603e-04
1.407545216481088110e-04
1.404782288746103235e-04
1.401926028971197898e-04
1.398977469900246514e-04
1.395937658796210653e-04
1.392807656944434862e-04
1.388709710043417144e-04
1.385368320703146976e-04
1.382022866300093350e-04
1.378673789567008310e-04
1.375321529534285386e-04
1.372078197328709950e-04
1.368726060784627400e-04
1.365372062444932422e-04
1.362016626053181266e-04
1.358660171614186653e-04
1.355303115389468193e-04
1.351945869894081098e-04
1.347951766534224939e-04
1.343993832230813050e-04
1.340071859954918823e-04
1.336185644866127878e-04
1.332334984298091073e-04
1.328519677744247453e-04
1.324739526843740742e-04
1.320994335367475683e-04
1.317283909204375780e-04
1.313608056347798515e-04
1.309966586882114548e-04
1.306359312969475577e-04
1.302356221480050727e-04
1.298411071946826880e-04
1.294523235919448317e-04
1.290692094449722642e-04
1.286917037930341646e-04
1.283301916091885710e-04
1.279746205378167064e-04
1.276670555796988388e-04
1.273629847139155834e-04
1.270623955034490802e-04
1.267652757028373065e-04
1.264716132581355601e-04
1.261601309069665259e-04
1.258511428321982563e-04
1.255446331513074547e-04
1.252405861319699049e-04
1.249389861906780594e-04
1.247158068813599189e-04
1.244984478373973604e-04
1.243637888071957246e-04
1.242319518850077027e-04
1.241030023275999463e-04
1.239770052821019812e-04
1.238540258023942758e-04
1.237374018479019165e-04
1.236237541120223176e-04
1.235131498264748298e-04
1.234056561744376090e-04
1.233013403083048961e-04
1.232002693678372121e-04
1.231025104986961736e-04
1.230785070964365000e-04
1.230519224930934406e-04
1.230253992073610653e-04
1.229990466090379378e-04
1.229918729560461831e-04
1.229671118255915691e-04
1.229428577697826283e-04
1.229192198264896191e-04
1.228963069577422346e-04
1.228742280556837155e-04
1.228530919494922073e-04
1.228330074132642921e-04
1.228140831748645993e-04
1.227964279257382689e-04
1.227801503316888428e-04
1.227653590446172740e-04
1.227521627152265531e-04
1.227406700066905709e-04
1.227309896092917962e-04
1.226568395825134426e-04
1.225815098962203232e-04
1.225050797318092289e-04
1.224276281096712475e-04
1.223492338824371569e-04
1.222723695367219801e-04
1.221945958523084144e-04
1.221159925477887829e-04
1.220366391590979035e-04
1.220715973222625248e-04
1.221001088111351102e-04
1.221223054454194260e-04
1.221383201379551149e-04
1.221625895291199521e-04
1.221802259259477353e-04
1.221913701346231831e-04
1.221540087097348882e-04
1.221083901317310694e-04
1.220546468412488653e-04
1.219929127002503859e-04
1.219233229071825378e-04
1.218460139130969372e-04
1.217611233387797567e-04
1.216687898929408383e-04
1.215691532915108065e-04
1.214623541780900106e-04
1.212865674459162547e-04
1.211024358390905465e-04
1.208031627627487289e-04
1.205016404912418208e-04
1.201979269066411369e-04
1.198920796250654895e-04
1.195841559877231847e-04
1.192742130521922046e-04
1.189623075839313783e-04
1.186484960480249689e-04
1.183328346011587232e-04
1.180618501881585422e-04
1.177448027307646073e-04
1.175618148559876523e-04
1.173832705755314195e-04
1.172092522930650156e-04
1.170398423222581964e-04
1.168751229227848879e-04
1.167151763369777715e-04
1.165600848271384999e-04
1.164099307135200230e-04
1.162647964129756578e-04
1.161247644783004621e-04
1.159899176382592060e-04
1.158603388383262582e-04
1.157361112821386328e-04
1.156173184736845454e-04
1.155408087661540862e-04
1.154267719719055511e-04
1.153225166347229629e-04
1.152281114955101056e-04
1.151883918531327960e-04
1.151563653644906626e-04
1.152324973294733634e-04
1.153115313280132922e-04
1.153936422475445190e-04
1.154524381309015999e-04
1.155159705461990396e-04
1.155844030452951333e-04
1.156579001595188581e-04
1.157366274687088320e-04
1.158207516727457201e-04
1.158954378761755050e-04
1.159750993836074364e-04
1.160598955382218206e-04
1.161499867880580065e-04
1.162455347555677851e-04
1.163467023095553470e-04
1.164536536395487955e-04
1.165665543326566356e-04
1.166855714529483007e-04
1.168108736234260302e-04
1.169426311106336216e-04
1.170810159119705252e-04
1.171339770865060967e-04
1.171984068067442815e-04
1.172744278319418868e-04
1.173621666095979091e-04
1.172886385094102540e-04
1.173108354375978585e-04
1.173317839939636264e-04
1.173515507309814168e-04
1.173702022835198324e-04
1.173878053622923103e-04
1.174044267476841087e-04
1.174201332839566091e-04
1.174349918738330138e-04
1.174827371154383193e-04
1.175280843870578107e-04
1.175711153504027624e-04
1.174400509429208755e-04
1.172985640438129590e-04
1.171466941034626872e-04
1.169844833217710366e-04
1.167793616957753282e-04
1.165625073528071050e-04
1.162091377168379994e-04
1.158060989954483224e-04
1.154009021048184845e-04
1.147354504138117760e-04
1.139099364080965678e-04
1.131065448506452030e-04
1.123245791366975460e-04
1.115633630876269969e-04
1.108222400854644795e-04
1.101005722451763405e-04
1.093911759330693791e-04
1.087062971180683340e-04
1.080390641955586049e-04
1.073889065717789599e-04
1.067552687591738416e-04
1.061376097420451206e-04
1.056842609874018287e-04
1.052516741058195444e-04
1.048393903178597425e-04
1.044503159632057177e-04
1.040808120302779593e-04
1.037304653747873965e-04
1.033988763926865730e-04
1.030856584657032610e-04
1.027904374278697068e-04
1.025810356402874463e-04
1.023919539733113732e-04
1.022229020964626588e-04
1.020736026908387607e-04
1.019437910057402474e-04
1.018332144327271888e-04
1.017416320962697220e-04
1.016688144601949413e-04
1.016145429491672000e-04
1.016322105264875515e-04
1.017262784205228104e-04
1.018326629331405491e-04
1.020019253506983166e-04
1.021859865464680108e-04
1.023848289614197587e-04
1.025984407259068152e-04
1.028268155802939819e-04
1.030699527994485501e-04
1.033278571209607496e-04
1.036005386769614327e-04
1.040979777705770452e-04
1.046180852027274623e-04
1.051433664786346632e-04
1.056738906024008983e-04
1.062465693147966663e-04
1.068268363349903535e-04
1.074148174689708909e-04
1.080106407753171833e-04
1.086144366148881113e-04
1.092263377017041394e-04
1.098464791550591408e-04
1.104366905737751094e-04
1.110331039219098745e-04
1.116358035430143377e-04
1.122448750506418688e-04
1.128604053509076792e-04
1.134824826654913375e-04
1.141111965550926422e-04
1.147466379433479707e-04
1.153702875839147186e-04
1.160015894009640053e-04
1.166406412599708183e-04
1.172875425774866056e-04
1.178765474342186915e-04
1.184696589478305526e-04
1.190661167701208772e-04
1.196667318879942633e-04
1.201024894158430673e-04
1.205368023285868957e-04
1.207847415466875270e-04
1.203939676128713219e-04
1.200569795799369995e-04
1.197727861432804558e-04
1.195404713180803593e-04
1.193591912528012278e-04
1.191565199177466682e-04
1.190024831702020868e-04
1.188939899088628087e-04
1.188303406492534874e-04
1.188108883257879518e-04
1.188350360016604437e-04
1.189022347028812968e-04
1.190119813680654953e-04
1.191638169061000948e-04
1.193573243542920306e-04
1.195921271300336489e-04
1.198678873694294787e-04
1.201843043467036820e-04
1.205411129685560423e-04
1.209380823379594078e-04
1.213750143821856373e-04
1.218517425401229043e-04
1.223681305042107956e-04
1.229240710125452136e-04
1.235194846869354921e-04
1.241543189128910133e-04
1.248285467577070398e-04
1.255421659229915990e-04
1.262951977281414598e-04
1.270850711184949979e-04
1.283485244419614276e-04
1.296791094913461685e-04
1.310331091842016551e-04
1.322794953856018280e-04
1.343537897659246748e-04
1.366665928915455333e-04
1.389660464703985985e-04
1.412328496171284201e-04
1.434810318092284188e-04
1.457086132191236000e-04
1.479136103344186434e-04
1.500940389268698417e-04
1.522479170583831108e-04
1.541421509882846895e-04
1.560117726462930093e-04
1.578552801073136312e-04
1.596711763268060036e-04
1.614579711034284340e-04
1.632141830579198827e-04
1.648886523177782145e-04
1.665516354820477602e-04
1.681808530900760713e-04
1.699348212006254613e-04
1.716651676185189357e-04
1.733708173248108605e-04
1.750507030922163101e-04
1.767037665963555463e-04
1.783102291787207248e-04
1.793209998543339955e-04
1.803232865045857635e-04
1.813165980872248162e-04
1.823004382855147735e-04
1.832743057280627466e-04
1.842376942197929981e-04
1.851900929841311986e-04
1.861309869164392596e-04
1.870598568487400447e-04
1.879761798257531015e-04
1.888794293922339330e-04
1.897690758916132845e-04
1.906445867759003427e-04
1.914362427519192755e-04
1.922156124578665423e-04
1.929821804071542117e-04
1.937354281415025849e-04
1.944748345308035199e-04
1.951998760844502780e-04
1.959100272740787606e-04
1.966850947514129516e-04
1.974487576868782699e-04
1.982005506655909726e-04
1.988587507260632364e-04
1.994995868233814275e-04
1.999393558591927513e-04
2.003507629319750195e-04
2.007331878017872820e-04
2.011346534210167866e-04
2.015084809494758383e-04
2.018540932077743258e-04
2.025113626185565737e-04
2.032149808166182272e-04
2.038687850497696919e-04
2.044720750792273709e-04
2.050241856638704480e-04
2.056773757708808045e-04
2.064012623982146115e-04
2.070592910442109458e-04
2.076507537220983579e-04
2.081750058492304746e-04
2.086314674032806865e-04
2.090196239764659139e-04
2.094964823591174800e-04
2.099111372489719429e-04
2.102480738624953405e-04
2.106811395569610913e-04
2.110448695098220476e-04
2.113390104560024956e-04
2.115633786343671665e-04
2.117769246409049934e-04
2.117423952338238385e-04
2.116264576843070080e-04
2.114292998686003128e-04
2.111512030053166024e-04
2.107925410121098237e-04
2.103537796860366642e-04
2.098354757100723939e-04
2.092443110187930269e-04
2.085118212239060536e-04
2.077927612344344747e-04
2.069889276454872445e-04
2.061013975081006926e-04
2.051313480754475321e-04
2.041698623458291335e-04
2.031230320929614398e-04
2.019923349138059846e-04
2.007793494247129022e-04
1.997109824942482276e-04
1.986529645168531671e-04
1.975287373113956231e-04
1.968038511223566813e-04
1.963207643090659517e-04
1.958053970806764043e-04
1.952586284535921379e-04
1.946813458060063225e-04
1.940744436783981919e-04
1.934388225997524615e-04
1.927753879408908744e-04
1.920850487961769124e-04
1.913687168947585376e-04
1.905437516253603890e-04
1.896995285875889429e-04
1.888368917003278673e-04
1.879566800410500027e-04
1.870597271627932488e-04
1.862097233969320972e-04
1.853408600917455572e-04
1.844540124791025422e-04
1.835500499022074911e-04
1.826298351074636121e-04
1.816942235705090692e-04
1.807440628563887573e-04
1.797801920137706230e-04
1.788034410030473961e-04
1.778146301580822524e-04
1.768145696813299328e-04
1.757447090883876740e-04
1.746688743450352046e-04
1.735877659893215899e-04
1.725020718300246446e-04
1.713307104926836764e-04
1.700669611455499707e-04
1.686961146052740274e-04
1.673215404067021140e-04
1.659438642071934850e-04
1.645636985816833890e-04
1.631816428870766446e-04
1.617982831461473145e-04
1.604141919504213231e-04
1.590299283814988588e-04
1.576460379502700167e-04
1.562630525534699220e-04
1.545531764599809138e-04
1.528099591309043173e-04
1.510594766958419982e-04
1.493025855654093407e-04
1.475401303001752586e-04
1.457729431185251839e-04
1.440018434296305727e-04
1.422276373915206998e-04
1.404511174942147300e-04
1.386730621678384688e-04
1.368942354156169126e-04
1.351153864715738966e-04
1.333372494827690256e-04
1.315605432158382449e-04
1.297859707875921240e-04
1.280589692260143198e-04
1.263320089761960844e-04
1.246058619334602512e-04
1.228812829020719990e-04
1.212318902166018827e-04
1.195818834194265119e-04
1.179368932423640036e-04
1.162920116805593558e-04
1.146485641338116496e-04
1.130073142960431545e-04
1.113697634016703260e-04
1.097358931581386406e-04
1.082663156204080064e-04
1.068097803029210730e-04
1.055438050312159265e-04
1.048916239827879884e-04
1.042718133215514019e-04
1.036432330565049319e-04
1.030497266479026789e-04
1.024913137436227753e-04
1.019680366086903056e-04
1.014799612447841640e-04
1.010271785442177068e-04
1.006098054824701367e-04
1.002279863535575339e-04
9.988189405274367795e-05
9.957173141134613372e-05
9.929773258863439013e-05
9.906016452611280288e-05
9.885932846977662971e-05
9.869556156626340998e-05
9.855839757831796530e-05
9.845965912425406477e-05
9.839978232112048695e-05
9.837924753230770840e-05
9.839858141796396069e-05
9.845835910534283164e-05
9.855920648827480514e-05
9.870180266560137289e-05
9.888688252908641916e-05
9.911523951205941207e-05
9.938772851085467144e-05
9.970526899197487529e-05
1.000688482988618648e-04
1.004881051698793606e-04
1.005962994744889598e-04
1.006989168330938236e-04
1.008293646634101384e-04
1.009881304760750154e-04
1.005319487234365391e-04
9.988606499363753227e-05
9.923255609083425697e-05
9.857160311522367212e-05
9.790338908302480584e-05
9.722809883730891372e-05
9.654591895790967790e-05
9.585703767047921758e-05
9.516164475475248283e-05
9.460879312145283092e-05
9.405507540599890228e-05
9.350059350721332864e-05
9.292754607050760537e-05
9.237284169767209362e-05
9.181765088514078001e-05
9.129097518015400999e-05
9.076507056381291985e-05
9.024746143506742074e-05
8.973042986656326711e-05
8.921406389766492679e-05
8.869844990110372751e-05
8.818367258686828601e-05
8.766981500689047051e-05
8.716658090148576659e-05
8.693010073861820832e-05
8.670814378093925955e-05
8.650079582200669807e-05
8.630814810910802752e-05
8.613029758669561871e-05
8.596734714604918289e-05
8.581940588159790273e-05
8.568658935435247647e-05
8.556901986291226591e-05
8.546682672253745833e-05
8.538014655279734899e-05
8.530912357433082785e-05
8.525390991527326051e-05
8.524703340813391734e-05
8.525787734481278047e-05
8.528665527420353320e-05
8.533359225593470192e-05
8.539892531738667574e-05
8.548290392925386890e-05
8.564245543639353159e-05
8.581852123267869276e-05
8.601143932838989760e-05
8.618924161159865918e-05
8.638608577809668478e-05
8.660232312775648067e-05
8.683832014149077524e-05
8.709445914468822889e-05
8.737113899958896650e-05
8.766877582822900036e-05
8.798780376767296638e-05
8.832867575935626715e-05
8.855882250341311733e-05
8.875994298626175714e-05
8.897200263999701405e-05
8.917139566783962841e-05
8.938326252758361026e-05
8.953781766349670475e-05
8.964213261609427382e-05
8.975265981265270656e-05
8.986949296210003076e-05
8.999272746161875018e-05
9.012246045536786055e-05
9.025674304919237723e-05
9.032641479224836191e-05
9.039278442965244383e-05
9.046208542107500084e-05
9.051578881248097455e-05
9.057341414279995728e-05
9.063499227622997363e-05
9.070055465606999723e-05
9.074352622619846190e-05
9.078920661227720128e-05
9.083298630655884623e-05
9.087973312383825679e-05
9.092945989048350662e-05
9.098217974353506917e-05
9.103790613421601713e-05
9.109665283150872404e-05
9.115567038275197286e-05
9.121759734170911411e-05
9.123918038545159644e-05
9.126153415009263900e-05
9.128464526213817074e-05
9.130850035306720689e-05
9.129086246432658854e-05
9.127651558673443742e-05
9.126054325286034362e-05
9.124291436695199130e-05
9.122359794700701644e-05
9.120256313053932257e-05
9.117977918044065718e-05
9.115521549093613424e-05
9.112884159363527498e-05
9.110062716367296959e-05
9.107054202594057693e-05
9.103855616140897795e-05
9.100463971353394733e-05
9.102891401249262819e-05
9.102880867181096180e-05
9.102463376032602607e-05
9.097092924076004121e-05
9.095736380755095574e-05
9.094402635840966541e-05
9.097633229101367912e-05
9.100655210602154777e-05
9.103469282588826301e-05
9.102845230009663747e-05
9.101855826634657756e-05
9.090439165854192485e-05
9.079178293242529086e-05
9.068066926625646120e-05
9.057098819492994648e-05
9.046267760032967585e-05
9.035567570211528430e-05
9.024992104893088645e-05
9.014535251003977917e-05
9.004190926737387862e-05
8.997145363707400039e-05
8.990350585697071497e-05
8.983801887247358725e-05
8.976777392016224569e-05
8.974525642173994985e-05
8.968857400782420870e-05
8.963871419847001558e-05
8.959562259290335096e-05
8.955924641285774356e-05
8.952953446652705529e-05
8.950643711337549074e-05
8.948990622978091080e-05
8.947989517548068635e-05
8.947635876079754050e-05
8.947925321462022602e-05
8.948853615311078071e-05
8.950416654912090534e-05
8.952610470228862419e-05
8.955431220979636307e-05
8.958875193776769032e-05
8.962938799328014198e-05
8.967618569697691970e-05
8.972911155625630574e-05
8.978813323901312657e-05
8.985321954792506883e-05
8.992434039525675589e-05
9.000146677816370949e-05
9.008457075448481218e-05
9.017362541899975696e-05
9.026860488013901582e-05
9.036948423712832937e-05
9.044301036637431837e-05
9.052068898080191568e-05
9.060247105751783258e-05
9.079503864935090508e-05
9.088907418379229121e-05
9.103879063139748743e-05
9.118127313225588709e-05
9.132060728623777636e-05
9.143495877934680160e-05
9.154670582650642095e-05
9.165580026749623453e-05
9.176219398791281680e-05
9.186583893183307599e-05
9.197022183860613484e-05
9.207194121925156528e-05
9.217095120771514011e-05
9.226720601673637449e-05
9.239926727108782394e-05
9.253046953965333012e-05
9.266079036571055248e-05
9.279020721390447994e-05
9.291869747224131926e-05
9.304623845413511642e-05
9.317280740050411572e-05
9.326256106841216483e-05
9.335302560344094279e-05
9.344416627463496554e-05
9.353594822319186500e-05
9.362833645993847483e-05
9.372129586293421512e-05
9.381479117520803712e-05
9.391964349496666946e-05
9.402551670373978049e-05
9.413238234294896731e-05
9.424021184210380113e-05
9.438521420111689803e-05
9.452938775899760216e-05
9.467271466469980566e-05
9.481517700769012767e-05
9.496267279554060966e-05
9.510898666841797328e-05
9.525410201568739453e-05
9.539800220707180260e-05
9.554067059441610722e-05
9.567350413332982551e-05
9.580462668262944802e-05
9.593401602855378943e-05
9.606164997104930025e-05
9.618750632716744145e-05
9.631156293450405831e-05
9.643379765466907137e-05
9.655418837679667578e-05
9.667271302108774154e-05
9.678934954239056736e-05
9.690407593381280529e-05
9.701687023037088530e-05
9.712771051267008197e-05
9.723657491061889636e-05
9.734344160717672270e-05
9.744828884213194067e-05
9.755109491591188310e-05
9.767160992881408646e-05
9.777125910389699833e-05
9.786881349058506696e-05
9.796425163090613378e-05
9.805755214493751845e-05
9.814137034438365366e-05
9.822263640467442450e-05
9.830132528817410215e-05
9.837741209955472711e-05
9.844473880786732301e-05
9.850971561935452034e-05
9.857231607194470366e-05
9.865984564380616520e-05
9.870841496186339131e-05
9.875778891500666245e-05
9.880794084740441099e-05
9.885884406552250796e-05
9.891047183601344339e-05
9.896279738367700978e-05
9.901579388949568713e-05
9.906943448874094827e-05
9.912369226915459109e-05
9.917854026920214304e-05
9.923395147640047922e-05
9.932803422745508010e-05
9.942075580744511975e-05
9.951210359835911765e-05
9.960206500702394679e-05
9.969062746658716840e-05
9.977777843801278372e-05
9.986350541158437193e-05
9.987829361766229646e-05
9.988815987303792062e-05
9.989306048526251040e-05
9.993232014155334082e-05
9.996847126971391574e-05
1.000014872357239963e-04
1.000313416683718226e-04
1.000580084670685277e-04
1.000814618096803601e-04
1.001251014460531987e-04
1.001643065608561259e-04
1.001990605357614290e-04
1.001393026338331119e-04
1.001387088307860549e-04
1.000144873542715171e-04
9.991847513333186332e-05
9.982384708425778234e-05
9.973052856405872804e-05
9.963844524834582607e-05
9.954752312208203010e-05
9.945768847088374393e-05
9.936886787287313710e-05
9.928098819107283250e-05
9.919634200131278502e-05
9.911260308136239205e-05
9.902970000965366656e-05
9.894756161876193975e-05
9.888743313456299622e-05
9.882894187554268426e-05
9.877202619793082382e-05
9.871662467069073862e-05
9.866267606612247592e-05
9.861011935085158215e-05
9.856416713953619320e-05
9.851973862894715947e-05
9.847677571677345971e-05
9.843522046563960210e-05
9.839501509479068805e-05
9.835610197212431229e-05
9.831842360656134385e-05
9.828192264076000622e-05
9.824654184416401360e-05
9.821222410639087570e-05
9.822162249691681344e-05
9.822980273156649137e-05
9.824457893369967557e-05
9.825241593207539642e-05
9.825828120980428305e-05
9.826214161354437948e-05
9.826396410619455475e-05
9.826371577366488472e-05
9.826136383174779684e-05
9.825687563308221244e-05
9.825021867421338342e-05
9.824136060274637680e-05
9.823026922458842332e-05
9.821691251128290812e-05
9.830994860897196918e-05
9.832690472953607372e-05
9.835466574638626950e-05
9.837234069863576606e-05
9.843158314218364996e-05
9.843411241549038194e-05
