1.541708100000902721e-08
6.016373865480769689e-01
5.996155446368974795e-01
5.965355600678045045e-01
5.921181831320573297e-01
5.867947511024881324e-01
5.801904476625826534e-01
5.730673058974679046e-01
5.647498251875491260e-01
5.554006862894657059e-01
5.449759310527214629e-01
5.338550074910564103e-01
5.217993409448269393e-01
5.089792862764546122e-01
4.953775189135604662e-01
4.818295457659307890e-01
4.675814482536514438e-01
4.528353678236149427e-01
4.375489665658269245e-01
4.219201678289513646e-01
4.064016650421828358e-01
3.905871668479399816e-01
3.745581089048304335e-01
3.585415282075969934e-01
3.424602148014482816e-01
3.266315619776619661e-01
3.109764064762780000e-01
2.954319943310694252e-01
2.800079997986984481e-01
2.660107866406475341e-01
2.522626190513315714e-01
2.387791148277398634e-01
2.250118403535249223e-01
2.119334304105926214e-01
1.993258808248918601e-01
1.873923048821810877e-01
1.760188646309079619e-01
1.651803331169697242e-01
1.548028486682090643e-01
1.448850849678328390e-01
1.355109543715312947e-01
1.265809080618199578e-01
1.180885696476633440e-01
1.100262082678021142e-01
1.025223004545537109e-01
9.542820864333798059e-02
8.872042922528793063e-02
8.243437821040731917e-02
7.675197109305169352e-02
7.139307701637581660e-02
6.646713912371352007e-02
6.182773754181657144e-02
5.767471614360820953e-02
5.387095585269512793e-02
5.034071424258174110e-02
4.701862942477636614e-02
4.399812828834528261e-02
4.120605177598677532e-02
3.875607771178034983e-02
3.662213695607714065e-02
3.460312309285510507e-02
3.271518734575025456e-02
3.099950896667924213e-02
2.955048788037785076e-02
2.817267621276172904e-02
2.685251273056082910e-02
2.558504679429971299e-02
2.437082236054190568e-02
2.320696159122490748e-02
2.209406559077126131e-02
2.102889694598016751e-02
2.001019908909132047e-02
1.903666834610216047e-02
1.810844895791428530e-02
1.722247061939580562e-02
1.637736686471500183e-02
1.557175834210646446e-02
1.480426003570469926e-02
1.407348778444731177e-02
1.337806412345941311e-02
1.271662348047997680e-02
1.210269435579012544e-02
1.151876308800691209e-02
1.096325351364983713e-02
1.043839124335650334e-02
9.939532266823309162e-03
9.465584712423832578e-03
9.020116220812690946e-03
8.596791410610734110e-03
8.201239803961144978e-03
7.825184837519738243e-03
7.470395211617713270e-03
7.133114834030030230e-03
6.812597757061868153e-03
6.508117770426973848e-03
6.218969322132681180e-03
5.944468243403719550e-03
5.683952295326157554e-03
5.436781554122560242e-03
5.204477661600940587e-03
4.984021450330218365e-03
4.776081749646255391e-03
4.578762933261179384e-03
4.391576955859362481e-03
4.214054456938808035e-03
4.045744668050486013e-03
3.886215249256838849e-03
3.737395850548891861e-03
3.596254225384230927e-03
3.462439713039030479e-03
3.335616510372863778e-03
3.215463459833769154e-03
3.101673803222848146e-03
2.995859649874573882e-03
2.895077186891016358e-03
2.799630200543492837e-03
2.709284702891294385e-03
2.625567552255771153e-03
2.546324841983802541e-03
2.470576845163332484e-03
2.398952575238186280e-03
2.331203449369475232e-03
2.266348440213566181e-03
2.205148225188075743e-03
2.146029155570924885e-03
2.077389206524456189e-03
2.013498917544761808e-03
1.954097897078186166e-03
1.898946558733735157e-03
1.847824917889562399e-03
1.800531549683185434e-03
1.756882746369958217e-03
1.716711930250222010e-03
1.679869381529860940e-03
1.646222293247543572e-03
1.615655002132702130e-03
1.588068905427893239e-03
1.563381301216484887e-03
1.541523498724947346e-03
1.522278968928952652e-03
1.505789899291229157e-03
1.492111774994538554e-03
1.480413706677143320e-03
1.472516230098347163e-03
1.467694885669277791e-03
1.446800240642063173e-03
1.429941886604949941e-03
1.413311979160839860e-03
1.399082525961723453e-03
1.385592304126790752e-03
1.371333678689234340e-03
1.353858306539468172e-03
1.337955900659537232e-03
1.321141767060455803e-03
1.305735089790558160e-03
1.287941914731453256e-03
1.280209851054872660e-03
1.273594889660012832e-03
1.267343708589484383e-03
1.260040386629740191e-03
1.253203750756562429e-03
1.246845896795273139e-03
1.240979091326914474e-03
1.234821892700419758e-03
1.229148989726270126e-03
1.224023646970684356e-03
1.218894618646623827e-03
1.214940511671326910e-03
1.210138295265341182e-03
1.205707590252480445e-03
1.200450218137094583e-03
1.195941167665954099e-03
1.190379839259185024e-03
1.185534651362983539e-03
1.174702999366830300e-03
1.163355740086065163e-03
1.152076024554171121e-03
1.141008030320870377e-03
1.129621659267638885e-03
1.118278659441311997e-03
1.106536898616571540e-03
1.094852216848116828e-03
1.083237404548309480e-03
1.070446230723403778e-03
1.057441522439738499e-03
1.044503836274770581e-03
1.031645295671735447e-03
1.018877458302445103e-03
1.006211324938490739e-03
9.936984703932877968e-04
9.811206315086542194e-04
9.692823604700315579e-04
9.569721202133783669e-04
9.451309762966039708e-04
9.331758256013407199e-04
9.213151728180663056e-04
9.087834854323700038e-04
8.964219652172977998e-04
8.837660299891563626e-04
8.713150151583008316e-04
8.586696522865775632e-04
8.461216252788868533e-04
8.328686466847522521e-04
8.197903707577296759e-04
8.067471268148990963e-04
7.938873614499637743e-04
7.808957013323819096e-04
7.680921358152881110e-04
7.551449488109350039e-04
7.423895467200196082e-04
7.298300351153283938e-04
7.174701019880773802e-04
7.053130348678119266e-04
6.933617379940544079e-04
6.816187494860195166e-04
6.700862584605802707e-04
6.576826750038610022e-04
6.454792134422508709e-04
6.333076725460798622e-04
6.213390561375539646e-04
6.095753627827311602e-04
5.980182531210286598e-04
5.866690657234706688e-04
5.755288328112949251e-04
5.645982957986283527e-04
5.538779206261643150e-04
5.431214499921804871e-04
5.325729232043671570e-04
5.222323521619439985e-04
5.133120030908229882e-04
5.050031680827406135e-04
4.968429566794978257e-04
4.894777894258972540e-04
4.838589411421201705e-04
4.784236481754212240e-04
4.731735357449285274e-04
4.681282303885654856e-04
4.634921678169000520e-04
4.605458849619132960e-04
4.716198674744668238e-04
5.307523119850168173e-04
4.630604861004208221e-04
4.434173360158910962e-04
4.377855072969334617e-04
4.340002836661097313e-04
4.306289711502016629e-04
4.274687128220697836e-04
4.245080553656887406e-04
4.217403868267636927e-04
4.191670070763059788e-04
4.167893817244866929e-04
4.146091357308183769e-04
4.126280686857778843e-04
4.108481708494788861e-04
4.092716397640630208e-04
4.079008975159120623e-04
4.067386087310830315e-04
4.057876993939960692e-04
4.050513765861991499e-04
4.045331492495925544e-04
4.030493334258182557e-04
4.017375879973018285e-04
4.006003210579593861e-04
3.987011393463769427e-04
3.944098811477376987e-04
3.900107951669615604e-04
3.856121501412188143e-04
3.812667871550779949e-04
3.769931718052079187e-04
3.730926419627886444e-04
3.691920697089443038e-04
3.650095205586555494e-04
3.608836135095400935e-04
3.571224856838892928e-04
3.533678078311558034e-04
3.496509489983537652e-04
3.459736256811732835e-04
3.423374700797812654e-04
3.387440324614297382e-04
3.351947835905440981e-04
3.316911172184623733e-04
3.282343526253938930e-04
3.245425963733845247e-04
3.208925581638790792e-04
3.172855374676685110e-04
3.137227593625404611e-04
3.102053768692451504e-04
3.067344733231547804e-04
3.031474778147210877e-04
2.996555983766109187e-04
2.960138138546154003e-04
2.924099134882976849e-04
2.887398460564647297e-04
2.851074471671976316e-04
2.815138426352438612e-04
2.779600881194112922e-04
2.744471710698870802e-04
2.709760127077266646e-04
2.675474700310141968e-04
2.641623378423494425e-04
2.607088541272407889e-04
2.572976466849651533e-04
2.538765792010264891e-04
2.504965581604838240e-04
2.471438856848968578e-04
2.438347347155604282e-04
2.405696629290359596e-04
2.373491753775060361e-04
2.340196352733283508e-04
2.307323209112021928e-04
2.274877378930410343e-04
2.242863411488353641e-04
2.211285367199339465e-04
2.180146835381916142e-04
2.148017193941969692e-04
2.117306698040134761e-04
2.086938366211527290e-04
2.056918715323074293e-04
2.025836538098540974e-04
1.995088185420899180e-04
1.964680326871723760e-04
1.934619113922290978e-04
1.904910194190524556e-04
1.875558725857843112e-04
1.846569392210102665e-04
1.819217906110718989e-04
1.804062780859169853e-04
1.789604274862673669e-04
1.777943179563850967e-04
1.766841485883857948e-04
1.756303592921507159e-04
1.746334090847654588e-04
1.736937792007742351e-04
1.728119762538850876e-04
1.719885354582351047e-04
1.712342302195953481e-04
1.705388595983614033e-04
1.699030863364966299e-04
1.693276144401017309e-04
1.688131928526862111e-04
1.683606192504139075e-04
1.679707439724337952e-04
1.676444741003344538e-04
1.674360906392959015e-04
1.672905153846817694e-04
1.673249600957576154e-04
1.674188730257249430e-04
1.675737785827831686e-04
1.677912722686610470e-04
1.680730262617049706e-04
1.684207952887919785e-04
1.688364228099375683e-04
1.693218475414185581e-04
1.698791103453634662e-04
1.703378752031554780e-04
1.708803707847251249e-04
1.714610405940628914e-04
1.707816833947217294e-04
1.700430845072405995e-04
1.693227926199013971e-04
1.686055605320789259e-04
1.679068729476427754e-04
1.673964877450699943e-04
1.668957972274622893e-04
1.662598183820162428e-04
1.655494021448186085e-04
1.648569034366669027e-04
1.641895432212165675e-04
1.633641417072425825e-04
1.625571218941419653e-04
1.617687375590760835e-04
1.609992391084478255e-04
1.601927316712085925e-04
1.594033975084433081e-04
1.585724159923644421e-04
1.577567795920384384e-04
1.569567121506415780e-04
1.561724333162329333e-04
1.553214889682827599e-04
1.544835775720782901e-04
1.536589061572343296e-04
1.528476769144941118e-04
1.520500874603541270e-04
1.512663311037332149e-04
1.504965971146049572e-04
1.498257977066953729e-04
1.491643339064118758e-04
1.485125068916042965e-04
1.478706125329452153e-04
1.472389416299592021e-04
1.466114177851705230e-04
1.459944275642209111e-04
1.452914639023382578e-04
1.445957209536988339e-04
1.438460830088783267e-04
1.431178142348411776e-04
1.424151036483648045e-04
1.417157191447465680e-04
1.410043641023541361e-04
1.403153024064175485e-04
1.396117192571747227e-04
1.389120436808178476e-04
1.382165583374730499e-04
1.376557587766422488e-04
1.371048776266851183e-04
1.365641784865836831e-04
1.360339213159992438e-04
1.355143626772433709e-04
1.350057559821749714e-04
1.345083517439531987e-04
1.340223978336173120e-04
1.335481397414524753e-04
1.330858208431516868e-04
1.326356826707708310e-04
1.321979651885130656e-04
1.317729070733767761e-04
1.313607460007356481e-04
1.309617189349309785e-04
1.305760624249773828e-04
1.302040129055123002e-04
1.298958964877692894e-04
1.295990895740092516e-04
1.293138884658727179e-04
1.290405892429515218e-04
1.287794880678290801e-04
1.285308814990069714e-04
1.283648357530833091e-04
1.282081551474508927e-04
1.280612083030989781e-04
1.278688527244423027e-04
1.274702371189880706e-04
1.270755658714923359e-04
1.266850748179126321e-04
1.262989968944988107e-04
1.259499120531465855e-04
1.255994894446522893e-04
1.252480249301421834e-04
1.248958112449615094e-04
1.245431379778460439e-04
1.242339443794048513e-04
1.239267625978742046e-04
1.236218780913494162e-04
1.232762426471524693e-04
1.229315753429494767e-04
1.225881467837393508e-04
1.222462245221925671e-04
1.219060730891774729e-04
1.215727874604824622e-04
1.212395883711227333e-04
1.209085866561903169e-04
1.205800396097015737e-04
1.202542016986640007e-04
1.199313246198223024e-04
1.196116573617154397e-04
1.192954462719623661e-04
1.189829351296696697e-04
1.186743652228639646e-04
1.183699754308757923e-04
1.180700023115774291e-04
1.177746801934094917e-04
1.174916184774901594e-04
1.172132629618390348e-04
1.169398492220842685e-04
1.166716109397401309e-04
1.164087800111447186e-04
1.162401472180504385e-04
1.160725961405149052e-04
1.159064311706615232e-04
1.157419549719625803e-04
1.155658779235583638e-04
1.152874291300764673e-04
1.150062571415554340e-04
1.148261581676997099e-04
1.146707570417958809e-04
1.145306546859283295e-04
1.143814260429178246e-04
1.141067622018877815e-04
1.136659225482458213e-04
1.132325668806418367e-04
1.128067954022748644e-04
1.123887071553209086e-04
1.119784001168349459e-04
1.115759712955278414e-04
1.111815168294092847e-04
1.107951320843117215e-04
1.104169117533057023e-04
1.100469499570272760e-04
1.096853403449353579e-04
1.093321761975083009e-04
1.089875505294289344e-04
1.086322125886672504e-04
1.082847739419983069e-04
1.079453222828923465e-04
1.076139450620544396e-04
1.072907295806672538e-04
1.069757630845599619e-04
1.066691328593425374e-04
1.063709263265319324e-04
1.060812311407191707e-04
1.058001352878121319e-04
1.055277271843983034e-04
1.052640957782844874e-04
1.050093306502563174e-04
1.047571130255616747e-04
1.045136591462554880e-04
1.042854382416330685e-04
1.040664456799654292e-04
1.040325573553339600e-04
1.040420700276318097e-04
1.040497818136056822e-04
1.040559542430444240e-04
1.040608489882357006e-04
1.040647278284122972e-04
1.040678526207992313e-04
1.041147627520702852e-04
1.041981934933598649e-04
1.042257663431261227e-04
1.042469589658443055e-04
1.041787313591186159e-04
1.041089311597632414e-04
1.040377985438511137e-04
1.039655730979714346e-04
1.038924937913684993e-04
1.038187989535992981e-04
1.037447262576871693e-04
1.036559197468862057e-04
1.035679679606651597e-04
1.034810971485625311e-04
1.033955328232767331e-04
1.031832436921991015e-04
1.029668036815241931e-04
1.027464058481118264e-04
1.025222422967811414e-04
1.022945041125940556e-04
1.020633812965871472e-04
1.018290627049206866e-04
1.015853786864314801e-04
1.013385925970601114e-04
1.010888892659093957e-04
1.008364521995373315e-04
1.005814635334350426e-04
1.003241039867358721e-04
1.000645528201319121e-04
9.980298779695507617e-05
9.950631059846555917e-05
9.920653327340637540e-05
9.883183750065899556e-05
9.841643709516862705e-05
9.799749150143468907e-05
9.760978158817805548e-05
9.721678519875670760e-05
9.681868176211732159e-05
9.641564977544345692e-05
9.600786672689974133e-05
9.559550902092941950e-05
9.527992205608436466e-05
9.498011572016613110e-05
9.464765658321122534e-05
9.431636944879075667e-05
9.398639016302321825e-05
9.365785262276995484e-05
9.333088879601763514e-05
9.300562874414468795e-05
9.256663156927115931e-05
9.212660597456272943e-05
9.176995785951045368e-05
9.147019570674185852e-05
9.117538415382590367e-05
9.088562809556959509e-05
9.060103136094806772e-05
9.032169678517132773e-05
9.004772628295586862e-05
8.977922092300431888e-05
8.951628100368591145e-05
8.925900612991377668e-05
8.900749529122969786e-05
8.876184694109727773e-05
8.852215907740994000e-05
8.830489851853159152e-05
8.809288707243828739e-05
8.788623939940205440e-05
8.768506970534045621e-05
8.748949182424557074e-05
8.729961930227282685e-05
8.711556548349948530e-05
8.693744359737303850e-05
8.671386200408122771e-05
8.649414918024412853e-05
8.634933611552620899e-05
8.620471440665650284e-05
8.606044201670287489e-05
8.591667584871111112e-05
8.577357175357819166e-05
8.563128454077441321e-05
8.550809322966997799e-05
8.538505546791962835e-05
8.525232552858586106e-05
8.510430830841595102e-05
8.495577729660238405e-05
8.480688884277822956e-05
8.465779822658059070e-05
8.450865965252806074e-05
8.435962624773122697e-05
8.419300023668251174e-05
8.392359093695161011e-05
8.366146813492174805e-05
8.334862919013520297e-05
8.304643344726366763e-05
8.275483201064686204e-05
8.247377918177763330e-05
8.220323247213356965e-05
8.194315261751466614e-05
8.169350359391405227e-05
8.145425263497204770e-05
8.122537025104880997e-05
8.100683024996284517e-05
8.079860975943816716e-05
8.060068925130753890e-05
8.041305256752337709e-05
8.023568694801951182e-05
8.006858306048135888e-05
7.987938338852463432e-05
7.969898725626745485e-05
7.952737782795730179e-05
7.936454081883847806e-05
7.921046451081011520e-05
7.906513976934967489e-05
7.888352174355612472e-05
7.870861445239633186e-05
7.854039378430231592e-05
7.841456072344778780e-05
7.829699443086745540e-05
7.818769418702219858e-05
7.808666169192909760e-05
7.799390108535795110e-05
7.790059344393264939e-05
7.781109066540502466e-05
7.786880064769329316e-05
7.792306454696716947e-05
7.797398054447269157e-05
7.802164754249045757e-05
7.806616512092552607e-05
7.810763349508084501e-05
7.814615347463003861e-05
7.818182642381424493e-05
7.821475422288903866e-05
7.824503923083752570e-05
7.827278424937030455e-05
7.829482371322895250e-05
7.831436789236347388e-05
7.833151930598100860e-05
7.834638079367813642e-05
7.835905548433878928e-05
7.840571432071179897e-05
7.844859526646699645e-05
7.845170920264215415e-05
7.845308589985022373e-05
7.845282984022638843e-05
7.845104561321842782e-05
7.844783789443396046e-05
7.844331142587837927e-05
7.846849650435497217e-05
7.849050171563124161e-05
7.845362848575252476e-05
7.841664458372912794e-05
7.837964219894939008e-05
7.828002778657932811e-05
7.817761997105083615e-05
7.807249153227785920e-05
7.796471520786356932e-05
7.785436366987905901e-05
7.774150950226066685e-05
7.762622517882593527e-05
7.750858304191584420e-05
7.737289611020875936e-05
7.715143074149314012e-05
7.692344953096867807e-05
7.677137632381350195e-05
7.673270903384884199e-05
7.669674231566002995e-05
7.666358133167026901e-05
7.663333135835981443e-05
7.660609782635520275e-05
7.658198636203483246e-05
7.656110283066335117e-05
7.654355338106619256e-05
7.654080987663494835e-05
7.654103837806056077e-05
7.654435347732781603e-05
7.655087015421454242e-05
7.656070382361658782e-05
7.657397038469689976e-05
7.659078627188325137e-05
7.661126850773898090e-05
7.665979373555025357e-05
7.671607914788377853e-05
7.680302401572517551e-05
7.689132722986376331e-05
7.698113769524673881e-05
7.707260507928250578e-05
7.716587984216365483e-05
7.726111327013620851e-05
7.735845751174149124e-05
7.745806561706625377e-05
7.756009158003515018e-05
7.766469038378057371e-05
7.771385878490633982e-05
7.776872916431248482e-05
7.769126337999408252e-05
7.757910976888695664e-05
7.746464139592767789e-05
7.734790205010811509e-05
7.722893552240428126e-05
7.710778559448905713e-05
7.693684085414776764e-05
7.673208607196038721e-05
7.649625176611542297e-05
7.625811419808260446e-05
7.601767724265384425e-05
7.583861271548257305e-05
7.566001359544641443e-05
7.548188710859761734e-05
7.530424040441653036e-05
7.512708055633864589e-05
7.495041456228730930e-05
7.477424934521144264e-05
7.460962497199877101e-05
7.444600442116226010e-05
7.428339636589280533e-05
7.412180939687450611e-05
7.396125202389904291e-05
7.380173267749115377e-05
7.364325971054019599e-05
7.348584139994000189e-05
7.332948594823892610e-05
7.317420148529489370e-05
7.301999606994257798e-05
7.287969278242431418e-05
7.273978710903725923e-05
7.260029766134133819e-05
7.246124290294523121e-05
7.232264115065241590e-05
7.218451057565238027e-05
7.204686920475940500e-05
7.190973492169712618e-05
7.182060273605815344e-05
7.172946855282563879e-05
7.163638392739954603e-05
7.156808016197008270e-05
7.160695037525717521e-05
7.161307257547250781e-05
7.161193728681042368e-05
7.160482195756201907e-05
7.159058850580661125e-05
7.156816176453417125e-05
7.153888547166690115e-05
7.150286621303179803e-05
7.144768140829736345e-05
7.141061023652023299e-05
7.136890205049297483e-05
7.132143557397787725e-05
7.126832693389585866e-05
7.114419721931182668e-05
7.101813911770389176e-05
7.090404802913534020e-05
7.078882039932997330e-05
7.067253978096233575e-05
7.055528926536924425e-05
7.039836576248506377e-05
7.024274360940373078e-05
7.008847287426063326e-05
6.993560319377684195e-05
6.978418378390597568e-05
6.963426345082840440e-05
6.948589060229028278e-05
6.933911325928340265e-05
6.919397906805762461e-05
6.905053531246678293e-05
6.890882892663968869e-05
6.873406142058003038e-05
6.856170755625269305e-05
6.839178987654980380e-05
6.822433079343786459e-05
6.805935259923432215e-05
6.789687747796529051e-05
6.773692751680357221e-05
6.757952471759059673e-05
6.740395510876084375e-05
6.723212107005810899e-05
6.700612723768359369e-05
6.678137831632990613e-05
6.655786618915181057e-05
6.633558280027025016e-05
6.611452015426119992e-05
6.589467031564624072e-05
6.566139577912141073e-05
6.542870421677861141e-05
6.519658762482612158e-05
6.496503810336688256e-05
6.475396039527805633e-05
6.454229570850307366e-05
6.433005680213897681e-05
6.411725640287638456e-05
6.390390720396994741e-05
6.367298905480646214e-05
6.352667527326809002e-05
6.338576379583509544e-05
6.329652849397117268e-05
6.321352270347264728e-05
6.313812178362042393e-05
6.307035362608081480e-05
6.301024865311073730e-05
6.295783986955873364e-05
6.291316291665331132e-05
6.287625612764778996e-05
6.284716058539761667e-05
6.282592018194597613e-05
6.281258168019705909e-05
6.280846751385858512e-05
6.281229350691333439e-05
6.282411652754193586e-05
6.284399653983801658e-05
6.287199667774176384e-05
6.290818332158133242e-05
6.295262617731722202e-05
6.300539835860059302e-05
6.306657647175601430e-05
6.313624070380144089e-05
6.321447491362729913e-05
6.330136672645807531e-05
6.339700763172556326e-05
6.350149308448901160e-05
6.361492261054017599e-05
6.373739991534076860e-05
6.386903299694330694e-05
6.403055910513104365e-05
6.416508109785890360e-05
6.430626062908485980e-05
6.432942816616994545e-05
6.439321942245992947e-05
6.445539500667132556e-05
6.451596029917507362e-05
6.457492084068631782e-05
6.463228233030641882e-05
6.468805062355042405e-05
6.474223173036394003e-05
6.479483181312586926e-05
6.484585718464156562e-05
6.489531430612247779e-05
6.494320978515968055e-05
6.498955037368505966e-05
6.503434296592401295e-05
6.507759459634183583e-05
6.511931243758011867e-05
6.512799320736891687e-05
6.513358795386990445e-05
6.520079252308312882e-05
6.526483338752701532e-05
6.532572824451453937e-05
6.538349535307377955e-05
6.543815352300704370e-05
6.548972210388425178e-05
6.550652525081900068e-05
6.551869638084982734e-05
6.555572666031014915e-05
6.559155157704619273e-05
6.562619491549640677e-05
6.565968058035715599e-05
6.569203259213785820e-05
6.572327508279698915e-05
6.575343229146112390e-05
6.578252856022873552e-05
6.581058833005910380e-05
6.583763613674680805e-05
6.586369660698370159e-05
6.588879445451000752e-05
6.591295447635419724e-05
6.593620154916227485e-05
6.595856062561916461e-05
6.598005673096037180e-05
6.600071495957685779e-05
6.602056047171396970e-05
6.603961849026205287e-05
6.605791429764388265e-05
6.607547323279627262e-05
6.613030451248421706e-05
6.618257020330289321e-05
6.622196873961497634e-05
6.625835999137644531e-05
6.625370166145032737e-05
6.624699829169793921e-05
6.623934058528515418e-05
6.623074940111463077e-05
6.622124562800709856e-05
6.621085018180407182e-05
6.617755747177192418e-05
6.613776583979283472e-05
6.607045260080691279e-05
6.599983113268242843e-05
6.592590758597112921e-05
6.584868862857015236e-05
6.576818144515673525e-05
6.568439373648398544e-05
6.559733371854188438e-05
6.550701012157753456e-05
6.541343218898070812e-05
6.531660967603041424e-05
6.526786651379514858e-05
6.521829209787163156e-05
6.516790858375290667e-05
6.511673809531283311e-05
6.506480272220002974e-05
6.500843197908590955e-05
6.495153300154418176e-05
6.489412551513820573e-05
6.487845290421209710e-05
6.486433277629426717e-05
6.485180277400516839e-05
6.484090062621604325e-05
6.483166415755240353e-05
6.482413129813466529e-05
6.482279859148643421e-05
6.482302032273904206e-05
6.482483741430947384e-05
6.482829091019976181e-05
6.483342198624127302e-05
6.484027196061748768e-05
6.484888230466576988e-05
6.485929465396245391e-05
6.487155081969737187e-05
6.488569280033501725e-05
6.490176279357260367e-05
6.491980320859438199e-05
6.493985667862873427e-05
6.496196607381185312e-05
6.498617451436241080e-05
6.501401800886272308e-05
6.504397353634778990e-05
6.506405239166170040e-05
6.508573243891074194e-05
6.510905131296955558e-05
6.513404682355221408e-05
6.516075696464136550e-05
6.519032677572756166e-05
6.522163292815849676e-05
6.525471459725391084e-05
6.524778254296234906e-05
6.524028028498772970e-05
6.523222455217206502e-05
6.522363207991089509e-05
6.511129393259762910e-05
6.499359885758243950e-05
6.487054345627217891e-05
6.475475901210061777e-05
6.463281412479129115e-05
6.450583466915622616e-05
6.437276483424277302e-05
6.423361747144104984e-05
6.408840737664381196e-05
6.393715129489681195e-05
6.377876368068981043e-05
6.361432112217791192e-05
6.344384644501193684e-05
6.332861687466488914e-05
6.321011060323566261e-05
6.308835032282500562e-05
6.296335920155959637e-05
6.283516087648211609e-05
6.270377944633786225e-05
6.260549176419471498e-05
6.250570658655697689e-05
6.240445247922004766e-05
6.230175797635096767e-05
6.221847662373698501e-05
6.213269763759853590e-05
6.210031981157868681e-05
6.206259490555689434e-05
6.201959228544622353e-05
6.197138251359418399e-05
6.191803729356337813e-05
6.189173168972810098e-05
6.186078746054027712e-05
6.182528677194943365e-05
6.179917279280816079e-05
6.176795272418473420e-05
6.173171642388902681e-05
6.169055479757849770e-05
6.164455972885448743e-05
6.161375318562172161e-05
6.157924685914430618e-05
6.154113846959288737e-05
6.149952615667557659e-05
6.143171405947028655e-05
6.136178926895018853e-05
6.128983877047676900e-05
6.121594938248128338e-05
6.114020772943536553e-05
6.106270021601595363e-05
6.096072893936882594e-05
6.080266368965580307e-05
6.062771972867243337e-05
6.044441473021240456e-05
6.026360704381247016e-05
6.008530167109971983e-05
5.990950362779370305e-05
5.976702971377269416e-05
5.962841994291817312e-05
5.949368767542043368e-05
5.936284667082383559e-05
5.921639611482607007e-05
5.907506156362177387e-05
5.893883651196716141e-05
5.880771551260931376e-05
5.868169418690379090e-05
5.856076923582027307e-05
5.842614051062606931e-05
5.829762931837668115e-05
5.817521518735370580e-05
5.805887940192705048e-05
5.794736988567768238e-05
5.784185059219945554e-05
5.774230741084472205e-05
5.764872796121417746e-05
5.756110159630995778e-05
5.747941940652130904e-05
5.740367422445234979e-05
5.733386063059996336e-05
5.726997495989285153e-05
5.721201530910366239e-05
5.715998154514521722e-05
5.711387531426300677e-05
5.707370005213731947e-05
5.703946099490865600e-05
5.701116519114093802e-05
5.698882151473693103e-05
5.697244067882215789e-05
5.694273908804059047e-05
5.691809136960169672e-05
5.689849932894320683e-05
5.688396611023811920e-05
5.688516601424521962e-05
5.688717351378730157e-05
5.689000334361341016e-05
5.695108859021889153e-05
5.710172099752368216e-05
5.724610040388329412e-05
5.738544399331433661e-05
5.751856583634694842e-05
5.764551273422220088e-05
5.776633431399819254e-05
5.788108295348440372e-05
5.798981370529918903e-05
5.810619153715462879e-05
5.821602953629853680e-05
5.830453694796925134e-05
5.838733611459337404e-05
5.846449477662833368e-05
5.848676240251408828e-05
5.850283385670080032e-05
5.850733805303340231e-05
5.850604862982861033e-05
5.849903152372352901e-05
5.848635434152883814e-05
5.846808629518845984e-05
5.844429813674118396e-05
5.838333335159036342e-05
5.829996490893026853e-05
5.821583691168953119e-05
5.813099136360978889e-05
5.804547007158198502e-05
5.794844218987555117e-05
5.785140428925834036e-05
5.775438958692814378e-05
5.765743107996322998e-05
5.750733103877029271e-05
5.736026100346839019e-05
5.721620513362911359e-05
5.707514800508359671e-05
5.693707460774403523e-05
5.680197034351161701e-05
5.666982102427127666e-05
5.654061286997256276e-05
5.641433250679719392e-05
5.626469669111485529e-05
5.603464954458204018e-05
5.570745310727450654e-05
5.536211845244267484e-05
5.503051030115052475e-05
5.471228811551589539e-05
5.440712384771377114e-05
5.414740092999158720e-05
5.390226260317214477e-05
5.367059622306248422e-05
5.345213719076170352e-05
5.324663234185845914e-05
5.305383952221173299e-05
5.287352718254245270e-05
5.270547399090868120e-05
5.242505563224699198e-05
5.216370541077626157e-05
5.192099249053318293e-05
5.169650912663270641e-05
5.148986967469264730e-05
5.130070965352322171e-05
5.112868485800110249e-05
5.097347051922686701e-05
5.083476050924704362e-05
5.071226658778079987e-05
5.060571768854283932e-05
5.051485924289930924e-05
5.043945253872338905e-05
5.037927411244203418e-05
5.033411517238083125e-05
5.030678467427597702e-05
5.029424347117079252e-05
5.041568346274287362e-05
5.058197462238083619e-05
5.075542384714839601e-05
5.093602599378327893e-05
5.112377788635012662e-05
5.131867825791864603e-05
5.152072769328417187e-05
5.172618802315663398e-05
5.193858865261487577e-05
5.215792966603794773e-05
5.238421259535027850e-05
5.261744036354426226e-05
5.285761722872770173e-05
5.310474872863181343e-05
5.345325702544537899e-05
5.383188649810294617e-05
5.421278053228429527e-05
5.459592936270562310e-05
5.498132268047382687e-05
5.536894962466421850e-05
5.575879877390235202e-05
5.612283651877256142e-05
5.642025705122545750e-05
5.672349228318909249e-05
5.703254821687292448e-05
5.734743102603974163e-05
5.766814701507620347e-05
5.799470257780678541e-05
5.832710415603233587e-05
5.866431065663838646e-05
5.892627933259020519e-05
5.919730696252444588e-05
5.947397785559432654e-05
5.975950537258095001e-05
6.005388610289821242e-05
6.035711821251229375e-05
6.066920134526564671e-05
6.099013652464071756e-05
6.131992605584782308e-05
6.164479829199196663e-05
6.197770142979313408e-05
6.231861714238241302e-05
6.266752728921874574e-05
6.302441380926132369e-05
6.338925861396302081e-05
6.376204348002679307e-05
6.414274994186084614e-05
6.453135918367867247e-05
6.492785193119226877e-05
6.533220834285123526e-05
6.574440790058311496e-05
6.616442929999954644e-05
6.659225034003098793e-05
6.703466716349828407e-05
6.748458050960847506e-05
6.794196362976470671e-05
6.840678828148989644e-05
6.887902461946001037e-05
6.935158465746838797e-05
6.980715725807646536e-05
7.026875405750519690e-05
7.067653654248443149e-05
7.108576470134888887e-05
7.149624584950832115e-05
7.190778283498014986e-05
7.232017400753938750e-05
7.271861862403912458e-05
7.311661783782149487e-05
7.351393738804476213e-05
7.390848277541094103e-05
7.430019526433065489e-05
7.468880065556074519e-05
7.507402069938428409e-05
7.545557320775078420e-05
7.583317217621628138e-05
7.620652791583968678e-05
7.657534719518108417e-05
7.693933339253667119e-05
7.732837380436779194e-05
7.784050937607770815e-05
7.834371620734537523e-05
7.883763916516818451e-05
7.932192266590584479e-05
7.979621100099576199e-05
8.029172304534983767e-05
8.083721170531756831e-05
8.137915785719200708e-05
8.193198559954215109e-05
8.248174406246481106e-05
8.310525121232672260e-05
8.372243537196978115e-05
8.425486581920034880e-05
8.478336207147224178e-05
8.522867721134391890e-05
8.550573508015833887e-05
8.559341136849228117e-05
8.558261237332390561e-05
8.529373512732758031e-05
8.441642351148517180e-05
8.361583747140002658e-05
8.288912768732470155e-05
8.226152330939544136e-05
8.170372657407827359e-05
8.121357876228466250e-05
8.078910989701579227e-05
8.042852752644255533e-05
8.013020644488262601e-05
7.989267927387729961e-05
7.971462783264126586e-05
7.959487523353795855e-05
7.953237864401037555e-05
7.952622266161818508e-05
7.957561325357604993e-05
7.967987221648029572e-05
7.983843211583332631e-05
8.005083166853393429e-05
8.031671153476285330e-05
8.063581048869184257e-05
8.100796194019375170e-05
8.143309078228211395e-05
8.191121054139589071e-05
8.244242080986599196e-05
8.302690494202292907e-05
8.366492799741452591e-05
8.435683491656375903e-05
8.510304891659318974e-05
8.582766824707657391e-05
8.660243602727522112e-05
8.828972220521848809e-05
8.996562544638542105e-05
9.180003529677985773e-05
9.368266584890109637e-05
9.556652921325126441e-05
9.760410514953568085e-05
9.963948176462720065e-05
1.017403804261815217e-04
1.038336861953418065e-04
1.059359195730013447e-04
1.079984622622172250e-04
1.100428689608193847e-04
1.120963552498599437e-04
1.141285752056317578e-04
1.161367182444633629e-04
1.182987173657755041e-04
1.204318213709067680e-04
1.225448701963563903e-04
1.246237590525672498e-04
1.266654183257055722e-04
1.286668211765508755e-04
1.306249980508743963e-04
1.325370519565801329e-04
1.345213648389480016e-04
1.365139001955582312e-04
1.384656544244807755e-04
1.403743864035611065e-04
1.422858540222209404e-04
1.441773972386684445e-04
1.460207635507783917e-04
1.478272320605085108e-04
1.495818867886145487e-04
1.513661411093678705e-04
1.531083837001999480e-04
1.548079687284173586e-04
1.564644724572636445e-04
1.580777036274063241e-04
1.597151027411882764e-04
1.613073011830852728e-04
1.628547092427599095e-04
1.642451052431664058e-04
1.656768462079505171e-04
1.673381182584159749e-04
1.693187367105097158e-04
1.713090733178237860e-04
1.733115784747894133e-04
1.753288752219470397e-04
1.773637749415699419e-04
1.794193072338436969e-04
1.814987691894807888e-04
1.835899716342069099e-04
1.857134005118978731e-04
1.878737584552367618e-04
1.900765328297362121e-04
1.923282384987158318e-04
1.946367152950435311e-04
1.974714201421683775e-04
2.004131795987240834e-04
2.034765274107247003e-04
2.066788705433857392e-04
2.100408254515355629e-04
2.135864088293090680e-04
2.173429914071809397e-04
2.213583783068373578e-04
2.256470679082189952e-04
2.302427706689683616e-04
2.351791442819093291e-04
2.404890049724543136e-04
2.462048406696655837e-04
2.523618427359940988e-04
2.590045556034619627e-04
2.664419522117263172e-04
2.745131123839629136e-04
2.828185253927204337e-04
2.920291944265057844e-04
3.021307276662473082e-04
3.129155948637769792e-04
3.236861205705988649e-04
3.339994522465116952e-04
3.427134639391918292e-04
3.485980677280476020e-04
3.510508165073308721e-04
3.493314102193185089e-04
3.438041855890070701e-04
3.354298073049336135e-04
3.254383324988756516e-04
3.149718912250117487e-04
3.044504739590343464e-04
2.945715667834641655e-04
2.855629385144859626e-04
2.773657318839662040e-04
2.698555751427045095e-04
2.629113773648953582e-04
2.564413431235607532e-04
2.504913924343185323e-04
2.451762234873653854e-04
2.402098937788210177e-04
2.355611323824913250e-04
2.311984033122437682e-04
2.270893892688268152e-04
2.232017771586658375e-04
2.195044513120830330e-04
2.159685772146052989e-04
2.128505514509072328e-04
2.098553049451711407e-04
2.069634398832933143e-04
2.041587871392186795e-04
2.014361771972195310e-04
1.989183416109838534e-04
1.965701090385561214e-04
1.942513309671230323e-04
1.919565044784665318e-04
1.896811678099201502e-04
1.874216546356827456e-04
1.851748998429082207e-04
1.827580411855261682e-04
1.803616315242623854e-04
1.779834291242402586e-04
1.756213898339444945e-04
1.732736358303640196e-04
1.709384386331672860e-04
1.687827687532005537e-04
1.666242653886261776e-04
1.644619223139043914e-04
1.622948942536797613e-04
1.601224997124998505e-04
1.579274268976104767e-04
1.557257455888821690e-04
1.535173020903251001e-04
1.513021027442156376e-04
1.489300260324373537e-04
1.465792565181934398e-04
1.442344854935320969e-04
1.418958705067491048e-04
1.395487693171273632e-04
1.372082344962339726e-04
1.348747561539342498e-04
1.325489041188784433e-04
1.302313172734955555e-04
1.279226931620773100e-04
1.256237779997749007e-04
1.233353571806097121e-04
1.210313958569038297e-04
1.187392972273880633e-04
1.164599671672094972e-04
1.141943179586497637e-04
1.120385556249904482e-04
1.098898496568384347e-04
1.077494515493926863e-04
1.056185944527190685e-04
1.034984885119566531e-04
1.013903167719934186e-04
9.912517313985169600e-05
9.687350839272711937e-05
9.463679292545942943e-05
9.241644867601081829e-05
9.021384658011357284e-05
8.803030442220460328e-05
8.588849043988414057e-05
8.376816571374897193e-05
8.167042851825352396e-05
7.963208584535137519e-05
7.753913315369025355e-05
7.546867660405752020e-05
7.349356838683646705e-05
7.154290127643850457e-05
6.968547055539866337e-05
6.804480230811169885e-05
6.661004911790234615e-05
6.529025639458948562e-05
6.423077120695394290e-05
6.369267408963636356e-05
6.319203878939141808e-05
6.272873966261247655e-05
6.230269594877105234e-05
6.191387367261129567e-05
6.156228766417826256e-05
6.126353915273959722e-05
6.100129371814456752e-05
6.077577116398066149e-05
6.058724689275361131e-05
6.043605480288393301e-05
6.032259038790036796e-05
6.024731405786510317e-05
6.021075470481996813e-05
6.019824440771699448e-05
6.006586010836575056e-05
5.998309346703445069e-05
5.995031961079982854e-05
5.996803667684423225e-05
6.003687033674666147e-05
6.015757891339423949e-05
6.033105913560001741e-05
6.055835258049280863e-05
6.084065285923856713e-05
6.117931360774624919e-05
6.157585735076024334e-05
6.203198531523153498e-05
6.254958827717111726e-05
6.313075853544493246e-05
6.377780311624556774e-05
6.383156408446974612e-05
6.387611544114405349e-05
6.373634098859177447e-05
6.358402776885297878e-05
6.344843480033131159e-05
6.322572416693384865e-05
6.301529155949869062e-05
6.277170819305022257e-05
6.253847919312676481e-05
6.230377105559081166e-05
6.207888606939313480e-05
6.186380586656647148e-05
6.165851554705587695e-05
6.146300373574450611e-05
6.127726264169694101e-05
6.108654877025442161e-05
6.092964011740927948e-05
6.077396856890014855e-05
6.061961695496686110e-05
6.046666726333755395e-05
6.031520065876057064e-05
6.016529750363186171e-05
6.001703737970045475e-05
5.987049911083522276e-05
5.972576078683383515e-05
5.958289978825933577e-05
5.944199281228706880e-05
5.928211885110378290e-05
5.913229677406877570e-05
5.898323591327857117e-05
5.882956039899840081e-05
5.867656281755681324e-05
5.855047512325299694e-05
5.842637207722590158e-05
5.830433344988223120e-05
5.818443845796815851e-05
5.807896742305439393e-05
5.794923661817119338e-05
5.790896923840037667e-05
5.786459896486672558e-05
5.785850668817505354e-05
5.785061528440369133e-05
5.784107519802146559e-05
5.783003692640722440e-05
5.780745390585177214e-05
5.778244239835335328e-05
5.775699011602747649e-05
5.773124103036592037e-05
5.770533886471148900e-05
5.767942708864917662e-05
5.765907288053941749e-05
5.763761789074153298e-05
5.761693004905309011e-05
5.759715337692231893e-05
5.757843173722966985e-05
5.754473035858729879e-05
5.751320146559404104e-05
5.748397787217423795e-05
5.745719238298453848e-05
5.743297784901065493e-05
5.741146722629936715e-05
5.739279363784652402e-05
5.734819543163618624e-05
5.730279522686956476e-05
5.726183886123333786e-05
5.719578667855476742e-05
5.713594079120783040e-05
5.708238508884620044e-05
5.703520513198680094e-05
5.699448825690064604e-05
5.696032368296403454e-05
5.686172350641574503e-05
5.676652420786878182e-05
5.667477753822938534e-05
5.652611607716312046e-05
5.637830411346986807e-05
5.628333410693794008e-05
5.628856252125520338e-05
5.629907387677373487e-05
5.631498398433691232e-05
5.629844444696650277e-05
5.618972862418170099e-05
5.608395002485768306e-05
5.598113788477232364e-05
5.588132157402946520e-05
5.578453061706853991e-05
5.569079471291487769e-05
5.556173150021537319e-05
5.543786577211879622e-05
5.531918917391750789e-05
5.520569458726161947e-05
5.509737613910115300e-05
5.499422921113648286e-05
5.488087859113977902e-05
5.477352505322053870e-05
5.465876365960004453e-05
5.455069136562360269e-05
5.444927961690581485e-05
5.435450222211953166e-05
5.426633534365877138e-05
5.418475748966828216e-05
5.410974950743673928e-05
5.402108774820448499e-05
5.394003718392529300e-05
5.386656385299137920e-05
5.380063699173205964e-05
5.374222901290069248e-05
5.368890403497361550e-05
5.360039837251406235e-05
5.347965284649744384e-05
5.336251128498096846e-05
5.324891141762382919e-05
5.313879202252637873e-05
5.303209289323976153e-05
5.292875480660777266e-05
5.288493428440964740e-05
5.284696805631050961e-05
5.281483128424064796e-05
5.278850109439535800e-05
5.276795655784619537e-05
5.275317867228187282e-05
5.268808449363023992e-05
5.262604735518139522e-05
5.256701740195602907e-05
5.251094547560715886e-05
5.245778308935308338e-05
5.240890502108897837e-05
5.236276711412761594e-05
5.231932387621060504e-05
5.227853036265449300e-05
5.229593225963643811e-05
5.231860669368707206e-05
5.234654909054879619e-05
5.240588716020416288e-05
5.246921870786417188e-05
5.253655987319215268e-05
5.260792772486337486e-05
5.268334026770121254e-05
5.276281645018164628e-05
5.284637617230904992e-05
5.293404029386593914e-05
5.302583064304513844e-05
5.312177002546574888e-05
5.322188223357935413e-05
5.332619205647442005e-05
5.343472529008041246e-05
5.351724953359492104e-05
5.360069602670868933e-05
5.368505629137803112e-05
5.377032181792964729e-05
5.385648406325427041e-05
5.394353444901506809e-05
5.403146435986951079e-05
5.412026514170773298e-05
5.420992809990341014e-05
5.430044449758039731e-05
5.441344337331995349e-05
5.452626494706632696e-05
5.463890554133638824e-05
5.475136146528464297e-05
5.492370237635625017e-05
5.506711094342720149e-05
5.517631854629899321e-05
5.528253856520994275e-05
5.538575419346205582e-05
5.548594912339983653e-05
5.558310755070088196e-05
5.563282826808155403e-05
5.567719565286888153e-05
5.571617664156441928e-05
5.574973967537856197e-05
5.577519633960973880e-05
5.579511137201569195e-05
5.580945731335414399e-05
5.581820834744744198e-05
5.582134032485851753e-05
5.581883078583107328e-05
5.579577844170522391e-05
5.576632715460090302e-05
5.573045841917499904e-05
5.568815601511972735e-05
5.563940603301778916e-05
5.558419689891554275e-05
5.552251939758149816e-05
5.545436669441601704e-05
5.539450408460420261e-05
5.536665715249508405e-05
5.534649602180177270e-05
5.533400642208998089e-05
5.532917728353137964e-05
5.533200072511953392e-05
5.534247204510475942e-05
5.536058971363853589e-05
5.538635536761473760e-05
5.541977380769828930e-05
5.546085299753602280e-05
5.550960406514315475e-05
5.556604130646476881e-05
5.574851231417863115e-05
5.593326370909725107e-05
5.612036871256645811e-05
5.630990155343438414e-05
5.651980118122102185e-05
5.673150343804138655e-05
5.694508717035398133e-05
5.716063235394892286e-05
5.737822011759972370e-05
5.759793276783588891e-05
5.781985381486318132e-05
5.804406799966106614e-05
5.827066132228414167e-05
5.849972107139991969e-05
5.873133585509180202e-05
5.896559563296059240e-05
5.920259174955761882e-05
5.944241696918315087e-05
5.962084488618234641e-05
5.978656788691302451e-05
6.000985777829750961e-05
6.021202240378387789e-05
6.040894015802887666e-05
6.055453228865839151e-05
6.069696063601622579e-05
6.083623293351406207e-05
6.097235769832101416e-05
6.103802121922449156e-05
6.110374612504099754e-05
6.116953014492926830e-05
6.123537099807117780e-05
6.129159871901615757e-05
6.134738504872897923e-05
6.140272168176720872e-05
6.145760029709500976e-05
6.151201255865384077e-05
6.156595011594454946e-05
6.161940460461883223e-05
6.167236764708194214e-05
6.171119447025772006e-05
6.174882425486658249e-05
6.168550252184096922e-05
6.161611931768646937e-05
6.154063363211803063e-05
6.145900655938023175e-05
6.137120134815476197e-05
6.127718345068911801e-05
6.118826859221719063e-05
6.109554538253012261e-05
6.099712580037914590e-05
6.089298327377922393e-05
6.078309320512119667e-05
6.066743300817832487e-05
6.054598214427950288e-05
6.042423288066841973e-05
6.029653606340578927e-05
6.016287929590911915e-05
6.002325239248105815e-05
5.990751416995691717e-05
5.978590893136506013e-05
5.964632336413672105e-05
5.950154085387300481e-05
5.935155886090644689e-05
5.919637662271373592e-05
5.903599517178994524e-05
5.890160820187519244e-05
5.876339078391054751e-05
5.862134485447264870e-05
5.850734763662638184e-05
5.839094266743586551e-05
5.827213421420467836e-05
5.811466530387674124e-05
5.795680515773228076e-05
5.779853007685368561e-05
5.763981668441689259e-05
5.748064192749372366e-05
5.732098307893999689e-05
5.716081773937040756e-05
5.700012383921504276e-05
5.680943994945312727e-05
5.661692937073462109e-05
5.641720470054997988e-05
5.621592266983703446e-05
5.605277913482540106e-05
5.588971242441245904e-05
5.572669891119515510e-05
5.556371526086834549e-05
5.540073843198194820e-05
5.523774567579393192e-05
5.507471453621604502e-05
5.495154092677210041e-05
5.482765705936918906e-05
5.470554971508914850e-05
5.458520102892616482e-05
5.446659336721883411e-05
5.434970932383482799e-05
5.425050478281177250e-05
5.415370927068914554e-05
5.407323374315338855e-05
5.399578189167147886e-05
5.387339019141357358e-05
5.369710163252900976e-05
5.352966519059101328e-05
5.337095459567870717e-05
5.322084841404091431e-05
5.310010677752271966e-05
5.298866544883998114e-05
5.288643049808086302e-05
5.279331309166386972e-05
5.270922938440701031e-05
5.263410041660729170e-05
5.256785201596799134e-05
5.251041470421266495e-05
5.246172360824252377e-05
5.242171837568911313e-05
5.239034309472898992e-05
5.236754621802971159e-05
5.235328049070350407e-05
5.234750288215090475e-05
5.235017452168019375e-05
5.236126063779747289e-05
5.238073050106389867e-05
5.240855737042342597e-05
5.244471844290797709e-05
5.248919480663203279e-05
5.254197139699374439e-05
5.260303695600230221e-05
5.267238399465616090e-05
5.275000875830031341e-05
5.283440312460284784e-05
5.292699938790006690e-05
5.304903680991263461e-05
5.331564661744692417e-05
5.347682951453562074e-05
5.364394933653047646e-05
5.380350983671245259e-05
5.394139502419785894e-05
5.408438476265380491e-05
5.423248609373030910e-05
5.438570716302190163e-05
5.454405720795083809e-05
5.470754654604067385e-05
5.487618656356317646e-05
5.504998970454844592e-05
5.522896946013978401e-05
5.541314035828243703e-05
5.560251795373330290e-05
5.579711881837642407e-05
5.601105116854233369e-05
5.621018658342179388e-05
5.641289154514645288e-05
5.661916423291531376e-05
5.682900297272877382e-05
5.702805579842355662e-05
5.723129330064699534e-05
5.743871207136353780e-05
5.765030898244544942e-05
5.786608116703858298e-05
5.808602600096015282e-05
5.828575960693598116e-05
5.848828128932269897e-05
5.869355935794315826e-05
5.890156171646717417e-05
5.904427310980610473e-05
5.918589183863426389e-05
5.936006889688673176e-05
5.963534041969432639e-05
5.990674303470954452e-05
6.017418956171552381e-05
6.043759314767312640e-05
6.069686730742012662e-05
6.095192596472009461e-05
6.120268349363643210e-05
6.144905476021193639e-05
6.169174052445282309e-05
6.192991610923527491e-05
6.216349875203554243e-05
6.239240633540901336e-05
6.261655742906670295e-05
6.283587133210679883e-05
6.305026811537542929e-05
6.325966866392996983e-05
6.346399471957812205e-05
6.366316892346469730e-05
6.385866035686612382e-05
6.404877897926991722e-05
6.423345010581639470e-05
6.441260016317322036e-05
6.458615673227214768e-05
6.489731694656712137e-05
6.521100027346512530e-05
6.552727510718641909e-05
6.584621097142402549e-05
6.615975771822421201e-05
6.647644138360934117e-05
6.679633575063652383e-05
6.711951581927789448e-05
6.744605783260801033e-05
6.777603930376917914e-05
6.810267204391652152e-05
6.843318433770419955e-05
6.861417697274581524e-05
6.879051168350444276e-05
6.896211659684255428e-05
6.912892047197332051e-05
6.919046150221185953e-05
6.924953142837960123e-05
6.930603972083270565e-05
6.935989585341693236e-05
6.937181846512610118e-05
6.938285458296165431e-05
6.939289968525686587e-05
6.940184922928020858e-05
6.940959866694823511e-05
6.941604346211402194e-05
6.942107910943131135e-05
6.942460115479062472e-05
6.941889253194546462e-05
6.941184683752874723e-05
6.940335650141226612e-05
6.936917920798282367e-05
6.925834362083144841e-05
6.915949452526425089e-05
6.905497479562774173e-05
6.899982722189384337e-05
6.894133363193090933e-05
6.887938388081572816e-05
6.881386876033482325e-05
6.882440527385744590e-05
6.882101709913373807e-05
6.881830658276350714e-05
6.879066137856429809e-05
6.876481838027861829e-05
6.874067555396593985e-05
6.871813114308627395e-05
6.855977696844424581e-05
6.841008350057028596e-05
6.821778284536724011e-05
6.803650702670370031e-05
6.776096778015260839e-05
6.750184000490034393e-05
6.723958975941199910e-05
6.699401320953836489e-05
6.675248738250576014e-05
6.652748917296292792e-05
6.609904914782382328e-05
6.569932225823662511e-05
6.530591327348239151e-05
6.467899633207072649e-05
6.407638053337121292e-05
6.320789519241872098e-05
6.228285704987322063e-05
6.142871069045988705e-05
6.064220679363603426e-05
5.992035342034655908e-05
5.925657802195191350e-05
5.865206066711220999e-05
5.810446813805459823e-05
5.761165864955135026e-05
5.715946441738452635e-05
5.675786792963182984e-05
5.641724501952822494e-05
5.612448866699666514e-05
5.587823829383874522e-05
5.567726181243922351e-05
5.552044804950247826e-05
5.540679982053289479e-05
5.533542760024865733e-05
5.530554373913311174e-05
5.531645718083267807e-05
5.536756863914137593e-05
5.545836619693330808e-05
5.562488350928315061e-05
5.583234878097583133e-05
5.608060705140533066e-05
5.636958423063519213e-05
5.669928467941877165e-05
5.706978906570960773e-05
5.748125247667519420e-05
5.793390276665362346e-05
5.842803912273848623e-05
5.949632703548985590e-05
6.071350622562717865e-05
6.196042526666865088e-05
6.325600588675773454e-05
6.458210622030268095e-05
6.594382996087907772e-05
6.733693827614144114e-05
6.876187258667083488e-05
7.021906819185164703e-05
7.170895339641231256e-05
7.323194859015137877e-05
7.506358070288559454e-05
7.697815079451726119e-05
7.892523475090936565e-05
8.090463436578219046e-05
8.291611277380826696e-05
8.495939334785537007e-05
8.703415862587562566e-05
8.914004927742800771e-05
9.127666312267220916e-05
9.353080093196855505e-05
9.593458591580887867e-05
9.851537736337119750e-05
1.011459372921252018e-04
1.038264709084969756e-04
1.065571542716244903e-04
1.093381338478214735e-04
1.124572639193629510e-04
1.158744411015758473e-04
1.194333756300681673e-04
1.231305595421471218e-04
1.268331408554100690e-04
1.305363388070374369e-04
1.342848779895939009e-04
1.380768704422725111e-04
1.419103730401342391e-04
1.457834001207116792e-04
1.496882488740372986e-04
1.536285883300678504e-04
1.576024252847752372e-04
1.616078046603514789e-04
1.656428391502415330e-04
1.697057436687184322e-04
1.737948751008933437e-04
1.779087778389689398e-04
1.820462355669709843e-04
1.862063297206432435e-04
1.903885050054282568e-04
1.945926423096700473e-04
1.988191393108595961e-04
2.030689990495503777e-04
2.072585127531336672e-04
2.109085301351658489e-04
2.149745480480143246e-04
2.190561156281864397e-04
2.232156888680687584e-04
2.274071290800924532e-04
2.316385513831815924e-04
2.359197332815752602e-04
2.402622861846905945e-04
2.446798295657685971e-04
2.491881599010092765e-04
2.538054016762772143e-04
2.586798278040237280e-04
2.637033900150815430e-04
2.689012806902803645e-04
2.743009395767785218e-04
2.793112943357627630e-04
2.851608265027600177e-04
2.912982986682858513e-04
2.977529466520667176e-04
3.045509233344345754e-04
3.117130907810705697e-04
3.193233703930792636e-04
3.273183282217224780e-04
3.356884093239171567e-04
3.444522831095246759e-04
3.535280061426790106e-04
3.628626602816866767e-04
3.723882040653691216e-04
3.820192075129038765e-04
3.916470994021342689e-04
4.011302696537442968e-04
4.102816607951737036e-04
4.188585495841823424e-04
4.265616031099997104e-04
4.325474312151444609e-04
4.363752088834938034e-04
4.383427845856181391e-04
4.379460069419672218e-04
4.354233150992009040e-04
4.308516470839099453e-04
4.244434718573922316e-04
4.165061473402458252e-04
4.073892040227405681e-04
3.974350416469691499e-04
3.869445912725637477e-04
3.761620853458490211e-04
3.655521908217153619e-04
3.549629298123776534e-04
3.445043035417132290e-04
3.342631108355127050e-04
3.243086973921242865e-04
3.146952177519030244e-04
3.054557387806695022e-04
2.966210826833882443e-04
2.882019239159463813e-04
2.801216870765501515e-04
2.722201312223120886e-04
2.647293464927128913e-04
2.576175822710619566e-04
2.508556670475503569e-04
2.444130491918477719e-04
2.382873503562710985e-04
2.324213794543082961e-04
2.267873299325285318e-04
2.213595372930972133e-04
2.161146825632974389e-04
2.110318467592222345e-04
2.061132408274294334e-04
2.015084010309907056e-04
1.970002674054875007e-04
1.925770670783149717e-04
1.882287947582752510e-04
1.839470426658554737e-04
1.799297812363836947e-04
1.759678424379661384e-04
1.720561315940107201e-04
1.681905660175778605e-04
1.644633918543925220e-04
1.607772814956913898e-04
1.571302554321755550e-04
1.535209189073491725e-04
1.499483762228707908e-04
1.464121530229890624e-04
1.429121262729141930e-04
1.394484616229131233e-04
1.360370296961293027e-04
1.326801510752176675e-04
1.296655377610093332e-04
1.266586226268143699e-04
1.236616884042444507e-04
1.206770613537573984e-04
1.176067099514782469e-04
1.145632928361857818e-04
1.113795548287764201e-04
1.082438264575046055e-04
1.051569366061702463e-04
1.021196677866836324e-04
9.915378493301066961e-05
9.618970536778944280e-05
9.331848146859501728e-05
9.050365879094003749e-05
8.774529231708477100e-05
8.504338856826169218e-05
8.257067585501651436e-05
8.015211588613400972e-05
7.778155089883847574e-05
7.547065478152779297e-05
7.333725813208755628e-05
7.126013047814997781e-05
6.925864263402537358e-05
6.731074284872425593e-05
6.542771294073996830e-05
6.359568081473351787e-05
6.202887120452775928e-05
6.050965221841278149e-05
5.905704923687782006e-05
5.789430168890014446e-05
5.679498756299107217e-05
5.602631349399067682e-05
5.541776150993075106e-05
5.485823825015342036e-05
5.434687728444855464e-05
5.388292007779700831e-05
5.346571532017343938e-05
5.311160236960811912e-05
5.280221259035955536e-05
5.253727976106061269e-05
5.231664113525724187e-05
5.214023886985849626e-05
5.200812186144453364e-05
5.192044801560954644e-05
5.187748697711681237e-05
5.187962335154483630e-05
5.192736045234420744e-05
5.202132461084576029e-05
5.216227009080218088e-05
5.235946309718136178e-05
5.260520524333128431e-05
5.290308366459833231e-05
5.327425515828102453e-05
5.369715690419944254e-05
5.417352573796874171e-05
5.470527713916219041e-05
5.529451725955315887e-05
5.594355617685554336e-05
5.665492249158755016e-05
5.743137939784633000e-05
5.827594237349606482e-05
5.919189865175814719e-05
5.961673989156850438e-05
5.996930378847099694e-05
6.038114420514700641e-05
6.077383700722826609e-05
6.119669103931809555e-05
6.164601878684402767e-05
6.212703015198856851e-05
6.264070602186158957e-05
6.318808778811933595e-05
6.377028070423858828e-05
6.438845747414231587e-05
6.479610799096805016e-05
6.518094599262814061e-05
6.561781162943498467e-05
6.607377362736258618e-05
6.654937178286408678e-05
6.704516826176462141e-05
6.756174864556971685e-05
6.809972303174325508e-05
6.855678794978083395e-05
6.904018456016398897e-05
6.955056425972916108e-05
6.999283081550404365e-05
7.045735041805548679e-05
7.094462264616238916e-05
7.145517138519646646e-05
7.198954576314151217e-05
7.235234320340658623e-05
7.256404608101176012e-05
7.272116520961943308e-05
7.282390212515415064e-05
7.295095790403298831e-05
7.310436318728312803e-05
7.325768061884414177e-05
7.347855252675926656e-05
7.369603058312265730e-05
7.391000828261823222e-05
7.412336558634598108e-05
7.433317211057756120e-05
7.453932262330624319e-05
7.474171162417279164e-05
7.494023338932853130e-05
7.513478201751967213e-05
7.532525147738444997e-05
7.551153565594614231e-05
7.569352840828557391e-05
7.587112360838064421e-05
7.604421520108985057e-05
7.621269725526513014e-05
7.637646401797069625e-05
7.664419199039558008e-05
7.690207030801158618e-05
7.714935605990858372e-05
7.738657501522943586e-05
7.761361056688297218e-05
7.783097411604247319e-05
7.803790418922411582e-05
7.823429561944063944e-05
7.842004730987320717e-05
7.859506231681058172e-05
7.875924793007765487e-05
7.891251575086321993e-05
7.905478176685802833e-05
7.915180548969920696e-05
7.923494880923019265e-05
7.930413242102867628e-05
7.934899588032960410e-05
7.958430287077234171e-05
7.961200020242482423e-05
7.962607092131789033e-05
7.962646709300152449e-05
7.961314781473198315e-05
7.958607928563696829e-05
7.954523487094883273e-05
7.949059516018496939e-05
7.942214801916246472e-05
7.932702023175792745e-05
7.921748610879255270e-05
7.909355904582903503e-05
7.895526055933226733e-05
7.880262030893463859e-05
7.863567611200701993e-05
7.845447395046477594e-05
7.826921509434364135e-05
7.806925048293608357e-05
7.785465439767639119e-05
7.762550977422892249e-05
7.756820066994668322e-05
7.750271801893959746e-05
7.751482947583459313e-05
7.752302877234021946e-05
7.752740606051666415e-05
7.752805208782947240e-05
7.752505815277396513e-05
7.751851606143901000e-05
7.750851808503200541e-05
7.749515691838456592e-05
7.749212308772056757e-05
7.742150902892928064e-05
7.734189442284174329e-05
7.725337497624222300e-05
7.715604917718335337e-05
7.705001819955947003e-05
7.693538580711759803e-05
7.679047858277227706e-05
7.659635181838626925e-05
7.639743021162072963e-05
7.621883255178830085e-05
7.605267601323204257e-05
7.588985764569514928e-05
7.573041024140884524e-05
7.557436659035227707e-05
7.542175949966466576e-05
7.527262181324646220e-05
7.512698643155916924e-05
7.498488633162362694e-05
7.484635458722672214e-05
7.471142438933793181e-05
7.458012906674602721e-05
7.445250210691841894e-05
7.425289922121889599e-05
7.405365594037016642e-05
7.385478729818477687e-05
7.365630816411513064e-05
7.345823324403717616e-05
7.326057708106683826e-05
7.306335405640295832e-05
7.286657839019986015e-05
7.267026414246860661e-05
7.244233354126373612e-05
7.221669455170766588e-05
7.199332868871757384e-05
7.177221768722953307e-05
7.155334349964288462e-05
7.133668829329995538e-05
7.112223444800049748e-05
7.094137735448940931e-05
7.076093188990545911e-05
7.057116373481838660e-05
7.024363832771796557e-05
6.990658654923735324e-05
6.956010504044748207e-05
6.925427837152907276e-05
6.899863855279660953e-05
6.873343062949775295e-05
6.856891126100394987e-05
6.839971659410258576e-05
6.822593672587643626e-05
6.804766213238962853e-05
6.786498362001509518e-05
6.771444048499837987e-05
6.756127254857664279e-05
6.740556954627581932e-05
6.724742085032286792e-05
6.708691543980996287e-05
6.692414187194103254e-05
6.675918825435675356e-05
6.665233572233779955e-05
6.654617379312956899e-05
6.644079809297273890e-05
6.634197602250455116e-05
6.624382635815308446e-05
6.614644736708409211e-05
6.607738594147423850e-05
6.600783685157381663e-05
6.593791619523204273e-05
6.586773959277393065e-05
6.577616244252788239e-05
6.570691400783800005e-05
6.563774050848803334e-05
6.556875562704144009e-05
6.550007256842951635e-05
6.543180406419530249e-05
6.536406237868372707e-05
6.529695931716604875e-05
6.520952959200767695e-05
6.510229847102959040e-05
6.499613256121761717e-05
6.482007721679763229e-05
6.464914150378125090e-05
6.448334243776897659e-05
6.432269767822165773e-05
6.416722555829369268e-05
6.401694511498992341e-05
6.387187611967119511e-05
6.373203910892656578e-05
6.359745541583986732e-05
6.346814720166949668e-05
6.333348106703226370e-05
6.320365780742121604e-05
6.307569951648301569e-05
6.292480011075072101e-05
6.277330225475838920e-05
6.262557353148443461e-05
6.239827864986145301e-05
6.217944272756110275e-05
6.196897165920991991e-05
6.176677484804053882e-05
6.157276514099881744e-05
6.138685876632482758e-05
6.120897527354874268e-05
6.103903747583768261e-05
6.086760768293194071e-05
6.067222961343001966e-05
6.051406066643576622e-05
6.036313085256382865e-05
6.021937306042959468e-05
6.008272287782798210e-05
5.995311854565568666e-05
5.983050091358889567e-05
5.971481339747407481e-05
5.960600193838937503e-05
5.950401496333617806e-05
5.940880334752183736e-05
5.928969418116278279e-05
5.917587153471984230e-05
5.906727645888796348e-05
5.896385161006204191e-05
5.886554121248942912e-05
5.877229102143162264e-05
5.877666959886007056e-05
5.879043222401343437e-05
5.881360102591947064e-05
5.885010648630477353e-05
5.889588454502634086e-05
5.900740705029834719e-05
5.912560523698679691e-05
5.925056477795958529e-05
5.938237404531794799e-05
5.952112418725209037e-05
5.969876366181557696e-05
5.988210114766431407e-05
6.007124918054576639e-05
6.026632276261699607e-05
6.046743944792756656e-05
6.061591813676252180e-05
6.076743786200932817e-05
6.092205529084026270e-05
6.107982791827205502e-05
6.124081409062796138e-05
6.140507302959154201e-05
6.157266485687056651e-05
6.174365061948407793e-05
6.191809231569301219e-05
6.209605292158760007e-05
6.227759641835400829e-05
6.246278782023561541e-05
6.265169320320883111e-05
6.284437973439355738e-05
6.304091570222043631e-05
6.326532915076661797e-05
6.341167016366726968e-05
6.355519638559198965e-05
6.369643476314992793e-05
6.383486751111993197e-05
6.397048591541166650e-05
6.410274133976429274e-05
6.423213765157097287e-05
6.435866717856977902e-05
6.448232271586192422e-05
6.458913582390629529e-05
6.461092905592531071e-05
6.463450998201835784e-05
6.465984222547889872e-05
6.467862026939189923e-05
6.465078143277364498e-05
6.462658892597744392e-05
6.461477674686275411e-05
6.460689840480780713e-05
6.460289015337564091e-05
6.460268896461729307e-05
6.460623249182719300e-05
6.461345903310391288e-05
6.462430749569628770e-05
6.463871736111269156e-05
6.465662865097215222e-05
6.467798189358070211e-05
6.470271809121048198e-05
6.473077868806879020e-05
6.476210553893708771e-05
6.479664087846494236e-05
6.483432729110700002e-05
6.487510768168390052e-05
6.491892524655860019e-05
6.495687090351626126e-05
6.499729434618178837e-05
6.504013316007038682e-05
6.508532502832062804e-05
6.511367017060156078e-05
6.514328191608828903e-05
6.517408557952508448e-05
6.520600639936397478e-05
6.530025217582194677e-05
6.539248573173880700e-05
6.548265259801945473e-05
6.557069824719262017e-05
6.568464227320479809e-05
6.579501891093373484e-05
6.588962367593292522e-05
6.596026506317232395e-05
6.599732108992114297e-05
6.603033510125319984e-05
6.604745165347552409e-05
6.606098064220463446e-05
6.607085250775110159e-05
6.609669672926729621e-05
6.615783795303987948e-05
6.621801316415972601e-05
6.627718005213649227e-05
6.639168495054526540e-05
6.650801172806226815e-05
6.662615682769051841e-05
6.674611675272275216e-05
6.686788806447399082e-05
6.699146738002313456e-05
6.711685136996336479e-05
6.724403675616181652e-05
6.737302030952590506e-05
6.750379884777923435e-05
6.763636923324256036e-05
6.777072837062298090e-05
6.790687320480841087e-05
6.804480071866955216e-05
6.818450793086503468e-05
6.832470471253540198e-05
6.843610184533806446e-05
6.855076367385489259e-05
6.866867692145037162e-05
6.878982857604769329e-05
6.891420588002063045e-05
6.907394472343955422e-05
6.923860127813038416e-05
6.940819514847258720e-05
6.958274685772217736e-05
6.976227784973409291e-05
6.994681049094896973e-05
7.013636807264074665e-05
7.029824119426961811e-05
7.046340997788216149e-05
7.063186598125647966e-05
7.076244855380022056e-05
7.089410199264679338e-05
7.102678135806624157e-05
7.110645861012584762e-05
7.118425951878232000e-05
7.126010143028159200e-05
7.133390152337601442e-05
7.140557683169303205e-05
7.147504426703688387e-05
7.154222064362240538e-05
7.160702270323850724e-05
7.166936714134009684e-05
7.172917063406356400e-05
7.178634986616240184e-05
7.184082155985652563e-05
7.191729042489869862e-05
7.209011372507998113e-05
7.225401772712334767e-05
7.240892612530334743e-05
7.255476585076618354e-05
7.269146712655308177e-05
7.281241908834343540e-05
7.292376118151245343e-05
7.302543181526565958e-05
7.298362044100906436e-05
7.291717734389806423e-05
7.284535662667492571e-05
7.276808130998801765e-05
7.270997002535172123e-05
7.262274026224228938e-05
7.252984171004104512e-05
7.243120383687339035e-05
7.232675796259005658e-05
7.221643732286582855e-05
7.210017713328848289e-05
7.197791465336717063e-05
7.187399936457580178e-05
7.176507457385287243e-05
7.165108371193952964e-05
7.161437920736480483e-05
7.157634832715431832e-05
7.153695330097411761e-05
7.149615652284546045e-05
7.145392055863501193e-05
7.141020815373164642e-05
7.136498224091013883e-05
7.131820594837643258e-05
7.126984260799403719e-05
7.121985576368687967e-05
7.116820918001621110e-05
7.111486685092956248e-05
7.105979300867689818e-05
7.100295213289141893e-05
7.094921496292986326e-05
7.089387278486074153e-05
7.101750575728117622e-05
7.116279473720975139e-05
7.130635647465926436e-05
7.142577121692563630e-05
7.154461916373959821e-05
7.166294939228897971e-05
7.178081133804796834e-05
7.184493711082844212e-05
7.191125469803143363e-05
7.197979576403386033e-05
7.205059227572485961e-05
7.209299540872803264e-05
7.213921795052173386e-05
7.218391528530673058e-05
7.213954352747240070e-05
7.210399054891082334e-05
7.207720356167513322e-05
7.205913304425349338e-05
7.204973268741651695e-05
7.204895934228701892e-05
7.204908374702655345e-05
7.205814384521890567e-05
7.207609933318984564e-05
7.210291316931058945e-05
7.213855152427211344e-05
7.218298373353059677e-05
7.223618225186437486e-05
7.229812260997827312e-05
7.236878337309796659e-05
7.244309453588957130e-05
7.252583235095118503e-05
7.254398144993397777e-05
7.256681996113234067e-05
7.259427061196144497e-05
7.262625689611809914e-05
7.266270302372550088e-05
7.266275739483859500e-05
7.266509582917206789e-05
7.266961707196271925e-05
7.267622004604317473e-05
7.268480382212080088e-05
7.269526759048711639e-05
7.270751063414851109e-05
7.272143230337384104e-05
7.274469468401905628e-05
7.286549384089939508e-05
7.298259890118445072e-05
7.309594244399176123e-05
7.320545732039864678e-05
7.331107668374795081e-05
7.343540598248687694e-05
7.364229908614213459e-05
7.383995498210874108e-05
7.404384010375924586e-05
7.423764181355835528e-05
7.442129278268279368e-05
7.456503734521695433e-05
7.469577004036211121e-05
7.481295455590563379e-05
7.490067547610140819e-05
7.497549381370392351e-05
7.503736289440454243e-05
7.508624272521323905e-05
7.508559222280286507e-05
7.507373131571018314e-05
7.505063898214400613e-05
7.503334374403934789e-05
7.506438386097878158e-05
7.508267639100186673e-05
7.509807141834662413e-05
7.511057166281230667e-05
7.517866285976171294e-05
7.524679221730096027e-05
7.531499255209604573e-05
7.538329679980622833e-05
7.545173801546390638e-05
7.552034937400187858e-05
7.555577141858206612e-05
7.559307099782032707e-05
7.550977913348439906e-05
7.543464261061062141e-05
7.536759119868932677e-05
7.530855744093288215e-05
7.525747659370224873e-05
7.521428656782167964e-05
7.517892787171573128e-05
7.515134355631359188e-05
7.513147916165545848e-05
7.511928266514673847e-05
7.511470443140602843e-05
7.511769716365135894e-05
7.512821585657378860e-05
7.514621775064924650e-05
7.517166228783950862e-05
7.520451106863551148e-05
7.524472781039871327e-05
7.529227830695468132e-05
7.534713038939946819e-05
7.533486973716730338e-05
7.532614469709275791e-05
7.532087211027987050e-05
7.531896932305746169e-05
7.528651703847432839e-05
7.525562402925811440e-05
7.522619023283363710e-05
7.519811582899520641e-05
7.520508657555200740e-05
7.521486657686030715e-05
7.526133897248327132e-05
7.531017755125919949e-05
7.542275782980311261e-05
7.553461179849740056e-05
7.564570171198058016e-05
7.575598964683303844e-05
7.586543750533152996e-05
7.597400701938919454e-05
7.608165975468550023e-05
7.618835711498573183e-05
7.629406034665209865e-05
7.639873054334535014e-05
7.650232865092017906e-05
7.660481547251431743e-05
7.670615167383063396e-05
7.680629778861575673e-05
7.690521422433432657e-05
7.696823542921254167e-05
7.703162615042702800e-05
7.714649941676755363e-05
7.725916933898516290e-05
7.736959936558047979e-05
7.747928717289018501e-05
7.762324553203984816e-05
7.776684439118955190e-05
7.791007262614757273e-05
7.805291905627497644e-05
7.821229734701153123e-05
7.837047985821132281e-05
7.847901318535621391e-05
7.858862157337922030e-05
7.869928487645780465e-05
7.879027851801370197e-05
7.888327947572669680e-05
7.897825976005366506e-05
7.907519136421613758e-05
7.917404625634392719e-05
7.927479637172939869e-05
7.937741360519421122e-05
7.948186980356362701e-05
7.958813675825178826e-05
7.969618619795510253e-05
7.980598978145406186e-05
7.991751909052367191e-05
8.003074562295108148e-05
8.014564078566098189e-05
8.026217588794861324e-05
8.038032213482196352e-05
8.052120434860656883e-05
8.066263870418502143e-05
8.080460236501028264e-05
8.094707232889227465e-05
8.109002542644213175e-05
8.120400948988013121e-05
8.119781461047368267e-05
8.118448896198181210e-05
8.116393941766883999e-05
8.113607485997594221e-05
8.110080626459455037e-05
8.105804678464090826e-05
8.106370237218452188e-05
8.105883011134624777e-05
8.116221480186633689e-05
8.131813795163569318e-05
8.146873253594376894e-05
8.161398571845314312e-05
8.171794879903567996e-05
8.185424384125799591e-05
8.198515587630872262e-05
8.211067633083818829e-05
8.223079780653850157e-05
8.234551407686927459e-05
8.245482008336581963e-05
8.255871193153247595e-05
8.265718688632804612e-05
8.275024336724694696e-05
8.283788094300146892e-05
8.292010032581271985e-05
8.299690336531210968e-05
8.306829304206275462e-05
8.307350841382514137e-05
8.307634348716608046e-05
8.307678536609168810e-05
8.307482136044447285e-05
8.307043898956296512e-05
8.306362598593085712e-05
8.301723050284366787e-05
8.297028182021672657e-05
8.292274945223444685e-05
8.287460299705486902e-05
8.282581213904139533e-05
8.277634665110752629e-05
8.272617639716760480e-05
8.257596522185638177e-05
8.239312996123027643e-05
8.220365286313972841e-05
8.203460896626612025e-05
8.186003905978760944e-05
8.167990153229915979e-05
8.149415658574232714e-05
8.136618552567356593e-05
8.123537989628001952e-05
8.110170672368025014e-05
8.096513364502257431e-05
8.085159547487287730e-05
8.073729506080509018e-05
8.062849614127846638e-05
8.062849112060100265e-05
8.063313620774753988e-05
8.064245332436885199e-05
8.065646521162220359e-05
8.068536127719865892e-05
8.071849363536609913e-05
8.076495240376899696e-05
8.081616596192308483e-05
8.086198467172708729e-05
8.089160590911309329e-05
8.092766241734166148e-05
8.097017744319424482e-05
8.101917580829929276e-05
8.107468392489888191e-05
8.113672981230583435e-05
8.120534311406297882e-05
8.128055511581799895e-05
8.136239876392683818e-05
8.145090868480161280e-05
8.154612120501430876e-05
8.164807437217618446e-05
8.175680797660304401e-05
8.187236357378647913e-05
8.199478450768684160e-05
8.212411593486449357e-05
8.226040484946723892e-05
8.240370010909439972e-05
8.255405246155342151e-05
8.271151457253258881e-05
8.274094156254759903e-05
8.277479063292735007e-05
8.270662761625858269e-05
8.264598943021900918e-05
8.259274609397701669e-05
8.254676992498104823e-05
8.250793543194047278e-05
8.244935602016652298e-05
8.229328793333615653e-05
8.213790024655237001e-05
8.206866864310883170e-05
8.199340505129109116e-05
8.191199509423728489e-05
8.182432627877786176e-05
8.171211230057448570e-05
8.159257966713930857e-05
8.148374280202684301e-05
8.136820838926439234e-05
8.124587532436854218e-05
8.111664496772930338e-05
8.102180615161369386e-05
8.092178184393538471e-05
8.081648214203027310e-05
8.070581873047464575e-05
8.063738235687126969e-05
8.057620486107356229e-05
8.051213461505534027e-05
8.044509778579083726e-05
8.037502113155966610e-05
8.030183203067957234e-05
8.022545851082624256e-05
8.026821909396847008e-05
8.030139794104762952e-05
8.032496467663967528e-05
8.037621235043103959e-05
8.045919261052500589e-05
8.066971500550952124e-05
8.087766609837788968e-05
8.108310966534689498e-05
8.128611059096732658e-05
8.148673484546512988e-05
8.168504946252557527e-05
8.188112251754412179e-05
8.207502310636636460e-05
8.226682132453837042e-05
8.245658824709019665e-05
8.264439590887270588e-05
8.286031509740602880e-05
8.307304693595754400e-05
8.328266813695044905e-05
8.348925681170621849e-05
8.369289243736314251e-05
8.389365582440638282e-05
8.409162908484527001e-05
8.428689560107122255e-05
8.447953999543065628e-05
8.466964810054408263e-05
8.478489637843620555e-05
8.490118967836957444e-05
8.502837582136136294e-05
8.515628804950418028e-05
8.528500372635647059e-05
8.541460068679029925e-05
8.554515724449937163e-05
8.567675220022543065e-05
8.578567576904496284e-05
8.589456172521827532e-05
8.592984348463377962e-05
8.596148180098501233e-05
8.598950083231154235e-05
8.593492993174340667e-05
8.588080900844368933e-05
8.582712536829234322e-05
8.577386635368165898e-05
8.572101934290238972e-05
8.566857174954657249e-05
8.561651102193001441e-05
8.556482464253304765e-05
8.551350012745905177e-05
8.546252502591250523e-05
8.541188691969432993e-05
8.536157342271539616e-05
8.535191131754425807e-05
8.534449889497036732e-05
8.527985666192902409e-05
8.521461111693259924e-05
8.514874269138281832e-05
8.508223189504041128e-05
8.509320916231545833e-05
8.516885050316905345e-05
8.512274457096441602e-05
8.507428502485406621e-05
8.500413415526322076e-05
8.493071200203389823e-05
8.490906955219284526e-05
8.488677808128341779e-05
8.486385160754521500e-05
8.486373657220132067e-05
8.486415650649964707e-05
8.486513624157961751e-05
8.486670062049563056e-05
8.493225991627505937e-05
8.493186774804699195e-05
8.493216737782110896e-05
8.492632276512900209e-05
8.492156641461732580e-05
8.491791950029575569e-05
8.491540323544379714e-05
8.491403887541915357e-05
8.491384772052030475e-05
8.491485111890782181e-05
8.488714764422074482e-05
8.486220020686120941e-05
8.481658662743523627e-05
8.477260642450388216e-05
8.473025193362906601e-05
8.468951559438535760e-05
8.465038994914610474e-05
8.450176662327042222e-05
8.436057745278941432e-05
8.421472756822611576e-05
8.407676139676727590e-05
8.394657383849354025e-05
8.382406238067465713e-05
8.370912701998898999e-05
8.354098024555877203e-05
8.337743793505356202e-05
8.321837859105833950e-05
8.302530608782312290e-05
8.283475815452262840e-05
8.264660590552542693e-05
8.249883682973100719e-05
8.231687398350675752e-05
8.213693856477486419e-05
8.195890642141072466e-05
8.178265451369927158e-05
8.160806088803454548e-05
8.143500465244990234e-05
8.126336595394997528e-05
8.109302595761826138e-05
8.092386682747166986e-05
8.075577170903817915e-05
8.058862471363118917e-05
8.042231090429515763e-05
8.025671628340293705e-05
8.015330303061885735e-05
8.005319379167746244e-05
7.995629633873094341e-05
7.986251922533781663e-05
7.987259513999693257e-05
7.988042008968063970e-05
8.004723810830527712e-05
8.021979510555573504e-05
8.038541089340238888e-05
8.054409954850768173e-05
8.069587740743097042e-05
8.084076303499532787e-05
8.096653513602377467e-05
8.088369466567447530e-05
8.080474791012679599e-05
8.072963375949004298e-05
8.065829183948344621e-05
8.059066248550861625e-05
8.052668671727727554e-05
8.046630621398348938e-05
8.040946329000479788e-05
8.035610087112044463e-05
8.030616247123495194e-05
8.025959216959248734e-05
8.022695853942540529e-05
8.019809421359106437e-05
8.017295073449287309e-05
8.015148022227999052e-05
8.013363535357140364e-05
8.011936934057977712e-05
8.010863591061989674e-05
8.009078195644001583e-05
8.007585207793816340e-05
8.006379518254404715e-05
8.005456052028692648e-05
8.005869934643137663e-05
8.008848181813398427e-05
8.012257365088542302e-05
8.016094677705350364e-05
8.020357375464866811e-05
8.025042775107663734e-05
8.030148252715924983e-05
8.035671242141140236e-05
8.051326791131512819e-05
8.071225850275793201e-05
8.090874961426061662e-05
8.110275828940446356e-05
8.129430215763159553e-05
8.148339942618717234e-05
8.167006887202008891e-05
8.185432983364823354e-05
8.203620220299840283e-05
8.221570641721869150e-05
8.239286345047640812e-05
8.256769480574136758e-05
8.277459078500898468e-05
8.312013318452221176e-05
8.346978563574786029e-05
8.382371390472354543e-05
8.418208647887336657e-05
8.454507464109736422e-05
8.491285254722648953e-05
8.532523881273903436e-05
8.574112955478029269e-05
8.616070637619870564e-05
8.658415416654447632e-05
8.689606859059151561e-05
8.720555813286363228e-05
8.751268500889915734e-05
8.768952228229111225e-05
8.786990347150692635e-05
8.805388045576042870e-05
8.824150581313106923e-05
8.843283283755769004e-05
8.862791555618956840e-05
8.882680874710298499e-05
8.902956795739437623e-05
8.923624952165771422e-05
8.944691058085396142e-05
8.962498679887631711e-05
8.980884854915294495e-05
8.999854348796870133e-05
9.019412051720379858e-05
9.039562980413944104e-05
9.060312280176504012e-05
9.081665226959926001e-05
9.103627229503629141e-05
9.111578878087627897e-05
9.119382976153311653e-05
9.127033434783667402e-05
9.134524153523475222e-05
9.137126844247386002e-05
9.139321136326729908e-05
9.141098747380002945e-05
9.142451445082255617e-05
9.143371050898677272e-05
9.142321059704823190e-05
9.128541590924651387e-05
9.115026010095453421e-05
9.101758230473234567e-05
9.088722273601643816e-05
9.075902265242422376e-05
9.063282431585623772e-05
9.047403227574259978e-05
9.031535090865400043e-05
9.015661569858400386e-05
8.999766328938465197e-05
8.983833148721407790e-05
8.967845926592050488e-05
8.951788677532964377e-05
8.935645535239466878e-05
8.919400753516986238e-05
8.903038707957347856e-05
8.894520961442218372e-05
8.886223178669024135e-05
8.877059693155375298e-05
8.868039757878343774e-05
8.859150071573994062e-05
8.850377390803993696e-05
8.841708528134127837e-05
8.833130350510222698e-05
8.824629777829801340e-05
8.816193781708245335e-05
8.807809384437769590e-05
8.799463658138132903e-05
8.791143724097596189e-05
8.791322559381704762e-05
8.797069318260620412e-05
8.805647371244252133e-05
8.814231482133622043e-05
8.822816931882500237e-05
8.831398983057725028e-05
8.839972879844881445e-05
8.848533848079295869e-05
8.857077095302989171e-05
8.865597810847416246e-05
8.874091165942181675e-05
8.882552313850017474e-05
8.891645647491351926e-05
8.900664503195740689e-05
8.909604209023918729e-05
8.918460077286295435e-05
8.927227404960746504e-05
8.932501294676943246e-05
8.929216505030306711e-05
8.917931373498050773e-05
8.921804775886336383e-05
8.925359539410009178e-05
8.931137442264936496e-05
8.936457055089452775e-05
8.941312595135902182e-05
8.945698340668432403e-05
8.949608633753094067e-05
8.953037883063990428e-05
8.955980566704306361e-05
8.958431235040496875e-05
8.960384513548213452e-05
8.954805648781815686e-05
8.955403123208723244e-05
8.955484552278286843e-05
8.955805321657392783e-05
8.957974186967704940e-05
8.959531943784435223e-05
8.960474856996014637e-05
8.960799316165575089e-05
8.960501837948630787e-05
8.959579068480620168e-05
8.961346678251003509e-05
8.962645042182253283e-05
8.963472142507873609e-05
8.963826034940445436e-05
8.959451742617120090e-05
8.954817801925250061e-05
8.949920651071100234e-05
8.961369699562694239e-05
8.972951497689479424e-05
8.986015969774363273e-05
8.999292322237088186e-05
9.012786276704160622e-05
9.026503599251122151e-05
9.040450101693227086e-05
9.054631642914621494e-05
9.069054130236083207e-05
9.083723520822201049e-05
9.098645823128977182e-05
9.113827098391883742e-05
9.124941790146737122e-05
9.136533879070377377e-05
9.148607857683068183e-05
9.161168308719134482e-05
9.174219907046348625e-05
9.187767421625144687e-05
9.201815717509001286e-05
9.216369757886902297e-05
9.231434606169092465e-05
9.247015428117304279e-05
9.263117494020656868e-05
9.279746180918351764e-05
9.296906974870575017e-05
9.314605473278795547e-05
9.332847387256821788e-05
9.351638544053944753e-05
9.375288903791283363e-05
9.399302804062476002e-05
9.423687716118488383e-05
9.435916125305684207e-05
9.447865860174788500e-05
9.444169908142913768e-05
9.437926927277895926e-05
9.430558490613395631e-05
9.422058064983858383e-05
9.412325968365955163e-05
9.401455077707123365e-05
9.381530875288671037e-05
9.385648196555675614e-05
9.390345239743559235e-05
9.395621536113004518e-05
9.410898138215335884e-05
9.426298854144638645e-05
9.441827668136179813e-05
9.457488592159158628e-05
9.473285666426319528e-05
9.485018792225120745e-05
9.491504032303052702e-05
9.498607609445657029e-05
9.506329404705116093e-05
9.514669415160741030e-05
9.523627753426815786e-05
9.533204647196997746e-05
9.543400438825148913e-05
9.554215584941831913e-05
9.565650656106359704e-05
9.577706336494069654e-05
9.590383423618072545e-05
9.603682828085740762e-05
9.617605573389080510e-05
9.632152795729021953e-05
9.647325743873169169e-05
9.663125779046831062e-05
9.679554374857006591e-05
9.696613117249177954e-05
9.714303704496521428e-05
9.732627947221562947e-05
9.751587768449762085e-05
9.759698922807704899e-05
9.762297951233210602e-05
9.764568038086988045e-05
9.766499247179809599e-05
9.768081669262220748e-05
9.769305425477475997e-05
9.770160670908132228e-05
9.770637598214932057e-05
9.770726441366452532e-05
9.770417479458466138e-05
9.774631305373211623e-05
9.778180219986753238e-05
9.777641943007241360e-05
9.776170358092105110e-05
9.773757048907949572e-05
9.770393878293735638e-05
9.766072996472486601e-05
9.760786849193212793e-05
9.754528185794188188e-05
9.742530511953675638e-05
9.729324175584302438e-05
9.714903057631821184e-05
9.699261556972894763e-05
9.681548933129090109e-05
9.662652179528693000e-05
9.642566939108664081e-05
9.636049660454212146e-05
9.629013962094248088e-05
9.625041088709287236e-05
9.620357968495674779e-05
9.614963187692132803e-05
9.608855495609268220e-05
9.602033805999597737e-05
9.594497198368509561e-05
9.582415164815655262e-05
9.569818695917641611e-05
9.560809824168847617e-05
9.551473100921037906e-05
9.541807113416753985e-05
9.531810492451628456e-05
9.521481913020791771e-05
9.510820094960061261e-05
9.496636279362116588e-05
9.479438000259998482e-05
9.462223420740407053e-05
9.444987327923310967e-05
9.427724548372330682e-05
9.410429948227183236e-05
9.393098433363954430e-05
9.375724949583508769e-05
9.358304482826546391e-05
9.340832059416114691e-05
9.323302746326127255e-05
9.307346737979118169e-05
9.307414208646624682e-05
9.307964774273070360e-05
9.309001785375813607e-05
9.310528669856419184e-05
9.312548934755639999e-05
9.315066168041622927e-05
9.318084040432239883e-05
9.321606307252793704e-05
9.325636810329777828e-05
9.330179479922326891e-05
9.335238336691748580e-05
9.340817493710981234e-05
9.346921158514555870e-05
9.353553635190671347e-05
9.360719326516289305e-05
9.368422736136898239e-05
9.376668470791635172e-05
9.385461242585824908e-05
9.394805871311701225e-05
9.405180301209494051e-05
9.416095750329594983e-05
9.427555485276536463e-05
9.446625228851929918e-05
9.465917027830044166e-05
9.485439253921381774e-05
9.505200354014149808e-05
9.525208852088761652e-05
9.545473351208380694e-05
9.558851035415292055e-05
9.572837998933290255e-05
9.581530679786801118e-05
9.587463238549166647e-05
9.593558393081524980e-05
9.599815714147578733e-05
9.599980603346134375e-05
9.600618105551793813e-05
9.601724406105905426e-05
9.603295757606898034e-05
9.605328478048581081e-05
9.607697106199176898e-05
9.610526010466022458e-05
9.613051086731846267e-05
9.615991537800524602e-05
9.619343398964278532e-05
9.623102752637386086e-05
9.627265726597209242e-05
9.635681987121751742e-05
9.641461316489829286e-05
9.647988164229375299e-05
9.651398581748600895e-05
9.655357243993702729e-05
9.656961859504487424e-05
9.658959967734716040e-05
9.661344407500271360e-05
9.664108057260246216e-05
9.665459950516912680e-05
9.667266058444878049e-05
9.669518318242255404e-05
9.672208721902980926e-05
9.675329312483881418e-05
9.678872180451057999e-05
9.682829460103806510e-05
9.687193326074934878e-05
9.691955989905632924e-05
9.694450986010301583e-05
9.697196644489784127e-05
9.700183549573585722e-05
9.703402292123837296e-05
9.706843467313789654e-05
9.710497672399572011e-05
9.716148411676311665e-05
9.721904586770650260e-05
9.727757636616659633e-05
9.733698982176235950e-05
9.744579500610104381e-05
9.755778145080832003e-05
9.767289556955667420e-05
9.774231683022575163e-05
9.793696971952685121e-05
9.812609222516998069e-05
9.830962603791298048e-05
9.848751361288972091e-05
9.855767187212144040e-05
9.862698632626717542e-05
9.869537839896937430e-05
9.876276932564796024e-05
9.891024448979006693e-05
9.905262728616090766e-05
9.918985932113665667e-05
9.937143787764424012e-05
9.955033608294204192e-05
9.972652632509146115e-05
9.989998112604331067e-05
1.000706731471816816e-04
1.002385751948888551e-04
1.004036602261317485e-04
1.005659013540656689e-04
1.007252718536561046e-04
1.007989630029669401e-04
1.008737288211713638e-04
1.009495174595679640e-04
1.010262769389794982e-04
1.010770744151607143e-04
1.010833907489729945e-04
1.010941600323046329e-04
1.010605070108615695e-04
1.010287418271447113e-04
1.009554646128545217e-04
1.008860687282755488e-04
1.008204094846840761e-04
1.007583429750986796e-04
1.006997260232859846e-04
1.006444161348766598e-04
1.005922714505612088e-04
1.005442014163201645e-04
1.004990651231869278e-04
1.005625317642065247e-04
1.006338740359061479e-04
1.007130237427731516e-04
1.007999142527654212e-04
1.007883222763549061e-04
1.007790383327970927e-04
1.007719256029293461e-04
1.007668474524086395e-04
1.007636674032453509e-04
1.008091905464111724e-04
1.009211225876936632e-04
1.010400679628072789e-04
1.011659674576309727e-04
1.012987628883255418e-04
1.014383970526208575e-04
1.015848136818448520e-04
1.017379573936650299e-04
1.018977736455140969e-04
1.021035871756681895e-04
1.023141218967650579e-04
1.025293405182833910e-04
1.027492058512905913e-04
1.030346023170007353e-04
1.033217920950933960e-04
1.036107514123603586e-04
1.039014561920887774e-04
1.041938820488279082e-04
1.044880042832054294e-04
1.047837978767977016e-04
1.050736168161127415e-04
1.053653992136407199e-04
1.056487804723714663e-04
1.059335059029279519e-04
1.062195381245280453e-04
1.065068393192749018e-04
1.067953712270250144e-04
1.070850951403887403e-04
1.073759718998687658e-04
1.076679618891375793e-04
1.079610250304607281e-04
1.082551207802636653e-04
1.084926632725054588e-04
1.087280463498572542e-04
1.089511782444565422e-04
1.091714385311421743e-04
1.093887296394598438e-04
1.096029536112416199e-04
1.098140121251958695e-04
1.100655577943751259e-04
1.102678562160581434e-04
1.104667051818864452e-04
1.106620054737100865e-04
1.108536576488330867e-04
1.110025373410099091e-04
1.111596311283216801e-04
1.113151553949129346e-04
1.114690081822258247e-04
1.115320857322232975e-04
1.115976138487120774e-04
1.116217510664705532e-04
1.116458867573546040e-04
1.116698596687823588e-04
1.116935084101641773e-04
1.117166714564220243e-04
1.117391871538407329e-04
1.118078400745119838e-04
1.118778623275315515e-04
1.119491174860608461e-04
1.120214688134420097e-04
1.120947792488570521e-04
1.121689113946573897e-04
1.122437275053782621e-04
1.123190894784419151e-04
1.124345090498173961e-04
1.125877539085245148e-04
1.127449991871177056e-04
1.129061573725360159e-04
1.130711407734877311e-04
1.132398614875401228e-04
1.134122313689357335e-04
1.135881619971309577e-04
1.137675646460592217e-04
1.139503502541156600e-04
1.141364293948641677e-04
1.144430852898382635e-04
1.145752878943366999e-04
1.147095498271877420e-04
1.148457456981785691e-04
1.151201448627017587e-04
1.153898098932664269e-04
1.156546408740781451e-04
1.159145379024024584e-04
1.161694011237436960e-04
1.163666763235111690e-04
1.165611746671562379e-04
1.167527902022955750e-04
1.169414165874251504e-04
1.171269471168711397e-04
1.173092747466640025e-04
1.174882921213374386e-04
1.176638916016487820e-04
1.178359652932257494e-04
1.180044050761338539e-04
1.180987359056321473e-04
1.181863744827340033e-04
1.182730964602110455e-04
1.183587942759940911e-04
1.183502976840969129e-04
1.183358937621025467e-04
1.183154088255135441e-04
1.182886702312376187e-04
1.182555064684050688e-04
1.182157472514260390e-04
1.182621449459098079e-04
1.183061580092861721e-04
1.183476528033112417e-04
1.184346437960703667e-04
1.185164641824994599e-04
1.185929964035175346e-04
1.186971015193963292e-04
1.188021561413778139e-04
1.189080703539311437e-04
1.190147539326655480e-04
1.191221163380754331e-04
1.192316559066384753e-04
1.193417731423960056e-04
1.194523775316907587e-04
1.195633782269936907e-04
1.196746840435185445e-04
1.197862034565352104e-04
1.198978445993764610e-04
1.200095152621502440e-04
1.201633863615808254e-04
1.203192696155194020e-04
1.205052574090555769e-04
1.206917839931029952e-04
1.208787928281437435e-04
1.210662270196866146e-04
1.212540293160953021e-04
1.214421421066883352e-04
1.216541012886705774e-04
1.218674910964263463e-04
1.220822704633512063e-04
1.222983980363200095e-04
1.225158321706543954e-04
1.227345309252273332e-04
1.229544520577128392e-04
1.231755530199781987e-04
1.233977909536216613e-04
1.236211226856588066e-04
1.238602150868703216e-04
1.240996248446739054e-04
1.243393113400760380e-04
1.245792336390669295e-04
1.248045262151794828e-04
1.250064177440213297e-04
1.252078377819895163e-04
1.254087226694538225e-04
1.256239281993412811e-04
1.257999895366862942e-04
1.259764143513135697e-04
1.261531311723915216e-04
1.263300681253577500e-04
1.263378636548314552e-04
1.263371938896889113e-04
1.263279048587997576e-04
1.263098443796087812e-04
1.264202627206877333e-04
1.265284266137472774e-04
1.265785327597385808e-04
1.266289440936743530e-04
1.265702919847405336e-04
1.265063692099558464e-04
1.264370150224819521e-04
1.263620697310064583e-04
1.262656801864860449e-04
1.261641990521626992e-04
1.260574625185241070e-04
1.259453080149893563e-04
1.258044714686789884e-04
1.256591107429814601e-04
1.255090547513646772e-04
1.253541338143067147e-04
1.253022445923447376e-04
1.252502608767252872e-04
1.251980482973056382e-04
1.251454727092127380e-04
1.251273651355734660e-04
1.251710330502718137e-04
1.252186378744413024e-04
1.252700957645584722e-04
1.253253230931416476e-04
1.254407361603832678e-04
1.255626066501789727e-04
1.256908918989545643e-04
1.258255499821729585e-04
1.259665396880117619e-04
1.260909517693660725e-04
1.262227196370387333e-04
1.263617928566796616e-04
1.265081219481452421e-04
1.266616583500410943e-04
1.268223543847653344e-04
1.269786945583606711e-04
1.271426509196645061e-04
1.273141728422527252e-04
1.274932106299182723e-04
1.276797154781822972e-04
1.278736394363130086e-04
1.280749353698368634e-04
1.282835569235171551e-04
1.284994584847856636e-04
1.287225951476055465e-04
1.289529226767492892e-04
1.291903974724728781e-04
1.294349765355718015e-04
1.296866174328002318e-04
1.299452782626396997e-04
1.302109176214020559e-04
1.304306038261815296e-04
1.306543853970256938e-04
1.308821746525722421e-04
1.311138835363286298e-04
1.312677992576031778e-04
1.314212059844739719e-04
1.315739539640523200e-04
1.317258927663901287e-04
1.318768712928073078e-04
1.320434093109869691e-04
1.321993351370246577e-04
1.323635454027833811e-04
1.325263191291831198e-04
1.326875107573502986e-04
1.328469741021667350e-04
1.330131587051469198e-04
1.331769068068868096e-04
1.333380728300998506e-04
1.334878831107379432e-04
1.336352352990252494e-04
1.337799799757462976e-04
1.339219672587652781e-04
1.340610468322242044e-04
1.341970679774000925e-04
1.343275758016371679e-04
1.344548347454417386e-04
1.345786924141433808e-04
1.346989961377796478e-04
1.348075361495576648e-04
1.349126104284522232e-04
1.347755408710494011e-04
1.346974684378644815e-04
1.346245162586179312e-04
1.345564368518595950e-04
1.344929837671247008e-04
1.344835855488399855e-04
1.344807366350013965e-04
1.344842215232476166e-04
1.344938256044656672e-04
1.346221503217885586e-04
1.347618356067550199e-04
1.349127554122930199e-04
1.350747858066450699e-04
1.352478048551316399e-04
1.354316925040599127e-04
1.356263304666843912e-04
1.358316021111364430e-04
1.360473923502432847e-04
1.362735875331604573e-04
1.365100753387395117e-04
1.367567446705685659e-04
1.370134855536130883e-04
1.372801890323984179e-04
1.375567470706704582e-04
1.378430524524809316e-04
1.381389986846426581e-04
1.384444799005036045e-04
1.387593907649929182e-04
1.390836263808958786e-04
1.394346209821913346e-04
1.397939317505098175e-04
1.401939626342420307e-04
1.406006471654798994e-04
1.410138937281619792e-04
1.414336099436974638e-04
1.418597026151289316e-04
1.421387015207987406e-04
1.425931381423139349e-04
1.430548635080776941e-04
1.435238051887796661e-04
1.438205791872664951e-04
1.441146408206017790e-04
1.444057494719042263e-04
1.446936629062857643e-04
1.449698264366047523e-04
1.453198366476214176e-04
1.456612404012793142e-04
1.460025749054697224e-04
1.463436406811565425e-04
1.466842364215532944e-04
1.470241589972429640e-04
1.473632034640878275e-04
1.477011630739736507e-04
1.480378292884317677e-04
1.483729917951760648e-04
1.487995639041496084e-04
1.492292596229888150e-04
1.496619444987246626e-04
1.500974824577840875e-04
1.505357357770972706e-04
1.509765650564490994e-04
1.514198291920985234e-04
1.518653853517000637e-04
1.523130889505503523e-04
1.527627936291941265e-04
1.532143512324191125e-04
1.536676117896693171e-04
1.541224234969095777e-04
1.545125853806189110e-04
1.549003815491398824e-04
1.552855969857727073e-04
1.557345560943036451e-04
1.561841238577792786e-04
1.566313895106709894e-04
1.569598201675854305e-04
1.572939288186617939e-04
1.576335239660199452e-04
1.579784127579470139e-04
1.582525926169263181e-04
1.585352071744497275e-04
1.588260347828214666e-04
1.591248531533317166e-04
1.594314392314063447e-04
1.597455690750698731e-04
1.599712833390288787e-04
1.602085954533237825e-04
1.604178344906122375e-04
1.606360881434996046e-04
1.608630560026745517e-04
1.610984372140392324e-04
1.613419303087726300e-04
1.615932330393061100e-04
1.618520422211819354e-04
1.621180535807929552e-04
1.623909616090005116e-04
1.626704594206369631e-04
1.629562386199140194e-04
1.632479891717554554e-04
1.635453992790886809e-04
1.638481552661314345e-04
1.641559414677237706e-04
1.644684401247483037e-04
1.647647620518125186e-04
1.650640666236855220e-04
1.653660123145363962e-04
1.657134111979451639e-04
1.660814780509392455e-04
1.664502500814187425e-04
1.666828057136348631e-04
1.669218252325581201e-04
1.671460719466415310e-04
1.674277797099890327e-04
1.677164932725082531e-04
1.680118636525617672e-04
1.683135399918866948e-04
1.687593536983715504e-04
1.692043918687853338e-04
1.696495310163690479e-04
1.700931783322261962e-04
1.705349982003787361e-04
1.709746517485105275e-04
1.714910877362415729e-04
1.718669414245903402e-04
1.722504485823928423e-04
1.726413011572692504e-04
1.730391888385061059e-04
1.733907537173498363e-04
1.737738735942878697e-04
1.741667308772396560e-04
1.745690120978306465e-04
1.749782491154317106e-04
1.754302291926329636e-04
1.758926139854537359e-04
1.763651153830980646e-04
1.768261113025381131e-04
1.772976051117553062e-04
1.777792963246874777e-04
1.782708821437047487e-04
1.786311704055977589e-04
1.790071742773471811e-04
1.793808553257645135e-04
1.797703544024349383e-04
1.801753069111004042e-04
1.805953481394833888e-04
1.810301129061447673e-04
1.814792352157724932e-04
1.819423479227698186e-04
1.824190824030616856e-04
1.829090682340401154e-04
1.834468949235332062e-04
1.839991477871734339e-04
1.845654889756651940e-04
1.851455782873357456e-04
1.857390728630438641e-04
1.863456268877789976e-04
1.869826394159318842e-04
1.875969932328707031e-04
1.882259413874206070e-04
1.888691380610041273e-04
1.895262341705111352e-04
1.901968770545086967e-04
1.908807101661768029e-04
1.915773727730246190e-04
1.922864996634594066e-04
1.930077208603038529e-04
1.937406613413662174e-04
1.944849407671976540e-04
1.952401732161774389e-04
1.959755764180463032e-04
1.967224477369320615e-04
1.974803807353625216e-04
1.982489628897806213e-04
1.988794999363626033e-04
1.995262877318720201e-04
2.001811690762516564e-04
2.008517279858867066e-04
2.015375003613871486e-04
2.022380173377391112e-04
2.029528048787930950e-04
2.036813833829962382e-04
2.043961406225905842e-04
2.051361141329352490e-04
2.057694059693105921e-04
2.064188941609758268e-04
2.070840289342183141e-04
2.077642552633748754e-04
2.084448529091041137e-04
2.091386227549491873e-04
2.098449746116296465e-04
2.105776144787166481e-04
2.113224377214981879e-04
2.120788480866334297e-04
2.128096941631098889e-04
2.135525012690348706e-04
2.142484037264098058e-04
2.149614325899130052e-04
2.156571569394331953e-04
2.163663675070545548e-04
2.170883960170475434e-04
2.178362485127870694e-04
2.185776332272379972e-04
2.196428845108087621e-04
2.207377832918353759e-04
2.218620660803094621e-04
2.230154677452861800e-04
2.241977208742896861e-04
2.254085551361078936e-04
2.266048451515819794e-04
2.276969342741298177e-04
2.288238715337544138e-04
2.298238827813109809e-04
2.308647569747447994e-04
2.319461505863949346e-04
2.330677255085813224e-04
2.342291479739129316e-04
2.354300874862190484e-04
2.366702157609738616e-04
2.379492056741872572e-04
2.392667302188146645e-04
2.406224614678263414e-04
2.420124470643127341e-04
2.434401178751883566e-04
2.448383115463618857e-04
2.462761044371042265e-04
2.476874824634950605e-04
2.491403029475542123e-04
2.506031495811740116e-04
2.521079067250112668e-04
2.535341247308314327e-04
2.550061501973217609e-04
2.564896741014567735e-04
2.580161302904604046e-04
2.594963859421625164e-04
2.610157376415879146e-04
2.624581746053117901e-04
2.639430058167998314e-04
2.652255923516294535e-04
2.665590273918897889e-04
2.679426191967491759e-04
2.693756756899412020e-04
2.708575024548866696e-04
2.723874007536345614e-04
2.739646655681568705e-04
2.755885836627778901e-04
2.771882333598060777e-04
2.788525936686807902e-04
2.804251925391865251e-04
2.820659718837468925e-04
2.837335673116542396e-04
2.854527795108235152e-04
2.871595024922152023e-04
2.889186922830953115e-04
2.905954799456365563e-04
2.923282455290429085e-04
2.940323450149230503e-04
2.957939281470949662e-04
2.975358458450339644e-04
2.993363852648065295e-04
3.008511671702068595e-04
3.024361580559246877e-04
3.040517057972685097e-04
3.057369301529905205e-04
3.073607527331061640e-04
3.090572855029421486e-04
3.106914871095629556e-04
3.124015041728257953e-04
3.141434259305923545e-04
3.159605794545339470e-04
3.174551426728118944e-04
3.190383678243062277e-04
3.206746902641536829e-04
3.223663801466446145e-04
3.239921838248108394e-04
3.255786723746264405e-04
3.270093875294116767e-04
3.285904657425051329e-04
3.301543800163399397e-04
3.313623232989732349e-04
3.326293147953632008e-04
3.334842875523298146e-04
3.338495242684826254e-04
3.319548382762319851e-04
3.304117620579915442e-04
3.292103203999359397e-04
3.283416842400676064e-04
3.280042797788075559e-04
3.279951380011470016e-04
3.283091841135081209e-04
3.289422896787749274e-04
3.298912276828181995e-04
3.309856089616439179e-04
3.323438552323963757e-04
3.340220956693960787e-04
3.360198359121006700e-04
3.383373824885706790e-04
3.409758184624149557e-04
3.436379796074491848e-04
3.464557429187118081e-04
3.496171011053023363e-04
3.531252189098578833e-04
3.569840681721113168e-04
3.611984156128072109e-04
3.657738133041183977e-04
3.707165916094884417e-04
3.760338543914001951e-04
3.813649092128170988e-04
3.869885013288936566e-04
3.930109543930580796e-04
3.994414341119521686e-04
4.066398484825770932e-04
4.142973404867193255e-04
4.224278309093174380e-04
4.310462263981037481e-04
4.401684367725660903e-04
4.498113939529290286e-04
4.599930723733598671e-04
4.703274085457241453e-04
4.812002000186046935e-04
4.926258292865184777e-04
5.046265669509161084e-04
5.172222417990804486e-04
5.304335922743088835e-04
5.442822749128713210e-04
5.592763468189519650e-04
5.750051556712694554e-04
5.914973860623196642e-04
6.087829834025506757e-04
6.276512206982142730e-04
6.474046018404963545e-04
6.680789062727251690e-04
6.897113180375859286e-04
7.123496564153195942e-04
7.360258385472911351e-04
7.607814632908432764e-04
7.866596034544098056e-04
8.138079850246238752e-04
8.433879734294845009e-04
8.742656130958407438e-04
9.064906172621701183e-04
9.452121725424063228e-04
9.877845423969971225e-04
1.034990718060440490e-03
1.084187203099837423e-03
1.135432576615285922e-03
1.188785049538563501e-03
1.244302258490176828e-03
1.302041045350951819e-03
1.362057222783143997e-03
1.424405326338916509e-03
1.489138354432875070e-03
1.556307498476052582e-03
1.625961867101543548e-03
1.698148211019284747e-03
1.772910659178710251e-03
1.850290483448934842e-03
1.930325919235784159e-03
2.013052085260955398e-03
2.098924442568245348e-03
2.187606332792288444e-03
2.279129901133657241e-03
2.373527079714395950e-03
2.470832071365456576e-03
2.582805052526132832e-03
2.700373483294126343e-03
2.833913057101153203e-03
2.971603680769597557e-03
3.113453777490080530e-03
3.262407407700957350e-03
3.416103343901405378e-03
3.576049809257901991e-03
3.742104012433315665e-03
3.917221819728473713e-03
4.101517659604899183e-03
4.302053221817267806e-03
4.518714194823208845e-03
4.757139472366033080e-03
5.024782670611994094e-03
5.332124004475753687e-03
5.693381862310567532e-03
6.127572927965936264e-03
6.659764162710426171e-03
7.332915053335703655e-03
8.178381285649509447e-03
9.254692008547072898e-03
1.062060458775404732e-02
1.235627130976770481e-02
1.455269930918681731e-02
1.731768915394332406e-02
2.077288883122147684e-02
2.505476442335774837e-02
3.030157812101785808e-02
3.665851601665317400e-02
4.425975788863673738e-02
5.322712216238388583e-02
6.364876831214380526e-02
7.557628101390399811e-02
8.899684589061739037e-02
1.038330110082668067e-01
1.199244362593655661e-01
1.370250160310498844e-01
1.547991702256691637e-01
1.728327063971703270e-01
1.906306228534462022e-01
2.076518225929626926e-01
2.233281395174186168e-01
2.370979924986776344e-01
2.484393655998280159e-01
2.569075872945912331e-01
2.621549757746951537e-01
2.639714003356242178e-01
2.622731744501942130e-01
2.571419821388021276e-01
2.487879159323718725e-01
2.375592558712087132e-01
2.239009346584411031e-01
2.083345592004562097e-01
1.914213110476518653e-01
1.737315670886354912e-01
1.558032414725347981e-01
1.381270775910764248e-01
1.211207784381889141e-01
1.051194275880905221e-01
9.036904675616182214e-02
7.703137772337438627e-02
6.518217786285861182e-02
5.483355267921611459e-02
4.593445209341397856e-02
3.839559832430062408e-02
3.209613597600816798e-02
2.690407225306118422e-02
2.267190292266841808e-02
1.925832424207126609e-02
1.652981324895576309e-02
1.437716413509833487e-02
1.267909157516724540e-02
1.134654404914261713e-02
1.029759110789109193e-02
9.475883285768671796e-03
8.821093697673561621e-03
8.292410544288643728e-03
7.856727073609114445e-03
7.489155886987767900e-03
7.170875425363386173e-03
6.887876267120932386e-03
6.629899259425974488e-03
6.391929992149847709e-03
6.166279565408312388e-03
5.952067472836912974e-03
5.744088396267180152e-03
5.541260125444732836e-03
5.342086852515928741e-03
5.147200477035714095e-03
4.955108498162948995e-03
4.769849340107820863e-03
4.587054562972145595e-03
4.408173876804851420e-03
4.232020010605823043e-03
4.060755406261468137e-03
3.892458728683127842e-03
3.731918063436266090e-03
3.574556069414042223e-03
3.420998576975866571e-03
3.270925085999975852e-03
3.126908766611390545e-03
2.986429325012299272e-03
2.850890299500890689e-03
2.719036399795387964e-03
2.591315041541044761e-03
2.467398408319012269e-03
2.350415105644981274e-03
2.237156567445632710e-03
2.127875023936722388e-03
2.022532314778958170e-03
1.922467084425594957e-03
1.826720503573660411e-03
1.735891158893860999e-03
1.649578045517887271e-03
1.567506540457662108e-03
1.490887362395017842e-03
1.417654108571122324e-03
1.350431743054982371e-03
1.288648741730904004e-03
1.239007025248073032e-03
1.191405457675832544e-03
1.145772471030110078e-03
1.102037933865892107e-03
1.060133227832981209e-03
1.020007337592374269e-03
9.815768419646671034e-04
9.447781784605909904e-04
9.095494806580650552e-04
8.762979031309449775e-04
8.446327025978210687e-04
8.143465577733010425e-04
7.853846738739604042e-04
7.576940837275192211e-04
7.312236331238166406e-04
7.065695413135459528e-04
6.833974804636717536e-04
6.615757726475311002e-04
6.407352762956404707e-04
6.209941259303536397e-04
6.021400094707744571e-04
5.841381963652301709e-04
5.669553326234741831e-04
5.505594151545322237e-04
5.354631194488278017e-04
5.210898818119564331e-04
5.074118767366121675e-04
4.952232446640316950e-04
4.827964484474049330e-04
4.717743136831902624e-04
4.612774588522916205e-04
4.512897397778807269e-04
4.417957597257544554e-04
4.327808673725933052e-04
4.242311545435131434e-04
4.161334539078384619e-04
4.084753368171641064e-04
4.012451114659103930e-04
3.942615600018287885e-04
3.876987797895712533e-04
3.815462799666565971e-04
3.757943784332999290e-04
3.704341999242016488e-04
3.654576757553927449e-04
3.604692718012608406e-04
3.558796781964376744e-04
3.513534957858170183e-04
3.472032453154033291e-04
3.434224815745695212e-04
3.400056700716405297e-04
3.369481919000467431e-04
3.342463520637991323e-04
3.318973914985521071e-04
3.298995030506489683e-04
3.282518517062178666e-04
3.264632061066837301e-04
3.250057638915465987e-04
3.238801833250466266e-04
3.215366951909902024e-04
3.190683788313340751e-04
3.159487107733350772e-04
3.130229608261405868e-04
3.100168765839712436e-04
3.072206040850905193e-04
3.046322623147878312e-04
3.022502724566981545e-04
3.000733649252813840e-04
2.981005871290387283e-04
2.963313120379774805e-04
2.947652476336393439e-04
2.934024473253917420e-04
2.922433214227682574e-04
2.912886497604324772e-04
2.905395955799654770e-04
2.899977207811663691e-04
2.898973450274967595e-04
2.899967855287543953e-04
2.902995035387861272e-04
2.908093969485307947e-04
2.915308255936207801e-04
2.924686387076251928e-04
2.922277325898828466e-04
2.918714598548530605e-04
2.903094400465363613e-04
2.888256290298294587e-04
2.874290496856036830e-04
2.858644046128162733e-04
2.843781391908233166e-04
2.829341158732081489e-04
2.815680614700048659e-04
2.801476498223994080e-04
2.788010514830760109e-04
2.774520649739350042e-04
2.761896263377640781e-04
2.749986901934148298e-04
2.738798522567914367e-04
2.728337399468318833e-04
2.718610152077333250e-04
2.709623773977502836e-04
2.702213557354296255e-04
2.690323990483578834e-04
2.678934087147500373e-04
2.666852352217031845e-04
2.655234488399682157e-04
2.643274314555972343e-04
2.631757224812053824e-04
2.620657096366890032e-04
2.610818599981809887e-04
2.600274219483578414e-04
2.590103102823600287e-04
2.579519617160430352e-04
2.569290196157707922e-04
2.559135902504555823e-04
2.551946114906094329e-04
2.544468354192834167e-04
2.537191951206944104e-04
2.528686742765318585e-04
2.521917971029186893e-04
2.515276626530075317e-04
2.510713878657147612e-04
2.505195886734394128e-04
2.499781562049440374e-04
2.494259568712916251e-04
2.488852670360444403e-04
2.483571349314061031e-04
2.478426010627802394e-04
2.472336199207424753e-04
2.466354393340233569e-04
2.459667454796697172e-04
2.453071998105458228e-04
2.444430911929495716e-04
2.436018790151633928e-04
2.427008571783969648e-04
2.418205839534147427e-04
2.409617045312829897e-04
2.401248574751658842e-04
2.392263923278580972e-04
2.383476905338560345e-04
2.374686631764071651e-04
2.366097320826091174e-04
2.357714811534985437e-04
2.349544884242032907e-04
2.341593266754083010e-04
2.333865640596143151e-04
2.325496763142039934e-04
2.317397921323820795e-04
2.309573692924680294e-04
2.302743069268504831e-04
2.296155944973918967e-04
2.289817836305181500e-04
2.283734255686484672e-04
2.277910718898643158e-04
2.269080445869084959e-04
2.260381533151305494e-04
2.251818531690665611e-04
2.243395927062132326e-04
2.234947198453720023e-04
2.226640562897073191e-04
2.217588087365821926e-04
2.208717673199737345e-04
2.200032569511731217e-04
2.191535988899065868e-04
2.183231111091399584e-04
2.175121086647698368e-04
2.166959254612140222e-04
2.158639402991199829e-04
2.144490277221913429e-04
2.124520973127567481e-04
2.105540947750666233e-04
2.087525361682708428e-04
2.070450731867810922e-04
2.054294880096058714e-04
2.038223805776669432e-04
2.023003115189701904e-04
2.008613685484546805e-04
1.995037463249128579e-04
1.981808430391817884e-04
1.969343225314208236e-04
1.957564598322958035e-04
1.946517559454226907e-04
1.936188416845344086e-04
1.926564315397812110e-04
1.916958938256552007e-04
1.908008443152978009e-04
1.899701727901575608e-04
1.892028383367935079e-04
1.884978672552156209e-04
1.878543510943996952e-04
1.872714448095413084e-04
1.867483650359156471e-04
1.862843884745604293e-04
1.858788503852768696e-04
1.854687221132104481e-04
1.851130358877611207e-04
1.848112219650183629e-04
1.845627594856195897e-04
1.843364101173333822e-04
1.854788864930285769e-04
1.868433280081049843e-04
1.881902370818789216e-04
1.895196146044146699e-04
1.908314801807873607e-04
1.921258719609016704e-04
1.934028464558080497e-04
1.945987712085264114e-04
1.957798902827612598e-04
1.969431041784183484e-04
1.980916341354625493e-04
1.992256587960107225e-04
2.003453713615895308e-04
2.014509793708025459e-04
2.025427044734695223e-04
2.036207822019120797e-04
2.046854617400463677e-04
2.056093903092328940e-04
2.065257219143918916e-04
2.074347893501334538e-04
2.083369343152659888e-04
2.091352735848824192e-04
2.099218355261726746e-04
2.106407863092933143e-04
2.113453682854798748e-04
2.120358278711083756e-04
2.127834536073044947e-04
2.134430620605168370e-04
2.140893453048872664e-04
2.147225820997254720e-04
2.153430584661815504e-04
2.155749638485921188e-04
2.161512972891326131e-04
2.163380750644845231e-04
2.164932814486692501e-04
2.166170815960438353e-04
2.167096549294941429e-04
2.167711948421539284e-04
2.168019083908970625e-04
2.168020159820822912e-04
2.167717510500355470e-04
2.167113597287617449e-04
2.167194213695483400e-04
2.167026417601520595e-04
2.166613075136056895e-04
2.165470171964929940e-04
2.164112785183830922e-04
2.162543875303185516e-04
2.163212688346496145e-04
2.163794349348094912e-04
2.164292529331014357e-04
2.164710913253591756e-04
2.165053199356321606e-04
2.165323099521434798e-04
2.165524341731961573e-04
2.165660676803580489e-04
2.165735893570139444e-04
2.165753850248006086e-04
2.166340170747465643e-04
2.166846175029088603e-04
2.167276803357765663e-04
2.167637811518574435e-04
2.167936364208101856e-04
2.165730206390931514e-04
2.163366953867940697e-04
2.160865571726782385e-04
2.160251103929795944e-04
2.159664114119223507e-04
2.159168767603118918e-04
2.158859088075508589e-04
2.158870250044827796e-04
2.159391999477217711e-04
2.160683366008445334e-04
2.163087756944351877e-04
2.167049484685826082e-04
2.173139201409587181e-04
2.182926768777395982e-04
2.196612874128143155e-04
2.215859716521030424e-04
2.241823720665758887e-04
2.282207874888377095e-04
2.349415646834480172e-04
2.465552649143536103e-04
2.656704269640520815e-04
2.928163846477715841e-04
3.218290526060745916e-04
3.354776807986595125e-04
3.211413156116693884e-04
2.915584861000968908e-04
2.638376509174269482e-04
2.441437538855017108e-04
2.318206687118040427e-04
2.243952439027699244e-04
2.196577038570430445e-04
2.163684846742601302e-04
2.139304490635592667e-04
2.120478618687466027e-04
2.105436564208682025e-04
2.093236858283435264e-04
2.083135273120570116e-04
2.074568846042819023e-04
2.067100935712682243e-04
2.060395785442113009e-04
2.053541067712822039e-04
2.046986828667285332e-04
2.040605481657984191e-04
2.035272641534274080e-04
2.029239505309057574e-04
2.023185261327577460e-04
2.017088734005086960e-04
2.010938215406710573e-04
2.004075825854402244e-04
1.997124509093774376e-04
1.990084909920252518e-04
1.982959046905368383e-04
1.975749716114326697e-04
1.968460133304329002e-04
1.958986283245712872e-04
1.949354632256294613e-04
1.939569455654542346e-04
1.930789752330740758e-04
1.920760760046896927e-04
1.911227880398547565e-04
1.900051236543883317e-04
1.888649379897342916e-04
1.877028276651913062e-04
1.865193936941691240e-04
1.853152410006397703e-04
1.840909779470012192e-04
1.828472158691322005e-04
1.815845686171056457e-04
1.803036521011972166e-04
1.792112691074609541e-04
1.780887036569368830e-04
1.770982757482511549e-04
1.760852593165703112e-04
1.750503895106827676e-04
1.739944025782977528e-04
1.730141556640404758e-04
1.720082715783051430e-04
1.708825989197143818e-04
1.697389551224627081e-04
1.685994634185635226e-04
1.674420959491907182e-04
1.662676071382560104e-04
1.650767480193502670e-04
1.638702656421649640e-04
1.626489024986364437e-04
1.614660451079735651e-04
1.602715405172804269e-04
1.590660686092874659e-04
1.577988315148241816e-04
1.564596977523535770e-04
1.550047528436656447e-04
1.535512852486556226e-04
1.520996801590281881e-04
1.506503138069231577e-04
1.492035534484258293e-04
1.477597573548254661e-04
1.463192748113918836e-04
1.448824461234544080e-04
1.434496026295527878e-04
1.420673905515497121e-04
1.406911347228848377e-04
1.393211002299514305e-04
1.379575433566977911e-04
1.366007116677496198e-04
1.352508440961068211e-04
1.339081710351800705e-04
1.325954229932814878e-04
1.316798254117585256e-04
1.312377712805436409e-04
1.308304700626497670e-04
1.304581907342453907e-04
1.301212234020337121e-04
1.298198804887697698e-04
1.295544979583795409e-04
1.293254365840710728e-04
1.291330832630064598e-04
1.289778523813156854e-04
1.288601872334451206e-04
1.287805615000632662e-04
1.287394807889965620e-04
1.285271392695164628e-04
1.285753580589227296e-04
1.286636878508887129e-04
1.287927875445732796e-04
1.289633567488098875e-04
1.291761378196089674e-04
1.294319180009297771e-04
1.297315316759531639e-04
1.300560365524465380e-04
1.304270829577297054e-04
1.308456396454351820e-04
1.313127342228323188e-04
1.318294560808163979e-04
1.323969594917700100e-04
1.330164668868238681e-04
1.336892723248391251e-04
1.344167451662898062e-04
1.352003339661557620e-04
1.350258721258819719e-04
1.346801189068897104e-04
1.343304609717332475e-04
1.339769534340617420e-04
1.336196515151909681e-04
1.332586105325730421e-04
1.328938858883611253e-04
1.325711324575845889e-04
1.322467962407559538e-04
1.319209343868712862e-04
1.315936036772080199e-04
1.312648605194450299e-04
1.309347609420052655e-04
1.306205682366559369e-04
1.303041775870541162e-04
1.299856583980256300e-04
1.296650796834203161e-04
1.294268855250394216e-04
1.291905299800178266e-04
1.289391061785318481e-04
1.286906031854494670e-04
1.284620103123693168e-04
1.282355549528469221e-04
1.280113165534311234e-04
1.277893740442795237e-04
1.275735396287433758e-04
1.272886585569709783e-04
1.270501186452872508e-04
1.268153892552365892e-04
1.265845276839823181e-04
1.263575910149427792e-04
1.261346361386074977e-04
1.259119109581944651e-04
1.256934859962426164e-04
1.254794144061868928e-04
1.252697492802540627e-04
1.250645436718759453e-04
1.248638506183688058e-04
1.246677231638861863e-04
1.244762143826521120e-04
1.242893774024720146e-04
1.241072654285328681e-04
1.239299317674933743e-04
1.237574298518729558e-04
1.235898132647415056e-04
1.234563076395655472e-04
1.233291560914306722e-04
1.232084261772803998e-04
1.230941861072976204e-04
1.229865047855960042e-04
1.228854518515321427e-04
1.227910977216637931e-04
1.227035136323732811e-04
1.226227716831749268e-04
1.225489448807338152e-04
1.224821071836149674e-04
1.224223335477900700e-04
1.223825613149704783e-04
1.223124495292442768e-04
1.222472043387436765e-04
1.221868928948630670e-04
1.221315827924566685e-04
1.220813420988079258e-04
1.220384906721538675e-04
1.220007312266568590e-04
1.219681349506151173e-04
1.219407736003336960e-04
1.219742746414533051e-04
1.220103587520629068e-04
1.220491323983273512e-04
1.220907023521594149e-04
1.221351757149262201e-04
1.221826599421130591e-04
1.222624000400638082e-04
1.223439269511901125e-04
1.224273634933685821e-04
1.224638411174037099e-04
1.225000229740901285e-04
1.225360045444744909e-04
1.225718814234349747e-04
1.225785298447411927e-04
1.225867305751036907e-04
1.225859991535396148e-04
1.225875152088310121e-04
1.225913544229275222e-04
1.225975926165088765e-04
1.226063057635697214e-04
1.226175700064824120e-04
1.225535051689096507e-04
1.224883545325874208e-04
1.224221577623836837e-04
1.224327846729496186e-04
1.224462241452400609e-04
1.224625526243751285e-04
1.224818467967296284e-04
1.225041836081248298e-04
1.225296402825288926e-04
1.225582943412715045e-04
1.225902236227749507e-04
1.226255063028123778e-04
1.226642209152954189e-04
1.227064463736005041e-04
1.227522619924400376e-04
1.228017475102862464e-04
1.228549831123545858e-04
1.229120494541566222e-04
1.229119235853629087e-04
1.229558199235517468e-04
1.230028555313319614e-04
1.230531011602046187e-04
1.231066279192168361e-04
1.232066388970565966e-04
1.233079511617066247e-04
1.234942958363509477e-04
1.236780928586197234e-04
1.238594622299120688e-04
1.240385248730842662e-04
1.242295288407759999e-04
1.243193951198815156e-04
1.244114085480883976e-04
1.245056638774162444e-04
1.246022562506148544e-04
1.246576125314210613e-04
1.247133003403383302e-04
1.247693892671575950e-04
1.248259490294993939e-04
1.248830494752392031e-04
1.249407605853255219e-04
1.249991524769885416e-04
1.250582954073400227e-04
1.251182597773709915e-04
1.251791161363449006e-04
1.250894975492977635e-04
1.249935302689116263e-04
1.248912252669283417e-04
1.247825944909057886e-04
1.246629758436686142e-04
1.245373033739187636e-04
1.243329495089573011e-04
1.241192171696887080e-04
1.239684996895654850e-04
1.238117385536446576e-04
1.235931464906934302e-04
1.233698992846920324e-04
1.231419897264824975e-04
1.229094113807261540e-04
1.226721585932232645e-04
1.224302264980707924e-04
1.221836110246596265e-04
1.219710981251158360e-04
1.217517897047247835e-04
1.215257099895869378e-04
1.213422439388303761e-04
1.212440488907658322e-04
1.211455865613051216e-04
1.210469110796214069e-04
1.209096125225942678e-04
1.207742238255021924e-04
1.206407726115482762e-04
1.205092864466529042e-04
1.203797928444328276e-04
1.202523192712457936e-04
1.201268931513036701e-04
1.200035418718538207e-04
1.198822927884273616e-04
1.197631732301574983e-04
1.196462105051653544e-04
1.195314319060150805e-04
1.194188647152394768e-04
1.193085362109340294e-04
1.192004736724220428e-04
1.190579810943831387e-04
1.188990710844294951e-04
1.187416737549896323e-04
1.185857905004489033e-04
1.184314227362388144e-04
1.182785718993942643e-04
1.181272394491157028e-04
1.179774268673286741e-04
1.178291356592478593e-04
1.176823673539415937e-04
1.175371235048975623e-04
1.173934056905900144e-04
1.174529038394847824e-04
1.173218847031699461e-04
1.171924737468573211e-04
1.170646727242714331e-04
1.170182679108319165e-04
1.169693317574519928e-04
1.169179146787405508e-04
1.168640671661149935e-04
1.168265547970634427e-04
1.167876145665906702e-04
1.167473040978559719e-04
1.167056809859917194e-04
1.166628027915664610e-04
1.166187270343286149e-04
1.165735111872335172e-04
1.165272126707496674e-04
1.164798888474475425e-04
1.164444016254296080e-04
1.164073476842950359e-04
1.163687910273461182e-04
1.163788533323695853e-04
1.163849979084558630e-04
1.163873120615740189e-04
1.163858834887323862e-04
1.163808002494102426e-04
1.163721507375954910e-04
1.163099740559882120e-04
1.162469694741927493e-04
1.161654969529248932e-04
1.160842397546328088e-04
1.160032508385593628e-04
1.159065326662935718e-04
1.158094266384344218e-04
1.157119793246420689e-04
1.156142371446306687e-04
1.155162463669028407e-04
1.154180531076712268e-04
1.153356724181229517e-04
1.152539382549386433e-04
1.151385704692906698e-04
1.150241572941070354e-04
1.149107319439383570e-04
1.147983275164841152e-04
1.146834491525386071e-04
1.145946671961473913e-04
1.145080267762466070e-04
1.144235692597358518e-04
1.143413360003667255e-04
1.142613683471743589e-04
1.141837076530674658e-04
1.141120231311053697e-04
1.140429015298721071e-04
1.139763859369194747e-04
1.139125195049298545e-04
1.138513454621896756e-04
1.137929071232504549e-04
1.137372478997704394e-04
1.136844113115474344e-04
1.136344409977391298e-04
1.136343705667133179e-04
1.136988041886611330e-04
1.137606775661418468e-04
1.138200905012497552e-04
1.138771431774812583e-04
1.139319361381145948e-04
1.139845702654574127e-04
1.140351467609708501e-04
1.140837671262780808e-04
1.140757051995326476e-04
1.140686422933488031e-04
1.141174763176668869e-04
1.141647129315393790e-04
1.142104545118449282e-04
1.142548036642280557e-04
1.142978632100177274e-04
1.143271071220982926e-04
1.143546408666328836e-04
1.143805616358007862e-04
1.144049667821176841e-04
1.144279538050489334e-04
1.144496203384445815e-04
1.144678447462142094e-04
1.144848347742137399e-04
1.145006873344561879e-04
1.145154994288517195e-04
1.144507240185383638e-04
1.143836559656869259e-04
1.142832215846489619e-04
1.141822386342153872e-04
1.140807516251555125e-04
1.139788049225123629e-04
1.138479198426589335e-04
1.137153255698213647e-04
1.134905933893780793e-04
1.132690690650941411e-04
1.130507186491641408e-04
1.128355085887877831e-04
1.126234057193405385e-04
1.124425410060358874e-04
1.122660006940929888e-04
1.121039164187445403e-04
1.118559862869140297e-04
1.116176696435907127e-04
1.113888632716958659e-04
1.111694667505074176e-04
1.109593823951384822e-04
1.107585151976292812e-04
1.105667727696040020e-04
1.103840652864457160e-04
1.102103054329451340e-04
1.100454083503813759e-04
1.098892915849890550e-04
1.097418750377759808e-04
1.096030809156456310e-04
1.094728336837932491e-04
1.093510600193310346e-04
1.092376887661131792e-04
1.091326508907189657e-04
1.090358794395659996e-04
1.089473094971163836e-04
1.088668781451450715e-04
1.087945244230395964e-04
1.087301892891014669e-04
1.086738155828168121e-04
1.086951802778858426e-04
1.087208613253301537e-04
1.087508542389418450e-04
1.087851550378209970e-04
1.088237602440903081e-04
1.088266115321333678e-04
1.088317785323174731e-04
1.087617623507180868e-04
1.088620258674814583e-04
1.089520891006297705e-04
1.090319495468665981e-04
1.090885687881962805e-04
1.092456218953542123e-04
1.093954344532653474e-04
1.095380472337658832e-04
1.096265227763402669e-04
1.097101696490205040e-04
1.097890241434378749e-04
1.098631233196490904e-04
1.099325049877799626e-04
1.099972076896522710e-04
1.100572706804042316e-04
1.101127339101174579e-04
1.101636380054535444e-04
1.102451138342724516e-04
1.103203778947675759e-04
1.103894829331011999e-04
1.104524828983947254e-04
1.105094329095520191e-04
1.105603892220608978e-04
1.105745629857168448e-04
1.104215415176254376e-04
1.102731212633013678e-04
1.101219311578309745e-04
1.099756294067582966e-04
1.098341605386823699e-04
1.097341474633991339e-04
1.096405794662895684e-04
1.095534214611009361e-04
1.094726395476255091e-04
1.093982009963746939e-04
1.093300742336571159e-04
1.092682288270551756e-04
1.091761322282166976e-04
1.090885170316937273e-04
1.090053363152579684e-04
1.089265438110252978e-04
1.088520938887809668e-04
1.087819415395942837e-04
1.086216234616174317e-04
1.085067309717952265e-04
1.084025688238059117e-04
1.083090400332106156e-04
1.082260509867628026e-04
1.081535113643348345e-04
1.080913340630608297e-04
1.080394351236222599e-04
1.079977336586023380e-04
1.079661517828376033e-04
1.079446145457011607e-04
1.079330498652498669e-04
1.079313884641689070e-04
1.079585218296292431e-04
1.079944798379632641e-04
1.080392147940884267e-04
1.080926810585511295e-04
1.081711023901327543e-04
1.082589916254010068e-04
1.083563229418724123e-04
1.084630728207200298e-04
1.085792200152252684e-04
1.087047455202807986e-04
1.088396325429111087e-04
1.089838664737843204e-04
1.091374348596854877e-04
1.093003273769233545e-04
1.094725358056466074e-04
1.096540540050409355e-04
1.098448778893819854e-04
1.100450054049231802e-04
1.103237558482621607e-04
1.105293593474993870e-04
1.107651394180475285e-04
1.110014488824297515e-04
1.112382502802255888e-04
1.114755058237754153e-04
1.117620412787312249e-04
1.120467092554442698e-04
1.123294776012261607e-04
1.126103141078616633e-04
1.128891865159403025e-04
1.131660625192455386e-04
1.134409097692008902e-04
1.137136958793734121e-04
1.139712149713437421e-04
1.142905011205816543e-04
1.146039600029881151e-04
1.147946810670729361e-04
1.149797347287689935e-04
1.151590464927406467e-04
1.152731283893954208e-04
1.153841818819468460e-04
1.154921215820721127e-04
1.156491428865003918e-04
1.158055617702127930e-04
1.159390551603160281e-04
1.160747578486432833e-04
1.162126139226448085e-04
1.163525672911530721e-04
1.164945616734276707e-04
1.166385405884779434e-04
1.167844473446636165e-04
1.169322250295752396e-04
1.170818165001947527e-04
1.172331643733373906e-04
1.173862110163784606e-04
1.175606249264860400e-04
1.177376458377501562e-04
1.179172300619875434e-04
1.180993337464922977e-04
1.182839128633277135e-04
1.184709231987945472e-04
1.186603203430646890e-04
1.188520596799904483e-04
1.190460963770842629e-04
1.192423853756716763e-04
1.194408813812180452e-04
1.196415388538293705e-04
1.198865306954860477e-04
1.201316143615970965e-04
1.203767540672151239e-04
1.206444109598639637e-04
1.209110082743110136e-04
1.211765133084146198e-04
1.214408931814922441e-04
1.217041148370351302e-04
1.220731995996027913e-04
1.223585263871109928e-04
1.226284636630145910e-04
1.228829042912851300e-04
1.231217469847757542e-04
1.233448963723076275e-04
1.235522630620324426e-04
1.237437637010143992e-04
1.239193210309731035e-04
1.241415426293911574e-04
1.243509399368306122e-04
1.244845910305201889e-04
1.246021071047621767e-04
1.247034397479855996e-04
1.247961024062697866e-04
1.248721306854347704e-04
1.249314954799305496e-04
1.249741743578064587e-04
1.250001515747874192e-04
1.250094180838804314e-04
1.249944035155526939e-04
1.248708460838916031e-04
1.247321661532435188e-04
1.245821405104791276e-04
1.244207595760536981e-04
1.242480171295169418e-04
1.240910478461993078e-04
1.239239638188946620e-04
1.237822039389730106e-04
1.236319777051838177e-04
1.234732959472293441e-04
1.233061713311266693e-04
1.231306183616750105e-04
1.229466533842520017e-04
1.228571363347663180e-04
1.227640346184367579e-04
1.226673858299029353e-04
1.225672277804025793e-04
1.224635984880972797e-04
1.223565361684695457e-04
1.222460792247865972e-04
1.221322662386409178e-04
1.221190002501349153e-04
1.221074321770092286e-04
1.220976409191863146e-04
1.220897054264316270e-04
1.220837047101288101e-04
1.220797178555745792e-04
1.220778240347909001e-04
1.220404195362487086e-04
1.220071791538177838e-04
1.219781596805728855e-04
1.219910744060989085e-04
1.220357222282001302e-04
1.220814176368993057e-04
1.221282560844999803e-04
1.221763331983612263e-04
1.222257447901582336e-04
1.222765868658939002e-04
1.223289556366646618e-04
1.223829475301866450e-04
1.224386592030825510e-04
1.224961875539340135e-04
1.225556297371052845e-04
1.226170831773409865e-04
1.225978088657481764e-04
1.225766500604847980e-04
1.225536623764769543e-04
1.225289014711746481e-04
1.225024230364459888e-04
1.224742827907216597e-04
1.224445364713855258e-04
1.224132398274142299e-04
1.221775064612673533e-04
1.219308640148799802e-04
1.216733371501913495e-04
1.214049537981011062e-04
1.211018639805970043e-04
1.206385773400079064e-04
1.201719368631175733e-04
1.199029659754717901e-04
1.194342061559039344e-04
1.189667301751406054e-04
1.185004138658158658e-04
1.180351349836936196e-04
1.175707731962891540e-04
1.171072100727300875e-04
1.166443290748239123e-04
1.161820155493018837e-04
1.156814459074291372e-04
1.151796526744636992e-04
1.146765325533996381e-04
1.141719846282150501e-04
1.136659103759373585e-04
1.131582136794728277e-04
1.126864968322093100e-04
1.123889025220760986e-04
1.120982510036311520e-04
1.118222716638246292e-04
1.115534156564907742e-04
1.112916061259808026e-04
1.110367678186074942e-04
1.107888270507972835e-04
1.105477116779586544e-04
1.103133510640452378e-04
1.100856760517991104e-04
1.098646189336556332e-04
1.096501134232897174e-04
1.094420946277931773e-04
1.094145115762105313e-04
1.094349351149146295e-04
1.094500704100501766e-04
1.094841110303305433e-04
1.095118210987334280e-04
1.096333646670620354e-04
1.097537981950266398e-04
1.098732647861348685e-04
1.099919082115000763e-04
1.101098728980050431e-04
1.102171582902136243e-04
1.103245479955609936e-04
1.104423501818483597e-04
1.105600495784182059e-04
1.106777937221191556e-04
1.107957307800121861e-04
1.109140095509622640e-04
1.110327794692241276e-04
1.111316761479518137e-04
1.112303177783573974e-04
1.113288426057431696e-04
1.114273893684459893e-04
1.115260972972469898e-04
1.116251061165159949e-04
1.117142726076808084e-04
1.118045232251735577e-04
1.118959950418519728e-04
1.119888256077238416e-04
1.120831529656296960e-04
1.121791156686231014e-04
1.122768527990640393e-04
1.123765039894340719e-04
1.124782094448862013e-04
1.125821099675478585e-04
1.126883469825856922e-04
1.127970625660511603e-04
1.128338383192898904e-04
1.128696224858825349e-04
1.128742111696587217e-04
1.128765105840887431e-04
1.128258311663074429e-04
1.127756198071951820e-04
1.126741362331901331e-04
1.125707705249388580e-04
1.124655621689497258e-04
1.123585506154447291e-04
1.122497752723812205e-04
1.121392754996036582e-04
1.120270906031231654e-04
1.119132598295276146e-04
1.117978223605208807e-04
1.116144723512411480e-04
1.114014592200987687e-04
1.112513235767457565e-04
1.111009996473552667e-04
1.109754772367174436e-04
1.109085380015465680e-04
1.108430080409748912e-04
1.107789475043250560e-04
1.107164164529056096e-04
1.106554748683136609e-04
1.106371312915697432e-04
1.106224768266814775e-04
1.106115922892618274e-04
1.106045588424195111e-04
1.106014580249137122e-04
1.106023717799737053e-04
1.106073824848013791e-04
1.105916862394674716e-04
1.105815093097094144e-04
1.105769197980678093e-04
1.105779866355011858e-04
1.105847796166089516e-04
1.105858816611277170e-04
1.105408470690322220e-04
1.105049894359706394e-04
1.104783369116923736e-04
1.104609199044345372e-04
1.104527711090821918e-04
1.104539255363845741e-04
1.104644205432522857e-04
1.104842958641627943e-04
1.105135936437042122e-04
1.105523584702807567e-04
1.105597022874078302e-04
1.105745756018940585e-04
1.105969987893730221e-04
1.106053123217252065e-04
1.106201478224502386e-04
1.106415147862119085e-04
1.106694238691244178e-04
1.107038868939332537e-04
1.105923060991221380e-04
1.104799171703891127e-04
1.103666561518655683e-04
1.102524593806663471e-04
1.101372634922140700e-04
1.100210054259256550e-04
1.099036224312620709e-04
1.097850520741317567e-04
1.096652322436498362e-04
1.095441011592428139e-04
1.094215973781037114e-04
1.092976598029841203e-04
1.092951474321400128e-04
1.093542453668611304e-04
1.093695275876453135e-04
1.093997975499276851e-04
1.094183398550059420e-04
1.094251769199007708e-04
1.093948829683557964e-04
1.092733862234454058e-04
1.091527235179326873e-04
1.091108961663011108e-04
1.090705906744090132e-04
1.090286804558805798e-04
1.089851876396789692e-04
1.089401343919192347e-04
1.088935429128075680e-04
1.088454354336213349e-04
1.087958342137296339e-04
1.087447615376536172e-04
1.086922397121702208e-04
1.086382910634527713e-04
1.085829379342587685e-04
1.085262026811541111e-04
1.084681076717829807e-04
1.083387483653924473e-04
1.082117238344096176e-04
1.080870109253285506e-04
1.079645867036623224e-04
1.078444284499101730e-04
1.077265136555829707e-04
1.076108200192856505e-04
1.074514053355170073e-04
1.072965978486963002e-04
1.071463399126469190e-04
1.070005746777619870e-04
1.068592460710380182e-04
1.067222987764910957e-04
1.065896782159500539e-04
1.065413920322333586e-04
1.064965948095227129e-04
1.064552837779312851e-04
1.063829322048554080e-04
1.062855772058225701e-04
1.061887554982576977e-04
1.060924378379956770e-04
1.059965950896713400e-04
1.059011982254069696e-04
1.058062183235788570e-04
1.057116265676624913e-04
1.056173942451569083e-04
1.055234927465877672e-04
1.054298935645864288e-04
1.053365682930486422e-04
1.052434886263677694e-04
1.051506263587456398e-04
1.051309853627089940e-04
1.051077387402637672e-04
1.050720761717302321e-04
1.050332831149506952e-04
1.049913679474141260e-04
1.049463393174830547e-04
1.048982061423784062e-04
1.048557808027805293e-04
1.048098167382246511e-04
1.047603279725488112e-04
1.047073288681338825e-04
1.046508341219205780e-04
1.047260469767727050e-04
1.048044411103642403e-04
1.047507841656803183e-04
1.048690872441918124e-04
1.049927814758328301e-04
1.051219799704848450e-04
1.052567971573885439e-04
1.053973488402930309e-04
1.055437522540659260e-04
1.056961261227991610e-04
1.058457036674293519e-04
1.060019164028915358e-04
1.061648838359533403e-04
1.063347273094981114e-04
1.065115700704005367e-04
1.066955373391507620e-04
1.068867563812755581e-04
1.070853565806204001e-04
1.072914695145431568e-04
1.075052290310853515e-04
1.077267713281809103e-04
1.079812679594667577e-04
1.082426756128894164e-04
1.085111470771222961e-04
1.087868375469978595e-04
1.090699047083508330e-04
1.093605088253509633e-04
1.096588128303968210e-04
1.099649824166522803e-04
1.102791861333072458e-04
1.106015954836449993e-04
1.107469659850388526e-04
1.107589405652619998e-04
1.107706729635104772e-04
1.107564757401624826e-04
1.107406855881749630e-04
1.107232434238302501e-04
1.107040902732505202e-04
1.106831672814140462e-04
1.106604157214776020e-04
1.106357770044054243e-04
1.106198938257921683e-04
1.106025267761030941e-04
1.105729244034380578e-04
1.105041467488756087e-04
1.104351062260307612e-04
1.103657250217238552e-04
1.102959255225070362e-04
1.102256303173441591e-04
1.101547622008347039e-04
1.100832441769796979e-04
1.100109994634864861e-04
1.099379514966087858e-04
1.098640239365221069e-04
1.097256567992530707e-04
1.096001863612672326e-04
1.094773864629668483e-04
1.093571438058786669e-04
1.092393457356339583e-04
1.091238802171592840e-04
1.090106358110345334e-04
1.088995016510055413e-04
1.087903674226380166e-04
1.086831233431018211e-04
1.085776601420742249e-04
1.084738690437519489e-04
1.083716417499605420e-04
1.082708704243553327e-04
1.081714476776985599e-04
1.080732665542106499e-04
1.079762205189824530e-04
1.079312294979500430e-04
1.079520183306861299e-04
1.079729205341760145e-04
1.079938892062294760e-04
1.081877969628366798e-04
1.083732656295361086e-04
1.085502915669018571e-04
1.087188733802672624e-04
1.088790119047265253e-04
1.090307101892160882e-04
1.091739734796926421e-04
1.094144172262540813e-04
1.094309906331165135e-04
1.094469346184427872e-04
1.095624116831655636e-04
1.096463526437142924e-04
1.097233965719965614e-04
1.097935547822913928e-04
1.098568399547062254e-04
1.099132661230934000e-04
1.099628486625689054e-04
1.100056042766352552e-04
1.100415509839213017e-04
1.100707081045494375e-04
1.100930962461367702e-04
1.101087372894418845e-04
1.101176543736680208e-04
1.101198718814282683e-04
1.101414592090347450e-04
1.101576772883966406e-04
1.101685623570773474e-04
1.101741514461909347e-04
1.101744823621581161e-04
1.101816220460839210e-04
1.102392575978617013e-04
1.102950736466262461e-04
1.103491385283356498e-04
1.104015208040424318e-04
1.104522892490282857e-04
1.105015128423577915e-04
1.105492607568584899e-04
1.105956023495265338e-04
1.106406071523626178e-04
1.107156060172221354e-04
1.107878603984051866e-04
1.108988161185345359e-04
1.110051655406139436e-04
1.110968996600242617e-04
1.111847125731249883e-04
1.112686984697491534e-04
1.113489522548400361e-04
1.113941393688841882e-04
1.114302988957221330e-04
1.114649100682822648e-04
1.114943068958640414e-04
1.115225085497730738e-04
1.115495965300627990e-04
1.115756524519035683e-04
1.115204324905864783e-04
1.114684203738016294e-04
1.114196532319712801e-04
1.113741684036734063e-04
1.113320034472061815e-04
1.112931961523151139e-04
1.111262782249662113e-04
1.108824521600815932e-04
1.106595577634576387e-04
1.104047357551229600e-04
1.101437717942144949e-04
1.098766550323486234e-04
1.096301776717827824e-04
1.094243666240545757e-04
1.092195123089565411e-04
1.090155879121374019e-04
1.088125668119558519e-04
1.085922389355466883e-04
1.083737485600654016e-04
1.081570544862437517e-04
1.079421158573140897e-04
1.076750489558751491e-04
1.074126071268227141e-04
1.071547009549052960e-04
1.069012421631296083e-04
1.066521435825301645e-04
1.064073191226904308e-04
1.061666837429975634e-04
1.059301534246153895e-04
1.057693487446217733e-04
1.056157333775813715e-04
1.054692533665115304e-04
1.053298563325442158e-04
1.051974914496086450e-04
1.050721094197698888e-04
1.049536624492070444e-04
1.048891953644104179e-04
1.048338068964442099e-04
1.047874822524357506e-04
1.047502089913868710e-04
1.047219770186131916e-04
1.047027785811942957e-04
1.046926082644368045e-04
1.046444606238319336e-04
1.046030486751576286e-04
1.045683413114628359e-04
1.045403087486993079e-04
1.045189225088002976e-04
1.046082940734408359e-04
1.046990794854667196e-04
1.047913120951073871e-04
1.048850254165931969e-04
1.050110656040196004e-04
1.051371616082042831e-04
1.052633588835669598e-04
1.053897031030719968e-04
1.055162401587653084e-04
1.056430161625129290e-04
1.057700774469374659e-04
1.058974705665595336e-04
1.059478332281813510e-04
1.059635948842320728e-04
1.059867669610756473e-04
1.060084508761802825e-04
1.060286429877031289e-04
1.060473397146277760e-04
1.061094757767243161e-04
1.061585024293857434e-04
1.062033333799044518e-04
1.062439788786287545e-04
1.062149467526669557e-04
1.060817334396006549e-04
1.059530163921785557e-04
1.058287097520401707e-04
1.057087285454293596e-04
1.055929886513129852e-04
1.054814067702646360e-04
1.053739003940927624e-04
1.052703877762022077e-04
1.051707879026702968e-04
1.050750204640240497e-04
1.049830058277058116e-04
1.049039215102764468e-04
1.048288719577491888e-04
1.047577838752012942e-04
1.046905845973920086e-04
1.046272020630394366e-04
1.045675647896731903e-04
1.045116018490513117e-04
1.044592428431266677e-04
1.044104178805593233e-04
1.043650575537575034e-04
1.043230929164428746e-04
1.042590464298114988e-04
1.041970378099099257e-04
1.041369868763456652e-04
1.040788137386520790e-04
1.040224387818860840e-04
1.039677826528431038e-04
1.039147662468885118e-04
1.038633106953956720e-04
1.038157396256155087e-04
1.037930507888409340e-04
1.037703584596210668e-04
1.038243432183947186e-04
1.038819865822367946e-04
1.039432685042712028e-04
1.040081692601944267e-04
1.040766694402680013e-04
1.041487499414071714e-04
1.042006919534623410e-04
1.042132267743222344e-04
1.042326356930167546e-04
1.042588619283110768e-04
1.042918499836151437e-04
1.043315456091705834e-04
1.044146918364707280e-04
1.045062966541365366e-04
1.046063391863360625e-04
1.047148004432761148e-04
1.048316632961421866e-04
1.049569124528297403e-04
1.050905344344412937e-04
1.052325175525299785e-04
1.053828518870666411e-04
1.055415292651135453e-04
1.057728238028173337e-04
1.060158617649683118e-04
1.062707092170310340e-04
1.065374360475201130e-04
1.068161159984372708e-04
1.071068266977418524e-04
1.074096496938691257e-04
1.077246704923191101e-04
1.080519785943367489e-04
1.083916675377077948e-04
1.087438349396933782e-04
1.091085825421329668e-04
1.094860162587396092e-04
1.098762462246209498e-04
1.102793868480547620e-04
1.106991631355637380e-04
1.112307638730974024e-04
1.117713543119932352e-04
1.123448685831455194e-04
1.129198682794073518e-04
1.134034074730759766e-04
1.137010541082936118e-04
1.139934494258477922e-04
1.142390139630533851e-04
1.144809736889428568e-04
1.147191956888556742e-04
1.149535465076132747e-04
1.151838921899105448e-04
1.152930235216636975e-04
1.156537968483047600e-04
1.160179244553280952e-04
1.162735524994319095e-04
1.165264093017017729e-04
1.167763810687490737e-04
1.170233534132178064e-04
1.172121830401945619e-04
1.174003658229146388e-04
1.175877757269353077e-04
1.177742859526690288e-04
1.179597689442748310e-04
1.181440963999210852e-04
1.183271392834364763e-04
1.185087678373571840e-04
1.186888515973861548e-04
1.188672594082763526e-04
1.190438594411477981e-04
1.192185192122512463e-04
1.193911056031880552e-04
1.195614848825968452e-04
1.197295227293176815e-04
1.198950842570378327e-04
1.201143984400986862e-04
1.203282894022317701e-04
1.205366304784247840e-04
1.208399302055322705e-04
1.211327420956164212e-04
1.214149406408755884e-04
1.216864026832668448e-04
1.219470074901624377e-04
1.221966368295025773e-04
1.223988415491340787e-04
1.225879344593158184e-04
1.227156652646568054e-04
1.228275678687002458e-04
1.229352617209815174e-04
1.228299642091678571e-04
1.228707968968069733e-04
1.228981154157042846e-04
1.229482554298837085e-04
1.229946264867356933e-04
1.230293653914429366e-04
1.227800901297065276e-04
1.225336923272266087e-04
1.222899364505711207e-04
1.220485888991180225e-04
1.219016317826961430e-04
1.217608485959564840e-04
1.216260437676896584e-04
1.214970233983574084e-04
1.213583818332818025e-04
1.212259405444235865e-04
1.210994980397562734e-04
1.209788544939602149e-04
1.208638116556273230e-04
1.207541727579106682e-04
1.206497424325594307e-04
1.205503266272748853e-04
1.204557325263399040e-04
1.204113249390375873e-04
1.203735421847980153e-04
1.203422196351496882e-04
1.203171938839009929e-04
1.203194741496500824e-04
1.203287648933194087e-04
1.203449195616116692e-04
1.203677927133873718e-04
1.204756177037940267e-04
1.205923136009558725e-04
1.207177956661062196e-04
1.208519806381259856e-04
1.209947866633118846e-04
1.211461332263221406e-04
1.214044536533772929e-04
1.216665223723393646e-04
1.219323000736275781e-04
1.222017472516976711e-04
1.224748241894540372e-04
1.227514909428035724e-04
1.230317073253403158e-04
1.233154328931740330e-04
1.237307341604526828e-04
1.242383210980279532e-04
1.247394445412959043e-04
1.252340610550364342e-04
1.257221289768147021e-04
1.262036084192301422e-04
1.266784612714055890e-04
1.271466511997247509e-04
1.276081436478208268e-04
1.280629058358301136e-04
1.285109067589153503e-04
1.289521171850701816e-04
1.293882153398020086e-04
1.296815709558451102e-04
1.299975225237018199e-04
1.302973044706311645e-04
1.305808088093443826e-04
1.306178870056073915e-04
1.306456141714342303e-04
1.306638759653961854e-04
1.306725600271387564e-04
1.306715560578075293e-04
1.306607559006504762e-04
1.306400536217320371e-04
1.306093455907020068e-04
1.305685305615463172e-04
1.305577720819344140e-04
1.305386598121650583e-04
1.305111086061415610e-04
1.304750350179529066e-04
1.304303573578335473e-04
1.303189639397092571e-04
1.301960482718865270e-04
1.300615266711137579e-04
1.299153190186532424e-04
1.298414538670639737e-04
1.298925470404175447e-04
1.299421697308869486e-04
1.299903087415205973e-04
1.300369509088930358e-04
1.300820831045177122e-04
1.301256922362736248e-04
1.301677652498381768e-04
1.302082891301322549e-04
1.302472509027744699e-04
1.302846376355440709e-04
1.303204364398544569e-04
1.304241227243312367e-04
1.305865433020092568e-04
1.307408175117696361e-04
1.309415284183429961e-04
1.311315265338603103e-04
1.314462212085980037e-04
1.314891364409225666e-04
1.315273477794557766e-04
1.315608750685418732e-04
1.315897386790791299e-04
1.316139595006463503e-04
1.316335589335744234e-04
1.316485588809630986e-04
1.316589817406503820e-04
1.316648503971297002e-04
1.316661882134278984e-04
1.316630190229399510e-04
1.316553671212245598e-04
1.316432572577667926e-04
1.316235134434595526e-04
1.315677554615697891e-04
1.315059399651039029e-04
1.314380827295681480e-04
1.313642003489285802e-04
1.312843102301406340e-04
1.311984305875010793e-04
1.311065804368301388e-04
1.310087795894799428e-04
1.309363414665880862e-04
1.309177068486164295e-04
1.308860906721368250e-04
1.308535235124250087e-04
1.308200506864121506e-04
1.307857174848148761e-04
1.307505691691036463e-04
1.307146509686232534e-04
1.306780080778732344e-04
1.306814806554996457e-04
1.306657381517212755e-04
1.306481909556207819e-04
1.306046172563448717e-04
1.305605920958728162e-04
1.305161604401900051e-04
1.304713671987720448e-04
1.304262572232693510e-04
1.303808753063444227e-04
1.303352661806668684e-04
1.302894745180585123e-04
1.302435449287925393e-04
1.301975219610475179e-04
1.299760677828738949e-04
1.297638065269003302e-04
1.295606498556839674e-04
1.293665116319651280e-04
1.291813078733469288e-04
1.290049567080557406e-04
1.288373783317587706e-04
1.286784949654085747e-04
1.285282308140816199e-04
1.283821161956323175e-04
1.281245162928742792e-04
1.278696093195560112e-04
1.275073839315771067e-04
1.271427727873934135e-04
1.268849097969722566e-04
1.266292084734272521e-04
1.263755553308445914e-04
1.260104896890543830e-04
1.256582725949929196e-04
1.253186420742659834e-04
1.249800614332875878e-04
1.246117262493118586e-04
1.242582029324265343e-04
1.239191861097209543e-04
1.235943775464908793e-04
1.232834858691158198e-04
1.229862262967674352e-04
1.227023203816004322e-04
1.224314957570956069e-04
1.222337701305096504e-04
1.220513371840575856e-04
1.218839760926893263e-04
1.217314724941981764e-04
1.215936182639867322e-04
1.214702112965267714e-04
1.213610552932361142e-04
1.212659595565031962e-04
1.211847387895991288e-04
1.211172129022309327e-04
1.210632068214972414e-04
1.210225503080188477e-04
1.209950777770229028e-04
1.209806281241717046e-04
1.209790445559336987e-04
1.209901744243025080e-04
1.209541864700458194e-04
1.209276879829821643e-04
1.208652715684093234e-04
1.207085340572256317e-04
1.205579887729988124e-04
1.204133591533876812e-04
1.202743707517255924e-04
1.202099986647076660e-04
1.200413378296274027e-04
1.198794843399073143e-04
1.197241403367838817e-04
1.195750104576092857e-04
1.192783280488319468e-04
1.189955541064631413e-04
1.188489569691656111e-04
1.185746795175820887e-04
1.183193340173842707e-04
1.180824394394013158e-04
1.178304666184614688e-04
1.175978053262270430e-04
1.173965815315678536e-04
1.172406246894019277e-04
1.170866258514257751e-04
1.169790579287831008e-04
1.164993314854666500e-04
1.160876536840552918e-04
1.154056029650988815e-04
1.148086194368492694e-04
1.139977814773974958e-04
1.123794825288764772e-04
1.109211485546616316e-04
1.096157942614014948e-04
1.084571292784342528e-04
1.074395086549646643e-04
1.065578885229721064e-04
1.058077864389389398e-04
1.051852459721515452e-04
1.046868051558678205e-04
1.043094684607822036e-04
1.040506819886435316e-04
1.039083116181183217e-04
1.038806238656018397e-04
1.039662692510430383e-04
1.041642679834058662e-04
1.044739978024354036e-04
1.048813652861751424e-04
1.053994340269641340e-04
1.060285377789880708e-04
1.067693332463884992e-04
1.076227965397452213e-04
1.085902211351181672e-04
1.095796860761968602e-04
1.106800543882104245e-04
1.116125500834325818e-04
1.125710201797411146e-04
1.136572594933162115e-04
1.148731592273356447e-04
1.162209866078700089e-04
1.177033871351458480e-04
1.191935458079252866e-04
1.208219440778856245e-04
1.225742875052177625e-04
1.244534731958524655e-04
1.264626748047346428e-04
1.286053461571036113e-04
1.308852257091027392e-04
1.333063418581717085e-04
1.358730191267794568e-04
1.385898852584170518e-04
1.414618792830835516e-04
1.444942606314531084e-04
1.476905731645392582e-04
1.510585995409762753e-04
1.545584300649734133e-04
1.582383566135848248e-04
1.621050420525181591e-04
1.664191362530723626e-04
1.709606340228200067e-04
1.757395684389515412e-04
1.807665911653628477e-04
1.860530161133723711e-04
1.916108694797338883e-04
1.974529473732725561e-04
2.035928824854174493e-04
2.108123292170163872e-04
2.186169044610270786e-04
2.265288333827057373e-04
2.348147260429977686e-04
2.434935925922339177e-04
2.525858588289888232e-04
2.621135565610215696e-04
2.721005493431125034e-04
2.825728001211310031e-04
2.934734284148679128e-04
3.035942350264109516e-04
3.142657131234255865e-04
3.255262750271742931e-04
3.374189379166023760e-04
3.499920707450415855e-04
3.633002685054419960e-04
3.774053733479653728e-04
3.923776644590066566e-04
4.082972411918558324e-04
4.252556266840735381e-04
4.433576220859975869e-04
4.627234445312397885e-04
4.832315950286177769e-04
5.050203879198114122e-04
5.284850543779707468e-04
5.536030235699029248e-04
5.808077548009708824e-04
6.097647527258090363e-04
6.424872589363379372e-04
6.782990882600723652e-04
7.176167520041229486e-04
7.609181838125236548e-04
8.087509704588005666e-04
8.617414524666734644e-04
9.206047428369856052e-04
9.861557067316500426e-04
1.059320937629403903e-03
1.141151755996380485e-03
1.232838244684581830e-03
1.335724320872879638e-03
1.451656831619532089e-03
1.582858060647869894e-03
1.730966883428313808e-03
1.897574322115148319e-03
2.085051059338298256e-03
2.296030825139745712e-03
2.533430871963923518e-03
2.800472613106744224e-03
3.100702162137384567e-03
3.438010468386985038e-03
3.815888315189913584e-03
4.239164619611777811e-03
4.713552117649233431e-03
5.244384671862839173e-03
5.837542603282860551e-03
6.499341221630578966e-03
7.234843397792950839e-03
8.051044213817405010e-03
8.957399708287825529e-03
9.961345580331246521e-03
1.107218017271220829e-02
1.229853246335846362e-02
1.365004031717590924e-02
1.513587759901525651e-02
1.676586009530292229e-02
1.855001907183561130e-02
2.049853548532920566e-02
2.262166454741284735e-02
2.492965052782541990e-02
2.743263182704528541e-02
3.014053650832976272e-02
3.306296865374903221e-02
3.621325838064990560e-02
3.959628788647381187e-02
4.321995392659697816e-02
4.709129749090958800e-02
5.121635650725601258e-02
5.560001573758622390e-02
6.024585564573758240e-02
6.515600219972370044e-02
7.033097973678897885e-02
7.576956916119474694e-02
8.146867385771817960e-02
8.742319578334696584e-02
9.362592424117963108e-02
1.000674398401044940e-01
1.067360360980792316e-01
1.136387481031525259e-01
1.207570937693288327e-01
1.280638877800226449e-01
1.355477338999174497e-01
1.431723053981615590e-01
1.509054633871001749e-01
1.587322269246155826e-01
1.666089773160577825e-01
1.745163690990605421e-01
1.824077228868954126e-01
1.902486292204736695e-01
1.980012030874274687e-01
2.056417310147924671e-01
2.131178629991828111e-01
2.203917776964416375e-01
2.274234860225760879e-01
2.341794137909518903e-01
2.406165135685764400e-01
2.467070421905919186e-01
2.524060204597592394e-01
2.576802826882099717e-01
2.624970091700817298e-01
2.668265933384851851e-01
2.706420975058259626e-01
2.739325735321863631e-01
2.766638675571827521e-01
2.788188537987590365e-01
2.803833583981902855e-01
2.813472976502846001e-01
2.817044547290259437e-01
2.814634292789489622e-01
2.806145331422081890e-01
2.791671471962549611e-01
2.771270773401920406e-01
2.745075256205464775e-01
2.713253311184789518e-01
2.676051083839398603e-01
2.633600022652928252e-01
2.586317091411451941e-01
2.534401139801344960e-01
2.478168449400247331e-01
2.417956267505995960e-01
2.354247590943351065e-01
2.287284454439057202e-01
2.217555870923451633e-01
2.145333494475139824e-01
2.071067545656612996e-01
1.995034846137983542e-01
1.917694344352353364e-01
1.839401875501407713e-01
1.760708023707401593e-01
1.681788932820356408e-01
1.603014589226359199e-01
1.524682617456130096e-01
1.447355449662065807e-01
1.371060240537426977e-01
1.296256999890679773e-01
1.222987083029755256e-01
1.151640876817365128e-01
1.082735860331382888e-01
1.015937054826519248e-01
9.513861493991347673e-02
8.892014162889207152e-02
8.294782869293228222e-02
7.722901283270780515e-02
7.176891961682131671e-02
6.657077401062262700e-02
6.163592362257171164e-02
5.696657972169746204e-02
5.255786840548137134e-02
4.840634706292635397e-02
4.450726690047225598e-02
4.085472353422121838e-02
3.744180660215191969e-02
3.426074661745456829e-02
3.130305748121382098e-02
2.855967327843730863e-02
2.602107819124143892e-02
2.367776881452768670e-02
2.151930821058190696e-02
1.953553072451281319e-02
1.771625548341003789e-02
1.605137151597531633e-02
1.453886993703856767e-02
1.316352808748702877e-02
1.191314834399419091e-02
1.078094250031100265e-02
9.755395650660069265e-03
8.828073958171365684e-03
7.990952399261463251e-03
7.234250733986770897e-03
6.554589137479793597e-03
5.947170380028331607e-03
5.401630794340415639e-03
4.912158499858793916e-03
4.473364126047021418e-03
4.080268784618888700e-03
3.728289475470899280e-03
3.413222446268091535e-03
3.130969989938996601e-03
2.878562365836466030e-03
2.652542682979131938e-03
2.450032748848290660e-03
2.268434959321715110e-03
2.105411909293646629e-03
1.958866395914933729e-03
1.826921997124087522e-03
1.707904372822977024e-03
1.600323403680076195e-03
1.502856253255985741e-03
1.414569893512678629e-03
1.333767707058392763e-03
1.259981621979071190e-03
1.192406974656668329e-03
1.126438164234367430e-03
1.064332991836850796e-03
1.007841954292474241e-03
9.553538392858319534e-04
9.064561155287340771e-04
8.607882711959182875e-04
8.180353248079287598e-04
7.779220385350262001e-04
7.402077782499959105e-04
7.048919388892548868e-04
6.745876841538438586e-04
6.460102925031155092e-04
6.190161871305490228e-04
5.934791410678563446e-04
5.692878906731667571e-04
5.463440638475710416e-04
5.246806445437192032e-04
5.040846761166967215e-04
4.844879555478071921e-04
4.658292629850365948e-04
4.480533891358741460e-04
4.311103053382795737e-04
4.149544570157928159e-04
3.995441634449728831e-04
3.848411088000302615e-04
3.708099112931486285e-04
3.574177589049308784e-04
3.446341017054074633e-04
3.324536238318080120e-04
3.208235773297887132e-04
3.097190315174321311e-04
2.991164792322595486e-04
2.889937053311263798e-04
2.793296751173169582e-04
2.701044393560325272e-04
2.612990530687797782e-04
2.528955057519279102e-04
2.448766610536396620e-04
2.372262042746588694e-04
2.299285963393996935e-04
2.228984848626251400e-04
2.159922081301024282e-04
2.092768870454167138e-04
2.028629730302922412e-04
1.967551226376972073e-04
1.909228237000881712e-04
1.853390434944170476e-04
1.800263323464501249e-04
1.751108781946739319e-04
1.704135237549702308e-04
1.660227500192461086e-04
1.618995557715605441e-04
1.579711579089688827e-04
1.542306337269242552e-04
1.506713898155321294e-04
1.472871545134830506e-04
1.442198403789377806e-04
1.414705090494682265e-04
1.388819475266680624e-04
1.364494300849181129e-04
1.341685642980773618e-04
1.320352859622683968e-04
1.298672394855069278e-04
1.277738906297986416e-04
1.258373615278914536e-04
1.240534075599644009e-04
1.224182135545243578e-04
1.209283862217193654e-04
1.195809482652018113e-04
1.183733342087151999e-04
1.173033879840894479e-04
1.163693623387883510e-04
1.155699201336533432e-04
1.149041376152132207e-04
1.143715097620379265e-04
1.139719578213079009e-04
1.137058391702686029e-04
1.135739596577835421e-04
1.135775886040846217e-04
1.137184766623486142e-04
1.139988767742948923e-04
1.144215684839876073e-04
1.149898859099615531e-04
1.157077497161823734e-04
1.165797034678522443e-04
1.176109548094178981e-04
1.188074219601314979e-04
1.195903706324945830e-04
1.200003073002413139e-04
1.204173881338734258e-04
1.204465836754849568e-04
1.203961907484780384e-04
1.204217149296120707e-04
1.202694004360723996e-04
1.202394649962402551e-04
1.200022325454291281e-04
1.198151285913283176e-04
1.196568627345028640e-04
1.195487142903733376e-04
1.192366364525956988e-04
1.189639991633418322e-04
1.187130255345931709e-04
1.185013192387765366e-04
1.181935158321504974e-04
1.179228145767507649e-04
1.175535718244055796e-04
1.172178611723448871e-04
1.169036897036502187e-04
1.166228238203261073e-04
1.163754432825657204e-04
1.161617529139439203e-04
1.158081078031749695e-04
1.154808450360516166e-04
1.151758945078059417e-04
1.148973775073831497e-04
1.146454307255120989e-04
1.144202062758171252e-04
1.140867728636954780e-04
1.137743785363664218e-04
1.134831121987782469e-04
1.132130717859015521e-04
1.129643645969511387e-04
1.127371076395667493e-04
1.124784229989308750e-04
1.122390592169957349e-04
1.120093410068489701e-04
1.117987228547405584e-04
1.116073209459463776e-04
1.114352597717566427e-04
1.112743880051391456e-04
1.111327469308301944e-04
1.109432618904143957e-04
1.107701811271632336e-04
1.105286124606878609e-04
1.104895510129566896e-04
1.106167458507917718e-04
1.107168026347101755e-04
1.108201832769360669e-04
1.109272007883006084e-04
1.110381696911303046e-04
1.111534061250046905e-04
1.112732279615421838e-04
1.113979549283158828e-04
1.115279087420138402e-04
1.116634132509625209e-04
1.118047945871488471e-04
1.119523813278860172e-04
1.121065046672783179e-04
1.122674985976590241e-04
1.124357001011807130e-04
1.126114493517639108e-04
1.127950899276160875e-04
1.129869690345524351e-04
1.131855388021482103e-04
1.133931424304303277e-04
1.135453403774606577e-04
1.137038925674092030e-04
1.138691046238175206e-04
1.140412849302825757e-04
1.142207448062584034e-04
1.144077986916025374e-04
1.146027643400544360e-04
1.148059630218556425e-04
1.150177197357285221e-04
1.152383634304508239e-04
1.154566635848467538e-04
1.156839066757038998e-04
1.159204228656057599e-04
1.161665467768613081e-04
1.163370728438974257e-04
1.165218874714871996e-04
1.167212953262277157e-04
1.169356081198837723e-04
1.170571778151429005e-04
1.171886502817359195e-04
1.173302449851644687e-04
1.174821848815237166e-04
1.176446965959182913e-04
1.177485976605459567e-04
1.176567663128111937e-04
1.175612577906063070e-04
1.174621374562651689e-04
1.173594708184031842e-04
1.172533235133437423e-04
1.171437612868563352e-04
1.170308499762072522e-04
1.169322943181239880e-04
1.168137284471029659e-04
1.166920175978241719e-04
1.165672277146753873e-04
1.164394247492668468e-04
1.163086746444837904e-04
1.161750433188704548e-04
1.160385966513526897e-04
1.158994004662965811e-04
1.157575205189095060e-04
1.154653093070847800e-04
1.151542324078532999e-04
1.148890628478181538e-04
1.146299893456305966e-04
1.145232831733208661e-04
1.141890922289370396e-04
1.138653666096657699e-04
1.135519716589790905e-04
1.132487760917908870e-04
1.129556519141372751e-04
1.126724743450134716e-04
1.123991217402996369e-04
1.121354755187119813e-04
1.118814200897167783e-04
1.116368427833469351e-04
1.114016337818648795e-04
1.111756860532122515e-04
1.109588952861938985e-04
1.107511598273429944e-04
1.105523806194151848e-04
1.103624611414626464e-04
1.101545285730087836e-04
1.099540502628773813e-04
1.097609246356938769e-04
1.095750520356209636e-04
1.093963346728993731e-04
1.092246765716293246e-04
1.090599835187563597e-04
1.088131695128415787e-04
1.085779396764335349e-04
1.083541147992741176e-04
1.081415201629496668e-04
1.079399853951076990e-04
1.077414235302024699e-04
1.075532327141183665e-04
1.073752505518055071e-04
1.073941856866390202e-04
1.074133417487934181e-04
1.074327044730418021e-04
1.074522595850377647e-04
1.074719928010509117e-04
1.074918898277186748e-04
1.074693821074298821e-04
1.074491588051252396e-04
1.074311826627040223e-04
1.074083629181779847e-04
1.073873728680663046e-04
1.073681720872404733e-04
1.073507202694872761e-04
1.073252679530315958e-04
1.073010119258342298e-04
1.072876123548642351e-04
1.072660882022763467e-04
1.071467747843956106e-04
1.070237721745452336e-04
1.068970019263818682e-04
1.067663864185333482e-04
1.066318488846259254e-04
1.064933134437788244e-04
1.064132771585450150e-04
1.063257994794433638e-04
1.062308396858456939e-04
1.061283588397772261e-04
1.060183198204960145e-04
1.059006873585999008e-04
1.057754280696333795e-04
1.056425104871640448e-04
1.056544165956148590e-04
1.057353498115770065e-04
1.058193250456305052e-04
1.059063979510226923e-04
1.059966246096593565e-04
1.062385547508605592e-04
1.065086249988406359e-04
1.067735500209372995e-04
1.070334293399291721e-04
1.072908442213301155e-04
1.075433047556108399e-04
1.077561258503617104e-04
1.078952347602752212e-04
1.080346682098132628e-04
1.081014883343285685e-04
1.081723652307511402e-04
1.082473602129016164e-04
1.083265352088138786e-04
1.084099527828257111e-04
1.084976761581156511e-04
1.085897692396930889e-04
1.086862966378530573e-04
1.087585935487077603e-04
1.088368598907751475e-04
1.089211475990858359e-04
1.090115097248001055e-04
1.091080004607739696e-04
1.092106751676575471e-04
1.093195904005341273e-04
1.094348039361185730e-04
1.095563748005312069e-04
1.096758624714923731e-04
1.097458186113354567e-04
1.098190420225131548e-04
1.098955476707847443e-04
1.099753508392875567e-04
1.100584671320856535e-04
1.101449124777781726e-04
1.102347031331734185e-04
1.103278556870241695e-04
1.104243870638290254e-04
1.105781396584539069e-04
1.106840226554581431e-04
1.107968131823543537e-04
1.109185829670439528e-04
1.110493674285777571e-04
1.111892042112775628e-04
1.113381332023815896e-04
1.114961965506315556e-04
1.116591281988868863e-04
1.117879862989240488e-04
1.119283962815690589e-04
1.120803830870910995e-04
1.122439751524533636e-04
1.124192044163286269e-04
1.126061063258528521e-04
1.128047198451132991e-04
1.130150874653739341e-04
1.132372552170346941e-04
1.134712726833276035e-04
1.137171930157541728e-04
1.139750729512658563e-04
1.142449728311948590e-04
1.145269566219414049e-04
1.148210919374215063e-04
1.151274500632901138e-04
1.154461059829466811e-04
1.156841617266286972e-04
1.159389037791680276e-04
1.162103738823005810e-04
1.164986204125430171e-04
1.168036983662405689e-04
1.169852947823665724e-04
1.170014275401992480e-04
1.170499266335261736e-04
1.171002255485638078e-04
1.171521228672959332e-04
1.172054168820730246e-04
1.172599055696951689e-04
1.173153865689782277e-04
1.173716571618069307e-04
1.177014479863152161e-04
1.180103156349401986e-04
1.183068368984358621e-04
1.183586892101699676e-04
1.184089739173080287e-04
1.184575005164156477e-04
1.185040782682179184e-04
1.185485162272729417e-04
1.185906232747095955e-04
1.186302081540362244e-04
1.186691719753557480e-04
1.187053347000127640e-04
1.187385058373226178e-04
1.187684949036186952e-04
1.187951114714446950e-04
1.188181652217617276e-04
1.188374659991716108e-04
1.190859478635956529e-04
1.193189893852882407e-04
1.195364276636024908e-04
1.197381053862263140e-04
1.199238709795175231e-04
1.200935787561375822e-04
1.200360416382447191e-04
1.199727063780102254e-04
1.199034047649295885e-04
1.199205782452125805e-04
1.199359399508473768e-04
1.199493564516078268e-04
1.199606943483710327e-04
1.199698202954373730e-04
1.199766010243227224e-04
1.199809033690217992e-04
1.199825942927372046e-04
1.200527700578508678e-04
1.201017078259812256e-04
1.201433608026353049e-04
1.201776174623779108e-04
1.202043675145523090e-04
1.202235019696978950e-04
1.202349132065228806e-04
1.202384950393957028e-04
1.202341427863057294e-04
1.202217533372519138e-04
1.202012252230094962e-04
1.201724586842299218e-04
1.201353557408193037e-04
1.200898202615497182e-04
1.200357580338492309e-04
1.199730768337133399e-04
1.199016864956889520e-04
1.198214989828683743e-04
1.197324284568412255e-04
1.197952505291190845e-04
1.199542023674357805e-04
1.201378324634497821e-04
1.203139923395053524e-04
1.203209053288173657e-04
1.205621108364797939e-04
1.208003868413418190e-04
1.210357962588436056e-04
1.212684028482138041e-04
1.214672442233054593e-04
1.216648740112307321e-04
1.218613521863533272e-04
1.220567391871038587e-04
1.222510959101708158e-04
1.224444837049913800e-04
1.226369643685425376e-04
1.228286001404416930e-04
1.230194536983570232e-04
1.232095881537325504e-04
1.233990670478355746e-04
1.235879543481264661e-04
1.237763144449581922e-04
1.239958769336368797e-04
1.242135438917448995e-04
1.244293884632993263e-04
1.246434844589697861e-04
1.248559063448223777e-04
1.251066913711750364e-04
1.254618307919971789e-04
1.258194660615892470e-04
1.260197168030474473e-04
1.262301874941942318e-04
1.264510056212209631e-04
1.266823017407440490e-04
1.269242095649227541e-04
1.271768660487984886e-04
1.272073617720009234e-04
1.272368962947455077e-04
1.272654343118760905e-04
1.272929405100534236e-04
1.274300790479416048e-04
1.275606562867466595e-04
1.277378118460141619e-04
1.279111382142448746e-04
1.280806665288166573e-04
1.282464285182945433e-04
1.284084564908377732e-04
1.285667833226222226e-04
1.287214424462772234e-04
1.288724678393498701e-04
1.290198940127959689e-04
1.291637559995054119e-04
1.293040893428680179e-04
1.294409300853805735e-04
1.295743147573050755e-04
1.297042803653791234e-04
1.298308643815838557e-04
1.299541047319766409e-04
1.300740397855880881e-04
1.301102509756972417e-04
1.301392007383623292e-04
1.302583152464493999e-04
1.303653467102229666e-04
1.304603240360021536e-04
1.305432796559258040e-04
1.306142494858794178e-04
1.305755408004421775e-04
1.305298633691067539e-04
1.305748923320074932e-04
1.306415622665735494e-04
1.306947215201019854e-04
1.307344295920171231e-04
1.304024069463507248e-04
1.300160125175942440e-04
1.296144547291013611e-04
1.291977614782920461e-04
1.287628396747679332e-04
1.283127276289688240e-04
1.278738168991945567e-04
1.273960374435198538e-04
1.269162095886112800e-04
1.265240206066971587e-04
1.261333786882222528e-04
1.257441986592572108e-04
1.253563963452078987e-04
1.249698885618544958e-04
1.245845931069443206e-04
1.242004287523296028e-04
1.238173152366382225e-04
1.234694440398554152e-04
1.231239392775938205e-04
1.227807265251306789e-04
1.224397321440372211e-04
1.221008832702776242e-04
1.217641078027398337e-04
1.214293343921883970e-04
1.210964924306334679e-04
1.207655120411079596e-04
1.204363240678459600e-04
1.201088600668565970e-04
1.197830522968846792e-04
1.194588337107531920e-04
1.191361379470796684e-04
1.188148993223623527e-04
1.184950528234267542e-04
1.181765341002286859e-04
1.177726106036854894e-04
1.173747772759181266e-04
1.169828808069870249e-04
1.166547240537740479e-04
1.163351119874139744e-04
1.160239070616412215e-04
1.157209743266123886e-04
1.154261813559909775e-04
1.151393981758648620e-04
1.148604971954458062e-04
1.145940024091238521e-04
1.143821129710107101e-04
1.141800470644760494e-04
1.139877076958397469e-04
1.138050006755006563e-04
1.136318345587766153e-04
1.134681205883439353e-04
1.133137726382222861e-04
1.131687071592645612e-04
1.130328431261006585e-04
1.129061019855038156e-04
1.127884076061217794e-04
1.126796862295469245e-04
1.125798664226780496e-04
1.124888790313350646e-04
1.124066571350961017e-04
1.123331360033137237e-04
1.122682530522808338e-04
1.123067363938552824e-04
1.123583888311570480e-04
1.124232287180417297e-04
1.125102976675959810e-04
1.127719589029229752e-04
1.130388160106229753e-04
1.133992153391247493e-04
1.138235947572462174e-04
1.142468476596404946e-04
1.146061404694622543e-04
1.149673534106583487e-04
1.153306320142787571e-04
1.156534220075131075e-04
1.159804806851669066e-04
1.160284993781732747e-04
1.160749005978612607e-04
1.161114296397278205e-04
1.163127934540538237e-04
1.164939215467399844e-04
1.166817728929822433e-04
1.168764301765730574e-04
1.170779776050199437e-04
1.172865009488959463e-04
1.175020875820661934e-04
1.177248265228169439e-04
1.179548084759166147e-04
1.181921258756276526e-04
1.184368729297084597e-04
1.186891456644235856e-04
1.189490419705976676e-04
1.192166616507433412e-04
1.192462668262129967e-04
1.192711002101960884e-04
1.192910923074837258e-04
1.193061741624469688e-04
1.193162773867199108e-04
1.193213341871559669e-04
1.195417799777505585e-04
1.197682727059671653e-04
1.200008852731072922e-04
1.202661741309129123e-04
1.205365055310118942e-04
1.208119646870960400e-04
1.210926379477289842e-04
1.213786128258043464e-04
1.216699780286828925e-04
1.219668234890222566e-04
1.222692403963147162e-04
1.225562832777572460e-04
1.228849580926536325e-04
1.232108195313564951e-04
1.235339084924695380e-04
1.238542667635922107e-04
1.241719370096789547e-04
1.244869627614763501e-04
1.247561860176580196e-04
1.250248410862363311e-04
1.252929686700552661e-04
1.255606098749894423e-04
1.258278062082489909e-04
1.260945995768169225e-04
1.263610322860215043e-04
1.266271470382508029e-04
1.269369292806914521e-04
1.272444542723001322e-04
1.275497720896781833e-04
1.278529335897138049e-04
1.282204096458624133e-04
1.284731335160896922e-04
1.286803937990915021e-04
1.288749147002622426e-04
1.290566724584023359e-04
1.292256473070202243e-04
1.293818234671699409e-04
1.295251891382199420e-04
1.296557364865684047e-04
1.298083015304733344e-04
1.299498200354939350e-04
1.300803076261364797e-04
1.302260826473647241e-04
1.303595864269524928e-04
1.304808465722236295e-04
1.305898943964225848e-04
1.306867648733701275e-04
1.307714965905173630e-04
1.308441317004514846e-04
1.309185864665450550e-04
1.310419519831265331e-04
1.311496422163244190e-04
1.312064981534311612e-04
1.312460572906798872e-04
1.312683914063894543e-04
1.312735791430230366e-04
1.312617058984864491e-04
1.311888066851849780e-04
1.311059658582504068e-04
1.310037773544936879e-04
1.310570729210229414e-04
1.311381848154438636e-04
1.311683352668889600e-04
1.311881165702530620e-04
1.311976792642928144e-04
1.311971763451873923e-04
1.311867631474064480e-04
1.311665972255052399e-04
1.311368382369339247e-04
1.310976478259562046e-04
1.307279310081749019e-04
1.302099349945018522e-04
1.296965111165747093e-04
1.291875434912655369e-04
1.286829178659957185e-04
1.281825215879950309e-04
1.276862435745069015e-04
1.271939742839211184e-04
1.267056056878179487e-04
1.262210312438946885e-04
1.257401458697599548e-04
1.252628459175801319e-04
1.247890291495527674e-04
1.243185947141908418e-04
1.238514431234047678e-04
1.233874762303570187e-04
1.229265972080808211e-04
1.224687105288381928e-04
1.220137219442092878e-04
1.215615384658924500e-04
1.211120683472002293e-04
1.205703721988973868e-04
1.200273555739918621e-04
1.194829407460837133e-04
1.189370520747440020e-04
1.183896160143629541e-04
1.179332625343704340e-04
1.174789553503493287e-04
1.169346250145227104e-04
1.163570818043655793e-04
1.157764266520103225e-04
1.152439632263897300e-04
1.148831153337542702e-04
1.145208619571298254e-04
1.141572083070823833e-04
1.137921598161878011e-04
1.134899839978920761e-04
1.131828066511720887e-04
1.130847992218723074e-04
1.130783026277019682e-04
1.130621418760726537e-04
1.130364982704541190e-04
1.130015553695687039e-04
1.129574988375691617e-04
1.128373705185685487e-04
1.127120053199922369e-04
1.125815634385953390e-04
1.124462051095969099e-04
1.123060905394531914e-04
1.121613798407447262e-04
1.120122329691869623e-04
1.118588096627779838e-04
1.115717492523905921e-04
1.113722169468440922e-04
1.111712063898264092e-04
1.109688446630267903e-04
1.107652580388466520e-04
1.105605719661499647e-04
1.103549110574335225e-04
1.101483990774016890e-04
1.099411589329318887e-04
1.097333126644141224e-04
1.095249814384497328e-04
1.093162855418919110e-04
1.091073443772146357e-04
1.088982764591910703e-04
1.087732655780864019e-04
1.086522217609678950e-04
1.085352878057691022e-04
1.084267751839438449e-04
1.083228534254931274e-04
1.082236668234010183e-04
1.081293597012651463e-04
1.080400764803104090e-04
1.079559617484599431e-04
1.078771603314861085e-04
1.078038173662630630e-04
1.076446368469940594e-04
1.074959989094653978e-04
1.073579702684397799e-04
1.072306201932142098e-04
1.071140205965802323e-04
1.070082461256887480e-04
1.070041945940849532e-04
1.070059770323475331e-04
1.070142688424030944e-04
1.070292268402777981e-04
1.070510091554878392e-04
1.070797753298163770e-04
1.071156864188625664e-04
1.071589050964343167e-04
1.072095957618608475e-04
1.072679246503083754e-04
1.073340599461795571e-04
1.074081718996942528e-04
1.074904329467387922e-04
1.075810178320914338e-04
1.076710320064275847e-04
1.076067656525584300e-04
1.075428606124771648e-04
1.073915063084737866e-04
1.071746366594847219e-04
1.069513868221053392e-04
1.067834342930158400e-04
1.066119681353122877e-04
1.064370366276445184e-04
1.062999228033265303e-04
1.061613345696403322e-04
1.062655896046029878e-04
1.063560317235257528e-04
1.064328002573382200e-04
1.065892568210627264e-04
1.065073537818638459e-04
1.064276998188621101e-04
1.063503949467548216e-04
1.065263418324708338e-04
1.066923853268390409e-04
1.066518799281202147e-04
1.066115972759113867e-04
1.065716700823313173e-04
1.065322308630836304e-04
1.064934119427090415e-04
1.064007161437058443e-04
1.063117269394491530e-04
1.061771285588536363e-04
1.060485591611484935e-04
1.059265589615941483e-04
1.058111848516163345e-04
1.057024946104014219e-04
1.054962309260964223e-04
1.053023165083084427e-04
1.051207106557233923e-04
1.049513767957163240e-04
1.047942824787918224e-04
1.046251804655953029e-04
1.044671471945542081e-04
1.043201474087292701e-04
1.041841492638290840e-04
1.040591243191581455e-04
1.039450475302998949e-04
1.038418972435326698e-04
1.037496551919818173e-04
1.036190564598964354e-04
1.034593636927294834e-04
1.033064461434822007e-04
1.031602466246247293e-04
1.030207094199397439e-04
1.028877802576225566e-04
1.027614062840155867e-04
1.026788937753188058e-04
1.026045961765761872e-04
1.025384860769076601e-04
1.024805380519278357e-04
1.024307286497811033e-04
1.023890363779901775e-04
1.023554416911076712e-04
1.024773109924960663e-04
1.025626193599069063e-04
1.026468562864531268e-04
1.027300663240277864e-04
1.029179627062590350e-04
1.030922806769646565e-04
1.032554175433300978e-04
1.034074183964419713e-04
1.035483325330209000e-04
1.037440931099139726e-04
1.039257366842376653e-04
1.040933211528921430e-04
1.042469110109961510e-04
1.043865772192052808e-04
1.045123970672690299e-04
1.046244540340523458e-04
1.047463738620746430e-04
1.048313133973885930e-04
1.049005030917364578e-04
1.049540472861658802e-04
1.049920576390113756e-04
1.050146529422815630e-04
1.049983607931485581e-04
1.049681119974170391e-04
1.049123586484130118e-04
1.047905680550310106e-04
1.046522590221572117e-04
1.044975898885751331e-04
1.042568062378819432e-04
1.040038191988819745e-04
1.037387769322777650e-04
1.034618312178499393e-04
1.030481039486726201e-04
1.026225128499815925e-04
1.021922552304799936e-04
1.017573939220187514e-04
1.012867353152506564e-04
1.008414697464364297e-04
1.003917933313807807e-04
9.993777213775992805e-05
9.947947290519478165e-05
9.901696302799146033e-05
9.855031053768386164e-05
9.807958408538133257e-05
9.760485292393105013e-05
9.728362346076976973e-05
9.707805899164912518e-05
9.687999707569188660e-05
9.668951344062842843e-05
9.650668462584248192e-05
9.633158806028296038e-05
9.616430214151635149e-05
9.600490631596889958e-05
9.585348116041159528e-05
9.571010846474717001e-05
9.557487131615685617e-05
9.544785418466831953e-05
9.532914301020954499e-05
9.521882529121990756e-05
9.512175536085453961e-05
9.503300936728259420e-05
9.495268435703963319e-05
9.488087918734258404e-05
9.503010455682186261e-05
9.519330573465143049e-05
9.535417729056814022e-05
9.551294387353900957e-05
9.566983185989668911e-05
9.582506930507028004e-05
9.597888590069792835e-05
9.613151293720027422e-05
9.631200246906716886e-05
9.649041025883609186e-05
9.666697844308095038e-05
9.684195113444304611e-05
9.701557437740064116e-05
9.714257685219493030e-05
9.724481692332410520e-05
9.734294879726147830e-05
9.743718434191305422e-05
9.752773677984675788e-05
9.766672410346488836e-05
9.779415550440916007e-05
9.770574987632054396e-05
9.753589782314371875e-05
9.735086330730763468e-05
9.715085503150023584e-05
9.693608764475092159e-05
9.663879314247712977e-05
9.639124592448123816e-05
9.613597523062366028e-05
9.587316009657683260e-05
9.560298008941358185e-05
9.532561519185858202e-05
9.504314125383530687e-05
9.475373616339035731e-05
9.445758193187872283e-05
9.423155856467317864e-05
9.387979059064371901e-05
9.352859639459153857e-05
9.317806523915771210e-05
9.282828507079212625e-05
9.247934252629596197e-05
9.213132294018170612e-05
9.178431035283121718e-05
9.143838751942700324e-05
9.109363591964076106e-05
9.075013576805360249e-05
9.040796602529127155e-05
9.006720440985207187e-05
8.972792741060885613e-05
8.939021029996485721e-05
8.905412714764373693e-05
8.871975083509733189e-05
8.838715307050854495e-05
8.805640440437620940e-05
8.772757424565946912e-05
8.740073087846729569e-05
8.707594147927448047e-05
8.675327213465156560e-05
8.643278785948488860e-05
8.611455261567900216e-05
8.587523286059192023e-05
8.564154167621462700e-05
8.541355221794977011e-05
8.519133752215064131e-05
8.497497057044689137e-05
8.476452435487233773e-05
8.455974234074811833e-05
8.440272984427932799e-05
8.424178593237360651e-05
8.407707448333436452e-05
8.390970882589886791e-05
8.373884980910870654e-05
8.356371390518221626e-05
8.338546078839972106e-05
8.320425079090118731e-05
8.302024335672869083e-05
8.283359698996765809e-05
8.264446920583125571e-05
8.261334601604974610e-05
8.260112451951449528e-05
8.257690277780282105e-05
8.254092546071757402e-05
8.249344191760996602e-05
8.243470583683008206e-05
8.236497490944647904e-05
8.228451049769474907e-05
8.219357730857837410e-05
8.209244307303071100e-05
8.185789793498184812e-05
8.162045777478823118e-05
8.138032025712464940e-05
8.094167644239582727e-05
8.049283705176984473e-05
8.003407056437945334e-05
7.954135967919302144e-05
7.923443219211961095e-05
7.892505171686616222e-05
7.861340975542661165e-05
7.810595643660807959e-05
7.758923394211371968e-05
7.721301539755095838e-05
7.683361426272576850e-05
7.645122482314744802e-05
7.616748133573734492e-05
7.587512409740447279e-05
7.561522159829814251e-05
7.534895930736597715e-05
7.511332909837593517e-05
7.487376097938803728e-05
7.463018795253863278e-05
7.438286737700098715e-05
7.413205434511540431e-05
7.395478156577691765e-05
7.377782107544871547e-05
7.360142059817574253e-05
7.342582548603194289e-05
7.325127874203194551e-05
7.307802105114014079e-05
7.290629081924563455e-05
7.273669780768727362e-05
7.256908187644184056e-05
7.240367525750730380e-05
7.224070813597241307e-05
7.208040872634499305e-05
7.192300335614271124e-05
7.176871655665267174e-05
7.161777116076504883e-05
7.156508589011997769e-05
7.153083288181393321e-05
7.149459757787259202e-05
7.134248671127848055e-05
7.119505559548173514e-05
7.105251607119253128e-05
7.091507903044238169e-05
7.078295457528982655e-05
7.065635218303551086e-05
7.053548087797005431e-05
7.042054940968879811e-05
7.031176643802542999e-05
7.010321771649290819e-05
6.988233999843911765e-05
6.966426576697213918e-05
6.944914935008990428e-05
6.916243129476875163e-05
6.884176068926997020e-05
6.852001995882529741e-05
6.819735926488315375e-05
6.787392644871228034e-05
6.750478390380973989e-05
6.713342393360726280e-05
6.676000247318271462e-05
6.638467335364300567e-05
6.600758825927235539e-05
6.558908694579499018e-05
6.517160878699591582e-05
6.473994986858501010e-05
6.430894429392610160e-05
6.387868315225914161e-05
6.344925552119054589e-05
6.302074847339024369e-05
6.259324708447564368e-05
6.221926061647643335e-05
6.184459146477324905e-05
6.146936840615637462e-05
6.109371788349202430e-05
6.071776399292450830e-05
6.034162847348989455e-05
6.000769880181245280e-05
5.967538439970830616e-05
5.934478543824867411e-05
5.901599974297642965e-05
5.885195234706714262e-05
5.868778542777568365e-05
5.852368805717640844e-05
5.835984721977760433e-05
5.819644781767098306e-05
5.803367268159045483e-05
5.787170258776231057e-05
5.771071628043543102e-05
5.755089049997666478e-05
5.739240001642408024e-05
5.723541766838782780e-05
5.708011440719818147e-05
5.696342918323400603e-05
5.686034397262267076e-05
5.675670917145362026e-05
5.665273351165944462e-05
5.654862422798488929e-05
5.644458704932894512e-05
5.634082619761155889e-05
5.623754439407044917e-05
5.613494287289227876e-05
5.603322140208454944e-05
5.593257831149642760e-05
5.583321052789616757e-05
5.573531361702237393e-05
5.563908183252165536e-05
5.554470817169751426e-05
5.544946480940791294e-05
5.535632881732750228e-05
5.526548873760027679e-05
5.517713207545407256e-05
5.496203147767139441e-05
5.473463116462341560e-05
5.450425417760834857e-05
5.427107492618658211e-05
5.403526601609809951e-05
5.384500298789835068e-05
5.364964630222698796e-05
5.338897283252355409e-05
5.311048668774560378e-05
5.284474384703959142e-05
5.257668119692182011e-05
5.230646470006119049e-05
5.203425810241783274e-05
5.176022287372469664e-05
5.148451815264298820e-05
5.120730069651306492e-05
5.092872483561324714e-05
5.064894243184073100e-05
5.030133332872505303e-05
4.995110747320065077e-05
4.961126261514986480e-05
4.930285995025217186e-05
4.899395149763132606e-05
4.868467045338649034e-05
4.837514733855392476e-05
4.810105120034771902e-05
4.782826712782930692e-05
4.755690466229042269e-05
4.728707075756747192e-05
4.701886981529918307e-05
4.675240372252018620e-05
4.648679743073314891e-05
4.622308591747205158e-05
4.596136398692958193e-05
4.572118728027105549e-05
4.551017189025987518e-05
4.530317811985618188e-05
4.510028961306243936e-05
4.490797251242595886e-05
4.476936732417752875e-05
4.463187911142899814e-05
4.443982443412970831e-05
4.425239647264008071e-05
4.406967034711780214e-05
4.389172052007946962e-05
4.371862090754869426e-05
4.355044499163166557e-05
4.338726593455512838e-05
4.322915669421094006e-05
4.313030904819482690e-05
4.302138485633146898e-05
4.291545580475710213e-05
4.281264534410450610e-05
4.271307619572304633e-05
4.261687045118538739e-05
4.252414967545926368e-05
4.243503501375052808e-05
4.234964730203361966e-05
4.226810718129539674e-05
4.219053521552770732e-05
4.211705201351430804e-05
4.204777835447046162e-05
4.198283531759953318e-05
4.192234441565012993e-05
4.186642773256143518e-05
4.177617676339594091e-05
4.166364513417510285e-05
4.155313205530835241e-05
4.144473183854877177e-05
4.133804605047367904e-05
4.123363773515065456e-05
4.113208818817157367e-05
4.107741424368069181e-05
4.102291176992257102e-05
4.096871029255954243e-05
4.091493865408091625e-05
4.086172502534841353e-05
4.074659643207449765e-05
4.061211999060188998e-05
4.047309182906655770e-05
4.032965303602280613e-05
4.018948157166523988e-05
4.004474712329874557e-05
3.989559662441261782e-05
3.973472423288274712e-05
3.957016499712230411e-05
3.940205931820425870e-05
3.929274640425536782e-05
3.918275271796318044e-05
3.907220398060715967e-05
3.896122459706523165e-05
3.884993764035869372e-05
3.873846484010769062e-05
3.862692657482875091e-05
3.851544186800130823e-05
3.840412838783175184e-05
3.829310245064314404e-05
3.818247902781921657e-05
3.807237175623036368e-05
3.798898080616867310e-05
3.790488263632925392e-05
3.781636375233775180e-05
3.767480618467892919e-05
3.753089138742136954e-05
3.738474946815360773e-05
3.723650937831496659e-05
3.708629884584361695e-05
3.693424431191941854e-05
3.678047087176024039e-05
3.662510221942756605e-05
3.642828137624632909e-05
3.623250593457711879e-05
3.603784578272083795e-05
3.584436921782068922e-05
3.565214296955366636e-05
3.550015013070278021e-05
3.530301369248134332e-05
3.510769341452398917e-05
3.491405306298899842e-05
3.472232489804078707e-05
3.453255855654574285e-05
3.434480241057814940e-05
3.415461861217319037e-05
3.396681215441836951e-05
3.378142103398571193e-05
3.359848224993079068e-05
3.337155770181773380e-05
3.313586660559287618e-05
3.290070940742265067e-05
3.272109241224949102e-05
3.254409288880698298e-05
3.236974184865033457e-05
3.219806952861009548e-05
3.202910543234663120e-05
3.186287837206324986e-05
3.169941651037342132e-05
3.153874740231139547e-05
3.138089803748679585e-05
3.122589488237717802e-05
3.108038256598365338e-05
3.093802881301804635e-05
3.080290375477377069e-05
3.067075008779556914e-05
3.054159913726875306e-05
3.041548198555357984e-05
3.029242952143083029e-05
3.017247248971732595e-05
3.007297030430490704e-05
2.997563106210627469e-05
2.988050776053806818e-05
2.979440607656593082e-05
2.971024538514482945e-05
2.964698594222687873e-05
2.962641020746326019e-05
2.960668479747173343e-05
2.958791192543144220e-05
2.957019362644110996e-05
2.955363179243942329e-05
2.953832821065710212e-05
2.952438460560280849e-05
2.949308818430877661e-05
2.946246005572729894e-05
2.943259248871328890e-05
2.940357742366759235e-05
2.937550649805296059e-05
2.935685243778417657e-05
2.933888948718777205e-05
2.935507442784768013e-05
2.937045828702767621e-05
2.938515514589787919e-05
2.935308685581521212e-05
2.931833025733210141e-05
2.928098769055542208e-05
2.924116172352778860e-05
2.919895506768899104e-05
2.915447049663461555e-05
2.909190544656686128e-05
2.902813114856627781e-05
2.896323981311159262e-05
2.889732303519641603e-05
2.882823908985845200e-05
2.876066132502120629e-05
2.867286194763593590e-05
2.857636017628068561e-05
2.847813185429335362e-05
2.837826626623566497e-05
2.827685200455036497e-05
2.817397692452905137e-05
2.806972810183297064e-05
2.796419179254938699e-05
2.785745339575789980e-05
2.774959741858293145e-05
2.764070744370067276e-05
2.753086609927150378e-05
2.742015503126175573e-05
2.730865487812048870e-05
2.719644524777148830e-05
2.708360469688093149e-05
2.697021071235938637e-05
2.685633969505436464e-05
2.674206694558873702e-05
2.662746665229947206e-05
2.651261188123009424e-05
2.639757456812898742e-05
2.628039016471314191e-05
2.616328400877909358e-05
2.602191692610927618e-05
2.587981145410154168e-05
2.576765874583677153e-05
2.565609817541163063e-05
2.553790293720632014e-05
2.542420680281117247e-05
2.531075050078187874e-05
2.519759745868104228e-05
2.508480997755525808e-05
2.497244924020504452e-05
2.484616283722305765e-05
2.472128365263914009e-05
2.459581472810968834e-05
2.447560869686769220e-05
2.435718519074951254e-05
2.424057734403674982e-05
2.412581763610884323e-05
2.401293792549731202e-05
2.390196948431962012e-05
2.379294303308056831e-05
2.368588877583432928e-05
2.358083643569899420e-05
2.347781529071905316e-05
2.337685421007244533e-05
2.327798169062130461e-05
2.318122589380623125e-05
2.308661468288670190e-05
2.299417566053183951e-05
2.290058758737189716e-05
2.281275622620667324e-05
2.272717539797814546e-05
2.264387211127441528e-05
2.256287330735972838e-05
2.248084668145712103e-05
2.237483925533694827e-05
2.227000983516326096e-05
2.219565157344143496e-05
2.212371547360434122e-05
2.205422810989841472e-05
2.198721624257073630e-05
2.192270686060654428e-05
2.186072722504269443e-05
2.180130491289057043e-05
2.175566611909824941e-05
2.168339364288008101e-05
2.161838404813812156e-05
2.155447351732908714e-05
2.149169577696313525e-05
2.143008422993986976e-05
2.136967197604583012e-05
2.131049183297674117e-05
2.125257635788216208e-05
2.119595786942703205e-05
2.114066847036998406e-05
2.108674007065589905e-05
2.103420441102443874e-05
2.098309308713429614e-05
2.093343757420706007e-05
2.088526925219369231e-05
2.084546173582338161e-05
2.080683162258828146e-05
2.076941701205175204e-05
2.073325589151063080e-05
2.069838616053050402e-05
2.066484565622214576e-05
2.063267217926488057e-05
2.060190352068343628e-05
2.054921056597803402e-05
2.049694594726390425e-05
2.045279942101387312e-05
2.040871897164956865e-05
2.036474078020815426e-05
2.031008499643235774e-05
2.025512651075257614e-05
2.019989928912168962e-05
2.014443697097867696e-05
2.008481346663253445e-05
2.002485044576081773e-05
1.996458046068761043e-05
1.990795949305198764e-05
1.984382967882804749e-05
1.978748746472124614e-05
1.970945215513634447e-05
1.963266802441623128e-05
1.955714165552141181e-05
1.948287957107197658e-05
1.940988824213750965e-05
1.933817409704196216e-05
1.926774353018735386e-05
1.919860291089682753e-05
1.913075859228020062e-05
1.906421692012445700e-05
1.899898424181121492e-05
1.893506691526457639e-05
1.885885029203262652e-05
1.878339524376383083e-05
1.870504197745495386e-05
1.862787192363896512e-05
1.855188261268619348e-05
1.847707163210766815e-05
1.840343662948592718e-05
1.833097531539611564e-05
1.825968546631824411e-05
1.818956492754235585e-05
1.812061161606756484e-05
1.807364736579064748e-05
1.802873543057414334e-05
1.798588031989232497e-05
1.794508705838328727e-05
1.790636119999472305e-05
1.784911997118474852e-05
1.781866075534371433e-05
1.779029329603243033e-05
1.776402924271385276e-05
1.773988085864337488e-05
1.771786104096887814e-05
1.769798334132546418e-05
1.768270210173500100e-05
1.766970770955512623e-05
1.765901767109885560e-05
1.765065033384365708e-05
1.764462491321364338e-05
1.764096152015663367e-05
1.763968118955383516e-05
1.764080590950273426e-05
1.764435865151399742e-05
1.765036340166564098e-05
1.768364322769224337e-05
1.771823610330241811e-05
1.775418478218070966e-05
1.779153260929673667e-05
1.783032355132200950e-05
1.787060222821083887e-05
1.791241394598049388e-05
1.795580473072942083e-05
1.800082136393279438e-05
1.804502096261140494e-05
1.809080698717475106e-05
1.813822580627309533e-05
1.821264708487411516e-05
1.828768809595866337e-05
1.836340223231139966e-05
1.842867639548186463e-05
1.849901153367042875e-05
1.856932347532808122e-05
1.863521565189181815e-05
1.870092191497070192e-05
1.876648284869208294e-05
1.880535850057525501e-05
1.884497590877197423e-05
1.888299627180728678e-05
1.891944239193407639e-05
1.895433772275632777e-05
1.898770634610917604e-05
1.901957294903871957e-05
1.905105035614908154e-05
1.907993592605716640e-05
1.910739725366430200e-05
1.913346123550637657e-05
1.915815526014812375e-05
1.917575155899564922e-05
1.916601940903082900e-05
1.913312020129692204e-05
1.909888399669713795e-05
1.906274276675276152e-05
1.902532373389889867e-05
1.898664068149664942e-05
1.894670759625889756e-05
1.890553866153422033e-05
1.886314825057989843e-05
1.880764871370201003e-05
1.876239542824103854e-05
1.871708708860116605e-05
1.867172969082463762e-05
1.862632918081170261e-05
1.858240390805917578e-05
1.853700507048432466e-05
1.849158101813810161e-05
1.844613748988724862e-05
1.840068017396371834e-05
1.835521470790312868e-05
1.830974667850176064e-05
1.825565352110654471e-05
1.820205021043955524e-05
1.814893394265541343e-05
1.809630194354828678e-05
1.804415146835627867e-05
1.799247980156806434e-05
1.794128425673211527e-05
1.789056217626790242e-05
1.784031093127975894e-05
1.779052792137290130e-05
1.774121057447167971e-05
1.769235634664033239e-05
1.763814146072113738e-05
1.758471129744782141e-05
1.753205734555742136e-05
1.748017122247718782e-05
1.742904467214033109e-05
1.738008415785422496e-05
1.733192826353705844e-05
1.729027395920414717e-05
1.724909286868063472e-05
1.720838330758956539e-05
1.716814361749688492e-05
1.712837216590620912e-05
1.708618731907159233e-05
1.704434027843219286e-05
1.700282889297750425e-05
1.696165103203885169e-05
1.692080458510218083e-05
1.689057884375567211e-05
1.686114135574560711e-05
1.684290414088242485e-05
1.682504913128337432e-05
1.680758516483829050e-05
1.679052106458856823e-05
1.677386564094666637e-05
1.675807096224502633e-05
1.674267936039781527e-05
1.672769994076773727e-05
1.671314180214345004e-05
1.669901403914443724e-05
1.668532574467918950e-05
1.667208601245540354e-05
1.666883517065107851e-05
1.666523475022075137e-05
1.666164263419035385e-05
1.665807363478980283e-05
1.665710208872222105e-05
1.665374862586176962e-05
1.665046383740992930e-05
1.664726249064273531e-05
1.664415934256492177e-05
1.664116914071632760e-05
1.663830662410927392e-05
1.663558652429624919e-05
1.663302356656841329e-05
1.663063247128456856e-05
1.662842795533078392e-05
1.662642473371027906e-05
1.662463752126402619e-05
1.662308103452197447e-05
1.662176999368543572e-05
1.661172766701364423e-05
1.660152557605422771e-05
1.659117444454508657e-05
1.658068497441871151e-05
1.657006784488738454e-05
1.655965791110024501e-05
1.654912482326098062e-05
1.653847937786126921e-05
1.652773234665500166e-05
1.653246681957906616e-05
1.653632820301165210e-05
1.653933434963043240e-05
1.654150326015923659e-05
1.654479012551280395e-05
1.654717866757743290e-05
1.654868795609275983e-05
1.654362800331818912e-05
1.653744976330155436e-05
1.653017117281508093e-05
1.652181036112467281e-05
1.651238563849978191e-05
1.650191548485327323e-05
1.649041853851815359e-05
1.647791358516769629e-05
1.646441954688564646e-05
1.644995547139240918e-05
1.642614822727512126e-05
1.640121081556502491e-05
1.636067950186561513e-05
1.631984357394593039e-05
1.627871087092206941e-05
1.623728919589149819e-05
1.619558631471986165e-05
1.615360995486003333e-05
1.611136780420243422e-05
1.606886750995701021e-05
1.602611667756649564e-05
1.598941656947374217e-05
1.594647802615324037e-05
1.592169551298280744e-05
1.589751480709005471e-05
1.587394706861343209e-05
1.585100344550252098e-05
1.582869507839413872e-05
1.580703310557651068e-05
1.578602866804232322e-05
1.576569291463274125e-05
1.574603700727178723e-05
1.572707212629439186e-05
1.570880947586752354e-05
1.569126028950769319e-05
1.567443583569501413e-05
1.565834742358695089e-05
1.564798551935113542e-05
1.563254122634015835e-05
1.561842166093115226e-05
1.560563613287950006e-05
1.560025680071428885e-05
1.559591937192098243e-05
1.560623011751892167e-05
1.561693389290058412e-05
1.562805438351584533e-05
1.563601725949840003e-05
1.564462161604532447e-05
1.565388960340065658e-05
1.566384350446061070e-05
1.567450574412378126e-05
1.568589889897887199e-05
1.569601384141353320e-05
1.570680260192002572e-05
1.571828676075041716e-05
1.573048804779065098e-05
1.574342835198034232e-05
1.575712973105576763e-05
1.577161442162220459e-05
1.578690484956281158e-05
1.580302364078930885e-05
1.581999363234366321e-05
1.583783788385684466e-05
1.585657968937401275e-05
1.586375235590504763e-05
1.587247823674197916e-05
1.588277395748311549e-05
1.589465664323479584e-05
1.588469854566355613e-05
1.588770473208743345e-05
1.589054184834146939e-05
1.589321890779650046e-05
1.589574493498229041e-05
1.589812896470050040e-05
1.590038004118865051e-05
1.590250721733520823e-05
1.590451955394631202e-05
1.591098581342398731e-05
1.591712730973080509e-05
1.592295510252040924e-05
1.590520471656567438e-05
1.588604278607192667e-05
1.586547465390581135e-05
1.584350603530830219e-05
1.581572589196308498e-05
1.578635675693362386e-05
1.573849900866324200e-05
1.568391444987279386e-05
1.562903760475083142e-05
1.553891379027879903e-05
1.542711232955724625e-05
1.531830696828660315e-05
1.521240336352046771e-05
1.510930993867735929e-05
1.500893776632754211e-05
1.491120045609295808e-05
1.481512511021376366e-05
1.472237023142059164e-05
1.463200518085371984e-05
1.454395268158072810e-05
1.445813750254800786e-05
1.437448637267082668e-05
1.431308819974880284e-05
1.425450186046817547e-05
1.419866522124733452e-05
1.414597189516180190e-05
1.409592904174413602e-05
1.404848070796240714e-05
1.400357277460508199e-05
1.396115288119440583e-05
1.392117035374437185e-05
1.389281054738787548e-05
1.386720274883013146e-05
1.384430763833077115e-05
1.382408765843017525e-05
1.380650695391920692e-05
1.379153131417245833e-05
1.377912811773236518e-05
1.376926627903673815e-05
1.376191619718695933e-05
1.376430901852824021e-05
1.377704894041489585e-05
1.379145694685700284e-05
1.381438068402597940e-05
1.383930867660505292e-05
1.386623855014931728e-05
1.389516870138603805e-05
1.392609828757290322e-05
1.395902721639620319e-05
1.399395613639309221e-05
1.403088642788281479e-05
1.409825626671373256e-05
1.416869620986683709e-05
1.423983694634321563e-05
1.431168783658598337e-05
1.438924794900200704e-05
1.446783590461205458e-05
1.454746876521882941e-05
1.462816390143165328e-05
1.470993899994179485e-05
1.479281207103126771e-05
1.487680145632873836e-05
1.495673768980735211e-05
1.503751427096372519e-05
1.511914268665727963e-05
1.520163460513368162e-05
1.528500188033423012e-05
1.536925655641348498e-05
1.545441087248117427e-05
1.554047726758501127e-05
1.562494777542308987e-05
1.571045589784925405e-05
1.579701507262414316e-05
1.588463897203875160e-05
1.596442369449820590e-05
1.604476674589136163e-05
1.612556545043746209e-05
1.620692998023330814e-05
1.626597059984478700e-05
1.632481917109112989e-05
1.635843075750062064e-05
1.630554441257350457e-05
1.625994764358571490e-05
1.622150686519290355e-05
1.619009876965215469e-05
1.616560990285053246e-05
1.613823234689090686e-05
1.611745090657454145e-05
1.610284808198863784e-05
1.609433039704365634e-05
1.609181160685144323e-05
1.609521239924203146e-05
1.610446011390180991e-05
1.611948847803851832e-05
1.614023735755251531e-05
1.616665252276224758e-05
1.619868542779727674e-05
1.623629300283374862e-05
1.627943745840717686e-05
1.632808610109521061e-05
1.638221115991961432e-05
1.644178962287181936e-05
1.650680308302141335e-05
1.657723759372329474e-05
1.665308353249367435e-05
1.673433547318319147e-05
1.682099206613265827e-05
1.691305592605727161e-05
1.701053352746611819e-05
1.711343510748847109e-05
1.722142041954748275e-05
1.739364666274538631e-05
1.757507684596599221e-05
1.775980034332297098e-05
1.793008260120495186e-05
1.821263551797117568e-05
1.852764802617228122e-05
1.884102417489136192e-05
1.915016500900125918e-05
1.945698684706707109e-05
1.976123919828971480e-05
2.006267256961424131e-05
2.036103900581807998e-05
2.065609264850402178e-05
2.091628953385047190e-05
2.117348728489762860e-05
2.142751148134147950e-05
2.167819092200590819e-05
2.192535813118225610e-05
2.216884988903798293e-05
2.240177823788028842e-05
2.263370261876587766e-05
2.286165407285645730e-05
2.310715359647135800e-05
2.335016428086486351e-05
2.359060322337949052e-05
2.382839420647729539e-05
2.406346833564379850e-05
2.429322801210375831e-05
2.444339671637575989e-05
2.459359755812588533e-05
2.474386849931177137e-05
2.489425586523025418e-05
2.504481508089399666e-05
2.519561145355944128e-05
2.534672100731677550e-05
2.549823137862033663e-05
2.565024278573054236e-05
2.580286909044458070e-05
2.595623897736157128e-05
2.611049728430932121e-05
2.626580652733399675e-05
2.641297888575821874e-05
2.656198336580832658e-05
2.671305071220950685e-05
2.686643844678418891e-05
2.702243437538215639e-05
2.718136074396493223e-05
2.734357911788516275e-05
2.752037585599040529e-05
2.770194416462744342e-05
2.788880924966135284e-05
2.807055783052558726e-05
2.825824298278900969e-05
2.842779717024867327e-05
2.860351242269515759e-05
2.878630369968849715e-05
2.898377521323629592e-05
2.919080842029891766e-05
2.940862874013631007e-05
2.968466154279891320e-05
2.998444745507127898e-05
3.029648675596135940e-05
3.062222480082675650e-05
3.096307982044871414e-05
3.134108653375062772e-05
3.175337154867788434e-05
3.218241645397967052e-05
3.262872797067410468e-05
3.309233360645441293e-05
3.357266987404728076e-05
3.406849086393568638e-05
3.459914375973980840e-05
3.514154583689151529e-05
3.569029204186662029e-05
3.626504509175080773e-05
3.683891853563794010e-05
3.740653737867213327e-05
3.796102570198203768e-05
3.850099998049730644e-05
3.898136129222219177e-05
3.940751182506181568e-05
3.975864328309344081e-05
4.001240236898984110e-05
4.014839962845711906e-05
4.015224462648878183e-05
4.001878184104539854e-05
3.975414713854723574e-05
3.936352173188857004e-05
3.888830456680905353e-05
3.833758708995979971e-05
3.773234890958175223e-05
3.708991944848461701e-05
3.643560142091847111e-05
3.576604395119539455e-05
3.508829818566258353e-05
3.440791861486899107e-05
3.376011294224278618e-05
3.313057856624812943e-05
3.251225086468887500e-05
3.197082572671082338e-05
3.148688353255243489e-05
3.102448120119477597e-05
3.058422271343926100e-05
3.016611344401095210e-05
2.976967193733468721e-05
2.939404464221194126e-05
2.903811272014755933e-05
2.870058539225644819e-05
2.838007781025760914e-05
2.806385755555772230e-05
2.776250514781663874e-05
2.747466286782598906e-05
2.719904877032954289e-05
2.693447215740234479e-05
2.668835548159084858e-05
2.645068576840266497e-05
2.622058259248300074e-05
2.599726155202918237e-05
2.578002764946814781e-05
2.556826754968803510e-05
2.536144137267176544e-05
2.515907451472775282e-05
2.496074984914383512e-05
2.476610053474228077e-05
2.457480356030635737e-05
2.437853614123062013e-05
2.418558400652657238e-05
2.399571429389789785e-05
2.380871959665182059e-05
2.361334257450160211e-05
2.340841856764039704e-05
2.319172083359123397e-05
2.297703240073403302e-05
2.276423801966436991e-05
2.255323596600273140e-05
2.234393688167912213e-05
2.213626273486265039e-05
2.193014587321922331e-05
2.172552815204887574e-05
2.152236012426328722e-05
2.132060028325531598e-05
2.107574995460967845e-05
2.082746923507159076e-05
2.057920141237919365e-05
2.033098139716171129e-05
2.008284913335717987e-05
1.983484901065073384e-05
1.958702931381817514e-05
1.933944170797540128e-05
1.909214075864135849e-05
1.884518348541906163e-05
1.859862894800255601e-05
1.835253786313546584e-05
1.810697225109326241e-05
1.786199511022087960e-05
1.761767011804323015e-05
1.738012193756312455e-05
1.714288686912678847e-05
1.690604493831079054e-05
1.666967580965764110e-05
1.644372902755495666e-05
1.621791960421549084e-05
1.599299248168316358e-05
1.576826668562565203e-05
1.554390670545460727e-05
1.532000211219733147e-05
1.509674342532441457e-05
1.487411634765753191e-05
1.467386205832140118e-05
1.447548622972009623e-05
1.430302122927589211e-05
1.421377812366951487e-05
1.412900524649049595e-05
1.404312355436104351e-05
1.396206409279869647e-05
1.388582326048566856e-05
1.381440100542670341e-05
1.374780094215615236e-05
1.368603047618251859e-05
1.362910093595796736e-05
1.357702771272352149e-05
1.352983040863972991e-05
1.348753299367440824e-05
1.345016397177545978e-05
1.341775655691757644e-05
1.339034885966927867e-05
1.336798408498729740e-05
1.334924252311128087e-05
1.333572329952391782e-05
1.332748362057577590e-05
1.332458685447256247e-05
1.332710279563781404e-05
1.333510794616837178e-05
1.334868581558562300e-05
1.336792724017571791e-05
1.339293072330587448e-05
1.342380279820564383e-05
1.346065841481313539e-05
1.350362135240423221e-05
1.355282465985297473e-05
1.360957313628010539e-05
1.362419769691961440e-05
1.363807055711290923e-05
1.365571574127437494e-05
1.367719889392799935e-05
1.361540058823558625e-05
1.352791261536854766e-05
1.343939383387618400e-05
1.334986853519028994e-05
1.325936129760812323e-05
1.316789697130628106e-05
1.307550066350319853e-05
1.298219772375799907e-05
1.288801372939430086e-05
1.281313518543411310e-05
1.273813997177985255e-05
1.266304180482302481e-05
1.258542972846349566e-05
1.251030230449194423e-05
1.243510934963154998e-05
1.236377856870644525e-05
1.229255247661287305e-05
1.222245008534825629e-05
1.215242610479784208e-05
1.208249243104624557e-05
1.201266073819437021e-05
1.194294247840518644e-05
1.187334888211491058e-05
1.180519413650623260e-05
1.177316662920994915e-05
1.174310609904723612e-05
1.171502415578297367e-05
1.168893314917032296e-05
1.166484620172970352e-05
1.164277724239589809e-05
1.162274104108883663e-05
1.160475324426633898e-05
1.158883041151952279e-05
1.157499005327510227e-05
1.156325066967192878e-05
1.155363179068275104e-05
1.154615401755481595e-05
1.154522267579190572e-05
1.154669126545157687e-05
1.155058870689815425e-05
1.155694547960145836e-05
1.156579368400438322e-05
1.157716710590613497e-05
1.159877555982624822e-05
1.162262058811313824e-05
1.164874796797951737e-05
1.167282817642551209e-05
1.169948727678305864e-05
1.172877284626923388e-05
1.176073451814520428e-05
1.179542407156085814e-05
1.183289552531981296e-05
1.187320523578527548e-05
1.191641199915948695e-05
1.196257715838330949e-05
1.199374651603286891e-05
1.202098477352910369e-05
1.204970455092282948e-05
1.207670885510188744e-05
1.210540252216454103e-05
1.212633431683211396e-05
1.214046195580031930e-05
1.215543093482361195e-05
1.217125394512897935e-05
1.218794390659014781e-05
1.220551397568005633e-05
1.222370020870171288e-05
1.223313602993708861e-05
1.224212463862399210e-05
1.225151024805226558e-05
1.225878343486050511e-05
1.226658777983647154e-05
1.227492746299529239e-05
1.228380674278156251e-05
1.228962649177086065e-05
1.229581310259542982e-05
1.230174229789969458e-05
1.230807333821823084e-05
1.231480796065823300e-05
1.232194794440214751e-05
1.232949511118303283e-05
1.233745132576896231e-05
1.234544422279477875e-05
1.235383114830559774e-05
1.235675419479624366e-05
1.235978162197822729e-05
1.236291161864517001e-05
1.236614237426423007e-05
1.236375363014198372e-05
1.236181059602780117e-05
1.235964742223637775e-05
1.235725989739088786e-05
1.235464382551996335e-05
1.235179502683862573e-05
1.234870933854213393e-05
1.234538261561255616e-05
1.234181073163830985e-05
1.233798957964578879e-05
1.233391507294330271e-05
1.232958314597740723e-05
1.232498975520040116e-05
1.232827728522952630e-05
1.232826301867170865e-05
1.232769759979225534e-05
1.232042426015075253e-05
1.231858705903678903e-05
1.231678073438483011e-05
1.232115600898070868e-05
1.232524875536613857e-05
1.232905992461006207e-05
1.232821475433279578e-05
1.232687478018289567e-05
1.231141290619344157e-05
1.229616202008224180e-05
1.228111361374129547e-05
1.226625922736252099e-05
1.225159044813151946e-05
1.223709890897970030e-05
1.222277628739367821e-05
1.220861430428234795e-05
1.219460472290011404e-05
1.218506273773867229e-05
1.217586039710609848e-05
1.216699132827957299e-05
1.215747787577381919e-05
1.215442827370551874e-05
1.214675163026033768e-05
1.213999898949885948e-05
1.213416298378594312e-05
1.212923646522674340e-05
1.212521250078479762e-05
1.212208436751611845e-05
1.211984554791618952e-05
1.211848972537566249e-05
1.211801077974162826e-05
1.211840278298119960e-05
1.211965999494343431e-05
1.212177685921730858e-05
1.212474799908185587e-05
1.212856821354584413e-05
1.213323247347396882e-05
1.213873591779647025e-05
1.214507384979988316e-05
1.215224173349599620e-05
1.216023519006558409e-05
1.216904999437596549e-05
1.217868207156863084e-05
1.218912749371461247e-05
1.220038247653597415e-05
1.221244337619032149e-05
1.222530668611655468e-05
1.223896903393950507e-05
1.224892686457775925e-05
1.225944707684273084e-05
1.227052303143934062e-05
1.229660295004407540e-05
1.230933842157747103e-05
1.232961490076123266e-05
1.234891166814322567e-05
1.236778204690238557e-05
1.238326896037578420e-05
1.239840314711189246e-05
1.241317808464959605e-05
1.242758725673291026e-05
1.244162415502597435e-05
1.245576099750461406e-05
1.246953711186720699e-05
1.248294628635740040e-05
1.249598231989008446e-05
1.251386771135935376e-05
1.253163676819947793e-05
1.254928644903944520e-05
1.256681370185882719e-05
1.258421546425780625e-05
1.260148866373436701e-05
1.261863021796818789e-05
1.263078578542935067e-05
1.264303762743219700e-05
1.265538104027512798e-05
1.266781130294188856e-05
1.268032367675979816e-05
1.269291340507513551e-05
1.270557571294666852e-05
1.271977612921946950e-05
1.273411480708733143e-05
1.274858789233261620e-05
1.276319151558115256e-05
1.278282955376020168e-05
1.280235534529448512e-05
1.282176647257143482e-05
1.284106050992197797e-05
1.286103623950853152e-05
1.288085189934500234e-05
1.290050523981088373e-05
1.291999400862545700e-05
1.293931595108674961e-05
1.295730593501788727e-05
1.297506419527503362e-05
1.299258772339202332e-05
1.300987351275915518e-05
1.302691855908331060e-05
1.304371986085373529e-05
1.306027441981197656e-05
1.307657924142724835e-05
1.309263133537621103e-05
1.310842771602791979e-05
1.312396540293298785e-05
1.313924142131783867e-05
1.315425280258310689e-05
1.316899658480669124e-05
1.318346981325131525e-05
1.319766954087617926e-05
1.321159282885298810e-05
1.322791448348386433e-05
1.324141022464304857e-05
1.325462226328346983e-05
1.326754769329740060e-05
1.328018361914754753e-05
1.329153533102261416e-05
1.330254140020250901e-05
1.331319843577657019e-05
1.332350306610722368e-05
1.333262129340494961e-05
1.334142126820049390e-05
1.334989940666822052e-05
1.336175375914642764e-05
1.336833162538720187e-05
1.337501846540364446e-05
1.338181066912869309e-05
1.338870462138914891e-05
1.339569670161978938e-05
1.340278328358716266e-05
1.340996073512353119e-05
1.341722541787040537e-05
1.342457368703222635e-05
1.343200189113982701e-05
1.343950637182393537e-05
1.345224823802310663e-05
1.346480575736392924e-05
1.347717722095703061e-05
1.348936092327695838e-05
1.350135516236292715e-05
1.351315824002140514e-05
1.352476846202969680e-05
1.352677126637946439e-05
1.352810747843051840e-05
1.352877118080342518e-05
1.353408821587937083e-05
1.353898425508655030e-05
1.354345569131187616e-05
1.354749895303507670e-05
1.355111050538704667e-05
1.355428685121055103e-05
1.356019707812603086e-05
1.356550672650958689e-05
1.357021354569883650e-05
1.356212038109204565e-05
1.356203996083399206e-05
1.354521633040869517e-05
1.353221315119391354e-05
1.351939743389444477e-05
1.350675906942027623e-05
1.349428799183043605e-05
1.348197417708026365e-05
1.346980764184335117e-05
1.345777844240809843e-05
1.344587667364768360e-05
1.343441282493612515e-05
1.342307185008181451e-05
1.341184407628020726e-05
1.340071986514600035e-05
1.339257651164005063e-05
1.338465489170303554e-05
1.337694665676241990e-05
1.336944348705670477e-05
1.336213709036280116e-05
1.335501920077560966e-05
1.334879577595246273e-05
1.334277870979301863e-05
1.333696013335355883e-05
1.333133220002800595e-05
1.332588708442180030e-05
1.332061698127277137e-05
1.331551410441788980e-05
1.331057068580651126e-05
1.330577897455888579e-05
1.330113123607069149e-05
1.330240408399553857e-05
1.330351195397264479e-05
1.330551313259768563e-05
1.330657451721346204e-05
1.330736886668852279e-05
1.330789169098146917e-05
1.330813851579368232e-05
1.330810488348628049e-05
1.330778635401066937e-05
1.330717850585172689e-05
1.330627693698392381e-05
1.330507726584016002e-05
1.330357513229258295e-05
1.330176619864588279e-05
1.331436631391835994e-05
1.331666272443940237e-05
1.332042246953819675e-05
1.332281623326216989e-05
1.333083958802680219e-05
1.333118213394046559e-05
