6.396875381469726562e+01
3.955098234755040714e-06
7.590938401523077885e-06
1.111528729675921573e-05
1.456913138322759776e-05
1.797147812727196086e-05
2.133334146886415786e-05
2.466190798746785654e-05
2.796223313038064245e-05
3.123806397621595502e-05
3.449228700558177045e-05
3.772719269995898964e-05
4.094464192210777430e-05
4.414617575742271532e-05
4.733309093357910294e-05
5.050649330949523664e-05
5.366733685564035929e-05
5.681645272623915338e-05
5.995457137892774878e-05
6.308233969981786628e-05
6.620033446609007420e-05
6.930907307386357998e-05
7.240902219095373641e-05
7.550060481219417489e-05
7.858420606900286341e-05
8.166017805598643265e-05
8.472884387362440001e-05
8.779050103965107784e-05
9.084542438747863862e-05
9.389386854437894569e-05
9.693607006276076365e-05
9.997224926305721393e-05
1.030026118353003607e-04
1.060273502375379663e-04
1.090466449222446491e-04
1.120606654163224197e-04
1.150695712758564057e-04
1.180735129332269995e-04
1.210726324512971123e-04
1.240670641970468516e-04
1.270569354451037407e-04
1.300423669200367254e-04
1.330234732849676848e-04
1.360003635829680393e-04
1.389731416367941705e-04
1.419419064117521891e-04
1.449067523458361952e-04
1.478677696507395831e-04
1.508250445868741980e-04
1.537786597151359852e-04
1.567286941278187484e-04
1.596752236607847629e-04
1.626183210887512164e-04
1.655580563053362644e-04
1.684944964893173676e-04
1.714277062583957167e-04
1.743577478116123142e-04
1.772846810614458384e-04
1.802085637565029399e-04
1.831294515956246661e-04
1.860473983341442636e-04
1.889624558829561523e-04
1.918746744009960123e-04
1.947841023816656832e-04
1.976907867336910650e-04
2.005947728568523657e-04
2.034961047129872820e-04
2.063948248926271217e-04
2.092909746775948156e-04
2.121845940998718912e-04
2.150757219969973003e-04
2.179643960642580933e-04
2.208506529038955818e-04
2.237345280715377876e-04
2.266160561200513551e-04
2.294952706409877539e-04
2.323722043037858612e-04
2.352468888928831452e-04
2.381193553428694292e-04
2.409896337718121231e-04
2.438577535128684678e-04
2.467237431442956827e-04
2.495876305179556168e-04
2.524494427864117248e-04
2.553092064286944011e-04
2.581669472748326249e-04
2.610226905292007370e-04
2.638764607927755919e-04
2.667282820843474558e-04
2.695781778607562063e-04
2.724261710362039005e-04
2.752722840006962949e-04
2.781165386376627572e-04
2.809589563407973410e-04
2.837995580301654226e-04
2.866383641676172609e-04
2.894753947715393268e-04
2.923106694309840058e-04
2.951442073192083555e-04
2.979760272066508671e-04
3.008061474733788113e-04
3.036345861210257920e-04
3.064613607842561543e-04
3.092864887417643783e-04
3.121099869268522298e-04
3.149318719375823685e-04
3.177521600465461958e-04
3.205708672102565698e-04
3.233880090781796426e-04
3.262036010014363963e-04
3.290176580411711656e-04
3.318301949766157169e-04
3.346412263128576651e-04
3.374507662883285161e-04
3.402588288820209837e-04
3.430654278204513024e-04
3.458705765843719565e-04
3.486742884152549383e-04
3.514765763215453175e-04
3.542774530847048555e-04
3.570769312650424652e-04
3.598750232073547181e-04
3.626717410463715756e-04
3.654670967120262617e-04
3.682611019345433155e-04
3.710537682493704101e-04
3.738451070019420115e-04
3.766351293522906532e-04
3.794238462795169390e-04
3.822112685861074870e-04
3.849974069021293278e-04
3.877822716892809175e-04
3.905658732448274669e-04
3.933482217054093096e-04
3.961293270507378929e-04
3.989091991071752174e-04
4.016878475512116321e-04
4.044652819128365107e-04
4.072415115788049524e-04
4.100165457958187230e-04
4.127903936736039797e-04
4.155630641879060538e-04
4.183345661833952215e-04
4.211049083764911586e-04
4.238740993581052675e-04
4.266421475963071098e-04
4.294090614389169504e-04
4.321748491160230039e-04
4.349395187424336291e-04
4.377030783200587787e-04
4.404655357402270481e-04
4.432268987859421710e-04
4.459871751340765771e-04
4.487463723575077046e-04
4.515044979271972281e-04
4.542615592142142350e-04
4.570175634917087435e-04
4.597725179368294945e-04
4.625264296325958804e-04
4.652793055697198384e-04
4.680311526483817738e-04
4.707819776799620310e-04
4.735317873887260687e-04
4.762805884134720135e-04
4.790283873091327315e-04
4.817751905483408739e-04
4.845210045229541868e-04
4.872658355455442296e-04
4.900096898508495306e-04
4.927525735971917181e-04
4.954944928678581490e-04
4.982354536724535295e-04
5.009754619482169498e-04
5.037145235613098076e-04
5.064526443080721819e-04
5.091898299162496075e-04
5.119260860461926363e-04
5.146614182920287517e-04
5.173958321828063100e-04
5.201293331836130034e-04
5.228619266966687360e-04
5.255936180623939965e-04
5.283244125604561131e-04
5.310543154107863440e-04
5.337833317745815714e-04
5.365114667552814930e-04
5.392387253995210936e-04
5.419651126980646856e-04
5.446906335867248783e-04
5.474152929472482628e-04
5.501390956081991454e-04
5.528620463458091281e-04
5.555841498848195338e-04
5.583054108993001962e-04
5.610258340134511180e-04
5.637454238023913372e-04
5.664641847929292526e-04
5.691821214643118070e-04
5.718992382489694430e-04
5.746155395332357965e-04
5.773310296580553549e-04
5.800457129196808165e-04
5.827595935703510418e-04
5.854726758189591389e-04
5.881849638317036355e-04
5.908964617327284834e-04
5.936071736047547143e-04
5.963171034896917137e-04
5.990262553892409039e-04
6.017346332654871770e-04
6.044422410414808941e-04
6.071490826018027549e-04
6.098551617931245467e-04
6.125604824247546073e-04
6.152650482691754798e-04
6.179688630625685590e-04
6.206719305053334237e-04
6.233742542625919907e-04
6.260758379646867060e-04
6.287766852076693029e-04
6.314767995537790436e-04
6.341761845319122872e-04
6.368748436380850106e-04
6.395727803358851370e-04
6.422699980569195532e-04
6.449665002012470311e-04
6.476622901378106074e-04
6.503573712048569535e-04
6.530517467103509740e-04
6.557454199323806479e-04
6.584383941195581834e-04
6.611306724914098971e-04
6.638222582387638161e-04
6.665131545241250290e-04
6.692033644820501691e-04
6.718928912195123570e-04
6.745817378162593126e-04
6.772699073251675639e-04
6.799574027725849464e-04
6.826442271586813425e-04
6.853303834577718825e-04
6.880158746186532635e-04
6.907007035649294444e-04
6.933848731953236788e-04
6.960683863839968368e-04
6.987512459808541262e-04
7.014334548118475844e-04
7.041150156792710902e-04
7.067959313620597117e-04
7.094762046160738760e-04
7.121558381743813698e-04
7.148348347475391240e-04
7.175131970238684924e-04
7.201909276697183874e-04
7.228680293297421854e-04
7.255445046271469852e-04
7.282203561639623811e-04
7.308955865212806140e-04
7.335701982595211170e-04
7.362441939186597150e-04
7.389175760184844973e-04
7.415903470588201384e-04
7.442625095197744458e-04
7.469340658619586697e-04
7.496050185267212574e-04
7.522753699363637176e-04
7.549451224943684114e-04
7.576142785856092125e-04
7.602828405765697578e-04
7.629508108155457586e-04
7.656181916328593483e-04
7.682849853410611768e-04
7.709511942351267603e-04
7.736168205926589013e-04
7.762818666740808936e-04
7.789463347228266915e-04
7.816102269655301029e-04
7.842735456122153920e-04
7.869362928564763897e-04
7.895984708756559290e-04
7.922600818310292919e-04
7.949211278679755134e-04
7.975816111161524802e-04
8.002415336896655240e-04
8.029008976872381836e-04
8.055597051923763527e-04
8.082179582735302603e-04
8.108756589842600277e-04
8.135328093633884330e-04
8.161894114351628910e-04
8.188454672094049643e-04
8.215009786816662718e-04
8.241559478333772412e-04
8.268103766319927174e-04
8.294642670311437507e-04
8.321176209707753990e-04
8.347704403772896256e-04
8.374227271636910160e-04
8.400744832297138464e-04
8.427257104619727875e-04
8.453764107340829264e-04
8.480265859068009289e-04
8.506762378281541685e-04
8.533253683335661685e-04
8.559739792459893082e-04
8.586220723760265789e-04
8.612696495220567008e-04
8.639167124703556622e-04
8.665632629952190174e-04
8.692093028590768119e-04
8.718548338126173988e-04
8.744998575948958585e-04
8.771443759334551045e-04
8.797883905444380979e-04
8.824319031326907387e-04
8.850749153918838381e-04
8.877174290046134075e-04
8.903594456425130898e-04
8.930009669663554247e-04
8.956419946261582081e-04
8.982825302612877085e-04
9.009225755005634013e-04
9.035621319623533777e-04
9.062012012546752848e-04
9.088397849752952043e-04
9.114778847118271826e-04
9.141155020418222435e-04
9.167526385328688939e-04
9.193892957426825704e-04
9.220254752191999652e-04
9.246611785006656533e-04
9.272964071157303216e-04
9.299311625835316505e-04
9.325654464137843021e-04
9.351992601068694760e-04
9.378326051539150315e-04
9.404654830368837414e-04
9.430978952286571014e-04
9.457298431931141511e-04
9.483613283852172348e-04
9.509923522510890879e-04
9.536229162280939354e-04
9.562530217449183734e-04
9.588826702216420592e-04
9.615118630698218450e-04
9.641406016925660460e-04
9.667688874846031791e-04
9.693967218323658796e-04
9.720241061140568210e-04
9.746510416997235249e-04
9.772775299513279668e-04
9.799035722228199765e-04
9.825291698602096630e-04
9.851543242016249854e-04
9.877790365773956704e-04
9.904033083101072051e-04
9.930271407146741298e-04
9.956505350984087756e-04
9.982734927610754753e-04
1.000896014994970577e-03
1.003518103084968848e-03
1.006139758308602188e-03
1.008760981936113188e-03
1.011381775230515414e-03
1.014002139447662794e-03
1.016622075836299925e-03
1.019241585638127343e-03
1.021860670087859201e-03
1.024479330413283337e-03
1.027097567835315913e-03
1.029715383568059316e-03
1.032332778818857233e-03
1.034949754788354282e-03
1.037566312670546971e-03
1.040182453652842027e-03
1.042798178916107569e-03
1.045413489634723419e-03
1.048028386976644199e-03
1.050642872103437495e-03
1.053256946170350213e-03
1.055870610326343703e-03
1.058483865714163153e-03
1.061096713470369461e-03
1.063709154725399949e-03
1.066321190603610435e-03
1.068932822223331606e-03
1.071544050696910657e-03
1.074154877130760076e-03
1.076765302625405348e-03
1.079375328275530063e-03
1.081984955170023832e-03
1.084594184392027828e-03
1.087203017018976850e-03
1.089811454122645512e-03
1.092419496769191393e-03
1.095027146019203175e-03
1.097634402927737942e-03
1.100241268544367148e-03
1.102847743913215866e-03
1.105453830073010492e-03
1.108059528057113007e-03
1.110664838893567381e-03
1.113269763605136435e-03
1.115874303209346292e-03
1.118478458718521291e-03
1.121082231139827572e-03
1.123685621475308634e-03
1.126288630721923719e-03
1.128891259871595085e-03
1.131493509911227950e-03
1.134095381822769043e-03
1.136696876583225034e-03
1.139297995164711757e-03
1.141898738534483267e-03
1.144499107654975206e-03
1.147099103483829093e-03
1.149698726973942629e-03
1.152297979073487908e-03
1.154896860725962817e-03
1.157495372870211625e-03
1.160093516440464673e-03
1.162691292366372199e-03
1.165288701573040549e-03
1.167885744981059714e-03
1.170482423506536080e-03
1.173078738061124077e-03
1.175674689552069340e-03
1.178270278882224313e-03
1.180865506950094443e-03
1.183460374649852268e-03
1.186054882871384695e-03
1.188649032500316413e-03
1.191242824418040471e-03
1.193836259501746900e-03
1.196429338624453069e-03
1.199022062655040336e-03
1.201614432458269436e-03
1.204206448894819302e-03
1.206798112821311133e-03
1.209389425090345686e-03
1.211980386550514993e-03
1.214570998046445721e-03
1.217161260418815876e-03
1.219751174504390360e-03
1.222340741136046342e-03
1.224929961142790175e-03
1.227518835349798590e-03
1.230107364578437133e-03
1.232695549646286616e-03
1.235283391367165235e-03
1.237870890551170423e-03
1.240458048004679063e-03
1.243044864530395413e-03
1.245631340927361944e-03
1.248217477990988186e-03
1.250803276513082164e-03
1.253388737281857989e-03
1.255973861081980747e-03
1.258558648694570615e-03
1.261143100897242761e-03
1.263727218464120354e-03
1.266311002165860155e-03
1.268894452769678965e-03
1.271477571039370544e-03
1.274060357735335531e-03
1.276642813614593157e-03
1.279224939430821141e-03
1.281806735934353956e-03
1.284388203872225982e-03
1.286969343988182560e-03
1.289550157022699081e-03
1.292130643713014808e-03
1.294710804793136345e-03
1.297290640993877323e-03
1.299870153042862082e-03
1.302449341664555383e-03
1.305028207580282568e-03
1.307606751508249947e-03
1.310184974163560627e-03
1.312762876258235763e-03
1.315340458501239275e-03
1.317917721598488474e-03
1.320494666252883123e-03
1.323071293164317140e-03
1.325647603029703539e-03
1.328223596542983968e-03
1.330799274395162756e-03
1.333374637274304091e-03
1.335949685865574091e-03
1.338524420851244486e-03
1.341098842910707148e-03
1.343672952720509220e-03
1.346246750954349430e-03
1.348820238283114517e-03
1.351393415374887259e-03
1.353966282894964682e-03
1.356538841505874546e-03
1.359111091867395288e-03
1.361683034636573158e-03
1.364254670467733924e-03
1.366826000012508896e-03
1.369397023919837093e-03
1.371967742835994300e-03
1.374538157404607379e-03
1.377108268266667062e-03
1.379678076060544866e-03
1.382247581422004802e-03
1.384816784984228746e-03
1.387385687377825976e-03
1.389954289230846190e-03
1.392522591168803350e-03
1.395090593814681109e-03
1.397658297788955577e-03
1.400225703709602476e-03
1.402792812192122729e-03
1.405359623849548748e-03
1.407926139292460911e-03
1.410492359129004915e-03
1.413058283964898493e-03
1.415623914403461121e-03
1.418189251045608818e-03
1.420754294489880816e-03
1.423319045332455384e-03
1.425883504167153740e-03
1.428447671585457608e-03
1.431011548176529605e-03
1.433575134527216707e-03
1.436138431222071937e-03
1.438701438843359133e-03
1.441264157971077018e-03
1.443826589182962018e-03
1.446388733054508645e-03
1.448950590158977307e-03
1.451512161067410782e-03
1.454073446348645065e-03
1.456634446569323674e-03
1.459195162293908284e-03
1.461755594084686739e-03
1.464315742501802334e-03
1.466875608103241019e-03
1.469435191444866525e-03
1.471994493080420368e-03
1.474553513561531600e-03
1.477112253437740238e-03
1.479670713256495736e-03
1.482228893563185615e-03
1.484786794901116810e-03
1.487344417811574436e-03
1.489901762833777772e-03
1.492458830504940969e-03
1.495015621360254411e-03
1.497572135932902053e-03
1.500128374754080294e-03
1.502684338353000790e-03
1.505240027256908022e-03
1.507795441991083632e-03
1.510350583078857696e-03
1.512905451041627377e-03
1.515460046398859955e-03
1.518014369668101941e-03
1.520568421365001187e-03
1.523122202003304075e-03
1.525675712094867222e-03
1.528228952149683498e-03
1.530781922675866638e-03
1.533334624179683980e-03
1.535887057165556029e-03
1.538439222136065137e-03
1.540991119591973062e-03
1.543542750032223356e-03
1.546094113953947651e-03
1.548645211852491899e-03
1.551196044221414203e-03
1.553746611552487850e-03
1.556296914335727338e-03
1.558846953059383382e-03
1.561396728209957230e-03
1.563946240272218874e-03
1.566495489729203151e-03
1.569044477062215377e-03
1.571593202750867996e-03
1.574141667273054558e-03
1.576689871104977473e-03
1.579237814721162975e-03
1.581785498594450064e-03
1.584332923196015656e-03
1.586880088995380874e-03
1.589426996460411483e-03
1.591973646057332414e-03
1.594520038250742296e-03
1.597066173503601961e-03
1.599612052277271743e-03
1.602157675031492395e-03
1.604703042224416964e-03
1.607248154312595394e-03
1.609793011751001202e-03
1.612337614993030388e-03
1.614881964490520738e-03
1.617426060693738813e-03
1.619969904051411606e-03
1.622513495010712015e-03
1.625056834017288548e-03
1.627599921515259038e-03
1.630142757947220617e-03
1.632685343754260556e-03
1.635227679375962770e-03
1.637769765250414976e-03
1.640311601814207825e-03
1.642853189502467429e-03
1.645394528748831287e-03
1.647935619985476914e-03
1.650476463643120320e-03
1.653017060151028587e-03
1.655557409937024856e-03
1.658097513427492448e-03
1.660637371047383104e-03
1.663176983220230210e-03
1.665716350368148801e-03
1.668255472911843798e-03
1.670794351270618898e-03
1.673332985862389152e-03
1.675871377103668172e-03
1.678409525409600657e-03
1.680947431193950030e-03
1.683485094869114273e-03
1.686022516846136113e-03
1.688559697534690015e-03
1.691096637343111669e-03
1.693633336678401248e-03
1.696169795946212994e-03
1.698706015550876473e-03
1.701241995895403942e-03
1.703777737381488187e-03
1.706313240409516180e-03
1.708848505378564959e-03
1.711383532686429820e-03
1.713918322729596775e-03
1.716452875903285271e-03
1.718987192601428675e-03
1.721521273216686633e-03
1.724055118140459383e-03
1.726588727762888185e-03
1.729122102472851856e-03
1.731655242657991487e-03
1.734188148704704155e-03
1.736720820998148129e-03
1.739253259922253709e-03
1.741785465859727131e-03
1.744317439192058375e-03
1.746849180299525064e-03
1.749380689561193551e-03
1.751911967354936482e-03
1.754443014057420654e-03
1.756973830044135853e-03
1.759504415689378161e-03
1.762034771366272718e-03
1.764564897446759418e-03
1.767094794301625645e-03
1.769624462300486110e-03
1.772153901811799768e-03
1.774683113202878701e-03
1.777212096839887690e-03
1.779740853087846816e-03
1.782269382310645118e-03
1.784797684871039080e-03
1.787325761130657614e-03
1.789853611450019626e-03
1.792381236188517538e-03
1.794908635704438316e-03
1.797435810354967595e-03
1.799962760496187728e-03
1.802489486483087756e-03
1.805015988669569265e-03
1.807542267408441834e-03
1.810068323051448620e-03
1.812594155949245976e-03
1.815119766451423399e-03
1.817645154906512859e-03
1.820170321661972309e-03
1.822695267064218441e-03
1.825219991458610410e-03
1.827744495189456350e-03
1.830268778600034618e-03
1.832792842032581219e-03
1.835316685828300648e-03
1.837840310327365674e-03
1.840363715868935336e-03
1.842886902791143018e-03
1.845409871431109893e-03
1.847932622124954681e-03
1.850455155207781505e-03
1.852977471013701359e-03
1.855499569875825603e-03
1.858021452126279406e-03
1.860543118096192423e-03
1.863064568115722647e-03
1.865585802514039280e-03
1.868106821619343544e-03
1.870627625758865221e-03
1.873148215258868283e-03
1.875668590444660869e-03
1.878188751640584662e-03
1.880708699170033533e-03
1.883228433355455715e-03
1.885747954518351196e-03
1.888267262979274538e-03
1.890786359057856350e-03
1.893305243072782897e-03
1.895823915341822126e-03
1.898342376181805236e-03
1.900860625908657028e-03
1.903378664837377049e-03
1.905896493282055416e-03
1.908414111555873467e-03
1.910931519971111568e-03
1.913448718839140658e-03
1.915965708470437207e-03
1.918482489174595145e-03
1.920999061260308515e-03
1.923515425035385350e-03
1.926031580806761767e-03
1.928547528880485704e-03
1.931063269561734486e-03
1.933578803154818726e-03
1.936094129963179507e-03
1.938609250289391852e-03
1.941124164435173828e-03
1.943638872701388071e-03
1.946153375388045463e-03
1.948667672794306875e-03
1.951181765218490752e-03
1.953695652958066607e-03
1.956209336309676274e-03
1.958722815569117863e-03
1.961236091031365921e-03
1.963749162990565365e-03
1.966262031740027578e-03
1.968774697572259463e-03
1.971287160778937859e-03
1.973799421650930790e-03
1.976311480478300502e-03
1.978823337550286981e-03
1.981334993155344816e-03
1.983846447581110242e-03
1.986357701114441470e-03
1.988868754041386161e-03
1.991379606647206580e-03
1.993890259216381765e-03
1.996400712032603622e-03
1.998910965378783867e-03
2.001421019537048818e-03
2.003930874788759781e-03
2.006440531414503941e-03
2.008949989694103037e-03
2.011459249906601219e-03
2.013968312330295402e-03
2.016477177242715323e-03
2.018985844920635243e-03
2.021494315640081762e-03
2.024002589676320366e-03
2.026510667303885790e-03
2.029018548796554695e-03
2.031526234427366920e-03
2.034033724468630681e-03
2.036541019191912601e-03
2.039048118868046384e-03
2.041555023767137149e-03
2.044061734158570103e-03
2.046568250311001438e-03
2.049074572492367435e-03
2.051580700969891403e-03
2.054086636010076308e-03
2.056592377878713445e-03
2.059097926840888076e-03
2.061603283160980300e-03
2.064108447102660279e-03
2.066613418928907320e-03
2.069118198901996435e-03
2.071622787283503540e-03
2.074127184334321940e-03
2.076631390314646712e-03
2.079135405483990753e-03
2.081639230101186080e-03
2.084142864424377763e-03
2.086646308711026521e-03
2.089149563217926938e-03
2.091652628201196625e-03
2.094155503916278385e-03
2.096658190617951487e-03
2.099160688560333405e-03
2.101662997996865071e-03
2.104165119180335594e-03
2.106667052362875756e-03
2.109168797795962346e-03
2.111670355730412094e-03
2.114171726416394677e-03
2.116672910103437489e-03
2.119173907040414803e-03
2.121674717475557741e-03
2.124175341656463385e-03
2.126675779830088705e-03
2.129176032242745351e-03
2.131676099140125246e-03
2.134175980767281065e-03
2.136675677368641852e-03
2.139175189188006511e-03
2.141674516468554217e-03
2.144173659452837475e-03
2.146672618382793399e-03
2.149171393499741539e-03
2.151669985044393860e-03
2.154168393256835224e-03
2.156666618376552446e-03
2.159164660642427791e-03
2.161662520292726396e-03
2.164160197565120989e-03
2.166657692696676712e-03
2.169155005923861963e-03
2.171652137482556200e-03
2.174149087608040400e-03
2.176645856534997064e-03
2.179142444497525390e-03
2.181638851729143878e-03
2.184135078462769077e-03
2.186631124930756356e-03
2.189126991364862169e-03
2.191622677996270946e-03
2.194118185055596824e-03
2.196613512772869342e-03
2.199108661377549047e-03
2.201603631098531834e-03
2.204098422164143742e-03
2.206593034802135748e-03
2.209087469239704588e-03
2.211581725703489279e-03
2.214075804419557685e-03
2.216569705613426460e-03
2.219063429510052376e-03
2.221556976333850537e-03
2.224050346308669227e-03
2.226543539657815929e-03
2.229036556604043016e-03
2.231529397369575504e-03
2.234022062176079394e-03
2.236514551244670780e-03
2.239006864795953147e-03
2.241499003049967926e-03
2.243990966226234399e-03
2.246482754543729313e-03
2.248974368220907263e-03
2.251465807475684210e-03
2.253957072525454401e-03
2.256448163587084291e-03
2.258939080876907340e-03
2.261429824610750906e-03
2.263920395003913687e-03
2.266410792271171797e-03
2.268901016626785269e-03
2.271391068284510633e-03
2.273880947457582700e-03
2.276370654358718468e-03
2.278860189200138369e-03
2.281349552193547622e-03
2.283838743550147942e-03
2.286327763480638410e-03
2.288816612195212000e-03
2.291305289903564253e-03
2.293793796814891112e-03
2.296282133137894556e-03
2.298770299080774362e-03
2.301258294851245886e-03
2.303746120656526182e-03
2.306233776703343116e-03
2.308721263197936659e-03
2.311208580346063666e-03
2.313695728352993097e-03
2.316182707423509492e-03
2.318669517761924679e-03
2.321156159572055656e-03
2.323642633057254516e-03
2.326128938420385893e-03
2.328615075863853419e-03
2.331101045589575437e-03
2.333586847799006252e-03
2.336072482693129192e-03
2.338557950472450100e-03
2.341043251337020757e-03
2.343528385486423702e-03
2.346013353119780036e-03
2.348498154435736413e-03
2.350982789632500170e-03
2.353467258907800293e-03
2.355951562458924713e-03
2.358435700482696459e-03
2.360919673175484925e-03
2.363403480733210649e-03
2.365887123351347911e-03
2.368370601224905649e-03
2.370853914548458688e-03
2.373337063516135596e-03
2.375820048321613046e-03
2.378302869158131858e-03
2.380785526218483564e-03
2.383268019695031648e-03
2.385750349779681631e-03
2.388232516663917927e-03
2.390714520538786501e-03
2.393196361594893563e-03
2.395678040022416848e-03
2.398159556011106915e-03
2.400640909750273704e-03
2.403122101428802580e-03
2.405603131235158239e-03
2.408083999357376898e-03
2.410564705983062831e-03
2.413045251299405277e-03
2.415525635493174540e-03
2.418005858750715484e-03
2.420485921257956204e-03
2.422965823200409329e-03
2.425445564763164218e-03
2.427925146130909938e-03
2.430404567487904482e-03
2.432883829018015094e-03
2.435362930904680541e-03
2.437841873330941905e-03
2.440320656479427405e-03
2.442799280532361936e-03
2.445277745671559696e-03
2.447756052078447174e-03
2.450234199934023249e-03
2.452712189418912534e-03
2.455190020713322006e-03
2.457667693997064428e-03
2.460145209449562682e-03
2.462622567249836327e-03
2.465099767576514177e-03
2.467576810607829095e-03
2.470053696521629268e-03
2.472530425495359126e-03
2.475006997706087099e-03
2.477483413330490002e-03
2.479959672544856074e-03
2.482435775525087141e-03
2.484911722446704694e-03
2.487387513484844246e-03
2.489863148814261407e-03
2.492338628609330579e-03
2.494813953044042361e-03
2.497289122292018285e-03
2.499764136526501715e-03
2.502238995920354377e-03
2.504713700646059825e-03
2.507188250875748165e-03
2.509662646781156588e-03
2.512136888533664496e-03
2.514610976304277028e-03
2.517084910263624620e-03
2.519558690581984259e-03
2.522032317429253895e-03
2.524505790974977595e-03
2.526979111388329927e-03
2.529452278838120304e-03
2.531925293492796446e-03
2.534398155520460865e-03
2.536870865088833131e-03
2.539343422365296712e-03
2.541815827516864280e-03
2.544288080710197224e-03
2.546760182111602617e-03
2.549232131887031912e-03
2.551703930202091353e-03
2.554175577222029397e-03
2.556647073111739318e-03
2.559118418035777852e-03
2.561589612158347417e-03
2.564060655643301753e-03
2.566531548654158931e-03
2.569002291354072296e-03
2.571472883905870366e-03
2.573943326472032112e-03
2.576413619214698233e-03
2.578883762295661620e-03
2.581353755876381224e-03
2.583823600117982067e-03
2.586293295181242655e-03
2.588762841226607565e-03
2.591232238414194373e-03
2.593701486903778487e-03
2.596170586854804410e-03
2.598639538426384017e-03
2.601108341777298282e-03
2.603576997066000751e-03
2.606045504450611467e-03
2.608513864088929119e-03
2.610982076138420628e-03
2.613450140756223318e-03
2.615918058099157058e-03
2.618385828323715157e-03
2.620853451586069131e-03
2.623320928042066104e-03
2.625788257847231841e-03
2.628255441156780725e-03
2.630722478125586267e-03
2.633189368908230975e-03
2.635656113658966029e-03
2.638122712531725585e-03
2.640589165680138489e-03
2.643055473257500086e-03
2.645521635416817757e-03
2.647987652310768852e-03
2.650453524091719339e-03
2.652919250911741147e-03
2.655384832922577914e-03
2.657850270275669696e-03
2.660315563122156012e-03
2.662780711612869333e-03
2.665245715898326845e-03
2.667710576128742590e-03
2.670175292454038309e-03
2.672639865023826531e-03
2.675104293987411001e-03
2.677568579493802732e-03
2.680032721691707424e-03
2.682496720729531537e-03
2.684960576755386196e-03
2.687424289917088489e-03
2.689887860362148893e-03
2.692351288237787750e-03
2.694814573690932670e-03
2.697277716868210287e-03
2.699740717915961874e-03
2.702203576980230764e-03
2.704666294206772327e-03
2.707128869741048764e-03
2.709591303728235180e-03
2.712053596313214378e-03
2.714515747640584235e-03
2.716977757854655527e-03
2.719439627099448035e-03
2.721901355518695307e-03
2.724362943255866348e-03
2.726824390454115742e-03
2.729285697256337434e-03
2.731746863805134366e-03
2.734207890242826289e-03
2.736668776711459732e-03
2.739129523352794131e-03
2.741590130308321337e-03
2.744050597719238736e-03
2.746510925726473960e-03
2.748971114470684027e-03
2.751431164092248832e-03
2.753891074731268981e-03
2.756350846527565353e-03
2.758810479620699054e-03
2.761269974149947997e-03
2.763729330254331186e-03
2.766188548072579228e-03
2.768647627743169894e-03
2.771106569404296026e-03
2.773565373193895896e-03
2.776024039249631089e-03
2.778482567708902111e-03
2.780940958708836251e-03
2.783399212386300156e-03
2.785857328877896794e-03
2.788315308319961987e-03
2.790773150848569178e-03
2.793230856599534639e-03
2.795688425708400988e-03
2.798145858310463214e-03
2.800603154540752190e-03
2.803060314534029911e-03
2.805517338424810738e-03
2.807974226347351859e-03
2.810430978435642449e-03
2.812887594823432289e-03
2.815344075644195341e-03
2.817800421031159668e-03
2.820256631117304402e-03
2.822712706035354104e-03
2.825168645917769655e-03
2.827624450896769944e-03
2.830080121104314519e-03
2.832535656672127873e-03
2.834991057731664314e-03
2.837446324414141362e-03
2.839901456850524135e-03
2.842356455171538357e-03
2.844811319507643908e-03
2.847266049989066912e-03
2.849720646745788032e-03
2.852175109907544200e-03
2.854629439603820814e-03
2.857083635963866917e-03
2.859537699116674377e-03
2.861991629191013020e-03
2.864445426315397232e-03
2.866899090618105477e-03
2.869352622227173358e-03
2.871806021270394485e-03
2.874259287875332181e-03
2.876712422169300405e-03
2.879165424279386733e-03
2.881618294332430677e-03
2.884071032455045799e-03
2.886523638773598466e-03
2.888976113414231696e-03
2.891428456502847383e-03
2.893880668165111497e-03
2.896332748526461894e-03
2.898784697712104407e-03
2.901236515847007650e-03
2.903688203055914286e-03
2.906139759463328889e-03
2.908591185193541359e-03
2.911042480370591799e-03
2.913493645118306503e-03
2.915944679560283654e-03
2.918395583819879870e-03
2.920846358020244473e-03
2.923297002284282620e-03
2.925747516734686967e-03
2.928197901493916847e-03
2.930648156684214321e-03
2.933098282427590298e-03
2.935548278845836242e-03
2.937998146060527213e-03
2.940447884193002782e-03
2.942897493364386111e-03
2.945346973695588729e-03
2.947796325307297516e-03
2.950245548319971670e-03
2.952694642853855283e-03
2.955143609028984715e-03
2.957592446965160403e-03
2.960041156781982857e-03
2.962489738598826205e-03
2.964938192534840363e-03
2.967386518708987463e-03
2.969834717239982873e-03
2.972282788246352007e-03
2.974730731846392164e-03
2.977178548158186406e-03
2.979626237299623070e-03
2.982073799388354571e-03
2.984521234541844242e-03
2.986968542877323825e-03
2.989415724511830345e-03
2.991862779562185718e-03
2.994309708144995454e-03
2.996756510376672508e-03
2.999203186373413862e-03
3.001649736251192288e-03
3.004096160125806214e-03
3.006542458112821618e-03
3.008988630327604115e-03
3.011434676885328069e-03
3.013880597900944931e-03
3.016326393489207093e-03
3.018772063764671356e-03
3.021217608841684620e-03
3.023663028834383450e-03
3.026108323856719663e-03
3.028553494022428669e-03
3.030998539445059828e-03
3.033443460237940890e-03
3.035888256514217461e-03
3.038332928386826108e-03
3.040777475968510848e-03
3.043221899371820974e-03
3.045666198709084602e-03
3.048110374092464180e-03
3.050554425633901414e-03
3.052998353445153263e-03
3.055442157637780660e-03
3.057885838323142012e-03
3.060329395612408371e-03
3.062772829616549567e-03
3.065216140446348075e-03
3.067659328212389916e-03
3.070102393025069855e-03
3.072545334994584900e-03
3.074988154230952082e-03
3.077430850843980697e-03
3.079873424943307004e-03
3.082315876638359094e-03
3.084758206038390720e-03
3.087200413252455707e-03
3.089642498389425732e-03
3.092084461557975152e-03
3.094526302866601811e-03
3.096968022423611869e-03
3.099409620337116329e-03
3.101851096715054889e-03
3.104292451665167756e-03
3.106733685295019060e-03
3.109174797711980378e-03
3.111615789023238540e-03
3.114056659335807768e-03
3.116497408756509300e-03
3.118938037391976587e-03
3.121378545348668741e-03
3.123818932732863596e-03
3.126259199650656840e-03
3.128699346207946402e-03
3.131139372510477123e-03
3.133579278663790879e-03
3.136019064773260846e-03
3.138458730944076753e-03
3.140898277281252687e-03
3.143337703889620589e-03
3.145777010873831558e-03
3.148216198338367553e-03
3.150655266387530126e-03
3.153094215125436944e-03
3.155533044656036543e-03
3.157971755083106586e-03
3.160410346510232615e-03
3.162848819040840146e-03
3.165287172778177317e-03
3.167725407825308388e-03
3.170163524285136286e-03
3.172601522260390904e-03
3.175039401853620418e-03
3.177477163167198668e-03
3.179914806303346404e-03
3.182352331364085313e-03
3.184789738451285299e-03
3.187227027666647127e-03
3.189664199111685947e-03
3.192101252887767724e-03
3.194538189096059796e-03
3.196975007837592458e-03
3.199411709213209089e-03
3.201848293323585233e-03
3.204284760269235539e-03
3.206721110150502485e-03
3.209157343067571121e-03
3.211593459120437415e-03
3.214029458408956819e-03
3.216465341032800039e-03
3.218901107091487294e-03
3.221336756684362295e-03
3.223772289910618264e-03
3.226207706869261508e-03
3.228643007659159122e-03
3.231078192379000825e-03
3.233513261127316744e-03
3.235948214002476540e-03
3.238383051102682476e-03
3.240817772525980689e-03
3.243252378370251651e-03
3.245686868733219273e-03
3.248121243712451343e-03
3.250555503405339140e-03
3.252989647909129527e-03
3.255423677320905002e-03
3.257857591737585001e-03
3.260291391255934566e-03
3.262725075972564785e-03
3.265158645983927584e-03
3.267592101386308789e-03
3.270025442275838103e-03
3.272458668748501245e-03
3.274891780900123471e-03
3.277324778826358736e-03
3.279757662622728720e-03
3.282190432384585535e-03
3.284623088207117361e-03
3.287055630185388780e-03
3.289488058414283527e-03
3.291920372988539623e-03
3.294352574002741996e-03
3.296784661551326392e-03
3.299216635728569828e-03
3.301648496628593627e-03
3.304080244345386844e-03
3.306511878972765491e-03
3.308943400604402903e-03
3.311374809333830164e-03
3.313806105254408357e-03
3.316237288459361523e-03
3.318668359041764514e-03
3.321099317094545166e-03
3.323530162710470418e-03
3.325960895982171036e-03
3.328391517002123393e-03
3.330822025862657711e-03
3.333252422655953295e-03
3.335682707474051968e-03
3.338112880408828590e-03
3.340542941552041793e-03
3.342972890995275434e-03
3.345402728829987606e-03
3.347832455147470732e-03
3.350262070038894074e-03
3.352691573595275535e-03
3.355120965907473427e-03
3.357550247066226796e-03
3.359979417162111195e-03
3.362408476285565998e-03
3.364837424526886597e-03
3.367266261976223102e-03
3.369694988723597687e-03
3.372123604858870329e-03
3.374552110471768299e-03
3.376980505651877486e-03
3.379408790488647608e-03
3.381836965071383962e-03
3.384265029489236156e-03
3.386692983831244078e-03
3.389120828186286717e-03
3.391548562643103421e-03
3.393976187290302562e-03
3.396403702216347666e-03
3.398831107509575622e-03
3.401258403258171532e-03
3.403685589550188659e-03
3.406112666473533682e-03
3.408539634115996184e-03
3.410966492565209191e-03
3.413393241908681264e-03
3.415819882233776545e-03
3.418246413627729942e-03
3.420672836177637583e-03
3.423099149970459856e-03
3.425525355093024006e-03
3.427951451632018937e-03
3.430377439674006917e-03
3.432803319305411868e-03
3.435229090612518070e-03
3.437654753681482732e-03
3.440080308598330357e-03
3.442505755448949274e-03
3.444931094319099007e-03
3.447356325294408975e-03
3.449781448460364185e-03
3.452206463902333412e-03
3.454631371705548393e-03
3.457056171955104253e-03
3.459480864735970784e-03
3.461905450132993743e-03
3.464329928230871873e-03
3.466754299114185520e-03
3.469178562867388394e-03
3.471602719574805838e-03
3.474026769320614442e-03
3.476450712188891047e-03
3.478874548263558106e-03
3.481298277628430086e-03
3.483721900367180505e-03
3.486145416563369692e-03
3.488568826300402284e-03
3.490992129661597485e-03
3.493415326730114033e-03
3.495838417588997046e-03
3.498261402321166304e-03
3.500684281009409753e-03
3.503107053736404745e-03
3.505529720584682051e-03
3.507952281636657517e-03
3.510374736974628158e-03
3.512797086680764791e-03
3.515219330837111161e-03
3.517641469525577443e-03
3.520063502827969291e-03
3.522485430825961824e-03
3.524907253601097887e-03
3.527328971234804100e-03
3.529750583808389987e-03
3.532172091403044945e-03
3.534593494099820023e-03
3.537014791979658720e-03
3.539435985123371830e-03
3.541857073611669963e-03
3.544278057525125387e-03
3.546698936944191975e-03
3.549119711949196964e-03
3.551540382620376954e-03
3.553960949037812851e-03
3.556381411281482347e-03
3.558801769431241269e-03
3.561222023566833119e-03
3.563642173767878670e-03
3.566062220113877697e-03
3.568482162684211579e-03
3.570902001558149373e-03
3.573321736814834802e-03
3.575741368533304036e-03
3.578160896792463574e-03
3.580580321671117134e-03
3.582999643247936159e-03
3.585418861601492781e-03
3.587837976810232931e-03
3.590256988952481541e-03
3.592675898106461631e-03
3.595094704350275654e-03
3.597513407761905070e-03
3.599932008419225518e-03
3.602350506399984702e-03
3.604768901781835351e-03
3.607187194642298353e-03
3.609605385058794851e-03
3.612023473108624122e-03
3.614441458868964015e-03
3.616859342416900869e-03
3.619277123829396994e-03
3.621694803183291098e-03
3.624112380555323011e-03
3.626529856022123275e-03
3.628947229660207073e-03
3.631364501545966423e-03
3.633781671755695764e-03
3.636198740365570274e-03
3.638615707451671455e-03
3.641032573089932924e-03
3.643449337356224546e-03
3.645866000326274375e-03
3.648282562075704644e-03
3.650699022680039575e-03
3.653115382214680660e-03
3.655531640754932678e-03
3.657947798375979411e-03
3.660363855152905764e-03
3.662779811160683883e-03
3.665195666474180530e-03
3.667611421168149709e-03
3.670027075317229201e-03
3.672442628995981756e-03
3.674858082278814435e-03
3.677273435240072282e-03
3.679688687953969368e-03
3.682103840494616118e-03
3.684518892936024075e-03
3.686933845352088120e-03
3.689348697816597321e-03
3.691763450403254439e-03
3.694178103185632132e-03
3.696592656237212421e-03
3.699007109631361964e-03
3.701421463441352880e-03
3.703835717740347564e-03
3.706249872601397391e-03
3.708663928097468299e-03
3.711077884301401762e-03
3.713491741285954682e-03
3.715905499123755597e-03
3.718319157887353243e-03
3.720732717649185336e-03
3.723146178481578136e-03
3.725559540456765961e-03
3.727972803646882084e-03
3.730385968123944417e-03
3.732799033959886739e-03
3.735212001226524432e-03
3.737624869995580072e-03
3.740037640338676923e-03
3.742450312327331996e-03
3.744862886032953014e-03
3.747275361526871372e-03
3.749687738880301373e-03
3.752100018164346296e-03
3.754512199450034827e-03
3.756924282808273355e-03
3.759336268309882399e-03
3.761748156025582299e-03
3.764159946025985408e-03
3.766571638381610836e-03
3.768983233162887057e-03
3.771394730440116774e-03
3.773806130283538507e-03
3.776217432763266744e-03
3.778628637949331837e-03
3.781039745911660057e-03
3.783450756720085732e-03
3.785861670444334772e-03
3.788272487154055457e-03
3.790683206918775069e-03
3.793093829807948035e-03
3.795504355890902144e-03
3.797914785236904470e-03
3.800325117915089382e-03
3.802735353994527931e-03
3.805145493544176676e-03
3.807555536632909344e-03
3.809965483329479530e-03
3.812375333702575347e-03
3.814785087820767810e-03
3.817194745752546404e-03
3.819604307566297399e-03
3.822013773330319893e-03
3.824423143112817142e-03
3.826832416981887450e-03
3.829241595005562770e-03
3.831650677251737577e-03
3.834059663788259940e-03
3.836468554682853464e-03
3.838877350003147212e-03
3.841286049816706495e-03
3.843694654190988637e-03
3.846103163193333868e-03
3.848511576891023005e-03
3.850919895351231480e-03
3.853328118641052760e-03
3.855736246827471889e-03
3.858144279977381106e-03
3.860552218157609766e-03
3.862960061434867528e-03
3.865367809875781217e-03
3.867775463546885718e-03
3.870183022514640889e-03
3.872590486845389063e-03
3.874997856605395374e-03
3.877405131860840824e-03
3.879812312677813173e-03
3.882219399122306940e-03
3.884626391260221669e-03
3.887033289157379706e-03
3.889440092879507122e-03
3.891846802492244552e-03
3.894253418061140257e-03
3.896659939651647957e-03
3.899066367329151114e-03
3.901472701158930408e-03
3.903878941206182385e-03
3.906285087536007748e-03
3.908691140213436943e-03
3.911097099303390695e-03
3.913502964870729448e-03
3.915908736980189611e-03
3.918314415696466831e-03
3.920720001084120575e-03
3.923125493207669547e-03
3.925530892131509283e-03
3.927936197919963332e-03
3.930341410637273707e-03
3.932746530347598288e-03
3.935151557114992607e-03
3.937556491003446277e-03
3.939961332076846560e-03
3.942366080399004394e-03
3.944770736033639640e-03
3.947175299044394098e-03
3.949579769494823700e-03
3.951984147448395907e-03
3.954388432968496646e-03
3.956792626118422508e-03
3.959196726961393756e-03
3.961600735560537843e-03
3.964004651978910235e-03
3.966408476279464912e-03
3.968812208525092540e-03
3.971215848778579700e-03
3.973619397102656596e-03
3.976022853559938938e-03
3.978426218212981723e-03
3.980829491124245403e-03
3.983232672356127983e-03
3.985635761970912974e-03
3.988038760030821438e-03
3.990441666597991169e-03
3.992844481734488839e-03
3.995247205502266627e-03
3.997649837963232478e-03
4.000052379179187649e-03
4.002454829211851868e-03
4.004857188122895421e-03
4.007259455973864563e-03
4.009661632826251772e-03
4.012063718741455849e-03
4.014465713780805342e-03
4.016867618005553336e-03
4.019269431476848835e-03
4.021671154255780124e-03
4.024072786403353093e-03
4.026474327980494698e-03
4.028875779048042560e-03
4.031277139666762308e-03
4.033678409897348445e-03
4.036079589800391394e-03
4.038480679436440811e-03
4.040881678865923185e-03
4.043282588149222506e-03
4.045683407346633426e-03
4.048084136518356052e-03
4.050484775724528044e-03
4.052885325025223744e-03
4.055285784480404734e-03
4.057686154149978824e-03
4.060086434093774024e-03
4.062486624371525537e-03
4.064886725042912187e-03
4.067286736167526930e-03
4.069686657804878586e-03
4.072086490014409192e-03
4.074486232855480117e-03
4.076885886387378137e-03
4.079285450669308498e-03
4.081684925760412259e-03
4.084084311719730735e-03
4.086483608606250595e-03
4.088882816478880446e-03
4.091281935396449965e-03
4.093680965417708165e-03
4.096079906601333802e-03
4.098478759005929305e-03
4.100877522690033784e-03
4.103276197712078799e-03
4.105674784130450804e-03
4.108073282003462529e-03
4.110471691389331293e-03
4.112870012346213702e-03
4.115268244932198706e-03
4.117666389205276375e-03
4.120064445223390812e-03
4.122462413044395042e-03
4.124860292726077911e-03
4.127258084326145861e-03
4.129655787902235947e-03
4.132053403511910632e-03
4.134450931212675998e-03
4.136848371061927106e-03
4.139245723117022588e-03
4.141642987435243881e-03
4.144040164073766602e-03
4.146437253089740350e-03
4.148834254540205435e-03
4.151231168482158798e-03
4.153627994972497635e-03
4.156024734068069701e-03
4.158421385825636883e-03
4.160817950301900353e-03
4.163214427553471944e-03
4.165610817636927060e-03
4.168007120608730083e-03
4.170403336525295955e-03
4.172799465442960688e-03
4.175195507417992641e-03
4.177591462506602925e-03
4.179987330764901171e-03
4.182383112248955377e-03
4.184778807014745937e-03
4.187174415118201203e-03
4.189569936615147178e-03
4.191965371561378641e-03
4.194360720012589756e-03
4.196755982024431321e-03
4.199151157652455252e-03
4.201546246952174435e-03
4.203941249979006346e-03
4.206336166788312084e-03
4.208730997435391162e-03
4.211125741975458095e-03
4.213520400463664078e-03
4.215914972955108267e-03
4.218309459504779660e-03
4.220703860167647307e-03
4.223098174998588319e-03
4.225492404052402610e-03
4.227886547383844992e-03
4.230280605047593949e-03
4.232674577098237759e-03
4.235068463590335210e-03
4.237462264578347078e-03
4.239855980116686435e-03
4.242249610259688289e-03
4.244643155061623464e-03
4.247036614576692529e-03
4.249429988859037936e-03
4.251823277962724947e-03
4.254216481941761573e-03
4.256609600850078633e-03
4.259002634741543628e-03
4.261395583669978088e-03
4.263788447689108134e-03
4.266181226852600906e-03
4.268573921214071504e-03
4.270966530827049155e-03
4.273359055745021458e-03
4.275751496021395343e-03
4.278143851709506618e-03
4.280536122862645988e-03
4.282928309534011352e-03
4.285320411776770248e-03
4.287712429643976593e-03
4.290104363188682567e-03
4.292496212463816317e-03
4.294887977522279104e-03
4.297279658416891523e-03
4.299671255200413454e-03
4.302062767925541459e-03
4.304454196644907048e-03
4.306845541411085353e-03
4.309236802276567371e-03
4.311627979293796396e-03
4.314019072515154138e-03
4.316410081992954652e-03
4.318801007779441738e-03
4.321191849926795878e-03
4.323582608487157655e-03
4.325973283512563571e-03
4.328363875055027572e-03
4.330754383166482945e-03
4.333144807898791848e-03
4.335535149303767870e-03
4.337925407433158680e-03
4.340315582338637353e-03
4.342705674071845739e-03
4.345095682684319005e-03
4.347485608227567161e-03
4.349875450753027360e-03
4.352265210312061296e-03
4.354654886955981220e-03
4.357044480736050815e-03
4.359433991703447024e-03
4.361823419909299955e-03
4.364212765404672928e-03
4.366602028240570282e-03
4.368991208467935643e-03
4.371380306137645846e-03
4.373769321300529159e-03
4.376158254007341854e-03
4.378547104308785562e-03
4.380935872255499464e-03
4.383324557898058554e-03
4.385713161286985788e-03
4.388101682472738199e-03
4.390490121505706902e-03
4.392878478436242247e-03
4.395266753314612182e-03
4.397654946191033483e-03
4.400043057115673485e-03
4.402431086138623197e-03
4.404819033309927655e-03
4.407206898679561641e-03
4.409594682297453098e-03
4.411982384213448440e-03
4.414370004477365453e-03
4.416757543138941262e-03
4.419145000247865288e-03
4.421532375853754089e-03
4.423919670006177390e-03
4.426306882754650271e-03
4.428694014148616687e-03
4.431081064237465082e-03
4.433468033070537932e-03
4.435854920697100516e-03
4.438241727166379949e-03
4.440628452527529621e-03
4.443015096829650012e-03
4.445401660121789562e-03
4.447788142452933392e-03
4.450174543872001572e-03
4.452560864427881210e-03
4.454947104169365742e-03
4.457333263145223448e-03
4.459719341404160160e-03
4.462105338994804514e-03
4.464491255965740042e-03
4.466877092365509512e-03
4.469262848242575026e-03
4.471648523645358787e-03
4.474034118622202336e-03
4.476419633221436802e-03
4.478805067491272753e-03
4.481190421479927695e-03
4.483575695235524593e-03
4.485960888806130899e-03
4.488346002239784575e-03
4.490731035584445523e-03
4.493115988888018129e-03
4.495500862198352141e-03
4.497885655563261739e-03
4.500270369030474372e-03
4.502655002647685395e-03
4.505039556462533783e-03
4.507424030522578715e-03
4.509808424875349012e-03
4.512192739568317984e-03
4.514576974648896492e-03
4.516961130164429475e-03
4.519345206162233251e-03
4.521729202689546076e-03
4.524113119793565438e-03
4.526496957521429845e-03
4.528880715920224030e-03
4.531264395036974611e-03
4.533647994918663104e-03
4.536031515612198167e-03
4.538414957164467640e-03
4.540798319622270027e-03
4.543181603032368267e-03
4.545564807441480198e-03
4.547947932896235189e-03
4.550330979443257401e-03
4.552713947129082526e-03
4.555096836000195951e-03
4.557479646103042292e-03
4.559862377484013261e-03
4.562245030189436383e-03
4.564627604265592345e-03
4.567010099758706324e-03
4.569392516714956658e-03
4.571774855180469645e-03
4.574157115201290917e-03
4.576539296823463505e-03
4.578921400092948908e-03
4.581303425055640970e-03
4.583685371757409248e-03
4.586067240244064321e-03
4.588449030561357785e-03
4.590830742754990063e-03
4.593212376870618209e-03
4.595593932953839431e-03
4.597975411050195423e-03
4.600356811205189717e-03
4.602738133464270333e-03
4.605119377872814168e-03
4.607500544476176435e-03
4.609881633319653366e-03
4.612262644448463997e-03
4.614643577907809151e-03
4.617024433742820261e-03
4.619405211998587127e-03
4.621785912720152711e-03
4.624166535952474975e-03
4.626547081740521421e-03
4.628927550129149394e-03
4.631307941163196294e-03
4.633688254887451813e-03
4.636068491346644060e-03
4.638448650585452575e-03
4.640828732648512658e-03
4.643208737580401500e-03
4.645588665425640779e-03
4.647968516228731355e-03
4.650348290034092558e-03
4.652727986886102084e-03
4.655107606829097730e-03
4.657487149907361783e-03
4.659866616165121017e-03
4.662246005646574452e-03
4.664625318395830035e-03
4.667004554456997446e-03
4.669383713874095294e-03
4.671762796691112697e-03
4.674141802951983261e-03
4.676520732700607634e-03
4.678899585980812736e-03
4.681278362836398602e-03
4.683657063311095006e-03
4.686035687448608308e-03
4.688414235292569406e-03
4.690792706886583174e-03
4.693171102274192041e-03
4.695549421498908076e-03
4.697927664604166151e-03
4.700305831633365579e-03
4.702683922629878784e-03
4.705061937637007065e-03
4.707439876698003151e-03
4.709817739856079870e-03
4.712195527154405816e-03
4.714573238636088869e-03
4.716950874344199608e-03
4.719328434321756575e-03
4.721705918611740146e-03
4.724083327257063911e-03
4.726460660300620641e-03
4.728837917785227649e-03
4.731215099753680563e-03
4.733592206248707357e-03
4.735969237312997841e-03
4.738346192989196723e-03
4.740723073319899269e-03
4.743099878347660850e-03
4.745476608114983057e-03
4.747853262664314573e-03
4.750229842038067654e-03
4.752606346278611185e-03
4.754982775428249001e-03
4.757359129529258046e-03
4.759735408623873634e-03
4.762111612754255617e-03
4.764487741962547367e-03
4.766863796290833274e-03
4.769239775781146558e-03
4.771615680475491811e-03
4.773991510415805974e-03
4.776367265644000833e-03
4.778742946201924857e-03
4.781118552131397026e-03
4.783494083474183409e-03
4.785869540271995431e-03
4.788244922566516765e-03
4.790620230399369496e-03
4.792995463812147090e-03
4.795370622846389236e-03
4.797745707543583579e-03
4.800120717945181338e-03
4.802495654092581688e-03
4.804870516027161254e-03
4.807245303790221198e-03
4.809620017423036666e-03
4.811994656966833359e-03
4.814369222462786674e-03
4.816743713952035578e-03
4.819118131475681743e-03
4.821492475074759185e-03
4.823866744790276766e-03
4.826240940663209522e-03
4.828615062734450090e-03
4.830989111044878964e-03
4.833363085635320258e-03
4.835736986546564260e-03
4.838110813819341410e-03
4.840484567494361332e-03
4.842858247612262523e-03
4.845231854213661801e-03
4.847605387339120470e-03
4.849978847029162536e-03
4.852352233324265171e-03
4.854725546264850901e-03
4.857098785891338782e-03
4.859471952244046392e-03
4.861845045363303447e-03
4.864218065289359870e-03
4.866591012062427418e-03
4.868963885722699635e-03
4.871336686310299806e-03
4.873709413865322596e-03
4.876082068427814095e-03
4.878454650037774426e-03
4.880827158735169882e-03
4.883199594559923390e-03
4.885571957551907568e-03
4.887944247750957739e-03
4.890316465196863256e-03
4.892688609929387450e-03
4.895060681988231202e-03
4.897432681413058098e-03
4.899804608243485751e-03
4.902176462519110094e-03
4.904548244279468075e-03
4.906919953564052410e-03
4.909291590412326323e-03
4.911663154863696659e-03
4.914034646957543377e-03
4.916406066733186586e-03
4.918777414229929916e-03
4.921148689487020618e-03
4.923519892543659973e-03
4.925891023439013701e-03
4.928262082212203285e-03
4.930633068902322454e-03
4.933003983548405087e-03
4.935374826189450372e-03
4.937745596864424533e-03
4.940116295612244357e-03
4.942486922471787600e-03
4.944857477481898189e-03
4.947227960681352399e-03
4.949598372108931707e-03
4.951968711803326519e-03
4.954338979803233310e-03
4.956709176147273098e-03
4.959079300874044346e-03
4.961449354022096948e-03
4.963819335629948704e-03
4.966189245736063636e-03
4.968559084378886687e-03
4.970928851596805552e-03
4.973298547428162825e-03
4.975668171911271608e-03
4.978037725084421584e-03
4.980407206985830448e-03
4.982776617653696810e-03
4.985145957126174178e-03
4.987515225441369222e-03
4.989884422637357389e-03
4.992253548752176827e-03
4.994622603823816245e-03
4.996991587890230527e-03
4.999360500989343328e-03
5.001729343159017592e-03
5.004098114437109321e-03
5.006466814861395588e-03
5.008835444469645660e-03
5.011204003299577631e-03
5.013572491388874897e-03
5.015940908775179223e-03
5.018309255496082935e-03
5.020677531589158409e-03
5.023045737091927712e-03
5.025413872041873016e-03
5.027781936476447000e-03
5.030149930433062445e-03
5.032517853949084428e-03
5.034885707061843331e-03
5.037253489808632238e-03
5.039621202226711276e-03
5.041988844353298069e-03
5.044356416225560802e-03
5.046723917880637303e-03
5.049091349355653256e-03
5.051458710687645008e-03
5.053826001913651507e-03
5.056193223070664863e-03
5.058560374195623412e-03
5.060927455325449874e-03
5.063294466497009726e-03
5.065661407747154565e-03
5.068028279112668337e-03
5.070395080630311566e-03
5.072761812336811817e-03
5.075128474268863696e-03
5.077495066463103696e-03
5.079861588956155298e-03
5.082228041784579535e-03
5.084594424984916622e-03
5.086960738593666875e-03
5.089326982647301989e-03
5.091693157182232941e-03
5.094059262234852496e-03
5.096425297841520458e-03
5.098791264038540251e-03
5.101157160862189281e-03
5.103522988348705054e-03
5.105888746534307729e-03
5.108254435455152412e-03
5.110620055147369924e-03
5.112985605647053788e-03
5.115351086990254162e-03
5.117716499213011659e-03
5.120081842351290567e-03
5.122447116441045632e-03
5.124812321518195171e-03
5.127177457618599388e-03
5.129542524778111547e-03
5.131907523032524197e-03
5.134272452417609940e-03
5.136637312969094538e-03
5.139002104722677731e-03
5.141366827714015028e-03
5.143731481978727239e-03
5.146096067552397013e-03
5.148460584470580977e-03
5.150825032768804532e-03
5.153189412482526294e-03
5.155553723647204011e-03
5.157917966298250327e-03
5.160282140471024112e-03
5.162646246200866020e-03
5.165010283523079407e-03
5.167374252472933804e-03
5.169738153085658844e-03
5.172101985396450330e-03
5.174465749440465036e-03
5.176829445252831112e-03
5.179193072868642882e-03
5.181556632322947831e-03
5.183920123650769159e-03
5.186283546887092769e-03
5.188646902066875073e-03
5.191010189225017842e-03
5.193373408396413302e-03
5.195736559615904242e-03
5.198099642918302225e-03
5.200462658338383254e-03
5.202825605910886032e-03
5.205188485670524980e-03
5.207551297651961605e-03
5.209914041889850481e-03
5.212276718418782859e-03
5.214639327273332646e-03
5.217001868488027778e-03
5.219364342097379712e-03
5.221726748135864342e-03
5.224089086637889907e-03
5.226451357637878527e-03
5.228813561170178592e-03
5.231175697269127220e-03
5.233537765969018159e-03
5.235899767304123473e-03
5.238261701308662317e-03
5.240623568016836500e-03
5.242985367462796656e-03
5.245347099680690815e-03
5.247708764704586346e-03
5.250070362568567961e-03
5.252431893306649252e-03
5.254793356952826462e-03
5.257154753541062875e-03
5.259516083105286212e-03
5.261877345679389500e-03
5.264238541297220665e-03
5.266599669992618089e-03
5.268960731799380258e-03
5.271321726751257951e-03
5.273682654881976795e-03
5.276043516225234660e-03
5.278404310814699060e-03
5.280765038683994141e-03
5.283125699866714556e-03
5.285486294396411593e-03
5.287846822306634803e-03
5.290207283630874759e-03
5.292567678402586469e-03
5.294928006655211933e-03
5.297288268422137639e-03
5.299648463736747472e-03
5.302008592632368941e-03
5.304368655142289654e-03
5.306728651299797220e-03
5.309088581138117664e-03
5.311448444690457932e-03
5.313808241989981598e-03
5.316167973069848771e-03
5.318527637963148431e-03
5.320887236702964360e-03
5.323246769322330894e-03
5.325606235854271966e-03
5.327965636331754261e-03
5.330324970787733187e-03
5.332684239255119918e-03
5.335043441766795271e-03
5.337402578355616642e-03
5.339761649054402398e-03
5.342120653895933609e-03
5.344479592912973996e-03
5.346838466138253455e-03
5.349197273604444636e-03
5.351556015344222789e-03
5.353914691390223267e-03
5.356273301775024177e-03
5.358631846531215770e-03
5.360990325691322375e-03
5.363348739287847507e-03
5.365707087353260851e-03
5.368065369920013881e-03
5.370423587020513832e-03
5.372781738687125441e-03
5.375139824952215178e-03
5.377497845848099207e-03
5.379855801407058130e-03
5.382213691661343925e-03
5.384571516643179949e-03
5.386929276384766138e-03
5.389286970918263399e-03
5.391644600275800545e-03
5.394002164489474296e-03
5.396359663591370100e-03
5.398717097613512685e-03
5.401074466587912903e-03
5.403431770546562526e-03
5.405789009521389139e-03
5.408146183544311654e-03
5.410503292647236839e-03
5.412860336861995136e-03
5.415217316220436068e-03
5.417574230754339769e-03
5.419931080495473362e-03
5.422287865475579685e-03
5.424644585726357340e-03
5.427001241279481511e-03
5.429357832166586614e-03
5.431714358419315741e-03
5.434070820069224379e-03
5.436427217147878424e-03
5.438783549686805607e-03
5.441139817717490293e-03
5.443496021271407304e-03
5.445852160379986359e-03
5.448208235074635496e-03
5.450564245386727187e-03
5.452920191347613958e-03
5.455276072988593690e-03
5.457631890340981611e-03
5.459987643436004477e-03
5.462343332304910731e-03
5.464698956978892436e-03
5.467054517489119969e-03
5.469410013866716873e-03
5.471765446142818831e-03
5.474120814348473057e-03
5.476476118514764062e-03
5.478831358672696557e-03
5.481186534853270051e-03
5.483541647087443287e-03
5.485896695406148119e-03
5.488251679840286910e-03
5.490606600420749883e-03
5.492961457178374349e-03
5.495316250143974200e-03
5.497670979348357259e-03
5.500025644822268897e-03
5.502380246596434536e-03
5.504734784701569190e-03
5.507089259168349710e-03
5.509443670027409576e-03
5.511798017309376199e-03
5.514152301044831887e-03
5.516506521264331192e-03
5.518860677998415655e-03
5.521214771277579113e-03
5.523568801132306728e-03
5.525922767593027286e-03
5.528276670690173908e-03
5.530630510454128540e-03
5.532984286915249711e-03
5.535338000103869928e-03
5.537691650050294810e-03
5.540045236784798752e-03
5.542398760337637065e-03
5.544752220739017357e-03
5.547105618019138561e-03
5.549458952208163182e-03
5.551812223336225101e-03
5.554165431433426107e-03
5.556518576529851511e-03
5.558871658655555395e-03
5.561224677840558017e-03
5.563577634114854481e-03
5.565930527508413869e-03
5.568283358051174907e-03
5.570636125773056370e-03
5.572988830703934533e-03
5.575341472873662253e-03
5.577694052312090651e-03
5.580046569049005797e-03
5.582399023114185087e-03
5.584751414537370354e-03
5.587103743348298228e-03
5.589456009576635950e-03
5.591808213252069844e-03
5.594160354404236792e-03
5.596512433062734646e-03
5.598864449257149115e-03
5.601216403017046826e-03
5.603568294371947568e-03
5.605920123351340774e-03
5.608271889984735824e-03
5.610623594301552761e-03
5.612975236331220301e-03
5.615326816103125528e-03
5.617678333646641646e-03
5.620029788991105432e-03
5.622381182165836315e-03
5.624732513200104284e-03
5.627083782123174990e-03
5.629434988964302812e-03
5.631786133752664063e-03
5.634137216517453271e-03
5.636488237287813792e-03
5.638839196092874234e-03
5.641190092961732849e-03
5.643540927923469674e-03
5.645891701007115307e-03
5.648242412241703814e-03
5.650593061656236302e-03
5.652943649279646224e-03
5.655294175140901727e-03
5.657644639268908510e-03
5.659995041692548849e-03
5.662345382440700688e-03
5.664695661542182119e-03
5.667045879025806032e-03
5.669396034920365368e-03
5.671746129254601892e-03
5.674096162057257371e-03
5.676446133357023263e-03
5.678796043182591895e-03
5.681145891562613091e-03
5.683495678525703719e-03
5.685845404100472837e-03
5.688195068315502617e-03
5.690544671199321454e-03
5.692894212780473355e-03
5.695243693087444214e-03
5.697593112148704314e-03
5.699942469992700517e-03
5.702291766647858869e-03
5.704641002142571589e-03
5.706990176505204009e-03
5.709339289764109315e-03
5.711688341947583451e-03
5.714037333083946645e-03
5.716386263201442795e-03
5.718735132328331416e-03
5.721083940492817377e-03
5.723432687723089933e-03
5.725781374047326198e-03
5.728129999493657316e-03
5.730478564090194481e-03
5.732827067865034140e-03
5.735175510846236314e-03
5.737523893061853217e-03
5.739872214539876345e-03
5.742220475308314545e-03
5.744568675395123752e-03
5.746916814828233883e-03
5.749264893635574851e-03
5.751612911845029735e-03
5.753960869484464266e-03
5.756308766581719888e-03
5.758656603164595544e-03
5.761004379260886710e-03
5.763352094898370644e-03
5.765699750104782972e-03
5.768047344907827230e-03
5.770394879335206083e-03
5.772742353414576227e-03
5.775089767173583084e-03
5.777437120639849523e-03
5.779784413840960249e-03
5.782131646804483487e-03
5.784478819557965779e-03
5.786825932128912900e-03
5.789172984544836698e-03
5.791519976833189171e-03
5.793866909021430991e-03
5.796213781136977730e-03
5.798560593207231079e-03
5.800907345259556300e-03
5.803254037321288299e-03
5.805600669419774991e-03
5.807947241582310516e-03
5.810293753836162992e-03
5.812640206208587526e-03
5.814986598726815809e-03
5.817332931418037027e-03
5.819679204309449044e-03
5.822025417428190741e-03
5.824371570801400999e-03
5.826717664456194413e-03
5.829063698419645681e-03
5.831409672718808682e-03
5.833755587380726020e-03
5.836101442432414278e-03
5.838447237900858816e-03
5.840792973813028512e-03
5.843138650195847141e-03
5.845484267076239346e-03
5.847829824481110689e-03
5.850175322437322495e-03
5.852520760971718743e-03
5.854866140111121726e-03
5.857211459882333791e-03
5.859556720312128660e-03
5.861901921427267043e-03
5.864247063254461947e-03
5.866592145820434187e-03
5.868937169151849931e-03
5.871282133275380552e-03
5.873627038217648852e-03
5.875971884005286305e-03
5.878316670664871478e-03
5.880661398222959517e-03
5.883006066706116845e-03
5.885350676140828352e-03
5.887695226553624032e-03
5.890039717970961888e-03
5.892384150419286044e-03
5.894728523925033686e-03
5.897072838514595162e-03
5.899417094214374699e-03
5.901761291050713204e-03
5.904105429049945515e-03
5.906449508238382183e-03
5.908793528642329422e-03
5.911137490288037935e-03
5.913481393201744547e-03
5.915825237409690421e-03
5.918169022938057737e-03
5.920512749813035616e-03
5.922856418060764606e-03
5.925200027707380052e-03
5.927543578778986071e-03
5.929887071301675507e-03
5.932230505301497835e-03
5.934573880804494724e-03
5.936917197836693097e-03
5.939260456424086052e-03
5.941603656592643265e-03
5.943946798368310129e-03
5.946289881777008617e-03
5.948632906844665905e-03
5.950975873597151057e-03
5.953318782060316658e-03
5.955661632260005750e-03
5.958004424222044897e-03
5.960347157972228568e-03
5.962689833536304398e-03
5.965032450940045174e-03
5.967375010209165567e-03
5.969717511369367242e-03
5.972059954446349260e-03
5.974402339465767313e-03
5.976744666453248471e-03
5.979086935434426743e-03
5.981429146434871953e-03
5.983771299480184283e-03
5.986113394595906669e-03
5.988455431807558627e-03
5.990797411140649266e-03
5.993139332620679022e-03
5.995481196273085879e-03
5.997823002123333844e-03
6.000164750196844421e-03
6.002506440518994013e-03
6.004848073115176370e-03
6.007189648010744475e-03
6.009531165231032229e-03
6.011872624801342310e-03
6.014214026746973057e-03
6.016555371093188984e-03
6.018896657865244193e-03
6.021237887088358096e-03
6.023579058787732754e-03
6.025920172988551149e-03
6.028261229715982383e-03
6.030602228995162600e-03
6.032943170851213198e-03
6.035284055309218278e-03
6.037624882394258471e-03
6.039965652131404870e-03
6.042306364545662646e-03
6.044647019662070797e-03
6.046987617505605872e-03
6.049328158101247889e-03
6.051668641473920487e-03
6.054009067648574195e-03
6.056349436650110968e-03
6.058689748503424954e-03
6.061030003233353926e-03
6.063370200864759071e-03
6.065710341422463417e-03
6.068050424931260498e-03
6.070390451415937777e-03
6.072730420901244555e-03
6.075070333411939673e-03
6.077410188972710847e-03
6.079749987608280490e-03
6.082089729343302491e-03
6.084429414202455026e-03
6.086769042210368567e-03
6.089108613391643228e-03
6.091448127770873917e-03
6.093787585372642535e-03
6.096126986221488478e-03
6.098466330341948544e-03
6.100805617758547385e-03
6.103144848495755011e-03
6.105484022578038829e-03
6.107823140029867114e-03
6.110162200875653496e-03
6.112501205139802066e-03
6.114840152846717780e-03
6.117179044020751820e-03
6.119517878686254499e-03
6.121856656867550109e-03
6.124195378588958606e-03
6.126534043874747905e-03
6.128872652749189388e-03
6.131211205236513674e-03
6.133549701360974798e-03
6.135888141146755674e-03
6.138226524618044418e-03
6.140564851799015268e-03
6.142903122713797362e-03
6.145241337386517233e-03
6.147579495841285803e-03
6.149917598102187972e-03
6.152255644193268744e-03
6.154593634138593936e-03
6.156931567962175590e-03
6.159269445688033556e-03
6.161607267340113089e-03
6.163945032942420160e-03
6.166282742518867932e-03
6.168620396093390384e-03
6.170957993689911089e-03
6.173295535332285096e-03
6.175633021044390873e-03
6.177970450850070461e-03
6.180307824773148551e-03
6.182645142837423814e-03
6.184982405066698392e-03
6.187319611484720649e-03
6.189656762115251093e-03
6.191993856982005127e-03
6.194330896108692953e-03
6.196667879519006557e-03
6.199004807236606698e-03
6.201341679285141129e-03
6.203678495688245455e-03
6.206015256469524927e-03
6.208351961652573518e-03
6.210688611260949642e-03
6.213025205318209974e-03
6.215361743847895581e-03
6.217698226873503292e-03
6.220034654418538610e-03
6.222371026506466271e-03
6.224707343160744942e-03
6.227043604404806400e-03
6.229379810262067677e-03
6.231715960755930192e-03
6.234052055909764141e-03
6.236388095746934514e-03
6.238724080290762065e-03
6.241060009564591837e-03
6.243395883591706420e-03
6.245731702395391008e-03
6.248067465998916915e-03
6.250403174425511223e-03
6.252738827698409683e-03
6.255074425840822898e-03
6.257409968875932843e-03
6.259745456826894608e-03
6.262080889716862414e-03
6.264416267568987881e-03
6.266751590406351505e-03
6.269086858252047659e-03
6.271422071129168982e-03
6.273757229060764745e-03
6.276092332069859933e-03
6.278427380179479531e-03
6.280762373412606889e-03
6.283097311792239237e-03
6.285432195341343446e-03
6.287767024082837816e-03
6.290101798039653656e-03
6.292436517234702327e-03
6.294771181690863963e-03
6.297105791431008293e-03
6.299440346477987694e-03
6.301774846854619853e-03
6.304109292583719854e-03
6.306443683688100175e-03
6.308778020190515187e-03
6.311112302113730532e-03
6.313446529480480629e-03
6.315780702313481682e-03
6.318114820635436016e-03
6.320448884469033815e-03
6.322782893836928833e-03
6.325116848761781763e-03
6.327450749266201255e-03
6.329784595372809838e-03
6.332118387104191878e-03
6.334452124482943015e-03
6.336785807531574756e-03
6.339119436272657587e-03
6.341453010728707353e-03
6.343786530922210405e-03
6.346119996875666976e-03
6.348453408611521784e-03
6.350786766152227356e-03
6.353120069520213666e-03
6.355453318737896810e-03
6.357786513827662529e-03
6.360119654811882683e-03
6.362452741712911787e-03
6.364785774553091344e-03
6.367118753354746377e-03
6.369451678140170686e-03
6.371784548931650263e-03
6.374117365751461560e-03
6.376450128621842864e-03
6.378782837565021187e-03
6.381115492603215734e-03
6.383448093758630967e-03
6.385780641053424508e-03
6.388113134509772195e-03
6.390445574149798691e-03
6.392777959995655547e-03
6.395110292069422324e-03
6.397442570393202868e-03
6.399774794989064597e-03
6.402106965879055846e-03
6.404439083085228419e-03
6.406771146629582081e-03
6.409103156534132206e-03
6.411435112820856007e-03
6.413767015511713347e-03
6.416098864628663224e-03
6.418430660193629941e-03
6.420762402228542137e-03
6.423094090755268604e-03
6.425425725795702418e-03
6.427757307371717577e-03
6.430088835505136033e-03
6.432420310217799690e-03
6.434751731531507951e-03
6.437083099468056749e-03
6.439414414049227271e-03
6.441745675296772083e-03
6.444076883232429005e-03
6.446408037877922846e-03
6.448739139254955864e-03
6.451070187385220776e-03
6.453401182290387748e-03
6.455732123992106997e-03
6.458063012512028737e-03
6.460393847871766758e-03
6.462724630092908824e-03
6.465055359197059183e-03
6.467386035205797794e-03
6.469716658140640432e-03
6.472047228023154047e-03
6.474377744874831864e-03
6.476708208717200932e-03
6.479038619571730190e-03
6.481368977459879034e-03
6.483699282403124209e-03
6.486029534422864395e-03
6.488359733540545113e-03
6.490689879777558104e-03
6.493019973155269957e-03
6.495350013695060272e-03
6.497680001418295638e-03
6.500009936346272388e-03
6.502339818500335426e-03
6.504669647901765474e-03
6.506999424571854526e-03
6.509329148531870293e-03
6.511658819803050995e-03
6.513988438406637452e-03
6.516318004363841863e-03
6.518647517695857346e-03
6.520976978423887425e-03
6.523306386569080115e-03
6.525635742152582561e-03
6.527965045195548849e-03
6.530294295719066278e-03
6.532623493744261177e-03
6.534952639292193090e-03
6.537281732383944111e-03
6.539610773040559905e-03
6.541939761283084402e-03
6.544268697132512094e-03
6.546597580609874768e-03
6.548926411736122680e-03
6.551255190532262462e-03
6.553583917019217484e-03
6.555912591217937131e-03
6.558241213149336099e-03
6.560569782834317805e-03
6.562898300293766585e-03
6.565226765548567642e-03
6.567555178619555872e-03
6.569883539527592194e-03
6.572211848293469869e-03
6.574540104938028130e-03
6.576868309482032486e-03
6.579196461946260586e-03
6.581524562351484878e-03
6.583852610718429234e-03
6.586180607067841815e-03
6.588508551420406596e-03
6.590836443796819696e-03
6.593164284217786775e-03
6.595492072703938030e-03
6.597819809275941826e-03
6.600147493954403206e-03
6.602475126759971454e-03
6.604802707713209112e-03
6.607130236834714287e-03
6.609457714145054730e-03
6.611785139664773901e-03
6.614112513414419602e-03
6.616439835414497130e-03
6.618767105685510049e-03
6.621094324247948915e-03
6.623421491122291269e-03
6.625748606328979960e-03
6.628075669888466512e-03
6.630402681821168619e-03
6.632729642147502241e-03
6.635056550887844309e-03
6.637383408062576956e-03
6.639710213692076243e-03
6.642036967796680069e-03
6.644363670396714189e-03
6.646690321512495683e-03
6.649016921164321685e-03
6.651343469372483254e-03
6.653669966157237624e-03
6.655996411538835957e-03
6.658322805537525077e-03
6.660649148173540535e-03
6.662975439467056296e-03
6.665301679438272349e-03
6.667627868107376538e-03
6.669954005494528951e-03
6.672280091619859320e-03
6.674606126503494774e-03
6.676932110165568514e-03
6.679258042626165168e-03
6.681583923905371966e-03
6.683909754023250986e-03
6.686235532999860835e-03
6.688561260855239304e-03
6.690886937609412041e-03
6.693212563282361326e-03
6.695538137894106734e-03
6.697863661464613198e-03
6.700189134013842182e-03
6.702514555561741270e-03
6.704839926128237232e-03
6.707165245733255100e-03
6.709490514396677409e-03
6.711815732138405773e-03
6.714140898978308847e-03
6.716466014936225797e-03
6.718791080032018338e-03
6.721116094285497014e-03
6.723441057716485376e-03
6.725765970344758406e-03
6.728090832190119705e-03
6.730415643272311295e-03
6.732740403611104686e-03
6.735065113226210674e-03
6.737389772137371280e-03
6.739714380364281686e-03
6.742038937926640545e-03
6.744363444844123090e-03
6.746687901136377667e-03
6.749012306823052622e-03
6.751336661923791095e-03
6.753660966458200667e-03
6.755985220445888915e-03
6.758309423906435666e-03
6.760633576859422476e-03
6.762957679324384068e-03
6.765281731320899397e-03
6.767605732868458950e-03
6.769929683986600916e-03
6.772253584694812312e-03
6.774577435012591430e-03
6.776901234959389723e-03
6.779224984554672526e-03
6.781548683817866137e-03
6.783872332768414205e-03
6.786195931425727419e-03
6.788519479809193916e-03
6.790842977938186219e-03
6.793166425832078588e-03
6.795489823510234874e-03
6.797813170991989437e-03
6.800136468296657556e-03
6.802459715443562316e-03
6.804782912451977361e-03
6.807106059341204093e-03
6.809429156130494473e-03
6.811752202839100462e-03
6.814075199486285296e-03
6.816398146091237620e-03
6.818721042673180771e-03
6.821043889251312935e-03
6.823366685844804540e-03
6.825689432472832087e-03
6.828012129154534780e-03
6.830334775909063100e-03
6.832657372755525892e-03
6.834979919713039809e-03
6.837302416800702422e-03
6.839624864037598291e-03
6.841947261442776415e-03
6.844269609035291864e-03
6.846591906834203177e-03
6.848914154858509046e-03
6.851236353127245458e-03
6.853558501659366871e-03
6.855880600473898863e-03
6.858202649589775074e-03
6.860524649025973379e-03
6.862846598801427417e-03
6.865168498935039602e-03
6.867490349445750514e-03
6.869812150352445218e-03
6.872133901674004446e-03
6.874455603429295049e-03
6.876777255637183013e-03
6.879098858316508303e-03
6.881420411486084861e-03
6.883741915164744846e-03
6.886063369371268374e-03
6.888384774124444235e-03
6.890706129443065556e-03
6.893027435345866483e-03
6.895348691851599376e-03
6.897669898978997516e-03
6.899991056746781169e-03
6.902312165173633308e-03
6.904633224278271600e-03
6.906954234079345188e-03
6.909275194595536178e-03
6.911596105845467693e-03
6.913916967847797551e-03
6.916237780621134999e-03
6.918558544184091018e-03
6.920879258555252302e-03
6.923199923753200341e-03
6.925520539796509688e-03
6.927841106703721934e-03
6.930161624493376069e-03
6.932482093184011082e-03
6.934802512794101780e-03
6.937122883342193222e-03
6.939443204846748939e-03
6.941763477326228123e-03
6.944083700799090833e-03
6.946403875283808406e-03
6.948724000798767175e-03
6.951044077362422864e-03
6.953364104993154000e-03
6.955684083709361663e-03
6.958004013529421779e-03
6.960323894471691190e-03
6.962643726554533681e-03
6.964963509796258390e-03
6.967283244215213486e-03
6.969602929829696834e-03
6.971922566658002827e-03
6.974242154718423257e-03
6.976561694029228232e-03
6.978881184608654899e-03
6.981200626474976835e-03
6.983520019646386086e-03
6.985839364141127605e-03
6.988158659977401245e-03
6.990477907173397315e-03
6.992797105747263625e-03
6.995116255717210435e-03
6.997435357101338717e-03
6.999754409917834444e-03
7.002073414184789048e-03
7.004392369920326052e-03
7.006711277142523009e-03
7.009030135869493902e-03
7.011348946119304142e-03
7.013667707909994851e-03
7.015986421259625370e-03
7.018305086186219476e-03
7.020623702707807882e-03
7.022942270842376204e-03
7.025260790607936075e-03
7.027579262022476576e-03
7.029897685103926076e-03
7.032216059870284933e-03
7.034534386339459829e-03
7.036852664529400815e-03
7.039170894458006769e-03
7.041489076143194782e-03
7.043807209602828169e-03
7.046125294854821419e-03
7.048443331917008357e-03
7.050761320807271380e-03
7.053079261543410486e-03
7.055397154143265570e-03
7.057714998624660049e-03
7.060032795005375707e-03
7.062350543303216009e-03
7.064668243535942790e-03
7.066985895721327425e-03
7.069303499877116134e-03
7.071621056021030853e-03
7.073938564170805660e-03
7.076256024344146009e-03
7.078573436558772969e-03
7.080890800832333881e-03
7.083208117182524660e-03
7.085525385627005658e-03
7.087842606183424217e-03
7.090159778869382576e-03
7.092476903702540220e-03
7.094793980700508929e-03
7.097111009880848441e-03
7.099427991261170537e-03
7.101744924859041026e-03
7.104061810692024852e-03
7.106378648777649659e-03
7.108695439133468248e-03
7.111012181776991785e-03
7.113328876725729701e-03
7.115645523997182753e-03
7.117962123608821343e-03
7.120278675578134951e-03
7.122595179922571428e-03
7.124911636659582957e-03
7.127228045806605246e-03
7.129544407381058387e-03
7.131860721400336452e-03
7.134176987881852595e-03
7.136493206842998288e-03
7.138809378301115560e-03
7.141125502273589810e-03
7.143441578777757865e-03
7.145757607830963490e-03
7.148073589450527898e-03
7.150389523653761896e-03
7.152705410457945064e-03
7.155021249880398615e-03
7.157337041938356161e-03
7.159652786649108556e-03
7.161968484029896352e-03
7.164284134097949688e-03
7.166599736870504778e-03
7.168915292364763138e-03
7.171230800597930624e-03
7.173546261587205285e-03
7.175861675349744402e-03
7.178177041902722606e-03
7.180492361263286771e-03
7.182807633448595047e-03
7.185122858475743134e-03
7.187438036361874436e-03
7.189753167124083785e-03
7.192068250779456474e-03
7.194383287345083866e-03
7.196698276838024363e-03
7.199013219275332900e-03
7.201328114674047931e-03
7.203642963051213113e-03
7.205957764423847819e-03
7.208272518808941931e-03
7.210587226223513953e-03
7.212901886684534684e-03
7.215216500208970589e-03
7.217531066813802007e-03
7.219845586515952901e-03
7.222160059332372387e-03
7.224474485279981824e-03
7.226788864375691297e-03
7.229103196636410024e-03
7.231417482079014261e-03
7.233731720720390675e-03
7.236045912577386031e-03
7.238360057666876589e-03
7.240674156005684828e-03
7.242988207610663587e-03
7.245302212498598918e-03
7.247616170686322842e-03
7.249930082190617076e-03
7.252243947028270271e-03
7.254557765216028582e-03
7.256871536770695408e-03
7.259185261708992615e-03
7.261498940047647274e-03
7.263812571803400335e-03
7.266126156992948511e-03
7.268439695633001525e-03
7.270753187740250888e-03
7.273066633331375964e-03
7.275380032423025764e-03
7.277693385031871846e-03
7.280006691174559751e-03
7.282319950867693382e-03
7.284633164127919149e-03
7.286946330971831413e-03
7.289259451416041022e-03
7.291572525477102440e-03
7.293885553171616971e-03
7.296198534516146021e-03
7.298511469527214565e-03
7.300824358221397019e-03
7.303137200615187133e-03
7.305449996725121159e-03
7.307762746567699787e-03
7.310075450159401154e-03
7.312388107516727687e-03
7.314700718656141042e-03
7.317013283594104613e-03
7.319325802347057507e-03
7.321638274931433626e-03
7.323950701363664273e-03
7.326263081660159063e-03
7.328575415837320674e-03
7.330887703911541375e-03
7.333199945899191753e-03
7.335512141816660607e-03
7.337824291680289032e-03
7.340136395506414654e-03
7.342448453311399385e-03
7.344760465111520135e-03
7.347072430923131878e-03
7.349384350762530604e-03
7.351696224645970675e-03
7.354008052589761958e-03
7.356319834610173559e-03
7.358631570723431214e-03
7.360943260945799690e-03
7.363254905293522071e-03
7.365566503782798938e-03
7.367878056429836078e-03
7.370189563250870504e-03
7.372501024262049021e-03
7.374812439479577417e-03
7.377123808919614639e-03
7.379435132598290148e-03
7.381746410531800189e-03
7.384057642736218709e-03
7.386368829227716801e-03
7.388679970022374484e-03
7.390991065136309074e-03
7.393302114585603192e-03
7.395613118386344664e-03
7.397924076554574478e-03
7.400234989106374388e-03
7.402545856057762830e-03
7.404856677424801609e-03
7.407167453223503090e-03
7.409478183469877036e-03
7.411788868179924536e-03
7.414099507369639741e-03
7.416410101054992515e-03
7.418720649251965733e-03
7.421031151976502371e-03
7.423341609244551477e-03
7.425652021072073374e-03
7.427962387474956393e-03
7.430272708469131369e-03
7.432582984070504849e-03
7.434893214294958225e-03
7.437203399158380697e-03
7.439513538676647587e-03
7.441823632865614269e-03
7.444133681741123103e-03
7.446443685319019054e-03
7.448753643615134076e-03
7.451063556645281041e-03
7.453373424425260678e-03
7.455683246970871980e-03
7.457993024297907871e-03
7.460302756422123975e-03
7.462612443359304543e-03
7.464922085125184383e-03
7.467231681735526060e-03
7.469541233206035760e-03
7.471850739552459569e-03
7.474160200790479387e-03
7.476469616935809206e-03
7.478778988004146540e-03
7.481088314011162879e-03
7.483397594972527982e-03
7.485706830903891655e-03
7.488016021820897636e-03
7.490325167739196599e-03
7.492634268674404525e-03
7.494943324642134794e-03
7.497252335657986905e-03
7.499561301737564696e-03
7.501870222896460730e-03
7.504179099150225934e-03
7.506487930514428586e-03
7.508796717004624817e-03
7.511105458636350811e-03
7.513414155425150558e-03
7.515722807386528148e-03
7.518031414535994612e-03
7.520339976889078328e-03
7.522648494461224404e-03
7.524956967267934331e-03
7.527265395324680107e-03
7.529573778646915516e-03
7.531882117250070056e-03
7.534190411149616594e-03
7.536498660360947330e-03
7.538806864899501303e-03
7.541115024780672450e-03
7.543423140019856442e-03
7.545731210632460224e-03
7.548039236633829162e-03
7.550347218039342445e-03
7.552655154864349775e-03
7.554963047124200852e-03
7.557270894834230632e-03
7.559578698009756723e-03
7.561886456666102804e-03
7.564194170818561332e-03
7.566501840482426494e-03
7.568809465672981206e-03
7.571117046405505778e-03
7.573424582695243226e-03
7.575732074557479934e-03
7.578039522007425088e-03
7.580346925060334716e-03
7.582654283731406729e-03
7.584961598035873734e-03
7.587268867988935378e-03
7.589576093605768757e-03
7.591883274901563110e-03
7.594190411891485991e-03
7.596497504590716231e-03
7.598804553014375414e-03
7.601111557177625024e-03
7.603418517095587512e-03
7.605725432783401810e-03
7.608032304256147869e-03
7.610339131528941203e-03
7.612645914616892988e-03
7.614952653535046745e-03
7.617259348298507579e-03
7.619565998922299063e-03
7.621872605421498546e-03
7.624179167811153020e-03
7.626485686106277383e-03
7.628792160321888269e-03
7.631098590473023129e-03
7.633404976574649156e-03
7.635711318641770842e-03
7.638017616689369259e-03
7.640323870732421141e-03
7.642630080785898887e-03
7.644936246864726323e-03
7.647242368983857633e-03
7.649548447158230520e-03
7.651854481402750596e-03
7.654160471732352096e-03
7.656466418161919814e-03
7.658772320706348086e-03
7.661078179380530380e-03
7.663383994199335879e-03
7.665689765177619019e-03
7.667995492330234239e-03
7.670301175672040311e-03
7.672606815217848306e-03
7.674912410982497046e-03
7.677217962980798470e-03
7.679523471227543696e-03
7.681828935737541192e-03
7.684134356525589016e-03
7.686439733606437522e-03
7.688745066994855278e-03
7.691050356705608250e-03
7.693355602753429445e-03
7.695660805153082228e-03
7.697965963919264042e-03
7.700271079066703557e-03
7.702576150610103423e-03
7.704881178564166287e-03
7.707186162943587861e-03
7.709491103763036098e-03
7.711796001037185024e-03
7.714100854780687848e-03
7.716405665008191708e-03
7.718710431734349814e-03
7.721015154973785016e-03
7.723319834741124504e-03
7.725624471050973781e-03
7.727929063917925341e-03
7.730233613356589026e-03
7.732538119381543451e-03
7.734842582007345549e-03
7.737147001248586078e-03
7.739451377119809829e-03
7.741755709635550313e-03
7.744059998810351453e-03
7.746364244658732884e-03
7.748668447195218578e-03
7.750972606434328172e-03
7.753276722390520584e-03
7.755580795078323257e-03
7.757884824512195979e-03
7.760188810706613281e-03
7.762492753676034085e-03
7.764796653434914708e-03
7.767100509997679376e-03
7.769404323378774867e-03
7.771708093592603721e-03
7.774011820653615318e-03
7.776315504576184444e-03
7.778619145374717110e-03
7.780922743063594174e-03
7.783226297657180881e-03
7.785529809169866762e-03
7.787833277615984970e-03
7.790136703009905086e-03
7.792440085365961132e-03
7.794743424698448095e-03
7.797046721021742496e-03
7.799349974350121111e-03
7.801653184697878059e-03
7.803956352079322208e-03
7.806259476508745944e-03
7.808562558000387011e-03
7.810865596568551672e-03
7.813168592227474202e-03
7.815471544991388006e-03
7.817774454874547307e-03
7.820077321891192451e-03
7.822380146055516945e-03
7.824682927381729908e-03
7.826985665884050869e-03
7.829288361576655988e-03
7.831591014473742243e-03
7.833893624589468446e-03
7.836196191937986472e-03
7.838498716533488092e-03
7.840801198390080079e-03
7.843103637521926449e-03
7.845406033943135710e-03
7.847708387667830243e-03
7.850010698710127230e-03
7.852312967084133441e-03
7.854615192803927892e-03
7.856917375883575722e-03
7.859219516337187170e-03
7.861521614178797884e-03
7.863823669422460860e-03
7.866125682082248174e-03
7.868427652172183331e-03
7.870729579706279427e-03
7.873031464698563436e-03
7.875333307163064067e-03
7.877635107113752783e-03
7.879936864564647883e-03
7.882238579529727771e-03
7.884540252022951765e-03
7.886841882058282654e-03
7.889143469649704046e-03
7.891445014811126688e-03
7.893746517556525510e-03
7.896047977899807793e-03
7.898349395854908570e-03
7.900650771435712566e-03
7.902952104656158286e-03
7.905253395530109639e-03
7.907554644071472169e-03
7.909855850294109786e-03
7.912157014211895073e-03
7.914458135838693675e-03
7.916759215188336543e-03
7.919060252274678913e-03
7.921361247111556939e-03
7.923662199712777285e-03
7.925963110092179575e-03
7.928263978263532311e-03
7.930564804240657767e-03
7.932865588037357404e-03
7.935166329667392784e-03
7.937467029144528938e-03
7.939767686482536099e-03
7.942068301695158483e-03
7.944368874796155916e-03
7.946669405799272612e-03
7.948969894718197274e-03
7.951270341566691463e-03
7.953570746358428270e-03
7.955871109107134562e-03
7.958171429826493837e-03
7.960471708530182655e-03
7.962771945231891454e-03
7.965072139945284652e-03
7.967372292684002377e-03
7.969672403461709048e-03
7.971972472292041326e-03
7.974272499188630667e-03
7.976572484165105059e-03
7.978872427235061265e-03
7.981172328412144620e-03
7.983472187709903314e-03
7.985772005141958396e-03
7.988071780721896220e-03
7.990371514463256303e-03
7.992671206379631937e-03
7.994970856484562641e-03
7.997270464791594868e-03
7.999570031314280280e-03
8.001869556066120229e-03
8.004169039060678517e-03
8.006468480311418334e-03
8.008767879831880931e-03
8.011067237635543375e-03
8.013366553735882733e-03
8.015665828146412500e-03
8.017965060880566375e-03
8.020264251951811016e-03
8.022563401373626960e-03
8.024862509159440965e-03
8.027161575322672854e-03
8.029460599876764998e-03
8.031759582835144157e-03
8.034058524211209334e-03
8.036357424018383822e-03
8.038656282270019784e-03
8.040955098979540513e-03
8.043253874160315522e-03
8.045552607825696978e-03
8.047851299989049190e-03
8.050149950663743406e-03
8.052448559863105773e-03
8.054747127600497131e-03
8.057045653889198522e-03
8.059344138742565583e-03
8.061642582173908847e-03
8.063940984196504153e-03
8.066239344823656829e-03
8.068537664068668736e-03
8.070835941944805303e-03
8.073134178465321553e-03
8.075432373643501999e-03
8.077730527492587784e-03
8.080028640025832196e-03
8.082326711256443419e-03
8.084624741197678210e-03
8.086922729862734346e-03
8.089220677264852971e-03
8.091518583417207575e-03
8.093816448333008076e-03
8.096114272025429701e-03
8.098412054507663285e-03
8.100709795792880585e-03
8.103007495894234274e-03
8.105305154824878761e-03
8.107602772597947635e-03
8.109900349226619592e-03
8.112197884723981386e-03
8.114495379103161404e-03
8.116792832377300176e-03
8.119090244559475783e-03
8.121387615662788856e-03
8.123684945700326149e-03
8.125982234685188293e-03
8.128279482630425615e-03
8.130576689549107519e-03
8.132873855454298209e-03
8.135170980359049744e-03
8.137468064276382959e-03
8.139765107219351647e-03
8.142062109200947154e-03
8.144359070234223272e-03
8.146655990332166142e-03
8.148952869507794863e-03
8.151249707774073025e-03
8.153546505144005849e-03
8.155843261630569066e-03
8.158139977246724531e-03
8.160436652005418484e-03
8.162733285919628393e-03
8.165029879002288354e-03
8.167326431266334202e-03
8.169622942724680953e-03
8.171919413390271378e-03
8.174215843275989268e-03
8.176512232394780866e-03
8.178808580759497002e-03
8.181104888383052692e-03
8.183401155278336933e-03
8.185697381458190147e-03
8.187993566935503065e-03
8.190289711723117844e-03
8.192585815833897459e-03
8.194881879280663250e-03
8.197177902076260847e-03
8.199473884233527202e-03
8.201769825765245492e-03
8.204065726684257875e-03
8.206361587003366612e-03
8.208657406735337531e-03
8.210953185892964218e-03
8.213248924489052402e-03
8.215544622536343627e-03
8.217840280047607193e-03
8.220135897035607195e-03
8.222431473513078237e-03
8.224727009492760130e-03
8.227022504987394416e-03
8.229317960009687946e-03
8.231613374572380529e-03
8.233908748688166870e-03
8.236204082369743412e-03
8.238499375629804861e-03
8.240794628481033779e-03
8.243089840936116200e-03
8.245385013007719074e-03
8.247680144708488537e-03
8.249975236051091537e-03
8.252270287048184619e-03
8.254565297712391364e-03
8.256860268056335356e-03
8.259155198092666197e-03
8.261450087833967573e-03
8.263744937292873474e-03
8.266039746481971054e-03
8.268334515413856139e-03
8.270629244101105476e-03
8.272923932556299279e-03
8.275218580792016027e-03
8.277513188820827261e-03
8.279807756655243808e-03
8.282102284307856291e-03
8.284396771791184208e-03
8.286691219117771345e-03
8.288985626300123324e-03
8.291279993350761379e-03
8.293574320282198070e-03
8.295868607106944223e-03
8.298162853837482908e-03
8.300457060486285052e-03
8.302751227065852807e-03
8.305045353588651896e-03
8.307339440067135899e-03
8.309633486513780948e-03
8.311927492941005927e-03
8.314221459361260946e-03
8.316515385786996117e-03
8.318809272230623386e-03
8.321103118704552964e-03
8.323396925221219350e-03
8.325690691793010204e-03
8.327984418432320124e-03
8.330278105151535037e-03
8.332571751963049542e-03
8.334865358879218339e-03
8.337158925912420415e-03
8.339452453075001798e-03
8.341745940379332799e-03
8.344039387837729957e-03
8.346332795462561849e-03
8.348626163266139807e-03
8.350919491260769961e-03
8.353212779458794868e-03
8.355506027872506777e-03
8.357799236514196206e-03
8.360092405396171017e-03
8.362385534530700909e-03
8.364678623930081602e-03
8.366971673606556775e-03
8.369264683572413474e-03
8.371557653839897112e-03
8.373850584421244428e-03
8.376143475328716448e-03
8.378436326574529094e-03
8.380729138170915637e-03
8.383021910130069448e-03
8.385314642464255022e-03
8.387607335185622362e-03
8.389899988306387391e-03
8.392192601838755622e-03
8.394485175794882265e-03
8.396777710186953750e-03
8.399070205027140898e-03
8.401362660327588508e-03
8.403655076100479543e-03
8.405947452357920638e-03
8.408239789112072204e-03
8.410532086375066899e-03
8.412824344159009621e-03
8.415116562476043435e-03
8.417408741338247222e-03
8.419700880757743228e-03
8.421992980746627680e-03
8.424285041316972519e-03
8.426577062480863564e-03
8.428869044250386633e-03
8.431160986637596319e-03
8.433452889654554155e-03
8.435744753313306060e-03
8.438036577625903159e-03
8.440328362604361881e-03
8.442620108260747228e-03
8.444911814607060016e-03
8.447203481655323615e-03
8.449495109417528432e-03
8.451786697905704776e-03
8.454078247131829177e-03
8.456369757107898982e-03
8.458661227845871641e-03
8.460952659357751440e-03
8.463244051655480216e-03
8.465535404751020621e-03
8.467826718656323165e-03
8.470117993383355706e-03
8.472409228944032325e-03
8.474700425350279245e-03
8.476991582614033099e-03
8.479282700747214907e-03
8.481573779761724871e-03
8.483864819669456256e-03
8.486155820482317938e-03
8.488446782212180630e-03
8.490737704870960148e-03
8.493028588470494245e-03
8.495319433022676184e-03
8.497610238539341984e-03
8.499901005032351950e-03
8.502191732513585468e-03
8.504482420994836922e-03
8.506773070487940597e-03
8.509063681004753327e-03
8.511354252557059089e-03
8.513644785156702574e-03
8.515935278815466025e-03
8.518225733545150766e-03
8.520516149357547711e-03
8.522806526264435634e-03
8.525096864277600245e-03
8.527387163408806439e-03
8.529677423669813907e-03
8.531967645072391013e-03
8.534257827628262752e-03
8.536547971349200958e-03
8.538838076246928893e-03
8.541128142333145531e-03
8.543418169619617503e-03
8.545708158118035108e-03
8.547998107840097323e-03
8.550288018797522205e-03
8.552577891002000054e-03
8.554867724465214235e-03
8.557157519198853313e-03
8.559447275214585038e-03
8.561736992524049406e-03
8.564026671138964472e-03
8.566316311070921660e-03
8.568605912331604332e-03
8.570895474932636871e-03
8.573184998885667943e-03
8.575474484202295911e-03
8.577763930894172911e-03
8.580053338972874755e-03
8.582342708450034496e-03
8.584632039337233150e-03
8.586921331646060404e-03
8.589210585388125027e-03
8.591499800574994156e-03
8.593788977218217578e-03
8.596078115329386718e-03
8.598367214920035750e-03
8.600656276001745690e-03
8.602945298586043774e-03
8.605234282684460709e-03
8.607523228308527202e-03
8.609812135469787839e-03
8.612101004179740366e-03
8.614389834449901612e-03
8.616678626291777998e-03
8.618967379716865537e-03
8.621256094736639425e-03
8.623544771362628633e-03
8.625833409606258051e-03
8.628122009479023691e-03
8.630410570992381666e-03
8.632699094157800235e-03
8.634987578986726836e-03
8.637276025490588094e-03
8.639564433680845326e-03
8.641852803568916483e-03
8.644141135166243800e-03
8.646429428484208798e-03
8.648717683534253714e-03
8.651005900327761802e-03
8.653294078876145809e-03
8.655582219190787255e-03
8.657870321283083273e-03
8.660158385164394568e-03
8.662446410846109598e-03
8.664734398339589069e-03
8.667022347656169398e-03
8.669310258807232106e-03
8.671598131804106671e-03
8.673885966658136451e-03
8.676173763380643986e-03
8.678461521982970897e-03
8.680749242476420643e-03
8.683036924872315765e-03
8.685324569181963189e-03
8.687612175416650762e-03
8.689899743587669798e-03
8.692187273706332429e-03
8.694474765783886602e-03
8.696762219831628837e-03
8.699049635860807081e-03
8.701337013882700505e-03
8.703624353908543179e-03
8.705911655949589989e-03
8.708198920017094086e-03
8.710486146122277396e-03
8.712773334276370518e-03
8.715060484490579767e-03
8.717347596776160029e-03
8.719634671144274249e-03
8.721921707606161700e-03
8.724208706172981859e-03
8.726495666855958386e-03
8.728782589666264635e-03
8.731069474615058348e-03
8.733356321713523288e-03
8.735643130972825868e-03
8.737929902404129034e-03
8.740216636018561039e-03
8.742503331827286561e-03
8.744789989841426914e-03
8.747076610072132899e-03
8.749363192530531033e-03
8.751649737227706199e-03
8.753936244174812670e-03
8.756222713382930123e-03
8.758509144863172932e-03
8.760795538626613838e-03
8.763081894684365478e-03
8.765368213047498858e-03
8.767654493727093656e-03
8.769940736734203532e-03
8.772226942079899489e-03
8.774513109775240391e-03
8.776799239831264282e-03
8.779085332259016147e-03
8.781371387069549644e-03
8.783657404273878533e-03
8.785943383883040858e-03
8.788229325908039971e-03
8.790515230359875753e-03
8.792801097249600129e-03
8.795086926588153997e-03
8.797372718386580609e-03
8.799658472655826069e-03
8.801944189406904137e-03
8.804229868650759183e-03
8.806515510398387619e-03
8.808801114660723408e-03
8.811086681448743879e-03
8.813372210773381260e-03
8.815657702645602473e-03
8.817943157076305050e-03
8.820228574076461117e-03
8.822513953656957800e-03
8.824799295828741202e-03
8.827084600602726205e-03
8.829369867989773912e-03
8.831655098000833898e-03
8.833940290646793286e-03
8.836225445938518386e-03
8.838510563886889382e-03
8.840795644502807277e-03
8.843080687797095010e-03
8.845365693780672667e-03
8.847650662464364921e-03
8.849935593859008590e-03
8.852220487975475186e-03
8.854505344824591118e-03
8.856790164417187999e-03
8.859074946764085301e-03
8.861359691876119840e-03
8.863644399764097209e-03
8.865929070438814327e-03
8.868213703911085460e-03
8.870498300191698854e-03
8.872782859291435814e-03
8.875067381221094995e-03
8.877351865991450763e-03
8.879636313613282692e-03
8.881920724097325248e-03
8.884205097454364944e-03
8.886489433695143186e-03
8.888773732830401383e-03
8.891057994870893086e-03
8.893342219827345824e-03
8.895626407710495800e-03
8.897910558531051464e-03
8.900194672299754223e-03
8.902478749027277830e-03
8.904762788724342876e-03
8.907046791401666483e-03
8.909330757069918935e-03
8.911614685739793068e-03
8.913898577421960900e-03
8.916182432127110064e-03
8.918466249865910841e-03
8.920750030649019641e-03
8.923033774487087663e-03
8.925317481390785193e-03
8.927601151370714860e-03
8.929884784437566031e-03
8.932168380601925722e-03
8.934451939874452076e-03
8.936735462265765068e-03
8.939018947786455185e-03
8.941302396447158018e-03
8.943585808258448441e-03
8.945869183230960309e-03
8.948152521375259821e-03
8.950435822701939201e-03
8.952719087221554239e-03
8.955002314944716241e-03
8.957285505881961915e-03
8.959568660043881749e-03
8.961851777441022862e-03
8.964134858083915025e-03
8.966417901983115765e-03
8.968700909149160058e-03
8.970983879592572471e-03
8.973266813323914001e-03
8.975549710353660643e-03
8.977832570692342168e-03
8.980115394350486613e-03
8.982398181338571708e-03
8.984680931667116816e-03
8.986963645346587523e-03
8.989246322387487581e-03
8.991528962800287780e-03
8.993811566595477994e-03
8.996094133783492583e-03
8.998376664374833564e-03
9.000659158379916217e-03
9.002941615809223475e-03
9.005224036673193169e-03
9.007506420982240580e-03
9.009788768746839968e-03
9.012071079977391000e-03
9.014353354684303751e-03
9.016635592878033401e-03
9.018917794568951860e-03
9.021199959767472673e-03
9.023482088484011121e-03
9.025764180728956462e-03
9.028046236512675404e-03
9.030328255845560675e-03
9.032610238737992861e-03
9.034892185200328260e-03
9.037174095242940519e-03
9.039455968876191141e-03
9.041737806110429487e-03
9.044019606955999713e-03
9.046301371423239035e-03
9.048583099522493345e-03
9.050864791264089451e-03
9.053146446658329877e-03
9.055428065715562247e-03
9.057709648446085615e-03
9.059991194860214647e-03
9.062272704968237988e-03
9.064554178780458160e-03
9.066835616307155135e-03
9.069117017558634905e-03
9.071398382545161829e-03
9.073679711277002000e-03
9.075961003764435389e-03
9.078242260017729826e-03
9.080523480047113238e-03
9.082804663862853456e-03
9.085085811475192286e-03
9.087366922894375004e-03
9.089647998130638215e-03
9.091929037194199439e-03
9.094210040095272729e-03
9.096491006844082544e-03
9.098771937450841202e-03
9.101052831925767958e-03
9.103333690279043905e-03
9.105614512520860543e-03
9.107895298661416311e-03
9.110176048710892302e-03
9.112456762679466138e-03
9.114737440577294625e-03
9.117018082414572733e-03
9.119298688201439920e-03
9.121579257948066871e-03
9.123859791664575697e-03
9.126140289361130142e-03
9.128420751047874870e-03
9.130701176734918115e-03
9.132981566432423620e-03
9.135261920150477069e-03
9.137542237899207512e-03
9.139822519688730121e-03
9.142102765529149661e-03
9.144382975430567426e-03
9.146663149403082976e-03
9.148943287456757709e-03
9.151223389601680774e-03
9.153503455847956938e-03
9.155783486205651064e-03
9.158063480684807203e-03
9.160343439295497159e-03
9.162623362047785797e-03
9.164903248951713696e-03
9.167183100017342254e-03
9.169462915254689497e-03
9.171742694673785598e-03
9.174022438284683278e-03
9.176302146097379750e-03
9.178581818121919061e-03
9.180861454368274138e-03
9.183141054846506376e-03
9.185420619566566150e-03
9.187700148538473222e-03
9.189979641772217864e-03
9.192259099277776471e-03
9.194538521065134112e-03
9.196817907144265447e-03
9.199097257525119115e-03
9.201376572217688857e-03
9.203655851231925047e-03
9.205935094577767652e-03
9.208214302265165310e-03
9.210493474304071865e-03
9.212772610704409934e-03
9.215051711476112545e-03
9.217330776629100580e-03
9.219609806173315741e-03
9.221888800118654625e-03
9.224167758475031176e-03
9.226446681252347196e-03
9.228725568460506221e-03
9.231004420109389236e-03
9.233283236208884165e-03
9.235562016768908422e-03
9.237840761799278808e-03
9.240119471309921409e-03
9.242398145310682517e-03
9.244676783811403217e-03
9.246955386821967965e-03
9.249233954352231724e-03
9.251512486412007824e-03
9.253790983011154700e-03
9.256069444159511703e-03
9.258347869866902571e-03
9.260626260143159719e-03
9.262904614998082597e-03
9.265182934441488008e-03
9.267461218483206628e-03
9.269739467133001481e-03
9.272017680400713655e-03
9.274295858296107906e-03
9.276574000828987157e-03
9.278852108009119637e-03
9.281130179846292655e-03
9.283408216350274439e-03
9.285686217530814135e-03
9.287964183397697318e-03
9.290242113960669665e-03
9.292520009229475117e-03
9.294797869213868025e-03
9.297075693923588860e-03
9.299353483368360748e-03
9.301631237557929366e-03
9.303908956502002225e-03
9.306186640210314595e-03
9.308464288692563579e-03
9.310741901958472302e-03
9.313019480017727461e-03
9.315297022880034833e-03
9.317574530555094992e-03
9.319852003052589429e-03
9.322129440382210044e-03
9.324406842553617514e-03
9.326684209576481185e-03
9.328961541460499898e-03
9.331238838215301368e-03
9.333516099850553208e-03
9.335793326375914358e-03
9.338070517801026413e-03
9.340347674135518821e-03
9.342624795389059197e-03
9.344901881571237093e-03
9.347178932691714917e-03
9.349455948760094365e-03
9.351732929785997947e-03
9.354009875779016950e-03
9.356286786748789497e-03
9.358563662704887792e-03
9.360840503656920469e-03
9.363117309614475345e-03
9.365394080587138501e-03
9.367670816584478671e-03
9.369947517616083674e-03
9.372224183691523977e-03
9.374500814820359643e-03
9.376777411012138588e-03
9.379053972276426079e-03
9.381330498622775238e-03
9.383606990060718370e-03
9.385883446599810331e-03
9.388159868249571285e-03
9.390436255019550885e-03
9.392712606919251944e-03
9.394988923958192892e-03
9.397265206145890420e-03
9.399541453491868162e-03
9.401817666005599441e-03
9.404093843696607891e-03
9.406369986574387651e-03
9.408646094648422456e-03
9.410922167928185630e-03
9.413198206423176520e-03
9.415474210142847633e-03
9.417750179096665356e-03
9.420026113294127298e-03
9.422302012744651276e-03
9.424577877457703673e-03
9.426853707442750877e-03
9.429129502709212435e-03
9.431405263266544325e-03
9.433680989124171301e-03
9.435956680291507706e-03
9.438232336778004314e-03
9.440507958593070265e-03
9.442783545746119903e-03
9.445059098246557164e-03
9.447334616103787719e-03
9.449610099327206830e-03
9.451885547926204556e-03
9.454160961910190036e-03
9.456436341288515166e-03
9.458711686070597757e-03
9.460986996265789706e-03
9.463262271883453314e-03
9.465537512932952618e-03
9.467812719423670739e-03
9.470087891364937019e-03
9.472363028766120699e-03
9.474638131636554592e-03
9.476913199985557631e-03
9.479188233822518142e-03
9.481463233156711690e-03
9.483738197997484964e-03
9.486013128354165574e-03
9.488288024236053372e-03
9.490562885652488109e-03
9.492837712612734943e-03
9.495112505126105870e-03
9.497387263201919824e-03
9.499661986849441964e-03
9.501936676077956528e-03
9.504211330896758167e-03
9.506485951315127650e-03
9.508760537342323196e-03
9.511035088987620373e-03
9.513309606260265255e-03
9.515584089169533411e-03
9.517858537724660506e-03
9.520132951934904761e-03
9.522407331809494904e-03
9.524681677357683951e-03
9.526955988588700630e-03
9.529230265511768466e-03
9.531504508136110984e-03
9.533778716470944770e-03
9.536052890525482939e-03
9.538327030308928201e-03
9.540601135830493670e-03
9.542875207099387261e-03
9.545149244124790863e-03
9.547423246915884634e-03
9.549697215481850465e-03
9.551971149831906677e-03
9.554245049975177914e-03
9.556518915920866886e-03
9.558792747678124258e-03
9.561066545256121513e-03
9.563340308664004114e-03
9.565614037910926196e-03
9.567887733006034956e-03
9.570161393958472387e-03
9.572435020777368339e-03
9.574708613471863070e-03
9.576982172051077755e-03
9.579255696524147448e-03
9.581529186900172509e-03
9.583802643188263706e-03
9.586076065397547419e-03
9.588349453537117068e-03
9.590622807616062603e-03
9.592896127643494794e-03
9.595169413628500121e-03
9.597442665580151189e-03
9.599715883507546621e-03
9.601989067419736470e-03
9.604262217325824566e-03
9.606535333234838409e-03
9.608808415155854071e-03
9.611081463097933750e-03
9.613354477070132700e-03
9.615627457081497506e-03
9.617900403141052199e-03
9.620173315257848565e-03
9.622446193440921045e-03
9.624719037699290200e-03
9.626991848041993940e-03
9.629264624478023338e-03
9.631537367016430179e-03
9.633810075666205536e-03
9.636082750436330072e-03
9.638355391335839961e-03
9.640627998373710664e-03
9.642900571558941925e-03
9.645173110900521346e-03
9.647445616407422653e-03
9.649718088088628243e-03
9.651990525953117045e-03
9.654262930009845436e-03
9.656535300267783672e-03
9.658807636735882926e-03
9.661079939423099575e-03
9.663352208338395199e-03
9.665624443490701892e-03
9.667896644888953478e-03
9.670168812542101131e-03
9.672440946459073471e-03
9.674713046648783510e-03
9.676985113120154663e-03
9.679257145882139840e-03
9.681529144943587864e-03
9.683801110313475929e-03
9.686073042000644187e-03
9.688344940014028198e-03
9.690616804362532297e-03
9.692888635055010513e-03
9.695160432100372386e-03
9.697432195507484087e-03
9.699703925285234341e-03
9.701975621442504930e-03
9.704247283988127332e-03
9.706518912930983331e-03
9.708790508279946038e-03
9.711062070043857339e-03
9.713333598231546975e-03
9.715605092851881119e-03
9.717876553913701657e-03
9.720147981425843534e-03
9.722419375397126085e-03
9.724690735836359970e-03
9.726962062752400953e-03
9.729233356154044082e-03
9.731504616050115630e-03
9.733775842449410645e-03
9.736047035360736318e-03
9.738318194792905044e-03
9.740589320754715341e-03
9.742860413254913685e-03
9.745131472302333286e-03
9.747402497905736235e-03
9.749673490073903701e-03
9.751944448815585628e-03
9.754215374139596148e-03
9.756486266054655715e-03
9.758757124569535091e-03
9.761027949692994629e-03
9.763298741433784275e-03
9.765569499800657444e-03
9.767840224802331120e-03
9.770110916447558719e-03
9.772381574745065899e-03
9.774652199703569647e-03
9.776922791331833784e-03
9.779193349638545807e-03
9.781463874632417496e-03
9.783734366322155429e-03
9.786004824716500877e-03
9.788275249824097968e-03
9.790545641653700115e-03
9.792816000213956651e-03
9.795086325513584560e-03
9.797356617561252257e-03
9.799626876365650704e-03
9.801897101935434439e-03
9.804167294279285752e-03
9.806437453405867852e-03
9.808707579323850886e-03
9.810977672041880718e-03
9.813247731568615351e-03
9.815517757912704117e-03
9.817787751082772060e-03
9.820057711087496269e-03
9.822327637935493114e-03
9.824597531635377232e-03
9.826867392195787546e-03
9.829137219625357774e-03
9.831407013932686942e-03
9.833676775126393155e-03
9.835946503215104927e-03
9.838216198207410876e-03
9.840485860111890942e-03
9.842755488937177111e-03
9.845025084691840650e-03
9.847294647384478850e-03
9.849564177023657774e-03
9.851833673617976447e-03
9.854103137175999200e-03
9.856372567706299034e-03
9.858641965217424669e-03
9.860911329717959514e-03
9.863180661216462697e-03
9.865449959721477730e-03
9.867719225241539452e-03
9.869988457785198316e-03
9.872257657361025590e-03
9.874526823977511011e-03
9.876795957643208501e-03
9.879065058366644225e-03
9.881334126156342615e-03
9.883603161020831571e-03
9.885872162968588686e-03
9.888141132008164413e-03
9.890410068148027672e-03
9.892678971396728915e-03
9.894947841762702367e-03
9.897216679254496746e-03
9.899485483880568829e-03
9.901754255649418759e-03
9.904022994569506785e-03
9.906291700649326112e-03
9.908560373897340456e-03
9.910829014322020472e-03
9.913097621931821202e-03
9.915366196735218504e-03
9.917634738740643136e-03
9.919903247956564016e-03
9.922171724391432718e-03
9.924440168053660916e-03
9.926708578951719264e-03
9.928976957094019437e-03
9.931245302488992191e-03
9.933513615145082160e-03
9.935781895070674996e-03
9.938050142274220539e-03
9.940318356764111379e-03
9.942586538548780009e-03
9.944854687636586060e-03
9.947122804035977636e-03
9.949390887755300492e-03
9.951658938802997525e-03
9.953926957187407554e-03
9.956194942916957863e-03
9.958462896000011555e-03
9.960730816444917854e-03
9.962998704260069352e-03
9.965266559453846498e-03
9.967534382034575965e-03
9.969802172010655550e-03
9.972069929390396312e-03
9.974337654182182170e-03
9.976605346394334592e-03
9.978873006035208007e-03
9.981140633113144700e-03
9.983408227636464405e-03
9.985675789613500733e-03
9.987943319052576888e-03
9.990210815962023011e-03
9.992478280350144959e-03
9.994745712225250323e-03
9.997013111595669244e-03
9.999280478469679823e-03
1.000154781285558445e-02
1.000381511476170979e-02
1.000608238419631139e-02
1.000834962116767257e-02
1.001061682568412693e-02
1.001288399775390053e-02
1.001515113738528535e-02
1.001741824458655603e-02
1.001968531936599585e-02
1.002195236173184824e-02
1.002421937169235833e-02
1.002648634925580769e-02
1.002875329443046054e-02
1.003102020722450652e-02
1.003328708764622546e-02
1.003555393570386943e-02
1.003782075140564195e-02
1.004008753475977428e-02
1.004235428577451676e-02
1.004462100445806944e-02
1.004688769081866356e-02
1.004915434486452173e-02
1.005142096660382837e-02
1.005368755604480260e-02
1.005595411319563925e-02
1.005822063806456612e-02
1.006048713065973467e-02
1.006275359098934841e-02
1.006502001906160217e-02
1.006728641488467517e-02
1.006955277846674664e-02
1.007181910981597497e-02
1.007408540894055328e-02
1.007635167584863302e-02
1.007861791054837433e-02
1.008088411304793215e-02
1.008315028335547876e-02
1.008541642147912573e-02
1.008768252742705228e-02
1.008994860120739946e-02
1.009221464282829446e-02
1.009448065229786619e-02
1.009674662962423315e-02
1.009901257481556243e-02
1.010127848787992569e-02
1.010354436882547960e-02
1.010581021766032706e-02
1.010807603439255881e-02
1.011034181903030724e-02
1.011260757158165789e-02
1.011487329205470499e-02
1.011713898045754102e-02
1.011940463679826714e-02
1.012167026108497757e-02
1.012393585332573703e-02
1.012620141352860506e-02
1.012846694170170710e-02
1.013073243785306103e-02
1.013299790199076802e-02
1.013526333412286505e-02
1.013752873425742204e-02
1.013979410240249332e-02
1.014205943856614535e-02
1.014432474275637347e-02
1.014659001498129272e-02
1.014885525524886895e-02
1.015112046356718770e-02
1.015338563994425299e-02
1.015565078438809832e-02
1.015791589690674679e-02
1.016018097750821456e-02
1.016244602620052818e-02
1.016471104299167261e-02
1.016697602788968133e-02
1.016924098090254969e-02
1.017150590203827476e-02
1.017377079130484321e-02
1.017603564871027468e-02
1.017830047426251418e-02
1.018056526796957267e-02
1.018283002983942816e-02
1.018509475988004648e-02
1.018735945809940216e-02
1.018962412450548013e-02
1.019188875910622717e-02
1.019415336190959698e-02
1.019641793292356061e-02
1.019868247215605268e-02
1.020094697961505641e-02
1.020321145530850120e-02
1.020547589924429219e-02
1.020774031143041084e-02
1.021000469187477791e-02
1.021226904058531934e-02
1.021453335756995241e-02
1.021679764283661349e-02
1.021906189639321810e-02
1.022132611824767660e-02
1.022359030840789065e-02
1.022585446688177233e-02
1.022811859367722329e-02
1.023038268880216602e-02
1.023264675226446402e-02
1.023491078407201375e-02
1.023717478423271342e-02
1.023943875275443345e-02
1.024170268964505991e-02
1.024396659491247190e-02
1.024623046856454507e-02
1.024849431060912905e-02
1.025075812105409427e-02
1.025302189990731985e-02
1.025528564717664674e-02
1.025754936286991936e-02
1.025981304699501162e-02
1.026207669955975406e-02
1.026434032057197548e-02
1.026660391003950644e-02
1.026886746797025032e-02
1.027113099437195094e-02
1.027339448925248047e-02
1.027565795261965904e-02
1.027792138448128077e-02
1.028018478484518661e-02
1.028244815371919668e-02
1.028471149111107909e-02
1.028697479702867998e-02
1.028923807147976398e-02
1.029150131447214428e-02
1.029376452601361847e-02
1.029602770611195983e-02
1.029829085477495382e-02
1.030055397201039800e-02
1.030281705782606742e-02
1.030508011222971802e-02
1.030734313522915432e-02
1.030960612683210452e-02
1.031186908704633497e-02
1.031413201587963284e-02
1.031639491333972113e-02
1.031865777943437312e-02
1.032092061417133610e-02
1.032318341755833653e-02
1.032544618960314076e-02
1.032770893031345442e-02
1.032997163969703348e-02
1.033223431776158878e-02
1.033449696451486238e-02
1.033675957996457728e-02
1.033902216411843045e-02
1.034128471698415007e-02
1.034354723856945567e-02
1.034580972888203207e-02
1.034807218792960053e-02
1.035033461571985974e-02
1.035259701226049281e-02
1.035485937755920363e-02
1.035712171162367010e-02
1.035938401446157703e-02
1.036164628608063180e-02
1.036390852648848802e-02
1.036617073569280623e-02
1.036843291370128858e-02
1.037069506052158002e-02
1.037295717616134628e-02
1.037521926062825658e-02
1.037748131392994544e-02
1.037974333607407859e-02
1.038200532706830964e-02
1.038426728692026964e-02
1.038652921563762085e-02
1.038879111322798046e-02
1.039105297969899339e-02
1.039331481505828894e-02
1.039557661931346695e-02
1.039783839247220010e-02
1.040010013454205004e-02
1.040236184553066864e-02
1.040462352544567655e-02
1.040688517429465450e-02
1.040914679208520752e-02
1.041140837882495972e-02
1.041366993452148663e-02
1.041593145918238462e-02
1.041819295281525698e-02
1.042045441542768965e-02
1.042271584702727377e-02
1.042497724762155367e-02
1.042723861721812396e-02
1.042949995582455498e-02
1.043176126344841706e-02
1.043402254009728400e-02
1.043628378577869838e-02
1.043854500050024441e-02
1.044080618426944732e-02
1.044306733709387223e-02
1.044532845898105307e-02
1.044758954993855841e-02
1.044985060997391177e-02
1.045211163909465224e-02
1.045437263730831720e-02
1.045663360462240933e-02
1.045889454104447815e-02
1.046115544658205582e-02
1.046341632124264676e-02
1.046567716503375017e-02
1.046793797796290344e-02
1.047019876003760057e-02
1.047245951126535811e-02
1.047472023165366833e-02
1.047698092121001137e-02
1.047924157994190725e-02
1.048150220785683782e-02
1.048376280496228150e-02
1.048602337126572880e-02
1.048828390677466506e-02
1.049054441149655133e-02
1.049280488543887987e-02
1.049506532860908919e-02
1.049732574101465941e-02
1.049958612266306372e-02
1.050184647356175970e-02
1.050410679371816675e-02
1.050636708313979276e-02
1.050862734183403112e-02
1.051088756980836890e-02
1.051314776707023071e-02
1.051540793362703424e-02
1.051766806948624920e-02
1.051992817465527419e-02
1.052218824914155464e-02
1.052444829295250996e-02
1.052670830609554048e-02
1.052896828857811592e-02
1.053122824040758458e-02
1.053348816159137280e-02
1.053574805213692601e-02
1.053800791205159945e-02
1.054026774134282120e-02
1.054252754001797424e-02
1.054478730808443808e-02
1.054704704554963908e-02
1.054930675242091165e-02
1.055156642870569254e-02
1.055382607441131444e-02
1.055608568954517594e-02
1.055834527411462880e-02
1.056060482812705772e-02
1.056286435158983010e-02
1.056512384451028207e-02
1.056738330689579314e-02
1.056964273875372548e-02
1.057190214009139095e-02
1.057416151091618468e-02
1.057642085123542547e-02
1.057868016105644945e-02
1.058093944038657370e-02
1.058319868923318641e-02
1.058545790760356473e-02
1.058771709550508297e-02
1.058997625294501484e-02
1.059223537993072076e-02
1.059449447646948483e-02
1.059675354256863281e-02
1.059901257823548867e-02
1.060127158347734695e-02
1.060353055830150215e-02
1.060578950271524358e-02
1.060804841672590912e-02
1.061030730034074124e-02
1.061256615356705700e-02
1.061482497641215612e-02
1.061708376888327934e-02
1.061934253098774372e-02
1.062160126273280908e-02
1.062385996412573003e-02
1.062611863517380455e-02
1.062837727588426991e-02
1.063063588626442409e-02
1.063289446632149395e-02
1.063515301606274277e-02
1.063741153549542864e-02
1.063967002462680271e-02
1.064192848346408142e-02
1.064418691201455061e-02
1.064644531028539898e-02
1.064870367828392624e-02
1.065096201601728465e-02
1.065322032349277220e-02
1.065547860071756371e-02
1.065773684769891552e-02
1.065999506444402847e-02
1.066225325096009993e-02
1.066451140725438104e-02
1.066676953333405703e-02
1.066902762920633567e-02
1.067128569487841433e-02
1.067354373035750426e-02
1.067580173565077332e-02
1.067805971076544666e-02
1.068031765570868694e-02
1.068257557048770019e-02
1.068483345510964216e-02
1.068709130958171369e-02
1.068934913391106530e-02
1.069160692810489782e-02
1.069386469217034966e-02
1.069612242611460949e-02
1.069838012994480531e-02
1.070063780366813967e-02
1.070289544729175445e-02
1.070515306082278455e-02
1.070741064426838224e-02
1.070966819763570325e-02
1.071192572093188425e-02
1.071418321416406534e-02
1.071644067733936757e-02
1.071869811046493280e-02
1.072095551354790115e-02
1.072321288659538671e-02
1.072547022961451053e-02
1.072772754261237978e-02
1.072998482559613283e-02
1.073224207857285950e-02
1.073449930154969298e-02
1.073675649453372828e-02
1.073901365753205349e-02
1.074127079055177750e-02
1.074352789360001094e-02
1.074578496668382975e-02
1.074804200981032375e-02
1.075029902298657754e-02
1.075255600621969308e-02
1.075481295951671336e-02
1.075706988288473512e-02
1.075932677633083603e-02
1.076158363986208337e-02
1.076384047348554265e-02
1.076609727720828635e-02
1.076835405103735224e-02
1.077061079497979197e-02
1.077286750904270229e-02
1.077512419323308802e-02
1.077738084755802163e-02
1.077963747202453741e-02
1.078189406663968355e-02
1.078415063141049089e-02
1.078640716634398679e-02
1.078866367144721075e-02
1.079092014672720055e-02
1.079317659219094193e-02
1.079543300784550908e-02
1.079768939369788773e-02
1.079994574975508791e-02
1.080220207602414911e-02
1.080445837251205535e-02
1.080671463922583224e-02
1.080897087617244123e-02
1.081122708335892010e-02
1.081348326079226325e-02
1.081573940847943387e-02
1.081799552642746277e-02
1.082025161464329754e-02
1.082250767313393779e-02
1.082476370190635362e-02
1.082701970096754292e-02
1.082927567032444804e-02
1.083153160998407381e-02
1.083378751995335391e-02
1.083604340023927581e-02
1.083829925084879922e-02
1.084055507178885436e-02
1.084281086306643216e-02
1.084506662468844897e-02
1.084732235666188878e-02
1.084957805899366273e-02
1.085183373169072707e-02
1.085408937476004670e-02
1.085634498820848941e-02
1.085860057204304611e-02
1.086085612627062623e-02
1.086311165089815130e-02
1.086536714593257409e-02
1.086762261138075718e-02
1.086987804724966721e-02
1.087213345354617715e-02
1.087438883027723978e-02
1.087664417744972634e-02
1.087889949507056357e-02
1.088115478314664875e-02
1.088341004168486351e-02
1.088566527069211379e-02
1.088792047017529512e-02
1.089017564014126659e-02
1.089243078059696362e-02
1.089468589154923145e-02
1.089694097300495171e-02
1.089919602497102166e-02
1.090145104745430561e-02
1.090370604046163663e-02
1.090596100399991025e-02
1.090821593807601506e-02
1.091047084269677198e-02
1.091272571786904184e-02
1.091498056359970457e-02
1.091723537989559324e-02
1.091949016676355133e-02
1.092174492421041712e-02
1.092399965224306185e-02
1.092625435086829258e-02
1.092850902009297014e-02
1.093076365992390331e-02
1.093301827036793038e-02
1.093527285143188962e-02
1.093752740312258290e-02
1.093978192544683634e-02
1.094203641841147955e-02
1.094429088202331091e-02
1.094654531628916697e-02
1.094879972121580794e-02
1.095105409681008425e-02
1.095330844307876479e-02
1.095556276002867917e-02
1.095781704766659974e-02
1.096007130599931274e-02
1.096232553503362871e-02
1.096457973477633387e-02
1.096683390523418497e-02
1.096908804641398040e-02
1.097134215832248731e-02
1.097359624096650409e-02
1.097585029435279441e-02
1.097810431848809075e-02
1.098035831337919495e-02
1.098261227903286549e-02
1.098486621545582964e-02
1.098712012265489792e-02
1.098937400063677676e-02
1.099162784940821598e-02
1.099388166897599488e-02
1.099613545934682683e-02
1.099838922052747033e-02
1.100064295252466649e-02
1.100289665534511831e-02
1.100515032899560333e-02
1.100740397348279505e-02
1.100965758881347623e-02
1.101191117499433422e-02
1.101416473203209283e-02
1.101641825993346716e-02
1.101867175870518793e-02
1.102092522835394772e-02
1.102317866888644950e-02
1.102543208030942398e-02
1.102768546262953772e-02
1.102993881585351103e-02
1.103219213998805036e-02
1.103444543503981183e-02
1.103669870101551577e-02
1.103895193792184606e-02
1.104120514576547966e-02
1.104345832455307791e-02
1.104571147429135418e-02
1.104796459498693685e-02
1.105021768664656012e-02
1.105247074927684370e-02
1.105472378288445585e-02
1.105697678747606834e-02
1.105922976305836851e-02
1.106148270963796393e-02
1.106373562722153849e-02
1.106598851581575178e-02
1.106824137542719751e-02
1.107049420606258730e-02
1.107274700772852873e-02
1.107499978043166577e-02
1.107725252417862856e-02
1.107950523897605240e-02
1.108175792483058475e-02
1.108401058174881236e-02
1.108626320973740351e-02
1.108851580880295534e-02
1.109076837895209451e-02
1.109302092019143725e-02
1.109527343252757377e-02
1.109752591596716020e-02
1.109977837051674514e-02
1.110203079618296909e-02
1.110428319297244310e-02
1.110653556089173308e-02
1.110878789994742752e-02
1.111104021014616347e-02
1.111329249149448778e-02
1.111554474399899413e-02
1.111779696766629875e-02
1.112004916250292769e-02
1.112230132851549716e-02
1.112455346571056963e-02
1.112680557409473012e-02
1.112905765367453413e-02
1.113130970445652332e-02
1.113356172644730871e-02
1.113581371965341286e-02
1.113806568408138957e-02
1.114031761973783251e-02
1.114256952662924863e-02
1.114482140476222120e-02
1.114707325414327106e-02
1.114932507477896066e-02
1.115157686667581083e-02
1.115382862984035280e-02
1.115608036427914208e-02
1.115833206999870125e-02
1.116058374700555113e-02
1.116283539530620907e-02
1.116508701490722191e-02
1.116733860581509662e-02
1.116959016803636094e-02
1.117184170157749928e-02
1.117409320644504461e-02
1.117634468264551081e-02
1.117859613018535626e-02
1.118084754907114862e-02
1.118309893930934974e-02
1.118535030090646136e-02
1.118760163386898522e-02
1.118985293820338317e-02
1.119210421391617430e-02
1.119435546101382739e-02
1.119660667950283378e-02
1.119885786938968134e-02
1.120110903068081802e-02
1.120336016338273864e-02
1.120561126750189637e-02
1.120786234304478254e-02
1.121011339001784166e-02
1.121236440842754076e-02
1.121461539828036945e-02
1.121686635958271845e-02
1.121911729234109124e-02
1.122136819656192885e-02
1.122361907225167925e-02
1.122586991941677652e-02
1.122812073806368771e-02
1.123037152819879314e-02
1.123262228982861710e-02
1.123487302295950695e-02
1.123712372759797309e-02
1.123937440375037330e-02
1.124162505142317289e-02
1.124387567062278687e-02
1.124612626135562676e-02
1.124837682362813535e-02
1.125062735744668772e-02
1.125287786281770237e-02
1.125512833974761685e-02
1.125737878824280801e-02
1.125962920830968564e-02
1.126187959995466649e-02
1.126412996318413781e-02
1.126638029800447124e-02
1.126863060442208353e-02
1.127088088244334457e-02
1.127313113207466938e-02
1.127538135332242439e-02
1.127763154619298124e-02
1.127988171069274105e-02
1.128213184682805466e-02
1.128438195460529370e-02
1.128663203403084542e-02
1.128888208511105544e-02
1.129113210785232316e-02
1.129338210226096643e-02
1.129563206834335344e-02
1.129788200610587316e-02
1.130013191555483132e-02
1.130238179669660475e-02
1.130463164953755296e-02
1.130688147408397126e-02
1.130913127034225904e-02
1.131138103831870467e-02
1.131363077801969368e-02
1.131588048945150575e-02
1.131813017262051080e-02
1.132037982753302842e-02
1.132262945419538341e-02
1.132487905261387977e-02
1.132712862279486657e-02
1.132937816474462178e-02
1.133162767846950664e-02
1.133387716397579563e-02
1.133612662126981530e-02
1.133837605035786962e-02
1.134062545124624524e-02
1.134287482394126523e-02
1.134512416844920928e-02
1.134737348477637790e-02
1.134962277292905775e-02
1.135187203291356320e-02
1.135412126473614274e-02
1.135637046840310728e-02
1.135861964392073133e-02
1.136086879129529111e-02
1.136311791053307846e-02
1.136536700164034880e-02
1.136761606462336621e-02
1.136986509948839479e-02
1.137211410624172289e-02
1.137436308488960768e-02
1.137661203543829415e-02
1.137886095789404292e-02
1.138110985226312502e-02
1.138335871855176637e-02
1.138560755676623626e-02
1.138785636691275888e-02
1.139010514899760004e-02
1.139235390302698568e-02
1.139460262900715386e-02
1.139685132694436345e-02
1.139909999684480049e-02
1.140134863871473600e-02
1.140359725256038723e-02
1.140584583838797836e-02
1.140809439620370756e-02
1.141034292601381291e-02
1.141259142782450817e-02
1.141483990164202447e-02
1.141708834747254438e-02
1.141933676532230248e-02
1.142158515519748826e-02
1.142383351710429124e-02
1.142608185104893558e-02
1.142833015703760211e-02
1.143057843507651154e-02
1.143282668517183256e-02
1.143507490732974599e-02
1.143732310155646040e-02
1.143957126785816701e-02
1.144181940624099808e-02
1.144406751671120381e-02
1.144631559927490605e-02
1.144856365393830469e-02
1.145081168070753892e-02
1.145305967958881385e-02
1.145530765058829295e-02
1.145755559371210673e-02
1.145980350896645163e-02
1.146205139635746682e-02
1.146429925589130538e-02
1.146654708757412731e-02
1.146879489141208394e-02
1.147104266741130404e-02
1.147329041557795803e-02
1.147553813591816775e-02
1.147778582843807411e-02
1.148003349314381631e-02
1.148228113004154394e-02
1.148452873913737536e-02
1.148677632043743936e-02
1.148902387394786645e-02
1.149127139967477153e-02
1.149351889762427123e-02
1.149576636780248566e-02
1.149801381021554533e-02
1.150026122486956168e-02
1.150250861177061316e-02
1.150475597092486327e-02
1.150700330233836617e-02
1.150925060601725933e-02
1.151149788196760559e-02
1.151374513019553548e-02
1.151599235070712053e-02
1.151823954350847043e-02
1.152048670860568100e-02
1.152273384600481683e-02
1.152498095571196333e-02
1.152722803773322674e-02
1.152947509207464735e-02
1.153172211874233660e-02
1.153396911774235561e-02
1.153621608908077245e-02
1.153846303276366558e-02
1.154070994879707011e-02
1.154295683718709574e-02
1.154520369793978103e-02
1.154745053106117671e-02
1.154969733655735950e-02
1.155194411443435064e-02
1.155419086469823206e-02
1.155643758735503193e-02
1.155868428241080617e-02
1.156093094987158468e-02
1.156317758974343204e-02
1.156542420203236256e-02
1.156767078674441479e-02
1.156991734388562905e-02
1.157216387346203870e-02
1.157441037547966324e-02
1.157665684994454124e-02
1.157890329686266789e-02
1.158114971624008872e-02
1.158339610808279720e-02
1.158564247239681627e-02
1.158788880918817064e-02
1.159013511846286766e-02
1.159238140022692508e-02
1.159462765448629994e-02
1.159687388124703775e-02
1.159912008051512851e-02
1.160136625229655875e-02
1.160361239659733756e-02
1.160585851342345494e-02
1.160810460278088700e-02
1.161035066467563416e-02
1.161259669911366213e-02
1.161484270610097652e-02
1.161708868564353611e-02
1.161933463774731008e-02
1.162158056241831793e-02
1.162382645966247505e-02
1.162607232948578359e-02
1.162831817189421448e-02
1.163056398689371954e-02
1.163280977449025755e-02
1.163505553468978382e-02
1.163730126749826753e-02
1.163954697292164490e-02
1.164179265096589554e-02
1.164403830163694697e-02
1.164628392494074759e-02
1.164852952088323013e-02
1.165077508947037072e-02
1.165302063070806221e-02
1.165526614460227553e-02
1.165751163115892608e-02
1.165975709038396917e-02
1.166200252228332193e-02
1.166424792686289458e-02
1.166649330412862159e-02
1.166873865408642880e-02
1.167098397674222465e-02
1.167322927210192804e-02
1.167547454017147171e-02
1.167771978095672424e-02
1.167996499446365653e-02
1.168221018069813023e-02
1.168445533966602778e-02
1.168670047137332531e-02
1.168894557582584627e-02
1.169119065302953731e-02
1.169343570299027218e-02
1.169568072571394897e-02
1.169792572120642235e-02
1.170017068947363376e-02
1.170241563052143094e-02
1.170466054435570329e-02
1.170690543098234018e-02
1.170915029040722408e-02
1.171139512263619405e-02
1.171363992767513254e-02
1.171588470552995150e-02
1.171812945620647438e-02
1.172037417971057149e-02
1.172261887604810621e-02
1.172486354522492974e-02
1.172710818724693668e-02
1.172935280211993489e-02
1.173159738984980854e-02
1.173384195044240887e-02
1.173608648390353851e-02
1.173833099023909726e-02
1.174057546945488605e-02
1.174281992155676128e-02
1.174506434655058287e-02
1.174730874444213091e-02
1.174955311523728438e-02
1.175179745894186153e-02
1.175404177556167891e-02
1.175628606510259466e-02
1.175853032757039410e-02
1.176077456297089201e-02
1.176301877130995870e-02
1.176526295259334477e-02
1.176750710682689452e-02
1.176975123401643487e-02
1.177199533416774246e-02
1.177423940728663555e-02
1.177648345337893067e-02
1.177872747245041658e-02
1.178097146450687860e-02
1.178321542955412977e-02
1.178545936759798317e-02
1.178770327864418939e-02
1.178994716269854068e-02
1.179219101976683622e-02
1.179443484985487692e-02
1.179667865296844288e-02
1.179892242911326564e-02
1.180116617829516691e-02
1.180340990051989385e-02
1.180565359579325083e-02
1.180789726412098499e-02
1.181014090550887990e-02
1.181238451996267751e-02
1.181462810748816830e-02
1.181687166809106473e-02
1.181911520177715211e-02
1.182135870855219664e-02
1.182360218842196976e-02
1.182584564139216310e-02
1.182808906746855848e-02
1.183033246665692387e-02
1.183257583896294741e-02
1.183481918439240575e-02
1.183706250295103735e-02
1.183930579464456158e-02
1.184154905947874988e-02
1.184379229745927478e-02
1.184603550859191987e-02
1.184827869288237329e-02
1.185052185033636483e-02
1.185276498095963991e-02
1.185500808475789883e-02
1.185725116173687484e-02
1.185949421190224569e-02
1.186173723525976893e-02
1.186398023181512058e-02
1.186622320157402523e-02
1.186846614454218837e-02
1.187070906072531032e-02
1.187295195012909657e-02
1.187519481275921794e-02
1.187743764862141463e-02
1.187968045772134530e-02
1.188192324006472414e-02
1.188416599565721501e-02
1.188640872450450088e-02
1.188865142661231326e-02
1.189089410198629175e-02
1.189313675063211583e-02
1.189537937255548579e-02
1.189762196776206031e-02
1.189986453625750326e-02
1.190210707804751321e-02
1.190434959313773841e-02
1.190659208153383407e-02
1.190883454324149354e-02
1.191107697826633734e-02
1.191331938661406922e-02
1.191556176829030624e-02
1.191780412330071398e-02
1.192004645165095113e-02
1.192228875334666940e-02
1.192453102839349278e-02
1.192677327679709035e-02
1.192901549856310514e-02
1.193125769369714380e-02
1.193349986220487019e-02
1.193574200409193951e-02
1.193798411936394452e-02
1.194022620802652826e-02
1.194246827008532338e-02
1.194471030554593131e-02
1.194695231441402980e-02
1.194919429669521853e-02
1.195143625239507637e-02
1.195367818151923597e-02
1.195592008407335774e-02
1.195816196006301360e-02
1.196040380949380671e-02
1.196264563237138014e-02
1.196488742870131100e-02
1.196712919848918338e-02
1.196937094174065942e-02
1.197161265846127982e-02
1.197385434865665121e-02
1.197609601233240104e-02
1.197833764949408387e-02
1.198057926014727860e-02
1.198282084429759878e-02
1.198506240195064930e-02
1.198730393311196046e-02
1.198954543778715798e-02
1.199178691598178602e-02
1.199402836770142519e-02
1.199626979295167518e-02
1.199851119173806629e-02
1.200075256406619648e-02
1.200299390994163939e-02
1.200523522936991321e-02
1.200747652235662800e-02
1.200971778890733144e-02
1.201195902902755727e-02
1.201420024272289999e-02
1.201644142999886214e-02
1.201868259086102085e-02
1.202092372531494459e-02
1.202316483336613243e-02
1.202540591502016497e-02
1.202764697028255517e-02
1.202988799915885587e-02
1.203212900165463554e-02
1.203436997777538459e-02
1.203661092752663850e-02
1.203885185091395360e-02
1.204109274794282203e-02
1.204333361861880530e-02
1.204557446294738689e-02
1.204781528093413351e-02
1.205005607258451822e-02
1.205229683790410428e-02
1.205453757689836126e-02
1.205677828957282989e-02
1.205901897593299361e-02
1.206125963598439661e-02
1.206350026973253622e-02
1.206574087718287336e-02
1.206798145834096954e-02
1.207022201321226659e-02
1.207246254180227400e-02
1.207470304411652207e-02
1.207694352016047690e-02
1.207918396993960808e-02
1.208142439345944591e-02
1.208366479072545824e-02
1.208590516174311985e-02
1.208814550651788819e-02
1.209038582505526926e-02
1.209262611736076735e-02
1.209486638343983816e-02
1.209710662329791138e-02
1.209934683694048260e-02
1.210158702437302836e-02
1.210382718560100435e-02
1.210606732062991138e-02
1.210830742946515312e-02
1.211054751211220783e-02
1.211278756857652947e-02
1.211502759886356681e-02
1.211726760297880678e-02
1.211950758092766693e-02
1.212174753271561337e-02
1.212398745834805842e-02
1.212622735783048383e-02
1.212846723116828979e-02
1.213070707836697883e-02
1.213294689943190605e-02
1.213518669436857225e-02
1.213742646318235335e-02
1.213966620587872240e-02
1.214190592246311082e-02
1.214414561294091532e-02
1.214638527731756214e-02
1.214862491559848962e-02
1.215086452778909795e-02
1.215310411389480122e-02
1.215534367392107767e-02
1.215758320787323557e-02
1.215982271575675837e-02
1.216206219757700983e-02
1.216430165333944741e-02
1.216654108304941577e-02
1.216878048671238971e-02
1.217101986433369136e-02
1.217325921591873999e-02
1.217549854147295316e-02
1.217773784100172410e-02
1.217997711451042353e-02
1.218221636200444297e-02
1.218445558348917393e-02
1.218669477897000100e-02
1.218893394845230876e-02
1.219117309194144017e-02
1.219341220944285958e-02
1.219565130096184058e-02
1.219789036650383539e-02
1.220012940607415747e-02
1.220236841967820701e-02
1.220460740732133911e-02
1.220684636900891580e-02
1.220908530474631819e-02
1.221132421453889789e-02
1.221356309839201522e-02
1.221580195631101311e-02
1.221804078830125359e-02
1.222027959436809176e-02
1.222251837451686189e-02
1.222475712875293989e-02
1.222699585708163922e-02
1.222923455950831496e-02
1.223147323603831875e-02
1.223371188667697965e-02
1.223595051142963193e-02
1.223818911030162201e-02
1.224042768329823908e-02
1.224266623042488851e-02
1.224490475168685602e-02
1.224714324708944986e-02
1.224938171663803033e-02
1.225162016033789179e-02
1.225385857819434772e-02
1.225609697021275667e-02
1.225833533639839913e-02
1.226057367675660939e-02
1.226281199129267314e-02
1.226505028001190732e-02
1.226728854291963058e-02
1.226952678002116506e-02
1.227176499132176177e-02
1.227400317682675324e-02
1.227624133654144946e-02
1.227847947047111185e-02
1.228071757862105734e-02
1.228295566099658030e-02
1.228519371760296297e-02
1.228743174844548064e-02
1.228966975352945024e-02
1.229190773286012450e-02
1.229414568644279088e-02
1.229638361428275588e-02
1.229862151638526531e-02
1.230085939275561008e-02
1.230309724339906374e-02
1.230533506832088252e-02
1.230757286752635210e-02
1.230981064102072871e-02
1.231204838880931018e-02
1.231428611089727988e-02
1.231652380728996167e-02
1.231876147799259441e-02
1.232099912301046901e-02
1.232323674234880005e-02
1.232547433601281772e-02
1.232771190400784415e-02
1.232994944633906791e-02
1.233218696301176254e-02
1.233442445403114957e-02
1.233666191940250081e-02
1.233889935913103086e-02
1.234113677322196991e-02
1.234337416168059150e-02
1.234561152451210848e-02
1.234784886172172157e-02
1.235008617331470951e-02
1.235232345929627301e-02
1.235456071967163533e-02
1.235679795444605267e-02
1.235903516362469277e-02
1.236127234721281706e-02
1.236350950521562103e-02
1.236574663763831752e-02
1.236798374448614367e-02
1.237022082576426721e-02
1.237245788147794089e-02
1.237469491163235499e-02
1.237693191623271197e-02
1.237916889528419342e-02
1.238140584879202089e-02
1.238364277676139852e-02
1.238587967919754264e-02
1.238811655610559843e-02
1.239035340749078049e-02
1.239259023335825306e-02
1.239482703371325850e-02
1.239706380856094199e-02
1.239930055790650597e-02
1.240153728175510082e-02
1.240377398011194288e-02
1.240601065298220680e-02
1.240824730037104993e-02
1.241048392228367298e-02
1.241272051872520030e-02
1.241495708970082566e-02
1.241719363521575671e-02
1.241943015527509700e-02
1.242166664988404202e-02
1.242390311904774565e-02
1.242613956277134959e-02
1.242837598106005977e-02
1.243061237391899707e-02
1.243284874135328413e-02
1.243508508336814769e-02
1.243732139996867568e-02
1.243955769116005319e-02
1.244179395694738205e-02
1.244403019733586468e-02
1.244626641233057343e-02
1.244850260193670725e-02
1.245073876615935236e-02
1.245297490500371293e-02
1.245521101847485088e-02
1.245744710657790966e-02
1.245968316931805181e-02
1.246191920670040518e-02
1.246415521873006811e-02
1.246639120541213203e-02
1.246862716675180283e-02
1.247086310275414243e-02
1.247309901342424747e-02
1.247533489876730649e-02
1.247757075878835192e-02
1.247980659349257407e-02
1.248204240288501403e-02
1.248427818697080659e-02
1.248651394575506050e-02
1.248874967924286893e-02
1.249098538743934755e-02
1.249322107034958260e-02
1.249545672797866026e-02
1.249769236033170146e-02
1.249992796741374035e-02
1.250216354922997243e-02
1.250439910578541799e-02
1.250663463708515111e-02
1.250887014313427532e-02
1.251110562393789594e-02
1.251334107950106966e-02
1.251557650982886710e-02
1.251781191492639007e-02
1.252004729479869009e-02
1.252228264945087939e-02
1.252451797888797479e-02
1.252675328311509025e-02
1.252898856213725473e-02
1.253122381595957527e-02
1.253345904458709123e-02
1.253569424802483678e-02
1.253792942627792589e-02
1.254016457935138232e-02
1.254239970725028012e-02
1.254463480997963266e-02
1.254686988754452788e-02
1.254910493995003290e-02
1.255133996720112811e-02
1.255357496930294310e-02
1.255580994626044611e-02
1.255804489807870773e-02
1.256027982476278296e-02
1.256251472631767820e-02
1.256474960274846578e-02
1.256698445406013651e-02
1.256921928025775057e-02
1.257145408134635427e-02
1.257368885733093668e-02
1.257592360821653023e-02
1.257815833400820205e-02
1.258039303471089956e-02
1.258262771032972113e-02
1.258486236086963153e-02
1.258709698633561982e-02
1.258933158673279304e-02
1.259156616206608299e-02
1.259380071234055855e-02
1.259603523756116714e-02
1.259826973773296374e-02
1.260050421286094090e-02
1.260273866295009808e-02
1.260497308800539312e-02
1.260720748803189142e-02
1.260944186303457164e-02
1.261167621301841936e-02
1.261391053798838723e-02
1.261614483794952675e-02
1.261837911290683394e-02
1.262061336286521805e-02
1.262284758782973755e-02
1.262508178780535201e-02
1.262731596279701753e-02
1.262955011280977868e-02
1.263178423784853607e-02
1.263401833791831692e-02
1.263625241302403744e-02
1.263848646317074220e-02
1.264072048836336129e-02
1.264295448860686642e-02
1.264518846390623105e-02
1.264742241426639220e-02
1.264965633969235108e-02
1.265189024018904818e-02
1.265412411576141358e-02
1.265635796641446410e-02
1.265859179215310555e-02
1.266082559298228709e-02
1.266305936890700298e-02
1.266529311993216077e-02
1.266752684606273389e-02
1.266976054730364898e-02
1.267199422365986733e-02
1.267422787513628260e-02
1.267646150173789774e-02
1.267869510346959945e-02
1.268092868033635773e-02
1.268316223234307663e-02
1.268539575949471400e-02
1.268762926179617216e-02
1.268986273925240896e-02
1.269209619186834059e-02
1.269432961964886766e-02
1.269656302259891505e-02
1.269879640072343538e-02
1.270102975402731364e-02
1.270326308251550421e-02
1.270549638619285215e-02
1.270772966506433267e-02
1.270996291913485503e-02
1.271219614840929726e-02
1.271442935289255477e-02
1.271666253258959753e-02
1.271889568750526195e-02
1.272112881764448332e-02
1.272336192301213274e-02
1.272559500361313857e-02
1.272782805945238405e-02
1.273006109053476630e-02
1.273229409686514949e-02
1.273452707844846370e-02
1.273676003528955922e-02
1.273899296739335746e-02
1.274122587476472258e-02
1.274345875740853784e-02
1.274569161532970556e-02
1.274792444853306908e-02
1.275015725702351860e-02
1.275239004080591133e-02
1.275462279988515829e-02
1.275685553426611323e-02
1.275908824395365418e-02
1.276132092895260021e-02
1.276355358926785886e-02
1.276578622490432899e-02
1.276801883586678281e-02
1.277025142216016602e-02
1.277248398378926127e-02
1.277471652075899342e-02
1.277694903307416592e-02
1.277918152073966550e-02
1.278141398376031988e-02
1.278364642214099671e-02
1.278587883588653239e-02
1.278811122500176853e-02
1.279034358949152246e-02
1.279257592936069131e-02
1.279480824461405944e-02
1.279704053525651357e-02
1.279927280129285888e-02
1.280150504272793005e-02
1.280373725956658604e-02
1.280596945181363723e-02
1.280820161947389575e-02
1.281043376255221015e-02
1.281266588105341164e-02
1.281489797498228458e-02
1.281713004434368100e-02
1.281936208914239393e-02
1.282159410938327714e-02
1.282382610507117049e-02
1.282605807621079244e-02
1.282829002280701236e-02
1.283052194486465104e-02
1.283275384238852408e-02
1.283498571538338288e-02
1.283721756385406906e-02
1.283944938780538780e-02
1.284168118724215643e-02
1.284391296216909339e-02
1.284614471259109408e-02
1.284837643851288562e-02
1.285060813993930441e-02
1.285283981687511401e-02
1.285507146932514215e-02
1.285730309729411595e-02
1.285953470078685101e-02
1.286176627980816986e-02
1.286399783436281870e-02
1.286622936445556281e-02
1.286846087009119004e-02
1.287069235127449689e-02
1.287292380801026599e-02
1.287515524030322621e-02
1.287738664815816884e-02
1.287961803157990429e-02
1.288184939057315098e-02
1.288408072514268810e-02
1.288631203529328785e-02
1.288854332102969645e-02
1.289077458235667398e-02
1.289300581927901000e-02
1.289523703180144032e-02
1.289746821992873889e-02
1.289969938366561895e-02
1.290193052301685274e-02
1.290416163798722808e-02
1.290639272858143220e-02
1.290862379480424947e-02
1.291085483666038793e-02
1.291308585415463714e-02
1.291531684729171729e-02
1.291754781607636592e-02
1.291977876051330319e-02
1.292200968060729614e-02
1.292424057636306148e-02
1.292647144778534887e-02
1.292870229487884728e-02
1.293093311764832894e-02
1.293316391609850360e-02
1.293539469023407759e-02
1.293762544005983353e-02
1.293985616558042048e-02
1.294208686680058118e-02
1.294431754372506529e-02
1.294654819635855485e-02
1.294877882470577696e-02
1.295100942877142579e-02
1.295324000856024234e-02
1.295547056407691904e-02
1.295770109532615698e-02
1.295993160231268676e-02
1.296216208504115223e-02
1.296439254351633777e-02
1.296662297774288548e-02
1.296885338772550862e-02
1.297108377346892737e-02
1.297331413497780292e-02
1.297554447225680342e-02
1.297777478531068548e-02
1.298000507414411898e-02
1.298223533876178247e-02
1.298446557916832847e-02
1.298669579536849625e-02
1.298892598736696609e-02
1.299115615516836450e-02
1.299338629877741687e-02
1.299561641819877919e-02
1.299784651343713349e-02
1.300007658449716871e-02
1.300230663138353566e-02
1.300453665410091462e-02
1.300676665265397200e-02
1.300899662704735164e-02
1.301122657728576680e-02
1.301345650337381622e-02
1.301568640531620448e-02
1.301791628311761012e-02
1.302014613678265618e-02
1.302237596631598132e-02
1.302460577172230745e-02
1.302683555300622638e-02
1.302906531017239238e-02
1.303129504322549960e-02
1.303352475217014854e-02
1.303575443701099346e-02
1.303798409775270770e-02
1.304021373439990909e-02
1.304244334695721722e-02
1.304467293542932622e-02
1.304690249982081926e-02
1.304913204013635405e-02
1.305136155638057967e-02
1.305359104855810526e-02
1.305582051667356948e-02
1.305804996073157802e-02
1.306027938073679555e-02
1.306250877669383123e-02
1.306473814860729943e-02
1.306696749648183706e-02
1.306919682032204114e-02
1.307142612013254684e-02
1.307365539591794946e-02
1.307588464768289285e-02
1.307811387543199137e-02
1.308034307916981429e-02
1.308257225890102106e-02
1.308480141463016014e-02
1.308703054636191354e-02
1.308925965410083492e-02
1.309148873785154037e-02
1.309371779761861650e-02
1.309594683340666033e-02
1.309817584522029142e-02
1.310040483306410333e-02
1.310263379694266185e-02
1.310486273686061257e-02
1.310709165282247617e-02
1.310932054483290865e-02
1.311154941289642897e-02
1.311377825701768619e-02
1.311600707720122355e-02
1.311823587345163980e-02
1.312046464577353196e-02
1.312269339417141724e-02
1.312492211864994297e-02
1.312715081921362985e-02
1.312937949586710090e-02
1.313160814861489070e-02
1.313383677746156851e-02
1.313606538241171226e-02
1.313829396346992071e-02
1.314052252064069198e-02
1.314275105392864219e-02
1.314497956333830764e-02
1.314720804887428880e-02
1.314943651054104566e-02
1.315166494834327064e-02
1.315389336228540984e-02
1.315612175237205160e-02
1.315835011860777386e-02
1.316057846099708516e-02
1.316280677954455823e-02
1.316503507425473285e-02
1.316726334513216093e-02
1.316949159218135275e-02
1.317171981540685675e-02
1.317394801481329078e-02
1.317617619040509572e-02
1.317840434218683562e-02
1.318063247016304507e-02
1.318286057433827076e-02
1.318508865471706287e-02
1.318731671130389527e-02
1.318954474410335802e-02
1.319177275311992671e-02
1.319400073835811336e-02
1.319622869982250979e-02
1.319845663751758810e-02
1.320068455144788114e-02
1.320291244161790091e-02
1.320514030803215076e-02
1.320736815069519475e-02
1.320959596961146856e-02
1.321182376478553973e-02
1.321405153622190465e-02
1.321627928392508575e-02
1.321850700789954820e-02
1.322073470814982485e-02
1.322296238468042250e-02
1.322519003749585489e-02
1.322741766660056988e-02
1.322964527199911068e-02
1.323187285369596157e-02
1.323410041169560160e-02
1.323632794600254799e-02
1.323855545662126765e-02
1.324078294355626739e-02
1.324301040681203148e-02
1.324523784639305458e-02
1.324746526230379841e-02
1.324969265454876283e-02
1.325192002313242516e-02
1.325414736805927314e-02
1.325637468933373725e-02
1.325860198696037461e-02
1.326082926094361743e-02
1.326305651128789100e-02
1.326528373799776631e-02
1.326751094107764435e-02
1.326973812053200419e-02
1.327196527636532314e-02
1.327419240858206985e-02
1.327641951718669562e-02
1.327864660218367084e-02
1.328087366357742077e-02
1.328310070137245051e-02
1.328532771557320961e-02
1.328755470618412336e-02
1.328978167320968122e-02
1.329200861665429285e-02
1.329423553652242518e-02
1.329646243281855031e-02
1.329868930554711608e-02
1.330091615471251654e-02
1.330314298031926024e-02
1.330536978237175337e-02
1.330759656087442469e-02
1.330982331583172376e-02
1.331205004724811576e-02
1.331427675512797913e-02
1.331650343947580334e-02
1.331873010029600846e-02
1.332095673759298507e-02
1.332318335137120356e-02
1.332540994163506493e-02
1.332763650838903781e-02
1.332986305163749371e-02
1.333208957138490303e-02
1.333431606763562684e-02
1.333654254039414594e-02
1.333876898966485959e-02
1.334099541545216705e-02
1.334322181776047798e-02
1.334544819659423155e-02
1.334767455195779752e-02
1.334990088385564974e-02
1.335212719229216492e-02
1.335435347727172324e-02
1.335657973879872742e-02
1.335880597687763398e-02
1.336103219151280226e-02
1.336325838270863847e-02
1.336548455046956269e-02
1.336771069479994814e-02
1.336993681570419930e-02
1.337216291318670154e-02
1.337438898725184025e-02
1.337661503790404591e-02
1.337884106514763277e-02
1.338106706898707123e-02
1.338329304942670848e-02
1.338551900647089003e-02
1.338774494012407758e-02
1.338997085039061313e-02
1.339219673727484392e-02
1.339442260078117959e-02
1.339664844091401942e-02
1.339887425767769674e-02
1.340110005107658653e-02
1.340332582111509671e-02
1.340555156779755543e-02
1.340777729112835326e-02
1.341000299111183743e-02
1.341222866775239331e-02
1.341445432105440802e-02
1.341667995102218888e-02
1.341890555766008832e-02
1.342113114097252119e-02
1.342335670096382431e-02
1.342558223763833103e-02
1.342780775100041804e-02
1.343003324105442736e-02
1.343225870780474784e-02
1.343448415125564864e-02
1.343670957141152554e-02
1.343893496827674137e-02
1.344116034185559652e-02
1.344338569215247810e-02
1.344561101917167260e-02
1.344783632291757756e-02
1.345006160339448469e-02
1.345228686060678282e-02
1.345451209455873591e-02
1.345673730525473802e-02
1.345896249269911728e-02
1.346118765689615498e-02
1.346341279785021917e-02
1.346563791556560329e-02
1.346786301004669964e-02
1.347008808129776872e-02
1.347231312932314906e-02
1.347453815412717054e-02
1.347676315571413701e-02
1.347898813408838527e-02
1.348121308925422264e-02
1.348343802121593563e-02
1.348566292997789226e-02
1.348788781554437037e-02
1.349011267791967554e-02
1.349233751710813244e-02
1.349456233311406572e-02
1.349678712594172200e-02
1.349901189559542768e-02
1.350123664207952996e-02
1.350346136539827026e-02
1.350568606555596803e-02
1.350791074255693579e-02
1.351013539640544096e-02
1.351236002710582036e-02
1.351458463466232579e-02
1.351680921907925936e-02
1.351903378036090411e-02
1.352125831851160032e-02
1.352348283353555815e-02
1.352570732543709013e-02
1.352793179422048971e-02
1.353015623989006766e-02
1.353238066245004978e-02
1.353460506190471216e-02
1.353682943825840895e-02
1.353905379151531911e-02
1.354127812167977597e-02
1.354350242875602787e-02
1.354572671274836652e-02
1.354795097366105067e-02
1.355017521149834599e-02
1.355239942626450082e-02
1.355462361796384158e-02
1.355684778660055934e-02
1.355907193217894408e-02
1.356129605470326321e-02
1.356352015417778417e-02
1.356574423060674835e-02
1.356796828399441275e-02
1.357019231434501705e-02
1.357241632166285988e-02
1.357464030595211674e-02
1.357686426721710880e-02
1.357908820546206187e-02
1.358131212069121560e-02
1.358353601290879405e-02
1.358575988211912534e-02
1.358798372832633120e-02
1.359020755153473106e-02
1.359243135174858196e-02
1.359465512897202119e-02
1.359687888320939772e-02
1.359910261446486447e-02
1.360132632274270448e-02
1.360355000804712618e-02
1.360577367038237097e-02
1.360799730975264382e-02
1.361022092616220001e-02
1.361244451961523584e-02
1.361466809011600658e-02
1.361689163766871893e-02
1.361911516227758655e-02
1.362133866394685949e-02
1.362356214268070805e-02
1.362578559848339269e-02
1.362800903135908542e-02
1.363023244131202419e-02
1.363245582834645038e-02
1.363467919246653254e-02
1.363690253367645829e-02
1.363912585198051933e-02
1.364134914738282869e-02
1.364357241988764860e-02
1.364579566949913544e-02
1.364801889622156532e-02
1.365024210005906513e-02
1.365246528101586761e-02
1.365468843909616904e-02
1.365691157430413798e-02
1.365913468664400887e-02
1.366135777611991904e-02
1.366358084273612029e-02
1.366580388649676556e-02
1.366802690740606327e-02
1.367024990546817677e-02
1.367247288068731970e-02
1.367469583306763631e-02
1.367691876261334719e-02
1.367914166932859311e-02
1.368136455321760335e-02
1.368358741428451521e-02
1.368581025253349549e-02
1.368803306796877520e-02
1.369025586059448817e-02
1.369247863041477345e-02
1.369470137743387939e-02
1.369692410165590339e-02
1.369914680308506084e-02
1.370136948172547171e-02
1.370359213758134444e-02
1.370581477065682154e-02
1.370803738095605941e-02
1.371025996848323873e-02
1.371248253324249163e-02
1.371470507523798316e-02
1.371692759447389574e-02
1.371915009095434242e-02
1.372137256468348478e-02
1.372359501566547055e-02
1.372581744390449256e-02
1.372803984940464302e-02
1.373026223217010088e-02
1.373248459220497743e-02
1.373470692951346203e-02
1.373692924409964690e-02
1.373915153596773353e-02
1.374137380512181067e-02
1.374359605156602430e-02
1.374581827530453604e-02
1.374804047634144849e-02
1.375026265468091285e-02
1.375248481032706645e-02
1.375470694328401362e-02
1.375692905355588476e-02
1.375915114114686748e-02
1.376137320606099848e-02
1.376359524830245672e-02
1.376581726787536389e-02
1.376803926478382609e-02
1.377026123903196501e-02
1.377248319062391278e-02
1.377470511956376681e-02
1.377692702585565573e-02
1.377914890950367871e-02
1.378137077051197652e-02
1.378359260888465006e-02
1.378581442462580367e-02
1.378803621773951743e-02
1.379025798822994253e-02
1.379247973610116772e-02
1.379470146135728000e-02
1.379692316400241842e-02
1.379914484404068040e-02
1.380136650147612172e-02
1.380358813631288491e-02
1.380580974855504656e-02
1.380803133820670756e-02
1.381025290527193930e-02
1.381247444975489472e-02
1.381469597165958969e-02
1.381691747099017716e-02
1.381913894775070421e-02
1.382136040194527002e-02
1.382358183357797546e-02
1.382580324265288325e-02
1.382802462917407521e-02
1.383024599314566956e-02
1.383246733457165270e-02
1.383468865345620705e-02
1.383690994980338144e-02
1.383913122361721607e-02
1.384135247490181353e-02
1.384357370366123309e-02
1.384579490989957043e-02
1.384801609362086225e-02
1.385023725482917474e-02
1.385245839352862440e-02
1.385467950972322365e-02
1.385690060341705776e-02
1.385912167461416517e-02
1.386134272331865369e-02
1.386356374953455657e-02
1.386578475326594347e-02
1.386800573451684761e-02
1.387022669329132998e-02
1.387244762959346893e-02
1.387466854342728727e-02
1.387688943479684252e-02
1.387911030370620434e-02
1.388133115015939383e-02
1.388355197416046675e-02
1.388577277571350320e-02
1.388799355482248261e-02
1.389021431149149895e-02
1.389243504572457676e-02
1.389465575752571458e-02
1.389687644689902718e-02
1.389909711384851657e-02
1.390131775837821944e-02
1.390353838049213607e-02
1.390575898019434653e-02
1.390797955748888232e-02
1.391020011237971594e-02
1.391242064487094136e-02
1.391464115496654844e-02
1.391686164267059468e-02
1.391908210798705955e-02
1.392130255092000925e-02
1.392352297147343015e-02
1.392574336965137806e-02
1.392796374545781334e-02
1.393018409889681258e-02
1.393240442997239863e-02
1.393462473868850061e-02
1.393684502504923331e-02
1.393906528905854147e-02
1.394128553072047048e-02
1.394350575003897898e-02
1.394572594701814876e-02
1.394794612166194887e-02
1.395016627397434664e-02
1.395238640395939263e-02
1.395460651162109406e-02
1.395682659696341997e-02
1.395904665999040881e-02
1.396126670070602094e-02
1.396348671911423235e-02
1.396570671521907975e-02
1.396792668902458422e-02
1.397014664053466797e-02
1.397236656975335382e-02
1.397458647668463338e-02
1.397680636133250692e-02
1.397902622370094522e-02
1.398124606379392773e-02
1.398346588161543044e-02
1.398568567716946577e-02
1.398790545045997501e-02
1.399012520149100353e-02
1.399234493026644405e-02
1.399456463679031766e-02
1.399678432106663678e-02
1.399900398309930974e-02
1.400122362289234201e-02
1.400344324044971132e-02
1.400566283577534855e-02
1.400788240887324357e-02
1.401010195974742266e-02
1.401232148840174732e-02
1.401454099484023517e-02
1.401676047906685180e-02
1.401897994108556277e-02
1.402119938090031805e-02
1.402341879851507454e-02
1.402563819393380304e-02
1.402785756716046564e-02
1.403007691819896027e-02
1.403229624705329762e-02
1.403451555372739988e-02
1.403673483822524479e-02
1.403895410055076148e-02
1.404117334070792422e-02
1.404339255870063786e-02
1.404561175453286972e-02
1.404783092820858538e-02
1.405005007973166714e-02
1.405226920910612222e-02
1.405448831633582078e-02
1.405670740142479086e-02
1.405892646437690088e-02
1.406114550519612164e-02
1.406336452388634237e-02
1.406558352045153386e-02
1.406780249489562699e-02
1.407002144722254572e-02
1.407224037743621918e-02
1.407445928554055398e-02
1.407667817153951569e-02
1.407889703543701437e-02
1.408111587723694623e-02
1.408333469694329071e-02
1.408555349455988329e-02
1.408777227009072076e-02
1.408999102353969760e-02
1.409220975491073252e-02
1.409442846420772347e-02
1.409664715143456662e-02
1.409886581659523970e-02
1.410108445969359900e-02
1.410330308073357714e-02
1.410552167971911887e-02
1.410774025665403712e-02
1.410995881154229747e-02
1.411217734438782213e-02
1.411439585519449862e-02
1.411661434396617974e-02
1.411883281070683283e-02
1.412105125542034538e-02
1.412326967811058410e-02
1.412548807878146948e-02
1.412770645743688033e-02
1.412992481408072154e-02
1.413214314871688929e-02
1.413436146134926241e-02
1.413657975198176486e-02
1.413879802061820436e-02
1.414101626726256555e-02
1.414323449191869780e-02
1.414545269459042270e-02
1.414767087528173012e-02
1.414988903399642256e-02
1.415210717073844653e-02
1.415432528551160106e-02
1.415654337831981184e-02
1.415876144916695945e-02
1.416097949805693486e-02
1.416319752499354753e-02
1.416541552998073356e-02
1.416763351302232667e-02
1.416985147412220744e-02
1.417206941328422697e-02
1.417428733051229531e-02
1.417650522581026182e-02
1.417872309918197064e-02
1.418094095063127634e-02
1.418315878016209418e-02
1.418537658777824229e-02
1.418759437348359083e-02
1.418981213728199610e-02
1.419202987917731092e-02
1.419424759917339678e-02
1.419646529727410823e-02
1.419868297348330678e-02
1.420090062780479320e-02
1.420311826024250705e-02
1.420533587080023523e-02
1.420755345948180974e-02
1.420977102629114759e-02
1.421198857123200099e-02
1.421420609430829214e-02
1.421642359552383397e-02
1.421864107488246022e-02
1.422085853238801503e-02
1.422307596804433041e-02
1.422529338185525224e-02
1.422751077382459345e-02
1.422972814395624674e-02
1.423194549225400077e-02
1.423416281872170314e-02
1.423638012336315636e-02
1.423859740618220807e-02
1.424081466718267810e-02
1.424303190636840716e-02
1.424524912374323417e-02
1.424746631931094777e-02
1.424968349307539559e-02
1.425190064504038359e-02
1.425411777520971777e-02
1.425633488358725096e-02
1.425855197017677350e-02
1.426076903498213130e-02
1.426298607800711472e-02
1.426520309925555750e-02
1.426742009873123440e-02
1.426963707643799477e-02
1.427185403237961163e-02
1.427407096655991872e-02
1.427628787898273591e-02
1.427850476965183447e-02
1.428072163857104296e-02
1.428293848574416040e-02
1.428515531117499279e-02
1.428737211486731662e-02
1.428958889682491705e-02
1.429180565705167119e-02
1.429402239555132778e-02
1.429623911232766158e-02
1.429845580738445948e-02
1.430067248072560554e-02
1.430288913235476002e-02
1.430510576227581737e-02
1.430732237049252287e-02
1.430953895700866514e-02
1.431175552182802763e-02
1.431397206495443886e-02
1.431618858639160594e-02
1.431840508614335220e-02
1.432062156421345066e-02
1.432283802060571772e-02
1.432505445532389170e-02
1.432727086837176297e-02
1.432948725975312192e-02
1.433170362947169124e-02
1.433391997753129948e-02
1.433613630393569364e-02
1.433835260868865889e-02
1.434056889179392315e-02
1.434278515325534444e-02
1.434500139307661772e-02
1.434721761126149520e-02
1.434943380781378112e-02
1.435164998273722597e-02
1.435386613603560624e-02
1.435608226771266718e-02
1.435829837777216622e-02
1.436051446621787117e-02
1.436273053305354291e-02
1.436494657828292672e-02
1.436716260190975744e-02
1.436937860393782893e-02
1.437159458437087950e-02
1.437381054321263188e-02
1.437602648046688164e-02
1.437824239613733415e-02
1.438045829022774683e-02
1.438267416274189442e-02
1.438489001368351179e-02
1.438710584305629391e-02
1.438932165086401205e-02
1.439153743711045139e-02
1.439375320179930515e-02
1.439596894493430819e-02
1.439818466651921446e-02
1.440040036655772758e-02
1.440261604505365875e-02
1.440483170201064742e-02
1.440704733743246486e-02
1.440926295132287545e-02
1.441147854368554117e-02
1.441369411452423852e-02
1.441590966384268500e-02
1.441812519164460162e-02
1.442034069793369198e-02
1.442255618271372566e-02
1.442477164598838200e-02
1.442698708776141321e-02
1.442920250803650731e-02
1.443141790681741130e-02
1.443363328410783228e-02
1.443584863991145308e-02
1.443806397423204844e-02
1.444027928707326824e-02
1.444249457843885080e-02
1.444470984833252925e-02
1.444692509675801761e-02
1.444914032371895363e-02
1.445135552921910337e-02
1.445357071326218955e-02
1.445578587585184469e-02
1.445800101699182272e-02
1.446021613668585330e-02
1.446243123493753426e-02
1.446464631175068370e-02
1.446686136712893242e-02
1.446907640107597710e-02
1.447129141359553006e-02
1.447350640469128279e-02
1.447572137436690769e-02
1.447793632262614136e-02
1.448015124947263713e-02
1.448236615491012291e-02
1.448458103894223296e-02
1.448679590157266397e-02
1.448901074280515081e-02
1.449122556264334852e-02
1.449344036109091911e-02
1.449565513815154714e-02
1.449786989382895533e-02
1.450008462812676924e-02
1.450229934104872026e-02
1.450451403259845305e-02
1.450672870277964002e-02
1.450894335159596572e-02
1.451115797905109563e-02
1.451337258514873337e-02
1.451558716989250278e-02
1.451780173328610576e-02
1.452001627533320606e-02
1.452223079603746046e-02
1.452444529540253271e-02
1.452665977343210388e-02
1.452887423012984291e-02
1.453108866549934070e-02
1.453330307954436504e-02
1.453551747226849815e-02
1.453773184367544886e-02
1.453994619376886704e-02
1.454216052255232622e-02
1.454437483002962196e-02
1.454658911620429138e-02
1.454880338108005197e-02
1.455101762466051545e-02
1.455323184694935247e-02
1.455544604795019729e-02
1.455766022766672926e-02
1.455987438610257916e-02
1.456208852326138989e-02
1.456430263914678530e-02
1.456651673376243780e-02
1.456873080711192439e-02
1.457094485919901462e-02
1.457315889002724560e-02
1.457537289960027238e-02
1.457758688792172401e-02
1.457980085499527290e-02
1.458201480082453420e-02
1.458422872541312483e-02
1.458644262876471372e-02
1.458865651088288827e-02
1.459087037177130876e-02
1.459308421143356259e-02
1.459529802987333952e-02
1.459751182709423389e-02
1.459972560309986955e-02
1.460193935789385819e-02
1.460415309147981844e-02
1.460636680386140883e-02
1.460858049504219769e-02
1.461079416502588518e-02
1.461300781381599453e-02
1.461522144141619642e-02
1.461743504783009906e-02
1.461964863306132456e-02
1.462186219711345339e-02
1.462407573999010765e-02
1.462628926169489557e-02
1.462850276223143751e-02
1.463071624160335385e-02
1.463292969981424413e-02
1.463514313686769056e-02
1.463735655276733605e-02
1.463956994751672638e-02
1.464178332111953224e-02
1.464399667357931326e-02
1.464621000489966900e-02
1.464842331508417819e-02
1.465063660413649417e-02
1.465284987206016618e-02
1.465506311885882845e-02
1.465727634453601984e-02
1.465948954909537805e-02
1.466170273254049049e-02
1.466391589487493936e-02
1.466612903610230861e-02
1.466834215622618044e-02
1.467055525525011624e-02
1.467276833317779534e-02
1.467498139001269415e-02
1.467719442575847293e-02
1.467940744041867397e-02
1.468162043399688817e-02
1.468383340649668037e-02
1.468604635792164145e-02
1.468825928827536577e-02
1.469047219756140256e-02
1.469268508578331148e-02
1.469489795294472503e-02
1.469711079904916472e-02
1.469932362410022834e-02
1.470153642810148945e-02
1.470374921105644349e-02
1.470596197296878196e-02
1.470817471384196912e-02
1.471038743367960970e-02
1.471260013248526684e-02
1.471481281026249151e-02
1.471702546701485724e-02
1.471923810274594971e-02
1.472145071745928693e-02
1.472366331115840948e-02
1.472587588384693946e-02
1.472808843552840183e-02
1.473030096620633368e-02
1.473251347588429815e-02
1.473472596456585140e-02
1.473693843225453923e-02
1.473915087895392995e-02
1.474136330466758148e-02
1.474357570939899623e-02
1.474578809315175466e-02
1.474800045592940603e-02
1.475021279773545448e-02
1.475242511857347005e-02
1.475463741844701415e-02
1.475684969735960479e-02
1.475906195531473918e-02
1.476127419231605675e-02
1.476348640836702003e-02
1.476569860347116611e-02
1.476791077763206853e-02
1.477012293085322274e-02
1.477233506313816759e-02
1.477454717449048875e-02
1.477675926491360016e-02
1.477897133441116902e-02
1.478118338298663702e-02
1.478339541064352912e-02
1.478560741738542059e-02
1.478781940321578954e-02
1.479003136813821125e-02
1.479224331215612913e-02
1.479445523527314621e-02
1.479666713749271806e-02
1.479887901881840259e-02
1.480109087925371436e-02
1.480330271880213149e-02
1.480551453746721709e-02
1.480772633525246143e-02
1.480993811216138600e-02
1.481214986819750709e-02
1.481436160336429934e-02
1.481657331766531721e-02
1.481878501110405442e-02
1.482099668368403074e-02
1.482320833540872081e-02
1.482541996628165999e-02
1.482763157630632468e-02
1.482984316548621381e-02
1.483205473382487836e-02
1.483426628132576350e-02
1.483647780799237335e-02
1.483868931382827973e-02
1.484090079883686880e-02
1.484311226302170543e-02
1.484532370638626773e-02
1.484753512893407373e-02
1.484974653066857206e-02
1.485195791159327552e-02
1.485416927171167439e-02
1.485638061102726067e-02
1.485859192954351593e-02
1.486080322726391657e-02
1.486301450419195806e-02
1.486522576033115842e-02
1.486743699568492637e-02
1.486964821025682677e-02
1.487185940405027010e-02
1.487407057706880038e-02
1.487628172931583850e-02
1.487849286079487125e-02
1.488070397150940624e-02
1.488291506146290424e-02
1.488512613065884164e-02
1.488733717910070524e-02
1.488954820679188815e-02
1.489175921373600379e-02
1.489397019993637071e-02
1.489618116539657977e-02
1.489839211011998593e-02
1.490060303411016099e-02
1.490281393737050500e-02
1.490502481990452731e-02
1.490723568171563665e-02
1.490944652280729900e-02
1.491165734318306187e-02
1.491386814284629062e-02
1.491607892180044602e-02
1.491828968004903569e-02
1.492050041759550132e-02
1.492271113444330888e-02
1.492492183059587925e-02
1.492713250605664892e-02
1.492934316082915672e-02
1.493155379491675934e-02
1.493376440832292797e-02
1.493597500105115460e-02
1.493818557310484449e-02
1.494039612448748097e-02
1.494260665520247278e-02
1.494481716525325465e-02
1.494702765464329605e-02
1.494923812337607509e-02
1.495144857145494152e-02
1.495365899888342204e-02
1.495586940566490629e-02
1.495807979180282209e-02
1.496029015730065102e-02
1.496250050216180356e-02
1.496471082638969365e-02
1.496692112998778898e-02
1.496913141295948442e-02
1.497134167530825288e-02
1.497355191703748575e-02
1.497576213815066289e-02
1.497797233865112189e-02
1.498018251854236517e-02
1.498239267782782748e-02
1.498460281651085683e-02
1.498681293459492615e-02
1.498902303208350141e-02
1.499123310897989593e-02
1.499344316528758089e-02
1.499565320101001534e-02
1.499786321615056636e-02
1.500007321071266005e-02
1.500228318469972420e-02
1.500449313811515022e-02
1.500670307096238672e-02
1.500891298324482336e-02
1.501112287496584111e-02
1.501333274612892503e-02
1.501554259673738845e-02
1.501775242679471989e-02
1.501996223630427951e-02
1.502217202526947432e-02
1.502438179369373038e-02
1.502659154158048765e-02
1.502880126893303865e-02
1.503101097575489445e-02
1.503322066204937184e-02
1.503543032781989863e-02
1.503763997306990438e-02
1.503984959780274924e-02
1.504205920202182981e-02
1.504426878573058429e-02
1.504647834893233817e-02
1.504868789163052445e-02
1.505089741382852238e-02
1.505310691552971987e-02
1.505531639673750657e-02
1.505752585745529296e-02
1.505973529768641142e-02
1.506194471743433315e-02
1.506415411670238534e-02
1.506636349549389867e-02
1.506857285381234951e-02
1.507078219166111885e-02
1.507299150904352174e-02
1.507520080596296171e-02
1.507741008242283014e-02
1.507961933842648372e-02
1.508182857397734333e-02
1.508403778907873617e-02
1.508624698373399464e-02
1.508845615794661768e-02
1.509066531171986310e-02
1.509287444505718299e-02
1.509508355796186467e-02
1.509729265043734461e-02
1.509950172248698298e-02
1.510171077411409310e-02
1.510391980532209931e-02
1.510612881611430106e-02
1.510833780649412962e-02
1.511054677646490006e-02
1.511275572602999683e-02
1.511496465519278527e-02
1.511717356395661169e-02
1.511938245232480153e-02
1.512159132030076354e-02
1.512380016788782838e-02
1.512600899508934581e-02
1.512821780190869853e-02
1.513042658834920506e-02
1.513263535441424119e-02
1.513484410010710983e-02
1.513705282543120929e-02
1.513926153038985985e-02
1.514147021498646502e-02
1.514367887922426006e-02
1.514588752310669362e-02
1.514809614663707206e-02
1.515030474981872259e-02
1.515251333265501751e-02
1.515472189514924586e-02
1.515693043730480596e-02
1.515913895912499379e-02
1.516134746061317123e-02
1.516355594177264815e-02
1.516576440260681072e-02
1.516797284311892369e-02
1.517018126331238191e-02
1.517238966319045534e-02
1.517459804275653537e-02
1.517680640201391623e-02
1.517901474096595808e-02
1.518122305961595170e-02
1.518343135796722948e-02
1.518563963602313945e-02
1.518784789378698277e-02
1.519005613126209533e-02
1.519226434845179392e-02
1.519447254535937625e-02
1.519668072198821114e-02
1.519888887834160325e-02
1.520109701442284335e-02
1.520330513023529853e-02
1.520551322578221967e-02
1.520772130106696519e-02
1.520992935609284842e-02
1.521213739086315145e-02
1.521434540538119974e-02
1.521655339965033091e-02
1.521876137367381143e-02
1.522096932745497892e-02
1.522317726099715017e-02
1.522538517430360033e-02
1.522759306737767049e-02
1.522980094022262365e-02
1.523200879284177661e-02
1.523421662523845484e-02
1.523642443741591787e-02
1.523863222937751200e-02
1.524084000112651410e-02
1.524304775266621496e-02
1.524525548399994872e-02
1.524746319513094715e-02
1.524967088606254788e-02
1.525187855679804513e-02
1.525408620734073316e-02
1.525629383769386456e-02
1.525850144786080123e-02
1.526070903784472986e-02
1.526291660764908693e-02
1.526512415727700016e-02
1.526733168673184357e-02
1.526953919601691315e-02
1.527174668513543027e-02
1.527395415409074815e-02
1.527616160288610032e-02
1.527836903152479317e-02
1.528057644001009664e-02
1.528278382834531712e-02
1.528499119653366906e-02
1.528719854457849872e-02
1.528940587248301536e-02
1.529161318025057045e-02
1.529382046788439233e-02
1.529602773538773011e-02
1.529823498276389887e-02
1.530044221001619978e-02
1.530264941714779524e-02
1.530485660416203847e-02
1.530706377106220463e-02
1.530927091785152204e-02
1.531147804453322943e-02
1.531368515111066787e-02
1.531589223758705702e-02
1.531809930396565815e-02
1.532030635024974642e-02
1.532251337644257791e-02
1.532472038254742430e-02
1.532692736856750004e-02
1.532913433450612019e-02
1.533134128036650785e-02
1.533354820615193299e-02
1.533575511186559097e-02
1.533796199751082980e-02
1.534016886309086912e-02
1.534237570860893900e-02
1.534458253406830244e-02
1.534678933947218604e-02
1.534899612482387536e-02
1.535120289012661780e-02
1.535340963538360526e-02
1.535561636059814931e-02
1.535782306577342451e-02
1.536002975091276673e-02
1.536223641601932796e-02
1.536444306109643713e-02
1.536664968614724278e-02
1.536885629117503566e-02
1.537106287618306318e-02
1.537326944117453804e-02
1.537547598615270072e-02
1.537768251112076046e-02
1.537988901608199066e-02
1.538209550103963180e-02
1.538430196599691047e-02
1.538650841095700120e-02
1.538871483592323119e-02
1.539092124089873337e-02
1.539312762588677073e-02
1.539533399089061672e-02
1.539754033591342330e-02
1.539974666095843617e-02
1.540195296602894261e-02
1.540415925112806339e-02
1.540636551625910143e-02
1.540857176142526076e-02
1.541077798662973501e-02
1.541298419187576291e-02
1.541519037716653634e-02
1.541739654250531832e-02
1.541960268789527647e-02
1.542180881333965990e-02
1.542401491884168828e-02
1.542622100440454135e-02
1.542842707003145089e-02
1.543063311572560187e-02
1.543283914149026423e-02
1.543504514732858823e-02
1.543725113324376924e-02
1.543945709923909108e-02
1.544166304531769535e-02
1.544386897148284331e-02
1.544607487773763145e-02
1.544828076408539044e-02
1.545048663052922891e-02
1.545269247707241334e-02
1.545489830371809745e-02
1.545710411046950956e-02
1.545930989732982250e-02
1.546151566430225763e-02
1.546372141138994266e-02
1.546592713859620306e-02
1.546813284592409889e-02
1.547033853337691049e-02
1.547254420095779681e-02
1.547474984866995668e-02
1.547695547651656636e-02
1.547916108450082991e-02
1.548136667262591838e-02
1.548357224089504276e-02
1.548577778931134290e-02
1.548798331787807139e-02
1.549018882659839239e-02
1.549239431547540929e-02
1.549459978451241463e-02
1.549680523371255517e-02
1.549901066307894648e-02
1.550121607261487240e-02
1.550342146232341553e-02
1.550562683220780939e-02
1.550783218227123374e-02
1.551003751251681627e-02
1.551224282294777664e-02
1.551444811356724081e-02
1.551665338437846139e-02
1.551885863538451926e-02
1.552106386658862539e-02
1.552326907799394563e-02
1.552547426960367363e-02
1.552767944142094056e-02
1.552988459344889320e-02
1.553208972569076682e-02
1.553429483814968044e-02
1.553649993082882250e-02
1.553870500373127905e-02
1.554091005686030619e-02
1.554311509021900385e-02
1.554532010381057261e-02
1.554752509763814364e-02
1.554973007170488107e-02
1.555193502601395598e-02
1.555413996056848568e-02
1.555634487537166898e-02
1.555854977042661798e-02
1.556075464573650376e-02
1.556295950130450086e-02
1.556516433713373178e-02
1.556736915322734852e-02
1.556957394958851347e-02
1.557177872622031965e-02
1.557398348312600059e-02
1.557618822030864408e-02
1.557839293777139866e-02
1.558059763551743193e-02
1.558280231354986813e-02
1.558500697187187485e-02
1.558721161048654165e-02
1.558941622939704653e-02
1.559162082860651374e-02
1.559382540811808660e-02
1.559602996793492749e-02
1.559823450806010689e-02
1.560043902849683403e-02
1.560264352924818285e-02
1.560484801031730706e-02
1.560705247170734479e-02
1.560925691342145497e-02
1.561146133546270111e-02
1.561366573783428899e-02
1.561587012053927866e-02
1.561807448358082384e-02
1.562027882696205572e-02
1.562248315068608985e-02
1.562468745475603660e-02
1.562689173917507918e-02
1.562909600394625509e-02
1.563130024907277704e-02
1.563350447455770856e-02
1.563570868040415479e-02
1.563791286661527294e-02
1.564011703319413346e-02
1.564232118014388662e-02
1.564452530746769307e-02
1.564672941516857124e-02
1.564893350324971996e-02
1.565113757171420275e-02
1.565334162056512476e-02
1.565554564980561544e-02
1.565774965943880423e-02
1.565995364946775464e-02
1.566215761989563429e-02
1.566436157072547547e-02
1.566656550196042150e-02
1.566876941360363304e-02
1.567097330565813545e-02
1.567317717812702696e-02
1.567538103101348557e-02
1.567758486432050888e-02
1.567978867805131307e-02
1.568199247220887146e-02
1.568419624679641758e-02
1.568640000181696290e-02
1.568860373727358135e-02
1.569080745316945788e-02
1.569301114950761092e-02
1.569521482629116643e-02
1.569741848352317407e-02
1.569962212120681877e-02
1.570182573934510856e-02
1.570402933794119021e-02
1.570623291699805094e-02
1.570843647651893119e-02
1.571064001650678693e-02
1.571284353696474761e-02
1.571504703789592186e-02
1.571725051930334197e-02
1.571945398119018594e-02
1.572165742355942711e-02
1.572386084641421572e-02
1.572606424975758060e-02
1.572826763359266161e-02
1.573047099792248063e-02
1.573267434275015322e-02
1.573487766807874638e-02
1.573708097391129934e-02
1.573928426025097277e-02
1.574148752710074345e-02
1.574369077446375470e-02
1.574589400234302494e-02
1.574809721074167321e-02
1.575030039966272138e-02
1.575250356910927463e-02
1.575470671908442422e-02
1.575690984959114346e-02
1.575911296063258610e-02
1.576131605221177748e-02
1.576351912433180541e-02
1.576572217699572301e-02
1.576792521020657992e-02
1.577012822396744313e-02
1.577233121828138310e-02
1.577453419315147029e-02
1.577673714858071966e-02
1.577894008457226757e-02
1.578114300112907348e-02
1.578334589825420783e-02
1.578554877595079314e-02
1.578775163422185823e-02
1.578995447307044234e-02
1.579215729249957775e-02
1.579436009251235923e-02
1.579656287311182253e-02
1.579876563430098607e-02
1.580096837608294461e-02
1.580317109846069573e-02
1.580537380143734114e-02
1.580757648501588189e-02
1.580977914919937805e-02
1.581198179399088272e-02
1.581418441939343167e-02
1.581638702541005373e-02
1.581858961204378813e-02
1.582079217929770534e-02
1.582299472717480990e-02
1.582519725567820695e-02
1.582739976481081084e-02
1.582960225457579265e-02
1.583180472497608057e-02
1.583400717601477284e-02
1.583620960769487745e-02
1.583841202001944407e-02
1.584061441299149109e-02
1.584281678661403001e-02
1.584501914089014862e-02
1.584722147582281332e-02
1.584942379141510496e-02
1.585162608766999340e-02
1.585382836459054215e-02
1.585603062217975576e-02
1.585823286044070121e-02
1.586043507937635530e-02
1.586263727898978501e-02
1.586483945928394979e-02
1.586704162026190967e-02
1.586924376192670391e-02
1.587144588428128500e-02
1.587364798732872340e-02
1.587585007107205487e-02
1.587805213551424927e-02
1.588025418065834929e-02
1.588245620650734560e-02
1.588465821306428438e-02
1.588686020033212853e-02
1.588906216831392076e-02
1.589126411701266214e-02
1.589346604643142313e-02
1.589566795657309031e-02
1.589786984744076884e-02
1.590007171903742508e-02
1.590227357136611563e-02
1.590447540442976176e-02
1.590667721823143393e-02
1.590887901277411934e-02
1.591108078806080170e-02
1.591328254409447862e-02
1.591548428087820669e-02
1.591768599841490023e-02
1.591988769670764012e-02
1.592208937575934763e-02
1.592429103557309669e-02
1.592649267615182593e-02
1.592869429749858498e-02
1.593089589961629859e-02
1.593309748250798519e-02
1.593529904617667012e-02
1.593750059062531976e-02
1.593970211585691091e-02
1.594190362187446197e-02
1.594410510868094974e-02
1.594630657627934753e-02
1.594850802467267029e-02
1.595070945386390174e-02
1.595291086385598398e-02
1.595511225465192848e-02
1.595731362625472591e-02
1.595951497866738081e-02
1.596171631189282833e-02
1.596391762593406954e-02
1.596611892079405001e-02
1.596832019647584366e-02
1.597052145298230239e-02
1.597272269031650357e-02
1.597492390848139626e-02
1.597712510747992948e-02
1.597932628731510082e-02
1.598152744798986627e-02
1.598372858950723036e-02
1.598592971187011436e-02
1.598813081508152628e-02
1.599033189914444986e-02
1.599253296406181676e-02
1.599473400983661073e-02
1.599693503647178425e-02
1.599913604397033146e-02
1.600133703233521179e-02
1.600353800156937081e-02
1.600573895167576102e-02
1.600793988265741125e-02
1.601014079451723235e-02
1.601234168725812826e-02
1.601454256088317984e-02
1.601674341539527369e-02
1.601894425079741086e-02
1.602114506709249528e-02
1.602334586428350374e-02
1.602554664237340262e-02
1.602774740136512360e-02
1.602994814126166429e-02
1.603214886206597023e-02
1.603434956378094189e-02
1.603655024640954566e-02
1.603875090995478606e-02
1.604095155441953927e-02
1.604315217980679595e-02
1.604535278611952248e-02
1.604755337336062626e-02
1.604975394153307020e-02
1.605195449063981372e-02
1.605415502068374689e-02
1.605635553166786036e-02
1.605855602359508583e-02
1.606075649646837925e-02
1.606295695029062720e-02
1.606515738506486546e-02
1.606735780079394244e-02
1.606955819748083145e-02
1.607175857512844336e-02
1.607395893373976190e-02
1.607615927331769445e-02
1.607835959386519006e-02
1.608055989538515959e-02
1.608276017788055207e-02
1.608496044135427142e-02
1.608716068580927014e-02
1.608936091124851114e-02
1.609156111767488795e-02
1.609376130509127673e-02
1.609596147350071324e-02
1.609816162290606673e-02
1.610036175331027927e-02
1.610256186471620624e-02
1.610476195712687991e-02
1.610696203054519035e-02
1.610916208497399291e-02
1.611136212041628518e-02
1.611356213687493641e-02
1.611576213435285745e-02
1.611796211285305286e-02
1.612016207237836757e-02
1.612236201293173327e-02
1.612456193451607470e-02
1.612676183713429925e-02
1.612896172078932128e-02
1.613116158548404469e-02
1.613336143122142199e-02
1.613556125800430160e-02
1.613776106583561520e-02
1.613996085471832570e-02
1.614216062465529539e-02
1.614436037564942819e-02
1.614656010770363845e-02
1.614875982082084049e-02
1.615095951500395560e-02
1.615315919025583913e-02
1.615535884657943316e-02
1.615755848397764163e-02
1.615975810245333724e-02
1.616195770200946208e-02
1.616415728264888538e-02
1.616635684437446249e-02
1.616855638718921878e-02
1.617075591109595409e-02
1.617295541609758622e-02
1.617515490219702951e-02
1.617735436939714971e-02
1.617955381770086465e-02
1.618175324711104701e-02
1.618395265763060420e-02
1.618615204926241585e-02
1.618835142200937896e-02
1.619055077587442867e-02
1.619275011086033708e-02
1.619494942697014342e-02
1.619714872420662324e-02
1.619934800257270824e-02
1.620154726207124682e-02
1.620374650270517761e-02
1.620594572447734555e-02
1.620814492739066845e-02
1.621034411144796697e-02
1.621254327665220402e-02
1.621474242300618290e-02
1.621694155051282490e-02
1.621914065917501313e-02
1.622133974899561334e-02
1.622353881997750172e-02
1.622573787212357524e-02
1.622793690543666498e-02
1.623013591991967486e-02
1.623233491557546371e-02
1.623453389240694239e-02
1.623673285041694545e-02
1.623893178960834210e-02
1.624113070998405017e-02
1.624332961154687296e-02
1.624552849429970053e-02
1.624772735824542638e-02
1.624992620338691282e-02
1.625212502972701173e-02
1.625432383726858540e-02
1.625652262601450654e-02
1.625872139596761315e-02
1.626092014713082304e-02
1.626311887950694993e-02
1.626531759309884570e-02
1.626751628790942469e-02
1.626971496394151451e-02
1.627191362119799478e-02
1.627411225968168618e-02
1.627631087939546140e-02
1.627850948034214804e-02
1.628070806252464656e-02
1.628290662594584007e-02
1.628510517060848678e-02
1.628730369651551491e-02
1.628950220366975898e-02
1.629170069207403621e-02
1.629389916173122621e-02
1.629609761264419476e-02
1.629829604481573477e-02
1.630049445824875709e-02
1.630269285294609627e-02
1.630489122891053480e-02
1.630708958614499743e-02
1.630928792465228053e-02
1.631148624443524639e-02
1.631368454549672262e-02
1.631588282783959232e-02
1.631808109146663799e-02
1.632027933638072539e-02
1.632247756258469601e-02
1.632467577008139131e-02
1.632687395887366319e-02
1.632907212896432536e-02
1.633127028035620890e-02
1.633346841305213445e-02
1.633566652705497821e-02
1.633786462236754694e-02
1.634006269899269601e-02
1.634226075693323912e-02
1.634445879619200390e-02
1.634665681677179017e-02
1.634885481867550880e-02
1.635105280190592841e-02
1.635325076646589049e-02
1.635544871235820180e-02
1.635764663958572118e-02
1.635984454815125541e-02
1.636204243805762168e-02
1.636424030930766840e-02
1.636643816190419889e-02
1.636863599585004769e-02
1.637083381114800770e-02
1.637303160780093775e-02
1.637522938581160992e-02
1.637742714518290732e-02
1.637962488591758123e-02
1.638182260801846965e-02
1.638402031148842100e-02
1.638621799633022125e-02
1.638841566254664248e-02
1.639061331014060943e-02
1.639281093911480053e-02
1.639500854947215785e-02
1.639720614121536330e-02
1.639940371434737629e-02
1.640160126887086137e-02
1.640379880478870164e-02
1.640599632210368308e-02
1.640819382081862635e-02
1.641039130093634169e-02
1.641258876245960119e-02
1.641478620539125327e-02
1.641698362973408390e-02
1.641918103549086516e-02
1.642137842266443160e-02
1.642357579125758998e-02
1.642577314127312629e-02
1.642797047271379873e-02
1.643016778558252164e-02
1.643236507988195608e-02
1.643456235561498169e-02
1.643675961278438097e-02
1.643895685139295723e-02
1.644115407144348950e-02
1.644335127293875334e-02
1.644554845588157635e-02
1.644774562027470632e-02
1.644994276612097087e-02
1.645213989342316288e-02
1.645433700218405793e-02
1.645653409240644544e-02
1.645873116409313219e-02
1.646092821724686947e-02
1.646312525187047099e-02
1.646532226796672271e-02
1.646751926553838979e-02
1.646971624458826167e-02
1.647191320511913470e-02
1.647411014713375671e-02
1.647630707063497263e-02
1.647850397562550945e-02
1.648070086210813578e-02
1.648289773008568271e-02
1.648509457956090149e-02
1.648729141053658850e-02
1.648948822301548808e-02
1.649168501700035844e-02
1.649388179249405839e-02
1.649607854949927330e-02
1.649827528801882034e-02
1.650047200805545428e-02
1.650266870961195412e-02
1.650486539269111971e-02
1.650706205729569193e-02
1.650925870342841856e-02
1.651145533109214802e-02
1.651365194028954486e-02
1.651584853102340544e-02
1.651804510329652961e-02
1.652024165711169293e-02
1.652243819247159115e-02
1.652463470937905188e-02
1.652683120783682291e-02
1.652902768784765206e-02
1.653122414941430446e-02
1.653342059253955568e-02
1.653561701722611188e-02
1.653781342347682842e-02
1.654000981129438719e-02
1.654220618068155679e-02
1.654440253164107810e-02
1.654659886417575443e-02
1.654879517828833010e-02
1.655099147398153211e-02
1.655318775125813949e-02
1.655538401012086533e-02
1.655758025057251295e-02
1.655977647261577465e-02
1.656197267625348496e-02
1.656416886148831882e-02
1.656636502832302404e-02
1.656856117676039353e-02
1.657075730680316120e-02
1.657295341845406444e-02
1.657514951171583026e-02
1.657734558659119603e-02
1.657954164308297548e-02
1.658173768119382968e-02
1.658393370092659663e-02
1.658612970228388536e-02
1.658832568526856510e-02
1.659052164988328651e-02
1.659271759613080779e-02
1.659491352401392533e-02
1.659710943353528631e-02
1.659930532469772527e-02
1.660150119750385816e-02
1.660369705195654036e-02
1.660589288805840169e-02
1.660808870581224547e-02
1.661028450522079175e-02
1.661248028628678139e-02
1.661467604901289280e-02
1.661687179340192236e-02
1.661906751945649990e-02
1.662126322717948773e-02
1.662345891657353650e-02
1.662565458764138013e-02
1.662785024038574214e-02
1.663004587480937727e-02
1.663224149091495352e-02
1.663443708870524299e-02
1.663663266818298653e-02
1.663882822935082786e-02
1.664102377221153214e-02
1.664321929676785758e-02
1.664541480302247564e-02
1.664761029097812373e-02
1.664980576063746984e-02
1.665200121200332076e-02
1.665419664507833755e-02
1.665639205986525415e-02
1.665858745636676630e-02
1.666078283458561141e-02
1.666297819452448870e-02
1.666517353618610781e-02
1.666736885957319919e-02
1.666956416468848637e-02
1.667175945153459571e-02
1.667395472011435134e-02
1.667614997043038311e-02
1.667834520248539371e-02
1.668054041628214829e-02
1.668273561182336689e-02
1.668493078911166896e-02
1.668712594814980577e-02
1.668932108894047653e-02
1.669151621148641518e-02
1.669371131579025849e-02
1.669590640185475428e-02
1.669810146968261216e-02
1.670029651927651751e-02
1.670249155063915220e-02
1.670468656377325015e-02
1.670688155868149324e-02
1.670907653536656337e-02
1.671127149383117017e-02
1.671346643407801980e-02
1.671566135610977680e-02
1.671785625992918203e-02
1.672005114553886188e-02
1.672224601294158841e-02
1.672444086213997066e-02
1.672663569313676685e-02
1.672883050593463455e-02
1.673102530053630077e-02
1.673322007694441615e-02
1.673541483516163483e-02
1.673760957519074277e-02
1.673980429703433859e-02
1.674199900069513539e-02
1.674419368617581505e-02
1.674638835347910110e-02
1.674858300260760602e-02
1.675077763356408803e-02
1.675297224635116655e-02
1.675516684097156164e-02
1.675736141742792049e-02
1.675955597572294925e-02
1.676175051585928472e-02
1.676394503783968509e-02
1.676613954166676287e-02
1.676833402734322423e-02
1.677052849487171982e-02
1.677272294425495580e-02
1.677491737549556203e-02
1.677711178859624119e-02
1.677930618355966130e-02
1.678150056038849730e-02
1.678369491908540331e-02
1.678588925965311673e-02
1.678808358209419455e-02
1.679027788641138455e-02
1.679247217260736516e-02
1.679466644068474193e-02
1.679686069064622103e-02
1.679905492249445659e-02
1.680124913623211313e-02
1.680344333186185868e-02
1.680563750938635428e-02
1.680783166880828530e-02
1.681002581013026770e-02
1.681221993335500070e-02
1.681441403848510374e-02
1.681660812552328646e-02
1.681880219447218910e-02
1.682099624533447274e-02
1.682319027811276721e-02
1.682538429280976133e-02
1.682757828942811271e-02
1.682977226797042342e-02
1.683196622843941004e-02
1.683416017083769547e-02
1.683635409516797549e-02
1.683854800143281399e-02
1.684074188963497615e-02
1.684293575977700158e-02
1.684512961186158259e-02
1.684732344589139411e-02
1.684951726186908680e-02
1.685171105979725234e-02
1.685390483967857608e-02
1.685609860151572603e-02
1.685829234531127652e-02
1.686048607106795105e-02
1.686267977878836560e-02
1.686487346847513266e-02
1.686706714013093064e-02
1.686926079375837204e-02
1.687145442936011791e-02
1.687364804693880851e-02
1.687584164649709104e-02
1.687803522803757797e-02
1.688022879156287487e-02
1.688242233707571219e-02
1.688461586457870936e-02
1.688680937407439561e-02
1.688900286556551181e-02
1.689119633905469126e-02
1.689338979454451869e-02
1.689558323203761703e-02
1.689777665153665426e-02
1.689997005304427063e-02
1.690216343656304396e-02
1.690435680209564570e-02
1.690655014964471264e-02
1.690874347921285034e-02
1.691093679080268863e-02
1.691313008441686083e-02
1.691532336005796555e-02
1.691751661772867774e-02
1.691970985743158559e-02
1.692190307916930855e-02
1.692409628294451115e-02
1.692628946875976079e-02
1.692848263661774280e-02
1.693067578652099336e-02
1.693286891847215966e-02
1.693506203247392705e-02
1.693725512852884210e-02
1.693944820663957282e-02
1.694164126680864843e-02
1.694383430903882368e-02
1.694602733333257227e-02
1.694822033969261774e-02
1.695041332812148235e-02
1.695260629862188964e-02
1.695479925119632719e-02
1.695699218584748036e-02
1.695918510257798245e-02
1.696137800139032453e-02
1.696357088228727869e-02
1.696576374527133252e-02
1.696795659034516443e-02
1.697014941751131059e-02
1.697234222677243901e-02
1.697453501813115523e-02
1.697672779159001971e-02
1.697892054715169005e-02
1.698111328481871976e-02
1.698330600459369011e-02
1.698549870647931073e-02
1.698769139047809698e-02
1.698988405659265094e-02
1.699207670482560939e-02
1.699426933517952584e-02
1.699646194765707177e-02
1.699865454226077641e-02
1.700084711899325224e-02
1.700303967785710829e-02
1.700523221885493971e-02
1.700742474198931389e-02
1.700961724726287455e-02
1.701180973467818908e-02
1.701400220423781098e-02
1.701619465594437705e-02
1.701838708980045814e-02
1.702057950580870144e-02
1.702277190397164311e-02
1.702496428429184361e-02
1.702715664677196400e-02
1.702934899141451616e-02
1.703154131822215075e-02
1.703373362719741088e-02
1.703592591834293679e-02
1.703811819166124383e-02
1.704031044715494797e-02
1.704250268482665129e-02
1.704469490467884485e-02
1.704688710671427299e-02
1.704907929093537125e-02
1.705127145734478683e-02
1.705346360594509059e-02
1.705565573673886726e-02
1.705784784972865648e-02
1.706003994491707074e-02
1.706223202230665315e-02
1.706442408190004048e-02
1.706661612369975156e-02
1.706880814770838500e-02
1.707100015392850126e-02
1.707319214236270588e-02
1.707538411301352463e-02
1.707757606588356999e-02
1.707976800097536427e-02
1.708195991829156157e-02
1.708415181783462522e-02
1.708634369960717464e-02
1.708853556361177722e-02
1.709072740985103506e-02
1.709291923832745655e-02
1.709511104904361950e-02
1.709730284200212252e-02
1.709949461720548444e-02
1.710168637465626917e-02
1.710387811435710656e-02
1.710606983631050501e-02
1.710826154051902498e-02
1.711045322698522345e-02
1.711264489571169209e-02
1.711483654670097401e-02
1.711702817995557069e-02
1.711921979547814665e-02
1.712141139327121031e-02
1.712360297333728049e-02
1.712579453567897661e-02
1.712798608029880362e-02
1.713017760719931504e-02
1.713236911638313376e-02
1.713456060785275084e-02
1.713675208161069205e-02
1.713894353765958375e-02
1.714113497600190314e-02
1.714332639664024535e-02
1.714551779957715349e-02
1.714770918481518108e-02
1.714990055235689204e-02
1.715209190220474272e-02
1.715428323436136299e-02
1.715647454882931328e-02
1.715866584561109159e-02
1.716085712470927227e-02
1.716304838612635678e-02
1.716523962986487781e-02
1.716743085592747908e-02
1.716962206431659962e-02
1.717181325503482417e-02
1.717400442808468194e-02
1.717619558346873340e-02
1.717838672118945573e-02
1.718057784124947529e-02
1.718276894365124152e-02
1.718496002839737385e-02
1.718715109549031478e-02
1.718934214493268026e-02
1.719153317672694053e-02
1.719372419087570464e-02
1.719591518738146710e-02
1.719810616624671898e-02
1.720029712747406930e-02
1.720248807106598485e-02
1.720467899702502607e-02
1.720686990535370484e-02
1.720906079605456079e-02
1.721125166913012317e-02
1.721344252458291077e-02
1.721563336241547712e-02
1.721782418263031675e-02
1.722001498522995194e-02
1.722220577021691887e-02
1.722439653759375022e-02
1.722658728736296135e-02
1.722877801952708843e-02
1.723096873408860863e-02
1.723315943105009282e-02
1.723535011041403900e-02
1.723754077218295558e-02
1.723973141635938566e-02
1.724192204294582725e-02
1.724411265194482346e-02
1.724630324335884798e-02
1.724849381719046823e-02
1.725068437344216138e-02
1.725287491211644972e-02
1.725506543321583819e-02
1.725725593674286990e-02
1.725944642270002896e-02
1.726163689108987931e-02
1.726382734191480445e-02
1.726601777517748626e-02
1.726820819088032213e-02
1.727039858902579619e-02
1.727258896961656257e-02
1.727477933265494231e-02
1.727696967814360343e-02
1.727916000608492944e-02
1.728135031648151201e-02
1.728354060933584568e-02
1.728573088465035212e-02
1.728792114242761607e-02
1.729011138267012859e-02
1.729230160538038422e-02
1.729449181056087401e-02
1.729668199821410984e-02
1.729887216834257932e-02
1.730106232094879085e-02
1.730325245603525630e-02
1.730544257360445981e-02
1.730763267365887509e-02
1.730982275620102789e-02
1.731201282123337112e-02
1.731420286875848605e-02
1.731639289877883250e-02
1.731858291129685298e-02
1.732077290631510100e-02
1.732296288383599475e-02
1.732515284386211898e-02
1.732734278639590578e-02
1.732953271143987048e-02
1.733172261899646946e-02
1.733391250906823541e-02
1.733610238165764900e-02
1.733829223676713882e-02
1.734048207439927228e-02
1.734267189455648492e-02
1.734486169724127475e-02
1.734705148245612241e-02
1.734924125020351551e-02
1.735143100048595899e-02
1.735362073330593002e-02
1.735581044866583988e-02
1.735800014656825943e-02
1.736018982701567279e-02
1.736237949001047040e-02
1.736456913555521273e-02
1.736675876365235613e-02
1.736894837430435351e-02
1.737113796751368899e-02
1.737332754328285017e-02
1.737551710161434546e-02
1.737770664251060346e-02
1.737989616597411177e-02
1.738208567200734411e-02
1.738427516061277767e-02
1.738646463179289309e-02
1.738865408555011552e-02
1.739084352188699154e-02
1.739303294080592199e-02
1.739522234230942224e-02
1.739741172639995559e-02
1.739960109307994371e-02
1.740179044235189501e-02
1.740397977421830056e-02
1.740616908868159243e-02
1.740835838574420966e-02
1.741054766540869880e-02
1.741273692767742257e-02
1.741492617255293446e-02
1.741711540003764228e-02
1.741930461013400239e-02
1.742149380284453014e-02
1.742368297817167497e-02
1.742587213611785160e-02
1.742806127668553376e-02
1.743025039987719516e-02
1.743243950569529563e-02
1.743462859414227767e-02
1.743681766522059765e-02
1.743900671893273621e-02
1.744119575528112198e-02
1.744338477426827030e-02
1.744557377589652652e-02
1.744776276016843028e-02
1.744995172708640671e-02
1.745214067665292260e-02
1.745432960887037532e-02
1.745651852374131840e-02
1.745870742126805902e-02
1.746089630145316110e-02
1.746308516429905672e-02
1.746527400980817796e-02
1.746746283798294302e-02
1.746965164882584992e-02
1.747184044233932032e-02
1.747402921852579324e-02
1.747621797738770771e-02
1.747840671892753744e-02
1.748059544314769370e-02
1.748278415005063979e-02
1.748497283963880780e-02
1.748716151191463328e-02
1.748935016688060728e-02
1.749153880453906476e-02
1.749372742489256616e-02
1.749591602794344988e-02
1.749810461369424863e-02
1.750029318214728347e-02
1.750248173330509749e-02
1.750467026717007074e-02
1.750685878374467000e-02
1.750904728303127184e-02
1.751123576503238466e-02
1.751342422975042667e-02
1.751561267718778139e-02
1.751780110734688437e-02
1.751998952023025441e-02
1.752217791584020218e-02
1.752436629417924996e-02
1.752655465524978126e-02
1.752874299905425939e-02
1.753093132559507827e-02
1.753311963487463529e-02
1.753530792689547355e-02
1.753749620165987594e-02
1.753968445917038904e-02
1.754187269942934432e-02
1.754406092243920162e-02
1.754624912820243812e-02
1.754843731672140264e-02
1.755062548799852726e-02
1.755281364203625447e-02
1.755500177883699900e-02
1.755718989840317559e-02
1.755937800073719898e-02
1.756156608584150819e-02
1.756375415371851101e-02
1.756594220437061871e-02
1.756813023780025990e-02
1.757031825400986666e-02
1.757250625300177393e-02
1.757469423477850748e-02
1.757688219934239529e-02
1.757907014669590762e-02
1.758125807684138633e-02
1.758344598978132597e-02
1.758563388551810311e-02
1.758782176405411166e-02
1.759000962539177329e-02
1.759219746953353050e-02
1.759438529648175986e-02
1.759657310623883447e-02
1.759876089880724540e-02
1.760094867418934145e-02
1.760313643238751308e-02
1.760532417340419931e-02
1.760751189724183569e-02
1.760969960390277103e-02
1.761188729338944436e-02
1.761407496570421491e-02
1.761626262084951822e-02
1.761845025882776208e-02
1.762063787964132655e-02
1.762282548329262288e-02
1.762501306978406582e-02
1.762720063911803539e-02
1.762938819129690471e-02
1.763157572632312667e-02
1.763376324419902580e-02
1.763595074492708276e-02
1.763813822850967758e-02
1.764032569494914174e-02
1.764251314424795589e-02
1.764470057640840292e-02
1.764688799143297390e-02
1.764907538932402112e-02
1.765126277008396971e-02
1.765345013371515809e-02
1.765563748021999405e-02
1.765782480960092007e-02
1.766001212186021213e-02
1.766219941700040985e-02
1.766438669502376491e-02
1.766657395593274754e-02
1.766876119972971698e-02
1.767094842641704633e-02
1.767313563599713991e-02
1.767532282847237429e-02
1.767751000384514687e-02
1.767969716211777523e-02
1.768188430329277819e-02
1.768407142737241436e-02
1.768625853435912623e-02
1.768844562425525915e-02
1.769063269706318622e-02
1.769281975278534647e-02
1.769500679142406788e-02
1.769719381298174438e-02
1.769938081746075254e-02
1.770156780486349321e-02
1.770375477519230481e-02
1.770594172844956043e-02
1.770812866463767135e-02
1.771031558375898984e-02
1.771250248581589942e-02
1.771468937081075237e-02
1.771687623874594955e-02
1.771906308962384324e-02
1.772124992344678227e-02
1.772343674021719870e-02
1.772562353993744483e-02
1.772781032260986253e-02
1.772999708823679021e-02
1.773218383682067384e-02
1.773437056836386222e-02
1.773655728286868336e-02
1.773874398033750341e-02
1.774093066077271977e-02
1.774311732417671247e-02
1.774530397055181646e-02
1.774749059990034586e-02
1.774967721222478825e-02
1.775186380752740226e-02
1.775405038581055750e-02
1.775623694707665831e-02
1.775842349132803963e-02
1.776061001856708149e-02
1.776279652879613619e-02
1.776498302201753518e-02
1.776716949823367933e-02
1.776935595744685500e-02
1.777154239965951857e-02
1.777372882487395292e-02
1.777591523309250340e-02
1.777810162431760557e-02
1.778028799855151804e-02
1.778247435579667982e-02
1.778466069605535993e-02
1.778684701932996964e-02
1.778903332562285777e-02
1.779121961493631762e-02
1.779340588727280556e-02
1.779559214263459754e-02
1.779777838102402851e-02
1.779996460244347156e-02
1.780215080689530327e-02
1.780433699438178918e-02
1.780652316490536138e-02
1.780870931846834787e-02
1.781089545507308011e-02
1.781308157472186182e-02
1.781526767741709733e-02
1.781745376316114238e-02
1.781963983195624518e-02
1.782182588380484128e-02
1.782401191870926216e-02
1.782619793667178029e-02
1.782838393769483817e-02
1.783056992178064931e-02
1.783275588893166660e-02
1.783494183915017989e-02
1.783712777243849634e-02
1.783931368879903070e-02
1.784149958823406240e-02
1.784368547074594025e-02
1.784587133633699571e-02
1.784805718500954985e-02
1.785024301676599659e-02
1.785242883160856678e-02
1.785461462953970638e-02
1.785680041056167053e-02
1.785898617467682886e-02
1.786117192188748509e-02
1.786335765219599497e-02
1.786554336560464834e-02
1.786772906211580789e-02
1.786991474173180508e-02
1.787210040445495404e-02
1.787428605028757930e-02
1.787647167923200192e-02
1.787865729129056030e-02
1.788084288646559633e-02
1.788302846475939636e-02
1.788521402617430228e-02
1.788739957071264208e-02
1.788958509837677152e-02
1.789177060916893880e-02
1.789395610309146151e-02
1.789614158014678560e-02
1.789832704033705868e-02
1.790051248366475098e-02
1.790269791013208989e-02
1.790488331974145197e-02
1.790706871249511320e-02
1.790925408839537727e-02
1.791143944744459995e-02
1.791362478964511618e-02
1.791581011499914985e-02
1.791799542350912960e-02
1.792018071517726199e-02
1.792236599000596523e-02
1.792455124799743893e-02
1.792673648915409437e-02
1.792892171347820751e-02
1.793110692097205430e-02
1.793329211163799744e-02
1.793547728547831982e-02
1.793766244249533903e-02
1.793984758269134491e-02
1.794203270606869322e-02
1.794421781262960092e-02
1.794640290237647581e-02
1.794858797531159039e-02
1.795077303143720673e-02
1.795295807075568406e-02
1.795514309326930874e-02
1.795732809898036367e-02
1.795951308789118031e-02
1.796169806000404850e-02
1.796388301532125115e-02
1.796606795384512317e-02
1.796825287557794401e-02
1.797043778052204513e-02
1.797262266867967126e-02
1.797480754005313999e-02
1.797699239464480361e-02
1.797917723245686175e-02
1.798136205349169098e-02
1.798354685775155337e-02
1.798573164523875959e-02
1.798791641595560639e-02
1.799010116990434893e-02
1.799228590708735684e-02
1.799447062750682974e-02
1.799665533116514421e-02
1.799884001806451722e-02
1.800102468820732535e-02
1.800320934159580291e-02
1.800539397823221199e-02
1.800757859811891529e-02
1.800976320125811242e-02
1.801194778765220425e-02
1.801413235730338000e-02
1.801631691021398154e-02
1.801850144638629178e-02
1.802068596582258667e-02
1.802287046852511440e-02
1.802505495449621339e-02
1.802723942373815960e-02
1.802942387625321510e-02
1.803160831204366973e-02
1.803379273111179945e-02
1.803597713345991144e-02
1.803816151909026777e-02
1.804034588800513053e-02
1.804253024020680343e-02
1.804471457569756590e-02
1.804689889447968695e-02
1.804908319655545990e-02
1.805126748192714334e-02
1.805345175059704446e-02
1.805563600256738718e-02
1.805782023784049256e-02
1.806000445641862615e-02
1.806218865830404655e-02
1.806437284349904707e-02
1.806655701200589326e-02
1.806874116382685067e-02
1.807092529896419872e-02
1.807310941742020297e-02
1.807529351919711161e-02
1.807747760429725264e-02
1.807966167272286387e-02
1.808184572447620736e-02
1.808402975955950356e-02
1.808621377797514987e-02
1.808839777972531468e-02
1.809058176481227048e-02
1.809276573323830364e-02
1.809494968500565890e-02
1.809713362011667465e-02
1.809931753857350542e-02
1.810150144037850697e-02
1.810368532553385812e-02
1.810586919404190420e-02
1.810805304590485873e-02
1.811023688112496643e-02
1.811242069970455532e-02
1.811460450164582153e-02
1.811678828695105492e-02
1.811897205562247246e-02
1.812115580766239173e-02
1.812333954307305400e-02
1.812552326185670401e-02
1.812770696401557260e-02
1.812989064955199472e-02
1.813207431846813530e-02
1.813425797076629112e-02
1.813644160644869996e-02
1.813862522551765860e-02
1.814080882797538402e-02
1.814299241382410360e-02
1.814517598306613841e-02
1.814735953570363602e-02
1.814954307173897302e-02
1.815172659117434209e-02
1.815391009401196021e-02
1.815609358025409639e-02
1.815827704990303354e-02
1.816046050296095393e-02
1.816264393943018557e-02
1.816482735931290726e-02
1.816701076261134987e-02
1.816919414932785179e-02
1.817137751946458490e-02
1.817356087302381823e-02
1.817574421000776874e-02
1.817792753041869158e-02
1.818011083425886965e-02
1.818229412153049215e-02
1.818447739223577261e-02
1.818666064637705290e-02
1.818884388395649102e-02
1.819102710497638720e-02
1.819321030943892720e-02
1.819539349734632799e-02
1.819757666870089677e-02
1.819975982350484703e-02
1.820194296176036799e-02
1.820412608346977032e-02
1.820630918863523628e-02
1.820849227725901062e-02
1.821067534934335541e-02
1.821285840489044947e-02
1.821504144390261384e-02
1.821722446638197532e-02
1.821940747233081678e-02
1.822159046175138297e-02
1.822377343464590821e-02
1.822595639101656784e-02
1.822813933086564128e-02
1.823032225419529001e-02
1.823250516100784202e-02
1.823468805130548653e-02
1.823687092509043359e-02
1.823905378236491057e-02
1.824123662313114486e-02
1.824341944739137772e-02
1.824560225514779144e-02
1.824778504640265503e-02
1.824996782115820629e-02
1.825215057941659974e-02
1.825433332118009400e-02
1.825651604645092685e-02
1.825869875523131181e-02
1.826088144752345196e-02
1.826306412332956083e-02
1.826524678265190743e-02
1.826742942549266363e-02
1.826961205185408804e-02
1.827179466173835948e-02
1.827397725514768798e-02
1.827615983208430439e-02
1.827834239255043611e-02
1.828052493654832092e-02
1.828270746408010294e-02
1.828488997514806855e-02
1.828707246975435144e-02
1.828925494790129350e-02
1.829143740959095210e-02
1.829361985482565872e-02
1.829580228360755054e-02
1.829798469593890003e-02
1.830016709182185480e-02
1.830234947125866651e-02
1.830453183425153479e-02
1.830671418080263152e-02
1.830889651091424999e-02
1.831107882458849964e-02
1.831326112182766336e-02
1.831544340263389220e-02
1.831762566700947253e-02
1.831980791495649644e-02
1.832199014647722599e-02
1.832417236157386775e-02
1.832635456024862136e-02
1.832853674250367951e-02
1.833071890834130774e-02
1.833290105776359813e-02
1.833508319077280582e-02
1.833726530737112351e-02
1.833944740756076122e-02
1.834162949134394982e-02
1.834381155872283342e-02
1.834599360969961165e-02
1.834817564427651190e-02
1.835035766245572686e-02
1.835253966423943534e-02
1.835472164962983696e-02
1.835690361862913136e-02
1.835908557123955981e-02
1.836126750746319702e-02
1.836344942730236060e-02
1.836563133075919466e-02
1.836781321783588147e-02
1.836999508853461374e-02
1.837217694285758415e-02
1.837435878080698540e-02
1.837654060238501363e-02
1.837872240759388931e-02
1.838090419643571838e-02
1.838308596891276639e-02
1.838526772502716011e-02
1.838744946478115816e-02
1.838963118817687342e-02
1.839181289521655063e-02
1.839399458590232697e-02
1.839617626023646452e-02
1.839835791822102759e-02
1.840053955985831990e-02
1.840272118515043354e-02
1.840490279409959587e-02
1.840708438670799613e-02
1.840926596297780618e-02
1.841144752291118403e-02
1.841362906651031195e-02
1.841581059377742427e-02
1.841799210471464429e-02
1.842017359932417164e-02
1.842235507760815391e-02
1.842453653956884277e-02
1.842671798520833723e-02
1.842889941452884386e-02
1.843108082753254842e-02
1.843326222422162278e-02
1.843544360459823880e-02
1.843762496866456144e-02
1.843980631642272092e-02
1.844198764787499667e-02
1.844416896302350506e-02
1.844635026187039714e-02
1.844853154441786561e-02
1.845071281066806151e-02
1.845289406062320531e-02
1.845507529428539600e-02
1.845725651165689221e-02
1.845943771273976172e-02
1.846161889753625621e-02
1.846380006604848509e-02
1.846598121827866881e-02
1.846816235422889946e-02
1.847034347390143216e-02
1.847252457729834513e-02
1.847470566442186227e-02
1.847688673527414852e-02
1.847906778985732718e-02
1.848124882817358053e-02
1.848342985022506310e-02
1.848561085601397452e-02
1.848779184554242075e-02
1.848997281881261529e-02
1.849215377582666409e-02
1.849433471658678066e-02
1.849651564109508137e-02
1.849869654935375543e-02
1.850087744136494697e-02
1.850305831713079316e-02
1.850523917665346935e-02
1.850742001993514740e-02
1.850960084697798533e-02
1.851178165778407519e-02
1.851396245235564439e-02
1.851614323069480927e-02
1.851832399280374172e-02
1.852050473868460667e-02
1.852268546833954130e-02
1.852486618177064462e-02
1.852704687898017524e-02
1.852922755997016974e-02
1.853140822474284161e-02
1.853358887330033150e-02
1.853576950564481823e-02
1.853795012177843204e-02
1.854013072170326848e-02
1.854231130542152717e-02
1.854449187293532447e-02
1.854667242424686002e-02
1.854885295935824671e-02
1.855103347827162172e-02
1.855321398098909100e-02
1.855539446751288887e-02
1.855757493784511089e-02
1.855975539198788382e-02
1.856193582994340383e-02
1.856411625171371788e-02
1.856629665730107764e-02
1.856847704670753357e-02
1.857065741993532346e-02
1.857283777698648733e-02
1.857501811786319360e-02
1.857719844256763148e-02
1.857937875110189305e-02
1.858155904346805998e-02
1.858373931966839088e-02
1.858591957970495354e-02
1.858809982357991289e-02
1.859028005129536448e-02
1.859246026285348713e-02
1.859464045825633474e-02
1.859682063750611389e-02
1.859900080060498256e-02
1.860118094755500162e-02
1.860336107835833599e-02
1.860554119301709164e-02
1.860772129153344390e-02
1.860990137390951607e-02
1.861208144014737942e-02
1.861426149024922663e-02
1.861644152421718101e-02
1.861862154205334505e-02
1.862080154375984897e-02
1.862298152933885426e-02
1.862516149879245297e-02
1.862734145212273026e-02
1.862952138933191351e-02
1.863170131042202887e-02
1.863388121539530026e-02
1.863606110425376772e-02
1.863824097699955107e-02
1.864042083363485688e-02
1.864260067416174255e-02
1.864478049858231748e-02
1.864696030689873968e-02
1.864914009911316714e-02
1.865131987522759480e-02
1.865349963524426044e-02
1.865567937916523880e-02
1.865785910699263930e-02
1.866003881872858525e-02
1.866221851437521034e-02
1.866439819393460320e-02
1.866657785740890793e-02
1.866875750480023743e-02
1.867093713611067685e-02
1.867311675134235294e-02
1.867529635049742023e-02
1.867747593357793612e-02
1.867965550058605512e-02
1.868183505152386931e-02
1.868401458639350199e-02
1.868619410519700708e-02
1.868837360793660501e-02
1.869055309461430808e-02
1.869273256523226734e-02
1.869491201979261649e-02
1.869709145829740252e-02
1.869927088074875218e-02
1.870145028714884083e-02
1.870362967749967728e-02
1.870580905180341952e-02
1.870798841006216656e-02
1.871016775227800702e-02
1.871234707845308501e-02
1.871452638858949608e-02
1.871670568268930454e-02
1.871888496075465105e-02
1.872106422278762769e-02
1.872324346879031265e-02
1.872542269876482576e-02
1.872760191271331462e-02
1.872978111063778456e-02
1.873196029254043174e-02
1.873413945842327885e-02
1.873631860828848736e-02
1.873849774213809036e-02
1.874067685997421462e-02
1.874285596179900426e-02
1.874503504761449585e-02
1.874721411742283003e-02
1.874939317122607460e-02
1.875157220902628000e-02
1.875375123082563197e-02
1.875593023662618444e-02
1.875810922642998438e-02
1.876028820023921406e-02
1.876246715805590659e-02
1.876464609988216445e-02
1.876682502572011094e-02
1.876900393557176874e-02
1.877118282943930280e-02
1.877336170732470458e-02
1.877554056923020492e-02
1.877771941515776408e-02
1.877989824510956779e-02
1.878207705908760752e-02
1.878425585709404474e-02
1.878643463913091602e-02
1.878861340520036546e-02
1.879079215530446087e-02
1.879297088944523186e-02
1.879514960762478093e-02
1.879732830984529035e-02
1.879950699610872036e-02
1.880168566641721162e-02
1.880386432077284925e-02
1.880604295917767677e-02
1.880822158163383481e-02
1.881040018814335996e-02
1.881257877870833040e-02
1.881475735333083474e-02
1.881693591201297200e-02
1.881911445475678568e-02
1.882129298156438868e-02
1.882347149243784185e-02
1.882564998737926154e-02
1.882782846639061147e-02
1.883000692947411556e-02
1.883218537663172362e-02
1.883436380786561448e-02
1.883654222317774837e-02
1.883872062257033186e-02
1.884089900604529050e-02
1.884307737360485166e-02
1.884525572525096518e-02
1.884743406098580293e-02
1.884961238081132515e-02
1.885179068472972105e-02
1.885396897274293701e-02
1.885614724485316918e-02
1.885832550106238473e-02
1.886050374137267921e-02
1.886268196578614817e-02
1.886486017430488021e-02
1.886703836693088415e-02
1.886921654366624165e-02
1.887139470451305173e-02
1.887357284947333014e-02
1.887575097854920364e-02
1.887792909174263248e-02
1.888010718905581281e-02
1.888228527049071875e-02
1.888446333604943891e-02
1.888664138573406884e-02
1.888881941954657570e-02
1.889099743748911056e-02
1.889317543956375856e-02
1.889535342577246604e-02
1.889753139611737714e-02
1.889970935060051802e-02
1.890188728922396338e-02
1.890406521198976370e-02
1.890624311889999368e-02
1.890842100995671765e-02
1.891059888516190973e-02
1.891277674451772445e-02
1.891495458802620183e-02
1.891713241568933682e-02
1.891931022750924576e-02
1.892148802348798259e-02
1.892366580362754569e-02
1.892584356793003755e-02
1.892802131639747046e-02
1.893019904903194342e-02
1.893237676583548607e-02
1.893455446681016618e-02
1.893673215195797177e-02
1.893890982128104347e-02
1.894108747478134500e-02
1.894326511246098924e-02
1.894544273432199888e-02
1.894762034036645212e-02
1.894979793059631962e-02
1.895197550501373507e-02
1.895415306362067259e-02
1.895633060641924855e-02
1.895850813341145788e-02
1.896068564459935102e-02
1.896286313998502004e-02
1.896504061957043213e-02
1.896721808335770365e-02
1.896939553134884687e-02
1.897157296354583939e-02
1.897375037995082878e-02
1.897592778056582039e-02
1.897810516539281608e-02
1.898028253443391836e-02
1.898245988769109438e-02
1.898463722516647093e-02
1.898681454686199088e-02
1.898899185277975674e-02
1.899116914292179811e-02
1.899334641729015158e-02
1.899552367588683288e-02
1.899770091871392369e-02
1.899987814577342587e-02
1.900205535706731008e-02
1.900423255259778288e-02
1.900640973236669348e-02
1.900858689637620336e-02
1.901076404462825539e-02
1.901294117712493473e-02
1.901511829386828487e-02
1.901729539486032503e-02
1.901947248010303279e-02
1.902164954959852106e-02
1.902382660334878128e-02
1.902600364135583269e-02
1.902818066362171878e-02
1.903035767014846918e-02
1.903253466093807883e-02
1.903471163599261898e-02
1.903688859531410538e-02
1.903906553890457112e-02
1.904124246676603890e-02
1.904341937890049671e-02
1.904559627531003316e-02
1.904777315599663623e-02
1.904995002096233903e-02
1.905212687020912607e-02
1.905430370373906168e-02
1.905648052155419631e-02
1.905865732365646936e-02
1.906083411004796599e-02
1.906301088073067765e-02
1.906518763570667907e-02
1.906736437497791661e-02
1.906954109854643725e-02
1.907171780641426367e-02
1.907389449858342551e-02
1.907607117505595237e-02
1.907824783583381145e-02
1.908042448091906013e-02
1.908260111031367945e-02
1.908477772401974762e-02
1.908695432203918671e-02
1.908913090437409921e-02
1.909130747102645576e-02
1.909348402199827557e-02
1.909566055729160911e-02
1.909783707690840965e-02
1.910001358085074152e-02
1.910219006912058579e-02
1.910436654171993043e-02
1.910654299865083283e-02
1.910871943991528099e-02
1.911089586551529759e-02
1.911307227545287410e-02
1.911524866973005055e-02
1.911742504834877329e-02
1.911960141131112748e-02
1.912177775861906986e-02
1.912395409027463355e-02
1.912613040627980654e-02
1.912830670663661498e-02
1.913048299134699828e-02
1.913265926041305895e-02
1.913483551383674333e-02
1.913701175162008453e-02
1.913918797376503930e-02
1.914136418027365463e-02
1.914354037114795321e-02
1.914571654638988485e-02
1.914789270600143409e-02
1.915006884998465483e-02
1.915224497834152467e-02
1.915442109107406629e-02
1.915659718818428156e-02
1.915877326967406827e-02
1.916094933554558094e-02
1.916312538580069308e-02
1.916530142044150717e-02
1.916747743946991059e-02
1.916965344288797113e-02
1.917182943069765944e-02
1.917400540290099126e-02
1.917618135949994071e-02
1.917835730049651313e-02
1.918053322589268958e-02
1.918270913569047886e-02
1.918488502989187591e-02
1.918706090849883403e-02
1.918923677151338977e-02
1.919141261893754155e-02
1.919358845077326001e-02
1.919576426702250538e-02
1.919794006768729688e-02
1.920011585276967803e-02
1.920229162227150496e-02
1.920446737619492181e-02
1.920664311454178819e-02
1.920881883731415454e-02
1.921099454451404356e-02
1.921317023614332528e-02
1.921534591220407096e-02
1.921752157269827899e-02
1.921969721762790961e-02
1.922187284699494042e-02
1.922404846080135246e-02
1.922622405904912332e-02
1.922839964174024793e-02
1.923057520887674204e-02
1.923275076046052426e-02
1.923492629649360686e-02
1.923710181697799171e-02
1.923927732191560783e-02
1.924145281130847096e-02
1.924362828515858992e-02
1.924580374346787984e-02
1.924797918623834952e-02
1.925015461347203555e-02
1.925233002517081488e-02
1.925450542133669979e-02
1.925668080197166093e-02
1.925885616707771752e-02
1.926103151665681246e-02
1.926320685071086780e-02
1.926538216924200686e-02
1.926755747225203375e-02
1.926973275974304053e-02
1.927190803171699440e-02
1.927408328817577232e-02
1.927625852912144208e-02
1.927843375455591882e-02
1.928060896448121481e-02
1.928278415889927294e-02
1.928495933781208121e-02
1.928713450122162068e-02
1.928930964912978566e-02
1.929148478153863006e-02
1.929365989845010718e-02
1.929583499986614603e-02
1.929801008578879706e-02
1.930018515621991296e-02
1.930236021116151987e-02
1.930453525061558151e-02
1.930671027458409281e-02
1.930888528306895849e-02
1.931106027607222900e-02
1.931323525359573273e-02
1.931541021564157912e-02
1.931758516221161737e-02
1.931976009330789099e-02
1.932193500893227348e-02
1.932410990908685344e-02
1.932628479377345582e-02
1.932845966299412757e-02
1.933063451675085323e-02
1.933280935504549589e-02
1.933498417788008170e-02
1.933715898525657090e-02
1.933933377717687516e-02
1.934150855364299287e-02
1.934368331465688429e-02
1.934585806022045065e-02
1.934803279033571119e-02
1.935020750500459838e-02
1.935238220422908981e-02
1.935455688801109020e-02
1.935673155635260836e-02
1.935890620925557679e-02
1.936108084672188978e-02
1.936325546875358738e-02
1.936543007535259514e-02
1.936760466652087329e-02
1.936977924226038206e-02
1.937195380257299496e-02
1.937412834746072079e-02
1.937630287692555797e-02
1.937847739096935570e-02
1.938065188959410892e-02
1.938282637280181950e-02
1.938500084059435052e-02
1.938717529297368306e-02
1.938934972994178774e-02
1.939152415150056583e-02
1.939369855765201225e-02
1.939587294839803522e-02
1.939804732374056373e-02
1.940022168368161354e-02
1.940239602822306508e-02
1.940457035736689248e-02
1.940674467111504209e-02
1.940891896946944639e-02
1.941109325243205869e-02
1.941326752000476982e-02
1.941544177218956779e-02
1.941761600898839202e-02
1.941979023040318192e-02
1.942196443643587692e-02
1.942413862708842337e-02
1.942631280236273641e-02
1.942848696226072772e-02
1.943066110678443731e-02
1.943283523593573175e-02
1.943500934971655048e-02
1.943718344812880514e-02
1.943935753117452189e-02
1.944153159885557078e-02
1.944370565117384611e-02
1.944587968813136364e-02
1.944805370973003503e-02
1.945022771597173378e-02
1.945240170685851033e-02
1.945457568239221044e-02
1.945674964257480474e-02
1.945892358740816674e-02
1.946109751689430872e-02
1.946327143103510071e-02
1.946544532983251335e-02
1.946761921328843403e-02
1.946979308140482992e-02
1.947196693418363350e-02
1.947414077162675297e-02
1.947631459373610346e-02
1.947848840051360705e-02
1.948066219196127949e-02
1.948283596808091447e-02
1.948500972887454857e-02
1.948718347434405529e-02
1.948935720449137057e-02
1.949153091931838874e-02
1.949370461882711514e-02
1.949587830301940591e-02
1.949805197189717967e-02
1.950022562546240706e-02
1.950239926371697546e-02
1.950457288666283123e-02
1.950674649430184093e-02
1.950892008663600991e-02
1.951109366366719083e-02
1.951326722539733702e-02
1.951544077182836012e-02
1.951761430296216834e-02
1.951978781880070110e-02
1.952196131934586659e-02
1.952413480459956607e-02
1.952630827456373550e-02
1.952848172924032816e-02
1.953065516863118981e-02
1.953282859273825639e-02
1.953500200156344999e-02
1.953717539510873083e-02
1.953934877337594467e-02
1.954152213636703092e-02
1.954369548408394289e-02
1.954586881652852631e-02
1.954804213370275184e-02
1.955021543560852074e-02
1.955238872224767180e-02
1.955456199362219996e-02
1.955673524973399260e-02
1.955890849058497180e-02
1.956108171617701799e-02
1.956325492651204284e-02
1.956542812159200312e-02
1.956760130141873763e-02
1.956977446599419967e-02
1.957194761532031133e-02
1.957412074939891833e-02
1.957629386823202602e-02
1.957846697182142118e-02
1.958064006016907790e-02
1.958281313327691828e-02
1.958498619114679151e-02
1.958715923378065785e-02
1.958933226118039078e-02
1.959150527334787076e-02
1.959367827028505454e-02
1.959585125199380176e-02
1.959802421847602755e-02
1.960019716973367132e-02
1.960237010576854066e-02
1.960454302658261316e-02
1.960671593217779007e-02
1.960888882255596918e-02
1.961106169771899277e-02
1.961323455766884188e-02
1.961540740240732064e-02
1.961758023193638928e-02
1.961975304625796640e-02
1.962192584537388040e-02
1.962409862928607418e-02
1.962627139799647674e-02
1.962844415150687832e-02
1.963061688981925651e-02
1.963278961293552644e-02
1.963496232085750262e-02
1.963713501358714184e-02
1.963930769112631758e-02
1.964148035347687560e-02
1.964365300064078307e-02
1.964582563261988574e-02
1.964799824941613690e-02
1.965017085103130251e-02
1.965234343746741566e-02
1.965451600872629434e-02
1.965668856480981552e-02
1.965886110571988046e-02
1.966103363145844246e-02
1.966320614202726400e-02
1.966537863742837469e-02
1.966755111766353703e-02
1.966972358273471472e-02
1.967189603264375350e-02
1.967406846739254422e-02
1.967624088698301243e-02
1.967841329141699694e-02
1.968058568069644410e-02
1.968275805482317189e-02
1.968493041379903996e-02
1.968710275762603282e-02
1.968927508630597192e-02
1.969144739984075854e-02
1.969361969823220371e-02
1.969579198148231972e-02
1.969796424959290373e-02
1.970013650256581192e-02
1.970230874040299410e-02
1.970448096310628214e-02
1.970665317067757036e-02
1.970882536311874267e-02
1.971099754043164828e-02
1.971316970261826132e-02
1.971534184968033732e-02
1.971751398161975324e-02
1.971968609843851791e-02
1.972185820013837299e-02
1.972403028672128217e-02
1.972620235818905304e-02
1.972837441454358687e-02
1.973054645578677102e-02
1.973271848192049982e-02
1.973489049294658779e-02
1.973706248886696393e-02
1.973923446968342543e-02
1.974140643539793946e-02
1.974357838601232748e-02
1.974575032152840748e-02
1.974792224194816051e-02
1.975009414727339069e-02
1.975226603750599580e-02
1.975443791264778690e-02
1.975660977270068605e-02
1.975878161766656677e-02
1.976095344754730601e-02
1.976312526234467667e-02
1.976529706206068410e-02
1.976746884669708035e-02
1.976964061625578056e-02
1.977181237073867212e-02
1.977398411014757995e-02
1.977615583448439143e-02
1.977832754375094537e-02
1.978049923794911527e-02
1.978267091708080239e-02
1.978484258114785246e-02
1.978701423015209390e-02
1.978918586409541755e-02
1.979135748297962058e-02
1.979352908680671180e-02
1.979570067557842247e-02
1.979787224929665038e-02
1.980004380796322391e-02
1.980221535158005128e-02
1.980438688014903026e-02
1.980655839367191640e-02
1.980872989215064564e-02
1.981090137558702904e-02
1.981307284398291582e-02
1.981524429734021417e-02
1.981741573566075942e-02
1.981958715894637652e-02
1.982175856719896670e-02
1.982392996042034450e-02
1.982610133861240770e-02
1.982827270177699164e-02
1.983044404991591778e-02
1.983261538303109084e-02
1.983478670112432882e-02
1.983695800419749133e-02
1.983912929225244842e-02
1.984130056529102501e-02
1.984347182331508072e-02
1.984564306632647171e-02
1.984781429432703678e-02
1.984998550731863556e-02
1.985215670530314849e-02
1.985432788828235193e-02
1.985649905625814018e-02
1.985867020923235554e-02
1.986084134720682987e-02
1.986301247018345401e-02
1.986518357816402860e-02
1.986735467115044451e-02
1.986952574914449890e-02
1.987169681214806180e-02
1.987386786016297202e-02
1.987603889319109612e-02
1.987820991123421047e-02
1.988038091429422324e-02
1.988255190237295245e-02
1.988472287547224382e-02
1.988689383359397433e-02
1.988906477673994463e-02
1.989123570491198312e-02
1.989340661811196675e-02
1.989557751634171701e-02
1.989774839960308309e-02
1.989991926789793503e-02
1.990209012122799367e-02
1.990426095959525396e-02
1.990643178300145755e-02
1.990860259144845365e-02
1.991077338493809842e-02
1.991294416347225843e-02
1.991511492705267186e-02
1.991728567568129896e-02
1.991945640935988485e-02
1.992162712809029956e-02
1.992379783187433681e-02
1.992596852071391172e-02
1.992813919461077637e-02
1.993030985356679385e-02
1.993248049758382726e-02
1.993465112666365294e-02
1.993682174080816175e-02
1.993899234001915780e-02
1.994116292429845907e-02
1.994333349364788011e-02
1.994550404806932561e-02
1.994767458756459277e-02
1.994984511213546835e-02
1.995201562178377380e-02
1.995418611651142080e-02
1.995635659632018569e-02
1.995852706121193504e-02
1.996069751118837929e-02
1.996286794625150296e-02
1.996503836640301302e-02
1.996720877164480379e-02
1.996937916197865509e-02
1.997154953740644737e-02
1.997371989792997432e-02
1.997589024355102272e-02
1.997806057427144524e-02
1.998023089009309805e-02
1.998240119101778178e-02
1.998457147704733872e-02
1.998674174818352092e-02
1.998891200442818455e-02
1.999108224578317536e-02
1.999325247225035296e-02
1.999542268383141044e-02
1.999759288052828723e-02
1.999976306234273540e-02
2.000193322927661110e-02
2.000410338133170804e-02
2.000627351850986849e-02
2.000844364081286533e-02
2.001061374824257902e-02
2.001278384080078243e-02
2.001495391848929009e-02
2.001712398130996856e-02
2.001929402926458032e-02
2.002146406235492948e-02
2.002363408058289648e-02
2.002580408395023340e-02
2.002797407245876862e-02
2.003014404611033750e-02
2.003231400490675107e-02
2.003448394884975794e-02
2.003665387794127326e-02
2.003882379218306642e-02
2.004099369157689298e-02
2.004316357612465765e-02
2.004533344582812293e-02
2.004750330068907904e-02
2.004967314070934051e-02
2.005184296589075654e-02
2.005401277623509657e-02
2.005618257174421673e-02
2.005835235241984482e-02
2.006052211826386822e-02
2.006269186927806328e-02
2.006486160546423064e-02
2.006703132682413973e-02
2.006920103335967445e-02
2.007137072507261810e-02
2.007354040196471581e-02
2.007571006403784455e-02
2.007787971129376681e-02
2.008004934373430750e-02
2.008221896136123952e-02
2.008438856417641555e-02
2.008655815218158766e-02
2.008872772537861201e-02
2.009089728376919903e-02
2.009306682735526386e-02
2.009523635613852041e-02
2.009740587012081095e-02
2.009957536930391878e-02
2.010174485368962025e-02
2.010391432327980274e-02
2.010608377807617669e-02
2.010825321808054969e-02
2.011042264329474666e-02
2.011259205372055436e-02
2.011476144935980467e-02
2.011693083021420109e-02
2.011910019628562751e-02
2.012126954757580133e-02
2.012343888408662726e-02
2.012560820581982962e-02
2.012777751277717783e-02
2.012994680496054192e-02
2.013211608237163580e-02
2.013428534501232950e-02
2.013645459288432998e-02
2.013862382598949688e-02
2.014079304432957879e-02
2.014296224790644574e-02
2.014513143672173531e-02
2.014730061077739734e-02
2.014946977007515960e-02
2.015163891461679152e-02
2.015380804440406598e-02
2.015597715943884954e-02
2.015814625972288388e-02
2.016031534525794880e-02
2.016248441604585537e-02
2.016465347208837647e-02
2.016682251338726764e-02
2.016899153994437463e-02
2.017116055176144951e-02
2.017332954884030680e-02
2.017549853118267428e-02
2.017766749879038382e-02
2.017983645166520831e-02
2.018200538980890330e-02
2.018417431322328676e-02
2.018634322191016281e-02
2.018851211587125577e-02
2.019068099510838016e-02
2.019284985962332621e-02
2.019501870941783558e-02
2.019718754449375403e-02
2.019935636485279545e-02
2.020152517049675356e-02
2.020369396142738735e-02
2.020586273764657381e-02
2.020803149915600602e-02
2.021020024595747422e-02
2.021236897805282068e-02
2.021453769544370033e-02
2.021670639813196585e-02
2.021887508611939360e-02
2.022104375940776341e-02
2.022321241799883082e-02
2.022538106189439647e-02
2.022754969109616038e-02
2.022971830560600648e-02
2.023188690542566948e-02
2.023405549055687369e-02
2.023622406100144058e-02
2.023839261676112916e-02
2.024056115783770191e-02
2.024272968423294211e-02
2.024489819594866777e-02
2.024706669298652686e-02
2.024923517534843800e-02
2.025140364303607346e-02
2.025357209605122347e-02
2.025574053439565744e-02
2.025790895807114481e-02
2.026007736707948620e-02
2.026224576142243369e-02
2.026441414110171160e-02
2.026658250611913445e-02
2.026875085647644389e-02
2.027091919217542323e-02
2.027308751321782454e-02
2.027525581960545539e-02
2.027742411134001582e-02
2.027959238842333423e-02
2.028176065085710369e-02
2.028392889864316304e-02
2.028609713178327126e-02
2.028826535027910757e-02
2.029043355413245528e-02
2.029260174334518094e-02
2.029476991791893947e-02
2.029693807785558704e-02
2.029910622315675775e-02
2.030127435382430082e-02
2.030344246985993362e-02
2.030561057126549496e-02
2.030777865804267446e-02
2.030994673019322072e-02
2.031211478771892398e-02
2.031428283062151549e-02
2.031645085890280283e-02
2.031861887256451032e-02
2.032078687160843514e-02
2.032295485603622179e-02
2.032512282584975766e-02
2.032729078105071502e-02
2.032945872164089798e-02
2.033162664762205862e-02
2.033379455899591778e-02
2.033596245576423447e-02
2.033813033792877464e-02
2.034029820549126608e-02
2.034246605845353370e-02
2.034463389681727061e-02
2.034680172058424275e-02
2.034896952975614320e-02
2.035113732433487671e-02
2.035330510432203227e-02
2.035547286971943828e-02
2.035764062052886070e-02
2.035980835675199260e-02
2.036197607839059301e-02
2.036414378544648685e-02
2.036631147792132210e-02
2.036847915581690288e-02
2.037064681913500208e-02
2.037281446787725381e-02
2.037498210204551075e-02
2.037714972164149027e-02
2.037931732666695139e-02
2.038148491712362884e-02
2.038365249301324345e-02
2.038582005433757505e-02
2.038798760109835143e-02
2.039015513329730384e-02
2.039232265093619129e-02
2.039449015401677279e-02
2.039665764254078653e-02
2.039882511650990826e-02
2.040099257592598719e-02
2.040316002079069907e-02
2.040532745110580290e-02
2.040749486687300565e-02
2.040966226809413572e-02
2.041182965477079600e-02
2.041399702690486692e-02
2.041616438449799648e-02
2.041833172755196449e-02
2.042049905606851956e-02
2.042266637004933050e-02
2.042483366949619447e-02
2.042700095441086008e-02
2.042916822479504818e-02
2.043133548065044491e-02
2.043350272197883011e-02
2.043566994878192114e-02
2.043783716106152559e-02
2.044000435881926717e-02
2.044217154205698467e-02
2.044433871077632262e-02
2.044650586497906430e-02
2.044867300466693405e-02
2.045084012984165270e-02
2.045300724050500701e-02
2.045517433665864845e-02
2.045734141830434644e-02
2.045950848544379405e-02
2.046167553807884398e-02
2.046384257621101932e-02
2.046600959984223519e-02
2.046817660897417082e-02
2.047034360360853317e-02
2.047251058374706043e-02
2.047467754939146997e-02
2.047684450054350000e-02
2.047901143720487829e-02
2.048117835937734652e-02
2.048334526706259429e-02
2.048551216026237021e-02
2.048767903897841941e-02
2.048984590321240376e-02
2.049201275296616553e-02
2.049417958824127292e-02
2.049634640903958901e-02
2.049851321536273405e-02
2.050068000721250172e-02
2.050284678459060247e-02
2.050501354749874675e-02
2.050718029593863456e-02
2.050934702991203534e-02
2.051151374942064218e-02
2.051368045446617244e-02
2.051584714505035392e-02
2.051801382117490746e-02
2.052018048284159554e-02
2.052234713005203492e-02
2.052451376280807829e-02
2.052668038111129384e-02
2.052884698496350302e-02
2.053101357436640587e-02
2.053318014932171628e-02
2.053534670983114471e-02
2.053751325589640853e-02
2.053967978751921816e-02
2.054184630470131875e-02
2.054401280744436176e-02
2.054617929575012700e-02
2.054834576962035614e-02
2.055051222905665900e-02
2.055267867406081889e-02
2.055484510463453235e-02
2.055701152077952024e-02
2.055917792249746523e-02
2.056134430979013675e-02
2.056351068265920012e-02
2.056567704110639355e-02
2.056784338513343094e-02
2.057000971474200191e-02
2.057217602993381342e-02
2.057434233071058632e-02
2.057650861707402065e-02
2.057867488902583725e-02
2.058084114656775002e-02
2.058300738970144858e-02
2.058517361842864338e-02
2.058733983275107260e-02
2.058950603267044321e-02
2.059167221818840668e-02
2.059383838930671506e-02
2.059600454602703024e-02
2.059817068835111467e-02
2.060033681628066493e-02
2.060250292981737757e-02
2.060466902896292835e-02
2.060683511371904156e-02
2.060900118408741724e-02
2.061116724006978665e-02
2.061333328166778389e-02
2.061549930888317839e-02
2.061766532171767710e-02
2.061983132017291415e-02
2.062199730425067629e-02
2.062416327395258722e-02
2.062632922928039556e-02
2.062849517023578050e-02
2.063066109682043514e-02
2.063282700903611502e-02
2.063499290688442997e-02
2.063715879036713205e-02
2.063932465948592476e-02
2.064149051424250120e-02
2.064365635463853016e-02
2.064582218067573249e-02
2.064798799235584639e-02
2.065015378968042617e-02
2.065231957265134533e-02
2.065448534127019634e-02
2.065665109553870352e-02
2.065881683545851139e-02
2.066098256103144487e-02
2.066314827225905482e-02
2.066531396914308288e-02
2.066747965168524645e-02
2.066964531988721085e-02
2.067181097375067264e-02
2.067397661327732838e-02
2.067614223846891627e-02
2.067830784932702531e-02
2.068047344585341799e-02
2.068263902804978738e-02
2.068480459591781964e-02
2.068697014945915930e-02
2.068913568867554800e-02
2.069130121356865110e-02
2.069346672414017901e-02
2.069563222039180750e-02
2.069779770232517066e-02
2.069996316994201363e-02
2.070212862324403297e-02
2.070429406223290095e-02
2.070645948691027249e-02
2.070862489727786152e-02
2.071079029333737498e-02
2.071295567509047822e-02
2.071512104253881922e-02
2.071728639568413965e-02
2.071945173452809444e-02
2.072161705907234544e-02
2.072378236931860657e-02
2.072594766526858132e-02
2.072811294692391768e-02
2.073027821428631914e-02
2.073244346735742330e-02
2.073460870613893711e-02
2.073677393063261265e-02
2.073893914084000076e-02
2.074110433676285697e-02
2.074326951840288827e-02
2.074543468576165936e-02
2.074759983884096742e-02
2.074976497764241881e-02
2.075193010216776213e-02
2.075409521241863495e-02
2.075626030839670261e-02
2.075842539010361656e-02
2.076059045754111501e-02
2.076275551071084594e-02
2.076492054961449202e-02
2.076708557425372553e-02
2.076925058463025345e-02
2.077141558074567518e-02
2.077358056260169075e-02
2.077574553020001755e-02
2.077791048354232437e-02
2.078007542263024532e-02
2.078224034746542839e-02
2.078440525804963954e-02
2.078657015438444694e-02
2.078873503647163737e-02
2.079089990431274432e-02
2.079306475790957190e-02
2.079522959726370565e-02
2.079739442237686989e-02
2.079955923325066749e-02
2.080172402988684013e-02
2.080388881228699069e-02
2.080605358045281919e-02
2.080821833438604995e-02
2.081038307408823382e-02
2.081254779956110551e-02
2.081471251080633036e-02
2.081687720782559106e-02
2.081904189062053906e-02
2.082120655919280153e-02
2.082337121354410278e-02
2.082553585367604224e-02
2.082770047959038584e-02
2.082986509128868791e-02
2.083202968877271091e-02
2.083419427204402999e-02
2.083635884110436598e-02
2.083852339595534953e-02
2.084068793659865637e-02
2.084285246303594838e-02
2.084501697526889089e-02
2.084718147329914228e-02
2.084934595712835750e-02
2.085151042675823310e-02
2.085367488219039278e-02
2.085583932342646371e-02
2.085800375046819449e-02
2.086016816331715679e-02
2.086233256197506103e-02
2.086449694644354827e-02
2.086666131672425956e-02
2.086882567281888451e-02
2.087099001472905724e-02
2.087315434245652634e-02
2.087531865600278369e-02
2.087748295536958135e-02
2.087964724055856730e-02
2.088181151157141036e-02
2.088397576840973768e-02
2.088614001107519380e-02
2.088830423956947527e-02
2.089046845389420232e-02
2.089263265405105416e-02
2.089479684004166143e-02
2.089696101186768948e-02
2.089912516953076893e-02
2.090128931303256513e-02
2.090345344237476768e-02
2.090561755755897602e-02
2.090778165858683466e-02
2.090994574546005749e-02
2.091210981818023354e-02
2.091427387674901772e-02
2.091643792116812048e-02
2.091860195143912041e-02
2.092076596756368284e-02
2.092292996954344189e-02
2.092509395738015310e-02
2.092725793107530485e-02
2.092942189063062494e-02
2.093158583604777176e-02
2.093374976732836554e-02
2.093591368447406814e-02
2.093807758748649980e-02
2.094024147636734320e-02
2.094240535111819776e-02
2.094456921174074268e-02
2.094673305823663984e-02
2.094889689060747823e-02
2.095106070885495095e-02
2.095322451298065741e-02
2.095538830298628030e-02
2.095755207887337046e-02
2.095971584064373200e-02
2.096187958829887413e-02
2.096404332184047259e-02
2.096620704127023088e-02
2.096837074658971373e-02
2.097053443780056564e-02
2.097269811490442767e-02
2.097486177790298945e-02
2.097702542679781221e-02
2.097918906159061680e-02
2.098135268228297837e-02
2.098351628887655182e-02
2.098567988137301638e-02
2.098784345977395063e-02
2.099000702408101646e-02
2.099217057429581326e-02
2.099433411042006883e-02
2.099649763245530626e-02
2.099866114040329843e-02
2.100082463426553372e-02
2.100298811404371913e-02
2.100515157973947139e-02
2.100731503135446973e-02
2.100947846889029968e-02
2.101164189234856067e-02
2.101380530173094230e-02
2.101596869703911685e-02
2.101813207827462476e-02
2.102029544543915912e-02
2.102245879853430893e-02
2.102462213756172565e-02
2.102678546252305034e-02
2.102894877341986851e-02
2.103111207025389409e-02
2.103327535302668139e-02
2.103543862173987838e-02
2.103760187639511919e-02
2.103976511699402058e-02
2.104192834353825828e-02
2.104409155602941783e-02
2.104625475446910907e-02
2.104841793885895568e-02
2.105058110920064382e-02
2.105274426549574862e-02
2.105490740774594929e-02
2.105707053595280015e-02
2.105923365011795612e-02
2.106139675024308947e-02
2.106355983632974063e-02
2.106572290837960618e-02
2.106788596639425082e-02
2.107004901037532602e-02
2.107221204032444506e-02
2.107437505624324206e-02
2.107653805813335460e-02
2.107870104599638555e-02
2.108086401983390312e-02
2.108302697964760039e-02
2.108518992543911841e-02
2.108735285721001149e-02
2.108951577496191027e-02
2.109167867869646620e-02
2.109384156841526484e-02
2.109600444411994027e-02
2.109816730581211969e-02
2.110033015349345106e-02
2.110249298716544708e-02
2.110465580682983899e-02
2.110681861248820193e-02
2.110898140414212837e-02
2.111114418179324895e-02
2.111330694544320472e-02
2.111546969509354651e-02
2.111763243074596397e-02
2.111979515240202873e-02
2.112195786006336104e-02
2.112412055373160888e-02
2.112628323340831962e-02
2.112844589909518636e-02
2.113060855079373912e-02
2.113277118850568140e-02
2.113493381223253281e-02
2.113709642197596911e-02
2.113925901773758276e-02
2.114142159951897665e-02
2.114358416732177795e-02
2.114574672114757914e-02
2.114790926099803514e-02
2.115007178687465864e-02
2.115223429877915659e-02
2.115439679671307291e-02
2.115655928067806252e-02
2.115872175067574218e-02
2.116088420670764192e-02
2.116304664877545830e-02
2.116520907688073175e-02
2.116737149102508944e-02
2.116953389121018977e-02
2.117169627743758012e-02
2.117385864970886683e-02
2.117602100802567014e-02
2.117818335238961722e-02
2.118034568280225197e-02
2.118250799926527442e-02
2.118467030178021460e-02
2.118683259034864416e-02
2.118899486497227008e-02
2.119115712565262238e-02
2.119331937239127620e-02
2.119548160518995583e-02
2.119764382405013581e-02
2.119980602897347799e-02
2.120196821996157138e-02
2.120413039701600152e-02
2.120629256013841640e-02
2.120845470933037033e-02
2.121061684459347313e-02
2.121277896592938667e-02
2.121494107333957851e-02
2.121710316682574177e-02
2.121926524638945849e-02
2.122142731203233157e-02
2.122358936375592572e-02
2.122575140156188200e-02
2.122791342545177207e-02
2.123007543542717451e-02
2.123223743148973386e-02
2.123439941364101829e-02
2.123656138188261336e-02
2.123872333621610806e-02
2.124088527664313997e-02
2.124304720316527381e-02
2.124520911578406737e-02
2.124737101450122762e-02
2.124953289931824293e-02
2.125169477023674397e-02
2.125385662725826422e-02
2.125601847038452105e-02
2.125818029961699940e-02
2.126034211495732643e-02
2.126250391640710155e-02
2.126466570396789990e-02
2.126682747764127579e-02
2.126898923742892925e-02
2.127115098333232784e-02
2.127331271535315774e-02
2.127547443349295589e-02
2.127763613775330090e-02
2.127979782813581994e-02
2.128195950464206038e-02
2.128412116727364939e-02
2.128628281603214475e-02
2.128844445091918058e-02
2.129060607193625221e-02
2.129276767908503190e-02
2.129492927236706357e-02
2.129709085178393968e-02
2.129925241733728741e-02
2.130141396902860557e-02
2.130357550685954907e-02
2.130573703083164100e-02
2.130789854094651548e-02
2.131006003720577191e-02
2.131222151961101319e-02
2.131438298816364790e-02
2.131654444286548711e-02
2.131870588371798450e-02
2.132086731072271521e-02
2.132302872388130988e-02
2.132519012319534363e-02
2.132735150866637772e-02
2.132951288029598380e-02
2.133167423808578211e-02
2.133383558203729574e-02
2.133599691215214145e-02
2.133815822843196375e-02
2.134031953087817818e-02
2.134248081949248130e-02
2.134464209427645517e-02
2.134680335523160902e-02
2.134896460235957000e-02
2.135112583566189243e-02
2.135328705514017572e-02
2.135544826079592909e-02
2.135760945263085603e-02
2.135977063064645534e-02
2.136193179484424665e-02
2.136409294522588487e-02
2.136625408179294167e-02
2.136841520454694013e-02
2.137057631348950396e-02
2.137273740862217358e-02
2.137489848994652067e-02
2.137705955746416198e-02
2.137922061117660325e-02
2.138138165108549246e-02
2.138354267719235272e-02
2.138570368949873138e-02
2.138786468800627644e-02
2.139002567271647282e-02
2.139218664363091646e-02
2.139434760075124842e-02
2.139650854407897443e-02
2.139866947361564187e-02
2.140083038936284321e-02
2.140299129132214664e-02
2.140515217949515159e-02
2.140731305388337072e-02
2.140947391448839998e-02
2.141163476131181798e-02
2.141379559435517554e-02
2.141595641362005129e-02
2.141811721910798216e-02
2.142027801082056759e-02
2.142243878875937924e-02
2.142459955292594018e-02
2.142676030332183248e-02
2.142892103994860353e-02
2.143108176280787008e-02
2.143324247190113094e-02
2.143540316723002367e-02
2.143756384879608179e-02
2.143972451660081102e-02
2.144188517064583507e-02
2.144404581093268397e-02
2.144620643746292590e-02
2.144836705023813947e-02
2.145052764925990327e-02
2.145268823452969528e-02
2.145484880604915309e-02
2.145700936381984836e-02
2.145916990784325212e-02
2.146133043812098809e-02
2.146349095465464527e-02
2.146565145744569816e-02
2.146781194649574273e-02
2.146997242180638879e-02
2.147213288337910392e-02
2.147429333121548753e-02
2.147645376531709394e-02
2.147861418568547398e-02
2.148077459232221667e-02
2.148293498522885897e-02
2.148509536440689621e-02
2.148725572985801455e-02
2.148941608158361563e-02
2.149157641958531970e-02
2.149373674386472963e-02
2.149589705442338586e-02
2.149805735126274209e-02
2.150021763438448100e-02
2.150237790379007016e-02
2.150453815948108818e-02
2.150669840145907896e-02
2.150885862972561763e-02
2.151101884428221686e-02
2.151317904513047607e-02
2.151533923227189407e-02
2.151749940570805292e-02
2.151965956544053121e-02
2.152181971147079653e-02
2.152397984380050380e-02
2.152613996243109284e-02
2.152830006736415613e-02
2.153046015860127574e-02
2.153262023614395046e-02
2.153478029999376930e-02
2.153694035015223107e-02
2.153910038662095947e-02
2.154126040940138390e-02
2.154342041849514194e-02
2.154558041390378445e-02
2.154774039562877899e-02
2.154990036367175968e-02
2.155206031803423572e-02
2.155422025871769551e-02
2.155638018572377315e-02
2.155854009905394317e-02
2.156069999870984660e-02
2.156285988469286083e-02
2.156501975700471016e-02
2.156717961564679278e-02
2.156933946062073587e-02
2.157149929192804516e-02
2.157365910957028537e-02
2.157581891354900042e-02
2.157797870386568909e-02
2.158013848052191611e-02
2.158229824351926701e-02
2.158445799285915734e-02
2.158661772854326977e-02
2.158877745057304065e-02
2.159093715895009716e-02
2.159309685367588952e-02
2.159525653475197898e-02
2.159741620217997191e-02
2.159957585596128729e-02
2.160173549609758700e-02
2.160389512259031086e-02
2.160605473544106522e-02
2.160821433465129685e-02
2.161037392022260514e-02
2.161253349215657565e-02
2.161469305045466208e-02
2.161685259511840138e-02
2.161901212614930970e-02
2.162117164354905932e-02
2.162333114731899639e-02
2.162549063746080358e-02
2.162765011397593459e-02
2.162980957686588476e-02
2.163196902613227432e-02
2.163412846177664023e-02
2.163628788380041884e-02
2.163844729220524427e-02
2.164060668699254938e-02
2.164276606816396831e-02
2.164492543572096167e-02
2.164708478966508726e-02
2.164924412999782652e-02
2.165140345672076153e-02
2.165356276983539108e-02
2.165572206934328336e-02
2.165788135524594760e-02
2.166004062754486176e-02
2.166219988624164955e-02
2.166435913133775426e-02
2.166651836283473714e-02
2.166867758073414557e-02
2.167083678503747834e-02
2.167299597574624120e-02
2.167515515286200928e-02
2.167731431638623973e-02
2.167947346632051811e-02
2.168163260266636749e-02
2.168379172542529709e-02
2.168595083459882999e-02
2.168810993018848929e-02
2.169026901219579112e-02
2.169242808062225164e-02
2.169458713546938353e-02
2.169674617673873762e-02
2.169890520443190640e-02
2.170106421855023254e-02
2.170322321909540220e-02
2.170538220606888641e-02
2.170754117947217010e-02
2.170970013930676595e-02
2.171185908557424563e-02
2.171401801827609057e-02
2.171617693741388633e-02
2.171833584298907271e-02
2.172049473500318670e-02
2.172265361345779994e-02
2.172481247835433144e-02
2.172697132969440142e-02
2.172913016747944626e-02
2.173128899171106534e-02
2.173344780239067769e-02
2.173560659951986884e-02
2.173776538310016535e-02
2.173992415313297927e-02
2.174208290961992737e-02
2.174424165256250846e-02
2.174640038196222827e-02
2.174855909782061683e-02
2.175071780013912437e-02
2.175287648891933295e-02
2.175503516416273445e-02
2.175719382587083459e-02
2.175935247404518422e-02
2.176151110868723357e-02
2.176366972979851266e-02
2.176582833738057582e-02
2.176798693143483163e-02
2.177014551196296971e-02
2.177230407896631886e-02
2.177446263244646116e-02
2.177662117240493356e-02
2.177877969884322099e-02
2.178093821176281530e-02
2.178309671116525001e-02
2.178525519705203431e-02
2.178741366942465660e-02
2.178957212828466425e-02
2.179173057363350749e-02
2.179388900547275104e-02
2.179604742380387636e-02
2.179820582862832673e-02
2.180036421994773627e-02
2.180252259776357254e-02
2.180468096207722681e-02
2.180683931289034705e-02
2.180899765020439737e-02
2.181115597402082801e-02
2.181331428434122796e-02
2.181547258116704746e-02
2.181763086449975408e-02
2.181978913434092990e-02
2.182194739069205289e-02
2.182410563355461838e-02
2.182626386293012172e-02
2.182842207882003741e-02
2.183058028122593364e-02
2.183273847014932309e-02
2.183489664559163518e-02
2.183705480755437564e-02
2.183921295603904675e-02
2.184137109104726873e-02
2.184352921258037039e-02
2.184568732063991991e-02
2.184784541522748549e-02
2.185000349634443409e-02
2.185216156399236512e-02
2.185431961817271840e-02
2.185647765888703090e-02
2.185863568613680141e-02
2.186079369992349752e-02
2.186295170024864579e-02
2.186510968711372072e-02
2.186726766052023152e-02
2.186942562046968047e-02
2.187158356696350392e-02
2.187374150000329781e-02
2.187589941959049156e-02
2.187805732572656661e-02
2.188021521841308423e-02
2.188237309765145300e-02
2.188453096344324458e-02
2.188668881578995432e-02
2.188884665469298385e-02
2.189100448015392220e-02
2.189316229217419876e-02
2.189532009075534358e-02
2.189747787589876871e-02
2.189963564760610479e-02
2.190179340587874654e-02
2.190395115071820317e-02
2.190610888212598042e-02
2.190826660010354934e-02
2.191042430465238097e-02
2.191258199577405738e-02
2.191473967346995247e-02
2.191689733774163790e-02
2.191905498859054308e-02
2.192121262601820150e-02
2.192337025002607034e-02
2.192552786061564493e-02
2.192768545778839284e-02
2.192984304154587880e-02
2.193200061188951833e-02
2.193415816882079636e-02
2.193631571234121863e-02
2.193847324245230476e-02
2.194063075915548763e-02
2.194278826245225217e-02
2.194494575234412492e-02
2.194710322883256653e-02
2.194926069191903764e-02
2.195141814160506480e-02
2.195357557789210171e-02
2.195573300078164716e-02
2.195789041027520344e-02
2.196004780637417914e-02
2.196220518908013897e-02
2.196436255839453316e-02
2.196651991431884665e-02
2.196867725685454006e-02
2.197083458600307404e-02
2.197299190176602718e-02
2.197514920414478726e-02
2.197730649314084614e-02
2.197946376875575120e-02
2.198162103099089021e-02
2.198377827984782096e-02
2.198593551532797633e-02
2.198809273743283083e-02
2.199024994616385204e-02
2.199240714152258039e-02
2.199456432351045224e-02
2.199672149212896638e-02
2.199887864737951407e-02
2.200103578926369124e-02
2.200319291778288916e-02
2.200535003293866559e-02
2.200750713473239098e-02
2.200966422316562657e-02
2.201182129823980871e-02
2.201397835995643273e-02
2.201613540831690724e-02
2.201829244332279348e-02
2.202044946497555555e-02
2.202260647327661247e-02
2.202476346822749426e-02
2.202692044982958522e-02
2.202907741808445355e-02
2.203123437299352172e-02
2.203339131455830935e-02
2.203554824278021462e-02
2.203770515766075716e-02
2.203986205920142882e-02
2.204201894740366596e-02
2.204417582226890840e-02
2.204633268379869657e-02
2.204848953199441478e-02
2.205064636685763815e-02
2.205280318838975101e-02
2.205495999659225562e-02
2.205711679146658485e-02
2.205927357301426875e-02
2.206143034123675059e-02
2.206358709613541122e-02
2.206574383771187781e-02
2.206790056596751384e-02
2.207005728090380772e-02
2.207221398252221661e-02
2.207437067082423932e-02
2.207652734581127055e-02
2.207868400748487156e-02
2.208084065584641278e-02
2.208299729089742425e-02
2.208515391263931801e-02
2.208731052107363452e-02
2.208946711620179276e-02
2.209162369802519094e-02
2.209378026654538335e-02
2.209593682176383064e-02
2.209809336368198998e-02
2.210024989230125955e-02
2.210240640762313469e-02
2.210456290964910378e-02
2.210671939838061359e-02
2.210887587381907618e-02
2.211103233596607015e-02
2.211318878482297634e-02
2.211534522039123110e-02
2.211750164267228813e-02
2.211965805166772603e-02
2.212181444737887706e-02
2.212397082980724697e-02
2.212612719895427904e-02
2.212828355482145126e-02
2.213043989741019651e-02
2.213259622672201707e-02
2.213475254275830764e-02
2.213690884552058438e-02
2.213906513501025589e-02
2.214122141122882442e-02
2.214337767417767430e-02
2.214553392385837025e-02
2.214769016027227228e-02
2.214984638342084103e-02
2.215200259330561000e-02
2.215415878992794962e-02
2.215631497328935176e-02
2.215847114339127011e-02
2.216062730023516184e-02
2.216278344382243207e-02
2.216493957415460389e-02
2.216709569123306856e-02
2.216925179505931445e-02
2.217140788563479875e-02
2.217356396296095780e-02
2.217572002703923836e-02
2.217787607787109760e-02
2.218003211545798575e-02
2.218218813980134957e-02
2.218434415090266010e-02
2.218650014876332593e-02
2.218865613338480078e-02
2.219081210476861465e-02
2.219296806291611718e-02
2.219512400782878286e-02
2.219727993950804459e-02
2.219943585795540464e-02
2.220159176317230282e-02
2.220374765516016508e-02
2.220590353392040001e-02
2.220805939945454111e-02
2.221021525176392411e-02
2.221237109085011721e-02
2.221452691671446308e-02
2.221668272935850216e-02
2.221883852878353202e-02
2.222099431499115901e-02
2.222315008798275704e-02
2.222530584775977633e-02
2.222746159432363589e-02
2.222961732767579981e-02
2.223177304781774610e-02
2.223392875475085559e-02
2.223608444847658544e-02
2.223824012899641017e-02
2.224039579631176614e-02
2.224255145042404805e-02
2.224470709133474083e-02
2.224686271904532942e-02
2.224901833355712871e-02
2.225117393487165834e-02
2.225332952299037548e-02
2.225548509791470952e-02
2.225764065964603439e-02
2.225979620818590438e-02
2.226195174353564829e-02
2.226410726569676493e-02
2.226626277467067677e-02
2.226841827045880629e-02
2.227057375306265921e-02
2.227272922248357476e-02
2.227488467872304131e-02
2.227704012178253687e-02
2.227919555166336940e-02
2.228135096836710710e-02
2.228350637189514122e-02
2.228566176224890463e-02
2.228781713942981982e-02
2.228997250343935435e-02
2.229212785427888213e-02
2.229428319194984992e-02
2.229643851645376346e-02
2.229859382779204174e-02
2.230074912596603440e-02
2.230290441097726103e-02
2.230505968282710250e-02
2.230721494151699166e-02
2.230937018704840305e-02
2.231152541942274525e-02
2.231368063864147197e-02
2.231583584470595016e-02
2.231799103761763353e-02
2.232014621737802434e-02
2.232230138398845834e-02
2.232445653745046554e-02
2.232661167776537475e-02
2.232876680493466395e-02
2.233092191895975215e-02
2.233307701984205487e-02
2.233523210758305358e-02
2.233738718218411870e-02
2.233954224364667271e-02
2.234169729197219706e-02
2.234385232716210729e-02
2.234600734921778423e-02
2.234816235814074056e-02
2.235031735393227734e-02
2.235247233659392110e-02
2.235462730612708046e-02
2.235678226253318829e-02
2.235893720581359073e-02
2.236109213596980394e-02
2.236324705300324692e-02
2.236540195691524152e-02
2.236755684770737676e-02
2.236971172538095021e-02
2.237186658993740168e-02
2.237402144137816754e-02
2.237617627970475004e-02
2.237833110491841554e-02
2.238048591702070100e-02
2.238264071601300809e-02
2.238479550189675232e-02
2.238695027467335619e-02
2.238910503434421786e-02
2.239125978091075983e-02
2.239341451437444619e-02
2.239556923473670635e-02
2.239772394199884137e-02
2.239987863616241942e-02
2.240203331722873462e-02
2.240418798519930310e-02
2.240634264007548837e-02
2.240849728185875800e-02
2.241065191055046854e-02
2.241280652615203206e-02
2.241496112866490226e-02
2.241711571809053630e-02
2.241927029443028380e-02
2.242142485768561927e-02
2.242357940785789927e-02
2.242573394494857056e-02
2.242788846895906602e-02
2.243004297989072832e-02
2.243219747774507361e-02
2.243435196252342723e-02
2.243650643422727062e-02
2.243866089285798809e-02
2.244081533841698131e-02
2.244296977090566927e-02
2.244512419032550221e-02
2.244727859667788178e-02
2.244943298996412984e-02
2.245158737018580417e-02
2.245374173734421969e-02
2.245589609144083010e-02
2.245805043247694338e-02
2.246020476045416242e-02
2.246235907537374663e-02
2.246451337723718786e-02
2.246666766604585308e-02
2.246882194180111966e-02
2.247097620450446212e-02
2.247313045415729599e-02
2.247528469076098476e-02
2.247743891431694743e-02
2.247959312482658220e-02
2.248174732229129419e-02
2.248390150671258220e-02
2.248605567809175768e-02
2.248820983643020840e-02
2.249036398172940890e-02
2.249251811399077469e-02
2.249467223321564152e-02
2.249682633940548043e-02
2.249898043256167227e-02
2.250113451268557010e-02
2.250328857977869010e-02
2.250544263384239921e-02
2.250759667487800195e-02
2.250975070288705263e-02
2.251190471787082453e-02
2.251405871983080606e-02
2.251621270876838152e-02
2.251836668468495256e-02
2.252052064758190350e-02
2.252267459746067763e-02
2.252482853432258639e-02
2.252698245816915981e-02
2.252913636900171282e-02
2.253129026682166094e-02
2.253344415163046482e-02
2.253559802342942550e-02
2.253775188221999667e-02
2.253990572800360775e-02
2.254205956078162223e-02
2.254421338055537932e-02
2.254636718732640904e-02
2.254852098109604019e-02
2.255067476186565362e-02
2.255282852963665097e-02
2.255498228441047900e-02
2.255713602618852204e-02
2.255928975497211927e-02
2.256144347076276951e-02
2.256359717356176339e-02
2.256575086337051991e-02
2.256790454019051706e-02
2.257005820402305935e-02
2.257221185486960741e-02
2.257436549273151086e-02
2.257651911761016442e-02
2.257867272950705301e-02
2.258082632842341175e-02
2.258297991436075333e-02
2.258513348732045858e-02
2.258728704730387365e-02
2.258944059431245224e-02
2.259159412834750233e-02
2.259374764941053659e-02
2.259590115750287342e-02
2.259805465262585203e-02
2.260020813478098162e-02
2.260236160396958752e-02
2.260451506019306792e-02
2.260666850345284182e-02
2.260882193375025884e-02
2.261097535108672757e-02
2.261312875546363926e-02
2.261528214688237823e-02
2.261743552534436694e-02
2.261958889085097235e-02
2.262174224340354409e-02
2.262389558300351503e-02
2.262604890965227988e-02
2.262820222335119522e-02
2.263035552410167309e-02
2.263250881190508046e-02
2.263466208676282940e-02
2.263681534867629380e-02
2.263896859764689268e-02
2.264112183367597564e-02
2.264327505676491312e-02
2.264542826691509983e-02
2.264758146412796172e-02
2.264973464840485187e-02
2.265188781974718582e-02
2.265404097815625767e-02
2.265619412363359050e-02
2.265834725618043680e-02
2.266050037579832657e-02
2.266265348248844985e-02
2.266480657625237483e-02
2.266695965709138172e-02
2.266911272500690341e-02
2.267126578000026871e-02
2.267341882207288273e-02
2.267557185122619570e-02
2.267772486746143928e-02
2.267987787078016085e-02
2.268203086118363021e-02
2.268418383867327331e-02
2.268633680325043631e-02
2.268848975491655207e-02
2.269064269367294245e-02
2.269279561952104382e-02
2.269494853246219190e-02
2.269710143249778142e-02
2.269925431962921403e-02
2.270140719385779077e-02
2.270356005518499309e-02
2.270571290361217756e-02
2.270786573914064174e-02
2.271001856177182199e-02
2.271217137150712342e-02
2.271432416834785056e-02
2.271647695229545710e-02
2.271862972335123368e-02
2.272078248151664440e-02
2.272293522679297989e-02
2.272508795918174590e-02
2.272724067868417755e-02
2.272939338530169037e-02
2.273154607903566868e-02
2.273369875988748290e-02
2.273585142785858673e-02
2.273800408295018408e-02
2.274015672516383965e-02
2.274230935450074695e-02
2.274446197096241518e-02
2.274661457455017660e-02
2.274876716526536696e-02
2.275091974310939139e-02
2.275307230808360642e-02
2.275522486018939292e-02
2.275737739942815946e-02
2.275952992580117587e-02
2.276168243930990626e-02
2.276383493995569329e-02
2.276598742773990394e-02
2.276813990266392598e-02
2.277029236472903964e-02
2.277244481393676453e-02
2.277459725028833579e-02
2.277674967378521750e-02
2.277890208442869338e-02
2.278105448222021018e-02
2.278320686716108281e-02
2.278535923925270254e-02
2.278751159849642938e-02
2.278966394489364070e-02
2.279181627844565142e-02
2.279396859915389442e-02
2.279612090701974361e-02
2.279827320204450003e-02
2.280042548422956880e-02
2.280257775357627525e-02
2.280473001008609737e-02
2.280688225376024600e-02
2.280903448460018523e-02
2.281118670260724735e-02
2.281333890778277501e-02
2.281549110012821846e-02
2.281764327964484057e-02
2.281979544633405688e-02
2.282194760019720312e-02
2.282409974123563237e-02
2.282625186945078100e-02
2.282840398484395350e-02
2.283055608741649950e-02
2.283270817716977208e-02
2.283486025410521453e-02
2.283701231822410013e-02
2.283916436952780626e-02
2.284131640801775193e-02
2.284346843369522428e-02
2.284562044656161112e-02
2.284777244661828632e-02
2.284992443386657870e-02
2.285207640830786910e-02
2.285422836994352794e-02
2.285638031877488402e-02
2.285853225480327655e-02
2.286068417803010719e-02
2.286283608845672208e-02
2.286498798608451594e-02
2.286713987091477246e-02
2.286929174294886902e-02
2.287144360218817604e-02
2.287359544863403621e-02
2.287574728228784424e-02
2.287789910315091157e-02
2.288005091122464335e-02
2.288220270651029897e-02
2.288435448900927316e-02
2.288650625872303002e-02
2.288865801565279426e-02
2.289080975979994673e-02
2.289296149116585091e-02
2.289511320975191888e-02
2.289726491555936147e-02
2.289941660858967401e-02
2.290156828884411591e-02
2.290371995632410965e-02
2.290587161103096320e-02
2.290802325296606434e-02
2.291017488213070372e-02
2.291232649852623440e-02
2.291447810215412051e-02
2.291662969301555899e-02
2.291878127111199662e-02
2.292093283644476218e-02
2.292308438901517753e-02
2.292523592882461311e-02
2.292738745587444629e-02
2.292953897016600240e-02
2.293169047170062411e-02
2.293384196047967491e-02
2.293599343650444891e-02
2.293814489977636512e-02
2.294029635029673844e-02
2.294244778806690116e-02
2.294459921308823758e-02
2.294675062536203833e-02
2.294890202488973630e-02
2.295105341167255966e-02
2.295320478571196907e-02
2.295535614700926555e-02
2.295750749556574322e-02
2.295965883138283842e-02
2.296181015446186954e-02
2.296396146480410641e-02
2.296611276241095068e-02
2.296826404728375542e-02
2.297041531942388762e-02
2.297256657883264136e-02
2.297471782551136626e-02
2.297686905946140848e-02
2.297902028068407598e-02
2.298117148918079819e-02
2.298332268495288655e-02
2.298547386800163517e-02
2.298762503832837284e-02
2.298977619593457408e-02
2.299192734082140463e-02
2.299407847299031818e-02
2.299622959244264006e-02
2.299838069917964009e-02
2.300053179320277544e-02
2.300268287451330204e-02
2.300483394311254176e-02
2.300698499900192054e-02
2.300913604218273595e-02
2.301128707265627515e-02
2.301343809042393981e-02
2.301558909548704138e-02
2.301774008784686701e-02
2.301989106750488429e-02
2.302204203446233180e-02
2.302419298872058345e-02
2.302634393028096804e-02
2.302849485914474845e-02
2.303064577531336102e-02
2.303279667878811374e-02
2.303494756957035969e-02
2.303709844766138257e-02
2.303924931306255280e-02
2.304140016577518532e-02
2.304355100580060198e-02
2.304570183314016626e-02
2.304785264779523127e-02
2.305000344976710497e-02
2.305215423905711269e-02
2.305430501566657631e-02
2.305645577959690440e-02
2.305860653084931475e-02
2.306075726942516044e-02
2.306290799532586394e-02
2.306505870855268814e-02
2.306720940910696876e-02
2.306936009699003809e-02
2.307151077220326307e-02
2.307366143474791007e-02
2.307581208462535990e-02
2.307796272183691016e-02
2.308011334638392087e-02
2.308226395826768612e-02
2.308441455748956594e-02
2.308656514405085791e-02
2.308871571795292205e-02
2.309086627919711837e-02
2.309301682778468201e-02
2.309516736371700074e-02
2.309731788699540683e-02
2.309946839762117704e-02
2.310161889559569220e-02
2.310376938092023602e-02
2.310591985359622749e-02
2.310807031362485317e-02
2.311022076100753206e-02
2.311237119574557214e-02
2.311452161784029180e-02
2.311667202729300596e-02
2.311882242410501914e-02
2.312097280827772952e-02
2.312312317981241733e-02
2.312527353871036626e-02
2.312742388497297449e-02
2.312957421860151533e-02
2.313172453959736613e-02
2.313387484796182100e-02
2.313602514369610466e-02
2.313817542680168815e-02
2.314032569727981353e-02
2.314247595513183736e-02
2.314462620035901905e-02
2.314677643296280882e-02
2.314892665294437241e-02
2.315107686030518433e-02
2.315322705504640685e-02
2.315537723716943469e-02
2.315752740667561052e-02
2.315967756356622845e-02
2.316182770784266931e-02
2.316397783950613701e-02
2.316612795855800544e-02
2.316827806499961381e-02
2.317042815883224929e-02
2.317257824005723374e-02
2.317472830867589942e-02
2.317687836468957860e-02
2.317902840809954110e-02
2.318117843890715041e-02
2.318332845711366247e-02
2.318547846272049281e-02
2.318762845572885575e-02
2.318977843614010437e-02
2.319192840395563338e-02
2.319407835917662933e-02
2.319622830180448694e-02
2.319837823184046563e-02
2.320052814928588725e-02
2.320267805414213264e-02
2.320482794641047855e-02
2.320697782609222951e-02
2.320912769318869001e-02
2.321127754770113683e-02
2.321342738963103058e-02
2.321557721897948151e-02
2.321772703574799881e-02
2.321987683993776558e-02
2.322202663155007937e-02
2.322417641058635226e-02
2.322632617704781591e-02
2.322847593093584767e-02
2.323062567225165839e-02
2.323277540099666708e-02
2.323492511717215048e-02
2.323707482077936107e-02
2.323922451181970050e-02
2.324137419029436921e-02
2.324352385620480008e-02
2.324567350955219006e-02
2.324782315033792693e-02
2.324997277856327704e-02
2.325212239422953450e-02
2.325427199733806974e-02
2.325642158789014563e-02
2.325857116588708751e-02
2.326072073133015825e-02
2.326287028422070399e-02
2.326501982456002232e-02
2.326716935234949060e-02
2.326931886759027804e-02
2.327146837028377935e-02
2.327361786043127129e-02
2.327576733803407225e-02
2.327791680309349714e-02
2.328006625561082968e-02
2.328221569558737436e-02
2.328436512302440101e-02
2.328651453792328005e-02
2.328866394028532641e-02
2.329081333011178562e-02
2.329296270740396219e-02
2.329511207216315716e-02
2.329726142439075831e-02
2.329941076408792791e-02
2.330156009125611619e-02
2.330370940589650622e-02
2.330585870801046150e-02
2.330800799759925879e-02
2.331015727466420606e-02
2.331230653920660090e-02
2.331445579122774087e-02
2.331660503072895477e-02
2.331875425771150548e-02
2.332090347217671833e-02
2.332305267412590477e-02
2.332520186356028605e-02
2.332735104048126382e-02
2.332950020489008361e-02
2.333164935678798055e-02
2.333379849617639792e-02
2.333594762305655004e-02
2.333809673742970672e-02
2.334024583929719676e-02
2.334239492866033161e-02
2.334454400552039496e-02
2.334669306987872256e-02
2.334884212173652870e-02
2.335099116109515260e-02
2.335314018795593347e-02
2.335528920232010641e-02
2.335743820418894126e-02
2.335958719356385008e-02
2.336173617044597778e-02
2.336388513483672602e-02
2.336603408673738544e-02
2.336818302614917381e-02
2.337033195307348238e-02
2.337248086751151158e-02
2.337462976946460061e-02
2.337677865893405399e-02
2.337892753592119358e-02
2.338107640042718510e-02
2.338322525245344410e-02
2.338537409200120570e-02
2.338752291907180217e-02
2.338967173366647556e-02
2.339182053578656162e-02
2.339396932543332322e-02
2.339611810260807181e-02
2.339826686731206334e-02
2.340041561954661967e-02
2.340256435931301754e-02
2.340471308661249555e-02
2.340686180144646231e-02
2.340901050381614945e-02
2.341115919372282334e-02
2.341330787116771908e-02
2.341545653615227304e-02
2.341760518867766830e-02
2.341975382874519895e-02
2.342190245635615217e-02
2.342405107151188104e-02
2.342619967421358598e-02
2.342834826446258886e-02
2.343049684226020460e-02
2.343264540760767178e-02
2.343479396050631922e-02
2.343694250095738549e-02
2.343909102896223409e-02
2.344123954452203076e-02
2.344338804763815634e-02
2.344553653831183901e-02
2.344768501654441450e-02
2.344983348233714224e-02
2.345198193569130937e-02
2.345413037660817532e-02
2.345627880508904112e-02
2.345842722113521128e-02
2.346057562474794522e-02
2.346272401592853357e-02
2.346487239467823921e-02
2.346702076099838052e-02
2.346916911489023080e-02
2.347131745635499048e-02
2.347346578539403344e-02
2.347561410200867116e-02
2.347776240620008670e-02
2.347991069796960886e-02
2.348205897731852482e-02
2.348420724424808356e-02
2.348635549875958961e-02
2.348850374085433013e-02
2.349065197053353329e-02
2.349280018779853832e-02
2.349494839265060808e-02
2.349709658509098117e-02
2.349924476512096905e-02
2.350139293274189356e-02
2.350354108795499677e-02
2.350568923076148259e-02
2.350783736116271450e-02
2.350998547915997966e-02
2.351213358475450280e-02
2.351428167794757107e-02
2.351642975874046818e-02
2.351857782713442924e-02
2.352072588313086285e-02
2.352287392673087923e-02
2.352502195793584189e-02
2.352716997674702409e-02
2.352931798316570261e-02
2.353146597719310909e-02
2.353361395883048560e-02
2.353576192807927195e-02
2.353790988494056102e-02
2.354005782941573713e-02
2.354220576150602845e-02
2.354435368121275338e-02
2.354650158853704642e-02
2.354864948348038209e-02
2.355079736604388449e-02
2.355294523622885466e-02
2.355509309403659018e-02
2.355724093946834699e-02
2.355938877252542266e-02
2.356153659320902108e-02
2.356368440152049534e-02
2.356583219746110833e-02
2.356797998103206393e-02
2.357012775223465625e-02
2.357227551107015859e-02
2.357442325753989626e-02
2.357657099164501766e-02
2.357871871338694872e-02
2.358086642276680661e-02
2.358301411978596177e-02
2.358516180444564236e-02
2.358730947674712169e-02
2.358945713669163141e-02
2.359160478428050725e-02
2.359375241951494964e-02
2.359590004239626657e-02
2.359804765292574866e-02
2.360019525110459634e-02
2.360234283693411414e-02
2.360449041041555798e-02
2.360663797155022545e-02
2.360878552033935859e-02
2.361093305678418908e-02
2.361308058088597631e-02
2.361522809264605255e-02
2.361737559206567375e-02
2.361952307914602991e-02
2.362167055388843598e-02
2.362381801629417563e-02
2.362596546636447359e-02
2.362811290410062395e-02
2.363026032950383756e-02
2.363240774257542587e-02
2.363455514331665522e-02
2.363670253172875380e-02
2.363884990781300877e-02
2.364099727157070036e-02
2.364314462300297001e-02
2.364529196211128184e-02
2.364743928889669056e-02
2.364958660336058394e-02
2.365173390550416588e-02
2.365388119532874783e-02
2.365602847283554411e-02
2.365817573802584187e-02
2.366032299090091440e-02
2.366247023146198294e-02
2.366461745971028263e-02
2.366676467564714226e-02
2.366891187927375184e-02
2.367105907059137426e-02
2.367320624960136607e-02
2.367535341630486179e-02
2.367750057070323877e-02
2.367964771279763153e-02
2.368179484258937234e-02
2.368394196007965469e-02
2.368608906526980043e-02
2.368823615816105163e-02
2.369038323875466423e-02
2.369253030705185947e-02
2.369467736305393146e-02
2.369682440676208757e-02
2.369897143817762536e-02
2.370111845730180078e-02
2.370326546413583854e-02
2.370541245868103275e-02
2.370755944093859771e-02
2.370970641090982059e-02
2.371185336859590528e-02
2.371400031399819100e-02
2.371614724711784000e-02
2.371829416795610823e-02
2.372044107651431408e-02
2.372258797279370654e-02
2.372473485679544788e-02
2.372688172852084262e-02
2.372902858797121262e-02
2.373117543514766808e-02
2.373332227005159681e-02
2.373546909268418187e-02
2.373761590304665839e-02
2.373976270114028925e-02
2.374190948696632344e-02
2.374405626052605855e-02
2.374620302182067766e-02
2.374834977085146098e-02
2.375049650761966100e-02
2.375264323212649895e-02
2.375478994437326893e-02
2.375693664436113670e-02
2.375908333209144144e-02
2.376123000756539400e-02
2.376337667078421562e-02
2.376552332174921428e-02
2.376766996046156266e-02
2.376981658692260690e-02
2.377196320113350581e-02
2.377410980309548755e-02
2.377625639280993297e-02
2.377840297027790720e-02
2.378054953550080494e-02
2.378269608847978153e-02
2.378484262921608250e-02
2.378698915771106093e-02
2.378913567396580275e-02
2.379128217798166453e-02
2.379342866975986057e-02
2.379557514930163292e-02
2.379772161660820631e-02
2.379986807168083321e-02
2.380201451452080771e-02
2.380416094512925740e-02
2.380630736350754922e-02
2.380845376965684199e-02
2.381060016357839509e-02
2.381274654527348530e-02
2.381489291474332345e-02
2.381703927198917589e-02
2.381918561701226039e-02
2.382133194981378432e-02
2.382347827039506608e-02
2.382562457875727138e-02
2.382777087490167353e-02
2.382991715882955622e-02
2.383206343054210252e-02
2.383420969004053022e-02
2.383635593732613689e-02
2.383850217240016112e-02
2.384064839526376170e-02
2.384279460591826397e-02
2.384494080436485794e-02
2.384708699060476833e-02
2.384923316463929271e-02
2.385137932646962805e-02
2.385352547609700599e-02
2.385567161352275187e-02
2.385781773874798284e-02
2.385996385177393403e-02
2.386210995260191342e-02
2.386425604123316654e-02
2.386640211766886260e-02
2.386854818191022284e-02
2.387069423395864545e-02
2.387284027381510534e-02
2.387498630148107009e-02
2.387713231695767074e-02
2.387927832024609037e-02
2.388142431134766125e-02
2.388357029026358380e-02
2.388571625699512438e-02
2.388786221154341402e-02
2.389000815390976071e-02
2.389215408409544120e-02
2.389430000210160041e-02
2.389644590792945264e-02
2.389859180158031629e-02
2.390073768305544730e-02
2.390288355235596282e-02
2.390502940948314309e-02
2.390717525443821628e-02
2.390932108722240365e-02
2.391146690783700970e-02
2.391361271628315160e-02
2.391575851256218244e-02
2.391790429667520548e-02
2.392005006862352873e-02
2.392219582840832484e-02
2.392434157603091222e-02
2.392648731149240801e-02
2.392863303479416184e-02
2.393077874593731863e-02
2.393292444492310309e-02
2.393507013175280584e-02
2.393721580642756142e-02
2.393936146894866737e-02
2.394150711931735190e-02
2.394365275753485359e-02
2.394579838360229654e-02
2.394794399752105812e-02
2.395008959929222081e-02
2.395223518891706829e-02
2.395438076639690161e-02
2.395652633173280324e-02
2.395867188492617483e-02
2.396081742597805375e-02
2.396296295488975492e-02
2.396510847166252040e-02
2.396725397629756449e-02
2.396939946879606334e-02
2.397154494915927983e-02
2.397369041738846296e-02
2.397583587348477846e-02
2.397798131744950656e-02
2.398012674928376095e-02
2.398227216898894676e-02
2.398441757656611870e-02
2.398656297201659515e-02
2.398870835534152798e-02
2.399085372654215925e-02
2.399299908561981776e-02
2.399514443257555474e-02
2.399728976741070247e-02
2.399943509012641626e-02
2.400158040072399718e-02
2.400372569920460747e-02
2.400587098556945104e-02
2.400801625981975607e-02
2.401016152195677850e-02
2.401230677198172916e-02
2.401445200989583972e-02
2.401659723570025509e-02
2.401874244939622774e-02
2.402088765098503789e-02
2.402303284046782700e-02
2.402517801784587875e-02
2.402732318312036583e-02
2.402946833629246784e-02
2.403161347736352052e-02
2.403375860633461675e-02
2.403590372320703328e-02
2.403804882798195319e-02
2.404019392066068100e-02
2.404233900124431306e-02
2.404448406973411570e-02
2.404662912613131365e-02
2.404877417043711080e-02
2.405091920265277697e-02
2.405306422277946748e-02
2.405520923081836543e-02
2.405735422677071286e-02
2.405949921063775879e-02
2.406164418242071404e-02
2.406378914212076517e-02
2.406593408973913342e-02
2.406807902527700188e-02
2.407022394873566118e-02
2.407236886011624236e-02
2.407451375941995625e-02
2.407665864664812819e-02
2.407880352180183717e-02
2.408094838488232178e-02
2.408309323589084491e-02
2.408523807482863127e-02
2.408738290169681537e-02
2.408952771649662192e-02
2.409167251922932421e-02
2.409381730989607756e-02
2.409596208849814486e-02
2.409810685503661204e-02
2.410025160951284259e-02
2.410239635192797103e-02
2.410454108228318737e-02
2.410668580057973368e-02
2.410883050681880690e-02
2.411097520100160402e-02
2.411311988312933932e-02
2.411526455320328957e-02
2.411740921122454417e-02
2.411955385719436948e-02
2.412169849111400408e-02
2.412384311298456860e-02
2.412598772280736062e-02
2.412813232058354934e-02
2.413027690631430397e-02
2.413242148000090126e-02
2.413456604164448266e-02
2.413671059124629023e-02
2.413885512880756257e-02
2.414099965432942724e-02
2.414314416781309161e-02
2.414528866925982897e-02
2.414743315867082588e-02
2.414957763604724458e-02
2.415172210139026471e-02
2.415386655470119076e-02
2.415601099598113297e-02
2.415815542523136808e-02
2.416029984245307224e-02
2.416244424764741813e-02
2.416458864081565822e-02
2.416673302195888537e-02
2.416887739107850472e-02
2.417102174817550506e-02
2.417316609325122212e-02
2.417531042630674532e-02
2.417745474734340344e-02
2.417959905636230672e-02
2.418174335336470068e-02
2.418388763835178923e-02
2.418603191132473115e-02
2.418817617228478586e-02
2.419032042123307052e-02
2.419246465817080638e-02
2.419460888309922508e-02
2.419675309601957564e-02
2.419889729693297867e-02
2.420104148584063461e-02
2.420318566274371613e-02
2.420532982764353122e-02
2.420747398054121438e-02
2.420961812143789318e-02
2.421176225033486520e-02
2.421390636723328230e-02
2.421605047213435530e-02
2.421819456503931933e-02
2.422033864594923605e-02
2.422248271486545854e-02
2.422462677178912130e-02
2.422677081672137966e-02
2.422891484966348610e-02
2.423105887061662023e-02
2.423320287958194430e-02
2.423534687656066916e-02
2.423749086155403687e-02
2.423963483456323051e-02
2.424177879558932214e-02
2.424392274463370300e-02
2.424606668169739659e-02
2.424821060678169007e-02
2.425035451988777693e-02
2.425249842101676045e-02
2.425464231016997291e-02
2.425678618734845512e-02
2.425893005255351509e-02
2.426107390578631159e-02
2.426321774704800344e-02
2.426536157633980839e-02
2.426750539366292342e-02
2.426964919901856976e-02
2.427179299240784724e-02
2.427393677383205342e-02
2.427608054329226037e-02
2.427822430078974830e-02
2.428036804632572113e-02
2.428251177990128906e-02
2.428465550151762478e-02
2.428679921117606055e-02
2.428894290887769966e-02
2.429108659462371478e-02
2.429323026841529246e-02
2.429537393025365047e-02
2.429751758013991986e-02
2.429966121807541554e-02
2.430180484406115407e-02
2.430394845809850241e-02
2.430609206018848056e-02
2.430823565033235836e-02
2.431037922853136052e-02
2.431252279478658684e-02
2.431466634909927940e-02
2.431680989147059699e-02
2.431895342190175391e-02
2.432109694039393671e-02
2.432324044694827644e-02
2.432538394156598741e-02
2.432752742424830125e-02
2.432967089499633515e-02
2.433181435381129645e-02
2.433395780069437520e-02
2.433610123564678915e-02
2.433824465866964160e-02
2.434038806976420583e-02
2.434253146893155736e-02
2.434467485617300420e-02
2.434681823148962532e-02
2.434896159488261769e-02
2.435110494635324072e-02
2.435324828590260809e-02
2.435539161353193760e-02
2.435753492924239844e-02
2.435967823303511817e-02
2.436182152491140826e-02
2.436396480487227137e-02
2.436610807291902936e-02
2.436825132905282021e-02
2.437039457327483394e-02
2.437253780558622934e-02
2.437468102598818256e-02
2.437682423448187322e-02
2.437896743106847744e-02
2.438111061574926852e-02
2.438325378852527342e-02
2.438539694939774807e-02
2.438754009836789985e-02
2.438968323543687367e-02
2.439182636060577627e-02
2.439396947387594689e-02
2.439611257524844021e-02
2.439825566472445667e-02
2.440039874230516895e-02
2.440254180799180869e-02
2.440468486178549654e-02
2.440682790368739474e-02
2.440897093369871762e-02
2.441111395182063784e-02
2.441325695805435236e-02
2.441539995240095060e-02
2.441754293486169194e-02
2.441968590543773174e-02
2.442182886413027040e-02
2.442397181094038347e-02
2.442611474586933382e-02
2.442825766891829758e-02
2.443040058008837459e-02
2.443254347938087281e-02
2.443468636679680880e-02
2.443682924233745585e-02
2.443897210600397621e-02
2.444111495779750440e-02
2.444325779771923737e-02
2.444540062577031658e-02
2.444754344195195633e-02
2.444968624626534318e-02
2.445182903871164631e-02
2.445397181929192393e-02
2.445611458800746318e-02
2.445825734485942288e-02
2.446040008984894445e-02
2.446254282297721100e-02
2.446468554424541253e-02
2.446682825365472519e-02
2.446897095120620716e-02
2.447111363690120805e-02
2.447325631074070973e-02
2.447539897272603404e-02
2.447754162285827734e-02
2.447968426113859147e-02
2.448182688756822198e-02
2.448396950214825479e-02
2.448611210487988341e-02
2.448825469576434988e-02
2.449039727480267076e-02
2.449253984199614362e-02
2.449468239734586827e-02
2.449682494085305209e-02
2.449896747251884346e-02
2.450110999234444281e-02
2.450325250033092567e-02
2.450539499647952715e-02
2.450753748079139913e-02
2.450967995326774895e-02
2.451182241390963829e-02
2.451396486271833694e-02
2.451610729969499677e-02
2.451824972484070025e-02
2.452039213815672067e-02
2.452253453964408844e-02
2.452467692930412196e-02
2.452681930713784819e-02
2.452896167314653694e-02
2.453110402733128803e-02
2.453324636969333311e-02
2.453538870023372689e-02
2.453753101895370450e-02
2.453967332585444208e-02
2.454181562093703250e-02
2.454395790420272130e-02
2.454610017565259095e-02
2.454824243528788003e-02
2.455038468310963978e-02
2.455252691911916432e-02
2.455466914331753264e-02
2.455681135570589313e-02
2.455895355628551213e-02
2.456109574505740620e-02
2.456323792202285902e-02
2.456538008718293919e-02
2.456752224053885408e-02
2.456966438209171391e-02
2.457180651184278850e-02
2.457394862979312214e-02
2.457609073594395344e-02
2.457823283029633363e-02
2.458037491285159151e-02
2.458251698361068466e-02
2.458465904257492105e-02
2.458680108974540049e-02
2.458894312512325750e-02
2.459108514870970291e-02
2.459322716050586083e-02
2.459536916051295596e-02
2.459751114873202221e-02
2.459965312516430511e-02
2.460179508981086630e-02
2.460393704267298948e-02
2.460607898375179181e-02
2.460822091304834883e-02
2.461036283056391993e-02
2.461250473629965699e-02
2.461464663025656960e-02
2.461678851243599350e-02
2.461893038283897300e-02
2.462107224146669812e-02
2.462321408832028949e-02
2.462535592340097876e-02
2.462749774670984493e-02
2.462963955824806761e-02
2.463178135801680560e-02
2.463392314601717953e-02
2.463606492225038636e-02
2.463820668671754324e-02
2.464034843941981592e-02
2.464249018035838748e-02
2.464463190953435773e-02
2.464677362694897220e-02
2.464891533260319886e-02
2.465105702649833183e-02
2.465319870863554030e-02
2.465534037901587899e-02
2.465748203764057608e-02
2.465962368451067588e-02
2.466176531962749677e-02
2.466390694299200673e-02
2.466604855460553802e-02
2.466819015446903782e-02
2.467033174258384531e-02
2.467247331895098400e-02
2.467461488357165084e-02
2.467675643644696645e-02
2.467889797757813128e-02
2.468103950696625207e-02
2.468318102461247721e-02
2.468532253051796896e-02
2.468746402468387571e-02
2.468960550711134586e-02
2.469174697780147226e-02
2.469388843675550393e-02
2.469602988397450252e-02
2.469817131945961641e-02
2.470031274321204257e-02
2.470245415523288079e-02
2.470459555552335235e-02
2.470673694408451540e-02
2.470887832091754957e-02
2.471101968602354773e-02
2.471316103940373460e-02
2.471530238105922386e-02
2.471744371099121942e-02
2.471958502920072742e-02
2.472172633568900380e-02
2.472386763045714142e-02
2.472600891350629215e-02
2.472815018483766336e-02
2.473029144445230976e-02
2.473243269235136932e-02
2.473457392853607023e-02
2.473671515300746374e-02
2.473885636576673638e-02
2.474099756681502268e-02
2.474313875615354388e-02
2.474527993378326796e-02
2.474742109970552717e-02
2.474956225392126868e-02
2.475170339643181436e-02
2.475384452723819809e-02
2.475598564634156132e-02
2.475812675374311142e-02
2.476026784944395862e-02
2.476240893344515415e-02
2.476455000574796783e-02
2.476669106635350642e-02
2.476883211526286974e-02
2.477097315247717840e-02
2.477311417799762244e-02
2.477525519182535371e-02
2.477739619396144080e-02
2.477953718440711189e-02
2.478167816316335231e-02
2.478381913023150820e-02
2.478596008561256142e-02
2.478810102930774015e-02
2.479024196131806787e-02
2.479238288164485257e-02
2.479452379028907957e-02
2.479666468725190420e-02
2.479880557253450260e-02
2.480094644613799887e-02
2.480308730806360731e-02
2.480522815831233407e-02
2.480736899688538305e-02
2.480950982378385405e-02
2.481165063900889894e-02
2.481379144256165917e-02
2.481593223444329699e-02
2.481807301465489141e-02
2.482021378319761856e-02
2.482235454007255399e-02
2.482449528528085994e-02
2.482663601882371257e-02
2.482877674070224985e-02
2.483091745091748834e-02
2.483305814947071519e-02
2.483519883636295042e-02
2.483733951159536324e-02
2.483948017516906387e-02
2.484162082708525274e-02
2.484376146734500190e-02
2.484590209594941812e-02
2.484804271289971223e-02
2.485018331819691811e-02
2.485232391184228826e-02
2.485446449383684614e-02
2.485660506418174709e-02
2.485874562287817766e-02
2.486088616992720643e-02
2.486302670532996098e-02
2.486516722908761051e-02
2.486730774120126178e-02
2.486944824167203194e-02
2.487158873050108673e-02
2.487372920768955373e-02
2.487586967323853968e-02
2.487801012714911664e-02
2.488015056942251280e-02
2.488229100005976205e-02
2.488443141906211339e-02
2.488657182643055563e-02
2.488871222216629264e-02
2.489085260627046242e-02
2.489299297874414396e-02
2.489513333958857585e-02
2.489727368880474689e-02
2.489941402639382628e-02
2.490155435235694159e-02
2.490369466669517876e-02
2.490583496940977984e-02
2.490797526050176833e-02
2.491011553997235853e-02
2.491225580782254964e-02
2.491439606405359414e-02
2.491653630866649122e-02
2.491867654166244131e-02
2.492081676304256505e-02
2.492295697280802122e-02
2.492509717095982291e-02
2.492723735749920524e-02
2.492937753242724375e-02
2.493151769574502782e-02
2.493365784745373015e-02
2.493579798755447482e-02
2.493793811604835126e-02
2.494007823293651130e-02
2.494221833822004783e-02
2.494435843190009536e-02
2.494649851397777451e-02
2.494863858445423022e-02
2.495077864333058310e-02
2.495291869060789827e-02
2.495505872628735189e-02
2.495719875036999519e-02
2.495933876285703554e-02
2.496147876374956928e-02
2.496361875304871011e-02
2.496575873075550928e-02
2.496789869687118801e-02
2.497003865139679757e-02
2.497217859433348286e-02
2.497431852568239921e-02
2.497645844544459787e-02
2.497859835362121680e-02
2.498073825021338012e-02
2.498287813522223622e-02
2.498501800864885367e-02
2.498715787049439127e-02
2.498929772075993497e-02
2.499143755944661927e-02
2.499357738655554745e-02
2.499571720208780545e-02
2.499785700604461106e-02
2.499999679842695999e-02
2.500213657923604574e-02
2.500427634847300282e-02
2.500641610613885124e-02
2.500855585223479838e-02
2.501069558676192323e-02
2.501283530972132907e-02
2.501497502111413654e-02
2.501711472094145239e-02
2.501925440920439378e-02
2.502139408590414379e-02
2.502353375104170857e-02
2.502567340461823997e-02
2.502781304663490719e-02
2.502995267709272331e-02
2.503209229599288876e-02
2.503423190333646173e-02
2.503637149912461488e-02
2.503851108335838904e-02
2.504065065603893608e-02
2.504279021716738704e-02
2.504492976674476887e-02
2.504706930477228893e-02
2.504920883125103317e-02
2.505134834618210835e-02
2.505348784956657263e-02
2.505562734140557440e-02
2.505776682170029676e-02
2.505990629045171114e-02
2.506204574766104920e-02
2.506418519332938646e-02
2.506632462745775336e-02
2.506846405004738848e-02
2.507060346109929796e-02
2.507274286061462673e-02
2.507488224859451623e-02
2.507702162503997953e-02
2.507916098995230381e-02
2.508130034333240846e-02
2.508343968518149392e-02
2.508557901550065306e-02
2.508771833429098222e-02
2.508985764155357776e-02
2.509199693728958805e-02
2.509413622150010945e-02
2.509627549418621401e-02
2.509841475534905011e-02
2.510055400498973494e-02
2.510269324310930583e-02
2.510483246970892160e-02
2.510697168478969246e-02
2.510911088835267660e-02
2.511125008039901546e-02
2.511338926092982968e-02
2.511552842994616702e-02
2.511766758744918976e-02
2.511980673344001158e-02
2.512194586791964557e-02
2.512408499088930949e-02
2.512622410235001991e-02
2.512836320230291132e-02
2.513050229074911476e-02
2.513264136768970577e-02
2.513478043312578417e-02
2.513691948705842547e-02
2.513905852948877806e-02
2.514119756041792789e-02
2.514333657984701986e-02
2.514547558777709135e-02
2.514761458420926993e-02
2.514975356914471091e-02
2.515189254258439963e-02
2.515403150452952610e-02
2.515617045498111382e-02
2.515830939394038401e-02
2.516044832140834978e-02
2.516258723738607622e-02
2.516472614187476378e-02
2.516686503487543941e-02
2.516900391638927231e-02
2.517114278641732761e-02
2.517328164496062878e-02
2.517542049202036239e-02
2.517755932759763171e-02
2.517969815169348799e-02
2.518183696430909696e-02
2.518397576544546129e-02
2.518611455510372937e-02
2.518825333328504959e-02
2.519039209999043849e-02
2.519253085522098895e-02
2.519466959897787364e-02
2.519680833126213687e-02
2.519894705207492355e-02
2.520108576141725371e-02
2.520322445929029306e-02
2.520536314569509634e-02
2.520750182063277028e-02
2.520964048410442512e-02
2.521177913611109475e-02
2.521391777665399000e-02
2.521605640573413784e-02
2.521819502335260685e-02
2.522033362951051766e-02
2.522247222420901172e-02
2.522461080744909170e-02
2.522674937923195457e-02
2.522888793955856135e-02
2.523102648843014717e-02
2.523316502584776674e-02
2.523530355181238805e-02
2.523744206632526355e-02
2.523958056938749306e-02
2.524171906100003762e-02
2.524385754116407685e-02
2.524599600988066891e-02
2.524813446715092752e-02
2.525027291297596288e-02
2.525241134735678461e-02
2.525454977029459661e-02
2.525668818179039113e-02
2.525882658184535820e-02
2.526096497046048314e-02
2.526310334763694904e-02
2.526524171337578978e-02
2.526738006767813988e-02
2.526951841054497772e-02
2.527165674197758699e-02
2.527379506197688711e-02
2.527593337054403685e-02
2.527807166768009789e-02
2.528020995338615615e-02
2.528234822766336695e-02
2.528448649051276767e-02
2.528662474193546505e-02
2.528876298193256239e-02
2.529090121050502418e-02
2.529303942765414107e-02
2.529517763338082897e-02
2.529731582768629874e-02
2.529945401057151488e-02
2.530159218203762578e-02
2.530373034208577288e-02
2.530586849071699701e-02
2.530800662793237371e-02
2.531014475373294381e-02
2.531228286811990427e-02
2.531442097109430633e-02
2.531655906265715267e-02
2.531869714280963329e-02
2.532083521155271272e-02
2.532297326888764341e-02
2.532511131481540376e-02
2.532724934933702418e-02
2.532938737245375022e-02
2.533152538416650126e-02
2.533366338447648122e-02
2.533580137338469970e-02
2.533793935089227387e-02
2.534007731700029312e-02
2.534221527170981564e-02
2.534435321502194471e-02
2.534649114693776628e-02
2.534862906745839403e-02
2.535076697658478206e-02
2.535290487431818979e-02
2.535504276065949844e-02
2.535718063560997090e-02
2.535931849917066883e-02
2.536145635134258794e-02
2.536359419212683153e-02
2.536573202152446818e-02
2.536786983953663935e-02
2.537000764616436158e-02
2.537214544140877631e-02
2.537428322527096256e-02
2.537642099775196461e-02
2.537855875885280249e-02
2.538069650857470438e-02
2.538283424691863827e-02
2.538497197388570742e-02
2.538710968947698043e-02
2.538924739369361611e-02
2.539138508653657547e-02
2.539352276800700345e-02
2.539566043810599291e-02
2.539779809683458817e-02
2.539993574419383005e-02
2.540207338018486694e-02
2.540421100480878477e-02
2.540634861806661052e-02
2.540848621995941622e-02
2.541062381048831559e-02
2.541276138965435638e-02
2.541489895745865230e-02
2.541703651390224764e-02
2.541917405898621446e-02
2.542131159271169422e-02
2.542344911507963406e-02
2.542558662609124831e-02
2.542772412574755003e-02
2.542986161404957660e-02
2.543199909099844863e-02
2.543413655659524514e-02
2.543627401084102777e-02
2.543841145373688939e-02
2.544054888528382574e-02
2.544268630548298174e-02
2.544482371433548148e-02
2.544696111184230336e-02
2.544909849800453677e-02
2.545123587282335093e-02
2.545337323629966869e-02
2.545551058843461417e-02
2.545764792922938433e-02
2.545978525868484652e-02
2.546192257680222545e-02
2.546405988358252034e-02
2.546619717902686916e-02
2.546833446313621560e-02
2.547047173591177396e-02
2.547260899735455733e-02
2.547474624746564817e-02
2.547688348624609078e-02
2.547902071369696764e-02
2.548115792981936120e-02
2.548329513461435047e-02
2.548543232808295547e-02
2.548756951022624478e-02
2.548970668104536680e-02
2.549184384054132418e-02
2.549398098871525492e-02
2.549611812556815474e-02
2.549825525110114080e-02
2.550039236531522965e-02
2.550252946821149683e-02
2.550466655979107683e-02
2.550680364005500009e-02
2.550894070900429703e-02
2.551107776664007440e-02
2.551321481296338345e-02
2.551535184797528930e-02
2.551748887167690563e-02
2.551962588406924901e-02
2.552176288515341229e-02
2.552389987493047102e-02
2.552603685340141398e-02
2.552817382056737222e-02
2.553031077642944902e-02
2.553244772098866439e-02
2.553458465424607304e-02
2.553672157620275746e-02
2.553885848685976540e-02
2.554099538621816198e-02
2.554313227427906091e-02
2.554526915104343363e-02
2.554740601651242157e-02
2.554954287068710375e-02
2.555167971356846549e-02
2.555381654515761006e-02
2.555595336545562341e-02
2.555809017446356718e-02
2.556022697218246140e-02
2.556236375861344057e-02
2.556450053375750042e-02
2.556663729761567139e-02
2.556877405018911920e-02
2.557091079147883611e-02
2.557304752148591848e-02
2.557518424021143488e-02
2.557732094765636024e-02
2.557945764382189846e-02
2.558159432870898975e-02
2.558373100231874087e-02
2.558586766465225509e-02
2.558800431571051082e-02
2.559014095549458703e-02
2.559227758400562172e-02
2.559441420124457245e-02
2.559655080721254597e-02
2.559868740191064557e-02
2.560082398533983922e-02
2.560296055750123367e-02
2.560509711839594610e-02
2.560723366802491324e-02
2.560937020638928002e-02
2.561150673349009074e-02
2.561364324932838624e-02
2.561577975390524203e-02
2.561791624722162958e-02
2.562005272927877358e-02
2.562218920007762815e-02
2.562432565961925146e-02
2.562646210790477108e-02
2.562859854493510295e-02
2.563073497071145096e-02
2.563287138523475533e-02
2.563500778850612977e-02
2.563714418052663591e-02
2.563928056129735969e-02
2.564141693081928297e-02
2.564355328909350556e-02
2.564568963612108218e-02
2.564782597190303631e-02
2.564996229644047471e-02
2.565209860973441391e-02
2.565423491178590865e-02
2.565637120259604137e-02
2.565850748216587721e-02
2.566064375049637719e-02
2.566278000758867237e-02
2.566491625344382438e-02
2.566705248806286019e-02
2.566918871144682410e-02
2.567132492359681245e-02
2.567346112451384180e-02
2.567559731419894603e-02
2.567773349265320068e-02
2.567986965987771944e-02
2.568200581587345641e-02
2.568414196064154956e-02
2.568627809418294952e-02
2.568841421649874918e-02
2.569055032759009691e-02
2.569268642745792253e-02
2.569482251610326687e-02
2.569695859352726444e-02
2.569909465973098037e-02
2.570123071471537221e-02
2.570336675848152244e-02
2.570550279103053434e-02
2.570763881236335507e-02
2.570977482248115731e-02
2.571191082138490902e-02
2.571404680907567533e-02
2.571618278555451789e-02
2.571831875082246366e-02
2.572045470488057775e-02
2.572259064772992182e-02
2.572472657937152976e-02
2.572686249980645976e-02
2.572899840903570753e-02
2.573113430706039026e-02
2.573327019388151754e-02
2.573540606950016837e-02
2.573754193391734890e-02
2.573967778713407220e-02
2.574181362915149360e-02
2.574394945997060188e-02
2.574608527959251075e-02
2.574822108801810491e-02
2.575035688524860561e-02
2.575249267128489408e-02
2.575462844612815341e-02
2.575676420977943137e-02
2.575889996223960574e-02
2.576103570350988040e-02
2.576317143359130313e-02
2.576530715248483150e-02
2.576744286019152716e-02
2.576957855671252115e-02
2.577171424204873981e-02
2.577384991620132806e-02
2.577598557917122266e-02
2.577812123095961708e-02
2.578025687156741338e-02
2.578239250099566629e-02
2.578452811924551724e-02
2.578666372631794462e-02
2.578879932221397192e-02
2.579093490693465732e-02
2.579307048048111103e-02
2.579520604285427676e-02
2.579734159405524044e-02
2.579947713408502208e-02
2.580161266294475272e-02
2.580374818063536219e-02
2.580588368715789477e-02
2.580801918251345722e-02
2.581015466670308345e-02
2.581229013972777958e-02
2.581442560158856217e-02
2.581656105228655185e-02
2.581869649182275128e-02
2.582083192019821172e-02
2.582296733741385256e-02
2.582510274347089158e-02
2.582723813837028634e-02
2.582937352211309504e-02
2.583150889470034114e-02
2.583364425613304469e-02
2.583577960641227772e-02
2.583791494553908802e-02
2.584005027351445050e-02
2.584218559033943721e-02
2.584432089601509941e-02
2.584645619054248833e-02
2.584859147392265868e-02
2.585072674615654029e-02
2.585286200724528846e-02
2.585499725718987465e-02
2.585713249599135705e-02
2.585926772365080076e-02
2.586140294016914601e-02
2.586353814554753425e-02
2.586567333978691957e-02
2.586780852288839139e-02
2.586994369485299747e-02
2.587207885568170579e-02
2.587421400537566474e-02
2.587634914393574168e-02
2.587848427136313009e-02
2.588061938765880837e-02
2.588275449282377919e-02
2.588488958685911459e-02
2.588702466976582073e-02
2.588915974154492455e-02
2.589129480219751894e-02
2.589342985172461004e-02
2.589556489012718316e-02
2.589769991740635546e-02
2.589983493356311575e-02
2.590196993859843200e-02
2.590410493251345259e-02
2.590623991530911774e-02
2.590837488698650645e-02
2.591050984754668385e-02
2.591264479699061096e-02
2.591477973531934598e-02
2.591691466253387768e-02
2.591904957863536835e-02
2.592118448362476860e-02
2.592331937750301865e-02
2.592545426027130853e-02
2.592758913193059234e-02
2.592972399248181375e-02
2.593185884192621832e-02
2.593399368026461441e-02
2.593612850749815735e-02
2.593826332362786022e-02
2.594039812865470140e-02
2.594253292257980154e-02
2.594466770540409389e-02
2.594680247712870952e-02
2.594893723775456781e-02
2.595107198728277553e-02
2.595320672571427636e-02
2.595534145305019441e-02
2.595747616929148724e-02
2.595961087443923732e-02
2.596174556849447854e-02
2.596388025145816847e-02
2.596601492333136182e-02
2.596814958411512025e-02
2.597028423381042561e-02
2.597241887241835689e-02
2.597455349993989943e-02
2.597668811637604547e-02
2.597882272172793647e-02
2.598095731599646407e-02
2.598309189918275933e-02
2.598522647128777285e-02
2.598736103231261835e-02
2.598949558225819093e-02
2.599163012112560081e-02
2.599376464891587496e-02
2.599589916563007155e-02
2.599803367126910653e-02
2.600016816583407969e-02
2.600230264932602495e-02
2.600443712174588251e-02
2.600657158309480424e-02
2.600870603337372688e-02
2.601084047258363924e-02
2.601297490072570009e-02
2.601510931780081845e-02
2.601724372380998310e-02
2.601937811875436671e-02
2.602151250263486093e-02
2.602364687545253782e-02
2.602578123720842088e-02
2.602791558790351623e-02
2.603004992753887512e-02
2.603218425611549675e-02
2.603431857363438032e-02
2.603645288009660830e-02
2.603858717550311744e-02
2.604072145985503878e-02
2.604285573315323968e-02
2.604498999539889975e-02
2.604712424659294534e-02
2.604925848673647626e-02
2.605139271583039109e-02
2.605352693387578966e-02
2.605566114087366769e-02
2.605779533682503479e-02
2.605992952173096650e-02
2.606206369559243771e-02
2.606419785841048581e-02
2.606633201018607529e-02
2.606846615092028169e-02
2.607060028061413542e-02
2.607273439926862529e-02
2.607486850688475744e-02
2.607700260346354146e-02
2.607913668900599391e-02
2.608127076351319032e-02
2.608340482698612295e-02
2.608553887942580141e-02
2.608767292083326653e-02
2.608980695120943424e-02
2.609194097055539743e-02
2.609407497887219693e-02
2.609620897616085275e-02
2.609834296242230511e-02
2.610047693765760179e-02
2.610261090186780097e-02
2.610474485505386716e-02
2.610687879721682730e-02
2.610901272835770490e-02
2.611114664847753036e-02
2.611328055757730637e-02
2.611541445565798356e-02
2.611754834272069989e-02
2.611968221876634355e-02
2.612181608379605946e-02
2.612394993781074620e-02
2.612608378081144461e-02
2.612821761279919552e-02
2.613035143377501895e-02
2.613248524373991410e-02
2.613461904269486283e-02
2.613675283064094759e-02
2.613888660757906351e-02
2.614102037351037980e-02
2.614315412843576034e-02
2.614528787235628066e-02
2.614742160527298159e-02
2.614955532718685888e-02
2.615168903809888395e-02
2.615382273801006643e-02
2.615595642692149919e-02
2.615809010483410510e-02
2.616022377174892846e-02
2.616235742766703093e-02
2.616449107258934925e-02
2.616662470651691386e-02
2.616875832945073088e-02
2.617089194139177524e-02
2.617302554234112941e-02
2.617515913229980645e-02
2.617729271126875701e-02
2.617942627924898027e-02
2.618155983624153790e-02
2.618369338224740481e-02
2.618582691726764611e-02
2.618796044130318121e-02
2.619009395435504747e-02
2.619222745642436553e-02
2.619436094751194377e-02
2.619649442761893057e-02
2.619862789674628004e-02
2.620076135489503646e-02
2.620289480206616436e-02
2.620502823826068722e-02
2.620716166347963547e-02
2.620929507772394237e-02
2.621142848099472164e-02
2.621356187329287532e-02
2.621569525461955874e-02
2.621782862497555947e-02
2.621996198436204670e-02
2.622209533277996066e-02
2.622422867023037341e-02
2.622636199671423210e-02
2.622849531223250125e-02
2.623062861678626331e-02
2.623276191037650362e-02
2.623489519300420056e-02
2.623702846467038802e-02
2.623916172537605826e-02
2.624129497512222089e-02
2.624342821390983349e-02
2.624556144173997504e-02
2.624769465861360312e-02
2.624982786453172387e-02
2.625196105949534689e-02
2.625409424350545404e-02
2.625622741656311043e-02
2.625836057866925630e-02
2.626049372982487001e-02
2.626262687003107568e-02
2.626475999928872332e-02
2.626689311759889192e-02
2.626902622496262579e-02
2.627115932138087209e-02
2.627329240685461267e-02
2.627542548138489878e-02
2.627755854497263940e-02
2.627969159761894824e-02
2.628182463932476898e-02
2.628395767009117021e-02
2.628609068991904010e-02
2.628822369880937440e-02
2.629035669676332496e-02
2.629248968378180076e-02
2.629462265986570041e-02
2.629675562501619657e-02
2.629888857923418782e-02
2.630102152252069420e-02
2.630315445487671489e-02
2.630528737630325950e-02
2.630742028680129255e-02
2.630955318637185486e-02
2.631168607501592829e-02
2.631381895273451552e-02
2.631595181952860879e-02
2.631808467539915875e-02
2.632021752034724438e-02
2.632235035437377121e-02
2.632448317747988417e-02
2.632661598966641592e-02
2.632874879093443504e-02
2.633088158128494768e-02
2.633301436071893570e-02
2.633514712923738094e-02
2.633727988684133464e-02
2.633941263353171969e-02
2.634154536930952833e-02
2.634367809417580142e-02
2.634581080813157630e-02
2.634794351117777933e-02
2.635007620331541664e-02
2.635220888454549437e-02
2.635434155486895275e-02
2.635647421428691933e-02
2.635860686280021639e-02
2.636073950040993680e-02
2.636287212711706934e-02
2.636500474292258200e-02
2.636713734782756072e-02
2.636926994183284509e-02
2.637140252493954881e-02
2.637353509714857394e-02
2.637566765846098560e-02
2.637780020887778298e-02
2.637993274839985081e-02
2.638206527702829582e-02
2.638419779476408600e-02
2.638633030160817544e-02
2.638846279756157376e-02
2.639059528262528709e-02
2.639272775680027647e-02
2.639486022008760355e-02
2.639699267248811834e-02
2.639912511400299699e-02
2.640125754463303054e-02
2.640338996437944022e-02
2.640552237324301707e-02
2.640765477122481580e-02
2.640978715832579746e-02
2.641191953454703756e-02
2.641405189988946592e-02
2.641618425435405745e-02
2.641831659794184953e-02
2.642044893065381359e-02
2.642258125249091413e-02
2.642471356345416078e-02
2.642684586354449028e-02
2.642897815276300244e-02
2.643111043111058198e-02
2.643324269858829401e-02
2.643537495519706140e-02
2.643750720093789031e-02
2.643963943581175910e-02
2.644177165981970168e-02
2.644390387296266173e-02
2.644603607524163499e-02
2.644816826665763454e-02
2.645030044721159365e-02
2.645243261690454276e-02
2.645456477573742207e-02
2.645669692371128631e-02
2.645882906082712774e-02
2.646096118708578596e-02
2.646309330248842323e-02
2.646522540703590345e-02
2.646735750072930216e-02
2.646948958356955608e-02
2.647162165555762975e-02
2.647375371669450500e-02
2.647588576698120880e-02
2.647801780641872993e-02
2.648014983500807454e-02
2.648228185275011692e-02
2.648441385964593608e-02
2.648654585569645836e-02
2.648867784090271071e-02
2.649080981526565765e-02
2.649294177878632264e-02
2.649507373146564593e-02
2.649720567330457813e-02
2.649933760430411844e-02
2.650146952446533893e-02
2.650360143378912431e-02
2.650573333227644601e-02
2.650786521992841774e-02
2.650999709674583746e-02
2.651212896272982927e-02
2.651426081788126055e-02
2.651639266220123803e-02
2.651852449569066378e-02
2.652065631835051965e-02
2.652278813018180137e-02
2.652491993118553243e-02
2.652705172136262529e-02
2.652918350071403406e-02
2.653131526924082037e-02
2.653344702694390711e-02
2.653557877382435939e-02
2.653771050988302030e-02
2.653984223512100699e-02
2.654197394953925274e-02
2.654410565313864573e-02
2.654623734592024761e-02
2.654836902788508882e-02
2.655050069903401241e-02
2.655263235936814598e-02
2.655476400888833605e-02
2.655689564759560611e-02
2.655902727549095538e-02
2.656115889257536569e-02
2.656329049884977728e-02
2.656542209431521362e-02
2.656755367897263229e-02
2.656968525282294921e-02
2.657181681586720523e-02
2.657394836810643771e-02
2.657607990954153482e-02
2.657821144017342985e-02
2.658034296000322955e-02
2.658247446903172842e-02
2.658460596726013384e-02
2.658673745468923336e-02
2.658886893132006088e-02
2.659100039715363642e-02
2.659313185219087591e-02
2.659526329643277509e-02
2.659739472988030540e-02
2.659952615253444175e-02
2.660165756439619375e-02
2.660378896546646346e-02
2.660592035574630213e-02
2.660805173523661180e-02
2.661018310393838820e-02
2.661231446185267913e-02
2.661444580898036233e-02
2.661657714532245436e-02
2.661870847087989544e-02
2.662083978565367784e-02
2.662297108964478340e-02
2.662510238285418704e-02
2.662723366528282204e-02
2.662936493693173270e-02
2.663149619780178640e-02
2.663362744789406558e-02
2.663575868720946885e-02
2.663788991574900927e-02
2.664002113351364442e-02
2.664215234050430758e-02
2.664428353672201530e-02
2.664641472216770085e-02
2.664854589684243977e-02
2.665067706074705431e-02
2.665280821388257143e-02
2.665493935624998686e-02
2.665707048785027899e-02
2.665920160868435682e-02
2.666133271875322647e-02
2.666346381805789062e-02
2.666559490659925827e-02
2.666772598437832514e-02
2.666985705139606963e-02
2.667198810765340072e-02
2.667411915315135232e-02
2.667625018789093402e-02
2.667838121187301667e-02
2.668051222509863415e-02
2.668264322756868159e-02
2.668477421928419288e-02
2.668690520024613599e-02
2.668903617045541993e-02
2.669116712991305776e-02
2.669329807862005216e-02
2.669542901657723927e-02
2.669755994378573624e-02
2.669969086024646596e-02
2.670182176596028883e-02
2.670395266092833592e-02
2.670608354515141558e-02
2.670821441863064152e-02
2.671034528136687416e-02
2.671247613336109536e-02
2.671460697461432166e-02
2.671673780512747592e-02
2.671886862490152614e-02
2.672099943393740906e-02
2.672313023223617592e-02
2.672526101979872878e-02
2.672739179662604603e-02
2.672952256271905400e-02
2.673165331807877965e-02
2.673378406270609728e-02
2.673591479660205120e-02
2.673804551976765448e-02
2.674017623220374326e-02
2.674230693391133756e-02
2.674443762489137066e-02
2.674656830514482789e-02
2.674869897467272925e-02
2.675082963347593171e-02
2.675296028155549691e-02
2.675509091891232691e-02
2.675722154554740356e-02
2.675935216146163240e-02
2.676148276665604384e-02
2.676361336113163708e-02
2.676574394488924480e-02
2.676787451792991823e-02
2.677000508025462883e-02
2.677213563186430292e-02
2.677426617275981829e-02
2.677639670294227822e-02
2.677852722241259517e-02
2.678065773117174406e-02
2.678278822922062000e-02
2.678491871656024648e-02
2.678704919319153943e-02
2.678917965911555010e-02
2.679131011433306953e-02
2.679344055884517323e-02
2.679557099265285694e-02
2.679770141575697068e-02
2.679983182815851017e-02
2.680196222985853013e-02
2.680409262085783895e-02
2.680622300115745663e-02
2.680835337075838237e-02
2.681048372966151130e-02
2.681261407786784262e-02
2.681474441537834430e-02
2.681687474219385595e-02
2.681900505831550860e-02
2.682113536374413840e-02
2.682326565848077576e-02
2.682539594252632970e-02
2.682752621588176123e-02
2.682965647854807303e-02
2.683178673052616023e-02
2.683391697181699079e-02
2.683604720242149799e-02
2.683817742234070533e-02
2.684030763157550098e-02
2.684243783012693965e-02
2.684456801799585401e-02
2.684669819518324327e-02
2.684882836169011008e-02
2.685095851751732876e-02
2.685308866266597830e-02
2.685521879713684279e-02
2.685734892093097001e-02
2.685947903404935916e-02
2.686160913649287413e-02
2.686373922826253147e-02
2.686586930935923670e-02
2.686799937978395780e-02
2.687012943953767316e-02
2.687225948862126054e-02
2.687438952703581976e-02
2.687651955478221472e-02
2.687864957186130235e-02
2.688077957827420331e-02
2.688290957402176412e-02
2.688503955910496318e-02
2.688716953352477887e-02
2.688929949728215141e-02
2.689142945037801061e-02
2.689355939281332444e-02
2.689568932458898110e-02
2.689781924570605262e-02
2.689994915616539944e-02
2.690207905596799301e-02
2.690420894511481864e-02
2.690633882360681656e-02
2.690846869144488882e-02
2.691059854862998951e-02
2.691272839516303458e-02
2.691485823104514813e-02
2.691698805627710731e-02
2.691911787085990090e-02
2.692124767479453853e-02
2.692337746808187715e-02
2.692550725072298187e-02
2.692763702271865414e-02
2.692976678406995214e-02
2.693189653477778486e-02
2.693402627484309947e-02
2.693615600426685006e-02
2.693828572304999766e-02
2.694041543119349638e-02
2.694254512869827950e-02
2.694467481556522132e-02
2.694680449179541123e-02
2.694893415738971662e-02
2.695106381234900830e-02
2.695319345667436528e-02
2.695532309036670696e-02
2.695745271342697702e-02
2.695958232585602549e-02
2.696171192765491401e-02
2.696384151882456545e-02
2.696597109936588882e-02
2.696810066927985208e-02
2.697023022856739893e-02
2.697235977722941061e-02
2.697448931526694876e-02
2.697661884268093974e-02
2.697874835947224048e-02
2.698087786564183285e-02
2.698300736119071605e-02
2.698513684611976784e-02
2.698726632042998744e-02
2.698939578412226301e-02
2.699152523719754865e-02
2.699365467965685744e-02
2.699578411150098736e-02
2.699791353273100353e-02
2.700004294334784963e-02
2.700217234335245201e-02
2.700430173274567455e-02
2.700643111152854769e-02
2.700856047970201859e-02
2.701068983726698236e-02
2.701281918422434800e-02
2.701494852057520490e-02
2.701707784632035800e-02
2.701920716146075097e-02
2.702133646599738301e-02
2.702346575993119782e-02
2.702559504326309398e-02
2.702772431599400477e-02
2.702985357812494674e-02
2.703198282965673868e-02
2.703411207059048735e-02
2.703624130092701847e-02
2.703837052066724103e-02
2.704049972981213690e-02
2.704262892836275037e-02
2.704475811631982043e-02
2.704688729368448161e-02
2.704901646045750410e-02
2.705114561663995998e-02
2.705327476223271313e-02
2.705540389723670378e-02
2.705753302165296928e-02
2.705966213548233190e-02
2.706179123872574227e-02
2.706392033138413020e-02
2.706604941345854692e-02
2.706817848494978349e-02
2.707030754585892235e-02
2.707243659618679965e-02
2.707456563593434173e-02
2.707669466510255821e-02
2.707882368369233378e-02
2.708095269170457398e-02
2.708308168914030575e-02
2.708521067600043464e-02
2.708733965228583146e-02
2.708946861799750583e-02
2.709159757313640143e-02
2.709372651770335788e-02
2.709585545169948193e-02
2.709798437512554031e-02
2.710011328798252184e-02
2.710224219027138753e-02
2.710437108199304293e-02
2.710649996314847682e-02
2.710862883373854268e-02
2.711075769376426053e-02
2.711288654322649774e-02
2.711501538212623269e-02
2.711714421046433274e-02
2.711927302824181443e-02
2.712140183545961453e-02
2.712353063211857956e-02
2.712565941821964630e-02
2.712778819376383127e-02
2.712991695875205736e-02
2.713204571318521968e-02
2.713417445706421335e-02
2.713630319039007574e-02
2.713843191316368808e-02
2.714056062538594549e-02
2.714268932705779860e-02
2.714481801818020845e-02
2.714694669875402852e-02
2.714907536878035516e-02
2.715120402825998633e-02
2.715333267719384491e-02
2.715546131558293011e-02
2.715758994342814397e-02
2.715971856073040938e-02
2.716184716749067349e-02
2.716397576370982794e-02
2.716610434938885460e-02
2.716823292452867980e-02
2.717036148913022642e-02
2.717249004319437222e-02
2.717461858672213029e-02
2.717674711971439921e-02
2.717887564217202206e-02
2.718100415409602580e-02
2.718313265548740268e-02
2.718526114634688476e-02
2.718738962667558573e-02
2.718951809647435214e-02
2.719164655574409645e-02
2.719377500448575194e-02
2.719590344270032822e-02
2.719803187038867878e-02
2.720016028755173343e-02
2.720228869419041504e-02
2.720441709030567423e-02
2.720654547589844430e-02
2.720867385096963770e-02
2.721080221552019812e-02
2.721293056955101375e-02
2.721505891306302480e-02
2.721718724605721659e-02
2.721931556853443221e-02
2.722144388049562228e-02
2.722357218194175477e-02
2.722570047287369704e-02
2.722782875329240321e-02
2.722995702319883429e-02
2.723208528259385766e-02
2.723421353147842047e-02
2.723634176985344560e-02
2.723846999771986979e-02
2.724059821507861245e-02
2.724272642193056523e-02
2.724485461827671345e-02
2.724698280411793141e-02
2.724911097945517321e-02
2.725123914428935132e-02
2.725336729862137125e-02
2.725549544245220793e-02
2.725762357578273218e-02
2.725975169861393280e-02
2.726187981094660429e-02
2.726400791278179789e-02
2.726613600412036362e-02
2.726826408496327986e-02
2.727039215531144520e-02
2.727252021516581373e-02
2.727464826452720426e-02
2.727677630339661249e-02
2.727890433177500296e-02
2.728103234966322566e-02
2.728316035706223816e-02
2.728528835397293906e-02
2.728741634039624081e-02
2.728954431633312527e-02
2.729167228178444940e-02
2.729380023675117076e-02
2.729592818123419140e-02
2.729805611523442380e-02
2.730018403875280122e-02
2.730231195179025697e-02
2.730443985434767573e-02
2.730656774642604978e-02
2.730869562802624301e-02
2.731082349914912277e-02
2.731295135979574726e-02
2.731507920996689015e-02
2.731720704966353677e-02
2.731933487888668285e-02
2.732146269763711596e-02
2.732359050591582142e-02
2.732571830372367006e-02
2.732784609106166454e-02
2.732997386793064795e-02
2.733210163433156051e-02
2.733422939026533202e-02
2.733635713573285414e-02
2.733848487073512259e-02
2.734061259527294924e-02
2.734274030934734367e-02
2.734486801295915939e-02
2.734699570610925681e-02
2.734912338879868371e-02
2.735125106102831438e-02
2.735337872279903701e-02
2.735550637411176406e-02
2.735763401496742186e-02
2.735976164536693678e-02
2.736188926531131493e-02
2.736401687480126063e-02
2.736614447383786328e-02
2.736827206242197288e-02
2.737039964055449151e-02
2.737252720823639754e-02
2.737465476546852017e-02
2.737678231225186901e-02
2.737890984858730795e-02
2.738103737447568700e-02
2.738316488991805395e-02
2.738529239491523798e-02
2.738741988946817585e-02
2.738954737357774880e-02
2.739167484724489704e-02
2.739380231047056774e-02
2.739592976325560744e-02
2.739805720560097718e-02
2.740018463750759636e-02
2.740231205897634276e-02
2.740443947000812883e-02
2.740656687060391561e-02
2.740869426076454618e-02
2.741082164049101627e-02
2.741294900978413773e-02
2.741507636864488548e-02
2.741720371707423096e-02
2.741933105507293397e-02
2.742145838264202148e-02
2.742358569978237126e-02
2.742571300649488189e-02
2.742784030278047624e-02
2.742996758864010148e-02
2.743209486407456252e-02
2.743422212908491406e-02
2.743634938367196796e-02
2.743847662783667138e-02
2.744060386157990902e-02
2.744273108490260030e-02
2.744485829780566460e-02
2.744698550029002482e-02
2.744911269235651360e-02
2.745123987400613016e-02
2.745336704523981819e-02
2.745549420605832361e-02
2.745762135646276358e-02
2.745974849645380772e-02
2.746187562603257665e-02
2.746400274519985099e-02
2.746612985395663689e-02
2.746825695230371150e-02
2.747038404024215383e-02
2.747251111777274449e-02
2.747463818489637166e-02
2.747676524161405537e-02
2.747889228792662480e-02
2.748101932383498550e-02
2.748314634934010889e-02
2.748527336444282071e-02
2.748740036914407853e-02
2.748952736344475664e-02
2.749165434734586119e-02
2.749378132084812770e-02
2.749590828395256231e-02
2.749803523666005667e-02
2.750016217897155793e-02
2.750228911088792652e-02
2.750441603241004368e-02
2.750654294353887044e-02
2.750866984427529846e-02
2.751079673462026448e-02
2.751292361457451791e-02
2.751505048413915161e-02
2.751717734331502949e-02
2.751930419210293563e-02
2.752143103050392475e-02
2.752355785851879830e-02
2.752568467614853118e-02
2.752781148339402545e-02
2.752993828025608603e-02
2.753206506673570517e-02
2.753419184283377105e-02
2.753631860855116145e-02
2.753844536388884434e-02
2.754057210884766280e-02
2.754269884342851540e-02
2.754482556763230075e-02
2.754695228145998334e-02
2.754907898491242707e-02
2.755120567799056175e-02
2.755333236069520964e-02
2.755545903302741503e-02
2.755758569498791347e-02
2.755971234657766944e-02
2.756183898779757807e-02
2.756396561864868366e-02
2.756609223913163501e-02
2.756821884924751803e-02
2.757034544899717235e-02
2.757247203838148961e-02
2.757459861740137880e-02
2.757672518605778708e-02
2.757885174435153672e-02
2.758097829228359915e-02
2.758310482985480705e-02
2.758523135706609369e-02
2.758735787391835420e-02
2.758948438041249063e-02
2.759161087654946054e-02
2.759373736233006885e-02
2.759586383775520374e-02
2.759799030282586788e-02
2.760011675754284535e-02
2.760224320190712843e-02
2.760436963591959142e-02
2.760649605958113983e-02
2.760862247289262716e-02
2.761074887585494506e-02
2.761287526846904414e-02
2.761500165073582647e-02
2.761712802265613512e-02
2.761925438423091031e-02
2.762138073546100900e-02
2.762350707634740610e-02
2.762563340689089958e-02
2.762775972709247477e-02
2.762988603695292270e-02
2.763201233647323909e-02
2.763413862565431214e-02
2.763626490449697451e-02
2.763839117300212478e-02
2.764051743117077950e-02
2.764264367900372624e-02
2.764476991650182888e-02
2.764689614366607970e-02
2.764902236049730094e-02
2.765114856699642243e-02
2.765327476316438438e-02
2.765540094900196047e-02
2.765752712451012563e-02
2.765965328968975415e-02
2.766177944454181054e-02
2.766390558906705460e-02
2.766603172326645432e-02
2.766815784714100890e-02
2.767028396069140528e-02
2.767241006391865654e-02
2.767453615682362658e-02
2.767666223940721398e-02
2.767878831167036938e-02
2.768091437361388379e-02
2.768304042523876685e-02
2.768516646654572630e-02
2.768729249753583421e-02
2.768941851820993713e-02
2.769154452856895446e-02
2.769367052861367723e-02
2.769579651834504219e-02
2.769792249776394447e-02
2.770004846687129305e-02
2.770217442566800040e-02
2.770430037415492347e-02
2.770642631233295045e-02
2.770855224020298338e-02
2.771067815776588616e-02
2.771280406502258514e-02
2.771492996197394768e-02
2.771705584862092439e-02
2.771918172496425775e-02
2.772130759100505798e-02
2.772343344674397733e-02
2.772555929218210174e-02
2.772768512732024654e-02
2.772981095215926173e-02
2.773193676670006325e-02
2.773406257094356356e-02
2.773618836489065431e-02
2.773831414854218205e-02
2.774043992189906965e-02
2.774256568496216019e-02
2.774469143773239735e-02
2.774681718021066237e-02
2.774894291239784344e-02
2.775106863429474546e-02
2.775319434590243356e-02
2.775532004722162938e-02
2.775744573825327660e-02
2.775957141899829117e-02
2.776169708945747799e-02
2.776382274963180852e-02
2.776594839952215010e-02
2.776807403912939787e-02
2.777019966845439142e-02
2.777232528749805363e-02
2.777445089626126226e-02
2.777657649474491244e-02
2.777870208294988888e-02
2.778082766087707281e-02
2.778295322852735241e-02
2.778507878590161240e-02
2.778720433300067155e-02
2.778932986982556724e-02
2.779145539637708009e-02
2.779358091265604624e-02
2.779570641866349265e-02
2.779783191440020687e-02
2.779995739986707709e-02
2.780208287506502965e-02
2.780420833999486252e-02
2.780633379465758531e-02
2.780845923905399947e-02
2.781058467318505908e-02
2.781271009705154479e-02
2.781483551065440027e-02
2.781696091399447207e-02
2.781908630707271429e-02
2.782121168988995613e-02
2.782333706244706842e-02
2.782546242474496362e-02
2.782758777678451256e-02
2.782971311856659996e-02
2.783183845009216950e-02
2.783396377136198099e-02
2.783608908237702323e-02
2.783821438313811847e-02
2.784033967364620346e-02
2.784246495390204842e-02
2.784459022390664909e-02
2.784671548366081731e-02
2.784884073316548289e-02
2.785096597242150279e-02
2.785309120142976519e-02
2.785521642019119296e-02
2.785734162870658406e-02
2.785946682697688567e-02
2.786159201500289923e-02
2.786371719278554759e-02
2.786584236032574324e-02
2.786796751762435700e-02
2.787009266468227706e-02
2.787221780150027708e-02
2.787434292807939099e-02
2.787646804442037163e-02
2.787859315052416617e-02
2.788071824639165239e-02
2.788284333202369764e-02
2.788496840742119703e-02
2.788709347258494509e-02
2.788921852751594446e-02
2.789134357221498620e-02
2.789346860668296194e-02
2.789559363092077721e-02
2.789771864492933406e-02
2.789984364870946518e-02
2.790196864226197199e-02
2.790409362558793002e-02
2.790621859868804011e-02
2.790834356156323900e-02
2.791046851421440447e-02
2.791259345664243857e-02
2.791471838884819132e-02
2.791684331083249190e-02
2.791896822259632913e-02
2.792109312414049402e-02
2.792321801546588864e-02
2.792534289657338381e-02
2.792746776746386078e-02
2.792959262813820426e-02
2.793171747859724344e-02
2.793384231884192548e-02
2.793596714887304489e-02
2.793809196869154882e-02
2.794021677829824565e-02
2.794234157769408602e-02
2.794446636687988872e-02
2.794659114585656967e-02
2.794871591462497543e-02
2.795084067318593171e-02
2.795296542154042385e-02
2.795509015968919778e-02
2.795721488763329432e-02
2.795933960537343166e-02
2.796146431291050491e-02
2.796358901024547164e-02
2.796571369737912982e-02
2.796783837431235376e-02
2.796996304104611142e-02
2.797208769758112445e-02
2.797421234391843023e-02
2.797633698005877120e-02
2.797846160600303902e-02
2.798058622175218779e-02
2.798271082730702936e-02
2.798483542266838250e-02
2.798696000783720828e-02
2.798908458281435668e-02
2.799120914760064305e-02
2.799333370219702841e-02
2.799545824660434543e-02
2.799758278082341290e-02
2.799970730485519185e-02
2.800183181870050803e-02
2.800395632236021143e-02
2.800608081583515901e-02
2.800820529912628060e-02
2.801032977223442966e-02
2.801245423516054642e-02
2.801457868790529007e-02
2.801670313046974309e-02
2.801882756285466181e-02
2.802095198506097604e-02
2.802307639708948028e-02
2.802520079894115293e-02
2.802732519061675032e-02
2.802944957211717103e-02
2.803157394344333794e-02
2.803369830459615311e-02
2.803582265557630696e-02
2.803794699638482990e-02
2.804007132702253727e-02
2.804219564749029295e-02
2.804431995778894002e-02
2.804644425791938747e-02
2.804856854788255471e-02
2.805069282767920155e-02
2.805281709731021270e-02
2.805494135677647285e-02
2.805706560607890490e-02
2.805918984521832416e-02
2.806131407419552512e-02
2.806343829301157985e-02
2.806556250166713368e-02
2.806768670016316844e-02
2.806981088850051334e-02
2.807193506668005309e-02
2.807405923470269321e-02
2.807618339256920739e-02
2.807830754028050810e-02
2.808043167783746269e-02
2.808255580524088996e-02
2.808467992249176481e-02
2.808680402959090605e-02
2.808892812653912205e-02
2.809105221333728017e-02
2.809317628998631022e-02
2.809530035648704141e-02
2.809742441284030293e-02
2.809954845904707663e-02
2.810167249510810150e-02
2.810379652102429696e-02
2.810592053679653035e-02
2.810804454242562048e-02
2.811016853791249367e-02
2.811229252325792016e-02
2.811441649846285751e-02
2.811654046352820430e-02
2.811866441845466136e-02
2.812078836324321401e-02
2.812291229789470881e-02
2.812503622240995413e-02
2.812716013678989019e-02
2.812928404103533578e-02
2.813140793514709581e-02
2.813353181912616602e-02
2.813565569297335825e-02
2.813777955668944966e-02
2.813990341027541170e-02
2.814202725373197989e-02
2.814415108706020199e-02
2.814627491026075110e-02
2.814839872333457782e-02
2.815052252628253565e-02
2.815264631910548501e-02
2.815477010180432102e-02
2.815689387437978614e-02
2.815901763683287956e-02
2.816114138916436110e-02
2.816326513137518833e-02
2.816538886346609677e-02
2.816751258543804745e-02
2.816963629729183141e-02
2.817175999902838540e-02
2.817388369064849352e-02
2.817600737215303006e-02
2.817813104354293524e-02
2.818025470481898623e-02
2.818237835598200181e-02
2.818450199703294995e-02
2.818662562797256618e-02
2.818874924880184971e-02
2.819087285952154992e-02
2.819299646013257929e-02
2.819512005063575313e-02
2.819724363103198739e-02
2.819936720132207655e-02
2.820149076150690187e-02
2.820361431158732030e-02
2.820573785156418184e-02
2.820786138143838509e-02
2.820998490121074537e-02
2.821210841088214391e-02
2.821423191045342727e-02
2.821635539992544198e-02
2.821847887929901030e-02
2.822060234857502389e-02
2.822272580775440562e-02
2.822484925683791529e-02
2.822697269582642374e-02
2.822909612472082955e-02
2.823121954352193416e-02
2.823334295223063964e-02
2.823546635084776477e-02
2.823758973937418384e-02
2.823971311781077465e-02
2.824183648615830391e-02
2.824395984441773616e-02
2.824608319258984854e-02
2.824820653067559861e-02
2.825032985867571150e-02
2.825245317659106498e-02
2.825457648442259925e-02
2.825669978217107067e-02
2.825882306983741599e-02
2.826094634742239153e-02
2.826306961492692366e-02
2.826519287235186584e-02
2.826731611969804728e-02
2.826943935696631452e-02
2.827156258415753839e-02
2.827368580127257933e-02
2.827580900831221794e-02
2.827793220527738058e-02
2.828005539216897971e-02
2.828217856898767452e-02
2.828430173573450238e-02
2.828642489241023697e-02
2.828854803901566933e-02
2.829067117555185418e-02
2.829279430201936743e-02
2.829491741841930197e-02
2.829704052475235168e-02
2.829916362101943597e-02
2.830128670722132853e-02
2.830340978335903201e-02
2.830553284943327502e-02
2.830765590544495267e-02
2.830977895139490455e-02
2.831190198728391477e-02
2.831402501311297559e-02
2.831614802888281213e-02
2.831827103459431255e-02
2.832039403024834770e-02
2.832251701584576759e-02
2.832463999138735630e-02
2.832676295687401938e-02
2.832888591230667275e-02
2.833100885768604499e-02
2.833313179301301388e-02
2.833525471828849535e-02
2.833737763351324226e-02
2.833950053868817404e-02
2.834162343381407823e-02
2.834374631889184301e-02
2.834586919392228718e-02
2.834799205890633361e-02
2.835011491384476986e-02
2.835223775873841473e-02
2.835436059358813210e-02
2.835648341839486566e-02
2.835860623315930931e-02
2.836072903788242061e-02
2.836285183256499060e-02
2.836497461720790050e-02
2.836709739181202464e-02
2.836922015637811934e-02
2.837134291090704155e-02
2.837346565539965865e-02
2.837558838985693513e-02
2.837771111427957182e-02
2.837983382866840487e-02
2.838195653302438143e-02
2.838407922734824743e-02
2.838620191164093615e-02
2.838832458590323515e-02
2.839044725013597711e-02
2.839256990434009878e-02
2.839469254851633220e-02
2.839681518266557250e-02
2.839893780678866622e-02
2.840106042088648766e-02
2.840318302495977582e-02
2.840530561900951947e-02
2.840742820303644722e-02
2.840955077704144030e-02
2.841167334102532097e-02
2.841379589498903291e-02
2.841591843893325614e-02
2.841804097285893435e-02
2.842016349676697654e-02
2.842228601065808005e-02
2.842440851453310879e-02
2.842653100839299604e-02
2.842865349223856059e-02
2.843077596607062815e-02
2.843289842988997937e-02
2.843502088369753364e-02
2.843714332749406118e-02
2.843926576128055772e-02
2.844138818505769287e-02
2.844351059882635480e-02
2.844563300258743516e-02
2.844775539634173886e-02
2.844987778009016102e-02
2.845200015383339900e-02
2.845412251757244854e-02
2.845624487130802086e-02
2.845836721504110822e-02
2.846048954877242188e-02
2.846261187250283264e-02
2.846473418623322524e-02
2.846685648996443579e-02
2.846897878369723800e-02
2.847110106743250615e-02
2.847322334117107293e-02
2.847534560491383343e-02
2.847746785866156136e-02
2.847959010241512406e-02
2.848171233617529871e-02
2.848383455994303939e-02
2.848595677371911980e-02
2.848807897750431709e-02
2.849020117129959923e-02
2.849232335510570521e-02
2.849444552892359608e-02
2.849656769275392409e-02
2.849868984659767457e-02
2.850081199045557609e-02
2.850293412432854112e-02
2.850505624821743009e-02
2.850717836212302708e-02
2.850930046604616130e-02
2.851142255998769318e-02
2.851354464394848312e-02
2.851566671792930135e-02
2.851778878193108116e-02
2.851991083595459622e-02
2.852203288000068268e-02
2.852415491407011422e-02
2.852627693816384494e-02
2.852839895228274220e-02
2.853052095642743743e-02
2.853264295059895761e-02
2.853476493479799314e-02
2.853688690902557099e-02
2.853900887328234687e-02
2.854113082756927142e-02
2.854325277188701770e-02
2.854537470623664738e-02
2.854749663061884046e-02
2.854961854503443655e-02
2.855174044948437240e-02
2.855386234396937312e-02
2.855598422849028178e-02
2.855810610304805250e-02
2.856022796764334792e-02
2.856234982227714297e-02
2.856447166695020787e-02
2.856659350166336139e-02
2.856871532641742581e-02
2.857083714121335521e-02
2.857295894605181227e-02
2.857508074093372333e-02
2.857720252585991411e-02
2.857932430083122768e-02
2.858144606584848979e-02
2.858356782091249840e-02
2.858568956602410699e-02
2.858781130118413089e-02
2.858993302639348949e-02
2.859205474165287322e-02
2.859417644696319455e-02
2.859629814232535205e-02
2.859841982774000840e-02
2.860054150320815586e-02
2.860266316873058545e-02
2.860478482430805353e-02
2.860690646994142744e-02
2.860902810563156068e-02
2.861114973137925468e-02
2.861327134718537335e-02
2.861539295305075628e-02
2.861751454897618063e-02
2.861963613496252071e-02
2.862175771101057448e-02
2.862387927712123359e-02
2.862600083329522316e-02
2.862812237953347647e-02
2.863024391583675679e-02
2.863236544220591415e-02
2.863448695864177773e-02
2.863660846514514205e-02
2.863872996171691263e-02
2.864085144835789784e-02
2.864297292506886444e-02
2.864509439185073530e-02
2.864721584870422166e-02
2.864933729563022211e-02
2.865145873262960746e-02
2.865358015970314101e-02
2.865570157685165542e-02
2.865782298407596948e-02
2.865994438137687769e-02
2.866206576875537232e-02
2.866418714621211949e-02
2.866630851374799005e-02
2.866842987136380624e-02
2.867055121906035217e-02
2.867267255683858887e-02
2.867479388469923104e-02
2.867691520264308014e-02
2.867903651067114229e-02
2.868115780878402118e-02
2.868327909698263969e-02
2.868540037526788253e-02
2.868752164364046439e-02
2.868964290210130469e-02
2.869176415065112160e-02
2.869388538929081370e-02
2.869600661802125183e-02
2.869812783684314375e-02
2.870024904575744704e-02
2.870237024476488680e-02
2.870449143386636162e-02
2.870661261306260356e-02
2.870873378235441059e-02
2.871085494174279926e-02
2.871297609122847386e-02
2.871509723081218726e-02
2.871721836049487969e-02
2.871933948027731442e-02
2.872146059016035188e-02
2.872358169014479698e-02
2.872570278023147197e-02
2.872782386042121300e-02
2.872994493071484232e-02
2.873206599111309892e-02
2.873418704161693343e-02
2.873630808222714036e-02
2.873842911294442401e-02
2.874055013376976275e-02
2.874267114470394416e-02
2.874479214574772457e-02
2.874691313690190542e-02
2.874903411816744081e-02
2.875115508954506627e-02
2.875327605103560058e-02
2.875539700263989723e-02
2.875751794435871603e-02
2.875963887619293821e-02
2.876175979814335135e-02
2.876388071021087137e-02
2.876600161239614706e-02
2.876812250470018803e-02
2.877024338712363613e-02
2.877236425966743505e-02
2.877448512233233419e-02
2.877660597511917662e-02
2.877872681802884011e-02
2.878084765106207754e-02
2.878296847421974586e-02
2.878508928750259446e-02
2.878721009091150460e-02
2.878933088444729504e-02
2.879145166811078807e-02
2.879357244190277471e-02
2.879569320582408762e-02
2.879781395987559070e-02
2.879993470405799866e-02
2.880205543837218232e-02
2.880417616281898824e-02
2.880629687739924907e-02
2.880841758211368300e-02
2.881053827696325453e-02
2.881265896194861245e-02
2.881477963707073514e-02
2.881690030233029914e-02
2.881902095772821346e-02
2.882114160326527952e-02
2.882326223894232653e-02
2.882538286476012124e-02
2.882750348071956917e-02
2.882962408682133992e-02
2.883174468306639454e-02
2.883386526945544426e-02
2.883598584598942235e-02
2.883810641266904701e-02
2.884022696949518905e-02
2.884234751646864298e-02
2.884446805359013391e-02
2.884658858086067493e-02
2.884870909828096686e-02
2.885082960585175910e-02
2.885295010357398840e-02
2.885507059144843539e-02
2.885719106947588763e-02
2.885931153765714657e-02
2.886143199599305875e-02
2.886355244448443602e-02
2.886567288313212493e-02
2.886779331193688528e-02
2.886991373089954280e-02
2.887203414002096138e-02
2.887415453930191472e-02
2.887627492874315915e-02
2.887839530834562102e-02
2.888051567811006706e-02
2.888263603803725363e-02
2.888475638812809665e-02
2.888687672838329695e-02
2.888899705880375313e-02
2.889111737939025967e-02
2.889323769014361110e-02
2.889535799106471292e-02
2.889747828215416536e-02
2.889959856341299885e-02
2.890171883484190379e-02
2.890383909644176838e-02
2.890595934821330731e-02
2.890807959015743653e-02
2.891019982227491236e-02
2.891232004456659177e-02
2.891444025703316864e-02
2.891656045967557626e-02
2.891868065249459524e-02
2.892080083549100969e-02
2.892292100866563492e-02
2.892504117201933136e-02
2.892716132555285188e-02
2.892928146926702568e-02
2.893140160316268542e-02
2.893352172724059437e-02
2.893564184150161298e-02
2.893776194594651491e-02
2.893988204057616059e-02
2.894200212539130637e-02
2.894412220039275715e-02
2.894624226558136990e-02
2.894836232095789746e-02
2.895048236652324539e-02
2.895260240227807980e-02
2.895472242822332704e-02
2.895684244435977120e-02
2.895896245068818597e-02
2.896108244720940750e-02
2.896320243392419905e-02
2.896532241083349737e-02
2.896744237793796861e-02
2.896956233523848012e-02
2.897168228273582294e-02
2.897380222043083667e-02
2.897592214832430887e-02
2.897804206641707570e-02
2.898016197470990041e-02
2.898228187320357405e-02
2.898440176189901255e-02
2.898652164079683347e-02
2.898864150989803948e-02
2.899076136920333488e-02
2.899288121871351417e-02
2.899500105842946901e-02
2.899712088835193144e-02
2.899924070848174107e-02
2.900136051881965424e-02
2.900348031936657647e-02
2.900560011012320166e-02
2.900771989109046309e-02
2.900983966226901647e-02
2.901195942365978817e-02
2.901407917526351368e-02
2.901619891708098059e-02
2.901831864911308054e-02
2.902043837136063231e-02
2.902255808382430205e-02
2.902467778650502650e-02
2.902679747940351343e-02
2.902891716252068224e-02
2.903103683585716438e-02
2.903315649941393128e-02
2.903527615319173236e-02
2.903739579719136557e-02
2.903951543141361502e-02
2.904163505585931337e-02
2.904375467052928636e-02
2.904587427542425909e-02
2.904799387054506424e-02
2.905011345589252753e-02
2.905223303146748509e-02
2.905435259727067593e-02
2.905647215330297781e-02
2.905859169956511237e-02
2.906071123605791576e-02
2.906283076278215818e-02
2.906495027973865150e-02
2.906706978692833246e-02
2.906918928435182556e-02
2.907130877200994959e-02
2.907342824990361355e-02
2.907554771803353560e-02
2.907766717640054843e-02
2.907978662500542918e-02
2.908190606384905910e-02
2.908402549293216677e-02
2.908614491225553281e-02
2.908826432181997948e-02
2.909038372162630823e-02
2.909250311167537600e-02
2.909462249196788364e-02
2.909674186250472624e-02
2.909886122328664282e-02
2.910098057431446950e-02
2.910309991558895568e-02
2.910521924711098607e-02
2.910733856888129620e-02
2.910945788090066322e-02
2.911157718316995796e-02
2.911369647568995411e-02
2.911581575846144271e-02
2.911793503148516621e-02
2.912005429476201279e-02
2.912217354829283594e-02
2.912429279207821506e-02
2.912641202611917016e-02
2.912853125041639166e-02
2.913065046497066365e-02
2.913276966978289167e-02
2.913488886485372450e-02
2.913700805018406073e-02
2.913912722577467751e-02
2.914124639162636934e-02
2.914336554773992727e-02
2.914548469411618395e-02
2.914760383075592001e-02
2.914972295765986751e-02
2.915184207482886605e-02
2.915396118226378647e-02
2.915608027996532264e-02
2.915819936793434541e-02
2.916031844617161806e-02
2.916243751467785181e-02
2.916455657345405281e-02
2.916667562250078657e-02
2.916879466181904190e-02
2.917091369140953350e-02
2.917303271127297259e-02
2.917515172141025084e-02
2.917727072182218009e-02
2.917938971250955832e-02
2.918150869347306553e-02
2.918362766471363501e-02
2.918574662623200575e-02
2.918786557802895143e-02
2.918998452010528044e-02
2.919210345246183932e-02
2.919422237509932544e-02
2.919634128801861309e-02
2.919846019122046554e-02
2.920057908470565997e-02
2.920269796847507759e-02
2.920481684252936375e-02
2.920693570686946558e-02
2.920905456149603535e-02
2.921117340640993695e-02
2.921329224161208632e-02
2.921541106710303856e-02
2.921752988288374431e-02
2.921964868895500153e-02
2.922176748531745902e-02
2.922388627197207087e-02
2.922600504891957607e-02
2.922812381616075872e-02
2.923024257369637516e-02
2.923236132152727193e-02
2.923448005965421925e-02
2.923659878807802551e-02
2.923871750679945397e-02
2.924083621581930609e-02
2.924295491513841452e-02
2.924507360475758419e-02
2.924719228467743959e-02
2.924931095489896257e-02
2.925142961542286438e-02
2.925354826624999502e-02
2.925566690738104145e-02
2.925778553881680510e-02
2.925990416055821233e-02
2.926202277260591192e-02
2.926414137496081980e-02
2.926625996762352924e-02
2.926837855059500823e-02
2.927049712387605473e-02
2.927261568746730366e-02
2.927473424136969524e-02
2.927685278558393722e-02
2.927897132011086576e-02
2.928108984495125452e-02
2.928320836010583211e-02
2.928532686557550058e-02
2.928744536136093299e-02
2.928956384746302447e-02
2.929168232388250012e-02
2.929380079062019263e-02
2.929591924767680280e-02
2.929803769505321884e-02
2.930015613275014502e-02
2.930227456076845913e-02
2.930439297910890709e-02
2.930651138777226605e-02
2.930862978675932706e-02
2.931074817607083952e-02
2.931286655570767077e-02
2.931498492567058758e-02
2.931710328596037404e-02
2.931922163657773445e-02
2.932133997752356738e-02
2.932345830879861531e-02
2.932557663040367621e-02
2.932769494233953764e-02
2.932981324460695594e-02
2.933193153720678806e-02
2.933404982013976953e-02
2.933616809340660117e-02
2.933828635700822321e-02
2.934040461094533994e-02
2.934252285521874240e-02
2.934464108982927713e-02
2.934675931477759292e-02
2.934887753006462999e-02
2.935099573569111692e-02
2.935311393165778229e-02
2.935523211796542062e-02
2.935735029461489232e-02
2.935946846160697801e-02
2.936158661894242711e-02
2.936370476662196125e-02
2.936582290464650677e-02
2.936794103301669165e-02
2.937005915173340753e-02
2.937217726079746280e-02
2.937429536020948195e-02
2.937641344997043991e-02
2.937853153008101667e-02
2.938064960054199634e-02
2.938276766135420812e-02
2.938488571251840833e-02
2.938700375403535681e-02
2.938912178590587926e-02
2.939123980813071468e-02
2.939335782071066452e-02
2.939547582364651288e-02
2.939759381693912710e-02
2.939971180058913863e-02
2.940182977459743219e-02
2.940394773896472594e-02
2.940606569369183521e-02
2.940818363877957878e-02
2.941030157422866789e-02
2.941241950003992134e-02
2.941453741621415097e-02
2.941665532275209577e-02
2.941877321965449821e-02
2.942089110692223605e-02
2.942300898455603789e-02
2.942512685255669475e-02
2.942724471092496297e-02
2.942936255966168563e-02
2.943148039876754621e-02
2.943359822824335309e-02
2.943571604808997710e-02
2.943783385830810173e-02
2.943995165889857699e-02
2.944206944986214533e-02
2.944418723119958739e-02
2.944630500291165257e-02
2.944842276499912842e-02
2.945054051746290660e-02
2.945265826030362202e-02
2.945477599352209694e-02
2.945689371711917096e-02
2.945901143109551368e-02
2.946112913545198900e-02
2.946324683018940530e-02
2.946536451530842524e-02
2.946748219080990230e-02
2.946959985669463447e-02
2.947171751296335032e-02
2.947383515961679926e-02
2.947595279665588333e-02
2.947807042408125133e-02
2.948018804189376715e-02
2.948230565009419407e-02
2.948442324868325026e-02
2.948654083766176145e-02
2.948865841703049440e-02
2.949077598679021930e-02
2.949289354694174109e-02
2.949501109748584038e-02
2.949712863842323882e-02
2.949924616975481070e-02
2.950136369148120483e-02
2.950348120360331630e-02
2.950559870612182167e-02
2.950771619903753973e-02
2.950983368235129620e-02
2.951195115606375374e-02
2.951406862017579014e-02
2.951618607468818253e-02
2.951830351960165258e-02
2.952042095491694274e-02
2.952253838063496547e-02
2.952465579675632792e-02
2.952677320328196339e-02
2.952889060021252066e-02
2.953100798754881504e-02
2.953312536529167573e-02
2.953524273344184867e-02
2.953736009200004162e-02
2.953947744096712888e-02
2.954159478034377312e-02
2.954371211013089027e-02
2.954582943032908401e-02
2.954794674093932580e-02
2.955006404196220543e-02
2.955218133339862843e-02
2.955429861524928870e-02
2.955641588751498766e-02
2.955853315019649902e-02
2.956065040329461380e-02
2.956276764681008834e-02
2.956488488074365123e-02
2.956700210509613860e-02
2.956911931986830333e-02
2.957123652506091563e-02
2.957335372067478735e-02
2.957547090671058462e-02
2.957758808316917482e-02
2.957970525005131079e-02
2.958182240735782870e-02
2.958393955508930098e-02
2.958605669324667828e-02
2.958817382183071346e-02
2.959029094084212469e-02
2.959240805028170995e-02
2.959452515015024987e-02
2.959664224044845221e-02
2.959875932117715658e-02
2.960087639233714360e-02
2.960299345392914186e-02
2.960511050595397015e-02
2.960722754841235010e-02
2.960934458130505542e-02
2.961146160463281468e-02
2.961357861839652994e-02
2.961569562259685692e-02
2.961781261723460054e-02
2.961992960231050673e-02
2.962204657782541856e-02
2.962416354378001604e-02
2.962628050017514919e-02
2.962839744701151190e-02
2.963051438428990214e-02
2.963263131201111095e-02
2.963474823017593282e-02
2.963686513878502696e-02
2.963898203783928847e-02
2.964109892733945290e-02
2.964321580728619329e-02
2.964533267768039437e-02
2.964744953852279166e-02
2.964956638981407905e-02
2.965168323155511002e-02
2.965380006374668254e-02
2.965591688638945581e-02
2.965803369948426943e-02
2.966015050303188669e-02
2.966226729703309861e-02
2.966438408148858868e-02
2.966650085639915141e-02
2.966861762176557782e-02
2.967073437758869711e-02
2.967285112386917889e-02
2.967496786060783154e-02
2.967708458780532466e-02
2.967920130546263316e-02
2.968131801358035032e-02
2.968343471215931229e-02
2.968555140120022334e-02
2.968766808070398208e-02
2.968978475067117137e-02
2.969190141110270367e-02
2.969401806199933880e-02
2.969613470336169431e-02
2.969825133519068266e-02
2.970036795748703592e-02
2.970248457025148961e-02
2.970460117348486945e-02
2.970671776718791790e-02
2.970883435136132886e-02
2.971095092600591417e-02
2.971306749112240589e-02
2.971518404671165056e-02
2.971730059277444269e-02
2.971941712931134780e-02
2.972153365632329916e-02
2.972365017381098720e-02
2.972576668177524112e-02
2.972788318021680684e-02
2.972999966913641989e-02
2.973211614853482967e-02
2.973423261841282722e-02
2.973634907877118622e-02
2.973846552961059361e-02
2.974058197093197575e-02
2.974269840273592591e-02
2.974481482502325594e-02
2.974693123779475340e-02
2.974904764105121627e-02
2.975116403479338353e-02
2.975328041902193868e-02
2.975539679373772478e-02
2.975751315894148083e-02
2.975962951463397704e-02
2.976174586081601139e-02
2.976386219748827430e-02
2.976597852465150129e-02
2.976809484230657360e-02
2.977021115045419206e-02
2.977232744909508524e-02
2.977444373823002338e-02
2.977656001785984954e-02
2.977867628798519864e-02
2.978079254860696232e-02
2.978290879972580324e-02
2.978502504134249856e-02
2.978714127345782198e-02
2.978925749607258533e-02
2.979137370918742700e-02
2.979348991280318659e-02
2.979560610692067249e-02
2.979772229154054736e-02
2.979983846666361610e-02
2.980195463229070793e-02
2.980407078842239876e-02
2.980618693505959760e-02
2.980830307220301567e-02
2.981041919985343361e-02
2.981253531801163897e-02
2.981465142667828402e-02
2.981676752585426735e-02
2.981888361554021344e-02
2.982099969573693068e-02
2.982311576644517889e-02
2.982523182766578726e-02
2.982734787939946008e-02
2.982946392164689819e-02
2.983157995440889609e-02
2.983369597768626216e-02
2.983581199147962784e-02
2.983792799578992988e-02
2.984004399061779625e-02
2.984215997596406308e-02
2.984427595182939305e-02
2.984639191821469861e-02
2.984850787512053141e-02
2.985062382254779698e-02
2.985273976049717184e-02
2.985485568896952338e-02
2.985697160796545527e-02
2.985908751748583140e-02
2.986120341753141158e-02
2.986331930810284807e-02
2.986543518920102905e-02
2.986755106082660677e-02
2.986966692298038267e-02
2.987178277566313739e-02
2.987389861887559603e-02
2.987601445261851840e-02
2.987813027689266432e-02
2.988024609169874848e-02
2.988236189703762091e-02
2.988447769290992692e-02
2.988659347931644714e-02
2.988870925625804198e-02
2.989082502373535330e-02
2.989294078174910968e-02
2.989505653030014379e-02
2.989717226938922931e-02
2.989928799901708442e-02
2.990140371918436832e-02
2.990351942989201428e-02
2.990563513114071620e-02
2.990775082293113674e-02
2.990986650526405999e-02
2.991198217814033250e-02
2.991409784156060653e-02
2.991621349552570780e-02
2.991832914003634408e-02
2.992044477509328906e-02
2.992256040069728867e-02
2.992467601684905762e-02
2.992679162354944591e-02
2.992890722079907459e-02
2.993102280859885264e-02
2.993313838694941845e-02
2.993525395585150753e-02
2.993736951530593521e-02
2.993948506531347170e-02
2.994160060587483171e-02
2.994371613699075771e-02
2.994583165866201990e-02
2.994794717088931912e-02
2.995006267367347763e-02
2.995217816701522401e-02
2.995429365091527990e-02
2.995640912537443981e-02
2.995852459039342885e-02
2.996064004597299643e-02
2.996275549211394745e-02
2.996487092881692377e-02
2.996698635608279274e-02
2.996910177391225866e-02
2.997121718230598073e-02
2.997333258126486794e-02
2.997544797078955867e-02
2.997756335088086130e-02
2.997967872153949748e-02
2.998179408276621660e-02
2.998390943456177501e-02
2.998602477692694640e-02
2.998814010986242118e-02
2.999025543336899732e-02
2.999237074744743464e-02
2.999448605209841662e-02
2.999660134732271000e-02
2.999871663312111622e-02
3.000083190949433959e-02
3.000294717644314685e-02
3.000506243396833597e-02
3.000717768207053840e-02
3.000929292075059374e-02
3.001140815000916465e-02
3.001352336984716707e-02
3.001563858026513876e-02
3.001775378126397484e-02
3.001986897284438308e-02
3.002198415500702267e-02
3.002409932775281995e-02
3.002621449108237861e-02
3.002832964499647928e-02
3.003044478949591992e-02
3.003255992458137708e-02
3.003467505025361403e-02
3.003679016651341835e-02
3.003890527336149779e-02
3.004102037079859483e-02
3.004313545882548661e-02
3.004525053744285662e-02
3.004736560665157916e-02
3.004948066645231342e-02
3.005159571684578798e-02
3.005371075783275919e-02
3.005582578941397298e-02
3.005794081159022385e-02
3.006005582436221957e-02
3.006217082773068525e-02
3.006428582169641539e-02
3.006640080626009695e-02
3.006851578142250708e-02
3.007063074718437090e-02
3.007274570354651413e-02
3.007486065050955087e-02
3.007697558807435889e-02
3.007909051624159391e-02
3.008120543501196717e-02
3.008332034438632868e-02
3.008543524436539315e-02
3.008755013494983713e-02
3.008966501614049327e-02
3.009177988793801384e-02
3.009389475034321415e-02
3.009600960335681932e-02
3.009812444697954753e-02
3.010023928121216205e-02
3.010235410605545045e-02
3.010446892151009274e-02
3.010658372757684179e-02
3.010869852425646434e-02
3.011081331154968205e-02
3.011292808945722002e-02
3.011504285797986583e-02
3.011715761711833070e-02
3.011927236687335363e-02
3.012138710724572913e-02
3.012350183823614760e-02
3.012561655984533418e-02
3.012773127207408336e-02
3.012984597492311678e-02
3.013196066839312140e-02
3.013407535248496111e-02
3.013619002719925000e-02
3.013830469253681379e-02
3.014041934849841578e-02
3.014253399508469086e-02
3.014464863229643354e-02
3.014676326013438629e-02
3.014887787859929849e-02
3.015099248769188833e-02
3.015310708741289134e-02
3.015522167776306037e-02
3.015733625874318646e-02
3.015945083035397739e-02
3.016156539259610275e-02
3.016367994547042297e-02
3.016579448897756255e-02
3.016790902311836803e-02
3.017002354789343269e-02
3.017213806330367593e-02
3.017425256934964939e-02
3.017636706603231758e-02
3.017848155335223562e-02
3.018059603131012167e-02
3.018271049990686392e-02
3.018482495914315625e-02
3.018693940901966480e-02
3.018905384953716672e-02
3.019116828069647041e-02
3.019328270249821769e-02
3.019539711494310941e-02
3.019751151803208578e-02
3.019962591176568803e-02
3.020174029614463088e-02
3.020385467116986494e-02
3.020596903684191065e-02
3.020808339316168392e-02
3.021019774012980927e-02
3.021231207774705343e-02
3.021442640601412419e-02
3.021654072493177440e-02
3.021865503450078469e-02
3.022076933472181773e-02
3.022288362559569924e-02
3.022499790712311618e-02
3.022711217930475203e-02
3.022922644214145332e-02
3.023134069563390702e-02
3.023345493978282783e-02
3.023556917458889923e-02
3.023768340005303368e-02
3.023979761617577242e-02
3.024191182295795158e-02
3.024402602040032750e-02
3.024614020850356286e-02
3.024825438726848684e-02
3.025036855669573782e-02
3.025248271678603051e-02
3.025459686754022187e-02
3.025671100895899884e-02
3.025882514104307613e-02
3.026093926379316151e-02
3.026305337721003214e-02
3.026516748129443740e-02
3.026728157604710243e-02
3.026939566146867600e-02
3.027150973756001506e-02
3.027362380432175107e-02
3.027573786175468892e-02
3.027785190985956762e-02
3.027996594863704288e-02
3.028207997808798208e-02
3.028419399821299235e-02
3.028630800901283351e-02
3.028842201048825150e-02
3.029053600263999571e-02
3.029264998546871493e-02
3.029476395897536672e-02
3.029687792316040559e-02
3.029899187802469196e-02
3.030110582356900645e-02
3.030321975979400478e-02
3.030533368670051964e-02
3.030744760428909571e-02
3.030956151256067668e-02
3.031167541151585931e-02
3.031378930115537565e-02
3.031590318147997162e-02
3.031801705249045562e-02
3.032013091418747294e-02
3.032224476657181811e-02
3.032435860964418153e-02
3.032647244340529874e-02
3.032858626785595382e-02
3.033070008299678863e-02
3.033281388882856644e-02
3.033492768535198461e-02
3.033704147256786193e-02
3.033915525047688189e-02
3.034126901907975918e-02
3.034338277837730913e-02
3.034549652837013542e-02
3.034761026905898398e-02
3.034972400044464586e-02
3.035183772252788778e-02
3.035395143530936549e-02
3.035606513878978674e-02
3.035817883296993910e-02
3.036029251785057198e-02
3.036240619343228558e-02
3.036451985971595421e-02
3.036663351670227176e-02
3.036874716439192171e-02
3.037086080278566039e-02
3.037297443188422680e-02
3.037508805168831136e-02
3.037720166219867735e-02
3.037931526341602559e-02
3.038142885534117141e-02
3.038354243797472196e-02
3.038565601131747174e-02
3.038776957537011117e-02
3.038988313013336884e-02
3.039199667560804966e-02
3.039411021179479200e-02
3.039622373869440772e-02
3.039833725630752825e-02
3.040045076463495505e-02
3.040256426367737158e-02
3.040467775343553766e-02
3.040679123391014024e-02
3.040890470510193219e-02
3.041101816701164209e-02
3.041313161964001935e-02
3.041524506298769887e-02
3.041735849705554107e-02
3.041947192184417392e-02
3.042158533735428091e-02
3.042369874358675716e-02
3.042581214054216471e-02
3.042792552822135704e-02
3.043003890662497601e-02
3.043215227575376755e-02
3.043426563560842207e-02
3.043637898618974796e-02
3.043849232749841482e-02
3.044060565953513736e-02
3.044271898230072743e-02
3.044483229579577135e-02
3.044694560002106018e-02
3.044905889497734330e-02
3.045117218066530421e-02
3.045328545708571658e-02
3.045539872423932634e-02
3.045751198212673372e-02
3.045962523074871933e-02
3.046173847010612626e-02
3.046385170019947838e-02
3.046596492102965001e-02
3.046807813259729686e-02
3.047019133490313017e-02
3.047230452794794445e-02
3.047441771173241623e-02
3.047653088625727411e-02
3.047864405152325359e-02
3.048075720753104165e-02
3.048287035428145011e-02
3.048498349177507227e-02
3.048709662001272344e-02
3.048920973899504547e-02
3.049132284872285714e-02
3.049343594919682807e-02
3.049554904041771805e-02
3.049766212238617241e-02
3.049977519510293014e-02
3.050188825856886901e-02
3.050400131278448862e-02
3.050611435775061817e-02
3.050822739346802093e-02
3.051034041993732487e-02
3.051245343715932104e-02
3.051456644513466168e-02
3.051667944386412049e-02
3.051879243334844685e-02
3.052090541358826875e-02
3.052301838458439109e-02
3.052513134633754247e-02
3.052724429884831267e-02
3.052935724211763152e-02
3.053147017614600903e-02
3.053358310093429173e-02
3.053569601648315618e-02
3.053780892279337605e-02
3.053992181986559321e-02
3.054203470770055703e-02
3.054414758629901694e-02
3.054626045566169804e-02
3.054837331578921789e-02
3.055048616668239875e-02
3.055259900834199002e-02
3.055471184076864050e-02
3.055682466396301630e-02
3.055893747792585990e-02
3.056105028265806989e-02
3.056316307816012157e-02
3.056527586443286496e-02
3.056738864147704599e-02
3.056950140929326487e-02
3.057161416788234040e-02
3.057372691724492483e-02
3.057583965738179185e-02
3.057795238829361453e-02
3.058006510998111105e-02
3.058217782244507937e-02
3.058429052568612319e-02
3.058640321970507170e-02
3.058851590450259103e-02
3.059062858007934385e-02
3.059274124643607262e-02
3.059485390357354409e-02
3.059696655149241745e-02
3.059907919019351150e-02
3.060119181967745766e-02
3.060330443994495331e-02
3.060541705099675824e-02
3.060752965283359758e-02
3.060964224545614440e-02
3.061175482886512034e-02
3.061386740306129561e-02
3.061597996804535718e-02
3.061809252381798852e-02
3.062020507037995290e-02
3.062231760773197545e-02
3.062443013587466678e-02
3.062654265480885610e-02
3.062865516453524076e-02
3.063076766505452853e-02
3.063288015636741329e-02
3.063499263847459936e-02
3.063710511137683612e-02
3.063921757507481400e-02
3.064133002956925117e-02
3.064344247486084499e-02
3.064555491095043160e-02
3.064766733783855571e-02
3.064977975552600487e-02
3.065189216401352154e-02
3.065400456330171289e-02
3.065611695339149137e-02
3.065822933428338781e-02
3.066034170597819672e-02
3.066245406847657728e-02
3.066456642177927891e-02
3.066667876588706834e-02
3.066879110080054927e-02
3.067090342652050924e-02
3.067301574304765605e-02
3.067512805038273560e-02
3.067724034852635159e-02
3.067935263747931587e-02
3.068146491724226335e-02
3.068357718781603710e-02
3.068568944920114019e-02
3.068780170139853367e-02
3.068991394440871018e-02
3.069202617823250934e-02
3.069413840287067360e-02
3.069625061832374074e-02
3.069836282459257812e-02
3.070047502167783451e-02
3.070258720958034607e-02
3.070469938830055687e-02
3.070681155783947652e-02
3.070892371819762198e-02
3.071103586937573571e-02
3.071314801137454281e-02
3.071526014419481698e-02
3.071737226783720701e-02
3.071948438230240330e-02
3.072159648759119691e-02
3.072370858370425048e-02
3.072582067064224057e-02
3.072793274840595473e-02
3.073004481699599319e-02
3.073215687641318514e-02
3.073426892665820712e-02
3.073638096773165240e-02
3.073849299963442999e-02
3.074060502236705683e-02
3.074271703593041763e-02
3.074482904032512995e-02
3.074694103555184604e-02
3.074905302161139858e-02
3.075116499850444329e-02
3.075327696623168447e-02
3.075538892479380906e-02
3.075750087419151443e-02
3.075961281442557427e-02
3.076172474549662694e-02
3.076383666740551207e-02
3.076594858015277781e-02
3.076806048373927419e-02
3.077017237816558407e-02
3.077228426343242562e-02
3.077439613954064193e-02
3.077650800649078464e-02
3.077861986428368293e-02
3.078073171291985377e-02
3.078284355240029635e-02
3.078495538272541659e-02
3.078706720389617207e-02
3.078917901591317341e-02
3.079129081877705898e-02
3.079340261248860247e-02
3.079551439704849083e-02
3.079762617245748041e-02
3.079973793871626161e-02
3.080184969582546936e-02
3.080396144378584611e-02
3.080607318259817595e-02
3.080818491226308339e-02
3.081029663278122416e-02
3.081240834415344826e-02
3.081452004638034550e-02
3.081663173946269652e-02
3.081874342340113621e-02
3.082085509819651459e-02
3.082296676384927228e-02
3.082507842036037726e-02
3.082719006773044709e-02
3.082930170596008199e-02
3.083141333505012849e-02
3.083352495500124232e-02
3.083563656581411738e-02
3.083774816748947531e-02
3.083985976002799959e-02
3.084197134343041186e-02
3.084408291769739560e-02
3.084619448282967247e-02
3.084830603882799532e-02
3.085041758569295745e-02
3.085252912342534640e-02
3.085464065202588035e-02
3.085675217149515259e-02
3.085886368183402700e-02
3.086097518304307605e-02
3.086308667512308382e-02
3.086519815807468176e-02
3.086730963189864008e-02
3.086942109659560410e-02
3.087153255216634751e-02
3.087364399861149827e-02
3.087575543593172253e-02
3.087786686412788417e-02
3.087997828320063545e-02
3.088208969315050373e-02
3.088420109397846045e-02
3.088631248568499479e-02
3.088842386827090822e-02
3.089053524173691889e-02
3.089264660608364785e-02
3.089475796131184449e-02
3.089686930742217841e-02
3.089898064441547534e-02
3.090109197229230428e-02
3.090320329105336952e-02
3.090531460069944128e-02
3.090742590123116834e-02
3.090953719264927235e-02
3.091164847495447149e-02
3.091375974814749433e-02
3.091587101222890988e-02
3.091798226719956119e-02
3.092009351306007625e-02
3.092220474981119752e-02
3.092431597745357377e-02
3.092642719598794748e-02
3.092853840541497090e-02
3.093064960573541772e-02
3.093276079694994712e-02
3.093487197905921485e-02
3.093698315206399804e-02
3.093909431596497325e-02
3.094120547076286559e-02
3.094331661645831691e-02
3.094542775305200027e-02
3.094753888054474142e-02
3.094964999893710933e-02
3.095176110822984647e-02
3.095387220842374040e-02
3.095598329951931155e-02
3.095809438151742032e-02
3.096020545441874675e-02
3.096231651822382511e-02
3.096442757293358869e-02
3.096653861854856138e-02
3.096864965506953074e-02
3.097076068249719066e-02
3.097287170083213789e-02
3.097498271007528489e-02
3.097709371022708616e-02
3.097920470128838477e-02
3.098131568325983298e-02
3.098342665614213856e-02
3.098553761993600580e-02
3.098764857464211125e-02
3.098975952026116615e-02
3.099187045679388519e-02
3.099398138424089982e-02
3.099609230260304618e-02
3.099820321188086203e-02
3.100031411207506554e-02
3.100242500318654490e-02
3.100453588521576501e-02
3.100664675816344751e-02
3.100875762203042507e-02
3.101086847681730138e-02
3.101297932252481196e-02
3.101509015915357784e-02
3.101720098670439005e-02
3.101931180517788003e-02
3.102142261457475209e-02
3.102353341489578337e-02
3.102564420614154286e-02
3.102775498831277304e-02
3.102986576141019900e-02
3.103197652543451812e-02
3.103408728038639305e-02
3.103619802626650728e-02
3.103830876307558592e-02
3.104041949081437490e-02
3.104253020948347444e-02
3.104464091908359230e-02
3.104675161961547095e-02
3.104886231107977304e-02
3.105097299347721676e-02
3.105308366680847865e-02
3.105519433107426994e-02
3.105730498627518738e-02
3.105941563241208098e-02
3.106152626948554749e-02
3.106363689749625651e-02
3.106574751644507540e-02
3.106785812633245866e-02
3.106996872715925978e-02
3.107207931892610325e-02
3.107418990163371766e-02
3.107630047528277956e-02
3.107841103987395159e-02
3.108052159540795195e-02
3.108263214188554391e-02
3.108474267930728258e-02
3.108685320767401450e-02
3.108896372698635030e-02
3.109107423724493530e-02
3.109318473845052930e-02
3.109529523060374293e-02
3.109740571370542619e-02
3.109951618775610993e-02
3.110162665275655047e-02
3.110373710870752845e-02
3.110584755560956774e-02
3.110795799346345938e-02
3.111006842226986258e-02
3.111217884202944692e-02
3.111428925274301385e-02
3.111639965441116706e-02
3.111851004703462126e-02
3.112062043061397318e-02
3.112273080515007631e-02
3.112484117064346495e-02
3.112695152709499605e-02
3.112906187450520390e-02
3.113117221287489342e-02
3.113328254220464053e-02
3.113539286249526750e-02
3.113750317374740229e-02
3.113961347596164511e-02
3.114172376913886681e-02
3.114383405327956697e-02
3.114594432838460256e-02
3.114805459445458766e-02
3.115016485149019881e-02
3.115227509949213339e-02
3.115438533846107139e-02
3.115649556839775874e-02
3.115860578930281649e-02
3.116071600117701138e-02
3.116282620402090892e-02
3.116493639783531056e-02
3.116704658262089284e-02
3.116915675837827332e-02
3.117126692510819794e-02
3.117337708281133629e-02
3.117548723148840309e-02
3.117759737114008528e-02
3.117970750176694492e-02
3.118181762336989099e-02
3.118392773594947862e-02
3.118603783950640862e-02
3.118814793404130550e-02
3.119025801955502275e-02
3.119236809604805302e-02
3.119447816352128103e-02
3.119658822197521331e-02
3.119869827141064783e-02
3.120080831182824380e-02
3.120291834322864652e-02
3.120502836561268173e-02
3.120713837898083168e-02
3.120924838333391862e-02
3.121135837867259136e-02
3.121346836499758540e-02
3.121557834230956688e-02
3.121768831060906316e-02
3.121979826989701098e-02
3.122190822017394465e-02
3.122401816144062744e-02
3.122612809369762488e-02
3.122823801694580084e-02
3.123034793118570698e-02
3.123245783641804066e-02
3.123456773264353045e-02
3.123667761986283556e-02
3.123878749807665334e-02
3.124089736728562564e-02
3.124300722749056430e-02
3.124511707869197241e-02
3.124722692089068263e-02
3.124933675408729863e-02
3.125144657828255595e-02
3.125355639347705827e-02
3.125566619967161397e-02
3.125777599686685448e-02
3.125988578506340432e-02
3.126199556426195042e-02
3.126410533446331852e-02
3.126621509566800822e-02
3.126832484787684524e-02
3.127043459109045409e-02
3.127254432530946621e-02
3.127465405053463793e-02
3.127676376676669090e-02
3.127887347400619411e-02
3.128098317225393860e-02
3.128309286151050028e-02
3.128520254177661469e-02
3.128731221305300347e-02
3.128942187534033276e-02
3.129153152863921317e-02
3.129364117295040104e-02
3.129575080827461109e-02
3.129786043461239148e-02
3.129997005196457488e-02
3.130207966033171640e-02
3.130418925971462790e-02
3.130629885011383673e-02
3.130840843153016168e-02
3.131051800396422724e-02
3.131262756741668568e-02
3.131473712188833497e-02
3.131684666737970940e-02
3.131895620389150287e-02
3.132106573142452721e-02
3.132317524997932368e-02
3.132528475955672492e-02
3.132739426015723749e-02
3.132950375178165936e-02
3.133161323443066359e-02
3.133372270810484000e-02
3.133583217280498656e-02
3.133794162853174858e-02
3.134005107528575057e-02
3.134216051306770723e-02
3.134426994187833326e-02
3.134637936171819766e-02
3.134848877258820943e-02
3.135059817448880570e-02
3.135270756742079834e-02
3.135481695138478409e-02
3.135692632638145683e-02
3.135903569241158678e-02
3.136114504947579151e-02
3.136325439757477185e-02
3.136536373670913147e-02
3.136747306687962672e-02
3.136958238808695842e-02
3.137169170033172333e-02
3.137380100361458757e-02
3.137591029793641156e-02
3.137801958329762553e-02
3.138012885969908988e-02
3.138223812714143607e-02
3.138434738562526777e-02
3.138645663515132050e-02
3.138856587572027429e-02
3.139067510733282995e-02
3.139278432998963281e-02
3.139489354369135593e-02
3.139700274843872096e-02
3.139911194423235935e-02
3.140122113107298579e-02
3.140333030896123867e-02
3.140543947789781187e-02
3.140754863788333684e-02
3.140965778891858379e-02
3.141176693100417028e-02
3.141387606414085959e-02
3.141598518832918602e-02
3.141809430356988508e-02
3.142020340986358129e-02
3.142231250721112118e-02
3.142442159561301129e-02
3.142653067507005654e-02
3.142863974558274959e-02
3.143074880715201330e-02
3.143285785977832647e-02
3.143496690346248706e-02
3.143707593820507101e-02
3.143918496400679302e-02
3.144129398086826371e-02
3.144340298879031576e-02
3.144551198777352508e-02
3.144762097781859250e-02
3.144972995892616335e-02
3.145183893109691764e-02
3.145394789433154925e-02
3.145605684863074514e-02
3.145816579399515756e-02
3.146027473042541101e-02
3.146238365792230346e-02
3.146449257648640391e-02
3.146660148611844093e-02
3.146871038681903210e-02
3.147081927858893374e-02
3.147292816142879118e-02
3.147503703533920810e-02
3.147714590032094084e-02
3.147925475637465553e-02
3.148136360350094892e-02
3.148347244170055653e-02
3.148558127097419307e-02
3.148769009132246222e-02
3.148979890274610643e-02
3.149190770524566696e-02
3.149401649882200421e-02
3.149612528347559004e-02
3.149823405920728486e-02
3.150034282601757440e-02
3.150245158390727745e-02
3.150456033287705321e-02
3.150666907292754698e-02
3.150877780405940409e-02
3.151088652627330455e-02
3.151299523956992144e-02
3.151510394394999720e-02
3.151721263941407308e-02
3.151932132596298869e-02
3.152143000359723668e-02
3.152353867231758727e-02
3.152564733212474823e-02
3.152775598301929549e-02
3.152986462500194376e-02
3.153197325807337997e-02
3.153408188223427028e-02
3.153619049748528080e-02
3.153829910382709156e-02
3.154040770126032012e-02
3.154251628978570199e-02
3.154462486940385474e-02
3.154673344011554859e-02
3.154884200192134558e-02
3.155095055482190491e-02
3.155305909881803150e-02
3.155516763391028046e-02
3.155727616009938730e-02
3.155938467738592795e-02
3.156149318577059631e-02
3.156360168525417648e-02
3.156571017583727212e-02
3.156781865752043142e-02
3.156992713030450093e-02
3.157203559419011901e-02
3.157414404917789630e-02
3.157625249526845035e-02
3.157836093246266934e-02
3.158046936076095573e-02
3.158257778016409362e-02
3.158468619067279770e-02
3.158679459228770636e-02
3.158890298500945798e-02
3.159101136883877420e-02
3.159311974377630727e-02
3.159522810982265395e-02
3.159733646697854975e-02
3.159944481524466775e-02
3.160155315462164632e-02
3.160366148511020018e-02
3.160576980671090525e-02
3.160787811942447623e-02
3.160998642325166252e-02
3.161209471819304700e-02
3.161420300424928886e-02
3.161631128142108199e-02
3.161841954970908558e-02
3.162052780911400046e-02
3.162263605963644419e-02
3.162474430127713843e-02
3.162685253403665214e-02
3.162896075791574863e-02
3.163106897291507319e-02
3.163317717903524340e-02
3.163528537627696008e-02
3.163739356464094488e-02
3.163950174412783617e-02
3.164160991473819601e-02
3.164371807647281543e-02
3.164582622933230505e-02
3.164793437331733100e-02
3.165004250842860106e-02
3.165215063466667034e-02
3.165425875203234374e-02
3.165636686052626658e-02
3.165847496014897317e-02
3.166058305090131003e-02
3.166269113278386699e-02
3.166479920579718527e-02
3.166690726994214611e-02
3.166901532521926993e-02
3.167112337162918123e-02
3.167323140917271268e-02
3.167533943785039857e-02
3.167744745766300218e-02
3.167955546861107863e-02
3.168166347069534955e-02
3.168377146391646026e-02
3.168587944827516711e-02
3.168798742377201827e-02
3.169009539040768680e-02
3.169220334818288742e-02
3.169431129709823075e-02
3.169641923715441761e-02
3.169852716835215578e-02
3.170063509069195873e-02
3.170274300417465219e-02
3.170485090880085371e-02
3.170695880457120169e-02
3.170906669148636919e-02
3.171117456954697378e-02
3.171328243875379260e-02
3.171539029910734608e-02
3.171749815060845995e-02
3.171960599325766850e-02
3.172171382705561010e-02
3.172382165200303417e-02
3.172592946810062764e-02
3.172803727534892482e-02
3.173014507374872367e-02
3.173225286330062789e-02
3.173436064400528972e-02
3.173646841586334061e-02
3.173857617887557853e-02
3.174068393304248920e-02
3.174279167836484283e-02
3.174489941484329170e-02
3.174700714247847416e-02
3.174911486127101473e-02
3.175122257122161423e-02
3.175333027233093186e-02
3.175543796459964763e-02
3.175754564802849012e-02
3.175965332261793117e-02
3.176176098836881734e-02
3.176386864528161352e-02
3.176597629335720097e-02
3.176808393259608621e-02
3.177019156299899783e-02
3.177229918456660196e-02
3.177440679729944678e-02
3.177651440119836496e-02
3.177862199626389078e-02
3.178072958249675284e-02
3.178283715989749236e-02
3.178494472846694202e-02
3.178705228820569162e-02
3.178915983911434484e-02
3.179126738119361639e-02
3.179337491444415159e-02
3.179548243886659575e-02
3.179758995446167053e-02
3.179969746122991714e-02
3.180180495917212663e-02
3.180391244828888186e-02
3.180601992858079347e-02
3.180812740004870104e-02
3.181023486269302786e-02
3.181234231651462740e-02
3.181444976151407561e-02
3.181655719769194840e-02
3.181866462504909232e-02
3.182077204358604861e-02
3.182287945330340012e-02
3.182498685420199341e-02
3.182709424628238359e-02
3.182920162954518128e-02
3.183130900399110813e-02
3.183341636962080251e-02
3.183552372643495831e-02
3.183763107443415147e-02
3.183973841361909668e-02
3.184184574399051559e-02
3.184395306554889393e-02
3.184606037829507824e-02
3.184816768222958894e-02
3.185027497735310603e-02
3.185238226366633729e-02
3.185448954116987946e-02
3.185659680986450276e-02
3.185870406975076924e-02
3.186081132082924094e-02
3.186291856310075055e-02
3.186502579656588091e-02
3.186713302122533981e-02
3.186924023707967540e-02
3.187134744412957466e-02
3.187345464237576614e-02
3.187556183181890213e-02
3.187766901245953077e-02
3.187977618429835985e-02
3.188188334733614571e-02
3.188399050157337405e-02
3.188609764701083593e-02
3.188820478364907257e-02
3.189031191148879174e-02
3.189241903053077060e-02
3.189452614077546017e-02
3.189663324222358903e-02
3.189874033487585803e-02
3.190084741873289859e-02
3.190295449379536297e-02
3.190506156006379934e-02
3.190716861753907507e-02
3.190927566622168976e-02
3.191138270611235811e-02
3.191348973721164217e-02
3.191559675952036768e-02
3.191770377303902728e-02
3.191981077776832182e-02
3.192191777370893824e-02
3.192402476086155655e-02
3.192613173922669717e-02
3.192823870880514420e-02
3.193034566959757070e-02
3.193245262160446934e-02
3.193455956482662422e-02
3.193666649926460432e-02
3.193877342491914517e-02
3.194088034179089208e-02
3.194298724988045568e-02
3.194509414918855761e-02
3.194720103971570441e-02
3.194930792146268017e-02
3.195141479443010940e-02
3.195352165861860272e-02
3.195562851402884708e-02
3.195773536066152942e-02
3.195984219851721181e-02
3.196194902759656731e-02
3.196405584790033838e-02
3.196616265942908708e-02
3.196826946218343790e-02
3.197037625616416107e-02
3.197248304137187414e-02
3.197458981780710446e-02
3.197669658547062227e-02
3.197880334436311450e-02
3.198091009448508770e-02
3.198301683583736760e-02
3.198512356842037746e-02
3.198723029223502629e-02
3.198933700728174429e-02
3.199144371356132249e-02
3.199355041107439235e-02
3.199565709982152978e-02
3.199776377980341480e-02
3.199987045102079680e-02
3.200197711347420315e-02
3.200408376716432080e-02
3.200619041209178117e-02
3.200829704825725736e-02
3.201040367566140854e-02
3.201251029430486617e-02
3.201461690418832412e-02
3.201672350531235833e-02
3.201883009767766963e-02
3.202093668128486170e-02
3.202304325613465619e-02
3.202514982222763595e-02
3.202725637956446020e-02
3.202936292814580893e-02
3.203146946797229278e-02
3.203357599904464725e-02
3.203568252136335809e-02
3.203778903492920244e-02
3.203989553974279786e-02
3.204200203580479661e-02
3.204410852311580238e-02
3.204621500167657150e-02
3.204832147148758970e-02
3.205042793254968964e-02
3.205253438486337092e-02
3.205464082842931356e-02
3.205674726324827389e-02
3.205885368932070989e-02
3.206096010664741258e-02
3.206306651522893708e-02
3.206517291506608830e-02
3.206727930615931726e-02
3.206938568850948440e-02
3.207149206211694359e-02
3.207359842698260383e-02
3.207570478310699247e-02
3.207781113049081034e-02
3.207991746913464032e-02
3.208202379903916934e-02
3.208413012020504274e-02
3.208623643263293357e-02
3.208834273632337614e-02
3.209044903127721005e-02
3.209255531749482387e-02
3.209466159497713356e-02
3.209676786372459012e-02
3.209887412373790133e-02
3.210098037501778190e-02
3.210308661756480775e-02
3.210519285137956869e-02
3.210729907646280717e-02
3.210940529281509914e-02
3.211151150043716623e-02
3.211361769932960519e-02
3.211572388949305440e-02
3.211783007092815917e-02
3.211993624363562033e-02
3.212204240761596524e-02
3.212414856286998494e-02
3.212625470939821370e-02
3.212836084720132462e-02
3.213046697627999077e-02
3.213257309663481581e-02
3.213467920826649366e-02
3.213678531117562798e-02
3.213889140536285716e-02
3.214099749082881957e-02
3.214310356757421605e-02
3.214520963559961558e-02
3.214731569490571900e-02
3.214942174549319936e-02
3.215152778736257017e-02
3.215363382051463631e-02
3.215573984494990434e-02
3.215784586066913059e-02
3.215995186767285630e-02
3.216205786596175453e-02
3.216416385553651225e-02
3.216626983639771231e-02
3.216837580854602086e-02
3.217048177198208320e-02
3.217258772670657935e-02
3.217469367272011299e-02
3.217679961002337802e-02
3.217890553861692260e-02
3.218101145850139205e-02
3.218311736967749415e-02
3.218522327214586726e-02
3.218732916590715670e-02
3.218943505096191759e-02
3.219154092731094097e-02
3.219364679495469866e-02
3.219575265389396784e-02
3.219785850412931749e-02
3.219996434566142068e-02
3.220207017849093661e-02
3.220417600261841345e-02
3.220628181804459367e-02
3.220838762477003930e-02
3.221049342279552058e-02
3.221259921212149546e-02
3.221470499274872723e-02
3.221681076467786120e-02
3.221891652790946636e-02
3.222102228244421579e-02
3.222312802828278255e-02
3.222523376542574952e-02
3.222733949387384528e-02
3.222944521362762493e-02
3.223155092468769911e-02
3.223365662705484497e-02
3.223576232072952741e-02
3.223786800571257910e-02
3.223997368200447883e-02
3.224207934960595517e-02
3.224418500851754937e-02
3.224629065874005246e-02
3.224839630027402648e-02
3.225050193312003349e-02
3.225260755727880901e-02
3.225471317275097061e-02
3.225681877953717053e-02
3.225892437763803328e-02
3.226102996705415560e-02
3.226313554778623832e-02
3.226524111983485738e-02
3.226734668320074828e-02
3.226945223788448697e-02
3.227155778388663548e-02
3.227366332120798487e-02
3.227576884984911798e-02
3.227787436981056218e-02
3.227997988109309463e-02
3.228208538369736758e-02
3.228419087762385981e-02
3.228629636287334154e-02
3.228840183944639564e-02
3.229050730734371599e-02
3.229261276656588547e-02
3.229471821711355634e-02
3.229682365898738777e-02
3.229892909218796959e-02
3.230103451671598874e-02
3.230313993257202809e-02
3.230524533975670520e-02
3.230735073827082499e-02
3.230945612811477602e-02
3.231156150928939791e-02
3.231366688179526658e-02
3.231577224563297185e-02
3.231787760080321453e-02
3.231998294730660526e-02
3.232208828514370608e-02
3.232419361431519700e-02
3.232629893482181355e-02
3.232840424666409695e-02
3.233050954984265091e-02
3.233261484435822480e-02
3.233472013021132518e-02
3.233682540740274308e-02
3.233893067593299891e-02
3.234103593580261310e-02
3.234314118701248769e-02
3.234524642956311535e-02
3.234735166345515528e-02
3.234945688868920421e-02
3.235156210526587278e-02
3.235366731318588956e-02
3.235577251244980967e-02
3.235787770305843108e-02
3.235998288501214237e-02
3.236208805831170682e-02
3.236419322295775586e-02
3.236629837895087236e-02
3.236840352629186818e-02
3.237050866498110413e-02
3.237261379501940595e-02
3.237471891640733568e-02
3.237682402914552476e-02
3.237892913323465321e-02
3.238103422867538023e-02
3.238313931546814989e-02
3.238524439361383650e-02
3.238734946311293272e-02
3.238945452396614633e-02
3.239155957617404630e-02
3.239366461973729183e-02
3.239576965465644498e-02
3.239787468093227596e-02
3.239997969856534682e-02
3.240208470755629594e-02
3.240418970790574088e-02
3.240629469961433390e-02
3.240839968268268562e-02
3.241050465711136502e-02
3.241260962290117009e-02
3.241471458005258655e-02
3.241681952856639154e-02
3.241892446844308467e-02
3.242102939968327657e-02
3.242313432228779990e-02
3.242523923625703630e-02
3.242734414159175599e-02
3.242944903829257652e-02
3.243155392636012241e-02
3.243365880579491406e-02
3.243576367659783272e-02
3.243786853876926002e-02
3.243997339230998006e-02
3.244207823722058265e-02
3.244418307350163677e-02
3.244628790115387795e-02
3.244839272017786130e-02
3.245049753057423214e-02
3.245260233234367742e-02
3.245470712548679387e-02
3.245681191000409499e-02
3.245891668589636486e-02
3.246102145316420023e-02
3.246312621180821173e-02
3.246523096182898221e-02
3.246733570322722640e-02
3.246944043600349245e-02
3.247154516015852282e-02
3.247364987569283101e-02
3.247575458260714559e-02
3.247785928090194535e-02
3.247996397057806989e-02
3.248206865163595636e-02
3.248417332407632641e-02
3.248627798789986698e-02
3.248838264310707769e-02
3.249048728969865241e-02
3.249259192767516014e-02
3.249469655703735027e-02
3.249680117778573629e-02
3.249890578992103984e-02
3.250101039344382992e-02
3.250311498835475876e-02
3.250521957465438150e-02
3.250732415234339201e-02
3.250942872142249113e-02
3.251153328189217845e-02
3.251363783375316868e-02
3.251574237700598918e-02
3.251784691165134772e-02
3.251995143768990348e-02
3.252205595512223935e-02
3.252416046394893817e-02
3.252626496417069385e-02
3.252836945578807537e-02
3.253047393880172111e-02
3.253257841321236660e-02
3.253468287902048367e-02
3.253678733622681479e-02
3.253889178483189426e-02
3.254099622483640902e-02
3.254310065624099052e-02
3.254520507904624937e-02
3.254730949325275458e-02
3.254941389886122777e-02
3.255151829587220325e-02
3.255362268428634714e-02
3.255572706410443662e-02
3.255783143532680474e-02
3.255993579795427029e-02
3.256204015198742308e-02
3.256414449742692230e-02
3.256624883427329531e-02
3.256835316252720131e-02
3.257045748218932030e-02
3.257256179326027679e-02
3.257466609574070221e-02
3.257677038963111005e-02
3.257887467493219419e-02
3.258097895164457219e-02
3.258308321976893795e-02
3.258518747930585352e-02
3.258729173025599196e-02
3.258939597261988064e-02
3.259150020639821344e-02
3.259360443159155241e-02
3.259570864820064001e-02
3.259781285622598973e-02
3.259991705566827463e-02
3.260202124652810535e-02
3.260412542880616188e-02
3.260622960250297159e-02
3.260833376761917979e-02
3.261043792415552200e-02
3.261254207211244233e-02
3.261464621149069709e-02
3.261675034229088305e-02
3.261885446451353449e-02
3.262095857815946326e-02
3.262306268322916203e-02
3.262516677972318591e-02
3.262727086764229817e-02
3.262937494698706781e-02
3.263147901775807769e-02
3.263358307995609109e-02
3.263568713358148271e-02
3.263779117863511992e-02
3.263989521511750924e-02
3.264199924302926131e-02
3.264410326237107696e-02
3.264620727314349047e-02
3.264831127534718186e-02
3.265041526898276869e-02
3.265251925405081995e-02
3.265462323055196708e-02
3.265672719848689010e-02
3.265883115785617880e-02
3.266093510866049932e-02
3.266303905090039983e-02
3.266514298457647708e-02
3.266724690968954292e-02
3.266935082623997899e-02
3.267145473422851387e-02
3.267355863365577900e-02
3.267566252452235726e-02
3.267776640682892170e-02
3.267987028057609683e-02
3.268197414576440307e-02
3.268407800239460370e-02
3.268618185046719832e-02
3.268828568998281142e-02
3.269038952094218548e-02
3.269249334334577151e-02
3.269459715719436749e-02
3.269670096248848690e-02
3.269880475922877505e-02
3.270090854741580094e-02
3.270301232705023070e-02
3.270511609813268883e-02
3.270721986066383452e-02
3.270932361464422289e-02
3.271142736007444374e-02
3.271353109695520484e-02
3.271563482528702660e-02
3.271773854507067231e-02
3.271984225630660686e-02
3.272194595899561437e-02
3.272404965313808339e-02
3.272615333873487437e-02
3.272825701578641749e-02
3.273036068429344136e-02
3.273246434425650109e-02
3.273456799567635994e-02
3.273667163855341344e-02
3.273877527288845957e-02
3.274087889868201179e-02
3.274298251593471543e-02
3.274508612464724355e-02
3.274718972482015822e-02
3.274929331645404923e-02
3.275139689954954803e-02
3.275350047410741788e-02
3.275560404012799881e-02
3.275770759761219286e-02
3.275981114656040943e-02
3.276191468697342568e-02
3.276401821885167875e-02
3.276612174219597357e-02
3.276822525700679584e-02
3.277032876328484640e-02
3.277243226103062484e-02
3.277453575024497773e-02
3.277663923092821036e-02
3.277874270308119703e-02
3.278084616670440959e-02
3.278294962179847949e-02
3.278505306836414918e-02
3.278715650640191132e-02
3.278925993591235571e-02
3.279136335689616932e-02
3.279346676935398358e-02
3.279557017328633972e-02
3.279767356869394551e-02
3.279977695557735606e-02
3.280188033393722363e-02
3.280398370377412415e-02
3.280608706508868211e-02
3.280819041788151508e-02
3.281029376215324755e-02
3.281239709790450404e-02
3.281450042513590903e-02
3.281660374384798295e-02
3.281870705404146826e-02
3.282081035571692007e-02
3.282291364887494900e-02
3.282501693351621425e-02
3.282712020964121541e-02
3.282922347725069495e-02
3.283132673634523574e-02
3.283342998692538595e-02
3.283553322899186722e-02
3.283763646254521384e-02
3.283973968758611278e-02
3.284184290411502893e-02
3.284394611213270476e-02
3.284604931163973701e-02
3.284815250263675712e-02
3.285025568512436184e-02
3.285235885910307158e-02
3.285446202457362880e-02
3.285656518153658862e-02
3.285866832999258247e-02
3.286077146994219322e-02
3.286287460138607314e-02
3.286497772432485365e-02
3.286708083875905517e-02
3.286918394468936466e-02
3.287128704211641356e-02
3.287339013104078472e-02
3.287549321146304021e-02
3.287759628338382534e-02
3.287969934680374379e-02
3.288180240172351027e-02
3.288390544814365213e-02
3.288600848606476612e-02
3.288811151548745593e-02
3.289021453641236686e-02
3.289231754884018588e-02
3.289442055277135013e-02
3.289652354820658819e-02
3.289862653514648294e-02
3.290072951359168663e-02
3.290283248354274048e-02
3.290493544500036616e-02
3.290703839796498692e-02
3.290914134243743544e-02
3.291124427841813499e-02
3.291334720590790436e-02
3.291545012490711825e-02
3.291755303541649830e-02
3.291965593743664820e-02
3.292175883096824102e-02
3.292386171601181105e-02
3.292596459256798280e-02
3.292806746063737383e-02
3.293017032022062252e-02
3.293227317131833254e-02
3.293437601393096187e-02
3.293647884805940562e-02
3.293858167370403850e-02
3.294068449086558908e-02
3.294278729954457086e-02
3.294489009974172627e-02
3.294699289145752719e-02
3.294909567469269523e-02
3.295119844944777165e-02
3.295330121572340870e-02
3.295540397352018924e-02
3.295750672283877941e-02
3.295960946367965105e-02
3.296171219604350500e-02
3.296381491993098656e-02
3.296591763534267860e-02
3.296802034227910849e-02
3.297012304074099787e-02
3.297222573072886020e-02
3.297432841224346572e-02
3.297643108528520300e-02
3.297853374985481451e-02
3.298063640595291779e-02
3.298273905358006103e-02
3.298484169273682015e-02
3.298694432342394456e-02
3.298904694564193385e-02
3.299114955939140559e-02
3.299325216467302591e-02
3.299535476148730828e-02
3.299745734983489109e-02
3.299955992971649599e-02
3.300166250113253236e-02
3.300376506408379124e-02
3.300586761857072365e-02
3.300797016459407207e-02
3.301007270215444017e-02
3.301217523125227898e-02
3.301427775188832403e-02
3.301638026406317206e-02
3.301848276777739899e-02
3.302058526303164321e-02
3.302268774982648064e-02
3.302479022816254273e-02
3.302689269804039846e-02
3.302899515946076947e-02
3.303109761242405823e-02
3.303320005693102801e-02
3.303530249298228944e-02
3.303740492057832129e-02
3.303950733971983827e-02
3.304160975040746490e-02
3.304371215264167994e-02
3.304581454642326749e-02
3.304791693175270634e-02
3.305001930863060711e-02
3.305212167705760817e-02
3.305422403703434792e-02
3.305632638856130512e-02
3.305842873163920836e-02
3.306053106626866828e-02
3.306263339245023303e-02
3.306473571018443691e-02
3.306683801947208484e-02
3.306894032031362785e-02
3.307104261270971818e-02
3.307314489666090401e-02
3.307524717216790699e-02
3.307734943923118509e-02
3.307945169785145301e-02
3.308155394802933524e-02
3.308365618976535916e-02
3.308575842306006598e-02
3.308786064791423287e-02
3.308996286432835943e-02
3.309206507230309097e-02
3.309416727183898954e-02
3.309626946293665190e-02
3.309837164559676498e-02
3.310047381981984921e-02
3.310257598560645970e-02
3.310467814295737360e-02
3.310678029187306970e-02
3.310888243235419331e-02
3.311098456440131343e-02
3.311308668801502680e-02
3.311518880319595792e-02
3.311729090994477293e-02
3.311939300826195060e-02
3.312149509814816400e-02
3.312359717960400990e-02
3.312569925263011972e-02
3.312780131722708327e-02
3.312990337339549035e-02
3.313200542113590996e-02
3.313410746044894578e-02
3.313620949133523619e-02
3.313831151379537099e-02
3.314041352782999550e-02
3.314251553343967177e-02
3.314461753062494798e-02
3.314671951938654576e-02
3.314882149972494391e-02
3.315092347164087794e-02
3.315302543513477807e-02
3.315512739020740757e-02
3.315722933685923135e-02
3.315933127509101269e-02
3.316143320490322344e-02
3.316353512629645339e-02
3.316563703927141032e-02
3.316773894382859383e-02
3.316984083996865618e-02
3.317194272769227043e-02
3.317404460699981822e-02
3.317614647789212529e-02
3.317824834036972592e-02
3.318035019443318218e-02
3.318245204008303528e-02
3.318455387732006240e-02
3.318665570614465210e-02
3.318875752655760236e-02
3.319085933855941278e-02
3.319296114215071480e-02
3.319506293733209823e-02
3.319716472410408348e-02
3.319926650246735750e-02
3.320136827242256561e-02
3.320347003397020047e-02
3.320557178711096985e-02
3.320767353184529008e-02
3.320977526817397302e-02
3.321187699609749050e-02
3.321397871561652254e-02
3.321608042673158262e-02
3.321818212944329524e-02
3.322028382375229877e-02
3.322238550965916221e-02
3.322448718716448923e-02
3.322658885626886272e-02
3.322869051697287246e-02
3.323079216927724011e-02
3.323289381318237506e-02
3.323499544868905448e-02
3.323709707579766692e-02
3.323919869450901038e-02
3.324130030482360526e-02
3.324340190674204137e-02
3.324550350026492934e-02
3.324760508539276183e-02
3.324970666212635068e-02
3.325180823046612610e-02
3.325390979041276118e-02
3.325601134196683184e-02
3.325811288512892094e-02
3.326021441989963218e-02
3.326231594627956228e-02
3.326441746426935658e-02
3.326651897386954937e-02
3.326862047508075820e-02
3.327072196790357289e-02
3.327282345233863875e-02
3.327492492838643456e-02
3.327702639604774443e-02
3.327912785532291529e-02
3.328122930621280062e-02
3.328333074871778902e-02
3.328543218283865068e-02
3.328753360857582971e-02
3.328963502593003387e-02
3.329173643490185991e-02
3.329383783549180048e-02
3.329593922770049397e-02
3.329804061152853017e-02
3.330014198697660993e-02
3.330224335404517039e-02
3.330434471273491237e-02
3.330644606304646038e-02
3.330854740498031402e-02
3.331064873853701452e-02
3.331275006371735986e-02
3.331485138052182188e-02
3.331695268895099732e-02
3.331905398900549681e-02
3.332115528068586158e-02
3.332325656399277164e-02
3.332535783892676823e-02
3.332745910548851054e-02
3.332956036367850511e-02
3.333166161349745277e-02
3.333376285494578373e-02
3.333586408802425433e-02
3.333796531273340580e-02
3.334006652907375162e-02
3.334216773704605508e-02
3.334426893665069780e-02
3.334637012788846389e-02
3.334847131075981130e-02
3.335057248526541313e-02
3.335267365140587997e-02
3.335477480918180165e-02
3.335687595859364307e-02
3.335897709964216751e-02
3.336107823232783293e-02
3.336317935665130546e-02
3.336528047261317492e-02
3.336738158021407274e-02
3.336948267945451241e-02
3.337158377033512535e-02
3.337368485285642505e-02
3.337578592701920255e-02
3.337788699282385335e-02
3.337998805027102972e-02
3.338208909936134922e-02
3.338419014009538777e-02
3.338629117247375599e-02
3.338839219649708534e-02
3.339049321216584071e-02
3.339259421948065354e-02
3.339469521844221078e-02
3.339679620905104673e-02
3.339889719130771650e-02
3.340099816521287235e-02
3.340309913076711101e-02
3.340520008797100149e-02
3.340730103682506419e-02
3.340940197732994443e-02
3.341150290948630835e-02
3.341360383329461392e-02
3.341570474875558971e-02
3.341780565586970064e-02
3.341990655463763366e-02
3.342200744505992305e-02
3.342410832713714475e-02
3.342620920086993713e-02
3.342831006625887613e-02
3.343041092330460012e-02
3.343251177200760177e-02
3.343461261236851945e-02
3.343671344438793602e-02
3.343881426806651069e-02
3.344091508340475694e-02
3.344301589040320905e-02
3.344511668906264418e-02
3.344721747938346479e-02
3.344931826136632314e-02
3.345141903501182984e-02
3.345351980032058858e-02
3.345562055729316142e-02
3.345772130593011734e-02
3.345982204623207390e-02
3.346192277819964866e-02
3.346402350183338981e-02
3.346612421713390101e-02
3.346822492410170269e-02
3.347032562273754425e-02
3.347242631304182814e-02
3.347452699501530377e-02
3.347662766865846379e-02
3.347872833397191189e-02
3.348082899095623788e-02
3.348292963961211482e-02
3.348503027993992437e-02
3.348713091194049918e-02
3.348923153561426252e-02
3.349133215096194993e-02
3.349343275798389447e-02
3.349553335668100512e-02
3.349763394705364966e-02
3.349973452910245258e-02
3.350183510282802452e-02
3.350393566823100383e-02
3.350603622531182768e-02
3.350813677407128710e-02
3.351023731450981924e-02
3.351233784662803472e-02
3.351443837042667601e-02
3.351653888590609004e-02
3.351863939306693602e-02
3.352073989190992864e-02
3.352284038243554670e-02
3.352494086464435918e-02
3.352704133853705304e-02
3.352914180411414174e-02
3.353124226137616654e-02
3.353334271032379355e-02
3.353544315095761258e-02
3.353754358327815793e-02
3.353964400728602635e-02
3.354174442298186315e-02
3.354384483036620263e-02
3.354594522943965540e-02
3.354804562020275577e-02
3.355014600265612129e-02
3.355224637680036259e-02
3.355434674263609723e-02
3.355644710016372073e-02
3.355854744938406575e-02
3.356064779029759026e-02
3.356274812290494652e-02
3.356484844720658556e-02
3.356694876320323595e-02
3.356904907089542506e-02
3.357114937028365248e-02
3.357324966136867456e-02
3.357534994415098395e-02
3.357745021863117740e-02
3.357955048480981003e-02
3.358165074268754102e-02
3.358375099226491162e-02
3.358585123354247692e-02
3.358795146652084063e-02
3.359005169120056478e-02
3.359215190758227387e-02
3.359425211566661323e-02
3.359635231545400613e-02
3.359845250694518809e-02
3.360055269014065177e-02
3.360265286504099391e-02
3.360475303164687372e-02
3.360685318995876997e-02
3.360895333997727941e-02
3.361105348170313756e-02
3.361315361513672606e-02
3.361525374027872493e-02
3.361735385712966845e-02
3.361945396569021582e-02
3.362155406596090829e-02
3.362365415794234258e-02
3.362575424163507382e-02
3.362785431703969180e-02
3.362995438415682797e-02
3.363205444298701663e-02
3.363415449353085451e-02
3.363625453578885510e-02
3.363835456976168453e-02
3.364045459544996730e-02
3.364255461285420301e-02
3.364465462197497453e-02
3.364675462281295493e-02
3.364885461536860911e-02
3.365095459964258240e-02
3.365305457563542990e-02
3.365515454334776224e-02
3.365725450278011371e-02
3.365935445393311576e-02
3.366145439680739287e-02
3.366355433140340303e-02
3.366565425772180542e-02
3.366775417576316209e-02
3.366985408552809061e-02
3.367195398701712528e-02
3.367405388023090446e-02
3.367615376516987225e-02
3.367825364183473641e-02
3.368035351022610757e-02
3.368245337034450615e-02
3.368455322219045256e-02
3.368665306576465457e-02
3.368875290106759790e-02
3.369085272809990705e-02
3.369295254686210939e-02
3.369505235735488491e-02
3.369715215957871240e-02
3.369925195353421638e-02
3.370135173922196581e-02
3.370345151664264766e-02
3.370555128579665050e-02
3.370765104668464740e-02
3.370975079930727675e-02
3.371185054366503814e-02
3.371395027975851444e-02
3.371605000758828852e-02
3.371814972715496406e-02
3.372024943845920719e-02
3.372234914150140650e-02
3.372444883628224199e-02
3.372654852280236593e-02
3.372864820106218769e-02
3.373074787106242894e-02
3.373284753280363091e-02
3.373494718628632788e-02
3.373704683151119987e-02
3.373914646847869792e-02
3.374124609718943263e-02
3.374334571764405627e-02
3.374544532984315170e-02
3.374754493378716996e-02
3.374964452947681881e-02
3.375174411691259785e-02
3.375384369609512464e-02
3.375594326702500980e-02
3.375804282970275988e-02
3.376014238412888141e-02
3.376224193030417930e-02
3.376434146822906296e-02
3.376644099790419157e-02
3.376854051933005085e-02
3.377064003250730695e-02
3.377273953743643864e-02
3.377483903411818839e-02
3.377693852255294477e-02
3.377903800274139473e-02
3.378113747468412809e-02
3.378323693838162362e-02
3.378533639383455439e-02
3.378743584104346859e-02
3.378953528000892825e-02
3.379163471073162034e-02
3.379373413321190567e-02
3.379583354745047119e-02
3.379793295344796222e-02
3.380003235120488531e-02
3.380213174072182331e-02
3.380423112199933827e-02
3.380633049503803389e-02
3.380842985983848609e-02
3.381052921640122916e-02
3.381262856472685291e-02
3.381472790481602347e-02
3.381682723666924045e-02
3.381892656028706590e-02
3.382102587567007573e-02
3.382312518281880426e-02
3.382522448173402169e-02
3.382732377241606109e-02
3.382942305486563717e-02
3.383152232908331197e-02
3.383362159506965450e-02
3.383572085282517128e-02
3.383782010235055621e-02
3.383991934364628112e-02
3.384201857671297747e-02
3.384411780155119343e-02
3.384621701816149797e-02
3.384831622654450173e-02
3.385041542670078063e-02
3.385251461863091060e-02
3.385461380233546064e-02
3.385671297781488176e-02
3.385881214506996501e-02
3.386091130410114058e-02
3.386301045490896361e-02
3.386510959749412103e-02
3.386720873185718184e-02
3.386930785799853461e-02
3.387140697591897731e-02
3.387350608561899568e-02
3.387560518709915175e-02
3.387770428035996595e-02
3.387980336540209747e-02
3.388190244222612918e-02
3.388400151083260925e-02
3.388610057122205116e-02
3.388819962339514186e-02
3.389029866735239482e-02
3.389239770309433741e-02
3.389449673062161494e-02
3.389659574993477559e-02
3.389869476103435364e-02
3.390079376392099442e-02
3.390289275859516976e-02
3.390499174505761520e-02
3.390709072330871238e-02
3.390918969334925231e-02
3.391128865517954033e-02
3.391338760880035358e-02
3.391548655421216391e-02
3.391758549141563051e-02
3.391968442041125992e-02
3.392178334119960725e-02
3.392388225378133171e-02
3.392598115815691207e-02
3.392808005432701446e-02
3.393017894229209686e-02
3.393227782205278376e-02
3.393437669360968578e-02
3.393647555696332335e-02
3.393857441211429321e-02
3.394067325906314353e-02
3.394277209781045718e-02
3.394487092835685865e-02
3.394696975070282674e-02
3.394906856484898594e-02
3.395116737079587749e-02
3.395326616854413282e-02
3.395536495809423072e-02
3.395746373944678181e-02
3.395956251260236897e-02
3.396166127756160974e-02
3.396376003432498292e-02
3.396585878289316851e-02
3.396795752326663836e-02
3.397005625544596841e-02
3.397215497943177620e-02
3.397425369522461686e-02
3.397635240282508712e-02
3.397845110223366577e-02
3.398054979345093568e-02
3.398264847647760462e-02
3.398474715131412360e-02
3.398684581796109633e-02
3.398894447641907790e-02
3.399104312668864425e-02
3.399314176877035742e-02
3.399524040266482111e-02
3.399733902837253491e-02
3.399943764589414413e-02
3.400153625523021084e-02
3.400363485638123462e-02
3.400573344934780529e-02
3.400783203413056122e-02
3.400993061073001589e-02
3.401202917914671747e-02
3.401412773938135292e-02
3.401622629143434551e-02
3.401832483530630585e-02
3.402042337099781683e-02
3.402252189850939190e-02
3.402462041784178048e-02
3.402671892899535727e-02
3.402881743197071901e-02
3.403091592676854571e-02
3.403301441338930228e-02
3.403511289183364097e-02
3.403721136210199893e-02
3.403930982419500068e-02
3.404140827811331926e-02
3.404350672385738491e-02
3.404560516142787763e-02
3.404770359082518599e-02
3.404980201205005941e-02
3.405190042510301135e-02
3.405399882998461081e-02
3.405609722669537820e-02
3.405819561523597966e-02
3.406029399560685927e-02
3.406239236780864849e-02
3.406449073184190934e-02
3.406658908770723165e-02
3.406868743540510114e-02
3.407078577493621863e-02
3.407288410630102127e-02
3.407498242950013356e-02
3.407708074453414532e-02
3.407917905140357695e-02
3.408127735010896969e-02
3.408337564065096192e-02
3.408547392303017814e-02
3.408757219724693061e-02
3.408967046330205197e-02
3.409176872119600021e-02
3.409386697092933044e-02
3.409596521250267409e-02
3.409806344591645444e-02
3.410016167117140007e-02
3.410225988826792731e-02
3.410435809720682027e-02
3.410645629798836342e-02
3.410855449061334782e-02
3.411065267508226612e-02
3.411275085139562485e-02
3.411484901955399995e-02
3.411694717955802980e-02
3.411904533140829032e-02
3.412114347510526724e-02
3.412324161064952260e-02
3.412533973804166010e-02
3.412743785728229728e-02
3.412953596837188519e-02
3.413163407131101362e-02
3.413373216610033484e-02
3.413583025274035537e-02
3.413792833123162340e-02
3.414002640157469404e-02
3.414212446377019872e-02
3.414422251781861622e-02
3.414632056372056412e-02
3.414841860147661140e-02
3.415051663108727154e-02
3.415261465255318291e-02
3.415471266587485899e-02
3.415681067105284102e-02
3.415890866808775350e-02
3.416100665698011685e-02
3.416310463773055556e-02
3.416520261033947903e-02
3.416730057480762972e-02
3.416939853113548642e-02
3.417149647932356954e-02
3.417359441937253134e-02
3.417569235128289223e-02
3.417779027505527673e-02
3.417988819069014278e-02
3.418198609818816347e-02
3.418408399754976207e-02
3.418618188877554226e-02
3.418827977186618405e-02
3.419037764682218705e-02
3.419247551364405086e-02
3.419457337233233751e-02
3.419667122288774785e-02
3.419876906531062882e-02
3.420086689960173676e-02
3.420296472576153657e-02
3.420506254379070826e-02
3.420716035368962654e-02
3.420925815545895754e-02
3.421135594909927025e-02
3.421345373461100181e-02
3.421555151199492245e-02
3.421764928125151095e-02
3.421974704238119058e-02
3.422184479538470381e-02
3.422394254026258492e-02
3.422604027701529883e-02
3.422813800564353942e-02
3.423023572614770221e-02
3.423233343852845334e-02
3.423443114278633403e-02
3.423652883892196186e-02
3.423862652693584335e-02
3.424072420682845730e-02
3.424282187860049759e-02
3.424491954225248463e-02
3.424701719778493886e-02
3.424911484519846394e-02
3.425121248449358724e-02
3.425331011567092632e-02
3.425540773873099465e-02
3.425750535367427796e-02
3.425960296050151177e-02
3.426170055921314711e-02
3.426379814980965582e-02
3.426589573229186364e-02
3.426799330666004118e-02
3.427009087291491701e-02
3.427218843105698382e-02
3.427428598108688690e-02
3.427638352300504954e-02
3.427848105681213786e-02
3.428057858250866535e-02
3.428267610009522182e-02
3.428477360957231379e-02
3.428687111094050333e-02
3.428896860420043574e-02
3.429106608935258288e-02
3.429316356639754149e-02
3.429526103533586667e-02
3.429735849616809967e-02
3.429945594889485805e-02
3.430155339351657895e-02
3.430365083003392851e-02
3.430574825844742021e-02
3.430784567875761609e-02
3.430994309096508516e-02
3.431204049507045190e-02
3.431413789107405632e-02
3.431623527897673109e-02
3.431833265877885092e-02
3.432043003048106111e-02
3.432252739408386127e-02
3.432462474958780652e-02
3.432672209699352134e-02
3.432881943630146371e-02
3.433091676751225813e-02
3.433301409062654297e-02
3.433511140564475539e-02
3.433720871256744356e-02
3.433930601139523892e-02
3.434140330212862718e-02
3.434350058476822593e-02
3.434559785931453474e-02
3.434769512576819894e-02
3.434979238412966263e-02
3.435188963439955723e-02
3.435398687657841010e-02
3.435608411066680412e-02
3.435818133666530133e-02
3.436027855457438746e-02
3.436237576439470781e-02
3.436447296612679669e-02
3.436657015977113289e-02
3.436866734532841028e-02
3.437076452279904520e-02
3.437286169218367604e-02
3.437495885348282321e-02
3.437705600669700712e-02
3.437915315182692860e-02
3.438125028887300400e-02
3.438334741783580922e-02
3.438544453871591328e-02
3.438754165151395453e-02
3.438963875623036320e-02
3.439173585286568052e-02
3.439383294142058650e-02
3.439593002189562931e-02
3.439802709429125305e-02
3.440012415860806139e-02
3.440222121484658863e-02
3.440431826300750090e-02
3.440641530309125617e-02
3.440851233509834017e-02
3.441060935902944679e-02
3.441270637488502010e-02
3.441480338266572625e-02
3.441690038237203708e-02
3.441899737400454934e-02
3.442109435756380426e-02
3.442319133305028755e-02
3.442528830046465149e-02
3.442738525980744424e-02
3.442948221107913070e-02
3.443157915428033539e-02
3.443367608941168972e-02
3.443577301647355454e-02
3.443786993546664454e-02
3.443996684639138300e-02
3.444206374924844299e-02
3.444416064403826860e-02
3.444625753076153984e-02
3.444835440941874244e-02
3.445045128001041762e-02
3.445254814253707887e-02
3.445464499699944783e-02
3.445674184339783674e-02
3.445883868173300196e-02
3.446093551200538063e-02
3.446303233421561113e-02
3.446512914836412367e-02
3.446722595445158438e-02
3.446932275247854144e-02
3.447141954244541812e-02
3.447351632435290136e-02
3.447561309820149078e-02
3.447770986399181087e-02
3.447980662172427102e-02
3.448190337139950268e-02
3.448400011301807483e-02
3.448609684658055646e-02
3.448819357208746106e-02
3.449029028953930903e-02
3.449238699893666937e-02
3.449448370028018046e-02
3.449658039357030026e-02
3.449867707880761858e-02
3.450077375599258644e-02
3.450287042512593938e-02
3.450496708620805902e-02
3.450706373923959069e-02
3.450916038422110338e-02
3.451125702115305505e-02
3.451335365003610489e-02
3.451545027087066231e-02
3.451754688365744200e-02
3.451964348839685337e-02
3.452174008508956948e-02
3.452383667373605525e-02
3.452593325433687271e-02
3.452802982689261863e-02
3.453012639140379952e-02
3.453222294787094970e-02
3.453431949629464509e-02
3.453641603667546855e-02
3.453851256901389194e-02
3.454060909331056056e-02
3.454270560956598096e-02
3.454480211778067356e-02
3.454689861795520733e-02
3.454899511009010271e-02
3.455109159418603970e-02
3.455318807024337219e-02
3.455528453826273855e-02
3.455738099824477716e-02
3.455947745018995987e-02
3.456157389409876546e-02
3.456367032997187394e-02
3.456576675780969471e-02
3.456786317761292859e-02
3.456995958938197805e-02
3.457205599311747451e-02
3.457415238881998004e-02
3.457624877649011219e-02
3.457834515612813464e-02
3.458044152773495639e-02
3.458253789131091049e-02
3.458463424685655208e-02
3.458673059437245012e-02
3.458882693385924301e-02
3.459092326531730544e-02
3.459301958874736599e-02
3.459511590414986182e-02
3.459721221152538273e-02
3.459930851087448384e-02
3.460140480219768555e-02
3.460350108549554993e-02
3.460559736076859738e-02
3.460769362801742466e-02
3.460978988724254524e-02
3.461188613844448647e-02
3.461398238162386592e-02
3.461607861678115544e-02
3.461817484391692401e-02
3.462027106303180307e-02
3.462236727412622977e-02
3.462446347720075229e-02
3.462655967225596737e-02
3.462865585929241624e-02
3.463075203831064014e-02
3.463284820931114560e-02
3.463494437229459877e-02
3.463704052726143678e-02
3.463913667421214537e-02
3.464123281314740455e-02
3.464332894406776248e-02
3.464542506697371876e-02
3.464752118186580770e-02
3.464961728874456359e-02
3.465171338761052766e-02
3.465380947846429666e-02
3.465590556130639099e-02
3.465800163613737966e-02
3.466009770295775533e-02
3.466219376176806616e-02
3.466428981256898523e-02
3.466638585536085254e-02
3.466848189014444526e-02
3.467057791692011726e-02
3.467267393568843059e-02
3.467476994645000976e-02
3.467686594920537518e-02
3.467896194395507503e-02
3.468105793069965748e-02
3.468315390943965681e-02
3.468524988017564897e-02
3.468734584290808498e-02
3.468944179763755464e-02
3.469153774436466858e-02
3.469363368308992640e-02
3.469572961381391096e-02
3.469782553653705248e-02
3.469992145125998240e-02
3.470201735798322112e-02
3.470411325670735847e-02
3.470620914743284546e-02
3.470830503016032048e-02
3.471040090489034557e-02
3.471249677162328851e-02
3.471459263035994725e-02
3.471668848110059935e-02
3.471878432384593177e-02
3.472088015859654819e-02
3.472297598535292740e-02
3.472507180411556205e-02
3.472716761488511827e-02
3.472926341766197078e-02
3.473135921244681346e-02
3.473345499924006957e-02
3.473555077804239138e-02
3.473764654885427156e-02
3.473974231167621662e-02
3.474183806650880946e-02
3.474393381335258435e-02
3.474602955220810335e-02
3.474812528307597709e-02
3.475022100595657332e-02
3.475231672085057205e-02
3.475441242775850759e-02
3.475650812668085871e-02
3.475860381761807644e-02
3.476069950057097263e-02
3.476279517553987342e-02
3.476489084252539635e-02
3.476698650152814513e-02
3.476908215254846668e-02
3.477117779558711042e-02
3.477327343064452042e-02
3.477536905772119630e-02
3.477746467681784581e-02
3.477956028793477428e-02
3.478165589107280742e-02
3.478375148623218116e-02
3.478584707341370041e-02
3.478794265261771906e-02
3.479003822384485467e-02
3.479213378709562765e-02
3.479422934237066251e-02
3.479632488967043802e-02
3.479842042899543297e-02
3.480051596034627187e-02
3.480261148372348207e-02
3.480470699912755622e-02
3.480680250655909802e-02
3.480889800601863482e-02
3.481099349750663846e-02
3.481308898102380284e-02
3.481518445657044714e-02
3.481727992414731382e-02
3.481937538375481228e-02
3.482147083539363641e-02
3.482356627906411234e-02
3.482566171476695477e-02
3.482775714250267024e-02
3.482985256227167509e-02
3.483194797407469095e-02
3.483404337791205091e-02
3.483613877378455292e-02
3.483823416169252313e-02
3.484032954163662765e-02
3.484242491361728283e-02
3.484452027763514093e-02
3.484661563369068765e-02
3.484871098178452670e-02
3.485080632191710215e-02
3.485290165408897606e-02
3.485499697830078680e-02
3.485709229455288133e-02
3.485918760284600210e-02
3.486128290318056544e-02
3.486337819555712647e-02
3.486547347997621948e-02
3.486756875643845510e-02
3.486966402494430517e-02
3.487175928549428316e-02
3.487385453808906910e-02
3.487594978272897522e-02
3.487804501941469543e-02
3.488014024814682645e-02
3.488223546892573607e-02
3.488433068175205570e-02
3.488642588662634741e-02
3.488852108354908305e-02
3.489061627252083159e-02
3.489271145354210651e-02
3.489480662661349764e-02
3.489690179173550455e-02
3.489899694890864074e-02
3.490109209813352376e-02
3.490318723941056300e-02
3.490528237274046625e-02
3.490737749812368451e-02
3.490947261556067577e-02
3.491156772505210615e-02
3.491366282659849607e-02
3.491575792020033125e-02
3.491785300585812518e-02
3.491994808357245378e-02
3.492204315334388603e-02
3.492413821517286604e-02
3.492623326906002523e-02
3.492832831500587709e-02
3.493042335301094203e-02
3.493251838307569884e-02
3.493461340520086916e-02
3.493670841938674443e-02
3.493880342563408098e-02
3.494089842394321188e-02
3.494299341431484490e-02
3.494508839674947270e-02
3.494718337124752550e-02
3.494927833780968329e-02
3.495137329643647345e-02
3.495346824712827760e-02
3.495556318988577577e-02
3.495765812470945366e-02
3.495975305159984559e-02
3.496184797055751359e-02
3.496394288158292257e-02
3.496603778467674561e-02
3.496813267983931578e-02
3.497022756707132696e-02
3.497232244637331344e-02
3.497441731774576096e-02
3.497651218118923155e-02
3.497860703670417626e-02
3.498070188429122651e-02
3.498279672395090967e-02
3.498489155568370451e-02
3.498698637949018003e-02
3.498908119537086359e-02
3.499117600332632416e-02
3.499327080335699197e-02
3.499536559546351233e-02
3.499746037964643341e-02
3.499955515590618543e-02
3.500164992424331656e-02
3.500374468465849292e-02
3.500583943715206842e-02
3.500793418172472304e-02
3.501002891837688008e-02
3.501212364710915709e-02
3.501421836792206754e-02
3.501631308081615268e-02
3.501840778579182190e-02
3.502050248284979683e-02
3.502259717199047995e-02
3.502469185321453737e-02
3.502678652652237157e-02
3.502888119191453764e-02
3.503097584939159070e-02
3.503307049895410669e-02
3.503516514060255049e-02
3.503725977433745642e-02
3.503935440015937264e-02
3.504144901806893059e-02
3.504354362806647721e-02
3.504563823015274804e-02
3.504773282432802756e-02
3.504982741059306517e-02
3.505192198894833966e-02
3.505401655939437838e-02
3.505611112193164625e-02
3.505820567656073999e-02
3.506030022328220780e-02
3.506239476209647987e-02
3.506448929300420847e-02
3.506658381600592095e-02
3.506867833110206140e-02
3.507077283829319186e-02
3.507286733757987440e-02
3.507496182896260167e-02
3.507705631244193573e-02
3.507915078801845943e-02
3.508124525569256830e-02
3.508333971546494234e-02
3.508543416733599790e-02
3.508752861130635253e-02
3.508962304737641563e-02
3.509171747554686721e-02
3.509381189581812360e-02
3.509590630819078849e-02
3.509800071266538923e-02
3.510009510924235604e-02
3.510218949792240362e-02
3.510428387870585115e-02
3.510637825159345499e-02
3.510847261658548574e-02
3.511056697368269280e-02
3.511266132288555497e-02
3.511475566419453714e-02
3.511684999761015280e-02
3.511894432313306114e-02
3.512103864076374093e-02
3.512313295050258771e-02
3.512522725235035087e-02
3.512732154630738429e-02
3.512941583237432636e-02
3.513151011055162809e-02
3.513360438083985848e-02
3.513569864323954489e-02
3.513779289775130488e-02
3.513988714437548538e-02
3.514198138311275255e-02
3.514407561396359903e-02
3.514616983692849667e-02
3.514826405200806997e-02
3.515035825920285323e-02
3.515245245851326972e-02
3.515454664993992312e-02
3.515664083348333385e-02
3.515873500914396682e-02
3.516082917692248122e-02
3.516292333681927951e-02
3.516501748883497230e-02
3.516711163297009390e-02
3.516920576922513003e-02
3.517129989760055253e-02
3.517339401809697202e-02
3.517548813071495056e-02
3.517758223545486979e-02
3.517967633231745134e-02
3.518177042130313237e-02
3.518386450241231533e-02
3.518595857564581209e-02
3.518805264100392100e-02
3.519014669848717636e-02
3.519224074809620267e-02
3.519433478983146485e-02
3.519642882369355269e-02
3.519852284968291722e-02
3.520061686780022459e-02
3.520271087804579396e-02
3.520480488042029843e-02
3.520689887492423065e-02
3.520899286155809715e-02
3.521108684032245306e-02
3.521318081121784654e-02
3.521527477424471475e-02
3.521736872940372381e-02
3.521946267669524844e-02
3.522155661611995475e-02
3.522365054767822440e-02
3.522574447137075820e-02
3.522783838719791699e-02
3.522993229516029057e-02
3.523202619525844792e-02
3.523412008749289559e-02
3.523621397186411236e-02
3.523830784837265334e-02
3.524040171701905977e-02
3.524249557780383818e-02
3.524458943072748818e-02
3.524668327579068977e-02
3.524877711299372052e-02
3.525087094233732982e-02
3.525296476382187155e-02
3.525505857744798410e-02
3.525715238321617401e-02
3.525924618112690617e-02
3.526133997118078428e-02
3.526343375337830099e-02
3.526552752771995591e-02
3.526762129420631803e-02
3.526971505283788000e-02
3.527180880361523163e-02
3.527390254653885865e-02
3.527599628160916351e-02
3.527809000882686091e-02
3.528018372819240189e-02
3.528227743970629299e-02
3.528437114336902686e-02
3.528646483918122106e-02
3.528855852714338909e-02
3.529065220725598195e-02
3.529274587951952702e-02
3.529483954393464878e-02
3.529693320050181216e-02
3.529902684922150979e-02
3.530112049009430375e-02
3.530321412312062423e-02
3.530530774830118595e-02
3.530740136563637749e-02
3.530949497512671925e-02
3.531158857677275248e-02
3.531368217057506004e-02
3.531577575653414153e-02
3.531786933465050349e-02
3.531996290492456919e-02
3.532205646735701865e-02
3.532415002194837922e-02
3.532624356869898397e-02
3.532833710760955453e-02
3.533043063868056971e-02
3.533252416191248746e-02
3.533461767730590453e-02
3.533671118486125806e-02
3.533880468457918644e-02
3.534089817646007825e-02
3.534299166050458574e-02
3.534508513671306973e-02
3.534717860508625881e-02
3.534927206562452767e-02
3.535136551832845919e-02
3.535345896319856684e-02
3.535555240023535717e-02
3.535764582943938528e-02
3.535973925081111607e-02
3.536183266435109773e-02
3.536392607005988536e-02
3.536601946793799245e-02
3.536811285798591165e-02
3.537020624020414949e-02
3.537229961459333744e-02
3.537439298115382241e-02
3.537648633988631913e-02
3.537857969079113984e-02
3.538067303386899926e-02
3.538276636912031370e-02
3.538485969654565216e-02
3.538695301614547956e-02
3.538904632792028854e-02
3.539113963187072442e-02
3.539323292799732845e-02
3.539532621630041287e-02
3.539741949678072014e-02
3.539951276943866659e-02
3.540160603427468244e-02
3.540369929128952403e-02
3.540579254048345503e-02
3.540788578185719016e-02
3.540997901541112491e-02
3.541207224114584912e-02
3.541416545906195951e-02
3.541625866915978915e-02
3.541835187143999725e-02
3.542044506590300013e-02
3.542253825254951943e-02
3.542463143137981191e-02
3.542672460239455756e-02
3.542881776559424212e-02
3.543091092097937905e-02
3.543300406855046797e-02
3.543509720830807092e-02
3.543719034025268749e-02
3.543928346438487975e-02
3.544137658070511260e-02
3.544346968921392033e-02
3.544556278991176784e-02
3.544765588279936291e-02
3.544974896787696922e-02
3.545184204514528759e-02
3.545393511460476904e-02
3.545602817625589237e-02
3.545812123009926820e-02
3.546021427613540999e-02
3.546230731436477573e-02
3.546440034478791359e-02
3.546649336740536479e-02
3.546858638221757343e-02
3.547067938922510849e-02
3.547277238842853897e-02
3.547486537982823263e-02
3.547695836342486947e-02
3.547905133921894910e-02
3.548114430721090173e-02
3.548323726740131023e-02
3.548533021979064644e-02
3.548742316437951405e-02
3.548951610116834327e-02
3.549160903015773083e-02
3.549370195134804451e-02
3.549579486473995044e-02
3.549788777033395515e-02
3.549998066813046110e-02
3.550207355813015525e-02
3.550416644033341229e-02
3.550625931474082897e-02
3.550835218135290489e-02
3.551044504017011882e-02
3.551253789119303977e-02
3.551463073442220203e-02
3.551672356985805662e-02
3.551881639750111702e-02
3.552090921735199386e-02
3.552300202941105489e-02
3.552509483367900789e-02
3.552718763015620673e-02
3.552928041884322735e-02
3.553137319974065261e-02
3.553346597284891273e-02
3.553555873816847954e-02
3.553765149569999837e-02
3.553974424544389943e-02
3.554183698740079334e-02
3.554392972157108949e-02
3.554602244795534993e-02
3.554811516655407427e-02
3.555020787736778293e-02
3.555230058039701713e-02
3.555439327564226260e-02
3.555648596310399812e-02
3.555857864278289676e-02
3.556067131467924997e-02
3.556276397879375162e-02
3.556485663512689438e-02
3.556694928367903907e-02
3.556904192445094898e-02
3.557113455744287389e-02
3.557322718265562567e-02
3.557531980008947492e-02
3.557741240974499064e-02
3.557950501162273488e-02
3.558159760572326274e-02
3.558369019204694200e-02
3.558578277059441797e-02
3.558787534136617636e-02
3.558996790436272373e-02
3.559206045958455966e-02
3.559415300703219764e-02
3.559624554670617891e-02
3.559833807860706550e-02
3.560043060273523907e-02
3.560252311909134493e-02
3.560461562767578553e-02
3.560670812848913680e-02
3.560880062153187753e-02
3.561089310680464609e-02
3.561298558430778943e-02
3.561507805404188348e-02
3.561717051600752498e-02
3.561926297020511639e-02
3.562135541663521976e-02
3.562344785529835550e-02
3.562554028619502322e-02
3.562763270932572252e-02
3.562972512469091829e-02
3.563181753229126281e-02
3.563390993212717239e-02
3.563600232419922298e-02
3.563809470850785172e-02
3.564018708505362759e-02
3.564227945383698082e-02
3.564437181485857753e-02
3.564646416811879243e-02
3.564855651361815980e-02
3.565064885135717926e-02
3.565274118133653081e-02
3.565483350355652670e-02
3.565692581801784694e-02
3.565901812472080379e-02
3.566111042366602868e-02
3.566320271485403509e-02
3.566529499828533650e-02
3.566738727396044639e-02
3.566947954187981579e-02
3.567157180204409694e-02
3.567366405445360905e-02
3.567575629910902518e-02
3.567784853601080330e-02
3.567994076515938751e-02
3.568203298655543698e-02
3.568412520019935419e-02
3.568621740609166648e-02
3.568830960423283183e-02
3.569040179462353718e-02
3.569249397726413642e-02
3.569458615215519159e-02
3.569667831929716068e-02
3.569877047869064735e-02
3.570086263033612345e-02
3.570295477423410940e-02
3.570504691038510481e-02
3.570713903878966478e-02
3.570923115944812237e-02
3.571132327236124088e-02
3.571341537752939499e-02
3.571550747495308431e-02
3.571759956463286395e-02
3.571969164656924045e-02
3.572178372076271341e-02
3.572387578721379631e-02
3.572596784592297486e-02
3.572805989689076256e-02
3.573015194011772838e-02
3.573224397560439969e-02
3.573433600335110955e-02
3.573642802335864899e-02
3.573852003562726087e-02
3.574061204015760440e-02
3.574270403695010284e-02
3.574479602600536682e-02
3.574688800732384736e-02
3.574897998090603018e-02
3.575107194675250510e-02
3.575316390486370927e-02
3.575525585524020472e-02
3.575734779788240086e-02
3.575943973279094301e-02
3.576153165996619893e-02
3.576362357940884168e-02
3.576571549111928761e-02
3.576780739509801549e-02
3.576989929134560819e-02
3.577199117986250981e-02
3.577408306064926852e-02
3.577617493370637003e-02
3.577826679903441109e-02
3.578035865663382192e-02
3.578245050650499803e-02
3.578454234864860556e-02
3.578663418306521349e-02
3.578872600975516183e-02
3.579081782871899875e-02
3.579290963995735569e-02
3.579500144347055879e-02
3.579709323925921172e-02
3.579918502732386265e-02
3.580127680766505283e-02
3.580336858028308061e-02
3.580546034517863296e-02
3.580755210235220948e-02
3.580964385180421261e-02
3.581173559353522523e-02
3.581382732754576775e-02
3.581591905383636060e-02
3.581801077240744785e-02
3.582010248325954299e-02
3.582219418639324970e-02
3.582428588180900514e-02
3.582637756950721869e-02
3.582846924948855649e-02
3.583056092175349733e-02
3.583265258630247835e-02
3.583474424313613099e-02
3.583683589225476057e-02
3.583892753365898465e-02
3.584101916734938609e-02
3.584311079332641592e-02
3.584520241159055987e-02
3.584729402214230365e-02
3.584938562498224401e-02
3.585147722011070709e-02
3.585356880752842840e-02
3.585566038723576182e-02
3.585775195923326941e-02
3.585984352352146465e-02
3.586193508010079162e-02
3.586402662897179849e-02
3.586611817013501957e-02
3.586820970359100302e-02
3.587030122934015131e-02
3.587239274738299177e-02
3.587448425771996852e-02
3.587657576035173379e-02
3.587866725527875250e-02
3.588075874250149649e-02
3.588285022202042374e-02
3.588494169383613097e-02
3.588703315794910392e-02
3.588912461435976586e-02
3.589121606306882456e-02
3.589330750407651593e-02
3.589539893738354775e-02
3.589749036299029472e-02
3.589958178089736746e-02
3.590167319110520311e-02
3.590376459361434291e-02
3.590585598842527260e-02
3.590794737553856808e-02
3.591003875495460407e-02
3.591213012667394261e-02
3.591422149069711800e-02
3.591631284702462984e-02
3.591840419565699855e-02
3.592049553659461963e-02
3.592258686983813842e-02
3.592467819538804064e-02
3.592676951324469403e-02
3.592886082340872311e-02
3.593095212588064830e-02
3.593304342066089285e-02
3.593513470774997720e-02
3.593722598714848421e-02
3.593931725885678163e-02
3.594140852287553561e-02
3.594349977920514166e-02
3.594559102784612020e-02
3.594768226879897083e-02
3.594977350206426253e-02
3.595186472764244634e-02
3.595395594553392471e-02
3.595604715573944010e-02
3.595813835825933252e-02
3.596022955309408770e-02
3.596232074024420522e-02
3.596441191971039980e-02
3.596650309149285879e-02
3.596859425559224832e-02
3.597068541200915126e-02
3.597277656074399088e-02
3.597486770179719739e-02
3.597695883516935367e-02
3.597904996086095930e-02
3.598114107887245838e-02
3.598323218920442684e-02
3.598532329185737122e-02
3.598741438683169397e-02
3.598950547412797796e-02
3.599159655374681993e-02
3.599368762568856683e-02
3.599577868995370439e-02
3.599786974654285709e-02
3.599996079545644129e-02
3.600205183669496350e-02
3.600414287025906213e-02
3.600623389614902164e-02
3.600832491436549432e-02
3.601041592490899362e-02
3.601250692777986651e-02
3.601459792297872359e-02
3.601668891050609916e-02
3.601877989036251365e-02
3.602087086254828624e-02
3.602296182706411776e-02
3.602505278391044535e-02
3.602714373308772700e-02
3.602923467459645535e-02
3.603132560843722021e-02
3.603341653461048649e-02
3.603550745311668441e-02
3.603759836395637600e-02
3.603968926713012333e-02
3.604178016263833578e-02
3.604387105048158929e-02
3.604596193066027243e-02
3.604805280317494726e-02
3.605014366802616194e-02
3.605223452521436056e-02
3.605432537474004967e-02
3.605641621660367335e-02
3.605850705080591162e-02
3.606059787734706285e-02
3.606268869622773765e-02
3.606477950744846339e-02
3.606687031100958007e-02
3.606896110691179547e-02
3.607105189515549121e-02
3.607314267574116690e-02
3.607523344866933601e-02
3.607732421394053285e-02
3.607941497155523619e-02
3.608150572151386931e-02
3.608359646381707753e-02
3.608568719846524941e-02
3.608777792545891233e-02
3.608986864479862139e-02
3.609195935648482068e-02
3.609405006051792653e-02
3.609614075689866752e-02
3.609823144562727959e-02
3.610032212670442886e-02
3.610241280013062187e-02
3.610450346590624721e-02
3.610659412403186691e-02
3.610868477450804304e-02
3.611077541733509477e-02
3.611286605251375764e-02
3.611495668004428145e-02
3.611704729992738089e-02
3.611913791216341679e-02
3.612122851675294427e-02
3.612331911369645598e-02
3.612540970299446541e-02
3.612750028464743746e-02
3.612959085865589254e-02
3.613168142502038577e-02
3.613377198374126409e-02
3.613586253481911037e-02
3.613795307825448666e-02
3.614004361404783011e-02
3.614213414219961951e-02
3.614422466271029200e-02
3.614631517558050677e-02
3.614840568081067324e-02
3.615049617840131180e-02
3.615258666835283186e-02
3.615467715066589260e-02
3.615676762534086874e-02
3.615885809237828069e-02
3.616094855177860723e-02
3.616303900354237572e-02
3.616512944767019677e-02
3.616721988416227163e-02
3.616931031301942601e-02
3.617140073424192359e-02
3.617349114783041664e-02
3.617558155378534229e-02
3.617767195210704750e-02
3.617976234279629555e-02
3.618185272585344725e-02
3.618394310127896057e-02
3.618603346907344614e-02
3.618812382923727866e-02
3.619021418177104099e-02
3.619230452667519110e-02
3.619439486395019390e-02
3.619648519359663918e-02
3.619857551561492248e-02
3.620066583000559890e-02
3.620275613676921661e-02
3.620484643590618501e-02
3.620693672741694125e-02
3.620902701130218615e-02
3.621111728756216258e-02
3.621320755619756443e-02
3.621529781720881497e-02
3.621738807059639992e-02
3.621947831636087439e-02
3.622156855450267554e-02
3.622365878502232378e-02
3.622574900792022157e-02
3.622783922319702116e-02
3.622992943085306256e-02
3.623201963088894945e-02
3.623410982330525082e-02
3.623620000810221647e-02
3.623829018528057500e-02
3.624038035484073578e-02
3.624247051678310821e-02
3.624456067110828211e-02
3.624665081781681258e-02
3.624874095690904657e-02
3.625083108838559470e-02
3.625292121224686637e-02
3.625501132849338198e-02
3.625710143712573136e-02
3.625919153814424756e-02
3.626128163154958978e-02
3.626337171734214659e-02
3.626546179552235516e-02
3.626755186609085385e-02
3.626964192904810758e-02
3.627173198439444940e-02
3.627382203213066342e-02
3.627591207225694392e-02
3.627800210477401949e-02
3.628009212968224401e-02
3.628218214698213095e-02
3.628427215667416605e-02
3.628636215875889054e-02
3.628845215323685258e-02
3.629054214010840607e-02
3.629263211937409223e-02
3.629472209103449393e-02
3.629681205508999281e-02
3.629890201154110929e-02
3.630099196038834991e-02
3.630308190163220039e-02
3.630517183527321584e-02
3.630726176131179872e-02
3.630935167974844863e-02
3.631144159058373455e-02
3.631353149381805895e-02
3.631562138945198387e-02
3.631771127748596728e-02
3.631980115792046715e-02
3.632189103075609410e-02
3.632398089599322283e-02
3.632607075363239457e-02
3.632816060367413669e-02
3.633025044611886550e-02
3.633234028096705287e-02
3.633443010821929553e-02
3.633651992787603757e-02
3.633860973993779941e-02
3.634069954440501821e-02
3.634278934127816579e-02
3.634487913055786668e-02
3.634696891224445392e-02
3.634905868633850345e-02
3.635114845284049406e-02
3.635323821175096698e-02
3.635532796307024139e-02
3.635741770679902507e-02
3.635950744293770659e-02
3.636159717148677167e-02
3.636368689244676156e-02
3.636577660581813420e-02
3.636786631160134065e-02
3.636995600979688048e-02
3.637204570040532964e-02
3.637413538342710445e-02
3.637622505886279473e-02
3.637831472671262251e-02
3.638040438697744128e-02
3.638249403965748696e-02
3.638458368475341181e-02
3.638667332226550727e-02
3.638876295219444640e-02
3.639085257454063166e-02
3.639294218930462510e-02
3.639503179648686387e-02
