7.999023437500000000e+00
1.149838765600950730e+01
2.446497483071993440e+00
1.232799077496644857e+00
8.479379890079881132e-01
6.007756431289281718e-01
4.497834118973119133e-01
3.492691534007658638e-01
2.739610524910190970e-01
2.291458779410687763e-01
1.965470602417420110e-01
1.771654708722253946e-01
1.609702013074412741e-01
1.463860264113490683e-01
1.314888164559262773e-01
1.198617564337622621e-01
1.103506279457664718e-01
1.019928036180189207e-01
9.504743006939314620e-02
8.878728771783589435e-02
8.195549965522139213e-02
7.503865603873990930e-02
6.932177356249667743e-02
6.495121258546274201e-02
6.110071370292250587e-02
5.771455959845628314e-02
5.484505118213064967e-02
5.225503361690637255e-02
4.989167093427486488e-02
4.767282707087169835e-02
4.562234247773700596e-02
4.367978330566549272e-02
4.159550047307446902e-02
3.942974527815739511e-02
3.749941801437910172e-02
3.550135817012915751e-02
3.376849107744332029e-02
3.228792582861487320e-02
3.101402915323349385e-02
2.988538581861334420e-02
2.887174976033047430e-02
2.800407744225405851e-02
2.710362124550209917e-02
2.624126473024001108e-02
2.541054266198528380e-02
2.456700564598429323e-02
2.380454780896391898e-02
2.313312146656882826e-02
2.247201396643396312e-02
2.179314964216420500e-02
2.115346091839781853e-02
2.055621566891391305e-02
1.993154942473277999e-02
1.934669462918511829e-02
1.883819451398863892e-02
1.838204076927565933e-02
1.794932049458016626e-02
1.757307278504853867e-02
1.724375712560702323e-02
1.693630727438441563e-02
1.662580827525513352e-02
1.635031584653926645e-02
1.607809494014084128e-02
1.581197035653159055e-02
1.554154885401402668e-02
1.526966053704062812e-02
1.501530608952187512e-02
1.477183243505084294e-02
1.455067736159689970e-02
1.433014212136803599e-02
1.411184774729737010e-02
1.390060392502070509e-02
1.367713670095386906e-02
1.346320138960420409e-02
1.326668026474991414e-02
1.307524482804366117e-02
1.288532572121087530e-02
1.271177254613479850e-02
1.253750616300648539e-02
1.236490940815351998e-02
1.219582721312492506e-02
1.200863624900046049e-02
1.181319121245513228e-02
1.163055182965235836e-02
1.145512010712019559e-02
1.130171008079924530e-02
1.115486076941249113e-02
1.099990846653519858e-02
1.083155468365519687e-02
1.065486033431247218e-02
1.047980164756520324e-02
1.031972931638974918e-02
1.016153037526383585e-02
9.998596875053221075e-03
9.839556116726036125e-03
9.684085724077135318e-03
9.532786632176703037e-03
9.380245901409822382e-03
9.237811939663097618e-03
9.104245252923770862e-03
8.967550269028391058e-03
8.831950284872699952e-03
8.700973288574704798e-03
8.578485406366961191e-03
8.458385965094229048e-03
8.346567710998238632e-03
8.241287824663219574e-03
8.141180327106456102e-03
8.043669320941287254e-03
7.946969928102792444e-03
7.848957202671237587e-03
7.757079720452548371e-03
7.666964788472582434e-03
7.580917396684516349e-03
7.500188950398856483e-03
7.425401086072592506e-03
7.355722501869907913e-03
7.297627936228061329e-03
7.248757571430059291e-03
7.198989533647775531e-03
7.148582095638458637e-03
7.096466674153000843e-03
7.042134507956986610e-03
6.993113837069124539e-03
6.949760484310578759e-03
6.910481389190574301e-03
6.877008620625920006e-03
6.845293369491221164e-03
6.812533025729645801e-03
6.776506554882002174e-03
6.739706979652071092e-03
6.702326758922654525e-03
6.668112638425809958e-03
6.636427470038203970e-03
6.606715521173374406e-03
6.581454843490388250e-03
6.557385248307024024e-03
6.530242007015015643e-03
6.504000199013834291e-03
6.475482093680814261e-03
6.449536447011069290e-03
6.420912379310074643e-03
6.388397610554799946e-03
6.355471400578334082e-03
6.323009057052649158e-03
6.292444584956626875e-03
6.262836529526499829e-03
6.230365494450745834e-03
6.198601561331842751e-03
6.167360821981060677e-03
6.136115319816084351e-03
6.104697396284412478e-03
6.075156649265250897e-03
6.045708590628544668e-03
6.019097997388456710e-03
5.991184008148037025e-03
5.963684233721258839e-03
5.938785977514295447e-03
5.912869016731430762e-03
5.884779264813765239e-03
5.854513481233799763e-03
5.821552239316541213e-03
5.790142970539514933e-03
5.761918599494224649e-03
5.734582042198507063e-03
5.706676974736205749e-03
5.680185828371818110e-03
5.655057096996418502e-03
5.631772028686900244e-03
5.610076436373510542e-03
5.588312189367540539e-03
5.566849768835768937e-03
5.545728185470198864e-03
5.523346254862016198e-03
5.500297087877164225e-03
5.477821548930645636e-03
5.454611289085361386e-03
5.430010875196025766e-03
5.407645631742920983e-03
5.383548650593750033e-03
5.360444083742042613e-03
5.337387954668399749e-03
5.313223556580783796e-03
5.289721979116907176e-03
5.267457134881551803e-03
5.246813610348690336e-03
5.227787160932603414e-03
5.210691628436377523e-03
5.193903317384041506e-03
5.175408073716963354e-03
5.157434731533933926e-03
5.138363559396670437e-03
5.119327207843612886e-03
5.099763922562337501e-03
5.080086293270364740e-03
5.061684546586823000e-03
5.043331607094888105e-03
5.025904164835249058e-03
5.010397930870098653e-03
4.995955321217188105e-03
4.981643158267689761e-03
4.966388150628129293e-03
4.950610959508897069e-03
4.933892433939835939e-03
4.917085631721014767e-03
4.899067861019980145e-03
4.880788020115842639e-03
4.862203456026737043e-03
4.844877136444314218e-03
4.828420729844646458e-03
4.812369182774236219e-03
4.796323117276313566e-03
4.780679962924591110e-03
4.766029353499131628e-03
4.751179954827417125e-03
4.735111159981676525e-03
4.719111932067488954e-03
4.701676276466001253e-03
4.684360750151790771e-03
4.667702624737432929e-03
4.650869814561408959e-03
4.634847506904158504e-03
4.618578233359855664e-03
4.601098450958266903e-03
4.584293334212569647e-03
4.567446372025063712e-03
4.550249579537512731e-03
4.532599875385512345e-03
4.515410467016721385e-03
4.499044400737709296e-03
4.484358726708748653e-03
4.470324313189280412e-03
4.456922734755180623e-03
4.444245059085575288e-03
4.431569003873164596e-03
4.419054781236847300e-03
4.405599133500606029e-03
4.391374835014870588e-03
4.376844587738089494e-03
4.363634010058551997e-03
4.351237779540933527e-03
4.338611436931287188e-03
4.325487410311451737e-03
4.313255000066209405e-03
4.301458586831463822e-03
4.289973139840822826e-03
4.278692064501244362e-03
4.266977972955571068e-03
4.254402153076986860e-03
4.242739792121738573e-03
4.231117910150905548e-03
4.220114747997256652e-03
4.209768550059828432e-03
4.198997170932477693e-03
4.187478611251880395e-03
4.175710717445971568e-03
4.164332547742594093e-03
4.153340505958593755e-03
4.142334405751359715e-03
4.131287199067858532e-03
4.120052430177575768e-03
4.108589551161898404e-03
4.096657672862315420e-03
4.084567508443721039e-03
4.072540322632862628e-03
4.059954353098416992e-03
4.046747544160641738e-03
4.033758392629504565e-03
4.020931979458768589e-03
4.008029139209855207e-03
3.994983170385614166e-03
3.981930226649103843e-03
3.969827909040105768e-03
3.958316026134295167e-03
3.947496271510277793e-03
3.936808007042508044e-03
3.926253409742993215e-03
3.915652110348665470e-03
3.905361121706338572e-03
3.895180808499115136e-03
3.885249701691408878e-03
3.874943826396229710e-03
3.864023429270301447e-03
3.852740071730878513e-03
3.841428500619310359e-03
3.829877876705797130e-03
3.818084086397993595e-03
3.805946157463771778e-03
3.793256625064404374e-03
3.780331873777503966e-03
3.766992419715817914e-03
3.754310761911359377e-03
3.741914672412341349e-03
3.729328080899968652e-03
3.716626163815909840e-03
3.704142948853918725e-03
3.691312510680168704e-03
3.678370691037788440e-03
3.665540243278545864e-03
3.652503628089337137e-03
3.640225748967061952e-03
3.627593419042357374e-03
3.614836273785755529e-03
3.601381279653396213e-03
3.587925947959500882e-03
3.574957132024841281e-03
3.562606187552450846e-03
3.550803014401652125e-03
3.539147501253103126e-03
3.527652924092365607e-03
3.516774210297694044e-03
3.507069839567767116e-03
3.498073841079374965e-03
3.489626004972301663e-03
3.481101816698115720e-03
3.472456047739675995e-03
3.463917624473195327e-03
3.455825522744002207e-03
3.447628664240632006e-03
3.439370851195872655e-03
3.431146489297674362e-03
3.422496638727912273e-03
3.413964616135923766e-03
3.405481802431827281e-03
3.396933361509445626e-03
3.388856835424303941e-03
3.380483541357128061e-03
3.371439356808845003e-03
3.362544350961205707e-03
3.353546785508595019e-03
3.344378661088593871e-03
3.335110284747992183e-03
3.326214174343593462e-03
3.317189604547775023e-03
3.308153924500450895e-03
3.299091435474387109e-03
3.289951760371036260e-03
3.280754976647923433e-03
3.272069829728154952e-03
3.263445013815448152e-03
3.254793230646919281e-03
3.246322727255615808e-03
3.237911688537817474e-03
3.229850449104174244e-03
3.221775517896575090e-03
3.213870885435074400e-03
3.205993040396789076e-03
3.198249010200914563e-03
3.190415255394292351e-03
3.182173089891801414e-03
3.174119921949846313e-03
3.166034266420524827e-03
3.157563113848033381e-03
3.149009664302115409e-03
3.140137733436851493e-03
3.131258599446212331e-03
3.122309484979061880e-03
3.113656402612950593e-03
3.105064059176133005e-03
3.096427513772461761e-03
3.087699817110462798e-03
3.079522431673818120e-03
3.071570770049727572e-03
3.063768409843491310e-03
3.055690182514130340e-03
3.048152493239256449e-03
3.040762498581712180e-03
3.033526365485774388e-03
3.026382703410942111e-03
3.018866703798809854e-03
3.010966108430772944e-03
3.002514604582218454e-03
2.993790150039303977e-03
2.985242499956572600e-03
2.976172990519336276e-03
2.967433277619639306e-03
2.959128709638896362e-03
2.950634403578527524e-03
2.942051197990197802e-03
2.934011771520504859e-03
2.926565488837231874e-03
2.919629956402636749e-03
2.912831155940746701e-03
2.906067356616031869e-03
2.899335945476810839e-03
2.892455035051731422e-03
2.885251852282995182e-03
2.878024061540009493e-03
2.870769165576507378e-03
2.863937477657762729e-03
2.857212901917603135e-03
2.850344640632546458e-03
2.843682303732523228e-03
2.837078484991484295e-03
2.830417146229606551e-03
2.823704877418335268e-03
2.816900015623540008e-03
2.809744259715518926e-03
2.802397034009489109e-03
2.794964543831538004e-03
2.787487420652752165e-03
2.779882208600142381e-03
2.772323476634566165e-03
2.764648176255474817e-03
2.756809339907718114e-03
2.749137624284723764e-03
2.741360112531308468e-03
2.733183092132627189e-03
2.724552593247439331e-03
2.716052567917404993e-03
2.707700723926865886e-03
2.699556859836998567e-03
2.691657927974135545e-03
2.684010182993150709e-03
2.676503742528115164e-03
2.668997986622250254e-03
2.661571866171323630e-03
2.653989356233553767e-03
2.646349477879088828e-03
2.638537951752884230e-03
2.630582430644522011e-03
2.622721492169674106e-03
2.614937637280506048e-03
2.607333474019121137e-03
2.599988972485448632e-03
2.592712698529995186e-03
2.585697823126655460e-03
2.578953123988333637e-03
2.572122753748580948e-03
2.565331966051952964e-03
2.558731533194165755e-03
2.552339748022134074e-03
2.546103307358302953e-03
2.540013868978783281e-03
2.534027780401500261e-03
2.528001576404021941e-03
2.521874993869705189e-03
2.515749939069651751e-03
2.509752474736947313e-03
2.503712214660626899e-03
2.497573033828068712e-03
2.491545961592552504e-03
2.485666138817343128e-03
2.479815129127959858e-03
2.474010676767386067e-03
2.468388242354460464e-03
2.462788145601033443e-03
2.457273152532905413e-03
2.451678771611212528e-03
2.446290178238597329e-03
2.440828302498870058e-03
2.435218755583051266e-03
2.429518683808341850e-03
2.423771657550600686e-03
2.418048603780937472e-03
2.412671264459621649e-03
2.407387035155747652e-03
2.402160628655559873e-03
2.396872753010162883e-03
2.391552983856420726e-03
2.386470747225602051e-03
2.381454120640804500e-03
2.376526973974896293e-03
2.371642559733319350e-03
2.366575345303309486e-03
2.361388322953778159e-03
2.356142839140200774e-03
2.351109512157455433e-03
2.346311233659133071e-03
2.341579819753860595e-03
2.336844369276553594e-03
2.331915259149685594e-03
2.326996785303573918e-03
2.322132832045896780e-03
2.317417699931100927e-03
2.312828988578096399e-03
2.308220264060301553e-03
2.303745380564875458e-03
2.299346100784742386e-03
2.295108995080332934e-03
2.290840391479616669e-03
2.286694790980886398e-03
2.282467550793557728e-03
2.278064452005168754e-03
2.273924098347448759e-03
2.269862960323375603e-03
2.265776570261411171e-03
2.261715229404100830e-03
2.257708195954106004e-03
2.253958453266171908e-03
2.250324999803545670e-03
2.246771091271159305e-03
2.243167154075582492e-03
2.239757678344415134e-03
2.236548862614136032e-03
2.233457692934169569e-03
2.230449358129218355e-03
2.227550429462966941e-03
2.224648633415481601e-03
2.221888162776916500e-03
2.219157280197692986e-03
2.216343268799643960e-03
2.213506309124287433e-03
2.210777400190203600e-03
2.208193237574581323e-03
2.205778981140749627e-03
2.203425873695997669e-03
2.200966765979298599e-03
2.198529210571318476e-03
2.196100819941485243e-03
2.193609360294475688e-03
2.191133222584159060e-03
2.188833483073338547e-03
2.186492293640453482e-03
2.184206678745173949e-03
2.182062125618259522e-03
2.179960400710946079e-03
2.177927142597243983e-03
2.175939547692245721e-03
2.173798984451678386e-03
2.171631667666132273e-03
2.169285684355988942e-03
2.166889977135313169e-03
2.164646448222314404e-03
2.162470877254540815e-03
2.160345883107921139e-03
2.158195973182229586e-03
2.156087850676901858e-03
2.154071023027850050e-03
2.152025888286503933e-03
2.150041127158509088e-03
2.148120210729911276e-03
2.146082444494271362e-03
2.144033792124154080e-03
2.142000010022963169e-03
2.139873420178006139e-03
2.137810820158480164e-03
2.135701737575051648e-03
2.133444678227804613e-03
2.131151060558027308e-03
2.128854836452136624e-03
2.126510862344428796e-03
2.124273247900404504e-03
2.122057911016297666e-03
2.119911910564451895e-03
2.117720817026709328e-03
2.115703813626511245e-03
2.113777440817042001e-03
2.112000668415011436e-03
2.110171958860394392e-03
2.108396912126469635e-03
2.106600820036992009e-03
2.104814875584761803e-03
2.103029094897007970e-03
2.101170226347954129e-03
2.099187008283841683e-03
2.097144849781029836e-03
2.095116052399557949e-03
2.093148438907713529e-03
2.091171785000577737e-03
2.089232512059059979e-03
2.087357889877983121e-03
2.085549859091457171e-03
2.083776066412216729e-03
2.081957551345311151e-03
2.080216704686221885e-03
2.078579412586700152e-03
2.077100068916065256e-03
2.075675340382632152e-03
2.074326973710784779e-03
2.073002863317455289e-03
2.071644101542312408e-03
2.070396266689237923e-03
2.069230732301372781e-03
2.068087691368106565e-03
2.066951692509464301e-03
2.065737238442842943e-03
2.064494600692631972e-03
2.063302993569136184e-03
2.062186620152795576e-03
2.061086272782846826e-03
2.060019032934272670e-03
2.058986521172338855e-03
2.057958569128484280e-03
2.057018603954770177e-03
2.056169067157205196e-03
2.055284228492573490e-03
2.054447385437722581e-03
2.053626565328727210e-03
2.052920582918523525e-03
2.052240491138274461e-03
2.051466086491421717e-03
2.050642788067192756e-03
2.049674530678888013e-03
2.048610752061280193e-03
2.047580844308664882e-03
2.046504178875559968e-03
2.045505800467120952e-03
2.044539568707039959e-03
2.043543111595205394e-03
2.042516483068851710e-03
2.041555848365892312e-03
2.040455861915677332e-03
2.039328064744765513e-03
2.038094919488896758e-03
2.036828008196087982e-03
2.035546016738861656e-03
2.034315979884940631e-03
2.033163809667737527e-03
2.031982395523697013e-03
2.030702390679488874e-03
2.029475125954979722e-03
2.028370181379601268e-03
2.027350476263202299e-03
2.026300922724184796e-03
2.025257659888009178e-03
2.024195410513822055e-03
2.023172161329097381e-03
2.022158918816698535e-03
2.021165784119158173e-03
2.020203462828970391e-03
2.019162956925960473e-03
2.018043322728323846e-03
2.016913573758658592e-03
2.015838708475640832e-03
2.014731689596386578e-03
2.013611796515108864e-03
2.012510155516355342e-03
2.011416845258895674e-03
2.010337122010258295e-03
2.009302730030987187e-03
2.008219785717389912e-03
2.007120196660474622e-03
2.006064697809933212e-03
2.005114621089825952e-03
2.004205310481799347e-03
2.003285008480745668e-03
2.002446419481320079e-03
2.001682477340274800e-03
2.000937462831607616e-03
2.000133149554806766e-03
1.999328254243618215e-03
1.998508471270791457e-03
1.997640662720379622e-03
1.996732259147667929e-03
1.995823898941723878e-03
1.994850364188259680e-03
1.993916970409523228e-03
1.992937359920414400e-03
1.991946218900196661e-03
1.991068656185266631e-03
1.990192150984944602e-03
1.989197902433582563e-03
1.988074017174829532e-03
1.986935228460104137e-03
1.985685017756928794e-03
1.984416785650415082e-03
1.983130668646086465e-03
1.981810325303337735e-03
1.980455836605191262e-03
1.979096265065278387e-03
1.977776948120931258e-03
1.976523179055227238e-03
1.975224137278299655e-03
1.974024951997136509e-03
1.972883455889337060e-03
1.971710363568129377e-03
1.970469827326208276e-03
1.969211512445607441e-03
1.967914520126153814e-03
1.966580489020282058e-03
1.965341953900358232e-03
1.964117422883566739e-03
1.962831795439774329e-03
1.961426393863829627e-03
1.960069428726484916e-03
1.958738546331395720e-03
1.957457858613881937e-03
1.956158081090943798e-03
1.954830220572433865e-03
1.953574378336381777e-03
1.952382467213336931e-03
1.951094179136440713e-03
1.949858571647870810e-03
1.948689113157149860e-03
1.947549788145385569e-03
1.946422342345740684e-03
1.945442838151182057e-03
1.944392374474789801e-03
1.943268102779188104e-03
1.942052911870922622e-03
1.940881782743187093e-03
1.939738241964442719e-03
1.938649962921647554e-03
1.937592636391689263e-03
1.936545510437100593e-03
1.935478327646779524e-03
1.934338615944900842e-03
1.933066688528040349e-03
1.931768031314529035e-03
1.930416748090527145e-03
1.929081720001721680e-03
1.927742721807370685e-03
1.926424159068582673e-03
1.925218276633306781e-03
1.924062280511562584e-03
1.922873701817990732e-03
1.921663276263917662e-03
1.920457022920608967e-03
1.919281902763389329e-03
1.918078009079984088e-03
1.916861490074305962e-03
1.915709450140276864e-03
1.914553335641142745e-03
1.913365384464664736e-03
1.912134424723254409e-03
1.910976874613518756e-03
1.909795944080531138e-03
1.908606471161259071e-03
1.907383631925406659e-03
1.906172521541122603e-03
1.904989721011787979e-03
1.903895698584226774e-03
1.902860011727902211e-03
1.901887641820121898e-03
1.900965964976234672e-03
1.900049123765982064e-03
1.899173021799869946e-03
1.898310126092200324e-03
1.897399419754961175e-03
1.896555486397567044e-03
1.895797520673288836e-03
1.895088279296915741e-03
1.894425806480434229e-03
1.893796400894414344e-03
1.893150412365762541e-03
1.892587396099343908e-03
1.892030791720348843e-03
1.891518915874401295e-03
1.891064798801740492e-03
1.890588671762090736e-03
1.890104379604963004e-03
1.889653135048727228e-03
1.889229296606462563e-03
1.888907126993451561e-03
1.888724534096403434e-03
1.888604244586485504e-03
1.888464864007650653e-03
1.888250319377638440e-03
1.888030902061634550e-03
1.887814353641163690e-03
1.887635725144216512e-03
1.887421701713924834e-03
1.887077889760618073e-03
1.886726858913972743e-03
1.886407566204219028e-03
1.886073247553778738e-03
1.885744978032498267e-03
1.885392890879748285e-03
1.884975554938673461e-03
1.884453255677294783e-03
1.883919348290499698e-03
1.883364443112886012e-03
1.882822283635976826e-03
1.882323726348941913e-03
1.881741730180666941e-03
1.881083711161052763e-03
1.880382092770633293e-03
1.879680687326641458e-03
1.878884786032186975e-03
1.878013535185250058e-03
1.877153664221540294e-03
1.876320137223606724e-03
1.875542112898584803e-03
1.874827110587060043e-03
1.874178990216726539e-03
1.873596819390385779e-03
1.873107437877170227e-03
1.872712275273640805e-03
1.872337806150164161e-03
1.871959168110595836e-03
1.871575940666268291e-03
1.871210792056980654e-03
1.870912482055128853e-03
1.870637467631685192e-03
1.870357383799483740e-03
1.870116644888388142e-03
1.869862627987389217e-03
1.869575025566796132e-03
1.869272450682717438e-03
1.868930948829579126e-03
1.868665611048670686e-03
1.868361079475844549e-03
1.868039870422654033e-03
1.867684288243946387e-03
1.867319111753959265e-03
1.866963161133969578e-03
1.866664528469722060e-03
1.866429565456566731e-03
1.866160448836556201e-03
1.865864378396336030e-03
1.865571979783652110e-03
1.865306403422931081e-03
1.865061701729279174e-03
1.864776478693928744e-03
1.864510074290230213e-03
1.864274190722098887e-03
1.864082774486942439e-03
1.863900406053904408e-03
1.863717958258426363e-03
1.863501419704778140e-03
1.863235251221722222e-03
1.862969439660480241e-03
1.862648233655168298e-03
1.862299162818088641e-03
1.861934289058792946e-03
1.861548309388748323e-03
1.861208023978586524e-03
1.860889204154108235e-03
1.860537245180050739e-03
1.860184079728854998e-03
1.859866883385195456e-03
1.859545875300843082e-03
1.859234641019316594e-03
1.858931258159653458e-03
1.858654478360716221e-03
1.858368235919420066e-03
1.858092016440145676e-03
1.857826100935978031e-03
1.857573053449918053e-03
1.857254354414601205e-03
1.856885624632200523e-03
1.856559422771168798e-03
1.856234199376298249e-03
1.855936220246669948e-03
1.855636017448864319e-03
1.855417446828877331e-03
1.855285687879825287e-03
1.855174476279224192e-03
1.855103155062841347e-03
1.855025336941772390e-03
1.854970343145102450e-03
1.854925780392415943e-03
1.854820825545275449e-03
1.854672557039285493e-03
1.854504360292610508e-03
1.854422888754421505e-03
1.854289964270631726e-03
1.854197684905763317e-03
1.854192225126322698e-03
1.854199808066613140e-03
1.854216717488575607e-03
1.854167692867672839e-03
1.854067585966788370e-03
1.853978533986395949e-03
1.853917684631203140e-03
1.853961506224227574e-03
1.854054529684976815e-03
1.854179601752585331e-03
1.854293928088845056e-03
1.854414334747877180e-03
1.854543033391226146e-03
1.854699306782437796e-03
1.854797879201643390e-03
1.854868506458318177e-03
1.854923680696115218e-03
1.854982240485900536e-03
1.854997874782201694e-03
1.855005112099211489e-03
1.854961197286330524e-03
1.854902184901524934e-03
1.854871304755645323e-03
1.854906815029345795e-03
1.854952767357741358e-03
1.854965046538340758e-03
1.854887667291060891e-03
1.854825802097183861e-03
1.854704513689478095e-03
1.854568222143781467e-03
1.854443555138482382e-03
1.854262848748969511e-03
1.854054643456632973e-03
1.853875694938261504e-03
1.853686343692956045e-03
1.853552314919404203e-03
1.853419402494482435e-03
1.853263651785400567e-03
1.853034725362948673e-03
1.852776137499023007e-03
1.852552045431476654e-03
1.852307513828430844e-03
1.852039249662196284e-03
1.851768670390439939e-03
1.851536093183851241e-03
1.851311121400894344e-03
1.851108749583371465e-03
1.850930407152546683e-03
1.850784449261213584e-03
1.850598208080039267e-03
1.850382028424762135e-03
1.850196334800267720e-03
1.850029032450335384e-03
1.849901298023290657e-03
1.849795413420095682e-03
1.849700959420137432e-03
1.849635636777270751e-03
1.849650791424296316e-03
1.849682308925804704e-03
1.849677859215121453e-03
1.849688210875429254e-03
1.849714959481558139e-03
1.849738845639554768e-03
1.849759381077659961e-03
1.849799744859657522e-03
1.849876468234270665e-03
1.849951015243096351e-03
1.850013998820446018e-03
1.850092634514780791e-03
1.850164889001154438e-03
1.850239104980804265e-03
1.850264421563163836e-03
1.850272633804550754e-03
1.850235623561789864e-03
1.850232262487124099e-03
1.850239453784333077e-03
1.850240973908961464e-03
1.850205560166078402e-03
1.850181209930739463e-03
1.850149286561146925e-03
1.850155441976109819e-03
1.850135920164947640e-03
1.850127610595760390e-03
1.850146441894226718e-03
1.850207698008672326e-03
1.850273907545419826e-03
1.850349104425202690e-03
1.850457755605892105e-03
1.850571602392215610e-03
1.850683346143299456e-03
1.850846680754784750e-03
1.851013808538897821e-03
1.851142721692712167e-03
1.851221334940053673e-03
1.851234922712499502e-03
1.851183915131871709e-03
1.851123322648888818e-03
1.851057143664981523e-03
1.851008333850413584e-03
1.850963014477915568e-03
1.850967232436143703e-03
1.850958808498264852e-03
1.850937018036636185e-03
1.850905918791738132e-03
1.850837948790132323e-03
1.850797248130324826e-03
1.850751043364395063e-03
1.850733468873253613e-03
1.850674968267829049e-03
1.850618055714982812e-03
1.850638248702705935e-03
1.850648734334928679e-03
1.850712282913914318e-03
1.850713611072172388e-03
1.850664063635688427e-03
1.850627910023782546e-03
1.850559678864128858e-03
1.850432078977132071e-03
1.850271875745930755e-03
1.850146957839590408e-03
1.850042449049625918e-03
1.849938138829014447e-03
1.849853064515005795e-03
1.849835484998236428e-03
1.849779546755382902e-03
1.849721133503818594e-03
1.849678732379610299e-03
1.849647642502527580e-03
1.849621875402012025e-03
1.849627563035069477e-03
1.849635893169080444e-03
1.849655225214789488e-03
1.849666685196296213e-03
1.849706378812195160e-03
1.849738901336436987e-03
1.849836614223308601e-03
1.849937277749247712e-03
1.850027464994223429e-03
1.850156588558505904e-03
1.850292983134925158e-03
1.850433654598289488e-03
1.850581269156470997e-03
1.850770437035903840e-03
1.850947771040122947e-03
1.851083826726794340e-03
1.851175475164362110e-03
1.851237396024756759e-03
1.851295168683978875e-03
1.851275260418337601e-03
1.851236438744868805e-03
1.851187258593704624e-03
1.851141179841801982e-03
1.851096400058878811e-03
1.851025622100712373e-03
1.850976289303763291e-03
1.850957089710213947e-03
1.850921489204932586e-03
1.850923085137915793e-03
1.850938585522245595e-03
1.850948084177262212e-03
1.851004950254025484e-03
1.851054727531017616e-03
1.851109287904368836e-03
1.851152577101304250e-03
1.851170476194006174e-03
1.851237414197063301e-03
1.851297496777805319e-03
1.851302219780094713e-03
1.851327903426574053e-03
1.851352422245079732e-03
1.851379520042334501e-03
1.851373731411089588e-03
1.851365923114461605e-03
1.851371121293358697e-03
1.851338796794833571e-03
1.851324508148175776e-03
1.851278141933260539e-03
1.851228088132887608e-03
1.851196619261016212e-03
1.851191311668899534e-03
1.851161242306313291e-03
1.851124656451098556e-03
1.851055151017394224e-03
1.850996166674142955e-03
1.851003728484636049e-03
1.850992404645332087e-03
1.850938669847587226e-03
1.850929331851654302e-03
1.850942902591627475e-03
1.850938635732120047e-03
1.850990539249661258e-03
1.851039508393066430e-03
1.851098574508011066e-03
1.851127185913314628e-03
1.851161677240445403e-03
1.851245698653920585e-03
1.851381323207858297e-03
1.851552563472840668e-03
1.851767078281104945e-03
1.851983977820804766e-03
1.852134704270022147e-03
1.852313706225352250e-03
1.852545342201777911e-03
1.852758757189948251e-03
1.852954222440208586e-03
1.853152574891923183e-03
1.853287067475868112e-03
1.853444395587301513e-03
1.853633836721995873e-03
1.853820990179391986e-03
1.853977097757185952e-03
1.854124215304291719e-03
1.854242141995845290e-03
1.854349950597923005e-03
1.854501236945277787e-03
1.854658213170287976e-03
1.854812061660659605e-03
1.854937385208225422e-03
1.855121521094485210e-03
1.855259102345479909e-03
1.855406882256809258e-03
1.855578485381331787e-03
1.855738561425993374e-03
1.856010113472573520e-03
1.856285800625252997e-03
1.856549748717454878e-03
1.856815683415190699e-03
1.857092174801996520e-03
1.857431692767698341e-03
1.857816244475094664e-03
1.858230136626193209e-03
1.858620416691245591e-03
1.859029918455117839e-03
1.859422314641098663e-03
1.859858802292308801e-03
1.860295265904914497e-03
1.860733535211704431e-03
1.861206274581681192e-03
1.861649912294113243e-03
1.862026525497235919e-03
1.862356500348931465e-03
1.862717142537120623e-03
1.863121950249477981e-03
1.863554940899069933e-03
1.864017299210182603e-03
1.864470286858590717e-03
1.864852159988796909e-03
1.865203558185944688e-03
1.865514693414756361e-03
1.865785123141139442e-03
1.866071207083510675e-03
1.866349608834931258e-03
1.866638097243657896e-03
1.866970063053220762e-03
1.867346408997173782e-03
1.867741514640383930e-03
1.868126714758173122e-03
1.868529284289452939e-03
1.868925934414112939e-03
1.869356060038433178e-03
1.869751311837274544e-03
1.870073468896359982e-03
1.870405872023931911e-03
1.870750183396390756e-03
1.871056372560799983e-03
1.871305536766248610e-03
1.871517186034839285e-03
1.871691721079844252e-03
1.871841795460995207e-03
1.872007744673631754e-03
1.872183236207127345e-03
1.872350453021463497e-03
1.872534365762968007e-03
1.872736913973175633e-03
1.872957013183016058e-03
1.873183235759199325e-03
1.873410835548785375e-03
1.873681522658550425e-03
1.874025534952283726e-03
1.874422679796157887e-03
1.874846072621590273e-03
1.875307544585786508e-03
1.875787896032967729e-03
1.876300343005746002e-03
1.876822662498589186e-03
1.877342181413882340e-03
1.877844807500837288e-03
1.878334747345878492e-03
1.878828274966558125e-03
1.879357596583621165e-03
1.879875931661813271e-03
1.880385230788843808e-03
1.880871731906494067e-03
1.881348344306497510e-03
1.881810815006460793e-03
1.882259587127955687e-03
1.882669170256491640e-03
1.883118209524515391e-03
1.883590924383742602e-03
1.884080031409930862e-03
1.884563706251273299e-03
1.885072873030140374e-03
1.885574036718673996e-03
1.886074068168480796e-03
1.886580040317043438e-03
1.887089300734178443e-03
1.887555237257161362e-03
1.888027843794229605e-03
1.888532893911740260e-03
1.889052490615208187e-03
1.889577640603814926e-03
1.890129336843803876e-03
1.890693044291129289e-03
1.891264708728607408e-03
1.891824015194234175e-03
1.892373940467754817e-03
1.892911057667029514e-03
1.893470180833933510e-03
1.894049728484798606e-03
1.894667166053199672e-03
1.895289759216871317e-03
1.895909919161063327e-03
1.896503163601830555e-03
1.897070468830336148e-03
1.897642264801231889e-03
1.898169900235604926e-03
1.898704801430720589e-03
1.899225071521991283e-03
1.899730091691932124e-03
1.900203463410099622e-03
1.900640932516448273e-03
1.901106527355670914e-03
1.901581346307465404e-03
1.902113886273721710e-03
1.902616027706235079e-03
1.903075338304272132e-03
1.903505522335470664e-03
1.903946853995248977e-03
1.904399832947939551e-03
1.904873834959434345e-03
1.905370289837456316e-03
1.905902267802636737e-03
1.906428220249351251e-03
1.906944683435311859e-03
1.907462844022218829e-03
1.907969355038072320e-03
1.908480986817649239e-03
1.908962390146882191e-03
1.909488789105114135e-03
1.910015673255735383e-03
1.910498858444746985e-03
1.910973682104602674e-03
1.911413797216632814e-03
1.911833649493576261e-03
1.912242504359273941e-03
1.912611834951834710e-03
1.912994895075723284e-03
1.913364818383104420e-03
1.913709921115496577e-03
1.914017706762014643e-03
1.914351206115882508e-03
1.914684466123259829e-03
1.914996165651278474e-03
1.915306233120139161e-03
1.915626611240820246e-03
1.915987475578536259e-03
1.916363985059167403e-03
1.916755166103443738e-03
1.917128479399401834e-03
1.917502824740276689e-03
1.917867842016667511e-03
1.918187156495929947e-03
1.918506732060220763e-03
1.918847079389037879e-03
1.919140378277190990e-03
1.919402659407989974e-03
1.919668175387293256e-03
1.919926061595591009e-03
1.920154017007174403e-03
1.920387807303418522e-03
1.920628921076991550e-03
1.920873065110265078e-03
1.921133426343885108e-03
1.921333862954863496e-03
1.921536163993554144e-03
1.921775423699577942e-03
1.922034118697484115e-03
1.922257660091888183e-03
1.922486472903747788e-03
1.922730334410333074e-03
1.922974172163169826e-03
1.923219192788601806e-03
1.923473009523596951e-03
1.923719430681774265e-03
1.923964688813255795e-03
1.924266023295568813e-03
1.924608036881210070e-03
1.924956628522274393e-03
1.925330554762629117e-03
1.925774444426838318e-03
1.926234543927694311e-03
1.926696692386695164e-03
1.927112015066420256e-03
1.927531073434170326e-03
1.927954126323866901e-03
1.928432331659292800e-03
1.928926928294516421e-03
1.929445516719430166e-03
1.929991078428790630e-03
1.930514078040513433e-03
1.931103706716101641e-03
1.931699822259419670e-03
1.932280677767320111e-03
1.932871903913832090e-03
1.933465997980850400e-03
1.934062082944132312e-03
1.934662523210587889e-03
1.935267509292824340e-03
1.935884733139779266e-03
1.936517868262412718e-03
1.937116779383317878e-03
1.937693818554786333e-03
1.938297753872516996e-03
1.938878896510247982e-03
1.939423562350758206e-03
1.939984207578697136e-03
1.940534618590450400e-03
1.941107726517019580e-03
1.941682973470350900e-03
1.942268535546661954e-03
1.942831618485661238e-03
1.943416237136439935e-03
1.944017281975937532e-03
1.944606131677678509e-03
1.945187701071899667e-03
1.945777537706907959e-03
1.946364432539382690e-03
1.946942139521357475e-03
1.947538669663366820e-03
1.948187871640845101e-03
1.948869857971369289e-03
1.949544592016007718e-03
1.950213688821923232e-03
1.950887574951131950e-03
1.951531559831727906e-03
1.952215750186228442e-03
1.952901687265415744e-03
1.953564792998678523e-03
1.954231242774753276e-03
1.954924404441224246e-03
1.955617990822192728e-03
1.956321112445562858e-03
1.957029138196489295e-03
1.957738078918007645e-03
1.958404989180216865e-03
1.959069872736565222e-03
1.959730740622089937e-03
1.960411376874419704e-03
1.961111013215782392e-03
1.961796011129182237e-03
1.962490321265442095e-03
1.963213755039952980e-03
1.963959986343221872e-03
1.964691581098744824e-03
1.965379524801893086e-03
1.966035947103379755e-03
1.966664125388870640e-03
1.967275978353276531e-03
1.967887802284767895e-03
1.968489148725301521e-03
1.969068458908001910e-03
1.969626098863196204e-03
1.970210934441208889e-03
1.970820894911186685e-03
1.971419926920427862e-03
1.972007216704595688e-03
1.972594328933983173e-03
1.973174945103372581e-03
1.973723180175379101e-03
1.974255878327042454e-03
1.974752021547014798e-03
1.975243190580181635e-03
1.975749438247010464e-03
1.976253210385103733e-03
1.976752340147628836e-03
1.977225867875187070e-03
1.977686407694683336e-03
1.978172159374658699e-03
1.978639433021602435e-03
1.979092193724375521e-03
1.979516490546126464e-03
1.979955393013895556e-03
1.980375374914199443e-03
1.980768924498264773e-03
1.981175437280254924e-03
1.981589203492346851e-03
1.982060385382646700e-03
1.982539776225871082e-03
1.983007229142449111e-03
1.983492296236978852e-03
1.983967741441914918e-03
1.984412317907796510e-03
1.984823261425416614e-03
1.985216798379653771e-03
1.985597140331320752e-03
1.985997422423091928e-03
1.986398817031261553e-03
1.986779164881009602e-03
1.987162817502587109e-03
1.987540477029993511e-03
1.987914927399075850e-03
1.988280287940033184e-03
1.988613557614152521e-03
1.988937774680971798e-03
1.989251478416390745e-03
1.989543244086372509e-03
1.989786235862496967e-03
1.990028283922652338e-03
1.990277196803391657e-03
1.990522291275526479e-03
1.990763846655137052e-03
1.991025393919382790e-03
1.991248767251846841e-03
1.991478429191308012e-03
1.991726288035970596e-03
1.991999344661890547e-03
1.992287284672241213e-03
1.992579931300145473e-03
1.992870178195787004e-03
1.993191086200843832e-03
1.993521995020184137e-03
1.993858873051043180e-03
1.994175955418974345e-03
1.994500863113973701e-03
1.994827492696586886e-03
1.995146999025999672e-03
1.995468644569918081e-03
1.995792716890281652e-03
1.996128682304172588e-03
1.996457602644627002e-03
1.996827455675391147e-03
1.997200748551609777e-03
1.997604515616856116e-03
1.998020962132819687e-03
1.998444264707327500e-03
1.998864763976574647e-03
1.999293814722370808e-03
1.999714700205654401e-03
2.000136807305804253e-03
2.000582639098442885e-03
2.001015024153807512e-03
2.001455665930546458e-03
2.001893212413919168e-03
2.002350024503830785e-03
2.002798930052989562e-03
2.003211899395569272e-03
2.003624919033220476e-03
2.003996634936842328e-03
2.004376029400301625e-03
2.004770799525466569e-03
2.005176243289580763e-03
2.005563926850973278e-03
2.005958968967349893e-03
2.006346233395415839e-03
2.006728510388443906e-03
2.007099917718803764e-03
2.007498262295697236e-03
2.007920164191640162e-03
2.008386224946465994e-03
2.008882032347095083e-03
2.009385797113029913e-03
2.009945522608479890e-03
2.010541422374735685e-03
2.011134385893691926e-03
2.011723753037793130e-03
2.012275234154618439e-03
2.012809239882519183e-03
2.013358616377222948e-03
2.013922791682921064e-03
2.014493905886419276e-03
2.015098701898633288e-03
2.015695850411341680e-03
2.016308254783764475e-03
2.016951563187136583e-03
2.017602335187082367e-03
2.018254984498456858e-03
2.018863162807464640e-03
2.019483390357324024e-03
2.020135530955403502e-03
2.020797926989102624e-03
2.021490795767706423e-03
2.022206960545392274e-03
2.022923431502525373e-03
2.023663733825750363e-03
2.024404610906225827e-03
2.025169200933716988e-03
2.025952365497161751e-03
2.026734949731627197e-03
2.027510662200504230e-03
2.028288930707263047e-03
2.029045825283120642e-03
2.029834873640042579e-03
2.030629780453686428e-03
2.031417080016364833e-03
2.032207355449790545e-03
2.033003134645518500e-03
2.033831782307637340e-03
2.034704332159995716e-03
2.035606863477045208e-03
2.036498685585167931e-03
2.037375800815439692e-03
2.038273195361792016e-03
2.039200213573553501e-03
2.040115710247785829e-03
2.041035763507869413e-03
2.041936442599086559e-03
2.042852712520012558e-03
2.043774478182129248e-03
2.044712226828157998e-03
2.045670547227112449e-03
2.046642585226240724e-03
2.047601119995882176e-03
2.048550059920277184e-03
2.049495749968854950e-03
2.050447208676480990e-03
2.051404785923977101e-03
2.052388679683549936e-03
2.053411887541591214e-03
2.054456637735516383e-03
2.055500395880115617e-03
2.056577034273959076e-03
2.057659741923322134e-03
2.058729220272914953e-03
2.059839482734213655e-03
2.060982659589285799e-03
2.062104219839093477e-03
2.063206765454099131e-03
2.064323695108306270e-03
2.065447573490450210e-03
2.066543966496974145e-03
2.067644307629698617e-03
2.068763012169721333e-03
2.069853621224262540e-03
2.070923947261789529e-03
2.072002893551868220e-03
2.073071834817947958e-03
2.074160842960469896e-03
2.075280866523596460e-03
2.076388661633981735e-03
2.077487866338193715e-03
2.078580808834108208e-03
2.079668980461135252e-03
2.080779756203047712e-03
2.081928773929474577e-03
2.083088520645585973e-03
2.084245863629935122e-03
2.085382342709025862e-03
2.086531299431708571e-03
2.087686036684803688e-03
2.088835020272736872e-03
2.090007663208399286e-03
2.091197452541714106e-03
2.092375887297167648e-03
2.093561750089235375e-03
2.094730831486822913e-03
2.095925108019610836e-03
2.097098764958297158e-03
2.098296581511170742e-03
2.099520872078005848e-03
2.100758348994318132e-03
2.101960664367922595e-03
2.103178735848225053e-03
2.104407920361641478e-03
2.105645175127262691e-03
2.106876859230192786e-03
2.108103909399256914e-03
2.109328694643142644e-03
2.110570362262361582e-03
2.111847753025562942e-03
2.113124233872879041e-03
2.114373787282161892e-03
2.115624367079394635e-03
2.116861983792361641e-03
2.118104290730879902e-03
2.119328313722756724e-03
2.120547911862916742e-03
2.121786234084045188e-03
2.123040195300287310e-03
2.124293470497385164e-03
2.125532172705548069e-03
2.126781803705458419e-03
2.128066559125064462e-03
2.129353191138852637e-03
2.130646345728791444e-03
2.131937713273788539e-03
2.133204448869973832e-03
2.134445099598954090e-03
2.135661859625820683e-03
2.136886176625402405e-03
2.138113080029145716e-03
2.139357996525153346e-03
2.140642532642349390e-03
2.141924301435166236e-03
2.143195859092466519e-03
2.144467374708535629e-03
2.145726719972740424e-03
2.146991335058899032e-03
2.148249058122558494e-03
2.149494610566380064e-03
2.150770268989466751e-03
2.152041324314597250e-03
2.153301353095394329e-03
2.154571557028256944e-03
2.155864149531080184e-03
2.157170208510355604e-03
2.158481443285630279e-03
2.159790948994485399e-03
2.161107897285956259e-03
2.162416993074406466e-03
2.163714436476054694e-03
2.165009791745786411e-03
2.166281738265878921e-03
2.167545136794487085e-03
2.168771094026243716e-03
2.169973197111181931e-03
2.171185890224313925e-03
2.172403459072260942e-03
2.173612484298737511e-03
2.174845171802922052e-03
2.176095185726023389e-03
2.177333126304767906e-03
2.178575361242436875e-03
2.179822381211677339e-03
2.181042435416980473e-03
2.182247622205822461e-03
2.183473990851644668e-03
2.184669840260296432e-03
2.185824155566981879e-03
2.186954391157195244e-03
2.188082068523845066e-03
2.189194628927161428e-03
2.190305740914758829e-03
2.191392293049408864e-03
2.192480600762803343e-03
2.193544278528101587e-03
2.194594232732053479e-03
2.195619152339959874e-03
2.196669412238631738e-03
2.197718840709492021e-03
2.198753697306385715e-03
2.199773102041792036e-03
2.200789114313084910e-03
2.201782013834275090e-03
2.202778277349094066e-03
2.203778293452194822e-03
2.204752075389764237e-03
2.205744001511777616e-03
2.206720563892457156e-03
2.207692471113881661e-03
2.208663830308950100e-03
2.209624112205966183e-03
2.210586016299804883e-03
2.211555857475733244e-03
2.212523150382060197e-03
2.213468407451318464e-03
2.214392462048735567e-03
2.215290643998999495e-03
2.216185040938212312e-03
2.217102600120549050e-03
2.218025638407312029e-03
2.218969279403649845e-03
2.219909774101772211e-03
2.220865951807206654e-03
2.221856625244086458e-03
2.222859757942714874e-03
2.223871394654098558e-03
2.224892839783756873e-03
2.225890401298226753e-03
2.226894582013947983e-03
2.227932406220910384e-03
2.228958578341890939e-03
2.229996208729203774e-03
2.231056420676087639e-03
2.232114634007921570e-03
2.233173745891473341e-03
2.234238522169966056e-03
2.235284676460777727e-03
2.236356857919975620e-03
2.237441647626584040e-03
2.238508208896146639e-03
2.239565767975103868e-03
2.240625021130713060e-03
2.241663841935433339e-03
2.242716603183683190e-03
2.243762604041481170e-03
2.244792231020038831e-03
2.245787952834472738e-03
2.246746524212868846e-03
2.247705651952913979e-03
2.248687356214255657e-03
2.249647339451165979e-03
2.250592336200146325e-03
2.251572658053869504e-03
2.252587354619848582e-03
2.253606411643065566e-03
2.254617019401005534e-03
2.255637559552213598e-03
2.256636987480976127e-03
2.257659321510730767e-03
2.258686061553254014e-03
2.259712514002169912e-03
2.260713680397729176e-03
2.261698508712048535e-03
2.262668410386535749e-03
2.263628048609935689e-03
2.264591299962656536e-03
2.265544329734503134e-03
2.266491363214821319e-03
2.267471898477750169e-03
2.268459128546687631e-03
2.269475185259969656e-03
2.270517935433247463e-03
2.271571361571813295e-03
2.272619495756390828e-03
2.273697447675339812e-03
2.274790362415788410e-03
2.275892584180770010e-03
2.277028810746923107e-03
2.278142204150871916e-03
2.279251731144407538e-03
2.280342738540597474e-03
2.281418088254059777e-03
2.282479523720077740e-03
2.283562557287454730e-03
2.284653088274139071e-03
2.285741592089955612e-03
2.286841948819434440e-03
2.287905021125246751e-03
2.288952097645615899e-03
2.290009602570679519e-03
2.291064900911553900e-03
2.292125714700655754e-03
2.293185853242073451e-03
2.294252515562077068e-03
2.295296860773611298e-03
2.296352102757258633e-03
2.297399650352159161e-03
2.298437379087838774e-03
2.299464835947989845e-03
2.300504181007669447e-03
2.301553245969412392e-03
2.302621685693746929e-03
2.303671008377201034e-03
2.304726360772244107e-03
2.305817949883070140e-03
2.306932122461093169e-03
2.308066970339577896e-03
2.309241547134674444e-03
2.310430288256705867e-03
2.311629872130564322e-03
2.312828668052989076e-03
2.314010312177169557e-03
2.315170327309810407e-03
2.316290200258654640e-03
2.317383234217027833e-03
2.318457918457519570e-03
2.319536548331555155e-03
2.320612388520612926e-03
2.321658697579566041e-03
2.322705083261055164e-03
2.323769946845912707e-03
2.324859949218337045e-03
2.325959687442178108e-03
2.327048982861564669e-03
2.328148164147427791e-03
2.329279817869623660e-03
2.330439335396591264e-03
2.331613070544732123e-03
2.332803089618169269e-03
2.333995114887856340e-03
2.335206545522227912e-03
2.336431494639092197e-03
2.337659822891709812e-03
2.338880351504598644e-03
2.340106898331720860e-03
2.341327054833446629e-03
2.342536188295029406e-03
2.343767296898670652e-03
2.345008215513809911e-03
2.346239074893390498e-03
2.347462928567887758e-03
2.348687787057955612e-03
2.349923038996692883e-03
2.351186240141705901e-03
2.352465944693485096e-03
2.353770856445811660e-03
2.355083876624637033e-03
2.356397077207764146e-03
2.357705557934171824e-03
2.359016519828419263e-03
2.360326309520741333e-03
2.361626058212684155e-03
2.362910538162615783e-03
2.364174918341222648e-03
2.365442310807841422e-03
2.366713082732213331e-03
2.367993335538764402e-03
2.369291324390249403e-03
2.370616383049653064e-03
2.371940231540138090e-03
2.373234620265492721e-03
2.374538836391686634e-03
2.375820040675709170e-03
2.377103374657749471e-03
2.378393726144398430e-03
2.379694954940937430e-03
2.380982975890840597e-03
2.382277079929355588e-03
2.383587526276341028e-03
2.384892923899456507e-03
2.386184969888285965e-03
2.387444698867770797e-03
2.388699790484931623e-03
2.389962234727192793e-03
2.391219040393177502e-03
2.392470840057929309e-03
2.393722121525170606e-03
2.394963556996772009e-03
2.396201886161918298e-03
2.397432296498708086e-03
2.398663705239231694e-03
2.399894254568234186e-03
2.401122785275282192e-03
2.402344569493849915e-03
2.403556488430591380e-03
2.404777077259850297e-03
2.406004292247882360e-03
2.407201972041271131e-03
2.408376605767238287e-03
2.409540854859489999e-03
2.410688458205754395e-03
2.411821127772685851e-03
2.412964814656783519e-03
2.414110533490278123e-03
2.415247226375542150e-03
2.416371225992604028e-03
2.417478328298043946e-03
2.418558083477891172e-03
2.419636385282753800e-03
2.420711415875907366e-03
2.421768990626022109e-03
2.422853808227844446e-03
2.423958815616296652e-03
2.425071703662746558e-03
2.426185102961957944e-03
2.427283990631463276e-03
2.428391517766085011e-03
2.429499133569165172e-03
2.430614843681445664e-03
2.431748394262063170e-03
2.432896265788586816e-03
2.434047036656540597e-03
2.435185451195604617e-03
2.436331608768052808e-03
2.437474935927889681e-03
2.438599403821149324e-03
2.439692545746172895e-03
2.440793502649497241e-03
2.441894476660584276e-03
2.442992855578954639e-03
2.444072465985736367e-03
2.445109186557780940e-03
2.446154590513224987e-03
2.447179582562292958e-03
2.448202392161234926e-03
2.449199261875171282e-03
2.450181717157806291e-03
2.451185322554765272e-03
2.452200277599467584e-03
2.453255089331370532e-03
2.454334417755997186e-03
2.455411611986351144e-03
2.456466671364518697e-03
2.457513868610168312e-03
2.458543710389661692e-03
2.459586879363903026e-03
2.460636239413939615e-03
2.461708611505153323e-03
2.462795524784170374e-03
2.463923417334815385e-03
2.465051722031989974e-03
2.466208874535056467e-03
2.467391445566091170e-03
2.468579497539207575e-03
2.469771376485821630e-03
2.470969078811580903e-03
2.472157483695511596e-03
2.473318132354418181e-03
2.474470876257702130e-03
2.475578720160578287e-03
2.476640149251227701e-03
2.477697100685653450e-03
2.478776488678359306e-03
2.479826615748208576e-03
2.480846797841497389e-03
2.481878318213021767e-03
2.482893801371531973e-03
2.483896730961430901e-03
2.484914653036439554e-03
2.485947702588314420e-03
2.486984682503016152e-03
2.488059787321159153e-03
2.489162422646042355e-03
2.490263992631060620e-03
2.491335799546426800e-03
2.492415731502053804e-03
2.493493901604984953e-03
2.494539442406681646e-03
2.495535647474568866e-03
2.496492464040721108e-03
2.497449815999481203e-03
2.498411935686755368e-03
2.499382405732510169e-03
2.500351701251336562e-03
2.501316823600337625e-03
2.502276558801673663e-03
2.503235983351313493e-03
2.504185327495818143e-03
2.505116631340213122e-03
2.506043203269206921e-03
2.506978370025271692e-03
2.507900755677996713e-03
2.508815058557946429e-03
2.509728013381959735e-03
2.510651194448245294e-03
2.511564380222589942e-03
2.512474689656899948e-03
2.513375352905599693e-03
2.514293410132616580e-03
2.515205238994462199e-03
2.516090036109687195e-03
2.516989717055817793e-03
2.517877868103611094e-03
2.518774116884065460e-03
2.519681230717035064e-03
2.520612836004381806e-03
2.521535664964071749e-03
2.522438896052047776e-03
2.523329999552942956e-03
2.524218227078566402e-03
2.525098733284343328e-03
2.525974528260913586e-03
2.526851216475550690e-03
2.527745523421562682e-03
2.528661782324453672e-03
2.529578615379383076e-03
2.530508946277194946e-03
2.531470739140749548e-03
2.532422191577210577e-03
2.533370633171167906e-03
2.534312212002282853e-03
2.535251628776429879e-03
2.536194982705017049e-03
2.537159849608049481e-03
2.538148432224196591e-03
2.539112125453850920e-03
2.540075072140598762e-03
2.541046337183214873e-03
2.542010963192845290e-03
2.542962214382600821e-03
2.543892213648856707e-03
2.544805497483646969e-03
2.545749182183946677e-03
2.546697719270394223e-03
2.547680173029190018e-03
2.548686205562150729e-03
2.549687219767812589e-03
2.550666328148501038e-03
2.551653054803462630e-03
2.552631910307684784e-03
2.553597289462548880e-03
2.554539702668206808e-03
2.555502565937851564e-03
2.556458170907187442e-03
2.557415872451008956e-03
2.558397707933052038e-03
2.559360995977104716e-03
2.560324230048302563e-03
2.561294749290619118e-03
2.562291410480193200e-03
2.563281084062973749e-03
2.564262961542753284e-03
2.565259295053017464e-03
2.566256882898933916e-03
2.567256432012070613e-03
2.568267960589016696e-03
2.569275893158461457e-03
2.570312761719974800e-03
2.571367233206122999e-03
2.572402551706846549e-03
2.573436258962902030e-03
2.574474829991857134e-03
2.575492307971688922e-03
2.576468532761376842e-03
2.577437149574395969e-03
2.578407295355777604e-03
2.579374764564202043e-03
2.580350734084314954e-03
2.581347716953122200e-03
2.582344165260369931e-03
2.583283215773107735e-03
2.584172216063613213e-03
2.585040999219547202e-03
2.585888891571587987e-03
2.586707600099068249e-03
2.587506966500327521e-03
2.588304360721896402e-03
2.589070065845937817e-03
2.589805610061665826e-03
2.590535818244214718e-03
2.591269412015699113e-03
2.591993886892342887e-03
2.592708184835758670e-03
2.593384584971765265e-03
2.594048141395979400e-03
2.594720317581997171e-03
2.595386117823397613e-03
2.596041913431350410e-03
2.596713548984933961e-03
2.597399939596139844e-03
2.598100571437306217e-03
2.598773978672539245e-03
2.599413094656475003e-03
2.600060435427575898e-03
2.600711069421464145e-03
2.601355214351295901e-03
2.601997826469719475e-03
2.602668402370672193e-03
2.603349046561602258e-03
2.604010705993076852e-03
2.604712902437393389e-03
2.605418768201372276e-03
2.606147960035300453e-03
2.606898216522468212e-03
2.607672955013653777e-03
2.608451619940567977e-03
2.609268082122893212e-03
2.610103899003045520e-03
2.610931318954813878e-03
2.611768799417355652e-03
2.612617654738654156e-03
2.613491799962828089e-03
2.614358011565499212e-03
2.615187656274752578e-03
2.615975209824978123e-03
2.616779280011327560e-03
2.617583947681995527e-03
2.618377487809564301e-03
2.619199398771292469e-03
2.620064748301326359e-03
2.620952079483288618e-03
2.621820710701376622e-03
2.622697639172842481e-03
2.623568606914847105e-03
2.624435505310265468e-03
2.625317994752646416e-03
2.626179698073417400e-03
2.627029961685957773e-03
2.627889019705323750e-03
2.628718792315179551e-03
2.629556443761930321e-03
2.630380348597576891e-03
2.631206753503859651e-03
2.632019751891399601e-03
2.632818964319120960e-03
2.633612372741335212e-03
2.634379718717924646e-03
2.635111773457111169e-03
2.635851384577886283e-03
2.636589594069669706e-03
2.637326658255748687e-03
2.638060710456492045e-03
2.638802819780561131e-03
2.639541730916029113e-03
2.640292497622067931e-03
2.641059613888464223e-03
2.641832642196030936e-03
2.642609597428069012e-03
2.643371476312850535e-03
2.644139028603182968e-03
2.644886288637368285e-03
2.645624707899413633e-03
2.646373261921501022e-03
2.647144174806320173e-03
2.647926242889621709e-03
2.648740671713195605e-03
2.649560063957448735e-03
2.650376988494515269e-03
2.651209139501888197e-03
2.652075157010100933e-03
2.652965920503371194e-03
2.653871876272859750e-03
2.654783333235491687e-03
2.655707817570689307e-03
2.656651068831333319e-03
2.657587863959435127e-03
2.658517638106038059e-03
2.659426935761050135e-03
2.660298239271668194e-03
2.661168752346447942e-03
2.662049346365489774e-03
2.662956559524504163e-03
2.663860562041888824e-03
2.664783719376469413e-03
2.665690847636860081e-03
2.666595945752880427e-03
2.667505836884968579e-03
2.668387649848943683e-03
2.669285836095686582e-03
2.670171395151312976e-03
2.671055219501392627e-03
2.671936913159395077e-03
2.672817840334042877e-03
2.673712233492639249e-03
2.674590237631320564e-03
2.675468520942555876e-03
2.676342922999377840e-03
2.677206107862904923e-03
2.678065382441154139e-03
2.678922835168376544e-03
2.679768529429853597e-03
2.680627860784524918e-03
2.681517434418752288e-03
2.682421788485021136e-03
2.683331808835043818e-03
2.684257477231839772e-03
2.685155107582172171e-03
2.686024625529425964e-03
2.686899888258644127e-03
2.687768869225005443e-03
2.688634855854230010e-03
2.689529316213287290e-03
2.690429445857181728e-03
2.691350466580751371e-03
2.692283548517462963e-03
2.693221820484134176e-03
2.694169180171735335e-03
2.695105973081088520e-03
2.696026842816634864e-03
2.696951721594841121e-03
2.697898192399968576e-03
2.698854447023577539e-03
2.699827813836314875e-03
2.700819487868013919e-03
2.701815221418129697e-03
2.702811017559181815e-03
2.703801847424359885e-03
2.704815471855570846e-03
2.705852400760507155e-03
2.706904362428820456e-03
2.707957942054391078e-03
2.709032601718363610e-03
2.710089412908248986e-03
2.711109303586015876e-03
2.712095907062965841e-03
2.713045229972422482e-03
2.713989283683726234e-03
2.714913780810393126e-03
2.715847409773096063e-03
2.716805510974252148e-03
2.717780865778110597e-03
2.718769071969484412e-03
2.719769322463786495e-03
2.720773177025904901e-03
2.721763562024411692e-03
2.722750973817962810e-03
2.723740853897687036e-03
2.724718267305359376e-03
2.725705352699268370e-03
2.726678058211471842e-03
2.727652312106469256e-03
2.728621723324223518e-03
2.729595249645111899e-03
2.730565226587813518e-03
2.731528265108687601e-03
2.732488593030521756e-03
2.733450944792911990e-03
2.734418755165897441e-03
2.735385920452753847e-03
2.736337388925572881e-03
2.737267706567447171e-03
2.738195474242089301e-03
2.739144295734017350e-03
2.740098956677924219e-03
2.741054809831222194e-03
2.742016708588817728e-03
2.742980894876466662e-03
2.743942388730716535e-03
2.744927248222903040e-03
2.745927382137102780e-03
2.746924796467742434e-03
2.747920755158500018e-03
2.748897453951125100e-03
2.749860769569769693e-03
2.750833500585956638e-03
2.751816550200414987e-03
2.752786260342229233e-03
2.753764607196210103e-03
2.754752273194202138e-03
2.755740382397573688e-03
2.756738920379342515e-03
2.757743396301849843e-03
2.758750087942106206e-03
2.759768184425426003e-03
2.760792755158851877e-03
2.761810270053295657e-03
2.762830487162393732e-03
2.763873991093451256e-03
2.764926984314016595e-03
2.765978885109305393e-03
2.767035030023703730e-03
2.768111590460011363e-03
2.769192455707982382e-03
2.770268047035259577e-03
2.771326183687122541e-03
2.772368607443796967e-03
2.773402216450446441e-03
2.774454053110529412e-03
2.775513846742201814e-03
2.776579671285582616e-03
2.777610335979736455e-03
2.778630616885755401e-03
2.779623217834972879e-03
2.780573335286474091e-03
2.781507587096446014e-03
2.782454709712154240e-03
2.783414374264414713e-03
2.784386918592058995e-03
2.785343260266035306e-03
2.786288095389007069e-03
2.787240042579408172e-03
2.788200347986062068e-03
2.789139192623813109e-03
2.790071702922543827e-03
2.791001057413494083e-03
2.791947127804641354e-03
2.792897657004949057e-03
2.793850519270610084e-03
2.794803553629850949e-03
2.795773855544306935e-03
2.796743671744960410e-03
2.797715599251207347e-03
2.798705007358328212e-03
2.799715788479341643e-03
2.800761564998746709e-03
2.801821008996182617e-03
2.802902842267417614e-03
2.803968685230586247e-03
2.805035410036516019e-03
2.806111627805030640e-03
2.807164437992260529e-03
2.808225611876105036e-03
2.809270861202060616e-03
2.810320821402769419e-03
2.811384429356465851e-03
2.812459294353282426e-03
2.813545482459610218e-03
2.814623548728020525e-03
2.815695736725417654e-03
2.816783132899105570e-03
2.817870775592270626e-03
2.818939996146140742e-03
2.820008125250018840e-03
2.821090639283578387e-03
2.822168107154729433e-03
2.823237758147583484e-03
2.824324521200072269e-03
2.825420243818558587e-03
2.826530357703674681e-03
2.827652535537383480e-03
2.828776402091131518e-03
2.829889319206208703e-03
2.830990606237443735e-03
2.832095346304176059e-03
2.833217025029969270e-03
2.834346986109312870e-03
2.835478029354399770e-03
2.836609724429342821e-03
2.837718706061148708e-03
2.838837897006014910e-03
2.839966826382832581e-03
2.841092037081754257e-03
2.842224506450712930e-03
2.843353460230524984e-03
2.844504416192688689e-03
2.845656095178062273e-03
2.846786458457769165e-03
2.847928450962885528e-03
2.849081228711048634e-03
2.850252349638473723e-03
2.851419421623020787e-03
2.852582501072307986e-03
2.853761661228660599e-03
2.854950036411416179e-03
2.856135544029833866e-03
2.857309852356881407e-03
2.858483900178331819e-03
2.859661227864188342e-03
2.860842893728869716e-03
2.862013380191799107e-03
2.863178563353277299e-03
2.864342981199983432e-03
2.865512799404929586e-03
2.866727759092581231e-03
2.867964201481230328e-03
2.869203229229993352e-03
2.870443605553664370e-03
2.871681789979214482e-03
2.872916304873197532e-03
2.874151787209214184e-03
2.875392051519288887e-03
2.876626138592680050e-03
2.877893002025660313e-03
2.879180491323413225e-03
2.880471281141933418e-03
2.881760142314959867e-03
2.883070910414069384e-03
2.884396396780177299e-03
2.885707292576971273e-03
2.887008687471194490e-03
2.888313669898849058e-03
2.889604568072229058e-03
2.890884018472601735e-03
2.892163868354965736e-03
2.893437483861963522e-03
2.894697926020417793e-03
2.895966864953044336e-03
2.897237289116526716e-03
2.898514754257063529e-03
2.899779539202311171e-03
2.901026868139680928e-03
2.902254355155102321e-03
2.903468642326093984e-03
2.904653018869545779e-03
2.905840644100697936e-03
2.907062208694340642e-03
2.908327637414476717e-03
2.909605219824681031e-03
2.910913930160818376e-03
2.912242284785928996e-03
2.913591485852990316e-03
2.914949751459410335e-03
2.916301129266882838e-03
2.917648358254006872e-03
2.918995379522958383e-03
2.920315925451927048e-03
2.921609699215858749e-03
2.922896005440989153e-03
2.924181950883205598e-03
2.925461155973788866e-03
2.926722134202195454e-03
2.927972715320338593e-03
2.929209331389728485e-03
2.930468085956595883e-03
2.931742899753031397e-03
2.933016790908792980e-03
2.934297626422500884e-03
2.935581533062968807e-03
2.936887023040273687e-03
2.938206637543816415e-03
2.939530896924346520e-03
2.940835439038727399e-03
2.942132793092461576e-03
2.943431991838585914e-03
2.944733908046795468e-03
2.946032988302219914e-03
2.947329195854068908e-03
2.948625981624216665e-03
2.949921368421116411e-03
2.951219475484157841e-03
2.952516505408520672e-03
2.953813428235355174e-03
2.955096573136024255e-03
2.956376225551577558e-03
2.957672411010213442e-03
2.958954112748269673e-03
2.960214360542915910e-03
2.961482614413050909e-03
2.962772298131390904e-03
2.964078883208866484e-03
2.965416216923979446e-03
2.966757478117862563e-03
2.968078140459358416e-03
2.969389359501777102e-03
2.970715123086766982e-03
2.972023008959080292e-03
2.973329412078856097e-03
2.974624447823380306e-03
2.975897267208488326e-03
2.977175181684336286e-03
2.978452597999394283e-03
2.979737072520195242e-03
2.981041401160937614e-03
2.982347193174147027e-03
2.983676725148735973e-03
2.985006213075915536e-03
2.986323076351798077e-03
2.987636397884382670e-03
2.988935648324318999e-03
2.990221956862086899e-03
2.991497110868652012e-03
2.992790777480563384e-03
2.994095986927228746e-03
2.995394750774463613e-03
2.996683050132180077e-03
2.997964071476993692e-03
2.999251081764721383e-03
3.000537895283103464e-03
3.001844918416388553e-03
3.003137644844125920e-03
3.004421907737975239e-03
3.005709455843502340e-03
3.006997848311599754e-03
3.008267509640440759e-03
3.009532613275555865e-03
3.010789915294802017e-03
3.012036234177581026e-03
3.013275724519307985e-03
3.014521341451044997e-03
3.015764932868746865e-03
3.016994429781026579e-03
3.018205458435101879e-03
3.019410988886243440e-03
3.020612116922548242e-03
3.021794516593150591e-03
3.022965804093205935e-03
3.024156769675846561e-03
3.025333179715456768e-03
3.026486983282128569e-03
3.027638279172943907e-03
3.028755008916164410e-03
3.029860556423022780e-03
3.030961869261974452e-03
3.032061624263137668e-03
3.033186052302460321e-03
3.034311332489817402e-03
3.035422222854126072e-03
3.036503073562993663e-03
3.037565927359165904e-03
3.038629643943145490e-03
3.039697848010760196e-03
3.040790029318616791e-03
3.041907047336397333e-03
3.043018912709171461e-03
3.044123240804524899e-03
3.045211280365130342e-03
3.046299366607208275e-03
3.047364171753020549e-03
3.048414807151943531e-03
3.049489249513799224e-03
3.050525379476134655e-03
3.051549209427872368e-03
3.052581814671279613e-03
3.053636377489453956e-03
3.054695736767927550e-03
3.055759669245010877e-03
3.056832731308291914e-03
3.057887245522033712e-03
3.058940401042136142e-03
3.060002330238123340e-03
3.061069185799172952e-03
3.062135344742782615e-03
3.063191779948970257e-03
3.064252056397706765e-03
3.065305808815208324e-03
3.066341142920412256e-03
3.067398214524147838e-03
3.068467626385883770e-03
3.069554145450013958e-03
3.070649039248455996e-03
3.071727800706599773e-03
3.072783355395705858e-03
3.073846549426764371e-03
3.074937572591408992e-03
3.076033799839780931e-03
3.077130051128635583e-03
3.078219939525113618e-03
3.079312438589375603e-03
3.080406458948019722e-03
3.081510708001558834e-03
3.082603734239961965e-03
3.083682197750936202e-03
3.084772578254206619e-03
3.085840788027849856e-03
3.086902287226860660e-03
3.087961717009116321e-03
3.089017413007217727e-03
3.090077613119048688e-03
3.091159738106346450e-03
3.092283002810411116e-03
3.093397207531567352e-03
3.094522488501815979e-03
3.095663750417722987e-03
3.096828099537173896e-03
3.097990072836615764e-03
3.099139388441831105e-03
3.100261360819210870e-03
3.101404515702578610e-03
3.102556889514506994e-03
3.103694014461147715e-03
3.104836471072642406e-03
3.105982652489226031e-03
3.107136867469499370e-03
3.108295437034953434e-03
3.109454883424755869e-03
3.110608924061095387e-03
3.111764525500237879e-03
3.112910329812955575e-03
3.114054578368847387e-03
3.115192012507987402e-03
3.116307729414513183e-03
3.117412888450690582e-03
3.118507846123286416e-03
3.119602946581925655e-03
3.120687282926534224e-03
3.121746501092541055e-03
3.122815370872979168e-03
3.123882810988396798e-03
3.124945571568953258e-03
3.126026715479241457e-03
3.127116921740764107e-03
3.128186530536336031e-03
3.129254345828781127e-03
3.130338238636857541e-03
3.131429145329334314e-03
3.132528805098715868e-03
3.133642702343765896e-03
3.134782636534280600e-03
3.135901987202079598e-03
3.137014125594704377e-03
3.138142501216750410e-03
3.139295369761348122e-03
3.140447433775281089e-03
3.141602129983297846e-03
3.142753922841491892e-03
3.143885691246730337e-03
3.145021717988524118e-03
3.146148954306267342e-03
3.147282751981964489e-03
3.148420289030290451e-03
3.149541752240119213e-03
3.150665081196110141e-03
3.151783384901337814e-03
3.152902015605578857e-03
3.154014535674086375e-03
3.155144498500912342e-03
3.156242965029513407e-03
3.157345352318702194e-03
3.158470022366291572e-03
3.159632124210695874e-03
3.160802570664171182e-03
3.161984275429198174e-03
3.163151715352485044e-03
3.164318325863672583e-03
3.165479515804172066e-03
3.166603436592327001e-03
3.167704780971549068e-03
3.168817168136782263e-03
3.169946865231379907e-03
3.171062838744870965e-03
3.172183915605507505e-03
3.173267073554461148e-03
3.174365212473956137e-03
3.175463169248990587e-03
3.176548722093118331e-03
3.177640384586211640e-03
3.178733895359267189e-03
3.179827992190582819e-03
3.180929615136585641e-03
3.182030686053383562e-03
3.183129497052652763e-03
3.184223832426741601e-03
3.185326694128368975e-03
3.186441921938583128e-03
3.187557103701831561e-03
3.188660546483466831e-03
3.189748863676128074e-03
3.190827715956467969e-03
3.191889928412810443e-03
3.192954400201506934e-03
3.194008110478903720e-03
3.195054029360950860e-03
3.196095486517269539e-03
3.197115949254905956e-03
3.198129712443053847e-03
3.199152743675875467e-03
3.200177364106714627e-03
3.201204628034917069e-03
3.202241478987701701e-03
3.203276157322852789e-03
3.204307364692711782e-03
3.205337981981088401e-03
3.206363894259745082e-03
3.207401527269503148e-03
3.208432218589581976e-03
3.209450428370338743e-03
3.210448594964858925e-03
3.211426798644634231e-03
3.212394153412527834e-03
3.213362525466754733e-03
3.214305847070253550e-03
3.215243732769877769e-03
3.216204833027431608e-03
3.217171603214860447e-03
3.218126658921904859e-03
3.219088178741861747e-03
3.220043838838445010e-03
3.221001107788077321e-03
3.221996058391169478e-03
3.223029712355727442e-03
3.224079290924347901e-03
3.225126064490485903e-03
3.226175879003282017e-03
3.227222618868371990e-03
3.228255633039990406e-03
3.229290012381252385e-03
3.230328526224868560e-03
3.231394090579895427e-03
3.232467261873009541e-03
3.233532980525134510e-03
3.234605522673622037e-03
3.235694481259554674e-03
3.236789757427365084e-03
3.237911556431886245e-03
3.239046053456365835e-03
3.240170146285179398e-03
3.241293392690068088e-03
3.242417595420233993e-03
3.243549390516649051e-03
3.244686656210040397e-03
3.245813748715054969e-03
3.246956898152797855e-03
3.248099157059307785e-03
3.249252224585804597e-03
3.250398624090339132e-03
3.251551980556763050e-03
3.252716521564122734e-03
3.253888339164439508e-03
3.255088938766941952e-03
3.256309572490511360e-03
3.257513288808284654e-03
3.258710988619722710e-03
3.259899187334120135e-03
3.261082091854380222e-03
3.262255486320476874e-03
3.263428413994381820e-03
3.264611029705138685e-03
3.265788708619352370e-03
3.266949668966338816e-03
3.268120573132631424e-03
3.269321247859135506e-03
3.270514630251708434e-03
3.271701157628762163e-03
3.272890950475010417e-03
3.274093807465485156e-03
3.275279885138921657e-03
3.276462159328232416e-03
3.277646182041331173e-03
3.278813007608007320e-03
3.279956840764730076e-03
3.281100754269755497e-03
3.282239719759387671e-03
3.283391833618302946e-03
3.284538912629688875e-03
3.285675434641558909e-03
3.286777127222119833e-03
3.287870063068654494e-03
3.288962797347416700e-03
3.290067132279585107e-03
3.291178727222546143e-03
3.292279970149905241e-03
3.293371603020313169e-03
3.294451913783085981e-03
3.295513519762087017e-03
3.296556827669592984e-03
3.297568188341388346e-03
3.298562146430991573e-03
3.299564636591984911e-03
3.300576235416111462e-03
3.301603552795731675e-03
3.302621006909753094e-03
3.303637806055689970e-03
3.304675026308669626e-03
3.305714169133595545e-03
3.306748214307281969e-03
3.307763795017889218e-03
3.308756856523359120e-03
3.309753527692707153e-03
3.310776166443924265e-03
3.311797840989667233e-03
3.312789743756670846e-03
3.313775505494524418e-03
3.314776362327417382e-03
3.315765940299261662e-03
3.316773381642953641e-03
3.317784835803789731e-03
3.318799446284532214e-03
3.319790545330999088e-03
3.320792577247611618e-03
3.321807051594873744e-03
3.322825228719795011e-03
3.323859144984659883e-03
3.324874117289965299e-03
3.325861739519590365e-03
3.326874145902603865e-03
3.327911480851350294e-03
3.328944920151514792e-03
3.329977471540900100e-03
3.331025370248760515e-03
3.332087158912061097e-03
3.333150757513293413e-03
3.334213968266181577e-03
3.335283605848191144e-03
3.336350718325781749e-03
3.337407736701955650e-03
3.338457537931711731e-03
3.339520025440451297e-03
3.340578437369963460e-03
3.341629339641964333e-03
3.342705673400083594e-03
3.343796488893087046e-03
3.344901415243386935e-03
3.346011713748986427e-03
3.347124727119386769e-03
3.348245062384612794e-03
3.349377321175301802e-03
3.350501460686579683e-03
3.351606209726499218e-03
3.352693722491055604e-03
3.353775601657219951e-03
3.354842525320268429e-03
3.355923070970151870e-03
3.357006146699619085e-03
3.358073699646497903e-03
3.359129488620233011e-03
3.360170823015562816e-03
3.361232806678763740e-03
3.362299110181558338e-03
3.363348606690236622e-03
3.364396040276690369e-03
3.365442486771948009e-03
3.366498095742537482e-03
3.367554813777589619e-03
3.368611113868089958e-03
3.369662905568550967e-03
3.370696648303856627e-03
3.371731494008032605e-03
3.372746718592325218e-03
3.373733612405370626e-03
3.374707376374321693e-03
3.375671392621542276e-03
3.376619778023221777e-03
3.377551182546431000e-03
3.378491164294020188e-03
3.379451383792007619e-03
3.380404647386860313e-03
3.381356147585298875e-03
3.382308011377544409e-03
3.383250187686004731e-03
3.384182595030073726e-03
3.385125958783928666e-03
3.386061507546233446e-03
3.386997942622617646e-03
3.387930113427443154e-03
3.388881486375343050e-03
3.389804813241748416e-03
3.390708934332809562e-03
3.391614404225563872e-03
3.392507761597098655e-03
3.393404125879663502e-03
3.394299693718766386e-03
3.395203011883798049e-03
3.396117481834125696e-03
3.397052648980606465e-03
3.397968743518653238e-03
3.398891537505737640e-03
3.399805239907569606e-03
3.400724882712946508e-03
3.401651940587847520e-03
3.402583144814539957e-03
3.403512882561615834e-03
3.404446289740857383e-03
3.405357963024189388e-03
3.406263334285764520e-03
3.407190025360860158e-03
3.408121655027991984e-03
3.409066962028064508e-03
3.410034716262034648e-03
3.411015946270323698e-03
3.411988135492488236e-03
3.412944246982634218e-03
3.413894947490585339e-03
3.414843790683355466e-03
3.415808136435384036e-03
3.416785097300403286e-03
3.417789004291372015e-03
3.418804916635019304e-03
3.419798000034580780e-03
3.420779272077265325e-03
3.421753321856411349e-03
3.422728481559671361e-03
3.423720530284315913e-03
3.424696340612777643e-03
3.425640428210655498e-03
3.426568416588353719e-03
3.427496651412548830e-03
3.428429581678855888e-03
3.429341508427558981e-03
3.430250216946281825e-03
3.431157864627098434e-03
3.432075633955366210e-03
3.432993381747879470e-03
3.433897095940271343e-03
3.434790917146754441e-03
3.435689733358969055e-03
3.436580045777729974e-03
3.437466189332377166e-03
3.438356207500135181e-03
3.439249665711106591e-03
3.440149786954373179e-03
3.441064139687555114e-03
3.441986981353959644e-03
3.442914614919827341e-03
3.443836940410849486e-03
3.444753868994685289e-03
3.445684402252490938e-03
3.446605750698868240e-03
3.447528930678366455e-03
3.448461087285281321e-03
3.449393025197399106e-03
3.450345218957447287e-03
3.451306818556358885e-03
3.452294670151406872e-03
3.453295686844970111e-03
3.454297036925107339e-03
3.455321474426963774e-03
3.456380486258350641e-03
3.457434826464954748e-03
3.458493051864102406e-03
3.459568775445283177e-03
3.460631152026369829e-03
3.461718987108836423e-03
3.462833077711568747e-03
3.463958792763113456e-03
3.465087313253114795e-03
3.466234006153912778e-03
3.467407857821310120e-03
3.468570661558540401e-03
3.469745529486789690e-03
3.470895704461270884e-03
3.472036166305251647e-03
3.473172775687731126e-03
3.474320072744709054e-03
3.475470864581897430e-03
3.476600789570954888e-03
3.477747037004739767e-03
3.478894536786152156e-03
3.480044833320853140e-03
3.481174796887634079e-03
3.482286322328785426e-03
3.483388886973633018e-03
3.484484093329463881e-03
3.485589946226444729e-03
3.486701344643984828e-03
3.487819762351516192e-03
3.488927782716073553e-03
3.490009830988992975e-03
3.491096314648361575e-03
3.492168251822116033e-03
3.493248668684248610e-03
3.494340864687201908e-03
3.495421596726656227e-03
3.496524517848651533e-03
3.497648592616362136e-03
3.498765258103303088e-03
3.499885069207537159e-03
3.501009083540761787e-03
3.502136788523930056e-03
3.503251682869745320e-03
3.504378470521031692e-03
3.505502795172971923e-03
3.506639281870996359e-03
3.507783145576206466e-03
3.508927294354777758e-03
3.510071224989575606e-03
3.511209190723891486e-03
3.512368461544093830e-03
3.513506979906738225e-03
3.514632644522422585e-03
3.515744959965979438e-03
3.516833981179404676e-03
3.517902015123964849e-03
3.518981768782237542e-03
3.520076458650472223e-03
3.521177142532473138e-03
3.522267756558990302e-03
3.523347807286180203e-03
3.524401932125719849e-03
3.525451658237343730e-03
3.526517908757425060e-03
3.527575092723461963e-03
3.528623195195419986e-03
3.529683924083355014e-03
3.530750657442550088e-03
3.531816827010406893e-03
3.532878375186855689e-03
3.533943769695901526e-03
3.535030460193065282e-03
3.536125952789989906e-03
3.537203356503852095e-03
3.538267114161266699e-03
3.539332989947257483e-03
3.540402164781376697e-03
3.541471335459467091e-03
3.542556173851441146e-03
3.543621806661157413e-03
3.544688408979433485e-03
3.545768537772505270e-03
3.546851693398939565e-03
3.547914937842233229e-03
3.548983684290116670e-03
3.550046224076596965e-03
3.551111335414626220e-03
3.552206085239883755e-03
3.553325160352710683e-03
3.554448541129419901e-03
3.555555992133122359e-03
3.556675907372154437e-03
3.557792672587142824e-03
3.558915148470849932e-03
3.560042184501928299e-03
3.561170884627014224e-03
3.562291024690560342e-03
3.563424799731455036e-03
3.564584082902646101e-03
3.565736888972161414e-03
3.566879484740637617e-03
3.568032753770373870e-03
3.569177238118730229e-03
3.570330808332890238e-03
3.571468839482210261e-03
3.572599318168569269e-03
3.573725053229954551e-03
3.574839512937904619e-03
3.575965049886282131e-03
3.577093869632754636e-03
3.578224871419912433e-03
3.579348746804892657e-03
3.580470067584894805e-03
3.581604390945076610e-03
3.582738630100806843e-03
3.583866002985392971e-03
3.585013796955852181e-03
3.586167591360593654e-03
3.587336467227992837e-03
3.588520031878497229e-03
3.589695023013463483e-03
3.590864264053602803e-03
3.592021897904659842e-03
3.593193875597905547e-03
3.594357342150746818e-03
3.595520574715647521e-03
3.596681849073022404e-03
3.597843289978789119e-03
3.598998232062167613e-03
3.600163229790349050e-03
3.601324142299815092e-03
3.602503885268746285e-03
3.603706563728152623e-03
3.604917079920104839e-03
3.606128747077394850e-03
3.607341630783546509e-03
3.608564186391421263e-03
3.609783864041460864e-03
3.611006583221337482e-03
3.612234922186241190e-03
3.613450431767232900e-03
3.614671476846722988e-03
3.615890305491117288e-03
3.617104181490639683e-03
3.618324549666211871e-03
3.619539061292774418e-03
3.620763662055734387e-03
3.621975887543279257e-03
3.623184410935025804e-03
3.624370716484897476e-03
3.625552723755865771e-03
3.626742548172900808e-03
3.627940360826099539e-03
3.629141131766105630e-03
3.630329178736319863e-03
3.631513365254908192e-03
3.632711899701602121e-03
3.633925861767291297e-03
3.635129368876452785e-03
3.636332011541577088e-03
3.637550120313009366e-03
3.638787306900695927e-03
3.640031741195857897e-03
3.641272539071408691e-03
3.642489876632756026e-03
3.643699172168949913e-03
3.644920255502732097e-03
3.646148129642843867e-03
3.647385948022718004e-03
3.648618922370243291e-03
3.649865426753142340e-03
3.651117536432769029e-03
3.652368605211697185e-03
3.653633210121334709e-03
3.654891245548517239e-03
3.656148152017853290e-03
3.657396768714142512e-03
3.658659571841338908e-03
3.659912925280684511e-03
3.661159424621603705e-03
3.662413457050012200e-03
3.663666000816911961e-03
3.664917828422936761e-03
3.666179685077468157e-03
3.667458225979019094e-03
3.668742996533056605e-03
3.670040554803505502e-03
3.671307467673968084e-03
3.672580494399657440e-03
3.673850489846235828e-03
3.675117943641419659e-03
3.676393231989448507e-03
3.677670653228470084e-03
3.678958876559811682e-03
3.680268037904678522e-03
3.681588682001865100e-03
3.682901438217733511e-03
3.684201558302280504e-03
3.685479455849310741e-03
3.686744666949679991e-03
3.688004346589948516e-03
3.689261664815316616e-03
3.690533181317762201e-03
3.691825707554187690e-03
3.693136718732234827e-03
3.694434671138647173e-03
3.695732367879706048e-03
3.697027009377948370e-03
3.698302352184342119e-03
3.699543987963203016e-03
3.700785871143626692e-03
3.702026549131593250e-03
3.703278272889457944e-03
3.704543626598392342e-03
3.705830252828999725e-03
3.707105426179065598e-03
3.708383759445205499e-03
3.709669548738529950e-03
3.710956126794611766e-03
3.712230965931788938e-03
3.713493115322172387e-03
3.714735445371473901e-03
3.715968340062839048e-03
3.717193276069427014e-03
3.718442255171203366e-03
3.719704491596864671e-03
3.720976208253461755e-03
3.722239595003595022e-03
3.723479509272773283e-03
3.724710135859962603e-03
3.725942139408506323e-03
3.727189392529167266e-03
3.728432977445225293e-03
3.729669788520673795e-03
3.730913228216081647e-03
3.732165196350752893e-03
3.733409760149169771e-03
3.734665506191898153e-03
3.735938918177026009e-03
3.737226353450093155e-03
3.738502936345777707e-03
3.739753017682896120e-03
3.740988142911144069e-03
3.742227564086308793e-03
3.743470457287182990e-03
3.744717092616965583e-03
3.745957100206240287e-03
3.747211777357495506e-03
3.748473793387660253e-03
3.749750165067971056e-03
3.751041507918299964e-03
3.752349846876918294e-03
3.753644485791267013e-03
3.754923620326494453e-03
3.756197735972095948e-03
3.757477316751460950e-03
3.758743743291662748e-03
3.760011256281324890e-03
3.761293145927529363e-03
3.762563947733571761e-03
3.763846830979977916e-03
3.765143542693616917e-03
3.766421779924092588e-03
3.767708669455544640e-03
3.768985436421479988e-03
3.770249076496764041e-03
3.771501704613679055e-03
3.772756634218198298e-03
3.773997897697295260e-03
3.775253372816241536e-03
3.776498688329388807e-03
3.777748158393006220e-03
3.778987335453438609e-03
3.780212956032384577e-03
3.781431165269196794e-03
3.782656972703796541e-03
3.783895089070619597e-03
3.785147353080569980e-03
3.786405935078292206e-03
3.787672630343702756e-03
3.788947477556329959e-03
3.790230347735685634e-03
3.791518408141485684e-03
3.792820931708344723e-03
3.794138020615784538e-03
3.795457240742889943e-03
3.796789249245566527e-03
3.798118264509260916e-03
3.799458389525230996e-03
3.800813566310327733e-03
3.802185508965352529e-03
3.803558262788411977e-03
3.804925663479361963e-03
3.806302099992426354e-03
3.807683410937600429e-03
3.809059873715783806e-03
3.810443915801270485e-03
3.811829733634798829e-03
3.813206359149911174e-03
3.814569166902524212e-03
3.815929848548559565e-03
3.817292485885120240e-03
3.818655890174986033e-03
3.820023279507016572e-03
3.821392455164147536e-03
3.822743882679557458e-03
3.824086165707092123e-03
3.825434306037490875e-03
3.826789614283093287e-03
3.828153192719794488e-03
3.829516329028660911e-03
3.830884017131196747e-03
3.832250114467819491e-03
3.833607131633515012e-03
3.834948936332787696e-03
3.836294194434712763e-03
3.837633358389762328e-03
3.838951734511352951e-03
3.840254079152364327e-03
3.841548130021919631e-03
3.842855951546555581e-03
3.844161886445227570e-03
3.845457797698334079e-03
3.846737839771678224e-03
3.848017744063855251e-03
3.849308752644777301e-03
3.850589498546427413e-03
3.851872507561384523e-03
3.853152570367565557e-03
3.854430178914161099e-03
3.855708151522062050e-03
3.856971897041048050e-03
3.858218181500926765e-03
3.859444752957101252e-03
3.860679113236154501e-03
3.861893739730513746e-03
3.863096436344191573e-03
3.864315087749452780e-03
3.865526061065817538e-03
3.866735242909422228e-03
3.867943064549882789e-03
3.869138842915429127e-03
3.870320404408412584e-03
3.871499950254493616e-03
3.872679358309117584e-03
3.873856896994493614e-03
3.875024421898814846e-03
3.876203988038816502e-03
3.877386608186793922e-03
3.878563839902307662e-03
3.879738291466393318e-03
3.880910276535254333e-03
3.882081806426943352e-03
3.883240754869868479e-03
3.884412902932954381e-03
3.885594668742319794e-03
3.886781022424953564e-03
3.887973181661166875e-03
3.889173802449324112e-03
3.890384237044744280e-03
3.891591867032482069e-03
3.892785120504694499e-03
3.893957522076166994e-03
3.895118379980705686e-03
3.896273429740584708e-03
3.897418360585269692e-03
3.898559300323838940e-03
3.899714645647046115e-03
3.900870004829709407e-03
3.902004348906408255e-03
3.903137810380053526e-03
3.904271360913586734e-03
3.905418275343655772e-03
3.906550375494166095e-03
3.907645677885894508e-03
3.908716900790911927e-03
3.909790356976567023e-03
3.910870804544904974e-03
3.911956418115865135e-03
3.913045267624940850e-03
3.914109057759485380e-03
3.915169033533282515e-03
3.916224399868553467e-03
3.917274200154721893e-03
3.918325495194174141e-03
3.919398569830741773e-03
3.920480447755506775e-03
3.921565792163138157e-03
3.922654264339864479e-03
3.923741971577805743e-03
3.924834678009276635e-03
3.925931648317109758e-03
3.927040576460321016e-03
3.928159326695196581e-03
3.929284374822945153e-03
3.930416259307682042e-03
3.931556964381834052e-03
3.932700188914527162e-03
3.933863561411682884e-03
3.935012996551386436e-03
3.936166395734990407e-03
3.937325535251620136e-03
3.938480547457167552e-03
3.939650841815833457e-03
3.940833740414922438e-03
3.942019857590463652e-03
3.943214087221607114e-03
3.944406739499275311e-03
3.945596554781286014e-03
3.946790725050679585e-03
3.947979124166371527e-03
3.949179084018815920e-03
3.950396415662945152e-03
3.951625328031597821e-03
3.952848957047143050e-03
3.954066690765320816e-03
3.955275903325347966e-03
3.956483752073166986e-03
3.957691347822855747e-03
3.958887030747643490e-03
3.960074012027750383e-03
3.961254782223564558e-03
3.962429014066532612e-03
3.963610615343172473e-03
3.964803882115855438e-03
3.966003330346199243e-03
3.967193973970421610e-03
3.968371103360195454e-03
3.969548654638391932e-03
3.970734185732935177e-03
3.971915656215810331e-03
3.973078761331743855e-03
3.974237067763442682e-03
3.975394649860186647e-03
3.976546569093503299e-03
3.977705362581913061e-03
3.978864356331953019e-03
3.980021657195341803e-03
3.981179643445036456e-03
3.982344659383389544e-03
3.983530898103550613e-03
3.984717142613809250e-03
3.985907004121269637e-03
3.987092437132131947e-03
3.988279183458417684e-03
3.989462207439772000e-03
3.990635499035479795e-03
3.991810014353798682e-03
3.992993230641705624e-03
3.994181090618097521e-03
3.995388705706461041e-03
3.996601706071036507e-03
3.997822662073341297e-03
3.999036552719013003e-03
4.000246949733534708e-03
4.001453736869968990e-03
4.002673528441464193e-03
4.003882409839418753e-03
4.005093638829883458e-03
4.006316475798346252e-03
4.007526576804062816e-03
4.008729486943718792e-03
4.009933513741230360e-03
4.011135136071315548e-03
4.012300784808414331e-03
4.013461621389919839e-03
4.014621679095287284e-03
4.015783919482119116e-03
4.016956228550441939e-03
4.018141423977311839e-03
4.019334265660571941e-03
4.020542909024921521e-03
4.021764536779987367e-03
4.022994795916760673e-03
4.024200645069803475e-03
4.025402366590445473e-03
4.026603100973108473e-03
4.027808316695451890e-03
4.028990318964306011e-03
4.030174183100775076e-03
4.031385259598248456e-03
4.032610037743230257e-03
4.033829147104144898e-03
4.035043603799691112e-03
4.036235033508161520e-03
4.037423838174833413e-03
4.038585400912328427e-03
4.039735138490349424e-03
4.040878621501434002e-03
4.042019650418062285e-03
4.043133672302114123e-03
4.044249875624933432e-03
4.045362198872016340e-03
4.046457888664223637e-03
4.047553182980704982e-03
4.048659078533860430e-03
4.049768396896494434e-03
4.050886091135267805e-03
4.052005841817156798e-03
4.053116020401934319e-03
4.054230906999673097e-03
4.055352155127617264e-03
4.056461849674153006e-03
4.057573687012513801e-03
4.058692996134417169e-03
4.059809764075611102e-03
4.060951351412922343e-03
4.062129894040371510e-03
4.063319580063454867e-03
4.064486868484834363e-03
4.065651559656762760e-03
4.066803427411052642e-03
4.067928562917154031e-03
4.069051254216366452e-03
4.070185137559667252e-03
4.071337325699215387e-03
4.072506081890734687e-03
4.073661007738486189e-03
4.074814954587676653e-03
4.075968623990340427e-03
4.077119337419748100e-03
4.078263657169358368e-03
4.079424749536943694e-03
4.080585652659804961e-03
4.081732957008447557e-03
4.082887569947562557e-03
4.084058955569502651e-03
4.085228569408313679e-03
4.086398599587847021e-03
4.087557164437125717e-03
4.088729990744577672e-03
4.089905929232192511e-03
4.091065783100531969e-03
4.092218611148679304e-03
4.093360428125890522e-03
4.094508944729899520e-03
4.095664463699723312e-03
4.096820015887299438e-03
4.097984325489360119e-03
4.099152134182144566e-03
4.100324711780200561e-03
4.101481644216764706e-03
4.102631085499763332e-03
4.103765234260823083e-03
4.104891983335665767e-03
4.106027114631745009e-03
4.107157264112523687e-03
4.108276756691344248e-03
4.109409637039668044e-03
4.110545222642300600e-03
4.111674911905292655e-03
4.112814137186936517e-03
4.113942277334479806e-03
4.115062779204680873e-03
4.116183095775934747e-03
4.117324652783350275e-03
4.118495535234988070e-03
4.119676957163137879e-03
4.120869624125952403e-03
4.122066798581298930e-03
4.123259473599724320e-03
4.124444402088902652e-03
4.125621399828948051e-03
4.126811688520477805e-03
4.128004217682357604e-03
4.129186846781891969e-03
4.130343056344808021e-03
4.131501517513068086e-03
4.132659078305215943e-03
4.133820589234398109e-03
4.134992978999538216e-03
4.136153841895328677e-03
4.137321872887013766e-03
4.138492331878075928e-03
4.139662465211446304e-03
4.140834365298187887e-03
4.142012299210738255e-03
4.143168210563783448e-03
4.144322955123150472e-03
4.145474881696455983e-03
4.146641522208612679e-03
4.147816660334660566e-03
4.148990219020596767e-03
4.150177388338977848e-03
4.151381387093636653e-03
4.152574423462171600e-03
4.153761322373251963e-03
4.154951872007951567e-03
4.156125128077296262e-03
4.157288029806796223e-03
4.158435270170420146e-03
4.159581255970976922e-03
4.160732093462910473e-03
4.161887300568656300e-03
4.163047520743313502e-03
4.164193660769653464e-03
4.165328198908118534e-03
4.166479068001414238e-03
4.167633375878884022e-03
4.168788722210161127e-03
4.169954283581574911e-03
4.171129155023272847e-03
4.172285785319941424e-03
4.173425662469604051e-03
4.174568667752035118e-03
4.175735638907197844e-03
4.176886788284072012e-03
4.178030828118980619e-03
4.179175743269812268e-03
4.180325717156238401e-03
4.181481275378599177e-03
4.182630895088331260e-03
4.183768995353095120e-03
4.184905679643992175e-03
4.186016732298223665e-03
4.187116452610963740e-03
4.188218668428628048e-03
4.189313090305267669e-03
4.190410558599551478e-03
4.191516669752834087e-03
4.192626347318472238e-03
4.193760708977664273e-03
4.194898087291501140e-03
4.196049025997735521e-03
4.197188829112080341e-03
4.198339717699456873e-03
4.199493732779841469e-03
4.200639631890196353e-03
4.201779718467753277e-03
4.202939471536492298e-03
4.204097537509924980e-03
4.205246774849344567e-03
4.206400983440401926e-03
4.207564426031518666e-03
4.208732063902896614e-03
4.209894010386028458e-03
4.211042801926586678e-03
4.212184475678693377e-03
4.213327239200211072e-03
4.214464094734399376e-03
4.215597900973947106e-03
4.216734426163573808e-03
4.217886411840851037e-03
4.219068484194784391e-03
4.220258574030839524e-03
4.221455924407366452e-03
4.222677261209381583e-03
4.223908286740270593e-03
4.225130886497046462e-03
4.226332343995164130e-03
4.227535173977601569e-03
4.228739251891030192e-03
4.229936058010141074e-03
4.231128097975193729e-03
4.232322248522070278e-03
4.233508921650917453e-03
4.234678456385943326e-03
4.235836396951585085e-03
4.236992095922645883e-03
4.238134039490707751e-03
4.239275393981159143e-03
4.240447709808295960e-03
4.241635072259446367e-03
4.242839293022528969e-03
4.244050166106599041e-03
4.245261145653751386e-03
4.246473686551922692e-03
4.247678301488641735e-03
4.248877677086077172e-03
4.250104892841686209e-03
4.251337155714419655e-03
4.252561880777266413e-03
4.253783179059993959e-03
4.255025632472674881e-03
4.256271793393742904e-03
4.257513502318217499e-03
4.258750283528283699e-03
4.259984382251302305e-03
4.261194052391062241e-03
4.262392990033503359e-03
4.263598700684623558e-03
4.264790906539642906e-03
4.265992723357771819e-03
4.267187770486651453e-03
4.268379548444117474e-03
4.269572805590387057e-03
4.270756640030876072e-03
4.271925339276038021e-03
4.273105757181965697e-03
4.274283970375724467e-03
4.275454581011103525e-03
4.276622328952341817e-03
4.277811240905996827e-03
4.279009828211916867e-03
4.280198606145903251e-03
4.281393761064542641e-03
4.282609867103184115e-03
4.283838734454036533e-03
4.285058157288302617e-03
4.286269462722731328e-03
4.287483398705884199e-03
4.288698095507988313e-03
4.289894259334837284e-03
4.291099597114285576e-03
4.292306545482252322e-03
4.293529941311021239e-03
4.294748591477825193e-03
4.295967454338903667e-03
4.297198233690601062e-03
4.298444980687823706e-03
4.299695175865971171e-03
4.300940718042477531e-03
4.302180699282054203e-03
4.303414461093551559e-03
4.304657684299687155e-03
4.305899917191888596e-03
4.307148133760724945e-03
4.308397348625266077e-03
4.309641161074310479e-03
4.310875200191065584e-03
4.312113573210654520e-03
4.313359593896185819e-03
4.314610457449763806e-03
4.315872579472106695e-03
4.317150435521033801e-03
4.318432525126239020e-03
4.319720150996245872e-03
4.321022538373659773e-03
4.322332245774730339e-03
4.323640373207425155e-03
4.324946924368854549e-03
4.326240967700960456e-03
4.327523390621496741e-03
4.328794763121760619e-03
4.330072035424162649e-03
4.331340130336882276e-03
4.332605050274114522e-03
4.333869578422163207e-03
4.335138177842294376e-03
4.336393518978970060e-03
4.337645104166068348e-03
4.338901013494016710e-03
4.340165796441937569e-03
4.341435343924438667e-03
4.342682110614545787e-03
4.343928002173412864e-03
4.345198859803257006e-03
4.346498645248895835e-03
4.347821448603739203e-03
4.349156412769525880e-03
4.350494371413136246e-03
4.351839894270926115e-03
4.353183150188229093e-03
4.354527599563969183e-03
4.355871664360451943e-03
4.357216792378046551e-03
4.358565179258961850e-03
4.359919075385719663e-03
4.361275791806905160e-03
4.362644685234047179e-03
4.364016050842958391e-03
4.365388597999369201e-03
4.366773436091609013e-03
4.368151652936265623e-03
4.369525037633252389e-03
4.370907852081393555e-03
4.372309001198548643e-03
4.373723054735522038e-03
4.375150502969256915e-03
4.376556137988835832e-03
4.377961170448765871e-03
4.379372386180599083e-03
4.380777579383542640e-03
4.382189510864008958e-03
4.383605352093555320e-03
4.385016826905085464e-03
4.386431302824571506e-03
4.387857593380676408e-03
4.389293362576186797e-03
4.390734373482459672e-03
4.392179278798693728e-03
4.393609934668697183e-03
4.395032130206691021e-03
4.396478361505243813e-03
4.397944303601594371e-03
4.399399193237545774e-03
4.400842469198821584e-03
4.402299240367973931e-03
4.403761681280255261e-03
4.405213540766437542e-03
4.406656765644317159e-03
4.408113092677370080e-03
4.409594953296419421e-03
4.411094849208268762e-03
4.412586806589761587e-03
4.414070168035051124e-03
4.415558354235897542e-03
4.417052947928387999e-03
4.418537229738454981e-03
4.420016581134723378e-03
4.421493115128497312e-03
4.422967928484227741e-03
4.424434422254812371e-03
4.425884665742938796e-03
4.427335463604536829e-03
4.428789969602048640e-03
4.430259137455886710e-03
4.431712988918334352e-03
4.433171210621753185e-03
4.434624481806520753e-03
4.436068186681258602e-03
4.437497059399604475e-03
4.438946252599466555e-03
4.440401070620593645e-03
4.441850910546226751e-03
4.443302088734303427e-03
4.444759154941221695e-03
4.446236810721905519e-03
4.447710501334496171e-03
4.449179137965740549e-03
4.450647437868406747e-03
4.452128025586719884e-03
4.453602377286639512e-03
4.455067816152129441e-03
4.456518845965273118e-03
4.457965055862256158e-03
4.459439634531697089e-03
4.460932299569566988e-03
4.462425365425201282e-03
4.463927004616618198e-03
4.465425282596697208e-03
4.466938275032371168e-03
4.468458562714708836e-03
4.469976011458405042e-03
4.471494870937359895e-03
4.473017745379536877e-03
4.474541886126030474e-03
4.476070031754496997e-03
4.477583244277289626e-03
4.479101704820634237e-03
4.480626223971152094e-03
4.482137089865406536e-03
4.483634608687231057e-03
4.485141173708683503e-03
4.486646345074191827e-03
4.488151702489563168e-03
4.489666390871165091e-03
4.491179134065740805e-03
4.492699130217296319e-03
4.494215137189320856e-03
4.495730835562492325e-03
4.497238715149542640e-03
4.498747584767462740e-03
4.500263354623438260e-03
4.501759434165615061e-03
4.503252813088545400e-03
4.504746484097656503e-03
4.506239669545989389e-03
4.507724438981724514e-03
4.509198041326866260e-03
4.510667871821822522e-03
4.512132376889795710e-03
4.513613339648528573e-03
4.515099380362889471e-03
4.516585848073589697e-03
4.518061644663118326e-03
4.519527412023118494e-03
4.520993206981423380e-03
4.522447444710160809e-03
4.523875556821444974e-03
4.525302591474904788e-03
4.526741491310706453e-03
4.528188757962908415e-03
4.529621624939836159e-03
4.531043068225448084e-03
4.532481366998527585e-03
4.533924311611658292e-03
4.535364216305962787e-03
4.536817828228671690e-03
4.538280257434375471e-03
4.539732604279585887e-03
4.541189574535078530e-03
4.542665167236256511e-03
4.544150705275983720e-03
4.545623680306629978e-03
4.547087697441601004e-03
4.548537970343894711e-03
4.549995366505656808e-03
4.551450224917908370e-03
4.552908169508582126e-03
4.554374027766082758e-03
4.555849392233048828e-03
4.557319912189930142e-03
4.558798324819640126e-03
4.560291486460276746e-03
4.561786358067042996e-03
4.563268148902467278e-03
4.564750776816756117e-03
4.566221619839051261e-03
4.567697764504564592e-03
4.569192183791506018e-03
4.570680880862297742e-03
4.572174442025605384e-03
4.573675663324332230e-03
4.575169729579383476e-03
4.576670639689494648e-03
4.578179970963829233e-03
4.579695437150339311e-03
4.581223013002678514e-03
4.582743029730018160e-03
4.584271422792937818e-03
4.585806447146982198e-03
4.587326797084081108e-03
4.588842232269498868e-03
4.590375413092415147e-03
4.591897172696312278e-03
4.593414845497723574e-03
4.594927698973535687e-03
4.596452273516747448e-03
4.597991716365333430e-03
4.599544513676109142e-03
4.601118572149122746e-03
4.602691357749231181e-03
4.604251588067907915e-03
4.605809546274965138e-03
4.607377444279142295e-03
4.608944342914573708e-03
4.610514258422310913e-03
4.612082115142133662e-03
4.613635328537462471e-03
4.615176413806564015e-03
4.616731035014302875e-03
4.618287718626389732e-03
4.619854717373556019e-03
4.621433729793403104e-03
4.623030055799701860e-03
4.624658763277758947e-03
4.626300353342361303e-03
4.627934253284708525e-03
4.629577097735755424e-03
4.631214775221726906e-03
4.632847759840139426e-03
4.634470884122568468e-03
4.636078066838559934e-03
4.637692692546361954e-03
4.639316053151114685e-03
4.640941732942192172e-03
4.642593006362092690e-03
4.644258084064607772e-03
4.645913353961791080e-03
4.647572421206138532e-03
4.649243984502778732e-03
4.650921995650414247e-03
4.652601833264371697e-03
4.654270696946813911e-03
4.655936962703687877e-03
4.657600269642167556e-03
4.659245951540540165e-03
4.660887680964177250e-03
4.662546676326389042e-03
4.664222374777583086e-03
4.665899349423067131e-03
4.667577055440584426e-03
4.669261278526068600e-03
4.670941433703080028e-03
4.672605686915436672e-03
4.674272120046230050e-03
4.675938197942571331e-03
4.677607885138994510e-03
4.679287575107783301e-03
4.680979553536391245e-03
4.682665187838577943e-03
4.684351821279045432e-03
4.686029560836360401e-03
4.687697984845759849e-03
4.689371849414784507e-03
4.691054309376378739e-03
4.692746365856530211e-03
4.694444683548478110e-03
4.696145356273296982e-03
4.697860080466651454e-03
4.699575615734647403e-03
4.701284938771159785e-03
4.702973621769995782e-03
4.704660458247172244e-03
4.706355883512187629e-03
4.708073313287469003e-03
4.709798633041241238e-03
4.711513896316839832e-03
4.713240720298243411e-03
4.714976091096167998e-03
4.716723976361635561e-03
4.718460081752563762e-03
4.720199462519732159e-03
4.721941553950583653e-03
4.723670625696541579e-03
4.725407211728396145e-03
4.727154063692286592e-03
4.728904790537196388e-03
4.730652001767607882e-03
4.732395998773042921e-03
4.734136334133006753e-03
4.735875214041214941e-03
4.737599471403740152e-03
4.739316577230322930e-03
4.741049375278841641e-03
4.742792088433532213e-03
4.744530528136857439e-03
4.746269528009920517e-03
4.748026792746239122e-03
4.749788366846500673e-03
4.751548055245006889e-03
4.753310377151362398e-03
4.755056631369124209e-03
4.756796955415994350e-03
4.758541389045791055e-03
4.760293371903490285e-03
4.762054346657700749e-03
4.763810919861251672e-03
4.765563117193899988e-03
4.767316920608690584e-03
4.769070754657473918e-03
4.770817127948937149e-03
4.772549717585246494e-03
4.774281490506271895e-03
4.776025630165491552e-03
4.777764616115574674e-03
4.779486986415715927e-03
4.781209192852183681e-03
4.782937566360614783e-03
4.784656460922925673e-03
4.786381521273391781e-03
4.788131405319984331e-03
4.789886155247021979e-03
4.791641233139459256e-03
4.793382384056047059e-03
4.795120930651475093e-03
4.796842077359685444e-03
4.798574987356443895e-03
4.800316615176790369e-03
4.802071401740408939e-03
4.803860097474614392e-03
4.805650062621664650e-03
4.807433099606482629e-03
4.809202582850372401e-03
4.810991766120768093e-03
4.812797112706119346e-03
4.814623878713575507e-03
4.816462103191827132e-03
4.818294134940248087e-03
4.820128091603043639e-03
4.821967076684163279e-03
4.823818620417497441e-03
4.825677620918133320e-03
4.827518636394963897e-03
4.829363860246058994e-03
4.831204238553277359e-03
4.833071314245622127e-03
4.834955404534131175e-03
4.836833223919122411e-03
4.838714778692071797e-03
4.840588129250709797e-03
4.842463334430975944e-03
4.844356543327470871e-03
4.846241000587477379e-03
4.848111172134727913e-03
4.849970273244135974e-03
4.851833004136731596e-03
4.853701635166593129e-03
4.855585993508731817e-03
4.857480931806401961e-03
4.859377331690787477e-03
4.861258451856489970e-03
4.863133453667357539e-03
4.864990112867724308e-03
4.866848495149802244e-03
4.868698796751754279e-03
4.870536262610596426e-03
4.872384175350731768e-03
4.874233440821188965e-03
4.876092760092683512e-03
4.877939327548336083e-03
4.879789106337012808e-03
4.881639636747588801e-03
4.883489647519103846e-03
4.885325378512100393e-03
4.887161914576624612e-03
4.888993298849640678e-03
4.890830150957358249e-03
4.892667771210022776e-03
4.894508719795306363e-03
4.896342925144289010e-03
4.898181476629082272e-03
4.900002359212018294e-03
4.901831984200431813e-03
4.903665640809270858e-03
4.905511764865997347e-03
4.907360642812853661e-03
4.909204419285245757e-03
4.911040082305125586e-03
4.912872461447191641e-03
4.914701937498311239e-03
4.916529591337284906e-03
4.918354354620259154e-03
4.920189468486396538e-03
4.922039344210457461e-03
4.923905855370001514e-03
4.925774318963368689e-03
4.927659224566140889e-03
4.929550106852016375e-03
4.931423706759112055e-03
4.933278990733679266e-03
4.935144110065545035e-03
4.937000244059682602e-03
4.938856096276238866e-03
4.940719665145075837e-03
4.942573471285949954e-03
4.944429335993036530e-03
4.946286895149890235e-03
4.948140100297235972e-03
4.949996757924715086e-03
4.951847457965198422e-03
4.953689057374963990e-03
4.955526673528878531e-03
4.957350876141707052e-03
4.959155714904136571e-03
4.960953850566882269e-03
4.962762539135516515e-03
4.964567686046427591e-03
4.966367375721585965e-03
4.968179274257716015e-03
4.969988848987514675e-03
4.971794588394043424e-03
4.973604189418625275e-03
4.975397314446609702e-03
4.977202232976187836e-03
4.979010125309430226e-03
4.980817847979473328e-03
4.982616940548316789e-03
4.984419168912158915e-03
4.986234562599205049e-03
4.988057603364143104e-03
4.989880802264712485e-03
4.991704303715050091e-03
4.993522763747366804e-03
4.995330240559296524e-03
4.997151576880230241e-03
4.998981772856131087e-03
5.000826190799099492e-03
5.002677814482677995e-03
5.004528946933734825e-03
5.006382911896797849e-03
5.008235234011086320e-03
5.010079624975914518e-03
5.011926457803165050e-03
5.013776630963009441e-03
5.015617010534079677e-03
5.017447857335814720e-03
5.019286919988146835e-03
5.021132505208111656e-03
5.022953511569463146e-03
5.024772588599492329e-03
5.026601283563738795e-03
5.028453208684235259e-03
5.030291236856634235e-03
5.032140371843842226e-03
5.033984595364212819e-03
5.035833845940665583e-03
5.037684511892217588e-03
5.039548481887256258e-03
5.041418295171149443e-03
5.043268462744383666e-03
5.045117345003584733e-03
5.046964330019892628e-03
5.048840702482894523e-03
5.050714102433523887e-03
5.052584518458570068e-03
5.054466511849797436e-03
5.056356404694995095e-03
5.058236969719601302e-03
5.060114807422471869e-03
5.061999630201892593e-03
5.063883952629096193e-03
5.065760253160036218e-03
5.067617555303233039e-03
5.069477514737141984e-03
5.071348938772165735e-03
5.073233117405148013e-03
5.075105243527039574e-03
5.076977713824397907e-03
5.078853490705796669e-03
5.080734682957381565e-03
5.082600757940168579e-03
5.084456779531658192e-03
5.086308265749687335e-03
5.088159485820123798e-03
5.090014531462665019e-03
5.091863641611023283e-03
5.093693469240998320e-03
5.095536786678195144e-03
5.097398509162597881e-03
5.099260375986660633e-03
5.101114598776352628e-03
5.102972562528345843e-03
5.104814470913595498e-03
5.106645274813707315e-03
5.108467943219360471e-03
5.110296930223742935e-03
5.112128188794161365e-03
5.113969647916581825e-03
5.115812192447198765e-03
5.117657402994545135e-03
5.119534313587169490e-03
5.121400382173335424e-03
5.123267783493827034e-03
5.125135433075426496e-03
5.127011871345588459e-03
5.128889025971202810e-03
5.130758997404180101e-03
5.132630492395721424e-03
5.134506408855885398e-03
5.136374244755276784e-03
5.138250008301839707e-03
5.140137527472963229e-03
5.142020738170981556e-03
5.143898856194268308e-03
5.145771384841788150e-03
5.147663124907423185e-03
5.149570848113385960e-03
5.151492666581553546e-03
5.153417560614576010e-03
5.155348718726576220e-03
5.157289767444049947e-03
5.159239465922340132e-03
5.161185019288900763e-03
5.163129238101586867e-03
5.165069533363268912e-03
5.167003215082168095e-03
5.168934732341300478e-03
5.170860980521896529e-03
5.172776114178473557e-03
5.174680870435323723e-03
5.176587366360432298e-03
5.178498953612453021e-03
5.180405007593371150e-03
5.182301449795396510e-03
5.184183163120986530e-03
5.186061779062343773e-03
5.187933387958899856e-03
5.189805245007590197e-03
5.191696307703005421e-03
5.193598527023771637e-03
5.195501679902961127e-03
5.197417519545917755e-03
5.199332623059234500e-03
5.201240512453297882e-03
5.203127356211014777e-03
5.205012549250157688e-03
5.206892532785185185e-03
5.208792409377912061e-03
5.210699088417113101e-03
5.212612730814515823e-03
5.214522853851260610e-03
5.216430900095544304e-03
5.218339771344532307e-03
5.220240010136686752e-03
5.222149488290775583e-03
5.224055451636107003e-03
5.225956679171132879e-03
5.227866675397463067e-03
5.229779405818416570e-03
5.231694545283381223e-03
5.233609663594601322e-03
5.235539544875747811e-03
5.237465080817256709e-03
5.239406414945115865e-03
5.241354120410824692e-03
5.243316594490645549e-03
5.245303728748262027e-03
5.247312446314590824e-03
5.249288576634456721e-03
5.251263229622085173e-03
5.253250792473339661e-03
5.255246968230656117e-03
5.257230090862890885e-03
5.259208802339240645e-03
5.261208281585467474e-03
5.263216332506612770e-03
5.265219199307601475e-03
5.267215320737574959e-03
5.269204811544024245e-03
5.271182131688711275e-03
5.273169869779825714e-03
5.275171235204153403e-03
5.277177042464519831e-03
5.279162849970635112e-03
5.281153564526823961e-03
5.283153354496086633e-03
5.285151085447176329e-03
5.287135329978444841e-03
5.289107350032597882e-03
5.291083176172423248e-03
5.293079276723166096e-03
5.295075507619549475e-03
5.297072939264237459e-03
5.299063291896193538e-03
5.301017523048802936e-03
5.302956982042416299e-03
5.304888161417170220e-03
5.306813632882115273e-03
5.308747814526698638e-03
5.310678255119416144e-03
5.312604198422411599e-03
5.314508423376014708e-03
5.316394484849483806e-03
5.318301651951678512e-03
5.320216736930371768e-03
5.322122115768775086e-03
5.324041622572777029e-03
5.325982967441467153e-03
5.327919239078693879e-03
5.329856831629566430e-03
5.331797889417681964e-03
5.333759000610121745e-03
5.335718173418495421e-03
5.337662695244957053e-03
5.339607698788237898e-03
5.341570241679298447e-03
5.343551860966052128e-03
5.345514509960021254e-03
5.347466655972852798e-03
5.349410125337808464e-03
5.351328223707383161e-03
5.353241115322409510e-03
5.355162978177403776e-03
5.357096261049540051e-03
5.359030833997412667e-03
5.360954482687503922e-03
5.362892731625804391e-03
5.364849146853654764e-03
5.366795644104468271e-03
5.368735357267049625e-03
5.370679367493042672e-03
5.372624369076195276e-03
5.374581134557534189e-03
5.376548295051314201e-03
5.378522726028763315e-03
5.380516084867110853e-03
5.382516082481353728e-03
5.384535975685882971e-03
5.386560655162062061e-03
5.388589912555291801e-03
5.390622641702071116e-03
5.392672609153873441e-03
5.394710096472779895e-03
5.396756277646605308e-03
5.398815643646820255e-03
5.400882242146366405e-03
5.402960855496036913e-03
5.405046508741051178e-03
5.407137369645800308e-03
5.409247524163694927e-03
5.411363362328776988e-03
5.413483473459960657e-03
5.415609676216749310e-03
5.417749612240309147e-03
5.419885417660288453e-03
5.422008745117852697e-03
5.424136284184001393e-03
5.426251751432051990e-03
5.428372307876161082e-03
5.430487609069961467e-03
5.432614615417001754e-03
5.434752975415738790e-03
5.436889899239502610e-03
5.439035812064133869e-03
5.441177180211140448e-03
5.443311147280289683e-03
5.445444907510785942e-03
5.447579316008906679e-03
5.449713759043147039e-03
5.451846098154054104e-03
5.453962131624314445e-03
5.456079484080222052e-03
5.458201509379888294e-03
5.460328244433525040e-03
5.462437610068470242e-03
5.464548294372310877e-03
5.466647188142222114e-03
5.468730209306602204e-03
5.470809195133484980e-03
5.472902713990923651e-03
5.474998847904657961e-03
5.477081568825054730e-03
5.479143754625811179e-03
5.481212973317726826e-03
5.483301633671648460e-03
5.485388265074116199e-03
5.487468536666540754e-03
5.489573245085041867e-03
5.491673656274107841e-03
5.493763279756396466e-03
5.495857866882523923e-03
5.497970600063784713e-03
5.500069260542370456e-03
5.502157351515376410e-03
5.504242859766327912e-03
5.506337363472780556e-03
5.508414079663142941e-03
5.510476197092845779e-03
5.512544740093195360e-03
5.514611526101274516e-03
5.516682447557759265e-03
5.518744773384702540e-03
5.520828054865609645e-03
5.522921981180061758e-03
5.525000477818052015e-03
5.527070561267961174e-03
5.529152832329340718e-03
5.531233312768827313e-03
5.533307592245805678e-03
5.535354119323959710e-03
5.537390659965168126e-03
5.539444160688460073e-03
5.541483407324240135e-03
5.543518425800197068e-03
5.545547634780672100e-03
5.547567273635491646e-03
5.549581953393382949e-03
5.551564514766104026e-03
5.553530766757868234e-03
5.555471917891952743e-03
5.557395545433936428e-03
5.559299618099667120e-03
5.561195311703443986e-03
5.563095124821356048e-03
5.564995686757071014e-03
5.566893275277766569e-03
5.568790739427635118e-03
5.570686277249230559e-03
5.572562591281074104e-03
5.574451931220528872e-03
5.576337450158272424e-03
5.578210115305248969e-03
5.580097239243099298e-03
5.581986416723789743e-03
5.583890692283525851e-03
5.585817990563053323e-03
5.587742387640994533e-03
5.589667166716252335e-03
5.591585983082795336e-03
5.593507457417190229e-03
5.595441795141599742e-03
5.597394078889517642e-03
5.599357772467656799e-03
5.601317387490190730e-03
5.603288221903189072e-03
5.605300120745923369e-03
5.607316028248811486e-03
5.609347149250870981e-03
5.611369884124657766e-03
5.613382004009125591e-03
5.615402072172872086e-03
5.617416719199411039e-03
5.619423356004747509e-03
5.621434135492063555e-03
5.623444562695465755e-03
5.625462852414585442e-03
5.627489000358506036e-03
5.629521141607413473e-03
5.631550057244815582e-03
5.633576651363493906e-03
5.635581225161724085e-03
5.637597229248659386e-03
5.639613162617412509e-03
5.641645028133564742e-03
5.643670573869936750e-03
5.645694968767220670e-03
5.647717643477382504e-03
5.649721694424091924e-03
5.651738577514281957e-03
5.653761090343881017e-03
5.655772608518846306e-03
5.657777775937470645e-03
5.659783877317508399e-03
5.661786659166029301e-03
5.663783538889768238e-03
5.665777266563391465e-03
5.667762093314050731e-03
5.669735356985255124e-03
5.671705806299564417e-03
5.673680982149258145e-03
5.675667194448589734e-03
5.677655487887339238e-03
5.679640112150379817e-03
5.681615157621567810e-03
5.683557304201990526e-03
5.685475687860598072e-03
5.687379443471386568e-03
5.689269291806358861e-03
5.691156612446337734e-03
5.693034661556957247e-03
5.694910873704488175e-03
5.696770084627569147e-03
5.698631328258131623e-03
5.700491032510864031e-03
5.702325595274728223e-03
5.704151443215864370e-03
5.705965366911879694e-03
5.707794730843486833e-03
5.709639925039232573e-03
5.711510212131198395e-03
5.713376923381705344e-03
5.715250153704446584e-03
5.717140362977075375e-03
5.719039497349992333e-03
5.720928474852094402e-03
5.722804222016813526e-03
5.724677478006637808e-03
5.726552005219673856e-03
5.728427262657083061e-03
5.730292330718014283e-03
5.732159855758270361e-03
5.734010419692612583e-03
5.735862987850888321e-03
5.737701626471574702e-03
5.739541556038165945e-03
5.741359112990578398e-03
5.743175739472009336e-03
5.745014557820488262e-03
5.746865077931752504e-03
5.748724212544660019e-03
5.750579859545214972e-03
5.752451299813257993e-03
5.754334729858048836e-03
5.756223545906877410e-03
5.758116176633622414e-03
5.759995144538531710e-03
5.761883529938767110e-03
5.763771350873204621e-03
5.765656144626013502e-03
5.767531899807904622e-03
5.769397654982267969e-03
5.771250303504270665e-03
5.773092920381645531e-03
5.774911513468758591e-03
5.776727906753742134e-03
5.778531859620323653e-03
5.780348773006934761e-03
5.782164847905208079e-03
5.783998454698047707e-03
5.785852727448833124e-03
5.787716100713968456e-03
5.789573536728804745e-03
5.791407122004554181e-03
5.793237787255330062e-03
5.795063706880656910e-03
5.796907886692688472e-03
5.798748353609216831e-03
5.800609982748896123e-03
5.802475463146617926e-03
5.804343387633447045e-03
5.806209800673589605e-03
5.808064806059865491e-03
5.809917631727441571e-03
5.811771179789945382e-03
5.813649627680213955e-03
5.815536615332923126e-03
5.817439797632397401e-03
5.819347922482789696e-03
5.821274427112314680e-03
5.823205262953488545e-03
5.825140027729835274e-03
5.827083742595205208e-03
5.829029855736509759e-03
5.830982661219231457e-03
5.832955288372147253e-03
5.834929314439767610e-03
5.836900119261267429e-03
5.838869055674052178e-03
5.840848769832396661e-03
5.842823732030888624e-03
5.844801194193250185e-03
5.846768598255032770e-03
5.848743896419367552e-03
5.850720826234083113e-03
5.852701397516515448e-03
5.854693833539466839e-03
5.856690642838955144e-03
5.858680097703755467e-03
5.860662775785013476e-03
5.862635804875781197e-03
5.864596932920734286e-03
5.866584843935814669e-03
5.868578624963861207e-03
5.870564350786438949e-03
5.872557366081946478e-03
5.874548638021193439e-03
5.876543112693604146e-03
5.878550826723633743e-03
5.880567818129922054e-03
5.882593098003375577e-03
5.884599195128170472e-03
5.886578954151324740e-03
5.888565704816138731e-03
5.890568534371902303e-03
5.892575454142086507e-03
5.894574692296841029e-03
5.896584899862323398e-03
5.898593506961422213e-03
5.900605748304331433e-03
5.902616064079171075e-03
5.904623832835620249e-03
5.906635192810088565e-03
5.908644261947305215e-03
5.910655358074386016e-03
5.912665686162769940e-03
5.914678007032634494e-03
5.916702975029075086e-03
5.918731072587724018e-03
5.920765296653860039e-03
5.922816163797129524e-03
5.924865103485589535e-03
5.926920727180768310e-03
5.928975530479118489e-03
5.931042749273046470e-03
5.933115967290417993e-03
5.935208938215030816e-03
5.937298899405615664e-03
5.939386063668404374e-03
5.941475763008628383e-03
5.943547263637032757e-03
5.945615708880776576e-03
5.947691226790791617e-03
5.949756403293743508e-03
5.951806339680627833e-03
5.953852129087994563e-03
5.955902725284724537e-03
5.957963164676498280e-03
5.960026444411395050e-03
5.962081442928579382e-03
5.964148185525074315e-03
5.966227229035214567e-03
5.968318193433469129e-03
5.970420282464497692e-03
5.972530597726207272e-03
5.974653475305615954e-03
5.976762668216404999e-03
5.978857013326460343e-03
5.980963265123499274e-03
5.983062918048011672e-03
5.985157114692188536e-03
5.987246262465962046e-03
5.989324402362050659e-03
5.991400353087793403e-03
5.993485625296650181e-03
5.995577719653924324e-03
5.997668682972871236e-03
5.999764318178954850e-03
6.001873126961975238e-03
6.004015513509519328e-03
6.006161005852313738e-03
6.008286772073089324e-03
6.010408580183992065e-03
6.012544270946909748e-03
6.014692155540055096e-03
6.016848271965510864e-03
6.018999122035365891e-03
6.021150017569859049e-03
6.023300632676044028e-03
6.025443995916813546e-03
6.027579505667536412e-03
6.029708048169176923e-03
6.031839240147262964e-03
6.033971270975021020e-03
6.036115134887507297e-03
6.038254712806765713e-03
6.040403523675848090e-03
6.042564927341937883e-03
6.044734605334298704e-03
6.046904825053734181e-03
6.049102317138521819e-03
6.051306994725360461e-03
6.053507188463183065e-03
6.055709348067454464e-03
6.057925473341889584e-03
6.060142088917168032e-03
6.062346107069656667e-03
6.064545732599679016e-03
6.066714774889397400e-03
6.068872278945217948e-03
6.071038844249762069e-03
6.073214337231620623e-03
6.075384126763030274e-03
6.077556544843498026e-03
6.079710481218443020e-03
6.081873895785395306e-03
6.084023952276555389e-03
6.086175068959513539e-03
6.088330217849331760e-03
6.090478259335971832e-03
6.092622083155440661e-03
6.094765440443327895e-03
6.096918035636549049e-03
6.099065990653814925e-03
6.101199546699642012e-03
6.103328501882093922e-03
6.105472666415945673e-03
6.107631215389614648e-03
6.109769909578292163e-03
6.111916234680826211e-03
6.114054659812014764e-03
6.116193373052091625e-03
6.118331535621895217e-03
6.120474290609663817e-03
6.122628241352338040e-03
6.124778235104089835e-03
6.126925883671317623e-03
6.129069626291066761e-03
6.131204535486515714e-03
6.133350443482191161e-03
6.135505464904125045e-03
6.137668243110475097e-03
6.139809042172181090e-03
6.141948330014405065e-03
6.144088714836939448e-03
6.146227476074012444e-03
6.148357128384719650e-03
6.150493496184029560e-03
6.152632971370161283e-03
6.154787690182152854e-03
6.156952762664753658e-03
6.159119772057510163e-03
6.161261975586229331e-03
6.163400961079868769e-03
6.165549633714989541e-03
6.167705408166399006e-03
6.169867921622188174e-03
6.172009163181543800e-03
6.174132258355470408e-03
6.176262755227045903e-03
6.178396989616060167e-03
6.180530261675244892e-03
6.182670182009222283e-03
6.184830440029476933e-03
6.186995380700686074e-03
6.189175186242768488e-03
6.191365725358952479e-03
6.193552688670431183e-03
6.195722701137796988e-03
6.197876502149581197e-03
6.200020876924020909e-03
6.202158764017514335e-03
6.204289338543071165e-03
6.206407155616123009e-03
6.208515617522119764e-03
6.210631829829499698e-03
6.212743298627698696e-03
6.214844141446512239e-03
6.216957165749065033e-03
6.219065980980966780e-03
6.221163457714100169e-03
6.223277009202178231e-03
6.225397143377837950e-03
6.227521162920033118e-03
6.229653221071378144e-03
6.231798162174319311e-03
6.233945391894631614e-03
6.236076011858157804e-03
6.238191015076192600e-03
6.240308540045886448e-03
6.242417876403437774e-03
6.244531161080647298e-03
6.246636456663592213e-03
6.248735646819904982e-03
6.250834323414558406e-03
6.252934979389641358e-03
6.255037779205252155e-03
6.257127098998545821e-03
6.259201790270491235e-03
6.261258368613518629e-03
6.263311903437636906e-03
6.265351752082946868e-03
6.267384001792639797e-03
6.269426372490333535e-03
6.271466482565291392e-03
6.273495477356985130e-03
6.275543048200524048e-03
6.277590950191071217e-03
6.279659228739903690e-03
6.281722531095386419e-03
6.283818368804159997e-03
6.285920485243299063e-03
6.288017476922697427e-03
6.290097880948621045e-03
6.292193043494574006e-03
6.294304045163528864e-03
6.296420826882664391e-03
6.298535522753873246e-03
6.300634832499913025e-03
6.302731910240076674e-03
6.304848304152479294e-03
6.306959277789240398e-03
6.309076468685331264e-03
6.311192919551534934e-03
6.313315400981163970e-03
6.315435897442555485e-03
6.317567079623813246e-03
6.319695719051239731e-03
6.321806899587859192e-03
6.323890503394512252e-03
6.325970665189408100e-03
6.328041687287988201e-03
6.330105961705826886e-03
6.332151881914238958e-03
6.334185224717958640e-03
6.336223911432094930e-03
6.338272533514027057e-03
6.340306121504678261e-03
6.342347482870758918e-03
6.344380471924154427e-03
6.346410299009994961e-03
6.348452928103952286e-03
6.350486580630075074e-03
6.352514607038341546e-03
6.354527548337349056e-03
6.356518314464170219e-03
6.358509593534008436e-03
6.360504994129521222e-03
6.362513748591556995e-03
6.364544176389313503e-03
6.366597604413722945e-03
6.368663678892009551e-03
6.370740438136223219e-03
6.372808590232625567e-03
6.374873968095213887e-03
6.376938394568607352e-03
6.379004141227178140e-03
6.381065007983771631e-03
6.383122356705499961e-03
6.385175169034729668e-03
6.387225124931627390e-03
6.389274360764374446e-03
6.391331110211883985e-03
6.393395795803531213e-03
6.395457900518686754e-03
6.397533762701013843e-03
6.399615211301857946e-03
6.401685586788052884e-03
6.403767112138609476e-03
6.405863692948529642e-03
6.407960919458837931e-03
6.410048373926013204e-03
6.412130550871188335e-03
6.414195542616475329e-03
6.416266898451322351e-03
6.418372311187617654e-03
6.420488747521603881e-03
6.422616954695719096e-03
6.424740928817445663e-03
6.426843942812899592e-03
6.428937396286491489e-03
6.431013956699743045e-03
6.433094708151861248e-03
6.435199797634714308e-03
6.437316594218357897e-03
6.439449357126672720e-03
6.441590037734127965e-03
6.443721714728380991e-03
6.445843417202145806e-03
6.447942040084015877e-03
6.450044726789881146e-03
6.452147786159485691e-03
6.454257478229143488e-03
6.456376886619253491e-03
6.458464480125342827e-03
6.460553051932644772e-03
6.462654026990311863e-03
6.464765544689804466e-03
6.466874831259855280e-03
6.468965098158220399e-03
6.471056166534052377e-03
6.473148354455527179e-03
6.475225291063257081e-03
6.477281205905983767e-03
6.479351473095294224e-03
6.481417607995618863e-03
6.483479510678668081e-03
6.485545934921291104e-03
6.487602787464499289e-03
6.489634688511864043e-03
6.491644061814274592e-03
6.493642719211949535e-03
6.495635478686875332e-03
6.497629630462372838e-03
6.499628700056083765e-03
6.501633335802698734e-03
6.503638419854357831e-03
6.505635802015725597e-03
6.507616328201628990e-03
6.509578578029880276e-03
6.511525913223742933e-03
6.513481141819771857e-03
6.515416242504313074e-03
6.517365689695411683e-03
6.519314077385785292e-03
6.521253936698057953e-03
6.523201306881401540e-03
6.525151262868884514e-03
6.527094419128112203e-03
6.529033005223180454e-03
6.530962265289828698e-03
6.532888132591964901e-03
6.534823554473810983e-03
6.536753656466832464e-03
6.538690049217814500e-03
6.540634486408139492e-03
6.542587299537982841e-03
6.544533085340261715e-03
6.546466171810269054e-03
6.548391285417664957e-03
6.550309935155272482e-03
6.552212161332233130e-03
6.554102841522841880e-03
6.555996350924734282e-03
6.557902753011263589e-03
6.559799280366171957e-03
6.561705413033709806e-03
6.563617341444486289e-03
6.565543084871738183e-03
6.567480602563852653e-03
6.569418313445756809e-03
6.571335466804975080e-03
6.573270244076973891e-03
6.575228108449763728e-03
6.577191983934515054e-03
6.579156378440305201e-03
6.581131115107198559e-03
6.583123854493158275e-03
6.585116029185883110e-03
6.587078497404841824e-03
6.589036108220537070e-03
6.590984229409933143e-03
6.592934521848683137e-03
6.594885012597912280e-03
6.596836650921461716e-03
6.598776784614145130e-03
6.600710147544201767e-03
6.602651004080907667e-03
6.604600932648003499e-03
6.606557485922217275e-03
6.608506502594591048e-03
6.610440433250716966e-03
6.612390470199953733e-03
6.614339670034022518e-03
6.616265216599823661e-03
6.618202985801027727e-03
6.620149194239008210e-03
6.622079222188690523e-03
6.624005926882899076e-03
6.625929195055532510e-03
6.627849927002597841e-03
6.629771518789012198e-03
6.631702030855916516e-03
6.633639802638333603e-03
6.635573984269737408e-03
6.637509843650524211e-03
6.639467825477078644e-03
6.641442510047006371e-03
6.643437112124758563e-03
6.645429362478741907e-03
6.647414455939021707e-03
6.649389293494021962e-03
6.651352196852328841e-03
6.653310616367366821e-03
6.655261034362530172e-03
6.657177086570350948e-03
6.659087331836352833e-03
6.661005271995488856e-03
6.662899502894355404e-03
6.664797138263706990e-03
6.666704602297204157e-03
6.668617388377927856e-03
6.670516066561622999e-03
6.672408895902846165e-03
6.674290735601428118e-03
6.676161343159740975e-03
6.678031199907207179e-03
6.679905258278831352e-03
6.681783200455906381e-03
6.683650137234237176e-03
6.685520787522116447e-03
6.687392654836098876e-03
6.689258463693649459e-03
6.691112521465564233e-03
6.692951645718391018e-03
6.694790961105633390e-03
6.696623997521917136e-03
6.698459486503052611e-03
6.700311387387900865e-03
6.702168419364850672e-03
6.704024148882999079e-03
6.705880101802950619e-03
6.707723061756370488e-03
6.709574701135411282e-03
6.711425734245435315e-03
6.713267682992793590e-03
6.715106091029648429e-03
6.716952473460983085e-03
6.718808070419315936e-03
6.720662930327842184e-03
6.722495304584281614e-03
6.724326711167153900e-03
6.726153516335655128e-03
6.727958522655454535e-03
6.729774742393405430e-03
6.731593307825729441e-03
6.733420164113559057e-03
6.735258659429253433e-03
6.737107225567836102e-03
6.738956911439118562e-03
6.740818129739245372e-03
6.742672831561686599e-03
6.744527201026325088e-03
6.746380649825712075e-03
6.748240664442457619e-03
6.750082025353687162e-03
6.751902785976123325e-03
6.753723583266217981e-03
6.755555888960890036e-03
6.757408075969620689e-03
6.759252935810436402e-03
6.761099067779543711e-03
6.762945831912602415e-03
6.764819608620502127e-03
6.766714491878988123e-03
6.768619166616671873e-03
6.770532576919747331e-03
6.772441283268835176e-03
6.774359824299216321e-03
6.776280804382993350e-03
6.778204929196653995e-03
6.780120559181541939e-03
6.782037819037046826e-03
6.783961541353234620e-03
6.785886005009736203e-03
6.787805163935721822e-03
6.789735345754944508e-03
6.791674189886624802e-03
6.793615584359047506e-03
6.795563498787964181e-03
6.797521974415011298e-03
6.799488461179375304e-03
6.801434910102704436e-03
6.803383417276745795e-03
6.805333178019459632e-03
6.807286810203946534e-03
6.809259398886793185e-03
6.811258011647797032e-03
6.813261183551871762e-03
6.815257862680623897e-03
6.817262622022006967e-03
6.819255762460594422e-03
6.821247763065763255e-03
6.823258286527021307e-03
6.825267738891329511e-03
6.827276211217139443e-03
6.829273220747917629e-03
6.831277389982777157e-03
6.833302149614292609e-03
6.835338308253638591e-03
6.837378294979257025e-03
6.839402859887990307e-03
6.841413928819326321e-03
6.843438485782272346e-03
6.845474089876239093e-03
6.847521190533597223e-03
6.849587162001373117e-03
6.851660990347608476e-03
6.853747537990677492e-03
6.855845146187246504e-03
6.857947028033620218e-03
6.860032890013519763e-03
6.862115790471991911e-03
6.864198699656823971e-03
6.866261615039645320e-03
6.868324019540395647e-03
6.870385420520891233e-03
6.872443872315998729e-03
6.874499161515869317e-03
6.876573994115228912e-03
6.878662230717251524e-03
6.880749560853573893e-03
6.882850441725031805e-03
6.884969840941142574e-03
6.887077608728928504e-03
6.889180548803499129e-03
6.891275776082208572e-03
6.893354574713577050e-03
6.895444707234309883e-03
6.897534589812637403e-03
6.899637830112315823e-03
6.901730299416464730e-03
6.903815716373534056e-03
6.905903341135929963e-03
6.907991760212440352e-03
6.910061129975640822e-03
6.912138876448713047e-03
6.914220440144240934e-03
6.916301792836102892e-03
6.918391451227519189e-03
6.920486494928634533e-03
6.922576439008502024e-03
6.924654147216924988e-03
6.926738617405702077e-03
6.928804501373755226e-03
6.930859523079231123e-03
6.932919755051098094e-03
6.934984365287433054e-03
6.937050290103416277e-03
6.939111258529425709e-03
6.941160703301330406e-03
6.943215740733956788e-03
6.945282086408936968e-03
6.947346160413315520e-03
6.949407121032131693e-03
6.951490582651812487e-03
6.953568041090168843e-03
6.955630807130299201e-03
6.957702479147969202e-03
6.959783700249328776e-03
6.961874850777005977e-03
6.963949761441054834e-03
6.966006241638491615e-03
6.968058502812462737e-03
6.970102254659720116e-03
6.972145621479491039e-03
6.974182653991449314e-03
6.976209422484282510e-03
6.978237619418841721e-03
6.980252251336065833e-03
6.982267688458224791e-03
6.984288744258163734e-03
6.986300438209918848e-03
6.988315360992327328e-03
6.990325115610504167e-03
6.992326815848242359e-03
6.994336216301774538e-03
6.996331963024152341e-03
6.998334589927357983e-03
7.000342770449538045e-03
7.002356158525721574e-03
7.004361795542877848e-03
7.006358199496071429e-03
7.008343517691778546e-03
7.010340062085975571e-03
7.012322428273696541e-03
7.014286779841645038e-03
7.016257794435119821e-03
7.018222711425524570e-03
7.020198513550665598e-03
7.022185553772934859e-03
7.024186368712432085e-03
7.026214691883092729e-03
7.028262002961136075e-03
7.030308263762683439e-03
7.032355559855549623e-03
7.034388504431480886e-03
7.036422816471450854e-03
7.038453373190076134e-03
7.040461829365713721e-03
7.042476119640558516e-03
7.044477358122957014e-03
7.046465971353698884e-03
7.048459463473421074e-03
7.050443832753728809e-03
7.052416619925980928e-03
7.054376115121980748e-03
7.056325610228546957e-03
7.058287002841260975e-03
7.060264176364207216e-03
7.062252994170082829e-03
7.064241296983351723e-03
7.066223780555049364e-03
7.068200334136895413e-03
7.070186138164364503e-03
7.072169103198407830e-03
7.074151193622298626e-03
7.076153118879995214e-03
7.078145059907880836e-03
7.080118365245185487e-03
7.082098587832022854e-03
7.084074458544827209e-03
7.086045608204754806e-03
7.088004325818587567e-03
7.089950866663806937e-03
7.091884474752725535e-03
7.093804130183374058e-03
7.095693182148193369e-03
7.097564926372592134e-03
7.099423855995117341e-03
7.101281181238122686e-03
7.103132397606760733e-03
7.104975196072931681e-03
7.106812826355830663e-03
7.108651343313593385e-03
7.110493547942230499e-03
7.112326331474163633e-03
7.114152504836971161e-03
7.115998649791329365e-03
7.117841792995921284e-03
7.119684535191531105e-03
7.121521694726387977e-03
7.123355288111642668e-03
7.125167472238192086e-03
7.126978769479094984e-03
7.128799787097538955e-03
7.130631971051881388e-03
7.132486869776662533e-03
7.134346189941728755e-03
7.136198223882976241e-03
7.138034592402951913e-03
7.139873032904638789e-03
7.141698841027255794e-03
7.143520641031473120e-03
7.145344739709941391e-03
7.147179509925606980e-03
7.149012638043739098e-03
7.150857168037319349e-03
7.152687790476975997e-03
7.154518594431556397e-03
7.156349014090922223e-03
7.158170151040450270e-03
7.159981282435740751e-03
7.161793855238966083e-03
7.163625317431554854e-03
7.165465450563263984e-03
7.167309146804218267e-03
7.169135178780711680e-03
7.170946132018688607e-03
7.172743660973019894e-03
7.174547726605987920e-03
7.176358574818295262e-03
7.178194141620570026e-03
7.180016551615913539e-03
7.181813666978634214e-03
7.183603166040576464e-03
7.185421533774019771e-03
7.187234600333245599e-03
7.189037784380332939e-03
7.190848180128352023e-03
7.192653317383286560e-03
7.194456299685140534e-03
7.196266984632880212e-03
7.198073859599089970e-03
7.199873549381041390e-03
7.201687524444066318e-03
7.203525195242099950e-03
7.205370064128054433e-03
7.207207829862585964e-03
7.209049758062120380e-03
7.210882897364058984e-03
7.212710349574338875e-03
7.214545538605745233e-03
7.216385464175494556e-03
7.218228874547063384e-03
7.220064291541712642e-03
7.221904736357712996e-03
7.223751992584482098e-03
7.225604722932702471e-03
7.227445391014372666e-03
7.229291491454147012e-03
7.231137076481369309e-03
7.232986921309970431e-03
7.234836690798369593e-03
7.236672614786406228e-03
7.238515160662514596e-03
7.240357539204047080e-03
7.242196588487010214e-03
7.244023385206741980e-03
7.245851478367809108e-03
7.247687944085955299e-03
7.249518341485551576e-03
7.251328037515021065e-03
7.253131324482466405e-03
7.254938062999911549e-03
7.256761509525353794e-03
7.258588577446070840e-03
7.260396409726394863e-03
7.262188394818611982e-03
7.263991109266434466e-03
7.265814913490351717e-03
7.267647659778117900e-03
7.269472532444327256e-03
7.271288497570552352e-03
7.273101944548001144e-03
7.274918789436209121e-03
7.276751155062493800e-03
7.278575976608232453e-03
7.280415323293153683e-03
7.282257440983539928e-03
7.284088160211749444e-03
7.285916792260265125e-03
7.287754407071889672e-03
7.289572585055419281e-03
7.291390512292541745e-03
7.293228510913338236e-03
7.295067175446387150e-03
7.296901886431853869e-03
7.298734720063377278e-03
7.300571100920462582e-03
7.302412021364092232e-03
7.304248323403097001e-03
7.306080230809564556e-03
7.307911471113516522e-03
7.309733093795551737e-03
7.311554060242611737e-03
7.313393411757075982e-03
7.315225590915911541e-03
7.317044285734383181e-03
7.318863123836972032e-03
7.320685736127272372e-03
7.322517794029143393e-03
7.324342548632904043e-03
7.326145126356571093e-03
7.327951546833027727e-03
7.329758057584893904e-03
7.331571722382575033e-03
7.333370287598265161e-03
7.335171020976393938e-03
7.336989094633335380e-03
7.338804723488957099e-03
7.340609893076144830e-03
7.342406983975004013e-03
7.344202632967912654e-03
7.346001124491112304e-03
7.347802571738744522e-03
7.349603749066528115e-03
7.351418799611566385e-03
7.353244772273058970e-03
7.355082753421059681e-03
7.356930347234229457e-03
7.358790703444354452e-03
7.360649663246976795e-03
7.362504059646970273e-03
7.364350221157914440e-03
7.366184159278772910e-03
7.367982509331406395e-03
7.369750833140308044e-03
7.371516947131043565e-03
7.373267969558813632e-03
7.375013016596165989e-03
7.376749117342375553e-03
7.378478869664389928e-03
7.380209221128965387e-03
7.381954765773641146e-03
7.383701238346428858e-03
7.385447745110692609e-03
7.387186240696477085e-03
7.388926848408101239e-03
7.390661054550238217e-03
7.392390266418418128e-03
7.394128865900975733e-03
7.395874862140796452e-03
7.397618804290190773e-03
7.399375634401554429e-03
7.401136633923329627e-03
7.402919217078851415e-03
7.404709317849950991e-03
7.406518847426609743e-03
7.408327956090960016e-03
7.410130195776581594e-03
7.411942307324675613e-03
7.413746173710739941e-03
7.415550170403828120e-03
7.417350809156508795e-03
7.419147915932074178e-03
7.420960252279121087e-03
7.422777214099353024e-03
7.424607316595335620e-03
7.426439987904126516e-03
7.428276134446643204e-03
7.430100385925167937e-03
7.431933770861962746e-03
7.433771050340590679e-03
7.435601647845044987e-03
7.437438172384720422e-03
7.439276719351082916e-03
7.441132384477043560e-03
7.442983068874195647e-03
7.444844009225287142e-03
7.446728686063837366e-03
7.448619728372795311e-03
7.450515306618208690e-03
7.452408992133294566e-03
7.454311814164817952e-03
7.456190430997674742e-03
7.458064613155208390e-03
7.459963713807624998e-03
7.461883773496727490e-03
7.463802636049357564e-03
7.465715539082563683e-03
7.467628337539899269e-03
7.469545141731195534e-03
7.471458286464975271e-03
7.473368580922143921e-03
7.475259072611812987e-03
7.477141774958573524e-03
7.479013476267832097e-03
7.480884304783885774e-03
7.482753837053902728e-03
7.484630059558965327e-03
7.486512694802096787e-03
7.488394188754625425e-03
7.490273896986465556e-03
7.492152441456132253e-03
7.494037299483784394e-03
7.495954264417340439e-03
7.497888995594864658e-03
7.499793445578777258e-03
7.501672620190945502e-03
7.503554883733201154e-03
7.505436830710752669e-03
7.507315683685253892e-03
7.509203820907217955e-03
7.511118249518246998e-03
7.513032744669821683e-03
7.514943714427564474e-03
7.516862900544380409e-03
7.518787692031375647e-03
7.520709451278896618e-03
7.522638178894309850e-03
7.524561397809330539e-03
7.526495082237774983e-03
7.528423783217105120e-03
7.530352446377949933e-03
7.532287893949331584e-03
7.534229916081715620e-03
7.536148166372032796e-03
7.538050149639336645e-03
7.539951301127586006e-03
7.541871289226400980e-03
7.543796103263484751e-03
7.545709949135461468e-03
7.547621270946463200e-03
7.549507072429286099e-03
7.551397684942012453e-03
7.553287998676013089e-03
7.555184757778253719e-03
7.557098500565728565e-03
7.558999423281849081e-03
7.560900670026109854e-03
7.562783185977479949e-03
7.564655187757867404e-03
7.566511590235206787e-03
7.568371885407349821e-03
7.570237767468751371e-03
7.572081972947806126e-03
7.573913609960734525e-03
7.575747121053678229e-03
7.577587451862584887e-03
7.579439298374531127e-03
7.581311379874197502e-03
7.583181383638815630e-03
7.585052702907687031e-03
7.586901347048139420e-03
7.588731448499794197e-03
7.590558822926205332e-03
7.592394888421553044e-03
7.594211353847588400e-03
7.595994419803227780e-03
7.597768450637202436e-03
7.599528753292038481e-03
7.601269103729916925e-03
7.603023767548295307e-03
7.604787631151380296e-03
7.606539088128692547e-03
7.608302674632005588e-03
7.610075172844061979e-03
7.611847168829287934e-03
7.613616513774078103e-03
7.615396160842056658e-03
7.617172234339180184e-03
7.618938700016308387e-03
7.620684828432940268e-03
7.622422141249730887e-03
7.624147321873205561e-03
7.625887352177560148e-03
7.627615478894328623e-03
7.629326836784490300e-03
7.631023042231575675e-03
7.632709466894370062e-03
7.634387575564364689e-03
7.636048163070917327e-03
7.637689210560411578e-03
7.639317086512832124e-03
7.640944653601750187e-03
7.642570329732216797e-03
7.644179712183851901e-03
7.645773555255169773e-03
7.647340839619641908e-03
7.648891782594573890e-03
7.650448038490400768e-03
7.652014457398376504e-03
7.653592819464650511e-03
7.655183914686947144e-03
7.656773817214583729e-03
7.658360143065721069e-03
7.659956161817640767e-03
7.661582189095544025e-03
7.663207241078166115e-03
7.664833309019150782e-03
7.666475560178813778e-03
7.668121780739109612e-03
7.669758090670504569e-03
7.671392300310191613e-03
7.673034792980233144e-03
7.674684220482808419e-03
7.676324227776936196e-03
7.677954929721330160e-03
7.679577958082964458e-03
7.681211381886402130e-03
7.682839431164442158e-03
7.684466655241607540e-03
7.686102641882450182e-03
7.687764851746258302e-03
7.689432566672254644e-03
7.691097188454211475e-03
7.692774957547965711e-03
7.694444998240563063e-03
7.696121558228664894e-03
7.697806726310967712e-03
7.699499466966684344e-03
7.701184169858195892e-03
7.702883240635711656e-03
7.704570835145190845e-03
7.706248633767761973e-03
7.707929024946547948e-03
7.709612187472108386e-03
7.711299977630460545e-03
7.712998743386440502e-03
7.714696538420367372e-03
7.716397648230343374e-03
7.718082377238855846e-03
7.719775306305802672e-03
7.721458253930812629e-03
7.723147670476612249e-03
7.724857353675401370e-03
7.726567813876407398e-03
7.728294175302349162e-03
7.729998488310874452e-03
7.731703826596388052e-03
7.733409264228185455e-03
7.735117609875764161e-03
7.736809858701367698e-03
7.738511120447862622e-03
7.740219743391284733e-03
7.741935729862095376e-03
7.743674160810763880e-03
7.745406375223909054e-03
7.747137507469871107e-03
7.748881859809562088e-03
7.750636887260356316e-03
7.752402007411059864e-03
7.754157534128142994e-03
7.755905342300485270e-03
7.757658643475627558e-03
7.759408507468410800e-03
7.761156048884355722e-03
7.762885550559054694e-03
7.764606359653903299e-03
7.766319627987400623e-03
7.768037211039546287e-03
7.769760956539367366e-03
7.771500042475502912e-03
7.773225858425486870e-03
7.774942798308468773e-03
7.776634084426662860e-03
7.778338797418164578e-03
7.780037249529267104e-03
7.781743081159334281e-03
7.783460677324428173e-03
7.785177188833805259e-03
7.786893938979519598e-03
7.788621166839675668e-03
7.790349118176888646e-03
7.792087805930099191e-03
7.793829385946415833e-03
7.795564159379072926e-03
7.797285399186541614e-03
7.799013139360636351e-03
7.800728091833607387e-03
7.802443180550839956e-03
7.804153144211187568e-03
7.805868770782098398e-03
7.807589977050757336e-03
7.809304679277352668e-03
7.811016154954542740e-03
7.812712604073937875e-03
7.814420678486418831e-03
7.816130225648743740e-03
7.817848780522256708e-03
7.819561851631091215e-03
7.821265875712407958e-03
7.822948479940113400e-03
7.824632572800296546e-03
7.826326399392988936e-03
7.828030933568373359e-03
7.829744490461382905e-03
7.831452803237177324e-03
7.833159695310634718e-03
7.834871651238268370e-03
7.836580089008672936e-03
7.838267725782364220e-03
7.839944265106467761e-03
7.841625143855134039e-03
7.843302919793208525e-03
7.844982399362099290e-03
7.846664928780553924e-03
7.848355892862075509e-03
7.850035289130105273e-03
7.851711008047018714e-03
7.853369906454545774e-03
7.855030897572475371e-03
7.856689755977679795e-03
7.858316399087328027e-03
7.859937154076603039e-03
7.861571294266558527e-03
7.863210970998480223e-03
7.864849094760314324e-03
7.866511612249696764e-03
7.868171289008879521e-03
7.869841302689507823e-03
7.871508758160453839e-03
7.873198372601784151e-03
7.874898328787793833e-03
7.876604908953744461e-03
7.878302297095164664e-03
7.879984469880677370e-03
7.881665873418467264e-03
7.883352426416587524e-03
7.885059221994554501e-03
7.886765202065337127e-03
7.888457498960256553e-03
7.890151746131821020e-03
7.891855444314721871e-03
7.893558787535006130e-03
7.895261726352966261e-03
7.896949542317640777e-03
7.898623349374259139e-03
7.900276583509549186e-03
7.901927518833878200e-03
7.903566818942364333e-03
7.905225194800937633e-03
7.906899766715193290e-03
7.908599893088241045e-03
7.910313540690347076e-03
7.912036535765890749e-03
7.913765818185361164e-03
7.915498495210013599e-03
7.917222279015896994e-03
7.918944031277744960e-03
7.920671890856864628e-03
7.922395641902613139e-03
7.924114810785993362e-03
7.925815551437790513e-03
7.927515132973331560e-03
7.929221219533736861e-03
7.930902126012825265e-03
7.932568312697131294e-03
7.934239702379565148e-03
7.935911219482737894e-03
7.937603308607207170e-03
7.939289092382778926e-03
7.940969348497034161e-03
7.942639600838000483e-03
7.944299014157869473e-03
7.945946638823867675e-03
7.947593621219748578e-03
7.949245170035333652e-03
7.950892202346097545e-03
7.952554937784675135e-03
7.954230164243484766e-03
7.955890318760599697e-03
7.957545742735085137e-03
7.959201766761325389e-03
7.960850258723582706e-03
7.962490273765642987e-03
7.964146855793045876e-03
7.965813400687882587e-03
7.967481747063102568e-03
7.969147024884897304e-03
7.970811878662548491e-03
7.972472651904840418e-03
7.974118339692455246e-03
7.975759333088455055e-03
7.977407026196878595e-03
7.979040955976500829e-03
7.980692386766768953e-03
7.982360267116675109e-03
7.984040747410372715e-03
7.985728769458773704e-03
7.987394467359337086e-03
7.989051616912769618e-03
7.990710095491763629e-03
7.992383947782047762e-03
7.994064768349627356e-03
7.995751101338306396e-03
7.997466492224757431e-03
7.999188301047387498e-03
8.000916193990608577e-03
8.002654321952552829e-03
8.004396291694191798e-03
8.006151086133726433e-03
8.007903609490588451e-03
8.009660968503114556e-03
8.011426793261890514e-03
8.013204049180752686e-03
8.015005940904077267e-03
8.016818161110881788e-03
8.018637272441871480e-03
8.020460305006450741e-03
8.022274486346823302e-03
8.024085238447768720e-03
8.025866365132033539e-03
8.027653051861117009e-03
8.029432145276734628e-03
8.031207448073009528e-03
8.032975511527835205e-03
8.034733619167450450e-03
8.036498568662170730e-03
8.038260806670641939e-03
8.040015728198584080e-03
8.041774752916846722e-03
8.043532694899454757e-03
8.045289318823409253e-03
8.047026838742324384e-03
8.048774617173211701e-03
8.050527480028959321e-03
8.052285299009009564e-03
8.054053554629637610e-03
8.055840163409913948e-03
8.057627541138250027e-03
8.059407132605890881e-03
8.061153501033856486e-03
8.062898039578662163e-03
8.064663946634782407e-03
8.066436453238918364e-03
8.068209163422138466e-03
8.069983716867748513e-03
8.071760165546908519e-03
8.073540812821761864e-03
8.075330115410327483e-03
8.077117225486325769e-03
8.078903068297612483e-03
8.080692783035315838e-03
8.082487253155877516e-03
8.084285319528292796e-03
8.086093745140616670e-03
8.087901998638456422e-03
8.089719438008007024e-03
8.091514097129744523e-03
8.093296893987784665e-03
8.095072585162168752e-03
8.096855962976630752e-03
8.098634387385348146e-03
8.100406256969677407e-03
8.102166594403874267e-03
8.103926832302512512e-03
8.105686509413023016e-03
8.107436482821245641e-03
8.109188688024480951e-03
8.110952690668924228e-03
8.112707425516153814e-03
8.114466927902658222e-03
8.116243479270587174e-03
8.118017808673546470e-03
8.119778837940650265e-03
8.121529619090409741e-03
8.123268592140447247e-03
8.125005297065808832e-03
8.126728535444065551e-03
8.128411507308889658e-03
8.130094471039775797e-03
8.131782614836774101e-03
8.133474882204651257e-03
8.135169911969815024e-03
8.136870540110472880e-03
8.138568969194820424e-03
8.140272529351132852e-03
8.141981735969774231e-03
8.143711524443528194e-03
8.145457965846522597e-03
8.147215861934568176e-03
8.148978430644722437e-03
8.150742349103349410e-03
8.152514916869472300e-03
8.154278532365133794e-03
8.156043229979021911e-03
8.157804808576456929e-03
8.159574327892915244e-03
8.161350174310908964e-03
8.163122435060145982e-03
8.164903624613747274e-03
8.166680277338635510e-03
8.168433954203704883e-03
8.170177883154961310e-03
8.171899058641905397e-03
8.173614140649675119e-03
8.175315955135861734e-03
8.177019822421313991e-03
8.178720495442014238e-03
8.180399013504527014e-03
8.182062930575436516e-03
8.183715224671062397e-03
8.185370327873378593e-03
8.187031121187678812e-03
8.188696258497477412e-03
8.190352570039300187e-03
8.191998550646013844e-03
8.193625128833040977e-03
8.195238794212123673e-03
8.196839901438943490e-03
8.198446644332214178e-03
8.200048943181555139e-03
8.201623335918842989e-03
8.203200099018341171e-03
8.204779379149224755e-03
8.206357194005212130e-03
8.207932050592807102e-03
8.209531515051939413e-03
8.211121435433468840e-03
8.212710567138580692e-03
8.214298898560063247e-03
8.215883125210573026e-03
8.217453450546379282e-03
8.219004011499162973e-03
8.220541136954247902e-03
8.222068542968599680e-03
8.223597186732293715e-03
8.225123550515047594e-03
8.226639107106350698e-03
8.228147033685852610e-03
8.229666149985914378e-03
8.231185661677999088e-03
8.232681922360316970e-03
8.234175142575376680e-03
8.235672980730518802e-03
8.237170031172030490e-03
8.238681113579537571e-03
8.240197455245392918e-03
8.241715231020607310e-03
8.243238133958111918e-03
8.244784505249418485e-03
8.246345768992141209e-03
8.247916223505073058e-03
8.249476147438521839e-03
8.251018799684053939e-03
8.252568057849912417e-03
8.254131040955280454e-03
8.255689484760044689e-03
8.257242152415194755e-03
8.258803860303557884e-03
8.260369695885689395e-03
8.261925008169324416e-03
8.263469222351106994e-03
8.265019938001124875e-03
8.266581262863765753e-03
8.268151381649430434e-03
8.269713502673874464e-03
8.271302004767423777e-03
8.272901574875573399e-03
8.274485238103004153e-03
8.276063073705312856e-03
8.277652547986994250e-03
8.279249634892770979e-03
8.280851927326703804e-03
8.282455008435106111e-03
8.284073027946566373e-03
8.285686746669778530e-03
8.287294375489097017e-03
8.288920450104044282e-03
8.290551827085910347e-03
8.292182651645869582e-03
8.293829047991039052e-03
8.295493253882372728e-03
8.297161469594265329e-03
8.298841405572795343e-03
8.300531127262110453e-03
8.302237815293043652e-03
8.303941967801356863e-03
8.305636252181856916e-03
8.307317072385992859e-03
8.309004460709843581e-03
8.310700060551214075e-03
8.312383883063288736e-03
8.314070979881491713e-03
8.315774026450945336e-03
8.317471022713247841e-03
8.319156533134261858e-03
8.320853470835934060e-03
8.322567111472457466e-03
8.324291103291768523e-03
8.326020860567039453e-03
8.327759173602691800e-03
8.329502767700901894e-03
8.331259281888419438e-03
8.332996300906518952e-03
8.334750809656586712e-03
8.336511386488068553e-03
8.338293582141597174e-03
8.340085416872866642e-03
8.341887251075775708e-03
8.343691308052148328e-03
8.345508491793047004e-03
8.347325753645528854e-03
8.349142050406158783e-03
8.350971480178029718e-03
8.352823535375942035e-03
8.354674384134123249e-03
8.356499600058117649e-03
8.358319946502001246e-03
8.360145991520359990e-03
8.361985521149261497e-03
8.363835175685511297e-03
8.365683197067166899e-03
8.367515130407846696e-03
8.369321428107943939e-03
8.371130437230443755e-03
8.372939604139614453e-03
8.374757095469229778e-03
8.376578041421528509e-03
8.378401143626881820e-03
8.380234335303632376e-03
8.382088075912109276e-03
8.383965816966765239e-03
8.385853414103963330e-03
8.387742721666360465e-03
8.389622639655982053e-03
8.391521146338757828e-03
8.393433490256299589e-03
8.395333030619272358e-03
8.397224430435251685e-03
8.399127339008809895e-03
8.401037436058531385e-03
8.402939686750704809e-03
8.404836976014148572e-03
8.406726885341284441e-03
8.408609835461284404e-03
8.410486161577180458e-03
8.412368976836392953e-03
8.414252400466134749e-03
8.416118854318380138e-03
8.417984068202835624e-03
8.419865937992206811e-03
8.421757082546313736e-03
8.423662231175677723e-03
8.425575747752232780e-03
8.427485752254602544e-03
8.429398153098123861e-03
8.431307421251846637e-03
8.433207605726120160e-03
8.435108792959854218e-03
8.437008193184443450e-03
8.438912072010223975e-03
8.440814553740847923e-03
8.442708427468706422e-03
8.444609115308551392e-03
8.446503335146796770e-03
8.448394742800941978e-03
8.450283247088930319e-03
8.452152119013383452e-03
8.454022979720487302e-03
8.455881432807631909e-03
8.457730334314645521e-03
8.459589546768245261e-03
8.461479548243664925e-03
8.463409626729891805e-03
8.465344036524432431e-03
8.467291804679609457e-03
8.469253726164482216e-03
8.471203995124056141e-03
8.473145032329078286e-03
8.475087562183706777e-03
8.477042525482970242e-03
8.478994881925916091e-03
8.480963275374262672e-03
8.482953860673604976e-03
8.484949870639366468e-03
8.486939325149723753e-03
8.488941742389686032e-03
8.490947358627334851e-03
8.492943790171970583e-03
8.494909399244352996e-03
8.496875517789215237e-03
8.498846126366204831e-03
8.500839722615940661e-03
8.502842802118616358e-03
8.504843860075991108e-03
8.506839660699865024e-03
8.508853492312314429e-03
8.510883045811606581e-03
8.512920651932742375e-03
8.514956328739144154e-03
8.516998289959203799e-03
8.519047378701809572e-03
8.521096430427754775e-03
8.523138397120192181e-03
8.525167375442704865e-03
8.527187579894970892e-03
8.529199494531031905e-03
8.531203362662461917e-03
8.533198816474352189e-03
8.535189098221561410e-03
8.537174675752509309e-03
8.539139337882551209e-03
8.541106759185798994e-03
8.543073915600956150e-03
8.545038219711397973e-03
8.546975039494317597e-03
8.548892872783842370e-03
8.550815747337292549e-03
8.552735224296052763e-03
8.554648987395822857e-03
8.556549147566970895e-03
8.558453053175813299e-03
8.560370605939103886e-03
8.562290685671764337e-03
8.564211888862591562e-03
8.566143381672287546e-03
8.568062205255699143e-03
8.569986130999298138e-03
8.571908877430728380e-03
8.573828579981452105e-03
8.575728125984142733e-03
8.577615011620803517e-03
8.579494091593649341e-03
8.581379077577723849e-03
8.583257183132048107e-03
8.585144456489123693e-03
8.587041256101711137e-03
8.588928187657001931e-03
8.590791725446056057e-03
8.592644508736126119e-03
8.594508089198666517e-03
8.596391392874871626e-03
8.598293940879679631e-03
8.600202852866030770e-03
8.602106796548866785e-03
8.604010102288301570e-03
8.605922293101617854e-03
8.607830418989010496e-03
8.609734367664267918e-03
8.611643581293808650e-03
8.613553926991911538e-03
8.615464526862707736e-03
8.617368545109789155e-03
8.619266808917379688e-03
8.621162151666078924e-03
8.623066099779103794e-03
8.624957333924987424e-03
8.626851210018786700e-03
8.628749080694391935e-03
8.630644670887765296e-03
8.632517023578421475e-03
8.634388849137652339e-03
8.636261056013528128e-03
8.638145311702524753e-03
8.640038901389273177e-03
8.641938933003001297e-03
8.643829100800703297e-03
8.645720739699503873e-03
8.647601944908316074e-03
8.649474751548725041e-03
8.651334017058675760e-03
8.653187484023418252e-03
8.655046747110511918e-03
8.656890968392423960e-03
8.658729953453953368e-03
8.660556987006363602e-03
8.662359320045288566e-03
8.664168263062590677e-03
8.665972817803483871e-03
8.667785085005185949e-03
8.669604012586196867e-03
8.671410068128262635e-03
8.673229240674778032e-03
8.675045449624715216e-03
8.676863934434977249e-03
8.678674339609176655e-03
8.680479814047689993e-03
8.682299620730219922e-03
8.684121580502164942e-03
8.685936091364400424e-03
8.687733096014615963e-03
8.689523055335046653e-03
8.691323066683374898e-03
8.693106039713306352e-03
8.694868363317488635e-03
8.696631808099779606e-03
8.698399047608327758e-03
8.700173228112912521e-03
8.701949223524605564e-03
8.703715780832867871e-03
8.705467453514598858e-03
8.707225539569832251e-03
8.708980877024152800e-03
8.710737382167325210e-03
8.712491597149648465e-03
8.714261551379528029e-03
8.716030342990033555e-03
8.717803625848315544e-03
8.719578671571205294e-03
8.721339978006807311e-03
8.723104164045840034e-03
8.724861651809450586e-03
8.726636492136915710e-03
8.728397787705578434e-03
8.730160135344748260e-03
8.731945673685457751e-03
8.733738692955366270e-03
8.735536469013996386e-03
8.737332049001695494e-03
8.739133970155178038e-03
8.740940662969523892e-03
8.742743822704106965e-03
8.744563028057343243e-03
8.746369989606709444e-03
8.748177335231983875e-03
8.749989833141414916e-03
8.751807001463817251e-03
8.753625299034496071e-03
8.755426134223963722e-03
8.757220208292547728e-03
8.758991973840862810e-03
8.760772754369979681e-03
8.762550020476076590e-03
8.764310729901114358e-03
8.766062071267510802e-03
8.767804030469155546e-03
8.769544492038155656e-03
8.771270274754047053e-03
8.773001652588062471e-03
8.774752766473159493e-03
8.776510142851755986e-03
8.778285779537689862e-03
8.780041070456309771e-03
8.781788323262450235e-03
8.783549615995082938e-03
8.785319897743889411e-03
8.787088105860613868e-03
8.788860335815190661e-03
8.790641981648320002e-03
8.792421899946032543e-03
8.794197306853754337e-03
8.795977556771259268e-03
8.797771540050746547e-03
8.799566724892278133e-03
8.801365661814703964e-03
8.803172704924498715e-03
8.804970758767740116e-03
8.806766101806046826e-03
8.808561263920525533e-03
8.810349181126929732e-03
8.812161141944245199e-03
8.813994918462996972e-03
8.815840967945081860e-03
8.817680539290096570e-03
8.819511885589608954e-03
8.821339944111133979e-03
8.823160445405880611e-03
8.824975290364056243e-03
8.826784648313219794e-03
8.828591466991232359e-03
8.830397636393105126e-03
8.832205461078308437e-03
8.834021023947140339e-03
8.835828134156011385e-03
8.837647564114542095e-03
8.839470356862165132e-03
8.841291441287896236e-03
8.843118707372145740e-03
8.844944656382004722e-03
8.846773338230798020e-03
8.848595727290542792e-03
8.850421761121428713e-03
8.852239790498764999e-03
8.854071341536462122e-03
8.855924329864149278e-03
8.857792459051706119e-03
8.859662844518034416e-03
8.861547849539481297e-03
8.863427060654986353e-03
8.865310202841597195e-03
8.867200669107087874e-03
8.869097594646425248e-03
8.870996817486974731e-03
8.872900429546562787e-03
8.874807314535829855e-03
8.876690577662620443e-03
8.878578286922638244e-03
8.880452378990192144e-03
8.882336865219386812e-03
8.884208522886039364e-03
8.886090474377683970e-03
8.887969405989962907e-03
8.889840323034383512e-03
8.891722599606981595e-03
8.893619056980118717e-03
8.895532766210642941e-03
8.897448246503398064e-03
8.899345414890749706e-03
8.901229404834282502e-03
8.903104286035645049e-03
8.904988135129613194e-03
8.906886330643822361e-03
8.908807704907800024e-03
8.910740357221766383e-03
8.912658285967432412e-03
8.914579177748280236e-03
8.916501881916125485e-03
8.918432045865827204e-03
8.920363754611537049e-03
8.922291886419663962e-03
8.924208452122649529e-03
8.926124679332916867e-03
8.928026117180732496e-03
8.929930684642921335e-03
8.931843554688572925e-03
8.933755046382796730e-03
8.935667769818966821e-03
8.937569401112569617e-03
8.939467092010872432e-03
8.941352342550393933e-03
8.943233795294059860e-03
8.945121707232972161e-03
8.947015966261028658e-03
8.948918120408554805e-03
8.950828465772355663e-03
8.952730192589190145e-03
8.954619913261085279e-03
8.956499747930014507e-03
8.958361084679223457e-03
8.960205803055249635e-03
8.962033885074506198e-03
8.963852384152726574e-03
8.965679641729448063e-03
8.967524166418857148e-03
8.969380164619948637e-03
8.971229810940102231e-03
8.973086210044918867e-03
8.974935913831694201e-03
8.976771798473217809e-03
8.978607694407950840e-03
8.980443566674031763e-03
8.982284946130670439e-03
8.984141983340826476e-03
8.986013547970678542e-03
8.987880986027525429e-03
8.989746103838899133e-03
8.991588955144314346e-03
8.993425349415169745e-03
8.995272880408402769e-03
8.997119011149577392e-03
8.998963294618834985e-03
9.000812456630119529e-03
9.002670298608895366e-03
9.004521764642557310e-03
9.006363394438630932e-03
9.008197391768484746e-03
9.010019528523833393e-03
9.011852776156284092e-03
9.013682255438618465e-03
9.015502506003034502e-03
9.017319950901584238e-03
9.019163397484286984e-03
9.021015814890736770e-03
9.022863328987098738e-03
9.024711962873882554e-03
9.026559848152709495e-03
9.028391006532953192e-03
9.030243956761893967e-03
9.032106347744693967e-03
9.033982063492816336e-03
9.035862469609969375e-03
9.037745531503002874e-03
9.039623887101010807e-03
9.041499373243562510e-03
9.043374376766114692e-03
9.045274450234151026e-03
9.047189712268054185e-03
9.049090562294441129e-03
9.050973728451115752e-03
9.052839902852766532e-03
9.054709643916058689e-03
9.056564015643994367e-03
9.058425044773173174e-03
9.060290123982135679e-03
9.062162220997685771e-03
9.064059401432129903e-03
9.065961322433828753e-03
9.067849612748481516e-03
9.069743920951320315e-03
9.071631222292889096e-03
9.073497400390923354e-03
9.075355840598231874e-03
9.077202722872943289e-03
9.079055492906908803e-03
9.080894352615841852e-03
9.082707819730995516e-03
9.084524513510173691e-03
9.086359075950362768e-03
9.088208374889442803e-03
9.090057398613928669e-03
9.091889566482956597e-03
9.093725804183033085e-03
9.095568660071658845e-03
9.097396465816367031e-03
9.099217958088818073e-03
9.101030276198678048e-03
9.102831206236880468e-03
9.104641941975490788e-03
9.106468086374337745e-03
9.108293880795351530e-03
9.110123485911865784e-03
9.111953813594869320e-03
9.113785700689215966e-03
9.115630338530165272e-03
9.117456924461458251e-03
9.119284117620632055e-03
9.121124607994406108e-03
9.122973744368500365e-03
9.124815157206334418e-03
9.126660391902144398e-03
9.128490698050818059e-03
9.130328134280786198e-03
9.132172924864810637e-03
9.134024846972083750e-03
9.135899461602335625e-03
9.137771105369282137e-03
9.139639001428719739e-03
9.141502150841978799e-03
9.143356759298228512e-03
9.145206259309581961e-03
9.147042894716043634e-03
9.148869981521824332e-03
9.150672800950374053e-03
9.152472390404646149e-03
9.154271438450800255e-03
9.156065444970539272e-03
9.157857381915471620e-03
9.159653165245853698e-03
9.161438120411037958e-03
9.163230094003327331e-03
9.165024837775627431e-03
9.166802274034869386e-03
9.168575098043547228e-03
9.170347344234100126e-03
9.172105307435687860e-03
9.173849622138085386e-03
9.175596843665315833e-03
9.177354440386639028e-03
9.179107492694637410e-03
9.180845059563959645e-03
9.182559441494587277e-03
9.184269083205744491e-03
9.185985215465245282e-03
9.187713089162375529e-03
9.189436637469086677e-03
9.191147726748451555e-03
9.192853078511848894e-03
9.194548540752160368e-03
9.196253765640174244e-03
9.197958125570400434e-03
9.199668097313951423e-03
9.201370484107657122e-03
9.203076338405599688e-03
9.204793926697447254e-03
9.206504225970657887e-03
9.208230685864540049e-03
9.209962429255050265e-03
9.211686162500636391e-03
9.213396589411646659e-03
9.215108702410362146e-03
9.216817350709886891e-03
9.218532538477703167e-03
9.220262956513042285e-03
9.221980211127417046e-03
9.223687693296888160e-03
9.225390715772517625e-03
9.227089826013256876e-03
9.228794991667284980e-03
9.230499105576437865e-03
9.232193840498293877e-03
9.233891147622413573e-03
9.235583931135785130e-03
9.237274917917055045e-03
9.238967772350434315e-03
9.240663147831295471e-03
9.242352362824285059e-03
9.244043536257313259e-03
9.245750414310431944e-03
9.247454624586152333e-03
9.249173390135376552e-03
9.250900927068149079e-03
9.252634469987681617e-03
9.254353536372163583e-03
9.256072222355639714e-03
9.257781755164984014e-03
9.259470746740812094e-03
9.261156924610606384e-03
9.262825383439251409e-03
9.264494087211430640e-03
9.266165648062417784e-03
9.267840582926279575e-03
9.269523516013306735e-03
9.271208261655587354e-03
9.272900283342549663e-03
9.274607653558471915e-03
9.276312012329007706e-03
9.278014452225790895e-03
9.279723760007310696e-03
9.281431584357969708e-03
9.283127075891838345e-03
9.284824164890565293e-03
9.286514053084631362e-03
9.288203541926443041e-03
9.289906341116118543e-03
9.291599031733608141e-03
9.293297086119658990e-03
9.294996271380539382e-03
9.296691418366909848e-03
9.298409555884594099e-03
9.300145559851180285e-03
9.301887050535268681e-03
9.303628331032747639e-03
9.305360702100142281e-03
9.307098106611118998e-03
9.308839646118734212e-03
9.310584802982340563e-03
9.312326273029608581e-03
9.314055527051029459e-03
9.315793995526722854e-03
9.317529581526847252e-03
9.319259617387066694e-03
9.320986332658291393e-03
9.322720790252729192e-03
9.324459126547054305e-03
9.326201207880477698e-03
9.327930443789121673e-03
9.329640907243055142e-03
9.331350988357535112e-03
9.333073379895561947e-03
9.334802295764627750e-03
9.336547555479739191e-03
9.338299591657960030e-03
9.340058132939631566e-03
9.341796791124614904e-03
9.343544253409340888e-03
9.345288422351558447e-03
9.347024038577929697e-03
9.348757595138654578e-03
9.350487349639884094e-03
9.352228219281657692e-03
9.353966184957951749e-03
9.355717712108042178e-03
9.357472930065811184e-03
9.359225604887297031e-03
9.360982396032713898e-03
9.362746007550916405e-03
9.364501941809509622e-03
9.366234357973514738e-03
9.367955568921075907e-03
9.369665022066311563e-03
9.371379449192142677e-03
9.373078783705563952e-03
9.374764209946779420e-03
9.376448463077580522e-03
9.378134614997882257e-03
9.379835655581933787e-03
9.381550373352002745e-03
9.383272477281679250e-03
9.385000174375832463e-03
9.386733737702544420e-03
9.388479995718908289e-03
9.390222090625692866e-03
9.391980049455976934e-03
9.393759468110121635e-03
9.395548123552066241e-03
9.397351610190224705e-03
9.399169028488500374e-03
9.400969572270493485e-03
9.402763522846304192e-03
9.404550400592516859e-03
9.406337010687467262e-03
9.408123129050717168e-03
9.409905486561018564e-03
9.411690092334950783e-03
9.413458510260222512e-03
9.415233849094878024e-03
9.417025135693184862e-03
9.418818982318066108e-03
9.420609834550215320e-03
9.422396092024519498e-03
9.424193333713047627e-03
9.425995395822341430e-03
9.427786757713723861e-03
9.429584564053516971e-03
9.431382775004016131e-03
9.433177088772766103e-03
9.434964948056713541e-03
9.436749228310231316e-03
9.438541360340915037e-03
9.440333967391209211e-03
9.442122246217217463e-03
9.443890464737026563e-03
9.445651376979660382e-03
9.447393931195369188e-03
9.449137753764748349e-03
9.450895644320819744e-03
9.452671631628179610e-03
9.454455247294834414e-03
9.456243689223329044e-03
9.458034177465671211e-03
9.459811536279597380e-03
9.461586148193774221e-03
9.463366529200914826e-03
9.465136955121373347e-03
9.466902545917888281e-03
9.468654957233646474e-03
9.470394181204183637e-03
9.472134898325381205e-03
9.473856064485529013e-03
9.475580864893778932e-03
9.477301967540301825e-03
9.479015403531907899e-03
9.480732117713422738e-03
9.482451080360936035e-03
9.484174635223118627e-03
9.485892876380026817e-03
9.487622165372567445e-03
9.489360992953225354e-03
9.491100559326580421e-03
9.492839024414017127e-03
9.494580722273613174e-03
9.496326967046780573e-03
9.498072959556760203e-03
9.499835219305025405e-03
9.501597684010860620e-03
9.503362095051608519e-03
9.505149027560257091e-03
9.506941531981059554e-03
9.508744444218989247e-03
9.510558302847514980e-03
9.512366464605754440e-03
9.514185170241072631e-03
9.516003246638702825e-03
9.517817089554186580e-03
9.519627735143426292e-03
9.521425361048038716e-03
9.523227668464299966e-03
9.525046525408137690e-03
9.526854614426105011e-03
9.528682527738566513e-03
9.530514811329526478e-03
9.532345570740112517e-03
9.534179947790624027e-03
9.536019318335824460e-03
9.537882988773848519e-03
9.539748089360285468e-03
9.541610998750310602e-03
9.543459141410142940e-03
9.545281644236099441e-03
9.547113334766930623e-03
9.548943763550492639e-03
9.550781042345747943e-03
9.552609034902789092e-03
9.554434848607913644e-03
9.556250265738959124e-03
9.558050739357027217e-03
9.559857317278415076e-03
9.561669756433547815e-03
9.563488144921836881e-03
9.565292819006091657e-03
9.567091250994537444e-03
9.568884543154578329e-03
9.570669967123319327e-03
9.572458511490807009e-03
9.574243342937481874e-03
9.576026997461248649e-03
9.577816706496803181e-03
9.579604543073301851e-03
9.581404034343725742e-03
9.583223792820992973e-03
9.585056129717151735e-03
9.586889372382634625e-03
9.588731090591124523e-03
9.590582016110486482e-03
9.592429045337524940e-03
9.594278997478146442e-03
9.596122553818269355e-03
9.597964048731725747e-03
9.599801718329784364e-03
9.601636062490311735e-03
9.603465836605262762e-03
9.605307704547674102e-03
9.607152787033357635e-03
9.609001295274392437e-03
9.610849225003015653e-03
9.612695880194784340e-03
9.614532667975014130e-03
9.616358628416759799e-03
9.618190914367925545e-03
9.620017770383258726e-03
9.621858042767975419e-03
9.623676724244212624e-03
9.625480587605258348e-03
9.627289051747981580e-03
9.629095764561742751e-03
9.630884264723912208e-03
9.632667168228744442e-03
9.634440499206300620e-03
9.636202455571670628e-03
9.637984594050127279e-03
9.639768416273451421e-03
9.641561018292360563e-03
9.643357583418249446e-03
9.645155987850453222e-03
9.646964702599068395e-03
9.648761738729619633e-03
9.650559712705508719e-03
9.652360991790776695e-03
9.654155540427977744e-03
9.655959770293862099e-03
9.657770423463052367e-03
9.659597318413428238e-03
9.661431201819047423e-03
9.663263937097807399e-03
9.665083512468964494e-03
9.666902600613756433e-03
9.668719258176094317e-03
9.670547489918379994e-03
9.672370579686144151e-03
9.674202665988842001e-03
9.676047668585215089e-03
9.677900604098557333e-03
9.679758179876516572e-03
9.681611845506562022e-03
9.683469638691358586e-03
9.685336203131398106e-03
9.687194071772341208e-03
9.689050443203039639e-03
9.690906334854681309e-03
9.692763876378077820e-03
9.694615069512845310e-03
9.696453830520604389e-03
9.698285607601608849e-03
9.700098294808933222e-03
9.701898443533715430e-03
9.703694440701149740e-03
9.705458564690856715e-03
9.707210791425446850e-03
9.708957503072811537e-03
9.710690582592076264e-03
9.712423537142203522e-03
9.714164288997750168e-03
9.715892973945008254e-03
9.717610898205501085e-03
9.719347660602643477e-03
9.721095506322221039e-03
9.722835463097852585e-03
9.724576484612369731e-03
9.726307066327410586e-03
9.728032245487145541e-03
9.729759122611883471e-03
9.731492720358815574e-03
9.733223716392630162e-03
9.734956879992789913e-03
9.736672674694064542e-03
9.738399551595534887e-03
9.740106108485229591e-03
9.741800116567949849e-03
9.743492023244655631e-03
9.745170829003255847e-03
9.746842474508569942e-03
9.748509125637254760e-03
9.750175617922790874e-03
9.751863942192968981e-03
9.753550516110303520e-03
9.755227939881535443e-03
9.756887175895562550e-03
9.758542573407800666e-03
9.760190457940189426e-03
9.761849378195710386e-03
9.763504172108928778e-03
9.765165697673505035e-03
9.766821731799690473e-03
9.768478007939368490e-03
9.770133618097446779e-03
9.771779318834576331e-03
9.773439530126468849e-03
9.775103607679294301e-03
9.776750606367977381e-03
9.778379607045738567e-03
9.780003166712472606e-03
9.781634155669970826e-03
9.783268701682364468e-03
9.784919123937396365e-03
9.786583579095918528e-03
9.788250219710787833e-03
9.789916546682701781e-03
9.791583362794722620e-03
9.793235730560283236e-03
9.794886458862358744e-03
9.796543442759989700e-03
9.798199151886717237e-03
9.799862983091187779e-03
9.801544648474797006e-03
9.803214685695884820e-03
9.804901412482898079e-03
9.806590778659788135e-03
9.808265683880620575e-03
9.809920098969035843e-03
9.811566935673006820e-03
9.813222630040875291e-03
9.814877952687210000e-03
9.816541273533171616e-03
9.818211179305463138e-03
9.819883420535868018e-03
9.821557106629576553e-03
9.823244942823709802e-03
9.824947832733930964e-03
9.826658755109707669e-03
9.828365795461407178e-03
9.830070749874823474e-03
9.831789349873514341e-03
9.833501733847654219e-03
9.835217072996614227e-03
9.836929304668779253e-03
9.838640924159381893e-03
9.840355341486705515e-03
9.842059921298631359e-03
9.843769796799402977e-03
9.845463683290605131e-03
9.847175830505237176e-03
9.848893412249950380e-03
9.850614254613688364e-03
9.852341379671012214e-03
9.854070154667254194e-03
9.855792068234846964e-03
9.857512103218174157e-03
9.859229453021907050e-03
9.860936458098431417e-03
9.862642902641931275e-03
9.864362784440864479e-03
9.866096412967874721e-03
9.867821277183235276e-03
9.869551625589934735e-03
9.871295138578815506e-03
9.873041001685144147e-03
9.874776643055208081e-03
9.876508241726603132e-03
9.878245930298545571e-03
9.879975207870863793e-03
9.881694010233711342e-03
9.883407829267975772e-03
9.885121427288352455e-03
9.886829006361870856e-03
9.888520353668007676e-03
9.890218569819678521e-03
9.891941593773006039e-03
9.893645814232276611e-03
9.895323435282337224e-03
9.896999450696495823e-03
9.898669603960075225e-03
9.900340254804127979e-03
9.902014811150107801e-03
9.903681456433787583e-03
9.905354177550779529e-03
9.907039216672859638e-03
9.908721329996064003e-03
9.910412137543371178e-03
9.912103125788810157e-03
9.913796291668044644e-03
9.915493939450632788e-03
9.917205656853807574e-03
9.918913369242181657e-03
9.920620545119543041e-03
9.922332312490704173e-03
9.924032891542835383e-03
9.925690457072628911e-03
9.927327162747990111e-03
9.928978972442511694e-03
9.930639917066446873e-03
9.932283714220484921e-03
9.933925342146253737e-03
9.935556952793017996e-03
9.937190594919998940e-03
9.938831482664540681e-03
9.940483033898946108e-03
9.942133413094231265e-03
9.943786621600718412e-03
9.945443076576842081e-03
9.947105345957532943e-03
9.948772387659505015e-03
9.950433623046497922e-03
9.952100764823961290e-03
9.953758077212665131e-03
9.955422104501353980e-03
9.957090172028717698e-03
9.958763437227548254e-03
9.960439583810532654e-03
9.962111697371947572e-03
9.963795854764518831e-03
9.965479569935943235e-03
9.967182680188294355e-03
9.968879295122782050e-03
9.970577977622628249e-03
9.972282852079902143e-03
9.973978630860330652e-03
9.975691605477616034e-03
9.977415253647122298e-03
9.979129670371313793e-03
9.980854766988246293e-03
9.982577738263600717e-03
9.984322833893640239e-03
9.986072504693853033e-03
9.987828952710612468e-03
9.989599442151469999e-03
9.991374534056587930e-03
9.993149350116787774e-03
9.994919808251935545e-03
9.996678301770617336e-03
9.998440224600623621e-03
1.000020865151019650e-02
1.000198010468856744e-02
1.000376727292893834e-02
1.000556211142584855e-02
1.000735571871524780e-02
1.000915638095182733e-02
1.001096350867106133e-02
1.001277682427487853e-02
1.001457987170712403e-02
1.001638990759331528e-02
1.001818797780340380e-02
1.001998656000374285e-02
1.002177650578397160e-02
1.002356020072377694e-02
1.002534838385782737e-02
1.002713365667765727e-02
1.002891071550968821e-02
1.003068872442799096e-02
1.003246353950335359e-02
1.003423969630349265e-02
1.003602313781046078e-02
1.003778644562729368e-02
1.003954838919559299e-02
1.004130677306899755e-02
1.004306961366483245e-02
1.004483190037377439e-02
1.004658851012187049e-02
1.004835066227567457e-02
1.005013927245942094e-02
1.005193325522070469e-02
1.005373828624409917e-02
1.005555468209017034e-02
1.005737963239415264e-02
1.005920802983723689e-02
1.006103678345758416e-02
1.006287733140996156e-02
1.006472445411346617e-02
1.006655379587958685e-02
1.006838903540432408e-02
1.007021449649327278e-02
1.007203228413600105e-02
1.007384333821940460e-02
1.007565440045715167e-02
1.007747139719898308e-02
1.007930387701802370e-02
1.008112969117812285e-02
1.008296424910668301e-02
1.008479515472566514e-02
1.008662435939820627e-02
1.008845613378276350e-02
1.009029930098525631e-02
1.009214603065992574e-02
1.009398031784389249e-02
1.009581930559246693e-02
1.009767616337056001e-02
1.009954202866998434e-02
1.010141566575557467e-02
1.010329775813847107e-02
1.010518466313328409e-02
1.010708540121894004e-02
1.010899556736060204e-02
1.011090999138500313e-02
1.011282346936867582e-02
1.011472381946090619e-02
1.011661583030939136e-02
1.011848872105722101e-02
1.012034807020688668e-02
1.012220905679096436e-02
1.012406617424325625e-02
1.012593049627858247e-02
1.012780126223500159e-02
1.012966366463003906e-02
1.013151921896219589e-02
1.013335558628797491e-02
1.013519135277884953e-02
1.013702914569611022e-02
1.013887545458836900e-02
1.014074259682615393e-02
1.014261516848433131e-02
1.014449780821530082e-02
1.014640139068957725e-02
1.014833323242520825e-02
1.015028607960517804e-02
1.015225096397706119e-02
1.015423174072126872e-02
1.015621878804184343e-02
1.015820014901065368e-02
1.016020061511540076e-02
1.016221274850182162e-02
1.016421598957551430e-02
1.016621764161687938e-02
1.016823006489589454e-02
1.017024053143857944e-02
1.017225087281317837e-02
1.017426551586112990e-02
1.017628642775726157e-02
1.017829797564152351e-02
1.018029497801088007e-02
1.018228349957734508e-02
1.018424568921803657e-02
1.018621202819523439e-02
1.018816935950203097e-02
1.019014856504939399e-02
1.019212990705562275e-02
1.019410819317603280e-02
1.019608051141643150e-02
1.019803487252304852e-02
1.019999145911069070e-02
1.020195089229467694e-02
1.020391557223096490e-02
1.020587768514668800e-02
1.020783210070978948e-02
1.020978098564401075e-02
1.021173410440723815e-02
1.021369666628299012e-02
1.021565637605315567e-02
1.021759696742347533e-02
1.021954835116017576e-02
1.022150095919632101e-02
1.022346431095596739e-02
1.022541246335509357e-02
1.022737076050471254e-02
1.022931515078671916e-02
1.023125292771016187e-02
1.023318391940090943e-02
1.023510630591544998e-02
1.023702536717255480e-02
1.023896707720044728e-02
1.024091213992822311e-02
1.024283415320136580e-02
1.024475018955675436e-02
1.024665497900099573e-02
1.024856544720732440e-02
1.025047090248355601e-02
1.025237856917909744e-02
1.025430961264017435e-02
1.025624554994624890e-02
1.025818871088712489e-02
1.026012324273038907e-02
1.026204285786690498e-02
1.026397701412826505e-02
1.026591971571377132e-02
1.026785728351161005e-02
1.026978122175785206e-02
1.027171155507964652e-02
1.027364444046820202e-02
1.027557251297149879e-02
1.027749975144364586e-02
1.027942873853360771e-02
1.028135930298750694e-02
1.028327625700777709e-02
1.028518096133793948e-02
1.028709984190298923e-02
1.028902479163019273e-02
1.029094707838888213e-02
1.029287533884268475e-02
1.029481136104089603e-02
1.029675787255681686e-02
1.029870516069303008e-02
1.030064273027517761e-02
1.030258495140552559e-02
1.030451020731638564e-02
1.030643413052717561e-02
1.030833674883747594e-02
1.031022931145020652e-02
1.031213614671597223e-02
1.031404446238117466e-02
1.031597415213097828e-02
1.031790365947418339e-02
1.031984680057773489e-02
1.032179095514143725e-02
1.032373440347016981e-02
1.032566858506642378e-02
1.032760265574020862e-02
1.032954024581343895e-02
1.033147912884802358e-02
1.033342199336908900e-02
1.033535977889740720e-02
1.033728530651728018e-02
1.033921786319651724e-02
1.034115252376797793e-02
1.034307609214174702e-02
1.034499129876587618e-02
1.034690465666503190e-02
1.034880838443074172e-02
1.035072147818485999e-02
1.035264810604561748e-02
1.035457014938960529e-02
1.035649921044782748e-02
1.035841701507762662e-02
1.036034630074304450e-02
1.036228638402789809e-02
1.036421220345152758e-02
1.036612550033012489e-02
1.036803236832092856e-02
1.036994311098560391e-02
1.037185507766618872e-02
1.037377372733577427e-02
1.037570468275971110e-02
1.037763538197902444e-02
1.037955530006488131e-02
1.038145189285853698e-02
1.038334127920411375e-02
1.038522212809870650e-02
1.038709709426201624e-02
1.038898313608335386e-02
1.039087377895251893e-02
1.039275814115382668e-02
1.039463178533029698e-02
1.039651554038906189e-02
1.039839465624027397e-02
1.040027608105104431e-02
1.040216278506310953e-02
1.040405386362112765e-02
1.040592931026668340e-02
1.040780775591345665e-02
1.040970470470242021e-02
1.041161251612504265e-02
1.041351707546433851e-02
1.041542756606972202e-02
1.041733967122395951e-02
1.041925705694730572e-02
1.042116430685847105e-02
1.042306267986072357e-02
1.042496215203331765e-02
1.042687516805749712e-02
1.042878520111995000e-02
1.043068398649171780e-02
1.043256612220984196e-02
1.043441995940060790e-02
1.043626514249832229e-02
1.043810352132298891e-02
1.043992881723467686e-02
1.044176016748488492e-02
1.044359502722139697e-02
1.044541426868048593e-02
1.044723048209295242e-02
1.044904865368555258e-02
1.045088162757100252e-02
1.045270776785317893e-02
1.045454278560479372e-02
1.045637619830216969e-02
1.045819657042186719e-02
1.046000138752270839e-02
1.046179390100299492e-02
1.046358316208371303e-02
1.046536813621669858e-02
1.046715622012657498e-02
1.046892993810576676e-02
1.047069839527047484e-02
1.047244658168484076e-02
1.047417623578934462e-02
1.047590162267948884e-02
1.047762355026533865e-02
1.047937141880797562e-02
1.048112711067542176e-02
1.048288110326388647e-02
1.048462506814940368e-02
1.048637492020993919e-02
1.048813410749039297e-02
1.048988129054296420e-02
1.049161686697797254e-02
1.049336473689629033e-02
1.049510555556824355e-02
1.049683171330986417e-02
1.049855674769429280e-02
1.050027558029862501e-02
1.050197989414190791e-02
1.050369194595625506e-02
1.050537767669018109e-02
1.050705709129682794e-02
1.050873016186438733e-02
1.051040196241751282e-02
1.051208512807016472e-02
1.051377287826142128e-02
1.051544946364751237e-02
1.051712192355878407e-02
1.051878450800420445e-02
1.052045318729661130e-02
1.052213444181595084e-02
1.052382052619187623e-02
1.052551318245431577e-02
1.052720965008249049e-02
1.052890781488629614e-02
1.053059929048482009e-02
1.053228589244942573e-02
1.053397438442879412e-02
1.053566197070879285e-02
1.053735645393954687e-02
1.053904537875440320e-02
1.054073119504568903e-02
1.054241265785874938e-02
1.054410306944730986e-02
1.054578511725036589e-02
1.054747007358378813e-02
1.054914472092609301e-02
1.055080867230085220e-02
1.055246613109370006e-02
1.055410637386509053e-02
1.055574025668988038e-02
1.055737235206226192e-02
1.055899351917209857e-02
1.056062861037688691e-02
1.056225000364302037e-02
1.056386012346174214e-02
1.056546160847344519e-02
1.056705513431658097e-02
1.056863153889753618e-02
1.057020286215243354e-02
1.057176212147426832e-02
1.057331133470889792e-02
1.057486078708567284e-02
1.057640582042761353e-02
1.057794870267348905e-02
1.057949521596685677e-02
1.058103385762457042e-02
1.058255796416624622e-02
1.058407411454662973e-02
1.058558360874219464e-02
1.058709749336613458e-02
1.058861914010532715e-02
1.059012022007058476e-02
1.059161349167553508e-02
1.059310057575243470e-02
1.059458499743250355e-02
1.059605954317488150e-02
1.059753452402284815e-02
1.059901396451182719e-02
1.060050754903501917e-02
1.060199429154687865e-02
1.060348957224222129e-02
1.060497307176237573e-02
1.060644525804161492e-02
1.060791402136155095e-02
1.060938679424316966e-02
1.061084478440832424e-02
1.061226812197417838e-02
1.061368938726271402e-02
1.061510628613506271e-02
1.061652153718945640e-02
1.061793836268095682e-02
1.061933899616636888e-02
1.062073674012505541e-02
1.062213747994131784e-02
1.062352255495041531e-02
1.062491704861141806e-02
1.062631097411696410e-02
1.062771755681941876e-02
1.062915240328334530e-02
1.063057751177473760e-02
1.063201354844870231e-02
1.063343831577865696e-02
1.063486748110725223e-02
1.063631347054264271e-02
1.063777308303543584e-02
1.063923172821457097e-02
1.064068440268909656e-02
1.064214302987678308e-02
1.064360885714091959e-02
1.064507620364548574e-02
1.064653852968414777e-02
1.064801731787586199e-02
1.064950824445195718e-02
1.065099204526213060e-02
1.065244811097233214e-02
1.065390273237844417e-02
1.065538224767714238e-02
1.065687908808668830e-02
1.065837542986724888e-02
1.065987701785344431e-02
1.066137975840272638e-02
1.066288257871390519e-02
1.066438409078214293e-02
1.066589013237291550e-02
1.066739724536885058e-02
1.066889254324720170e-02
1.067038154955783982e-02
1.067186394344393427e-02
1.067334190447906568e-02
1.067482849953195131e-02
1.067632525182560764e-02
1.067782094056381192e-02
1.067932477638490821e-02
1.068083527821248220e-02
1.068235747577381267e-02
1.068387870533074949e-02
1.068541567826113842e-02
1.068696158596336120e-02
1.068851431169448238e-02
1.069005451807611591e-02
1.069159095210865315e-02
1.069314024590400404e-02
1.069470169246058630e-02
1.069625651141279873e-02
1.069782290559611465e-02
1.069940572781405419e-02
1.070099240615333611e-02
1.070257953628014208e-02
1.070416796064662703e-02
1.070574013689272290e-02
1.070730364244428662e-02
1.070889359716606024e-02
1.071047099117367757e-02
1.071205750572451487e-02
1.071365844049002730e-02
1.071525557633297258e-02
1.071684376396369980e-02
1.071840481739978930e-02
1.071994565875765242e-02
1.072149247225407873e-02
1.072303925404715502e-02
1.072458988769898168e-02
1.072615552942603710e-02
1.072772466259388352e-02
1.072929856018907044e-02
1.073088334743661949e-02
1.073246404511919369e-02
1.073403910815249641e-02
1.073561781675574749e-02
1.073722162038211018e-02
1.073882674747360204e-02
1.074043826921297802e-02
1.074205012257028156e-02
1.074365920355598372e-02
1.074524824038645097e-02
1.074684420624242090e-02
1.074844620121805962e-02
1.075004604183060417e-02
1.075163809205656289e-02
1.075322489368006271e-02
1.075480913550434271e-02
1.075638662660666905e-02
1.075795849004237102e-02
1.075954119210397429e-02
1.076114577843060444e-02
1.076276393337181718e-02
1.076438000153284551e-02
1.076600076683697539e-02
1.076763149707643009e-02
1.076925973774825462e-02
1.077090479520618517e-02
1.077254245270816736e-02
1.077417552204138450e-02
1.077581141660626657e-02
1.077745179359372758e-02
1.077912270165832381e-02
1.078081174289610179e-02
1.078251017561827896e-02
1.078421085340309366e-02
1.078590635118316203e-02
1.078759741088201364e-02
1.078928067187872285e-02
1.079096177100002073e-02
1.079264896122003083e-02
1.079434985852862836e-02
1.079606065280495041e-02
1.079775301117452332e-02
1.079943256281610739e-02
1.080111218260035658e-02
1.080279244819793913e-02
1.080446114490082009e-02
1.080611668635406142e-02
1.080775979517422866e-02
1.080940949295021783e-02
1.081105456491481508e-02
1.081269623123303283e-02
1.081435027797674094e-02
1.081600166328718082e-02
1.081767096089799110e-02
1.081934695490000681e-02
1.082101622560813908e-02
1.082269015405509793e-02
1.082437422384660737e-02
1.082605566048683125e-02
1.082772330367267472e-02
1.082938790598158771e-02
1.083106389767037742e-02
1.083274333431250187e-02
1.083444338263172581e-02
1.083614405545277500e-02
1.083784343555092150e-02
1.083953159315098440e-02
1.084121772729428924e-02
1.084289300282212549e-02
1.084457936478346561e-02
1.084627392650174861e-02
1.084797049295087995e-02
1.084967808878040292e-02
1.085141277109573366e-02
1.085314159396350356e-02
1.085486284946842080e-02
1.085659699053391491e-02
1.085834764926610872e-02
1.086010016542620846e-02
1.086184981212995511e-02
1.086359992864043521e-02
1.086534371896374050e-02
1.086708266255181736e-02
1.086883460921518607e-02
1.087059311720513927e-02
1.087236512359032216e-02
1.087413890425524901e-02
1.087590906436374655e-02
1.087768380774227495e-02
1.087945499556734232e-02
1.088122219415119801e-02
1.088298898491241520e-02
1.088475044984260273e-02
1.088651261883437360e-02
1.088828576312711460e-02
1.089007324399502569e-02
1.089186048582598855e-02
1.089363884374346808e-02
1.089541077253480122e-02
1.089717146734295664e-02
1.089892869526482531e-02
1.090069216452511404e-02
1.090245061107449412e-02
1.090420660563588481e-02
1.090596319912174803e-02
1.090771744804213891e-02
1.090947214926239230e-02
1.091123397927403274e-02
1.091298954222935311e-02
1.091474337173149040e-02
1.091650261097847768e-02
1.091826235789008538e-02
1.092002019836600148e-02
1.092179279612595297e-02
1.092356712252550051e-02
1.092534889569760428e-02
1.092712507265607320e-02
1.092889033219627236e-02
1.093065265908717797e-02
1.093242082856111380e-02
1.093418748647092056e-02
1.093595744082317273e-02
1.093772543816204021e-02
1.093949349582946755e-02
1.094127468182156358e-02
1.094307140352571324e-02
1.094486685874256418e-02
1.094665421889989138e-02
1.094844464129373675e-02
1.095024300254098665e-02
1.095204240928091682e-02
1.095383134200804930e-02
1.095560092416396694e-02
1.095736269789600661e-02
1.095912111512121687e-02
1.096088368844162428e-02
1.096265090011365288e-02
1.096442239115823919e-02
1.096620180757994743e-02
1.096799007052967449e-02
1.096978954184165897e-02
1.097159504945180268e-02
1.097340949519084140e-02
1.097521791407583130e-02
1.097702829386965236e-02
1.097884611265610016e-02
1.098067020256895086e-02
1.098248175391893650e-02
1.098427500381836744e-02
1.098605561380902769e-02
1.098782154611347393e-02
1.098958276839768176e-02
1.099132477752350241e-02
1.099307544518907803e-02
1.099484373344737122e-02
1.099661909670803829e-02
1.099839997972408556e-02
1.100019732796757646e-02
1.100198896490134186e-02
1.100376194774364304e-02
1.100552647774258666e-02
1.100728152739908171e-02
1.100903156719623341e-02
1.101078736787241413e-02
1.101253417050493573e-02
1.101427744057022554e-02
1.101602633689222760e-02
1.101777191939462032e-02
1.101952013476768452e-02
1.102126633600061800e-02
1.102301054421177089e-02
1.102475413221907542e-02
1.102649721742146420e-02
1.102824419019771476e-02
1.102998707574037902e-02
1.103172789677478796e-02
1.103348629755247605e-02
1.103525093350405176e-02
1.103700675941403711e-02
1.103876487560883669e-02
1.104053118852703873e-02
1.104230731948013453e-02
1.104412108048362026e-02
1.104593655259973779e-02
1.104774360721559254e-02
1.104954727070735047e-02
1.105135297594358849e-02
1.105318023252895715e-02
1.105500346064215364e-02
1.105683096584246169e-02
1.105866751376491028e-02
1.106051686487567742e-02
1.106236631868839047e-02
1.106421992396647465e-02
1.106607794436443790e-02
1.106792457617155299e-02
1.106977369420775702e-02
1.107161303398504493e-02
1.107345406693290880e-02
1.107529416570956701e-02
1.107712810802924039e-02
1.107895235232581564e-02
1.108076814982653438e-02
1.108257281723924563e-02
1.108437166393741284e-02
1.108617885676196034e-02
1.108799174314920727e-02
1.108980217756886863e-02
1.109161394193519147e-02
1.109341760527860626e-02
1.109522118471827773e-02
1.109703606646229163e-02
1.109885115883194398e-02
1.110066550117986064e-02
1.110247897725869307e-02
1.110431407301721088e-02
1.110616624802805708e-02
1.110801222231862229e-02
1.110985760708461598e-02
1.111171847866501521e-02
1.111358381009462833e-02
1.111545335113575499e-02
1.111732941376448840e-02
1.111920707047844327e-02
1.112109008796790394e-02
1.112298065240201715e-02
1.112485382237761271e-02
1.112672559438172490e-02
1.112857823640189640e-02
1.113042745554440605e-02
1.113226671435331439e-02
1.113411784615557162e-02
1.113596727294086444e-02
1.113782883224357506e-02
1.113968769426800995e-02
1.114155761239130245e-02
1.114342209037933080e-02
1.114529083513029345e-02
1.114716439355107648e-02
1.114904221737547142e-02
1.115092999799228816e-02
1.115280808050649226e-02
1.115469665833606489e-02
1.115659330504914157e-02
1.115850112473157178e-02
1.116040382858536455e-02
1.116229393567455888e-02
1.116418490303906948e-02
1.116607325818576649e-02
1.116796259152339627e-02
1.116984819228195383e-02
1.117171720231588394e-02
1.117359227325534325e-02
1.117547245608526210e-02
1.117736391612377499e-02
1.117927233373704199e-02
1.118118231992948873e-02
1.118307253123417173e-02
1.118497238085164845e-02
1.118687578052500985e-02
1.118877540608402554e-02
1.119066499797165097e-02
1.119253994287548737e-02
1.119441462585109640e-02
1.119629926578139673e-02
1.119818211641643996e-02
1.120007423134521292e-02
1.120198837772671749e-02
1.120390395441904496e-02
1.120581631777206946e-02
1.120771042483852294e-02
1.120958895803596082e-02
1.121145359526838636e-02
1.121331982383589644e-02
1.121518374269210409e-02
1.121705128110692985e-02
1.121888334548912410e-02
1.122069643030277654e-02
1.122251082055666406e-02
1.122432422562931117e-02
1.122614999911708371e-02
1.122798712888995777e-02
1.122982429419915745e-02
1.123164860150765304e-02
1.123347678499159522e-02
1.123530335093006136e-02
1.123713680959006860e-02
1.123897321715558624e-02
1.124081509806535047e-02
1.124263800065740046e-02
1.124445468233204772e-02
1.124625135315778478e-02
1.124802903327546885e-02
1.124979697284071885e-02
1.125155418719754434e-02
1.125332339975218185e-02
1.125510866530665503e-02
1.125690211867575244e-02
1.125868368586690170e-02
1.126045732793150289e-02
1.126223497677127268e-02
1.126402069121672407e-02
1.126581461269747335e-02
1.126760865667279267e-02
1.126940480698572153e-02
1.127120000479557051e-02
1.127299249713480979e-02
1.127478594118866764e-02
1.127657864040592511e-02
1.127837955359201061e-02
1.128017232885441742e-02
1.128196410929523975e-02
1.128374806688424263e-02
1.128553969761001904e-02
1.128733154259317639e-02
1.128912231303372260e-02
1.129091450601067692e-02
1.129270844577137320e-02
1.129450361954097322e-02
1.129630883034459833e-02
1.129812294350177222e-02
1.129994176750085018e-02
1.130174373591206517e-02
1.130352694901303780e-02
1.130532171345563323e-02
1.130712378854964971e-02
1.130891202866100495e-02
1.131069425684629905e-02
1.131248445952859512e-02
1.131427626168835139e-02
1.131606028696424161e-02
1.131784309421374202e-02
1.131962965876356052e-02
1.132142247582650085e-02
1.132322254100059759e-02
1.132504231794447674e-02
1.132687785710951613e-02
1.132871081221159884e-02
1.133052957680368185e-02
1.133234055980815620e-02
1.133415142885078886e-02
1.133596133414328973e-02
1.133777957272604810e-02
1.133958952209970436e-02
1.134140783490998790e-02
1.134324364023218436e-02
1.134507523258869617e-02
1.134689378732032551e-02
1.134870684098949860e-02
1.135052031099798887e-02
1.135231761954491776e-02
1.135411854094992706e-02
1.135592152181129702e-02
1.135772736032009643e-02
1.135953343365224931e-02
1.136133969763302061e-02
1.136314747504804830e-02
1.136495919862747644e-02
1.136678259623621554e-02
1.136862521921275064e-02
1.137047891810345074e-02
1.137232802598362943e-02
1.137417000130632252e-02
1.137601644031417496e-02
1.137784300590668346e-02
1.137965843560129371e-02
1.138146278161293427e-02
1.138327601622952760e-02
1.138510048546929193e-02
1.138691707346779249e-02
1.138873929074335142e-02
1.139057642956883311e-02
1.139240839288675582e-02
1.139423708206525367e-02
1.139607867307016430e-02
1.139789835740601283e-02
1.139971247557674747e-02
1.140152421405144986e-02
1.140335350931147469e-02
1.140518398559159548e-02
1.140701199967806938e-02
1.140884785398002359e-02
1.141067511319393026e-02
1.141250734023162815e-02
1.141434527670214839e-02
1.141617893390591172e-02
1.141801342994715543e-02
1.141982929727105613e-02
1.142162542121570590e-02
1.142340419885417430e-02
1.142518883589133984e-02
1.142698743497626637e-02
1.142877373138323494e-02
1.143056117125031482e-02
1.143233899727683078e-02
1.143412215399674733e-02
1.143589847703360869e-02
1.143766490209107388e-02
1.143941430756059523e-02
1.144117007329417506e-02
1.144292205573306867e-02
1.144467864263265175e-02
1.144644455533266013e-02
1.144820332704565499e-02
1.144995299483752421e-02
1.145169646840808915e-02
1.145343328481488246e-02
1.145517828953180467e-02
1.145693133708395456e-02
1.145868822166352767e-02
1.146044312314235293e-02
1.146220250539551483e-02
1.146396979083937062e-02
1.146574929672206263e-02
1.146751660378013404e-02
1.146930477593772861e-02
1.147110938566159484e-02
1.147291103969763117e-02
1.147470870803065507e-02
1.147650206705796809e-02
1.147830639382763605e-02
1.148012235865193860e-02
1.148194347557253414e-02
1.148376206679945985e-02
1.148558191267080343e-02
1.148739183667682462e-02
1.148919102567572299e-02
1.149097868355197088e-02
1.149276061340298583e-02
1.149452403203964600e-02
1.149628364097472072e-02
1.149804369121805447e-02
1.149980810911022631e-02
1.150158864436786645e-02
1.150336670325074334e-02
1.150514594825430802e-02
1.150693030381856954e-02
1.150871645442228669e-02
1.151049760633844274e-02
1.151228253310436836e-02
1.151407556848036383e-02
1.151585344286042666e-02
1.151763084695849731e-02
1.151939826867079755e-02
1.152116148621896638e-02
1.152292428475951667e-02
1.152467713477146882e-02
1.152640715457035718e-02
1.152812062012520400e-02
1.152983298972724314e-02
1.153152998701470477e-02
1.153323206034304570e-02
1.153493969981297419e-02
1.153664587821251301e-02
1.153834438271124710e-02
1.154003566643827319e-02
1.154171536220944573e-02
1.154341861274545827e-02
1.154512101383680864e-02
1.154682304217256872e-02
1.154851235704072200e-02
1.155021123866471246e-02
1.155190446697048484e-02
1.155359393984367253e-02
1.155527942295439883e-02
1.155695272359330388e-02
1.155861476028356705e-02
1.156028891854999664e-02
1.156197210652575025e-02
1.156363302955723711e-02
1.156529036743460942e-02
1.156694149956321790e-02
1.156858437517740805e-02
1.157021981200775582e-02
1.157186453327159817e-02
1.157351596441088225e-02
1.157515574862833137e-02
1.157678467825426841e-02
1.157842340120024752e-02
1.158005603173109695e-02
1.158168435425074513e-02
1.158331298062697731e-02
1.158494290700677089e-02
1.158655615460359861e-02
1.158816791265396967e-02
1.158977637803261171e-02
1.159137825491847289e-02
1.159297678029485440e-02
1.159456266618816983e-02
1.159612389970302547e-02
1.159766937633755109e-02
1.159920658217750665e-02
1.160073876762572793e-02
1.160227188914149041e-02
1.160380237709151413e-02
1.160532042335371897e-02
1.160685067648568533e-02
1.160837412139004328e-02
1.160989024140347652e-02
1.161138616962163056e-02
1.161287650890578671e-02
1.161438068333185691e-02
1.161587595508658047e-02
1.161735936373177111e-02
1.161883919379148346e-02
1.162032143683048267e-02
1.162179011186814138e-02
1.162324527677689734e-02
1.162469977347809630e-02
1.162615065061844109e-02
1.162759762494276414e-02
1.162904082569448001e-02
1.163047308119276313e-02
1.163190460224208800e-02
1.163332386393750931e-02
1.163473988332667901e-02
1.163614979086078499e-02
1.163756237697484083e-02
1.163897730299832435e-02
1.164038086504660605e-02
1.164177453603300848e-02
1.164314542230203246e-02
1.164449110911991436e-02
1.164583821373672834e-02
1.164719411479184057e-02
1.164855893849289781e-02
1.164991228369258690e-02
1.165126113846473230e-02
1.165259809268199241e-02
1.165393093545241156e-02
1.165525687380758284e-02
1.165659085816823926e-02
1.165791954712228420e-02
1.165926004325913007e-02
1.166059563157148711e-02
1.166193536579961977e-02
1.166328311668929189e-02
1.166462266612314051e-02
1.166596057762868052e-02
1.166731349038718779e-02
1.166866798247948034e-02
1.167001363185665719e-02
1.167136226887426249e-02
1.167271064683055200e-02
1.167406882643274788e-02
1.167542099843636022e-02
1.167675643012554276e-02
1.167808614984590897e-02
1.167942057287917751e-02
1.168075560417753365e-02
1.168208510247488452e-02
1.168340536117157095e-02
1.168471231353343347e-02
1.168600800982372984e-02
1.168729852156261823e-02
1.168857729907595532e-02
1.168984834884246107e-02
1.169112251391833494e-02
1.169241415891497139e-02
1.169370642641292569e-02
1.169499431037632209e-02
1.169628329123850383e-02
1.169759639481043195e-02
1.169891490159441147e-02
1.170023224426468972e-02
1.170153937922283581e-02
1.170284413784737805e-02
1.170416914161302550e-02
1.170549275422867568e-02
1.170682156825937452e-02
1.170816176798101724e-02
1.170950112358626512e-02
1.171084128022495743e-02
1.171218463167411628e-02
1.171353130046741929e-02
1.171487604673543750e-02
1.171622475858427950e-02
1.171757190656206281e-02
1.171891726649778621e-02
1.172026936366122110e-02
1.172162214285208011e-02
1.172297127987586944e-02
1.172431881421044653e-02
1.172566507757007853e-02
1.172700788507716023e-02
1.172836019578056728e-02
1.172971387259186087e-02
1.173105968222704944e-02
1.173241097135400458e-02
1.173377116523076878e-02
1.173513638176640339e-02
1.173649418731476969e-02
1.173785695455988390e-02
1.173922690993928729e-02
1.174059789848035974e-02
1.174198075877854949e-02
1.174335607397363097e-02
1.174473515333421952e-02
1.174611600864038270e-02
1.174749102959839545e-02
1.174885577916549156e-02
1.175020869004178223e-02
1.175156240194650571e-02
1.175291136638146119e-02
1.175425140593401932e-02
1.175559631371905431e-02
1.175691699893828025e-02
1.175823424785607703e-02
1.175954989931402364e-02
1.176085809942197836e-02
1.176214957819430793e-02
1.176342302404445074e-02
1.176470748119504139e-02
1.176597750654145152e-02
1.176724932645824631e-02
1.176851590733871480e-02
1.176979026689091434e-02
1.177105967078504074e-02
1.177230602925864907e-02
1.177353208446225812e-02
1.177476710589671870e-02
1.177600663012767085e-02
1.177723774184087635e-02
1.177846546810486054e-02
1.177968861049311262e-02
1.178091597112858498e-02
1.178215167150925557e-02
1.178337954417287871e-02
1.178459722419769769e-02
1.178581563334476535e-02
1.178704448568122960e-02
1.178827647221840184e-02
1.178950178527659980e-02
1.179073364218730449e-02
1.179197955274175619e-02
1.179322910735918460e-02
1.179446295023458754e-02
1.179568799833692269e-02
1.179692468062087940e-02
1.179817466305062290e-02
1.179942324906229148e-02
1.180068425526673188e-02
1.180195835629136922e-02
1.180324723263439374e-02
1.180454679214573005e-02
1.180584817756189647e-02
1.180714673266240397e-02
1.180845440690602051e-02
1.180976899095980553e-02
1.181108921638253893e-02
1.181241303141867920e-02
1.181374124034343873e-02
1.181506817823911072e-02
1.181639657677760989e-02
1.181773122389211290e-02
1.181905818311085495e-02
1.182036721513471736e-02
1.182166593519933320e-02
1.182295981360952791e-02
1.182423264112477876e-02
1.182548409449410073e-02
1.182674168440491815e-02
1.182801049533405667e-02
1.182929503260707511e-02
1.183057752878774113e-02
1.183185964274142792e-02
1.183314322743021264e-02
1.183444513118399669e-02
1.183574994550320655e-02
1.183705541204119194e-02
1.183837095669165035e-02
1.183968585790269069e-02
1.184101013615169139e-02
1.184232142510846172e-02
1.184363364273585337e-02
1.184493861456974335e-02
1.184624779327366796e-02
1.184755761654880321e-02
1.184887144557958925e-02
1.185018828188745023e-02
1.185149855299337876e-02
1.185281199900599727e-02
1.185412912810340780e-02
1.185545147934677183e-02
1.185676732522986283e-02
1.185808309160632339e-02
1.185938645729951897e-02
1.186068201068373254e-02
1.186198226704041590e-02
1.186328698574159839e-02
1.186459356021809207e-02
1.186588684760022695e-02
1.186718766501588043e-02
1.186848611221242092e-02
1.186976172419215020e-02
1.187104072796510076e-02
1.187231626564286789e-02
1.187359094936893053e-02
1.187486876765952472e-02
1.187615616304354797e-02
1.187745132774106066e-02
1.187874431030501096e-02
1.188002650561605610e-02
1.188131794630582945e-02
1.188261779669710916e-02
1.188390278562700270e-02
1.188517199505128956e-02
1.188642691784889613e-02
1.188768371956683105e-02
1.188893534813676225e-02
1.189018347068098759e-02
1.189142733610179005e-02
1.189266884014252186e-02
1.189390894794392813e-02
1.189515142594502368e-02
1.189639062544322647e-02
1.189762342536019625e-02
1.189885788843061259e-02
1.190008902017360148e-02
1.190132100576523147e-02
1.190254813069367354e-02
1.190379072637556997e-02
1.190503483812186021e-02
1.190627626440942700e-02
1.190752827700783043e-02
1.190878090692346070e-02
1.191003665666939826e-02
1.191128084958275116e-02
1.191252541618080182e-02
1.191376909401612762e-02
1.191501272360496501e-02
1.191625254836765381e-02
1.191750052488165131e-02
1.191876311954476880e-02
1.192004164659399637e-02
1.192131639971007705e-02
1.192259936592515550e-02
1.192389828669484717e-02
1.192521213475696007e-02
1.192653579855455781e-02
1.192785775085697213e-02
1.192918365155450425e-02
1.193051750026769518e-02
1.193184743051973334e-02
1.193317670137309175e-02
1.193449355718652176e-02
1.193580771622863163e-02
1.193711131918757072e-02
1.193842150340242332e-02
1.193970829664077991e-02
1.194098918622206462e-02
1.194228975647279936e-02
1.194359238732770230e-02
1.194489848686980556e-02
1.194621090853719911e-02
1.194752033393140823e-02
1.194884224487922746e-02
1.195016164930982373e-02
1.195147019973022764e-02
1.195276836333019309e-02
1.195404134955582558e-02
1.195529762621794743e-02
1.195654768627194865e-02
1.195779957021351168e-02
1.195906258459744631e-02
1.196031958914971043e-02
1.196158714534870625e-02
1.196284754589347493e-02
1.196411468109950110e-02
1.196538301585537041e-02
1.196665016773629762e-02
1.196793633534923296e-02
1.196923896395381964e-02
1.197055309411799301e-02
1.197185124629841432e-02
1.197313514008177364e-02
1.197440812203958566e-02
1.197567637405969575e-02
1.197695061288617940e-02
1.197822402188305699e-02
1.197948658806052488e-02
1.198074833082918289e-02
1.198200972149786325e-02
1.198327109924442538e-02
1.198453438274940837e-02
1.198579118298406451e-02
1.198703693965380394e-02
1.198829391722349563e-02
1.198956048951248417e-02
1.199083619970912375e-02
1.199211326087409012e-02
1.199339939653845839e-02
1.199469804923341924e-02
1.199600256286150433e-02
1.199730986609933228e-02
1.199861425490925115e-02
1.199991466069762029e-02
1.200123293791533798e-02
1.200255268392031414e-02
1.200386555385188347e-02
1.200519695375938493e-02
1.200653250158409228e-02
1.200785662384196498e-02
1.200918120348859475e-02
1.201051942094521693e-02
1.201185277488501894e-02
1.201319457503994756e-02
1.201453559702058901e-02
1.201588721848896764e-02
1.201724194026768978e-02
1.201859671811541380e-02
1.201996086600253498e-02
1.202131658662335296e-02
1.202267238060755056e-02
1.202402155579132374e-02
1.202536836440558539e-02
1.202672187200465662e-02
1.202809165547505214e-02
1.202944399011498383e-02
1.203079865520592304e-02
1.203215346135071660e-02
1.203349632506824606e-02
1.203484512132491253e-02
1.203619435267783665e-02
1.203754029822795904e-02
1.203889635327164837e-02
1.204027454444171058e-02
1.204165907018495997e-02
1.204304210421538665e-02
1.204441296285882305e-02
1.204578247927522508e-02
1.204714056082502142e-02
1.204850105978284153e-02
1.204986037947854832e-02
1.205122197921112796e-02
1.205259319781068483e-02
1.205396321865625543e-02
1.205532874550522063e-02
1.205668542334166482e-02
1.205804037857201132e-02
1.205938004336959586e-02
1.206070699602183709e-02
1.206201689391648776e-02
1.206332652905672646e-02
1.206464837736059663e-02
1.206597229734342018e-02
1.206728524074316203e-02
1.206860707149538109e-02
1.206993704099332612e-02
1.207126776629749258e-02
1.207260279312852985e-02
1.207393712752757170e-02
1.207527567795622231e-02
1.207662344057806869e-02
1.207798123946073748e-02
1.207933458381040687e-02
1.208068142057179030e-02
1.208201231118520222e-02
1.208334201614422697e-02
1.208465963555259079e-02
1.208597703234112926e-02
1.208729648292793807e-02
1.208862113779796479e-02
1.208995996019091197e-02
1.209130599264886079e-02
1.209265283432853395e-02
1.209400039262887097e-02
1.209535602755397801e-02
1.209671451910554994e-02
1.209807152080220188e-02
1.209942429254061598e-02
1.210075770347102640e-02
1.210207796687233148e-02
1.210339978634734567e-02
1.210471340667587485e-02
1.210601982299785995e-02
1.210732243125167522e-02
1.210860348023396101e-02
1.210987586958900582e-02
1.211114446090835566e-02
1.211242450592217232e-02
1.211369306869711920e-02
1.211497706958583088e-02
1.211626876320112851e-02
1.211755694934579623e-02
1.211884177033159191e-02
1.212012067949076906e-02
1.212140558118240605e-02
1.212268657936862136e-02
1.212397954711290013e-02
1.212529397342198244e-02
1.212660615182976562e-02
1.212790963109321510e-02
1.212921096732069021e-02
1.213050734800694488e-02
1.213181507437402669e-02
1.213314190221563560e-02
1.213446291866368716e-02
1.213577218820825754e-02
1.213708316319383855e-02
1.213838659151901880e-02
1.213967608695268666e-02
1.214094835870332088e-02
1.214222047795227369e-02
1.214349884044393577e-02
1.214477042861397509e-02
1.214602689764551942e-02
1.214727179046913748e-02
1.214850599862499041e-02
1.214972466655354390e-02
1.215095731963788776e-02
1.215220756851077659e-02
1.215346156548882152e-02
1.215471451947220706e-02
1.215598023814480275e-02
1.215725870758167966e-02
1.215855106301038518e-02
1.215984409304134498e-02
1.216112206135740170e-02
1.216239095014033135e-02
1.216367361163250491e-02
1.216498355586351568e-02
1.216628484557798554e-02
1.216758525654638989e-02
1.216887199510842052e-02
1.217015157186748971e-02
1.217143751841080063e-02
1.217270888100316709e-02
1.217395190395020518e-02
1.217519528023951192e-02
1.217642771374823768e-02
1.217765818144200991e-02
1.217888749659099337e-02
1.218010818625611842e-02
1.218133059241829387e-02
1.218255199428153017e-02
1.218376586839984253e-02
1.218498271472288723e-02
1.218619357920866508e-02
1.218740556571126961e-02
1.218861439279458544e-02
1.218982246672959714e-02
1.219103302398060959e-02
1.219223852348562918e-02
1.219344598030050637e-02
1.219465258416407329e-02
1.219586319556896677e-02
1.219706390074051273e-02
1.219826070585349788e-02
1.219946528475034271e-02
1.220066694210766682e-02
1.220187905444333060e-02
1.220309893982798183e-02
1.220431732759320875e-02
1.220553432662284041e-02
1.220674186164385881e-02
1.220793519487013527e-02
1.220911782092108655e-02
1.221030216145506560e-02
1.221147747424349179e-02
1.221265855696217900e-02
1.221383469854955654e-02
1.221500975596781849e-02
1.221616932589664889e-02
1.221732347810444361e-02
1.221847194518326830e-02
1.221963527853399747e-02
1.222079461646104724e-02
1.222194452760142803e-02
1.222310282707503998e-02
1.222427784136606750e-02
1.222544865765773543e-02
1.222660478667857847e-02
1.222777178011261352e-02
1.222893663323855115e-02
1.223010734743336034e-02
1.223128000608969361e-02
1.223247193614084710e-02
1.223366433124679735e-02
1.223486047949551639e-02
1.223605648826156869e-02
1.223724470282750582e-02
1.223844244564160390e-02
1.223964696482098685e-02
1.224085237689827646e-02
1.224205583237611937e-02
1.224326862463746661e-02
1.224448936194814930e-02
1.224569745678345811e-02
1.224689059797725785e-02
1.224806961159174978e-02
1.224926041369001940e-02
1.225045185820791173e-02
1.225165094989559035e-02
1.225286357633357213e-02
1.225407964936535768e-02
1.225529771293329059e-02
1.225651410490494718e-02
1.225773362573141616e-02
1.225895221388980869e-02
1.226016207177415759e-02
1.226134836085986980e-02
1.226252658175517631e-02
1.226371024311623259e-02
1.226490161036362589e-02
1.226609204045974941e-02
1.226726014891346868e-02
1.226841175266741787e-02
1.226955597474719585e-02
1.227070629147849513e-02
1.227185244708681872e-02
1.227300761813466569e-02
1.227416594064740900e-02
1.227532413728673125e-02
1.227647847739014690e-02
1.227762190524659368e-02
1.227875494465121252e-02
1.227989002874098519e-02
1.228104776640480574e-02
1.228220328422714377e-02
1.228334910323110665e-02
1.228450175711823765e-02
1.228566027057716344e-02
1.228683255135314990e-02
1.228799666141859072e-02
1.228916991662698174e-02
1.229034283344153898e-02
1.229151894302215123e-02
1.229268797735042634e-02
1.229384750023406782e-02
1.229500862392823510e-02
1.229615068465010792e-02
1.229728555647909699e-02
1.229841955992014638e-02
1.229956425839151372e-02
1.230072302178266373e-02
1.230190128879668846e-02
1.230307799837800087e-02
1.230425864149751677e-02
1.230543908859656026e-02
1.230660917746391643e-02
1.230777336505029483e-02
1.230892863079685422e-02
1.231007758851615681e-02
1.231121687392393305e-02
1.231235429106345737e-02
1.231349909456012914e-02
1.231464213439272676e-02
1.231580201061968811e-02
1.231696886735968686e-02
1.231814725395400517e-02
1.231933130125554936e-02
1.232050810643289286e-02
1.232167747429324840e-02
1.232284270687310744e-02
1.232400963404862992e-02
1.232517122781121889e-02
1.232633161661361894e-02
1.232747689452372633e-02
1.232863035696734992e-02
1.232979509161320764e-02
1.233096998392368797e-02
1.233215863269297545e-02
1.233335497188394088e-02
1.233455180111996119e-02
1.233574809339280792e-02
1.233694177579368334e-02
1.233812911506345159e-02
1.233930739346602787e-02
1.234050555651464674e-02
1.234171117101360085e-02
1.234292298434449056e-02
1.234413134268657654e-02
1.234533588004718858e-02
1.234653845714434386e-02
1.234775727299779711e-02
1.234897991290284484e-02
1.235020462846706142e-02
1.235142400309949089e-02
1.235263509442200217e-02
1.235384149978556445e-02
1.235505432246963506e-02
1.235626876732142006e-02
1.235746453369910430e-02
1.235865242893306737e-02
1.235982780122148184e-02
1.236101328791263353e-02
1.236219922348691901e-02
1.236338990370827208e-02
1.236456859820065854e-02
1.236573122522762781e-02
1.236688484489539656e-02
1.236801255726491071e-02
1.236915052708149367e-02
1.237027952599354351e-02
1.237140771719688441e-02
1.237252999241536706e-02
1.237365339579376937e-02
1.237478868660962447e-02
1.237592742545992434e-02
1.237707889595339970e-02
1.237824311758945091e-02
1.237941777123600408e-02
1.238059139182556487e-02
1.238174686378776430e-02
1.238289271602559249e-02
1.238402647339882819e-02
1.238514742962960706e-02
1.238627394258210758e-02
1.238741054878955868e-02
1.238853955310645870e-02
1.238966345480278092e-02
1.239078827134160871e-02
1.239189983901305137e-02
1.239299992824891873e-02
1.239411781284441467e-02
1.239524923972860557e-02
1.239638936783959804e-02
1.239753978701808347e-02
1.239868149795603745e-02
1.239981849468368980e-02
1.240095908892510645e-02
1.240209943554138744e-02
1.240325074536805135e-02
1.240441058146985083e-02
1.240556896390738149e-02
1.240671412343201906e-02
1.240784897629633454e-02
1.240897414888375572e-02
1.241009802417031987e-02
1.241123817387351780e-02
1.241235740578532608e-02
1.241346859867690881e-02
1.241457378887403026e-02
1.241567499057303313e-02
1.241678029381371694e-02
1.241789220364960741e-02
1.241901863919028619e-02
1.242015160351743475e-02
1.242127771072953739e-02
1.242238156838673842e-02
1.242346984051252018e-02
1.242455980882354281e-02
1.242565347055252407e-02
1.242675126607983502e-02
1.242785553146569417e-02
1.242895627939830452e-02
1.243005651323340725e-02
