7.999023437500000000e+00
4.776674212399435460e-01
2.563178684024002285e-01
1.780886361368197723e-01
1.375410095896151264e-01
1.125641332247481891e-01
9.556295501185400887e-02
8.320827832350823072e-02
7.380496814680907736e-02
6.639677038412759857e-02
6.040229519123924834e-02
5.544722781456361271e-02
5.127940736407245181e-02
4.772260382953472796e-02
4.464984721155862424e-02
4.196728302658422199e-02
3.960399988278909267e-02
3.750539783130938526e-02
3.562873636466672156e-02
3.394006841494929400e-02
3.241208099510080320e-02
3.102254388968811102e-02
2.975317526738678608e-02
2.858879887694940752e-02
2.751670882990075312e-02
2.652618456778894213e-02
2.560811608557810384e-02
2.475471118620333963e-02
2.395926451826748196e-02
2.321597367364106740e-02
2.251979150487748091e-02
2.186630658895437340e-02
2.125164575985661122e-02
2.067239408944094789e-02
2.012552877105131324e-02
1.960836416165940080e-02
1.911850584125604838e-02
1.865381200595747288e-02
1.821236086169383470e-02
1.779242295569471999e-02
1.739243759311404416e-02
1.701099265060161680e-02
1.664680722820656433e-02
1.629871668372822463e-02
1.596565967556052776e-02
1.564666690578668529e-02
1.534085130826638374e-02
1.504739946940034968e-02
1.476556410423048200e-02
1.449465743914949388e-02
1.423404537601161493e-02
1.398314233184635123e-02
1.374140666446257465e-02
1.350833660761272502e-02
1.328346665056172847e-02
1.306636430627054236e-02
1.285662722028021662e-02
1.265388057902752661e-02
1.245777478194773531e-02
1.226798334649662446e-02
1.208420101928972708e-02
1.190614207003088884e-02
1.173353874787577342e-02
1.156613988243011468e-02
1.140370961378109164e-02
1.124602623785716550e-02
1.109288115505318965e-02
1.094407791148073808e-02
1.079943132344049830e-02
1.065876667679018126e-02
1.052191899382249295e-02
1.038873236108891693e-02
1.025905931232634280e-02
1.013276026127577466e-02
1.000970297973923125e-02
9.889762116711036527e-03
9.772818754852972620e-03
9.658760000965551165e-03
9.547478607446899940e-03
9.438872622031666687e-03
9.332845063370035985e-03
9.229303620244702286e-03
9.128160372436164988e-03
9.029331531435995720e-03
8.932737199377200135e-03
8.838301144702265591e-03
8.745950593225797209e-03
8.655616033370063314e-03
8.567231034462212402e-03
8.480732077079859363e-03
8.396058394521243445e-03
8.313151824556249195e-03
8.231956670686811986e-03
8.152419572211185711e-03
8.074489382445504751e-03
7.998117054510069102e-03
7.923255534136560210e-03
7.849859658996472672e-03
7.777886064091662881e-03
7.707293092784310226e-03
7.638040713077087415e-03
7.570090438784845069e-03
7.503405255266700456e-03
7.437949549413183474e-03
7.373689043605752801e-03
7.310590733387943747e-03
7.248622828606227607e-03
7.187754697796842202e-03
7.127956815611337545e-03
7.069200713088141796e-03
7.011458930591913351e-03
6.954704973254533310e-03
6.898913268763798984e-03
6.844059127356335107e-03
6.790118703881262673e-03
6.737068961810437420e-03
6.684887639079464296e-03
6.633553215651339166e-03
6.583044882702199230e-03
6.533342513334912047e-03
6.484426634732805977e-03
6.436278401671252820e-03
6.388879571310442616e-03
6.342212479197308420e-03
6.296260016409506270e-03
6.251005607778163317e-03
6.206433191130565283e-03
6.162527197497143748e-03
6.119272532230895893e-03
6.076654556990404230e-03
6.034659072540601507e-03
5.993272302328198943e-03
5.952480876791303201e-03
5.912271818365112848e-03
5.872632527147836692e-03
5.833550767193104898e-03
5.795014653397082341e-03
5.757012638950324661e-03
5.719533503326140050e-03
5.682566340778802752e-03
5.646100549326515949e-03
5.610125820195394769e-03
5.574632127702065440e-03
5.539609719553662340e-03
5.505049107545328252e-03
5.470941058636224347e-03
5.437276586386133662e-03
5.404046942735832131e-03
5.371243610115110714e-03
5.338858293863298424e-03
5.306882914947935737e-03
5.275309602967937460e-03
5.244130689428366451e-03
5.213338701274513806e-03
5.182926354673734852e-03
5.152886549033968214e-03
5.123212361248468891e-03
5.093897040156827524e-03
5.064934001212826817e-03
5.036316821350162246e-03
5.008039234037465343e-03
4.980095124514565680e-03
4.952478525202235610e-03
4.925183611278072075e-03
4.898204696411559249e-03
4.871536228651607292e-03
4.845172786460267590e-03
4.819109074886601500e-03
4.793339921874816695e-03
4.767860274701434843e-03
4.742665196535977672e-03
4.717749863120395716e-03
4.693109559562350444e-03
4.668739677237871560e-03
4.644635710799070033e-03
4.620793255282666309e-03
4.597208003315487838e-03
4.573875742413112573e-03
4.550792352368015527e-03
4.527953802723851291e-03
4.505356150332479395e-03
4.482995536990632551e-03
4.460868187153198099e-03
4.438970405720213917e-03
4.417298575894841421e-03
4.395849157109609461e-03
4.374618683018477103e-03
4.353603759552220759e-03
4.332801063034835871e-03
4.312207338358783892e-03
4.291819397216843288e-03
4.271634116388595657e-03
4.251648436079590206e-03
4.231859358311224582e-03
4.212263945359642076e-03
4.192859318241822821e-03
4.173642655247263543e-03
4.154611190513621266e-03
4.135762212644802233e-03
4.117093063370001575e-03
4.098601136242331980e-03
4.080283875375621469e-03
4.062138774218110489e-03
4.044163374361784552e-03
4.026355264386158490e-03
4.008712078735321427e-03
3.991231496627120970e-03
3.973911240993475286e-03
3.956749077450724510e-03
3.939742813299020562e-03
3.922890296549884533e-03
3.906189414980887342e-03
3.889638095216694288e-03
3.873234301835513753e-03
3.856976036500219755e-03
3.840861337113292244e-03
3.824888276994841373e-03
3.809054964082971961e-03
3.793359540155820300e-03
3.777800180074499577e-03
3.762375091046384502e-03
3.747082511908037764e-03
3.731920712427215861e-03
3.716887992623312854e-03
3.701982682105723829e-03
3.687203139429539537e-03
3.672547751468075231e-03
3.658014932801699395e-03
3.643603125122465373e-03
3.629310796654102670e-03
3.615136441586870066e-03
3.601078579526840757e-03
3.587135754959198432e-03
3.573306536725125333e-03
3.559589517511856441e-03
3.545983313355581448e-03
3.532486563156710981e-03
3.519097928207245551e-03
3.505816091729877307e-03
3.492639758428425171e-03
3.479567654049345749e-03
3.466598524953972207e-03
3.453731137701181435e-03
3.440964278640206743e-03
3.428296753513248706e-03
3.415727387067730644e-03
3.403255022677768079e-03
3.390878521974748094e-03
3.378596764486664714e-03
3.366408647285990419e-03
3.354313084645880842e-03
3.342309007704438121e-03
3.330395364136855101e-03
3.318571117835192753e-03
3.306835248595583077e-03
3.295186751812689222e-03
3.283624638181198603e-03
3.272147933404162112e-03
3.260755677908012875e-03
3.249446926564067677e-03
3.238220748416344944e-03
3.227076226415549233e-03
3.216012457159033149e-03
3.205028550636584896e-03
3.194123629981926536e-03
3.183296831229700478e-03
3.172547303077885225e-03
3.161874206655440871e-03
3.151276715295066831e-03
3.140754014310952538e-03
3.130305300781381899e-03
3.119929783336062266e-03
3.109626681948081655e-03
3.099395227730334171e-03
3.089234662736365950e-03
3.079144239765462497e-03
3.069123222171908898e-03
3.059170883678326638e-03
3.049286508192952574e-03
3.039469389630790677e-03
3.029718831738535505e-03
3.020034147923154628e-03
3.010414661084084929e-03
3.000859703448896607e-03
2.991368616412389773e-03
2.981940750379017801e-03
2.972575464608556359e-03
2.963272127064944372e-03
2.954030114268236216e-03
2.944848811149549783e-03
2.935727610908988715e-03
2.926665914876430425e-03
2.917663132375137355e-03
2.908718680588103043e-03
2.899831984427083970e-03
2.891002476404264283e-03
2.882229596506444540e-03
2.873512792071773129e-03
2.864851517668880274e-03
2.856245234978416377e-03
2.847693412676908804e-03
2.839195526322915459e-03
2.830751058245374943e-03
2.822359497434147237e-03
2.814020339432672917e-03
2.805733086232712302e-03
2.797497246171113360e-03
2.789312333828554164e-03
2.781177869930237349e-03
2.773093381248473675e-03
2.765058400507117414e-03
2.757072466287829263e-03
2.749135122938084399e-03
2.741245920480935624e-03
2.733404414526471350e-03
2.725610166184915494e-03
2.717862741981372753e-03
2.710161713772142079e-03
2.702506658662578391e-03
2.694897158926509457e-03
2.687332801927078303e-03
2.679813180039101756e-03
2.672337890572812867e-03
2.664906535699005426e-03
2.657518722375545005e-03
2.650174062275212263e-03
2.642872171714849040e-03
2.635612671585789001e-03
2.628395187285535988e-03
2.621219348650652339e-03
2.614084789890888834e-03
2.606991149524431374e-03
2.599938070314351986e-03
2.592925199206140997e-03
2.585952187266385427e-03
2.579018689622479977e-03
2.572124365403442598e-03
2.565268877681734904e-03
2.558451893416106068e-03
2.551673083395436786e-03
2.544932122183552522e-03
2.538228688064994316e-03
2.531562462991720271e-03
2.524933132530727750e-03
2.518340385812575018e-03
2.511783915480780231e-03
2.505263417642076065e-03
2.498778591817529988e-03
2.492329140894473764e-03
2.485914771079252624e-03
2.479535191850768504e-03
2.473190115914814316e-03
2.466879259159152418e-03
2.460602340609372839e-03
2.454359082385457105e-03
2.448149209659079319e-03
2.441972450611625423e-03
2.435828536392875120e-03
2.429717201080397633e-03
2.423638181639597555e-03
2.417591217884409050e-03
2.411576052438657060e-03
2.405592430698014379e-03
2.399640100792609695e-03
2.393718813550221956e-03
2.387828322460071925e-03
2.381968383637201800e-03
2.376138755787429897e-03
2.370339200172849603e-03
2.364569480577910325e-03
2.358829363276011056e-03
2.353118616996634736e-03
2.347437012893016477e-03
2.341784324510291868e-03
2.336160327754186958e-03
2.330564800860172696e-03
2.324997524363106843e-03
2.319458281067369402e-03
2.313946856017432604e-03
2.308463036468923115e-03
2.303006611860106655e-03
2.297577373783827974e-03
2.292175115959885386e-03
2.286799634207818156e-03
2.281450726420121075e-03
2.276128192535876657e-03
2.270831834514773755e-03
2.265561456311530365e-03
2.260316863850709776e-03
2.255097865001912723e-03
2.249904269555339474e-03
2.244735889197740919e-03
2.239592537488707940e-03
2.234474029837323333e-03
2.229380183479178889e-03
2.224310817453713403e-03
2.219265752581901958e-03
2.214244811444270478e-03
2.209247818359247242e-03
2.204274599361809306e-03
2.199324982182479342e-03
2.194398796226596123e-03
2.189495872553919812e-03
2.184616043858512643e-03
2.179759144448918402e-03
2.174925010228649386e-03
2.170113478676927079e-03
2.165324388829724216e-03
2.160557581261071409e-03
2.155812898064634817e-03
2.151090182835564864e-03
2.146389280652593028e-03
2.141710038060392306e-03
2.137052303052196581e-03
2.132415925052656355e-03
2.127800754900936470e-03
2.123206644834067965e-03
2.118633448470524146e-03
2.114081020794029986e-03
2.109549218137600924e-03
2.105037898167803293e-03
2.100546919869241119e-03
2.096076143529254122e-03
2.091625430722835171e-03
2.087194644297739841e-03
2.082783648359837550e-03
2.078392308258625309e-03
2.074020490572967435e-03
2.069668063097032142e-03
2.065334894826399443e-03
2.061020855944388930e-03
2.056725817808547577e-03
2.052449652937345711e-03
2.048192234997037349e-03
2.043953438788703551e-03
2.039733140235477481e-03
2.035531216369933401e-03
2.031347545321651304e-03
2.027182006304951989e-03
2.023034479606785653e-03
2.018904846574797862e-03
2.014792989605537332e-03
2.010698792132842392e-03
2.006622138616363620e-03
2.002562914530246069e-03
1.998521006351966760e-03
1.994496301551307912e-03
1.990488688579484990e-03
1.986498056858422220e-03
1.982524296770146049e-03
1.978567299646352522e-03
1.974626957758075264e-03
1.970703164305520876e-03
1.966795813408002327e-03
1.962904800094045828e-03
1.959030020291580975e-03
1.955171370818285272e-03
1.951328749372056599e-03
1.947502054521582171e-03
1.943691185697057119e-03
1.939896043181008447e-03
1.936116528099232842e-03
1.932352542411859813e-03
1.928603988904522811e-03
1.924870771179646584e-03
1.921152793647840128e-03
1.917449961519398496e-03
1.913762180795919093e-03
1.910089358262020759e-03
1.906431401477156522e-03
1.902788218767547139e-03
1.899159719218199626e-03
1.895545812665037910e-03
1.891946409687119118e-03
1.888361421598963499e-03
1.884790760442958723e-03
1.881234338981877365e-03
1.877692070691471806e-03
1.874163869753180589e-03
1.870649651046891364e-03
1.867149330143831566e-03
1.863662823299520226e-03
1.860190047446809566e-03
1.856730920189022431e-03
1.853285359793162366e-03
1.849853285183209123e-03
1.846434615933506985e-03
1.843029272262207289e-03
1.839637175024814390e-03
1.836258245707803830e-03
1.832892406422309247e-03
1.829539579897888858e-03
1.826199689476374569e-03
1.822872659105783744e-03
1.819558413334307952e-03
1.816256877304379567e-03
1.812967976746789967e-03
1.809691637974907268e-03
1.806427787878932224e-03
1.803176353920240638e-03
1.799937264125791051e-03
1.796710447082588155e-03
1.793495831932219713e-03
1.790293348365460269e-03
1.787102926616928851e-03
1.783924497459813243e-03
1.780757992200659307e-03
1.777603342674212352e-03
1.774460481238333094e-03
1.771329340768951991e-03
1.768209854655102085e-03
1.765101956793994767e-03
1.762005581586161907e-03
1.758920663930648061e-03
1.755847139220254949e-03
1.752784943336856182e-03
1.749734012646740611e-03
1.746694283996033095e-03
1.743665694706152342e-03
1.740648182569323179e-03
1.737641685844148890e-03
1.734646143251216506e-03
1.731661493968768241e-03
1.728687677628409783e-03
1.725724634310881692e-03
1.722772304541855294e-03
1.719830629287799053e-03
1.716899549951878120e-03
1.713979008369903752e-03
1.711068946806323715e-03
1.708169307950265598e-03
1.705280034911614388e-03
1.702401071217141430e-03
1.699532360806672426e-03
1.696673848029298581e-03
1.693825477639626350e-03
1.690987194794075750e-03
1.688158945047212077e-03
1.685340674348121629e-03
1.682532329036827553e-03
1.679733855840740602e-03
1.676945201871154556e-03
1.674166314619771143e-03
1.671397141955280026e-03
1.668637632119950509e-03
1.665887733726281348e-03
1.663147395753677028e-03
1.660416567545165657e-03
1.657695198804142464e-03
1.654983239591160124e-03
1.652280640320739468e-03
1.649587351758234621e-03
1.646903325016712671e-03
1.644228511553868892e-03
1.641562863168989899e-03
1.638906331999933491e-03
1.636258870520142326e-03
1.633620431535699226e-03
1.630990968182404388e-03
1.628370433922882729e-03
1.625758782543730487e-03
1.623155968152683714e-03
1.620561945175817567e-03
1.617976668354778559e-03
1.615400092744045425e-03
1.612832173708216238e-03
1.610272866919316330e-03
1.607722128354156311e-03
1.605179914291691165e-03
1.602646181310429015e-03
1.600120886285847678e-03
1.597603986387854166e-03
1.595095439078260445e-03
1.592595202108285004e-03
1.590103233516090408e-03
1.587619491624329537e-03
1.585143935037735836e-03
1.582676522640721157e-03
1.580217213595008731e-03
1.577765967337288466e-03
1.575322743576886573e-03
1.572887502293480490e-03
1.570460203734811442e-03
1.568040808414436016e-03
1.565629277109500733e-03
1.563225570858529402e-03
1.560829650959241061e-03
1.558441478966381783e-03
1.556061016689594444e-03
1.553688226191285437e-03
1.551323069784538676e-03
1.548965510031027415e-03
1.546615509738963595e-03
1.544273031961059537e-03
1.541938039992512850e-03
1.539610497369007375e-03
1.537290367864734952e-03
1.534977615490448841e-03
1.532672204491515632e-03
1.530374099345994899e-03
1.528083264762750961e-03
1.525799665679561379e-03
1.523523267261259933e-03
1.521254034897888711e-03
1.518991934202872963e-03
1.516736931011214819e-03
1.514488991377694596e-03
1.512248081575108104e-03
1.510014168092503736e-03
1.507787217633441016e-03
1.505567197114272577e-03
1.503354073662435892e-03
1.501147814614767120e-03
1.498948387515818643e-03
1.496755760116216284e-03
1.494569900371003511e-03
1.492390776438024891e-03
1.490218356676313669e-03
1.488052609644496685e-03
1.485893504099212959e-03
1.483741008993554825e-03
1.481595093475513185e-03
1.479455726886442926e-03
1.477322878759544395e-03
1.475196518818357215e-03
1.473076616975270816e-03
1.470963143330037987e-03
1.468856068168322270e-03
1.466755361960241652e-03
1.464660995358929617e-03
1.462572939199119825e-03
1.460491164495731449e-03
1.458415642442469464e-03
1.456346344410451837e-03
1.454283241946823478e-03
1.452226306773412917e-03
1.450175510785379866e-03
1.448130826049880138e-03
1.446092224804751370e-03
1.444059679457200497e-03
1.442033162582507253e-03
1.440012646922740917e-03
1.437998105385488324e-03
1.435989511042592070e-03
1.433986837128901079e-03
1.431990057041033527e-03
1.429999144336148442e-03
1.428014072730732047e-03
1.426034816099390609e-03
1.424061348473663023e-03
1.422093644040829056e-03
1.420131677142747731e-03
1.418175422274687908e-03
1.416224854084178380e-03
1.414279947369874229e-03
1.412340677080418851e-03
1.410407018313326573e-03
1.408478946313874818e-03
1.406556436473999083e-03
1.404639464331212430e-03
1.402728005567511300e-03
1.400822036008317123e-03
1.398921531621406637e-03
1.397026468515867375e-03
1.395136822941049669e-03
1.393252571285532758e-03
1.391373690076104768e-03
1.389500155976750072e-03
1.387631945787633604e-03
1.385769036444110987e-03
1.383911405015739735e-03
1.382059028705297623e-03
1.380211884847813405e-03
1.378369950909600792e-03
1.376533204487309127e-03
1.374701623306973835e-03
1.372875185223080326e-03
1.371053868217634621e-03
1.369237650399242638e-03
1.367426510002191665e-03
1.365620425385557189e-03
1.363819375032289350e-03
1.362023337548336687e-03
1.360232291661756659e-03
1.358446216221845682e-03
1.356665090198261574e-03
1.354888892680185903e-03
1.353117602875445564e-03
1.351351200109684883e-03
1.349589663825525579e-03
1.347832973581733007e-03
1.346081109052393258e-03
1.344334050026096744e-03
1.342591776405134161e-03
1.340854268204685288e-03
1.339121505552030335e-03
1.337393468685757394e-03
1.335670137954981379e-03
1.333951493818567088e-03
1.332237516844363536e-03
1.330528187708435476e-03
1.328823487194312914e-03
1.327123396192240188e-03
1.325427895698427653e-03
1.323736966814322881e-03
1.322050590745867333e-03
1.320368748802786202e-03
1.318691422397856800e-03
1.317018593046201001e-03
1.315350242364578997e-03
1.313686352070685863e-03
1.312026903982457240e-03
1.310371880017378908e-03
1.308721262191803745e-03
1.307075032620273660e-03
1.305433173514844144e-03
1.303795667184422030e-03
1.302162496034100234e-03
1.300533642564501375e-03
1.298909089371126603e-03
1.297288819143717657e-03
1.295672814665603956e-03
1.294061058813077668e-03
1.292453534554756844e-03
1.290850224950969597e-03
1.289251113153123528e-03
1.287656182403101607e-03
1.286065416032644180e-03
1.284478797462750054e-03
1.282896310203073247e-03
1.281317937851330800e-03
1.279743664092710797e-03
1.278173472699286467e-03
1.276607347529437652e-03
1.275045272527274010e-03
1.273487231722064076e-03
1.271933209227666924e-03
1.270383189241969680e-03
1.268837156046333497e-03
1.267295094005038225e-03
1.265756987564728821e-03
1.264222821253879530e-03
1.262692579682247887e-03
1.261166247540339768e-03
1.259643809598879217e-03
1.258125250708277401e-03
1.256610555798117401e-03
1.255099709876623384e-03
1.253592698030156233e-03
1.252089505422695516e-03
1.250590117295337063e-03
1.249094518965788167e-03
1.247602695827865595e-03
1.246114633351007696e-03
1.244630317079776106e-03
1.243149732633370671e-03
1.241672865705148714e-03
1.240199702062138665e-03
1.238730227544572980e-03
1.237264428065406327e-03
1.235802289609853281e-03
1.234343798234921897e-03
1.232888940068951195e-03
1.231437701311150369e-03
1.229990068231151231e-03
1.228546027168553496e-03
1.227105564532475924e-03
1.225668666801113093e-03
1.224235320521297821e-03
1.222805512308059893e-03
1.221379228844196498e-03
1.219956456879836603e-03
1.218537183232016154e-03
1.217121394784256763e-03
1.215709078486143079e-03
1.214300221352900173e-03
1.212894810464987825e-03
1.211492832967682671e-03
1.210094276070674234e-03
1.208699127047656178e-03
1.207307373235929271e-03
1.205919002035996113e-03
1.204534000911173424e-03
1.203152357387189805e-03
1.201774059051801498e-03
1.200399093554405756e-03
1.199027448605652921e-03
1.197659111977069334e-03
1.196294071500675479e-03
1.194932315068613672e-03
1.193573830632771405e-03
1.192218606204413587e-03
1.190866629853819334e-03
1.189517889709906838e-03
1.188172373959881000e-03
1.186830070848872388e-03
1.185490968679579673e-03
1.184155055811913137e-03
1.182822320662649035e-03
1.181492751705078307e-03
1.180166337468656606e-03
1.178843066538669705e-03
1.177522927555883737e-03
1.176205909216212564e-03
1.174892000270377768e-03
1.173581189523578835e-03
1.172273465835159444e-03
1.170968818118278297e-03
1.169667235339587547e-03
1.168368706518902985e-03
1.167073220728885282e-03
1.165780767094720801e-03
1.164491334793806964e-03
1.163204913055433058e-03
1.161921491160467119e-03
1.160641058441056047e-03
1.159363604280306626e-03
1.158089118111983468e-03
1.156817589420208693e-03
1.155549007739155526e-03
1.154283362652756004e-03
1.153020643794396742e-03
1.151760840846629457e-03
1.150503943540874974e-03
1.149249941657137005e-03
1.147998825023710924e-03
1.146750583516894075e-03
1.145505207060707993e-03
1.144262685626611965e-03
1.143023009233224384e-03
1.141786167946042809e-03
1.140552151877169233e-03
1.139320951185035556e-03
1.138092556074128854e-03
1.136866956794725528e-03
1.135644143642618089e-03
1.134424106958848875e-03
1.133206837129449411e-03
1.131992324585173477e-03
1.130780559801236899e-03
1.129571533297057994e-03
1.128365235636001693e-03
1.127161657425124327e-03
1.125960789314913628e-03
1.124762621999045222e-03
1.123567146214128707e-03
1.122374352739455034e-03
1.121184232396755165e-03
1.119996776049956991e-03
1.118811974604930334e-03
1.117629819009260343e-03
1.116450300251993358e-03
1.115273409363412484e-03
1.114099137414784751e-03
1.112927475518142107e-03
1.111758414826038337e-03
1.110591946531315748e-03
1.109428061866882254e-03
1.108266752105480004e-03
1.107108008559453587e-03
1.105951822580528415e-03
1.104798185559588029e-03
1.103647088926449022e-03
1.102498524149640290e-03
1.101352482736184246e-03
1.100208956231379757e-03
1.099067936218581622e-03
1.097929414318993919e-03
1.096793382191443844e-03
1.095659831532183300e-03
1.094528754074667286e-03
1.093400141589350501e-03
1.092273985883479830e-03
1.091150278800882920e-03
1.090029012221767823e-03
1.088910178062518514e-03
1.087793768275490411e-03
1.086679774848813267e-03
1.085568189806187340e-03
1.084459005206688670e-03
1.083352213144569151e-03
1.082247805749062030e-03
1.081145775184191296e-03
1.080046113648572195e-03
1.078948813375224525e-03
1.077853866631378566e-03
1.076761265718290984e-03
1.075671002971051839e-03
1.074583070758398972e-03
1.073497461482535642e-03
1.072414167578943610e-03
1.071333181516199908e-03
1.070254495795796646e-03
1.069178102951961465e-03
1.068103995551473008e-03
1.067032166193489185e-03
1.065962607509366757e-03
1.064895312162485912e-03
1.063830272848074413e-03
1.062767482293037807e-03
1.061706933255782050e-03
1.060648618526047193e-03
1.059592530924732389e-03
1.058538663303731746e-03
1.057487008545762589e-03
1.056437559564198710e-03
1.055390309302907522e-03
1.054345250736085692e-03
1.053302376868088487e-03
1.052261680733276687e-03
1.051223155395848534e-03
1.050186793949682519e-03
1.049152589518177574e-03
1.048120535254090440e-03
1.047090624339386917e-03
1.046062849985076627e-03
1.045037205431064483e-03
1.044013683945990440e-03
1.042992278827081613e-03
1.041972983399997669e-03
1.040955791018676434e-03
1.039940695065189697e-03
1.038927688949587737e-03
1.037916766109755768e-03
1.036907920011260857e-03
1.035901144147211841e-03
1.034896432038108407e-03
1.033893777231699928e-03
1.032893173302837364e-03
1.031894613853336432e-03
1.030898092511828203e-03
1.029903602933625751e-03
1.028911138800577994e-03
1.027920693820932223e-03
1.026932261729196624e-03
1.025945836286003667e-03
1.024961411277969161e-03
1.023978980517559331e-03
1.022998537842956376e-03
1.022020077117923812e-03
1.021043592231671380e-03
1.020069077098726459e-03
1.019096525658795506e-03
1.018125931876642624e-03
1.017157289741952523e-03
1.016190593269201926e-03
1.015225836497536194e-03
1.014263013490635098e-03
1.013302118336591390e-03
1.012343145147779613e-03
1.011386088060738358e-03
1.010430941236037990e-03
1.009477698858161606e-03
1.008526355135380345e-03
1.007576904299631966e-03
1.006629340606398975e-03
1.005683658334590022e-03
1.004739851786415209e-03
1.003797915287273123e-03
1.002857843185626149e-03
1.001919629852890100e-03
1.000983269683308665e-03
1.000048757093843473e-03
9.991160865240565625e-04
9.981852524359969767e-04
9.972562493140812827e-04
9.963290716649892721e-04
9.954037140175412291e-04
9.944801709225938469e-04
9.935584369529240015e-04
9.926385067031205482e-04
9.917203747894735161e-04
9.908040358498648205e-04
9.898894845436585418e-04
9.889767155515931558e-04
9.880657235756767996e-04
9.871565033390788512e-04
9.862490495860202089e-04
9.853433570816739779e-04
9.844394206120566163e-04
9.835372349839253698e-04
9.826367950246735379e-04
9.817380955822309439e-04
9.808411315249542135e-04
9.799458977415341845e-04
9.790523891408877029e-04
9.781606006520617794e-04
9.772705272241292897e-04
9.763821638260947568e-04
9.754955054467917856e-04
9.746105470947851596e-04
9.737272837982769488e-04
9.728457106050054622e-04
9.719658225821485370e-04
9.710876148162327906e-04
9.702110824130343080e-04
9.693362204974827982e-04
9.684630242135717137e-04
9.675914887242611064e-04
9.667216092113882888e-04
9.658533808755688467e-04
9.649867989361126134e-04
9.641218586309282601e-04
9.632585552164302711e-04
9.623968839674556771e-04
9.615368401771648508e-04
9.606784191569604087e-04
9.598216162363946199e-04
9.589664267630821281e-04
9.581128461026114807e-04
9.572608696384586092e-04
9.564104927718993345e-04
9.555617109219265333e-04
9.547145195251601499e-04
9.538689140357626281e-04
9.530248899253575962e-04
9.521824426829421546e-04
9.513415678148054531e-04
9.505022608444437969e-04
9.496645173124784647e-04
9.488283327765761280e-04
9.479937028113612479e-04
9.471606230083394213e-04
9.463290889758169339e-04
9.454990963388167340e-04
9.446706407390026471e-04
9.438437178345948078e-04
9.430183233002981027e-04
9.421944528272143500e-04
9.413721021227732357e-04
9.405512669106487218e-04
9.397319429306855371e-04
9.389141259388176456e-04
9.380978117069974477e-04
9.372829960231159833e-04
9.364696746909307234e-04
9.356578435299868577e-04
9.348474983755451946e-04
9.340386350785089779e-04
9.332312495053452818e-04
9.324253375380186582e-04
9.316208950739132905e-04
9.308179180257589429e-04
9.300164023215665588e-04
9.292163439045495474e-04
9.284177387330528773e-04
9.276205827804876987e-04
9.268248720352533897e-04
9.260306025006755396e-04
9.252377701949283202e-04
9.244463711509710597e-04
9.236564014164752763e-04
9.228678570537615774e-04
9.220807341397249581e-04
9.212950287657703996e-04
9.205107370377468411e-04
9.197278550758781167e-04
9.189463790146953004e-04
9.181663050029744734e-04
9.173876292036662510e-04
9.166103477938335490e-04
9.158344569645847973e-04
9.150599529210097548e-04
9.142868318821152163e-04
9.135150900807606110e-04
9.127447237635938175e-04
9.119757291909888226e-04
9.112081026369814275e-04
9.104418403892099425e-04
9.096769387488477495e-04
9.089133940305438872e-04
9.081512025623634209e-04
9.073903606857219558e-04
9.066308647553286085e-04
9.058727111391220391e-04
9.051158962182149397e-04
9.043604163868259466e-04
9.036062680522296588e-04
9.028534476346910436e-04
9.021019515674055887e-04
9.013517762964476940e-04
9.006029182807042104e-04
8.998553739918217472e-04
8.991091399141461736e-04
8.983642125446665658e-04
8.976205883929592620e-04
8.968782639811285562e-04
8.961372358437494530e-04
8.953975005278170347e-04
8.946590545926837949e-04
8.939218946100092227e-04
8.931860171637026656e-04
8.924514188498659751e-04
8.917180962767447174e-04
8.909860460646680004e-04
8.902552648459971909e-04
8.895257492650717043e-04
8.887974959781553370e-04
8.880705016533833570e-04
8.873447629707097032e-04
8.866202766218540766e-04
8.858970393102492480e-04
8.851750477509895583e-04
8.844542986707793104e-04
8.837347888078794268e-04
8.830165149120606117e-04
8.822994737445456715e-04
8.815836620779665808e-04
8.808690766963071274e-04
8.801557143948565091e-04
8.794435719801597853e-04
8.787326462699647511e-04
8.780229340931780275e-04
8.773144322898100917e-04
8.766071377109314758e-04
8.759010472186199662e-04
8.751961576859161509e-04
8.744924659967724624e-04
8.737899690460061231e-04
8.730886637392524163e-04
8.723885469929162223e-04
8.716896157341270240e-04
8.709918669006889254e-04
8.702952974410359819e-04
8.695999043141870982e-04
8.689056844896958292e-04
8.682126349476110240e-04
8.675207526784239160e-04
8.668300346830285505e-04
8.661404779726731033e-04
8.654520795689155371e-04
8.647648365035819681e-04
8.640787458187180938e-04
8.633938045665483186e-04
8.627100098094305424e-04
8.620273586198091064e-04
8.613458480801774965e-04
8.606654752830305297e-04
8.599862373308251066e-04
8.593081313359315302e-04
8.586311544205966432e-04
8.579553037168976409e-04
8.572805763667041244e-04
8.566069695216306122e-04
8.559344803429984848e-04
8.552631060017954357e-04
8.545928436786287422e-04
8.539236905636915466e-04
8.532556438567162355e-04
8.525887007669350837e-04
8.519228585130420896e-04
8.512581143231510170e-04
8.505944654347539786e-04
8.499319090946839223e-04
8.492704425590742994e-04
8.486100630933191653e-04
8.479507679720329561e-04
8.472925544790147097e-04
8.466354199072064326e-04
8.459793615586537431e-04
8.453243767444713940e-04
8.446704627848013137e-04
8.440176170087735751e-04
8.433658367544746284e-04
8.427151193689043666e-04
8.420654622079369860e-04
8.414168626362914958e-04
8.407693180274856395e-04
8.401228257638061877e-04
8.394773832362678470e-04
8.388329878445776981e-04
8.381896369970984412e-04
8.375473281108151112e-04
8.369060586112961548e-04
8.362658259326570011e-04
8.356266275175265601e-04
8.349884608170124196e-04
8.343513232906624643e-04
8.337152124064309408e-04
8.330801256406457139e-04
8.324460604779724887e-04
8.318130144113758872e-04
8.311809849420924521e-04
8.305499695795898803e-04
8.299199658415389426e-04
8.292909712537741267e-04
8.286629833502618704e-04
8.280359996730685774e-04
8.274100177723264652e-04
8.267850352061978944e-04
8.261610495408462044e-04
8.255380583503993917e-04
8.249160592169189942e-04
8.242950497303696243e-04
8.236750274885806973e-04
8.230559900972213858e-04
8.224379351697621307e-04
8.218208603274465606e-04
8.212047631992592904e-04
8.205896414218935044e-04
8.199754926397178874e-04
8.193623145047496288e-04
8.187501046766195107e-04
8.181388608225413335e-04
8.175285806172834019e-04
8.169192617431353474e-04
8.163109018898792894e-04
8.157034987547569834e-04
8.150970500424424992e-04
8.144915534650117549e-04
8.138870067419093400e-04
8.132834075999221700e-04
8.126807537731492361e-04
8.120790430029699476e-04
8.114782730380186524e-04
8.108784416341509186e-04
8.102795465544165377e-04
8.096815855690325282e-04
8.090845564553500674e-04
8.084884569978299882e-04
8.078932849880110121e-04
8.072990382244835117e-04
8.067057145128609958e-04
8.061133116657489932e-04
8.055218275027227178e-04
8.049312598502942175e-04
8.043416065418860280e-04
8.037528654178054772e-04
8.031650343252148697e-04
8.025781111181049237e-04
8.019920936572673409e-04
8.014069798102690023e-04
8.008227674514249717e-04
8.002394544617675957e-04
7.996570387290262297e-04
7.990755181475976384e-04
7.984948906185157470e-04
7.979151540494331014e-04
7.973363063545883421e-04
7.967583454547851702e-04
7.961812692773596054e-04
7.956050757561613368e-04
7.950297628315247753e-04
7.944553284502424905e-04
7.938817705655424424e-04
7.933090871370605509e-04
7.927372761308154343e-04
7.921663355191858576e-04
7.915962632808821097e-04
7.910270574009254036e-04
7.904587158706183857e-04
7.898912366875247533e-04
7.893246178554420411e-04
7.887588573843780934e-04
7.881939532905277547e-04
7.876299035962481491e-04
7.870667063300325512e-04
7.865043595264898952e-04
7.859428612263192953e-04
7.853822094762853267e-04
7.848224023291967746e-04
7.842634378438818063e-04
7.837053140851632516e-04
7.831480291238386527e-04
7.825915810366544613e-04
7.820359679062837029e-04
7.814811878213045104e-04
7.809272388761735609e-04
7.803741191712076442e-04
7.798218268125579672e-04
7.792703599121904214e-04
7.787197165878606466e-04
7.781698949630916958e-04
7.776208931671552789e-04
7.770727093350443320e-04
7.765253416074566466e-04
7.759787881307677639e-04
7.754330470570137360e-04
7.748881165438672742e-04
7.743439947546134619e-04
7.738006798581354437e-04
7.732581700288847183e-04
7.727164634468660677e-04
7.721755582976132714e-04
7.716354527721691571e-04
7.710961450670650004e-04
7.705576333842963479e-04
7.700199159313069700e-04
7.694829909209677200e-04
7.689468565715485609e-04
7.684115111067078320e-04
7.678769527554681800e-04
7.673431797521924891e-04
7.668101903365692447e-04
7.662779827535895483e-04
7.657465552535258667e-04
7.652159060919154444e-04
7.646860335295386189e-04
7.641569358323982214e-04
7.636286112716997353e-04
7.631010581238353591e-04
7.625742746703603704e-04
7.620482591979736101e-04
7.615230099985024126e-04
7.609985253688784273e-04
7.604748036111225488e-04
7.599518430323212812e-04
7.594296419446131853e-04
7.589081986651654600e-04
7.583875115161575709e-04
7.578675788247600000e-04
7.573483989231199337e-04
7.568299701483389291e-04
7.563122908424552409e-04
7.557953593524259321e-04
7.552791740301080092e-04
7.547637332322425924e-04
7.542490353204325815e-04
7.537350786611262841e-04
7.532218616256021286e-04
7.527093825899469799e-04
7.521976399350398766e-04
7.516866320465352257e-04
7.511763573148425282e-04
7.506668141351112000e-04
7.501580009072124659e-04
7.496499160357220125e-04
7.491425579299009060e-04
7.486359250036800882e-04
7.481300156756442218e-04
7.476248283690103318e-04
7.471203615116172887e-04
7.466166135359004379e-04
7.461135828788842276e-04
7.456112679821559706e-04
7.451096672918563037e-04
7.446087792586599972e-04
7.441086023377561139e-04
7.436091349888383599e-04
7.431103756760823161e-04
7.426123228681306932e-04
7.421149750380810805e-04
7.416183306634623095e-04
7.411223882262267569e-04
7.406271462127258414e-04
7.401326031137001570e-04
7.396387574242611505e-04
7.391456076438746416e-04
7.386531522763460774e-04
7.381613898298061130e-04
7.376703188166901194e-04
7.371799377537277759e-04
7.366902451619255056e-04
7.362012395665515135e-04
7.357129194971168129e-04
7.352252834873661182e-04
7.347383300752587630e-04
7.342520578029517863e-04
7.337664652167901749e-04
7.332815508672866972e-04
7.327973133091097600e-04
7.323137511010657363e-04
7.318308628060890986e-04
7.313486469912210608e-04
7.308671022275999279e-04
7.303862270904438580e-04
7.299060201590387188e-04
7.294264800167196564e-04
7.289476052508590603e-04
7.284693944528524692e-04
7.279918462181032834e-04
7.275149591460082369e-04
7.270387318399441695e-04
7.265631629072526318e-04
7.260882509592269827e-04
7.256139946110969942e-04
7.251403924820160572e-04
7.246674431950458949e-04
7.241951453771435518e-04
7.237234976591492511e-04
7.232524986757685051e-04
7.227821470655618153e-04
7.223124414709289516e-04
7.218433805380977848e-04
7.213749629171082407e-04
7.209071872618000483e-04
7.204400522297989707e-04
7.199735564825043366e-04
7.195076986850735363e-04
7.190424775064125891e-04
7.185778916191565193e-04
7.181139396996648024e-04
7.176506204280007654e-04
7.171879324879213953e-04
7.167258745668662803e-04
7.162644453559418884e-04
7.158036435499092083e-04
7.153434678471727983e-04
7.148839169497643066e-04
7.144249895633341231e-04
7.139666843971358753e-04
7.135090001640152606e-04
7.130519355803949764e-04
7.125954893662669138e-04
7.121396602451750268e-04
7.116844469442050328e-04
7.112298481939716187e-04
7.107758627286080329e-04
7.103224892857511229e-04
7.098697266065291927e-04
7.094175734355524614e-04
7.089660285208992940e-04
7.085150906141031912e-04
7.080647584701434648e-04
7.076150308474311434e-04
7.071659065077969377e-04
7.067173842164821331e-04
7.062694627421226522e-04
7.058221408567404891e-04
7.053754173357321090e-04
7.049292909578543532e-04
7.044837605052139224e-04
7.040388247632585949e-04
7.035944825207609632e-04
7.031507325698097607e-04
7.027075737057998867e-04
7.022650047274161438e-04
7.018230244366274913e-04
7.013816316386732759e-04
7.009408251420496793e-04
7.005006037585040802e-04
7.000609663030185744e-04
6.996219115938023857e-04
6.991834384522783129e-04
6.987455457030747070e-04
6.983082321740113766e-04
6.978714966960906972e-04
6.974353381034862276e-04
6.969997552335323006e-04
6.965647469267116643e-04
6.961303120266475663e-04
6.956964493800908526e-04
6.952631578369097756e-04
6.948304362500783930e-04
6.943982834756708220e-04
6.939666983728433498e-04
6.935356798038299882e-04
6.931052266339292464e-04
6.926753377314951322e-04
6.922460119679240331e-04
6.918172482176486449e-04
6.913890453581251778e-04
6.909614022698227316e-04
6.905343178362145133e-04
6.901077909437668871e-04
6.896818204819302666e-04
6.892564053431272974e-04
6.888315444227449420e-04
6.884072366191226625e-04
6.879834808335450478e-04
6.875602759702271766e-04
6.871376209363111486e-04
6.867155146418516638e-04
6.862939559998064822e-04
6.858729439260297014e-04
6.854524773392595052e-04
6.850325551611085141e-04
6.846131763160561963e-04
6.841943397314371577e-04
6.837760443374325771e-04
6.833582890670607734e-04
6.829410728561679904e-04
6.825243946434176624e-04
6.821082533702826087e-04
6.816926479810350584e-04
6.812775774227377602e-04
6.808630406452328152e-04
6.804490366011359303e-04
6.800355642458244922e-04
6.796226225374278097e-04
6.792102104368222346e-04
6.787983269076167418e-04
6.783869709161479420e-04
6.779761414314684808e-04
6.775658374253391240e-04
6.771560578722207345e-04
6.767468017492646228e-04
6.763380680363020305e-04
6.759298557158381670e-04
6.755221637730415840e-04
6.751149911957340932e-04
6.747083369743884888e-04
6.743022001021100080e-04
6.738965795746353548e-04
6.734914743903226177e-04
6.730868835501401014e-04
6.726828060576586299e-04
6.722792409190454744e-04
6.718761871430532946e-04
6.714736437410128746e-04
6.710716097268236901e-04
6.706700841169475121e-04
6.702690659303965886e-04
6.698685541887296332e-04
6.694685479160403328e-04
6.690690461389508419e-04
6.686700478866009411e-04
6.682715521906437001e-04
6.678735580852349606e-04
6.674760646070262895e-04
6.670790707951532693e-04
6.666825756912336549e-04
6.662865783393563147e-04
6.658910777860693048e-04
6.654960730803796513e-04
6.651015632737389315e-04
6.647075474200380687e-04
6.643140245756005025e-04
6.639209937991717801e-04
6.635284541519134846e-04
6.631364046973934777e-04
6.627448445015830802e-04
6.623537726328423275e-04
6.619631881619174752e-04
6.615730901619322176e-04
6.611834777083777127e-04
6.607943498791080290e-04
6.604057057543317967e-04
6.600175444166032088e-04
6.596298649508161669e-04
6.592426664441952818e-04
6.588559479862899108e-04
6.584697086689663510e-04
6.580839475863992745e-04
6.576986638350660903e-04
6.573138565137380540e-04
6.569295247234738710e-04
6.565456675676125406e-04
6.561622841517660920e-04
6.557793735838097181e-04
6.553969349738796068e-04
6.550149674343619909e-04
6.546334700798859922e-04
6.542524420273185259e-04
6.538718823957567110e-04
6.534917903065199556e-04
6.531121648831415003e-04
6.527330052513658160e-04
6.523543105391364609e-04
6.519760798765941289e-04
6.515983123960648318e-04
6.512210072320569719e-04
6.508441635212522348e-04
6.504677804024993010e-04
6.500918570168069070e-04
6.497163925073372315e-04
6.493413860193989568e-04
6.489668367004417394e-04
6.485927437000469937e-04
6.482191061699224717e-04
6.478459232638967332e-04
6.474731941379111228e-04
6.471009179500134814e-04
6.467290938603502317e-04
6.463577210311635592e-04
6.459867986267799197e-04
6.456163258136073287e-04
6.452463017601273382e-04
6.448767256368888572e-04
6.445075966165011040e-04
6.441389138736278597e-04
6.437706765849807470e-04
6.434028839293141335e-04
6.430355350874155914e-04
6.426686292421021022e-04
6.423021655782149616e-04
6.419361432826096959e-04
6.415705615441527013e-04
6.412054195537140880e-04
6.408407165041612834e-04
6.404764515903530690e-04
6.401126240091341594e-04
6.397492329593278300e-04
6.393862776417299533e-04
6.390237572591031447e-04
6.386616710161721003e-04
6.383000181196143812e-04
6.379387977780570521e-04
6.375780092020710442e-04
6.372176516041607461e-04
6.368577241987649802e-04
6.364982262022454013e-04
6.361391568328821598e-04
6.357805153108685896e-04
6.354223008583063286e-04
6.350645126991964285e-04
6.347071500594356685e-04
6.343502121668123271e-04
6.339936982509959901e-04
6.336376075435347323e-04
6.332819392778495874e-04
6.329266926892284772e-04
6.325718670148184047e-04
6.322174614936231776e-04
6.318634753664947347e-04
6.315099078761303268e-04
6.311567582670640601e-04
6.308040257856629930e-04
6.304517096801211728e-04
6.300998092004548657e-04
6.297483235984944246e-04
6.293972521278832057e-04
6.290465940440660752e-04
6.286963486042904939e-04
6.283465150675957836e-04
6.279970926948110670e-04
6.276480807485474616e-04
6.272994784931939594e-04
6.269512851949127653e-04
6.266035001216311651e-04
6.262561225430413091e-04
6.259091517305869845e-04
6.255625869574668683e-04
6.252164274986241185e-04
6.248706726307406284e-04
6.245253216322359420e-04
6.241803737832585805e-04
6.238358283656801877e-04
6.234916846630955299e-04
6.231479419608099190e-04
6.228045995458400801e-04
6.224616567069067791e-04
6.221191127344285338e-04
6.217769669205182531e-04
6.214352185589786838e-04
6.210938669452950372e-04
6.207529113766320624e-04
6.204123511518265651e-04
6.200721855713861065e-04
6.197324139374808718e-04
6.193930355539399839e-04
6.190540497262454322e-04
6.187154557615302287e-04
6.183772529685683259e-04
6.180394406577751579e-04
6.177020181411985340e-04
6.173649847325172286e-04
6.170283397470336089e-04
6.166920825016686475e-04
6.163562123149594289e-04
6.160207285070529691e-04
6.156856303997000363e-04
6.153509173162547167e-04
6.150165885816632474e-04
6.146826435224655343e-04
6.143490814667861531e-04
6.140159017443332654e-04
6.136831036863896194e-04
6.133506866258109239e-04
6.130186498970218367e-04
6.126869928360079414e-04
6.123557147803143381e-04
6.120248150690408727e-04
6.116942930428337886e-04
6.113641480438861608e-04
6.110343794159312815e-04
6.107049865042375649e-04
6.103759686556026924e-04
6.100473252183539379e-04
6.097190555423393854e-04
6.093911589789227255e-04
6.090636348809846641e-04
6.087364826029113222e-04
6.084097015005957530e-04
6.080832909314281848e-04
6.077572502542964543e-04
6.074315788295790676e-04
6.071062760191407552e-04
6.067813411863297616e-04
6.064567736959711229e-04
6.061325729143642819e-04
6.058087382092791845e-04
6.054852689499495583e-04
6.051621645070710690e-04
6.048394242527957909e-04
6.045170475607278705e-04
6.041950338059205988e-04
6.038733823648708820e-04
6.035520926155154469e-04
6.032311639372271543e-04
6.029105957108092531e-04
6.025903873184944044e-04
6.022705381439358990e-04
6.019510475722088510e-04
6.016319149898028242e-04
6.013131397846163033e-04
6.009947213459564770e-04
6.006766590645337082e-04
6.003589523324561134e-04
6.000416005432265268e-04
5.997246030917389222e-04
5.994079593742740767e-04
5.990916687884956671e-04
5.987757307334457164e-04
5.984601446095404740e-04
5.981449098185683553e-04
5.978300257636844127e-04
5.975154918494055651e-04
5.972013074816094049e-04
5.968874720675266090e-04
5.965739850157408299e-04
5.962608457361830584e-04
5.959480536401273948e-04
5.956356081401880135e-04
5.953235086503136332e-04
5.950117545857879506e-04
5.947003453632197746e-04
5.943892804005448689e-04
5.940785591170184713e-04
5.937681809332120411e-04
5.934581452710118495e-04
5.931484515536135588e-04
5.928390992055169095e-04
5.925300876525255037e-04
5.922214163217408419e-04
5.919130846415575527e-04
5.916050920416631755e-04
5.912974379530323062e-04
5.909901218079221521e-04
5.906831430398701462e-04
5.903765010836918873e-04
5.900701953754730091e-04
5.897642253525701549e-04
5.894585904536054494e-04
5.891532901184621607e-04
5.888483237882830750e-04
5.885436909054654001e-04
5.882393909136569713e-04
5.879354232577550582e-04
5.876317873839002935e-04
5.873284827394736375e-04
5.870255087730951848e-04
5.867228649346171174e-04
5.864205506751217533e-04
5.861185654469208955e-04
5.858169087035471588e-04
5.855155798997542949e-04
5.852145784915126388e-04
5.849139039360059644e-04
5.846135556916272564e-04
5.843135332179773007e-04
5.840138359758574203e-04
5.837144634272714268e-04
5.834154150354182479e-04
5.831166902646896504e-04
5.828182885806673132e-04
5.825202094501189237e-04
5.822224523409965519e-04
5.819250167224300366e-04
5.816279020647273108e-04
5.813311078393685466e-04
5.810346335190045295e-04
5.807384785774523210e-04
5.804426424896925486e-04
5.801471247318658276e-04
5.798519247812705928e-04
5.795570421163582196e-04
5.792624762167302051e-04
5.789682265631371921e-04
5.786742926374728981e-04
5.783806739227715125e-04
5.780873699032061793e-04
5.777943800640848769e-04
5.775017038918462981e-04
5.772093408740583322e-04
5.769172904994136200e-04
5.766255522577279271e-04
5.763341256399361328e-04
5.760430101380882182e-04
5.757522052453483991e-04
5.754617104559894879e-04
5.751715252653925685e-04
5.748816491700420089e-04
5.745920816675232929e-04
5.743028222565184663e-04
5.740138704368070045e-04
5.737252257092576805e-04
5.734368875758284571e-04
5.731488555395645350e-04
5.728611291045924980e-04
5.725737077761194459e-04
5.722865910604301755e-04
5.719997784648814341e-04
5.717132694979031125e-04
5.714270636689920647e-04
5.711411604887111325e-04
5.708555594686841577e-04
5.705702601215955488e-04
5.702852619611863778e-04
5.700005645022509105e-04
5.697161672606336795e-04
5.694320697532279660e-04
5.691482714979721139e-04
5.688647720138464937e-04
5.685815708208707920e-04
5.682986674401013013e-04
5.680160613936276670e-04
5.677337522045720203e-04
5.674517393970832319e-04
5.671700224963356109e-04
5.668886010285268447e-04
5.666074745208740963e-04
5.663266425016120521e-04
5.660461044999885857e-04
5.657658600462642153e-04
5.654859086717084178e-04
5.652062499085965929e-04
5.649268832902070272e-04
5.646478083508193763e-04
5.643690246257118464e-04
5.640905316511564231e-04
5.638123289644193055e-04
5.635344161037564607e-04
5.632567926084105885e-04
5.629794580186091692e-04
5.627024118755619706e-04
5.624256537214589874e-04
5.621491830994657796e-04
5.618729995537221711e-04
5.615971026293401901e-04
5.613214918724020088e-04
5.610461668299528961e-04
5.607711270500046873e-04
5.604963720815299292e-04
5.602219014744588442e-04
5.599477147796790054e-04
5.596738115490301323e-04
5.594001913353051749e-04
5.591268536922430494e-04
5.588537981745300481e-04
5.585810243377957191e-04
5.583085317386096138e-04
5.580363199344817206e-04
5.577643884838562847e-04
5.574927369461108329e-04
5.572213648815555224e-04
5.569502718514269613e-04
5.566794574178891841e-04
5.564089211440294237e-04
5.561386625938555088e-04
5.558686813322948886e-04
5.555989769251909460e-04
5.553295489393001794e-04
5.550603969422916598e-04
5.547915205027426945e-04
5.545229191901373091e-04
5.542545925748637537e-04
5.539865402282129854e-04
5.537187617223733550e-04
5.534512566304320173e-04
5.531840245263714611e-04
5.529170649850639798e-04
5.526503775822742739e-04
5.523839618946532705e-04
5.521178174997387741e-04
5.518519439759498289e-04
5.515863409025866101e-04
5.513210078598295566e-04
5.510559444287323238e-04
5.507911501912244939e-04
5.505266247301068058e-04
5.502623676290474683e-04
5.499983784725842205e-04
5.497346568461176095e-04
5.494712023359118579e-04
5.492080145290903102e-04
5.489450930136347820e-04
5.486824373783828496e-04
5.484200472130253568e-04
5.481579221081042457e-04
5.478960616550103890e-04
5.476344654459826137e-04
5.473731330741021719e-04
5.471120641332948009e-04
5.468512582183257358e-04
5.465907149247975407e-04
5.463304338491492421e-04
5.460704145886541598e-04
5.458106567414156788e-04
5.455511599063678999e-04
5.452919236832714112e-04
5.450329476727106860e-04
5.447742314760971186e-04
5.445157746956585075e-04
5.442575769344429586e-04
5.439996377963163916e-04
5.437419568859574439e-04
5.434845338088568206e-04
5.432273681713178362e-04
5.429704595804500178e-04
5.427138076441687803e-04
5.424574119711952089e-04
5.422012721710505303e-04
5.419453878540575215e-04
5.416897586313347644e-04
5.414343841147985963e-04
5.411792639171580151e-04
5.409243976519137031e-04
5.406697849333567257e-04
5.404154253765640868e-04
5.401613185974005714e-04
5.399074642125128911e-04
5.396538618393307684e-04
5.394005110960616240e-04
5.391474116016918778e-04
5.388945629759835879e-04
5.386419648394715235e-04
5.383896168134626225e-04
5.381375185200336060e-04
5.378856695820283772e-04
5.376340696230571528e-04
5.373827182674936450e-04
5.371316151404736516e-04
5.368807598678926709e-04
5.366301520764039500e-04
5.363797913934174010e-04
5.361296774470958055e-04
5.358798098663556829e-04
5.356301882808628444e-04
5.353808123210318515e-04
5.351316816180237386e-04
5.348827958037440621e-04
5.346341545108412733e-04
5.343857573727037917e-04
5.341376040234601134e-04
5.338896940979751243e-04
5.336420272318495583e-04
5.333946030614167451e-04
5.331474212237409830e-04
5.329004813566182988e-04
5.326537830985711344e-04
5.324073260888475883e-04
5.321611099674200063e-04
5.319151343749842220e-04
5.316693989529555457e-04
5.314239033434674632e-04
5.311786471893715274e-04
5.309336301342338889e-04
5.306888518223335611e-04
5.304443118986618784e-04
5.302000100089188095e-04
5.299559457995130663e-04
5.297121189175590678e-04
5.294685290108756392e-04
5.292251757279843854e-04
5.289820587181075229e-04
5.287391776311673374e-04
5.284965321177809800e-04
5.282541218292638278e-04
5.280119464176235211e-04
5.277700055355609389e-04
5.275282988364659708e-04
5.272868259744186012e-04
5.270455866041844637e-04
5.268045803812151668e-04
5.265638069616458000e-04
5.263232660022930907e-04
5.260829571606541032e-04
5.258428800949037450e-04
5.256030344638944413e-04
5.253634199271532083e-04
5.251240361448805682e-04
5.248848827779484900e-04
5.246459594878994130e-04
5.244072659369438619e-04
5.241688017879589292e-04
5.239305667044877324e-04
5.236925603507347525e-04
5.234547823915689782e-04
5.232172324925171833e-04
5.229799103197652283e-04
5.227428155401570844e-04
5.225059478211903884e-04
5.222693068310182854e-04
5.220328922384432496e-04
5.217967037129202278e-04
5.215607409245520860e-04
5.213250035440897181e-04
5.210894912429287927e-04
5.208542036931094283e-04
5.206191405673142418e-04
5.203843015388661796e-04
5.201496862817276507e-04
5.199152944704990087e-04
5.196811257804170338e-04
5.194471798873527644e-04
5.192134564678091120e-04
5.189799551989232465e-04
5.187466757584593318e-04
5.185136178248113447e-04
5.182807810770003647e-04
5.180481651946715381e-04
5.178157698580953790e-04
5.175835947481634324e-04
5.173516395463883828e-04
5.171199039349016688e-04
5.168883875964541338e-04
5.166570902144098460e-04
5.164260114727506519e-04
5.161951510560695627e-04
5.159645086495716218e-04
5.157340839390732543e-04
5.155038766109979300e-04
5.152738863523777897e-04
5.150441128508497423e-04
5.148145557946551395e-04
5.145852148726381492e-04
5.143560897742457559e-04
5.141271801895223393e-04
5.138984858091123851e-04
5.136700063242573408e-04
5.134417414267925797e-04
5.132136908091504369e-04
5.129858541643529451e-04
5.127582311860156292e-04
5.125308215683430611e-04
5.123036250061266915e-04
5.120766411947471263e-04
5.118498698301698988e-04
5.116233106089433007e-04
5.113969632282005509e-04
5.111708273856543742e-04
5.109449027795985197e-04
5.107191891089045074e-04
5.104936860730214122e-04
5.102683933719736947e-04
5.100433107063601177e-04
5.098184377773532037e-04
5.095937742866956570e-04
5.093693199367023156e-04
5.091450744302547298e-04
5.089210374708031141e-04
5.086972087623642868e-04
5.084735880095184180e-04
5.082501749174101130e-04
5.080269691917458112e-04
5.078039705387924841e-04
5.075811786653762264e-04
5.073585932788819306e-04
5.071362140872506851e-04
5.069140407989792315e-04
5.066920731231173633e-04
5.064703107692686843e-04
5.062487534475881151e-04
5.060274008687807006e-04
5.058062527440990077e-04
5.055853087853446432e-04
5.053645687048643510e-04
5.051440322155506622e-04
5.049236990308387510e-04
5.047035688647065433e-04
5.044836414316724400e-04
5.042639164467954248e-04
5.040443936256726798e-04
5.038250726844377414e-04
5.036059533397606097e-04
5.033870353088455794e-04
5.031683183094310232e-04
5.029498020597861392e-04
5.027314862787123605e-04
5.025133706855394516e-04
5.022954550001263764e-04
5.020777389428579367e-04
5.018602222346462902e-04
5.016429045969267222e-04
5.014257857516595971e-04
5.012088654213249376e-04
5.009921433289258935e-04
5.007756191979834300e-04
5.005592927525383869e-04
5.003431637171485520e-04
5.001272318168868171e-04
4.999114967773409619e-04
4.996959583246130031e-04
4.994806161853167009e-04
4.992654700865774503e-04
4.990505197560304385e-04
4.988357649218194516e-04
4.986212053125955741e-04
4.984068406575163212e-04
4.981926706862445549e-04
4.979786951289479416e-04
4.977649137162950491e-04
4.975513261794571899e-04
4.973379322501066862e-04
4.971247316604142678e-04
4.969117241430486389e-04
4.966989094311760437e-04
4.964862872584586409e-04
4.962738573590519007e-04
4.960616194676070994e-04
4.958495733192654640e-04
4.956377186496612082e-04
4.954260551949166537e-04
4.952145826916451573e-04
4.950033008769461236e-04
4.947922094884068481e-04
4.945813082640994817e-04
4.943705969425801630e-04
4.941600752628898859e-04
4.939497429645485363e-04
4.937395997875611807e-04
4.935296454724090670e-04
4.933198797600550460e-04
4.931103023919372825e-04
4.929009131099726165e-04
4.926917116565510341e-04
4.924826977745394617e-04
4.922738712072754780e-04
4.920652316985715423e-04
4.918567789927085973e-04
4.916485128344393225e-04
4.914404329689844473e-04
4.912325391420325343e-04
4.910248310997394373e-04
4.908173085887268918e-04
4.906099713560790453e-04
4.904028191493465779e-04
4.901958517165409552e-04
4.899890688061352964e-04
4.897824701670627475e-04
4.895760555487161563e-04
4.893698247009466628e-04
4.891637773740619647e-04
4.889579133188264254e-04
4.887522322864598819e-04
4.885467340286347169e-04
4.883414182974772687e-04
4.881362848455663133e-04
4.879313334259305162e-04
4.877265637920494084e-04
4.875219756978502422e-04
4.873175688977088044e-04
4.871133431464477899e-04
4.869092981993350128e-04
4.867054338120841111e-04
4.865017497408511316e-04
4.862982457422359390e-04
4.860949215732797229e-04
4.858917769914635333e-04
4.856888117547097450e-04
4.854860256213790757e-04
4.852834183502686342e-04
4.850809897006139269e-04
4.848787394320843575e-04
4.846766673047864802e-04
4.844747730792579822e-04
4.842730565164713699e-04
4.840715173778294697e-04
4.838701554251667830e-04
4.836689704207478057e-04
4.834679621272649683e-04
4.832671303078390156e-04
4.830664747260177594e-04
4.828659951457748862e-04
4.826656913315090897e-04
4.824655630480428783e-04
4.822656100606218703e-04
4.820658321349140891e-04
4.818662290370081202e-04
4.816668005334131652e-04
4.814675463910573073e-04
4.812684663772877824e-04
4.810695602598683224e-04
4.808708278069790472e-04
4.806722687872165187e-04
4.804738829695911931e-04
4.802756701235264447e-04
4.800776300188596508e-04
4.798797624258386674e-04
4.796820671151238893e-04
4.794845438577834801e-04
4.792871924252964074e-04
4.790900125895486482e-04
4.788930041228334059e-04
4.786961667978510563e-04
4.784995003877063821e-04
4.783030046659084112e-04
4.781066794063702535e-04
4.779105243834080169e-04
4.777145393717382592e-04
4.775187241464801027e-04
4.773230784831506801e-04
4.771276021576671407e-04
4.769322949463451864e-04
4.767371566258966323e-04
4.765421869734310875e-04
4.763473857664522141e-04
4.761527527828589203e-04
4.759582878009439508e-04
4.757639905993928564e-04
4.755698609572829648e-04
4.753758986540824582e-04
4.751821034696510787e-04
4.749884751842356283e-04
4.747950135784733306e-04
4.746017184333886315e-04
4.744085895303920076e-04
4.742156266512807241e-04
4.740228295782369385e-04
4.738301980938256397e-04
4.736377319809978470e-04
4.734454310230843755e-04
4.732532950037998481e-04
4.730613237072383041e-04
4.728695169178742295e-04
4.726778744205612556e-04
4.724863960005311835e-04
4.722950814433936047e-04
4.721039305351339491e-04
4.719129430621141360e-04
4.717221188110713270e-04
4.715314575691162999e-04
4.713409591237326893e-04
4.711506232627773669e-04
4.709604497744791394e-04
4.707704384474363101e-04
4.705805890706191716e-04
4.703909014333655073e-04
4.702013753253818373e-04
4.700120105367435277e-04
4.698228068578914288e-04
4.696337640796325263e-04
4.694448819931395611e-04
4.692561603899493496e-04
4.690675990619626204e-04
4.688791978014416836e-04
4.686909564010128702e-04
4.685028746536613821e-04
4.683149523527351411e-04
4.681271892919399097e-04
4.679395852653412975e-04
4.677521400673624835e-04
4.675648534927847591e-04
4.673777253367444374e-04
4.671907553947346969e-04
4.670039434626031415e-04
4.668172893365519637e-04
4.666307928131365346e-04
4.664444536892651334e-04
4.662582717621966701e-04
4.660722468295430709e-04
4.658863786892653209e-04
4.657006671396737895e-04
4.655151119794288805e-04
4.653297130075378344e-04
4.651444700233554322e-04
4.649593828265837251e-04
4.647744512172699203e-04
4.645896749958061092e-04
4.644050539629295394e-04
4.642205879197197410e-04
4.640362766676004781e-04
4.638521200083362255e-04
4.636681177440330902e-04
4.634842696771389737e-04
4.633005756104402657e-04
4.631170353470628735e-04
4.629336486904715177e-04
4.627504154444674013e-04
4.625673354131900521e-04
4.623844084011139084e-04
4.622016342130504866e-04
4.620190126541443704e-04
4.618365435298747278e-04
4.616542266460549868e-04
4.614720618088301242e-04
4.612900488246768284e-04
4.611081875004035538e-04
4.609264776431490568e-04
4.607449190603818000e-04
4.605635115598994095e-04
4.603822549498272115e-04
4.602011490386194253e-04
4.600201936350555303e-04
4.598393885482424896e-04
4.596587335876123098e-04
4.594782285629222585e-04
4.592978732842523159e-04
4.591176675620078852e-04
4.589376112069162698e-04
4.587577040300261843e-04
4.585779458427085686e-04
4.583983364566539308e-04
4.582188756838747332e-04
4.580395633367001875e-04
4.578603992277811884e-04
4.576813831700835369e-04
4.575025149768915185e-04
4.573237944618070900e-04
4.571452214387468436e-04
4.569667957219424406e-04
4.567885171259414788e-04
4.566103854656040234e-04
4.564324005561044492e-04
4.562545622129278639e-04
4.560768702518745526e-04
4.558993244890530930e-04
4.557219247408836088e-04
4.555446708240963594e-04
4.553675625557311981e-04
4.551905997531354581e-04
4.550137822339658496e-04
4.548371098161847737e-04
4.546605823180627074e-04
4.544841995581758187e-04
4.543079613554053156e-04
4.541318675289365793e-04
4.539559178982606274e-04
4.537801122831704279e-04
4.536044505037625254e-04
4.534289323804353605e-04
4.532535577338889991e-04
4.530783263851239392e-04
4.529032381554419788e-04
4.527282928664433967e-04
4.525534903400276572e-04
4.523788303983937355e-04
4.522043128640361063e-04
4.520299375597488633e-04
4.518557043086206238e-04
4.516816129340366971e-04
4.515076632596778375e-04
4.513338551095187265e-04
4.511601883078287319e-04
4.509866626791698475e-04
4.508132780483975065e-04
4.506400342406590093e-04
4.504669310813933067e-04
4.502939683963298615e-04
4.501211460114887025e-04
4.499484637531800456e-04
4.497759214480020703e-04
4.496035189228428722e-04
4.494312560048773723e-04
4.492591325215682390e-04
4.490871483006646952e-04
4.489153031702015429e-04
4.487435969585008432e-04
4.485720294941669835e-04
4.484006006060910145e-04
4.482293101234463670e-04
4.480581578756893404e-04
4.478871436925603491e-04
4.477162674040802907e-04
4.475455288405516302e-04
4.473749278325579661e-04
4.472044642109638136e-04
4.470341378069109728e-04
4.468639484518230278e-04
4.466938959774004137e-04
4.465239802156213927e-04
4.463542009987425956e-04
4.461845581592962574e-04
4.460150515300911390e-04
4.458456809442116597e-04
4.456764462350171923e-04
4.455073472361419009e-04
4.453383837814930599e-04
4.451695557052521928e-04
4.450008628418726324e-04
4.448323050260804428e-04
4.446638820928730637e-04
4.444955938775187686e-04
4.443274402155571526e-04
4.441594209427970181e-04
4.439915358953171339e-04
4.438237849094639042e-04
4.436561678218536994e-04
4.434886844693689532e-04
4.433213346891606561e-04
4.431541183186451030e-04
4.429870351955059529e-04
4.428200851576914645e-04
4.426532680434151464e-04
4.424865836911550526e-04
4.423200319396530236e-04
4.421536126279142524e-04
4.419873255952072306e-04
4.418211706810615800e-04
4.416551477252691365e-04
4.414892565678839504e-04
4.413234970492190879e-04
4.411578690098491248e-04
4.409923722906074358e-04
4.408270067325863574e-04
4.406617721771374590e-04
4.404966684658699161e-04
4.403316954406502940e-04
4.401668529436024392e-04
4.400021408171056361e-04
4.398375589037968299e-04
4.396731070465667232e-04
4.395087850885616193e-04
4.393445928731820127e-04
4.391805302440824807e-04
4.390165970451707076e-04
4.388527931206066715e-04
4.386891183148037827e-04
4.385255724724258482e-04
4.383621554383894023e-04
4.381988670578604544e-04
4.380357071762556271e-04
4.378726756392415601e-04
4.377097722927339343e-04
4.375469969828972550e-04
4.373843495561439304e-04
4.372218298591343797e-04
4.370594377387764374e-04
4.368971730422239975e-04
4.367350356168770136e-04
4.365730253103823123e-04
4.364111419706309366e-04
4.362493854457589592e-04
4.360877555841467237e-04
4.359262522344185733e-04
4.357648752454412245e-04
4.356036244663247974e-04
4.354424997464214058e-04
4.352815009353253202e-04
4.351206278828719919e-04
4.349598804391370229e-04
4.347992584544370875e-04
4.346387617793279266e-04
4.344783902646058116e-04
4.343181437613045622e-04
4.341580221206969565e-04
4.339980251942942430e-04
4.338381528338439174e-04
4.336784048913313499e-04
4.335187812189781036e-04
4.333592816692410682e-04
4.331999060948142481e-04
4.330406543486249680e-04
4.328815262838363667e-04
4.327225217538448491e-04
4.325636406122807909e-04
4.324048827130082132e-04
4.322462479101227772e-04
4.320877360579536267e-04
4.319293470110609494e-04
4.317710806242360303e-04
4.316129367525015233e-04
4.314549152511094996e-04
4.312970159755443204e-04
4.311392387815171623e-04
4.309815835249695948e-04
4.308240500620709782e-04
4.306666382492203068e-04
4.305093479430417637e-04
4.303521790003890036e-04
4.301951312783413033e-04
4.300382046342043755e-04
4.298813989255098264e-04
4.297247140100148846e-04
4.295681497457014253e-04
4.294117059907755912e-04
4.292553826036684425e-04
4.290991794430340598e-04
4.289430963677486768e-04
4.287871332369138787e-04
4.286312899098507472e-04
4.284755662461038725e-04
4.283199621054388593e-04
4.281644773478421101e-04
4.280091118335201204e-04
4.278538654229003461e-04
4.276987379766301737e-04
4.275437293555744262e-04
4.273888394208183992e-04
4.272340680336650961e-04
4.270794150556354450e-04
4.269248803484682986e-04
4.267704637741188078e-04
4.266161651947591267e-04
4.264619844727781956e-04
4.263079214707798438e-04
4.261539760515833312e-04
4.260001480782233492e-04
4.258464374139488270e-04
4.256928439222231494e-04
4.255393674667228552e-04
4.253860079113377999e-04
4.252327651201706681e-04
4.250796389575369188e-04
4.249266292879638643e-04
4.247737359761903989e-04
4.246209588871655894e-04
4.244682978860505186e-04
4.243157528382168753e-04
4.241633236092449489e-04
4.240110100649251471e-04
4.238588120712575625e-04
4.237067294944498580e-04
4.235547622009189477e-04
4.234029100572891534e-04
4.232511729303918796e-04
4.230995506872665892e-04
4.229480431951592313e-04
4.227966503215205068e-04
4.226453719340091206e-04
4.224942079004877162e-04
4.223431580890246099e-04
4.221922223678927616e-04
4.220414006055691236e-04
4.218906926707347493e-04
4.217400984322744136e-04
4.215896177592751495e-04
4.214392505210273320e-04
4.212889965870232688e-04
4.211388558269569290e-04
4.209888281107247569e-04
4.208389133084233400e-04
4.206891112903502774e-04
4.205394219270032572e-04
4.203898450890808706e-04
4.202403806474796296e-04
4.200910284732965153e-04
4.199417884378269178e-04
4.197926604125639316e-04
4.196436442691998730e-04
4.194947398796241124e-04
4.193459471159228570e-04
4.191972658503792591e-04
4.190486959554738503e-04
4.189002373038819933e-04
4.187518897684752912e-04
4.186036532223213710e-04
4.184555275386818234e-04
4.183075125910130703e-04
4.181596082529659853e-04
4.180118143983852430e-04
4.178641309013088312e-04
4.177165576359680513e-04
4.175690944767864333e-04
4.174217412983797365e-04
4.172744979755570334e-04
4.171273643833174572e-04
4.169803403968521532e-04
4.168334258915434116e-04
4.166866207429628785e-04
4.165399248268739411e-04
4.163933380192277162e-04
4.162468601961671704e-04
4.161004912340218070e-04
4.159542310093118406e-04
4.158080793987447275e-04
4.156620362792163041e-04
4.155161015278097027e-04
4.153702750217954059e-04
4.152245566386306500e-04
4.150789462559601297e-04
4.149334437516129627e-04
4.147880490036056169e-04
4.146427618901394707e-04
4.144975822896007590e-04
4.143525100805609527e-04
4.142075451417754576e-04
4.140626873521843191e-04
4.139179365909104332e-04
4.137732927372606310e-04
4.136287556707246484e-04
4.134843252709747468e-04
4.133400014178659839e-04
4.131957839914343167e-04
4.130516728718982818e-04
4.129076679396573150e-04
4.127637690752919137e-04
4.126199761595626615e-04
4.124762890734113121e-04
4.123327076979582955e-04
4.121892319145049411e-04
4.120458616045300621e-04
4.119025966496934251e-04
4.117594369318314674e-04
4.116163823329599533e-04
4.114734327352721310e-04
4.113305880211385701e-04
4.111878480731077576e-04
4.110452127739032250e-04
4.109026820064275057e-04
4.107602556537575810e-04
4.106179335991468320e-04
4.104757157260238471e-04
4.103336019179930718e-04
4.101915920588330750e-04
4.100496860324972528e-04
4.099078837231126906e-04
4.097661850149815726e-04
4.096245897925782000e-04
4.094830979405515389e-04
4.093417093437216967e-04
4.092004238870828496e-04
4.090592414558002609e-04
4.089181619352121239e-04
4.087771852108275567e-04
4.086363111683270896e-04
4.084955396935623941e-04
4.083548706725553617e-04
4.082143039914983744e-04
4.080738395367541427e-04
4.079334771948539161e-04
4.077932168524998685e-04
4.076530583965622795e-04
4.075130017140797512e-04
4.073730466922605630e-04
4.072331932184792571e-04
4.070934411802803240e-04
4.069537904653738663e-04
4.068142409616374417e-04
4.066747925571164964e-04
4.065354451400220886e-04
4.063961985987312679e-04
4.062570528217878340e-04
4.061180076979003855e-04
4.059790631159429703e-04
4.058402189649550854e-04
4.057014751341403219e-04
4.055628315128666358e-04
4.054242879906664026e-04
4.052858444572353868e-04
4.051475008024328509e-04
4.050092569162813379e-04
4.048711126889667261e-04
4.047330680108355183e-04
4.045951227723986908e-04
4.044572768643275190e-04
4.043195301774561799e-04
4.041818826027794207e-04
4.040443340314525049e-04
4.039068843547926756e-04
4.037695334642763911e-04
4.036322812515412222e-04
4.034951276083839004e-04
4.033580724267610772e-04
4.032211155987878060e-04
4.030842570167394935e-04
4.029474965730493524e-04
4.028108341603083464e-04
4.026742696712667089e-04
4.025378029988317197e-04
4.024014340360684643e-04
4.022651626761988581e-04
4.021289888126020257e-04
4.019929123388137049e-04
4.018569331485253790e-04
4.017210511355851985e-04
4.015852661939968969e-04
4.014495782179202245e-04
4.013139871016680208e-04
4.011784927397107144e-04
4.010430950266715517e-04
4.009077938573291458e-04
4.007725891266147107e-04
4.006374807296146103e-04
4.005024685615680264e-04
4.003675525178677181e-04
4.002327324940588293e-04
4.000980083858391594e-04
3.999633800890592720e-04
3.998288474997218440e-04
3.996944105139803652e-04
3.995600690281411976e-04
3.994258229386609196e-04
3.992916721421471932e-04
3.991576165353590347e-04
3.990236560152049723e-04
3.988897904787436959e-04
3.987560198231847081e-04
3.986223439458857760e-04
3.984887627443551542e-04
3.983552761162495784e-04
3.982218839593741036e-04
3.980885861716830791e-04
3.979553826512786312e-04
3.978222732964108795e-04
3.976892580054772869e-04
3.975563366770232016e-04
3.974235092097413145e-04
3.972907755024704672e-04
3.971581354541963566e-04
3.970255889640511007e-04
3.968931359313130226e-04
3.967607762554062703e-04
3.966285098358999497e-04
3.964963365725087210e-04
3.963642563650925815e-04
3.962322691136559443e-04
3.961003747183479092e-04
3.959685730794614499e-04
3.958368640974340097e-04
3.957052476728457674e-04
3.955737237064217509e-04
3.954422920990291273e-04
3.953109527516783950e-04
3.951797055655218664e-04
3.950485504418555643e-04
3.949174872821170005e-04
3.947865159878849580e-04
3.946556364608812262e-04
3.945248486029682695e-04
3.943941523161487400e-04
3.942635475025675911e-04
3.941330340645098009e-04
3.940026119044005349e-04
3.938722809248049292e-04
3.937420410284287408e-04
3.936118921181171551e-04
3.934818340968531595e-04
3.933518668677607965e-04
3.932219903341023981e-04
3.930922043992780444e-04
3.929625089668269187e-04
3.928329039404268195e-04
3.927033892238919379e-04
3.925739647211750260e-04
3.924446303363663671e-04
3.923153859736918780e-04
3.921862315375172835e-04
3.920571669323413399e-04
3.919281920628015273e-04
3.917993068336711763e-04
3.916705111498586006e-04
3.915418049164081813e-04
3.914131880385005838e-04
3.912846604214496133e-04
3.911562219707059558e-04
3.910278725918537083e-04
3.908996121906125470e-04
3.907714406728351260e-04
3.906433579445084858e-04
3.905153639117534578e-04
3.903874584808245552e-04
3.902596415581091605e-04
3.901319130501275248e-04
3.900042728635330397e-04
3.898767209051114775e-04
3.897492570817809917e-04
3.896218813005913580e-04
3.894945934687247331e-04
3.893673934934942455e-04
3.892402812823446455e-04
3.891132567428518723e-04
3.889863197827229447e-04
3.888594703097949319e-04
3.887327082320358204e-04
3.886060334575427251e-04
3.884794458945450878e-04
3.883529454513992563e-04
3.882265320365928750e-04
3.881002055587421751e-04
3.879739659265920280e-04
3.878478130490174637e-04
3.877217468350200929e-04
3.875957671937323352e-04
3.874698740344119439e-04
3.873440672664470478e-04
3.872183467993515972e-04
3.870927125427680205e-04
3.869671644064658143e-04
3.868417023003407852e-04
3.867163261344162958e-04
3.865910358188420185e-04
3.864658312638936098e-04
3.863407123799736322e-04
3.862156790776089519e-04
3.860907312674539374e-04
3.859658688602866645e-04
3.858410917670122234e-04
3.857163998986586529e-04
3.855917931663802468e-04
3.854672714814554404e-04
3.853428347552870811e-04
3.852184828994015611e-04
3.850942158254499017e-04
3.849700334452059642e-04
3.848459356705676427e-04
3.847219224135560510e-04
3.845979935863155764e-04
3.844741491011119828e-04
3.843503888703355548e-04
3.842267128064977364e-04
3.841031208222323782e-04
3.839796128302955746e-04
3.838561887435643625e-04
3.837328484750382397e-04
3.836095919378373757e-04
3.834864190452035330e-04
3.833633297104981704e-04
3.832403238472049901e-04
3.831174013689270653e-04
3.829945621893885203e-04
3.828718062224322535e-04
3.827491333820223773e-04
3.826265435822415076e-04
3.825040367372930942e-04
3.823816127614976810e-04
3.822592715692966461e-04
3.821370130752492207e-04
3.820148371940333557e-04
3.818927438404457224e-04
3.817707329294002484e-04
3.816488043759305574e-04
3.815269580951855780e-04
3.814051940024337176e-04
3.812835120130605320e-04
3.811619120425671528e-04
3.810403940065738653e-04
3.809189578208156636e-04
3.807976034011453944e-04
3.806763306635320768e-04
3.805551395240597636e-04
3.804340298989301980e-04
3.803130017044588558e-04
3.801920548570784692e-04
3.800711892733360997e-04
3.799504048698943304e-04
3.798297015635300738e-04
3.797090792711356553e-04
3.795885379097176213e-04
3.794680773963964677e-04
3.793476976484081581e-04
3.792273985831007624e-04
3.791071801179369508e-04
3.789870421704935057e-04
3.788669846584594787e-04
3.787470074996373290e-04
3.786271106119434111e-04
3.785072939134052103e-04
3.783875573221643783e-04
3.782679007564734809e-04
3.781483241346982743e-04
3.780288273753161878e-04
3.779094103969162150e-04
3.777900731181991849e-04
3.776708154579772742e-04
3.775516373351737900e-04
3.774325386688232248e-04
3.773135193780706594e-04
3.771945793821717633e-04
3.770757186004930115e-04
3.769569369525106002e-04
3.768382343578112600e-04
3.767196107360918224e-04
3.766010660071575388e-04
3.764826000909251170e-04
3.763642129074181125e-04
3.762459043767720250e-04
3.761276744192283889e-04
3.760095229551400865e-04
3.758914499049666310e-04
3.757734551892773114e-04
3.756555387287483731e-04
3.755377004441650237e-04
3.754199402564191023e-04
3.753022580865123859e-04
3.751846538555513857e-04
3.750671274847517376e-04
3.749496788954351126e-04
3.748323080090309512e-04
3.747150147470745124e-04
3.745977990312082825e-04
3.744806607831806743e-04
3.743635999248464612e-04
3.742466163781666679e-04
3.741297100652079752e-04
3.740128809081420683e-04
3.738961288292468304e-04
3.737794537509053663e-04
3.736628555956051354e-04
3.735463342859401199e-04
3.734298897446068134e-04
3.733135218944082321e-04
3.731972306582510964e-04
3.730810159591454512e-04
3.729648777202066172e-04
3.728488158646529145e-04
3.727328303158073970e-04
3.726169209970954131e-04
3.725010878320462863e-04
3.723853307442921224e-04
3.722696496575682973e-04
3.721540444957131865e-04
3.720385151826672968e-04
3.719230616424739179e-04
3.718076837992783084e-04
3.716923815773280214e-04
3.715771549009726335e-04
3.714620036946630942e-04
3.713469278829531353e-04
3.712319273904957475e-04
3.711170021420473540e-04
3.710021520624639624e-04
3.708873770767036576e-04
3.707726771098236750e-04
3.706580520869837071e-04
3.705435019334422171e-04
3.704290265745591496e-04
3.703146259357931115e-04
3.702002999427041912e-04
3.700860485209514646e-04
3.699718715962925617e-04
3.698577690945864310e-04
3.697437409417899789e-04
3.696297870639590993e-04
3.695159073872494328e-04
3.694021018379141440e-04
3.692883703423063065e-04
3.691747128268763555e-04
3.690611292181730633e-04
3.689476194428439730e-04
3.688341834276335010e-04
3.687208210993844011e-04
3.686075323850376015e-04
3.684943172116296028e-04
3.683811755062958932e-04
3.682681071962681297e-04
3.681551122088757644e-04
3.680421904715436591e-04
3.679293419117942538e-04
3.678165664572462658e-04
3.677038640356144724e-04
3.675912345747097115e-04
3.674786780024392606e-04
3.673661942468055904e-04
3.672537832359069605e-04
3.671414448979370406e-04
3.670291791611852354e-04
3.669169859540359255e-04
3.668048652049678716e-04
3.666928168425554065e-04
3.665808407954673515e-04
3.664689369924663113e-04
3.663571053624107882e-04
3.662453458342519296e-04
3.661336583370355881e-04
3.660220427999019959e-04
3.659104991520844641e-04
3.657990273229094909e-04
3.656876272417980628e-04
3.655762988382637029e-04
3.654650420419132298e-04
3.653538567824464326e-04
3.652427429896561249e-04
3.651317005934273316e-04
3.650207295237376686e-04
3.649098297106569632e-04
3.647990010843478502e-04
3.646882435750647966e-04
3.645775571131536132e-04
3.644669416290522682e-04
3.643563970532904530e-04
3.642459233164887697e-04
3.641355203493591643e-04
3.640251880827053603e-04
3.639149264474217751e-04
3.638047353744929772e-04
3.636946147949948250e-04
3.635845646400938705e-04
3.634745848410469255e-04
3.633646753292004653e-04
3.632548360359917671e-04
3.631450668929473921e-04
3.630353678316844326e-04
3.629257387839087768e-04
3.628161796814167355e-04
3.627066904560927109e-04
3.625972710399116361e-04
3.624879213649370778e-04
3.623786413633203686e-04
3.622694309673033181e-04
3.621602901092149597e-04
3.620512187214741532e-04
3.619422167365871448e-04
3.618332840871477845e-04
3.617244207058396398e-04
3.616156265254316052e-04
3.615069014787836480e-04
3.613982454988407911e-04
3.612896585186369620e-04
3.611811404712911983e-04
3.610726912900131765e-04
3.609643109080959487e-04
3.608559992589221760e-04
3.607477562759597378e-04
3.606395818927632499e-04
3.605314760429752566e-04
3.604234386603226534e-04
3.603154696786190717e-04
3.602075690317651504e-04
3.600997366537460418e-04
3.599919724786342849e-04
3.598842764405858481e-04
3.597766484738439781e-04
3.596690885127367602e-04
3.595615964916774984e-04
3.594541723451633594e-04
3.593468160077788426e-04
3.592395274141908464e-04
3.591323064991521928e-04
3.590251531975001626e-04
3.589180674441553578e-04
3.588110491741246830e-04
3.587040983224966287e-04
3.585972148244456629e-04
3.584903986152283817e-04
3.583836496301877382e-04
3.582769678047456152e-04
3.581703530744126374e-04
3.580638053747792812e-04
3.579573246415196689e-04
3.578509108103920030e-04
3.577445638172362889e-04
3.576382835979751481e-04
3.575320700886157701e-04
3.574259232252449247e-04
3.573198429440332447e-04
3.572138291812340877e-04
3.571078818731817468e-04
3.570020009562929687e-04
3.568961863670667913e-04
3.567904380420827541e-04
3.566847559180029588e-04
3.565791399315700635e-04
3.564735900196089628e-04
3.563681061190252159e-04
3.562626881668053721e-04
3.561573361000163742e-04
3.560520498558065344e-04
3.559468293714046125e-04
3.558416745841206296e-04
3.557365854313436450e-04
3.556315618505431113e-04
3.555266037792699052e-04
3.554217111551536161e-04
3.553168839159034681e-04
3.552121219993098380e-04
3.551074253432413819e-04
3.550027938856469326e-04
3.548982275645540360e-04
3.547937263180701438e-04
3.546892900843811496e-04
3.545849188017525817e-04
3.544806124085283019e-04
3.543763708431299638e-04
3.542721940440605902e-04
3.541680819498987725e-04
3.540640344993018700e-04
3.539600516310073639e-04
3.538561332838289553e-04
3.537522793966586788e-04
3.536484899084674444e-04
3.535447647583017314e-04
3.534411038852872740e-04
3.533375072286267307e-04
3.532339747276012562e-04
3.531305063215662730e-04
3.530271019499570009e-04
3.529237615522854213e-04
3.528204850681385422e-04
3.527172724371814344e-04
3.526141235991562010e-04
3.525110384938797553e-04
3.524080170612471272e-04
3.523050592412279940e-04
3.522021649738697703e-04
3.520993341992946805e-04
3.519965668577002471e-04
3.518938628893616754e-04
3.517912222346285473e-04
3.516886448339252543e-04
3.515861306277533291e-04
3.514836795566878133e-04
3.513812915613804557e-04
3.512789665825563515e-04
3.511767045610176283e-04
3.510745054376394891e-04
3.509723691533708626e-04
3.508702956492386316e-04
3.507682848663410736e-04
3.506663367458526855e-04
3.505644512290196301e-04
3.504626282571653194e-04
3.503608677716848314e-04
3.502591697140479453e-04
3.501575340257971907e-04
3.500559606485510451e-04
3.499544495239999232e-04
3.498530005939059595e-04
3.497516138001077789e-04
3.496502890845152385e-04
3.495490263891109996e-04
3.494478256559519912e-04
3.493466868271665371e-04
3.492456098449569037e-04
3.491445946515970775e-04
3.490436411894329272e-04
3.489427494008844814e-04
3.488419192284417537e-04
3.487411506146691881e-04
3.486404435022015936e-04
3.485397978337462579e-04
3.484392135520813756e-04
3.483386906000583792e-04
3.482382289205991199e-04
3.481378284566975486e-04
3.480374891514176013e-04
3.479372109478953137e-04
3.478369937893389832e-04
3.477368376190258627e-04
3.476367423803051419e-04
3.475367080165972424e-04
3.474367344713909993e-04
3.473368216882489730e-04
3.472369696108013786e-04
3.471371781827509097e-04
3.470374473478685107e-04
3.469377770499968458e-04
3.468381672330469383e-04
3.467386178410024528e-04
3.466391288179127570e-04
3.465397001079004017e-04
3.464403316551560260e-04
3.463410234039393867e-04
3.462417752985811475e-04
3.461425872834794095e-04
3.460434593031014999e-04
3.459443913019860325e-04
3.458453832247369440e-04
3.457464350160289698e-04
3.456475466206073723e-04
3.455487179832822495e-04
3.454499490489335760e-04
3.453512397625110950e-04
3.452525900690318786e-04
3.451539999135812492e-04
3.450554692413109370e-04
3.449569979974429824e-04
3.448585861272664295e-04
3.447602335761374890e-04
3.446619402894801338e-04
3.445637062127876178e-04
3.444655312916174877e-04
3.443674154715965167e-04
3.442693586984193490e-04
3.441713609178462230e-04
3.440734220757044352e-04
3.439755421178893697e-04
3.438777209903627640e-04
3.437799586391516245e-04
3.436822550103516959e-04
3.435846100501235584e-04
3.434870237046951753e-04
3.433894959203604835e-04
3.432920266434792310e-04
3.431946158204769227e-04
3.430972633978465009e-04
3.429999693221453096e-04
3.429027335399981299e-04
3.428055559980930063e-04
3.427084366431848244e-04
3.426113754220947685e-04
3.425143722817084249e-04
3.424174271689758896e-04
3.423205400309135035e-04
3.422237108146030391e-04
3.421269394671898030e-04
3.420302259358856179e-04
3.419335701679657863e-04
3.418369721107701207e-04
3.417404317117041907e-04
3.416439489182366662e-04
3.415475236779025162e-04
3.414511559382983467e-04
3.413548456470866287e-04
3.412585927519941808e-04
3.411623972008096211e-04
3.410662589413892220e-04
3.409701779216485072e-04
3.408741540895700588e-04
3.407781873931991796e-04
3.406822777806431889e-04
3.405864252000750003e-04
3.404906295997288932e-04
3.403948909279031149e-04
3.402992091329594469e-04
3.402035841633222835e-04
3.401080159674785774e-04
3.400125044939781649e-04
3.399170496914344169e-04
3.398216515085213107e-04
3.397263098939785810e-04
3.396310247966049969e-04
3.395357961652630788e-04
3.394406239488781765e-04
3.393455080964371683e-04
3.392504485569886236e-04
3.391554452796428031e-04
3.390604982135735556e-04
3.389656073080150661e-04
3.388707725122623972e-04
3.387759937756734414e-04
3.386812710476681614e-04
3.385866042777257718e-04
3.384919934153895094e-04
3.383974384102608865e-04
3.383029392120039201e-04
3.382084957703443179e-04
3.381141080350673106e-04
3.380197759560203078e-04
3.379254994831092118e-04
3.378312785663040553e-04
3.377371131556317378e-04
3.376430032011822047e-04
3.375489486531041113e-04
3.374549494616076411e-04
3.373610055769620669e-04
3.372671169494972682e-04
3.371732835296034061e-04
3.370795052677294057e-04
3.369857821143851782e-04
3.368921140201398324e-04
3.367985009356231382e-04
3.367049428115222740e-04
3.366114395985853503e-04
3.365179912476191871e-04
3.364245977094910489e-04
3.363312589351258796e-04
3.362379748755080374e-04
3.361447454816815657e-04
3.360515707047494888e-04
3.359584504958717513e-04
3.358653848062693927e-04
3.357723735872215117e-04
3.356794167900645069e-04
3.355865143661942453e-04
3.354936662670651411e-04
3.354008724441889084e-04
3.353081328491373261e-04
3.352154474335373047e-04
3.351228161490771209e-04
3.350302389475004537e-04
3.349377157806096919e-04
3.348452466002653917e-04
3.347528313583853551e-04
3.346604700069450637e-04
3.345681624979772993e-04
3.344759087835726314e-04
3.343837088158782794e-04
3.342915625470998468e-04
3.341994699294988818e-04
3.341074309153948293e-04
3.340154454571631331e-04
3.339235135072377296e-04
3.338316350181078497e-04
3.337398099423206205e-04
3.336480382324777589e-04
3.335563198412408296e-04
3.334646547213244690e-04
3.333730428255026737e-04
3.332814841066034334e-04
3.331899785175120921e-04
3.330985260111693426e-04
3.330071265405726354e-04
3.329157800587763958e-04
3.328244865188881210e-04
3.327332458740733670e-04
3.326420580775525508e-04
3.325509230826031721e-04
3.324598408425549355e-04
3.323688113107964716e-04
3.322778344407699706e-04
3.321869101859737305e-04
3.320960384999609638e-04
3.320052193363389305e-04
3.319144526487720825e-04
3.318237383909780516e-04
3.317330765167304687e-04
3.316424669798571207e-04
3.315519097342404381e-04
3.314614047338182001e-04
3.313709519325820706e-04
3.312805512845788452e-04
3.311902027439092588e-04
3.310999062647272803e-04
3.310096618012444499e-04
3.309194693077225063e-04
3.308293287384791331e-04
3.307392400478858987e-04
3.306492031903701537e-04
3.305592181204084173e-04
3.304692847925356472e-04
3.303794031613379754e-04
3.302895731814556898e-04
3.301997948075830174e-04
3.301100679944669316e-04
3.300203926969082365e-04
3.299307688697605909e-04
3.298411964679318097e-04
3.297516754463814784e-04
3.296622057601231214e-04
3.295727873642233892e-04
3.294834202138008654e-04
3.293941042640275850e-04
3.293048394701286546e-04
3.292156257873810055e-04
3.291264631711144782e-04
3.290373515767118767e-04
3.289482909596081546e-04
3.288592812752895488e-04
3.287703224792961265e-04
3.286814145272201593e-04
3.285925573747036838e-04
3.285037509774444103e-04
3.284149952911895971e-04
3.283262902717371890e-04
3.282376358749406961e-04
3.281490320567017672e-04
3.280604787729762069e-04
3.279719759797701810e-04
3.278835236331403250e-04
3.277951216891979180e-04
3.277067701041024863e-04
3.276184688340659772e-04
3.275302178353515126e-04
3.274420170642731716e-04
3.273538664771960451e-04
3.272657660305375912e-04
3.271777156807641109e-04
3.270897153843929715e-04
3.270017650979934192e-04
3.269138647781857660e-04
3.268260143816381375e-04
3.267382138650726524e-04
3.266504631852593511e-04
3.265627622990201532e-04
3.264751111632264720e-04
3.263875097347998110e-04
3.262999579707123602e-04
3.262124558279864538e-04
3.261250032636946791e-04
3.260376002349579783e-04
3.259502466989493358e-04
3.258629426128892238e-04
3.257756879340502104e-04
3.256884826197531651e-04
3.256013266273682883e-04
3.255142199143164130e-04
3.254271624380666189e-04
3.253401541561379675e-04
3.252531950260979842e-04
3.251662850055656940e-04
3.250794240522062004e-04
3.249926121237357271e-04
3.249058491779186907e-04
3.248191351725696519e-04
3.247324700655497922e-04
3.246458538147708171e-04
3.245592863781924077e-04
3.244727677138234683e-04
3.243862977797213124e-04
3.242998765339902539e-04
3.242135039347864315e-04
3.241271799403107616e-04
3.240409045088144674e-04
3.239546775985966938e-04
3.238684991680040740e-04
3.237823691754320842e-04
3.236962875793237973e-04
3.236102543381700453e-04
3.235242694105105576e-04
3.234383327549317927e-04
3.233524443300680768e-04
3.232666040946014950e-04
3.231808120072626506e-04
3.230950680268279544e-04
3.230093721121227147e-04
3.229237242220186978e-04
3.228381243154362966e-04
3.227525723513405189e-04
3.226670682887472215e-04
3.225816120867161171e-04
3.224962037043559789e-04
3.224108431008216040e-04
3.223255302353141938e-04
3.222402650670842263e-04
3.221550475554267948e-04
3.220698776596832335e-04
3.219847553392438826e-04
3.218996805535425049e-04
3.218146532620626277e-04
3.217296734243322307e-04
3.216447409999262938e-04
3.215598559484653877e-04
3.214750182296176794e-04
3.213902278030961678e-04
3.213054846286611229e-04
3.212207886661177006e-04
3.211361398753175694e-04
3.210515382161592351e-04
3.209669836485847883e-04
3.208824761325847295e-04
3.207980156281925476e-04
3.207136020954903040e-04
3.206292354946032653e-04
3.205449157857034816e-04
3.204606429290081599e-04
3.203764168847794474e-04
3.202922376133252990e-04
3.202081050749986638e-04
3.201240192301975395e-04
3.200399800393659484e-04
3.199559874629926901e-04
3.198720414616100950e-04
3.197881419957974937e-04
3.197042890261770427e-04
3.196204825134181158e-04
3.195367224182333460e-04
3.194530087013790058e-04
3.193693413236577713e-04
3.192857202459166086e-04
3.192021454290469898e-04
3.191186168339826715e-04
3.190351344217059819e-04
3.189516981532390400e-04
3.188683079896515609e-04
3.187849638920552727e-04
3.187016658216078736e-04
3.186184137395088579e-04
3.185352076070036356e-04
3.184520473853809310e-04
3.183689330359726192e-04
3.182858645201558953e-04
3.182028417993498586e-04
3.181198648350181692e-04
3.180369335886688853e-04
3.179540480218526199e-04
3.178712080961630291e-04
3.177884137732387630e-04
3.177056650147605933e-04
3.176229617824518465e-04
3.175403040380812771e-04
3.174576917434593815e-04
3.173751248604397531e-04
3.172926033509200039e-04
3.172101271768396503e-04
3.171276963001816852e-04
3.170453106829710602e-04
3.169629702872773418e-04
3.168806750752112419e-04
3.167984250089268404e-04
3.167162200506215856e-04
3.166340601625326615e-04
3.165519453069439272e-04
3.164698754461778936e-04
3.163878505426017404e-04
3.163058705586243896e-04
3.162239354566968841e-04
3.161420451993120087e-04
3.160601997490055911e-04
3.159783990683550379e-04
3.158966431199807445e-04
3.158149318665425713e-04
3.157332652707449394e-04
3.156516432953340116e-04
3.155700659030948193e-04
3.154885330568579847e-04
3.154070447194927819e-04
3.153256008539120155e-04
3.152442014230693646e-04
3.151628463899592203e-04
3.150815357176190703e-04
3.150002693691256509e-04
3.149190473075997167e-04
3.148378694962012162e-04
3.147567358981318399e-04
3.146756464766344236e-04
3.145946011949930570e-04
3.145136000165329212e-04
3.144326429046195837e-04
3.143517298226603538e-04
3.142708607341037404e-04
3.141900356024369587e-04
3.141092543911891822e-04
3.140285170639324107e-04
3.139478235842747475e-04
3.138671739158697244e-04
3.137865680224077901e-04
3.137060058676215146e-04
3.136254874152838543e-04
3.135450126292069054e-04
3.134645814732441808e-04
3.133841939112897421e-04
3.133038499072773333e-04
3.132235494251800001e-04
3.131432924290119884e-04
3.130630788828269004e-04
3.129829087507186706e-04
3.129027819968214033e-04
3.128226985853084507e-04
3.127426584803931183e-04
3.126626616463285555e-04
3.125827080474078649e-04
3.125027976479622044e-04
3.124229304123649076e-04
3.123431063050267670e-04
3.122633252903988534e-04
3.121835873329715399e-04
3.121038923972749356e-04
3.120242404478768797e-04
3.119446314493863571e-04
3.118650653664508960e-04
3.117855421637561885e-04
3.117060618060289636e-04
3.116266242580331388e-04
3.115472294845717167e-04
3.114678774504886830e-04
3.113885681206637478e-04
3.113093014600179292e-04
3.112300774335108973e-04
3.111508960061383717e-04
3.110717571429383018e-04
3.109926608089844157e-04
3.109136069693905569e-04
3.108345955893080824e-04
3.107556266339277598e-04
3.106767000684784665e-04
3.105978158582261054e-04
3.105189739684768575e-04
3.104401743645736583e-04
3.103614170118984203e-04
3.102827018758706778e-04
3.102040289219481291e-04
3.101253981156271242e-04
3.100468094224403883e-04
3.099682628079603280e-04
3.098897582377962675e-04
3.098112956775954776e-04
3.097328750930425259e-04
3.096544964498609571e-04
3.095761597138098776e-04
3.094978648506879673e-04
3.094196118263309314e-04
3.093414006066121514e-04
3.092632311574401369e-04
3.091851034447648679e-04
3.091070174345696641e-04
3.090289730928776893e-04
3.089509703857485907e-04
3.088730092792792039e-04
3.087950897396026309e-04
3.087172117328907880e-04
3.086393752253505031e-04
3.085615801832284483e-04
3.084838265728050144e-04
3.084061143603995152e-04
3.083284435123676936e-04
3.082508139951010712e-04
3.081732257750297130e-04
3.080956788186181615e-04
3.080181730923699365e-04
3.079407085628229810e-04
3.078632851965540525e-04
3.077859029601727600e-04
3.077085618203297492e-04
3.076312617437082465e-04
3.075540026970301297e-04
3.074767846470513751e-04
3.073996075605661769e-04
3.073224714044047790e-04
3.072453761454322285e-04
3.071683217505500555e-04
3.070913081866968159e-04
3.070143354208453804e-04
3.069374034200062417e-04
3.068605121512255085e-04
3.067836615815826827e-04
3.067068516781968940e-04
3.066300824082199067e-04
3.065533537388408355e-04
3.064766656372840863e-04
3.064000180708089218e-04
3.063234110067108713e-04
3.062468444123202130e-04
3.061703182550044129e-04
3.060938325021641138e-04
3.060173871212366046e-04
3.059409820796938685e-04
3.058646173450441010e-04
3.057882928848289997e-04
3.057120086666267997e-04
3.056357646580510810e-04
3.055595608267491965e-04
3.054833971404038984e-04
3.054072735667337718e-04
3.053311900734908494e-04
3.052551466284639725e-04
3.051791431994742374e-04
3.051031797543802540e-04
3.050272562610734290e-04
3.049513726874798097e-04
3.048755290015619265e-04
3.047997251713149445e-04
3.047239611647692111e-04
3.046482369499897138e-04
3.045725524950757554e-04
3.044969077681615498e-04
3.044213027374141622e-04
3.043457373710361114e-04
3.042702116372647731e-04
3.041947255043705913e-04
3.041192789406588670e-04
3.040438719144674274e-04
3.039685043941708540e-04
3.038931763481752244e-04
3.038178877449223951e-04
3.037426385528871819e-04
3.036674287405780113e-04
3.035922582765384378e-04
3.035171271293449755e-04
3.034420352676074780e-04
3.033669826599695173e-04
3.032919692751103900e-04
3.032169950817394793e-04
3.031420600486031940e-04
3.030671641444786799e-04
3.029923073381782651e-04
3.029174895985470750e-04
3.028427108944642247e-04
3.027679711948412468e-04
3.026932704686231758e-04
3.026186086847886566e-04
3.025439858123494022e-04
3.024694018203509527e-04
3.023948566778703441e-04
3.023203503540193072e-04
3.022458828179413397e-04
3.021714540388136037e-04
3.020970639858468177e-04
3.020227126282833585e-04
3.019483999353983462e-04
3.018741258765013781e-04
3.017998904209327890e-04
3.017256935380673911e-04
3.016515351973117097e-04
3.015774153681047959e-04
3.015033340199188235e-04
3.014292911222576248e-04
3.013552866446585340e-04
3.012813205566910861e-04
3.012073928279573962e-04
3.011335034280911301e-04
3.010596523267582625e-04
3.009858394936585952e-04
3.009120648985228299e-04
3.008383285111135980e-04
3.007646303012271954e-04
3.006909702386904924e-04
3.006173482933629398e-04
3.005437644351362431e-04
3.004702186339345800e-04
3.003967108597119977e-04
3.003232410824565332e-04
3.002498092721884787e-04
3.001764153989573453e-04
3.001030594328464173e-04
3.000297413439706917e-04
2.999564611024755235e-04
2.998832186785397149e-04
2.998100140423715044e-04
2.997368471642131204e-04
2.996637180143362270e-04
2.995906265630452858e-04
2.995175727806757122e-04
2.994445566375933333e-04
2.993715781041979664e-04
2.992986371509178344e-04
2.992257337482143371e-04
2.991528678665789065e-04
2.990800394765344167e-04
2.990072485486357798e-04
2.989344950534686450e-04
2.988617789616488025e-04
2.987891002438231589e-04
2.987164588706712554e-04
2.986438548129016898e-04
2.985712880412553149e-04
2.984987585265030160e-04
2.984262662394456564e-04
2.983538111509176013e-04
2.982813932317809175e-04
2.982090124529305228e-04
2.981366687852907713e-04
2.980643621998165915e-04
2.979920926674945163e-04
2.979198601593410030e-04
2.978476646464028117e-04
2.977755060997568440e-04
2.977033844905116597e-04
2.976312997898046585e-04
2.975592519688046280e-04
2.974872409987104420e-04
2.974152668507513866e-04
2.973433294961859126e-04
2.972714289063034250e-04
2.971995650524244452e-04
2.971277379058967624e-04
2.970559474381018303e-04
2.969841936204484787e-04
2.969124764243758949e-04
2.968407958213543289e-04
2.967691517828825992e-04
2.966975442804902071e-04
2.966259732857366325e-04
2.965544387702100321e-04
2.964829407055290288e-04
2.964114790633429826e-04
2.963400538153283044e-04
2.962686649331932264e-04
2.961973123886752000e-04
2.961259961535400286e-04
2.960547161995848490e-04
2.959834724986341739e-04
2.959122650225437957e-04
2.958410937431979666e-04
2.957699586325102667e-04
2.956988596624238750e-04
2.956277968049110267e-04
2.955567700319737729e-04
2.954857793156420828e-04
2.954148246279759580e-04
2.953439059410646736e-04
2.952730232270268864e-04
2.952021764580084126e-04
2.951313656061864020e-04
2.950605906437656512e-04
2.949898515429800138e-04
2.949191482760919660e-04
2.948484808153942335e-04
2.947778491332066469e-04
2.947072532018788524e-04
2.946366929937890107e-04
2.945661684813432549e-04
2.944956796369773712e-04
2.944252264331556060e-04
2.943548088423702321e-04
2.942844268371425250e-04
2.942140803900225999e-04
2.941437694735881650e-04
2.940734940604455513e-04
2.940032541232300380e-04
2.939330496346052564e-04
2.938628805672623763e-04
2.937927468939219495e-04
2.937226485873314702e-04
2.936525856202680312e-04
2.935825579655356680e-04
2.935125655959680687e-04
2.934426084844252137e-04
2.933726866037961395e-04
2.933027999269975845e-04
2.932329484269756686e-04
2.931631320767017737e-04
2.930933508491780190e-04
2.930236047174326528e-04
2.929538936545222753e-04
2.928842176335306460e-04
2.928145766275707437e-04
2.927449706097823268e-04
2.926753995533332348e-04
2.926058634314181953e-04
2.925363622172602878e-04
2.924668958841100761e-04
2.923974644052457716e-04
2.923280677539732866e-04
2.922587059036249341e-04
2.921893788275621920e-04
2.921200864991728300e-04
2.920508288918713976e-04
2.919816059791011218e-04
2.919124177343323341e-04
2.918432641310619836e-04
2.917741451428159131e-04
2.917050607431432218e-04
2.916360109056252638e-04
2.915669956038675708e-04
2.914980148115024002e-04
2.914290685021908491e-04
2.913601566496200356e-04
2.912912792275041828e-04
2.912224362095845644e-04
2.911536275696295054e-04
2.910848532814337849e-04
2.910161133188199378e-04
2.909474076556360861e-04
2.908787362657579449e-04
2.908100991230884425e-04
2.907414962015557693e-04
2.906729274751159255e-04
2.906043929177514742e-04
2.905358925034709451e-04
2.904674262063106235e-04
2.903989940003323276e-04
2.903305958596241678e-04
2.902622317583024433e-04
2.901939016705076856e-04
2.901256055704081274e-04
2.900573434321981306e-04
2.899891152300991082e-04
2.899209209383576805e-04
2.898527605312464350e-04
2.897846339830664189e-04
2.897165412681419901e-04
2.896484823608254790e-04
2.895804572354960496e-04
2.895124658665561767e-04
2.894445082284377167e-04
2.893765842955954028e-04
2.893086940425131873e-04
2.892408374436984415e-04
2.891730144736861835e-04
2.891052251070356637e-04
2.890374693183337253e-04
2.889697470821918769e-04
2.889020583732472688e-04
2.888344031661648067e-04
2.887667814356328693e-04
2.886991931563664526e-04
2.886316383031063020e-04
2.885641168506184254e-04
2.884966287736948510e-04
2.884291740471534656e-04
2.883617526458376887e-04
2.882943645446146841e-04
2.882270097183792625e-04
2.881596881420509545e-04
2.880923997905748780e-04
2.880251446389211416e-04
2.879579226620852242e-04
2.878907338350880293e-04
2.878235781329759936e-04
2.877564555308207610e-04
2.876893660037192920e-04
2.876223095267931040e-04
2.875552860751894643e-04
2.874882956240806852e-04
2.874213381486640157e-04
2.873544136241618042e-04
2.872875220258222029e-04
2.872206633289164034e-04
2.871538375087426482e-04
2.870870445406236283e-04
2.870202843999057249e-04
2.869535570619615025e-04
2.868868625021881369e-04
2.868202006960077406e-04
2.867535716188657365e-04
2.866869752462343816e-04
2.866204115536095682e-04
2.865538805165120714e-04
2.864873821104873858e-04
2.864209163111049129e-04
2.863544830939606712e-04
2.862880824346719839e-04
2.862217143088838212e-04
2.861553786922644096e-04
2.860890755605061532e-04
2.860228048893260133e-04
2.859565666544657794e-04
2.858903608316913647e-04
2.858241873967931309e-04
2.857580463255858885e-04
2.856919375939075416e-04
2.856258611776224489e-04
2.855598170526171950e-04
2.854938051948030303e-04
2.854278255801161960e-04
2.853618781845171652e-04
2.852959629839888541e-04
2.852300799545394948e-04
2.851642290722013889e-04
2.850984103130303109e-04
2.850326236531067550e-04
2.849668690685344175e-04
2.849011465354411724e-04
2.848354560299792880e-04
2.847697975283238554e-04
2.847041710066746853e-04
2.846385764412552241e-04
2.845730138083121200e-04
2.845074830841168496e-04
2.844419842449633865e-04
2.843765172671698280e-04
2.843110821270787201e-04
2.842456788010552684e-04
2.841803072654882061e-04
2.841149674967905522e-04
2.840496594713984193e-04
2.839843831657718810e-04
2.839191385563929657e-04
2.838539256197692351e-04
2.837887443324304767e-04
2.837235946709302224e-04
2.836584766118451515e-04
2.835933901317755790e-04
2.835283352073443173e-04
2.834633118151985731e-04
2.833983199320077250e-04
2.833333595344658174e-04
2.832684305992879282e-04
2.832035331032147223e-04
2.831386670230081151e-04
2.830738323354533865e-04
2.830090290173599399e-04
2.829442570455595676e-04
2.828795163969069926e-04
2.828148070482799231e-04
2.827501289765782934e-04
2.826854821587275165e-04
2.826208665716721416e-04
2.825562821923830641e-04
2.824917289978518876e-04
2.824272069650938513e-04
2.823627160711466373e-04
2.822982562930711841e-04
2.822338276079506018e-04
2.821694299928900100e-04
2.821050634250197361e-04
2.820407278814900565e-04
2.819764233394752629e-04
2.819121497761716021e-04
2.818479071687981434e-04
2.817836954945967783e-04
2.817195147308318415e-04
2.816553648547889181e-04
2.815912458437776623e-04
2.815271576751293041e-04
2.814631003261984922e-04
2.813990737743598787e-04
2.813350779970130527e-04
2.812711129715786363e-04
2.812071786755002373e-04
2.811432750862419543e-04
2.810794021812919557e-04
2.810155599381603648e-04
2.809517483343785009e-04
2.808879673475006143e-04
2.808242169551030190e-04
2.807604971347841464e-04
2.806968078641638412e-04
2.806331491208847160e-04
2.805695208826110136e-04
2.805059231270292568e-04
2.804423558318474901e-04
2.803788189747964720e-04
2.803153125336271269e-04
2.802518364861141778e-04
2.801883908100534352e-04
2.801249754832625563e-04
2.800615904835806655e-04
2.799982357888690593e-04
2.799349113770105554e-04
2.798716172259097640e-04
2.798083533134928711e-04
2.797451196177077465e-04
2.796819161165244863e-04
2.796187427879338406e-04
2.795555996099480267e-04
2.794924865606025722e-04
2.794294036179514906e-04
2.793663507600736232e-04
2.793033279650674358e-04
2.792403352110525358e-04
2.791773724761704317e-04
2.791144397385850206e-04
2.790515369764799323e-04
2.789886641680608599e-04
2.789258212915554517e-04
2.788630083252107632e-04
2.788002252472973229e-04
2.787374720361058796e-04
2.786747486699476736e-04
2.786120551271559003e-04
2.785493913860860355e-04
2.784867574251125824e-04
2.784241532226318372e-04
2.783615787570616713e-04
2.782990340068409356e-04
2.782365189504289182e-04
2.781740335663067539e-04
2.781115778329754725e-04
2.780491517289580589e-04
2.779867552327981522e-04
2.779243883230595575e-04
2.778620509783282519e-04
2.777997431772097825e-04
2.777374648983308380e-04
2.776752161203402251e-04
2.776129968219052902e-04
2.775508069817162566e-04
2.774886465784816162e-04
2.774265155909337133e-04
2.773644139978229443e-04
2.773023417779209017e-04
2.772402989100208621e-04
2.771782853729353466e-04
2.771163011454984520e-04
2.770543462065640076e-04
2.769924205350078519e-04
2.769305241097239838e-04
2.768686569096286826e-04
2.768068189136575264e-04
2.767450101007684822e-04
2.766832304499372433e-04
2.766214799401614586e-04
2.765597585504584550e-04
2.764980662598668097e-04
2.764364030474449410e-04
2.763747688922706201e-04
2.763131637734433563e-04
2.762515876700814160e-04
2.761900405613245324e-04
2.761285224263321171e-04
2.760670332442834228e-04
2.760055729943779223e-04
2.759441416558354172e-04
2.758827392078959297e-04
2.758213656298193770e-04
2.757600209008849207e-04
2.756987050003933525e-04
2.756374179076636244e-04
2.755761596020361555e-04
2.755149300628702844e-04
2.754537292695459494e-04
2.753925572014623334e-04
2.753314138380385146e-04
2.752702991587146586e-04
2.752092131429482785e-04
2.751481557702193845e-04
2.750871270200256594e-04
2.750261268718855482e-04
2.749651553053372830e-04
2.749042122999378521e-04
2.748432978352657115e-04
2.747824118909168809e-04
2.747215544465076548e-04
2.746607254816750359e-04
2.745999249760733740e-04
2.745391529093794080e-04
2.744784092612873321e-04
2.744176940115110189e-04
2.743570071397845073e-04
2.742963486258616227e-04
2.742357184495133752e-04
2.741751165905328925e-04
2.741145430287318966e-04
2.740539977439395650e-04
2.739934807160080061e-04
2.739329919248048866e-04
2.738725313502194487e-04
2.738120989721597458e-04
2.737516947705530214e-04
2.736913187253454927e-04
2.736309708165027841e-04
2.735706510240096018e-04
2.735103593278697342e-04
2.734500957081062141e-04
2.733898601447607227e-04
2.733296526178957036e-04
2.732694731075902429e-04
2.732093215939438097e-04
2.731491980570751178e-04
2.730891024771206076e-04
2.730290348342375361e-04
2.729689951086005620e-04
2.729089832804036425e-04
2.728489993298600339e-04
2.727890432372015320e-04
2.727291149826785812e-04
2.726692145465611414e-04
2.726093419091371703e-04
2.725494970507137617e-04
2.724896799516172540e-04
2.724298905921915498e-04
2.723701289528007718e-04
2.723103950138266072e-04
2.722506887556691200e-04
2.721910101587487574e-04
2.721313592035035306e-04
2.720717358703885814e-04
2.720121401398802475e-04
2.719525719924720513e-04
2.718930314086758383e-04
2.718335183690228610e-04
2.717740328540619904e-04
2.717145748443613963e-04
2.716551443205064329e-04
2.715957412631026207e-04
2.715363656527725023e-04
2.714770174701575936e-04
2.714176966959179504e-04
2.713584033107309759e-04
2.712991372952934803e-04
2.712398986303201092e-04
2.711806872965436682e-04
2.711215032747157200e-04
2.710623465456053370e-04
2.710032170900002939e-04
2.709441148887067430e-04
2.708850399225482377e-04
2.708259921723675219e-04
2.707669716190243075e-04
2.707079782433969542e-04
2.706490120263826873e-04
2.705900729488949405e-04
2.705311609918666636e-04
2.704722761362492373e-04
2.704134183630100348e-04
2.703545876531365409e-04
2.702957839876323951e-04
2.702370073475206984e-04
2.701782577138410316e-04
2.701195350676518407e-04
2.700608393900298947e-04
2.700021706620686591e-04
2.699435288648797601e-04
2.698849139795920084e-04
2.698263259873545975e-04
2.697677648693306532e-04
2.697092306067039552e-04
2.696507231806751967e-04
2.695922425724621473e-04
2.695337887633010077e-04
2.694753617344451094e-04
2.694169614671657813e-04
2.693585879427516996e-04
2.693002411425095386e-04
2.692419210477629398e-04
2.691836276398535430e-04
2.691253609001406600e-04
2.690671208100007877e-04
2.690089073508276614e-04
2.689507205040323639e-04
2.688925602510454393e-04
2.688344265733116890e-04
2.687763194522959178e-04
2.687182388694782180e-04
2.686601848063586854e-04
2.686021572444523774e-04
2.685441561652920786e-04
2.684861815504290049e-04
2.684282333814302555e-04
2.683703116398819034e-04
2.683124163073855257e-04
2.682545473655610765e-04
2.681967047960454238e-04
2.681388885804916983e-04
2.680810987005716791e-04
2.680233351379727037e-04
2.679655978744018962e-04
2.679078868915798248e-04
2.678502021712473322e-04
2.677925436951602233e-04
2.677349114450920295e-04
2.676773054028342802e-04
2.676197255501945507e-04
2.675621718689965710e-04
2.675046443410821775e-04
2.674471429483111498e-04
2.673896676725568745e-04
2.673322184957139885e-04
2.672747953996900305e-04
2.672173983664118384e-04
2.671600273778223502e-04
2.671026824158809296e-04
2.670453634625643961e-04
2.669880704998667535e-04
2.669308035097972933e-04
2.668735624743830332e-04
2.668163473756681218e-04
2.667591581957124282e-04
2.667019949165925726e-04
2.666448575204032815e-04
2.665877459892542433e-04
2.665306603052716261e-04
2.664736004506005717e-04
2.664165664073998288e-04
2.663595581578471734e-04
2.663025756841350730e-04
2.662456189684735586e-04
2.661886879930890873e-04
2.661317827402243791e-04
2.660749031921383627e-04
2.660180493311069890e-04
2.659612211394230680e-04
2.659044185993938297e-04
2.658476416933454778e-04
2.657908904036185272e-04
2.657341647125711654e-04
2.656774646025769756e-04
2.656207900560271593e-04
2.655641410553273379e-04
2.655075175829005882e-04
2.654509196211869010e-04
2.653943471526413913e-04
2.653378001597354375e-04
2.652812786249569518e-04
2.652247825308101637e-04
2.651683118598160537e-04
2.651118665945093717e-04
2.650554467174435699e-04
2.649990522111877133e-04
2.649426830583256659e-04
2.648863392414584224e-04
2.648300207432035657e-04
2.647737275461930443e-04
2.647174596330768045e-04
2.646612169865184537e-04
2.646049995892000304e-04
2.645488074238175596e-04
2.644926404730843050e-04
2.644364987197294140e-04
2.643803821464966162e-04
2.643242907361474225e-04
2.642682244714568960e-04
2.642121833352189110e-04
2.641561673102399725e-04
2.641001763793456134e-04
2.640442105253745396e-04
2.639882697311821537e-04
2.639323539796399045e-04
2.638764632536350703e-04
2.638205975360700538e-04
2.637647568098638461e-04
2.637089410579498581e-04
2.636531502632784144e-04
2.635973844088140968e-04
2.635416434775390512e-04
2.634859274524495721e-04
2.634302363165578922e-04
2.633745700528920732e-04
2.633189286444950847e-04
2.632633120744259426e-04
2.632077203257597088e-04
2.631521533815862446e-04
2.630966112250109697e-04
2.630410938391552957e-04
2.629856012071543495e-04
2.629301333121616350e-04
2.628746901373433414e-04
2.628192716658825172e-04
2.627638778809773899e-04
2.627085087658414197e-04
2.626531643037033001e-04
2.625978444778074455e-04
2.625425492714125275e-04
2.624872786677944023e-04
2.624320326502419909e-04
2.623768112020614528e-04
2.623216143065730424e-04
2.622664419471127891e-04
2.622112941070306544e-04
2.621561707696940012e-04
2.621010719184837991e-04
2.620459975367958171e-04
2.619909476080430630e-04
2.619359221156509587e-04
2.618809210430624360e-04
2.618259443737338166e-04
2.617709920911366552e-04
2.617160641787594200e-04
2.616611606201033730e-04
2.616062813986856053e-04
2.615514264980386039e-04
2.614965959017086792e-04
2.614417895932588925e-04
2.613870075562661289e-04
2.613322497743214763e-04
2.612775162310331531e-04
2.612228069100214667e-04
2.611681217949245594e-04
2.611134608693927166e-04
2.610588241170934626e-04
2.610042115217071695e-04
2.609496230669301471e-04
2.608950587364731793e-04
2.608405185140616868e-04
2.607860023834362149e-04
2.607315103283521082e-04
2.606770423325789686e-04
2.606225983799013057e-04
2.605681784541180493e-04
2.605137825390443375e-04
2.604594106185073978e-04
2.604050626763507203e-04
2.603507386964331368e-04
2.602964386626262726e-04
2.602421625588170946e-04
2.601879103689079650e-04
2.601336820768145280e-04
2.600794776664680399e-04
2.600252971218132013e-04
2.599711404268100542e-04
2.599170075654337110e-04
2.598628985216713187e-04
2.598088132795274801e-04
2.597547518230197542e-04
2.597007141361796318e-04
2.596467002030544875e-04
2.595927100077045978e-04
2.595387435342053637e-04
2.594848007666467147e-04
2.594308816891329459e-04
2.593769862857813629e-04
2.593231145407260221e-04
2.592692664381136109e-04
2.592154419621048029e-04
2.591616410968756675e-04
2.591078638266157723e-04
2.590541101355289420e-04
2.590003800078341262e-04
2.589466734277631223e-04
2.588929903795626894e-04
2.588393308474946030e-04
2.587856948158325648e-04
2.587320822688665397e-04
2.586784931908992315e-04
2.586249275662482524e-04
2.585713853792449834e-04
2.585178666142347922e-04
2.584643712555775743e-04
2.584108992876469951e-04
2.583574506948308684e-04
2.583040254615305066e-04
2.582506235721609912e-04
2.581972450111532334e-04
2.581438897629502872e-04
2.580905578120095182e-04
2.580372491428026033e-04
2.579839637398150432e-04
2.579307015875462704e-04
2.578774626705094869e-04
2.578242469732311220e-04
2.577710544802528378e-04
2.577178851761294156e-04
2.576647390454285384e-04
2.576116160727342065e-04
2.575585162426413167e-04
2.575054395397599984e-04
2.574523859487148555e-04
2.573993554541425806e-04
2.573463480406943402e-04
2.572933636930358294e-04
2.572404023958449405e-04
2.571874641338143651e-04
2.571345488916501848e-04
2.570816566540720877e-04
2.570287874058125558e-04
2.569759411316198459e-04
2.569231178162536535e-04
2.568703174444880396e-04
2.568175400011105092e-04
2.567647854709236921e-04
2.567120538387410058e-04
2.566593450893913178e-04
2.566066592077164516e-04
2.565539961785710788e-04
2.565013559868254832e-04
2.564487386173613329e-04
2.563961440550740112e-04
2.563435722848733753e-04
2.562910232916808836e-04
2.562384970604340948e-04
2.561859935760824936e-04
2.561335128235872746e-04
2.560810547879261117e-04
2.560286194540881176e-04
2.559762068070762825e-04
2.559238168319066613e-04
2.558714495136090784e-04
2.558191048372260973e-04
2.557667827878135633e-04
2.557144833504416330e-04
2.556622065101924975e-04
2.556099522521619008e-04
2.555577205614591391e-04
2.555055114232064107e-04
2.554533248225391955e-04
2.554011607446055499e-04
2.553490191745682214e-04
2.552969000976018838e-04
2.552448034988944381e-04
2.551927293636472292e-04
2.551406776770747211e-04
2.550886484244035751e-04
2.550366415908746011e-04
2.549846571617414028e-04
2.549326951222708111e-04
2.548807554577422335e-04
2.548288381534484677e-04
2.547769431946944542e-04
2.547250705667993367e-04
2.546732202550946729e-04
2.546213922449246515e-04
2.545695865216467970e-04
2.545178030706317525e-04
2.544660418772630092e-04
2.544143029269364180e-04
2.543625862050606775e-04
2.543108916970585271e-04
2.542592193883641983e-04
2.542075692644255296e-04
2.541559413107033700e-04
2.541043355126704944e-04
2.540527518558135015e-04
2.540011903256310789e-04
2.539496509076344367e-04
2.538981335873482831e-04
2.538466383503101744e-04
2.537951651820693762e-04
2.537437140681887064e-04
2.536922849942439937e-04
2.536408779458228843e-04
2.535894929085254928e-04
2.535381298679657575e-04
2.534867888097699223e-04
2.534354697195756695e-04
2.533841725830351553e-04
2.533328973858110528e-04
2.532816441135808888e-04
2.532304127520332488e-04
2.531792032868697829e-04
2.531280157038038508e-04
2.530768499885634485e-04
2.530257061268866557e-04
2.529745841045254835e-04
2.529234839072437612e-04
2.528724055208190331e-04
2.528213489310390349e-04
2.527703141237060852e-04
2.527193010846345367e-04
2.526683097996502351e-04
2.526173402545919822e-04
2.525663924353109937e-04
2.525154663276717127e-04
2.524645619175488282e-04
2.524136791908309610e-04
2.523628181334195255e-04
2.523119787312267238e-04
2.522611609701781482e-04
2.522103648362115339e-04
2.521595903152767048e-04
2.521088373933353570e-04
2.520581060563627392e-04
2.520073962903450504e-04
2.519567080812812289e-04
2.519060414151825188e-04
2.518553962780721448e-04
2.518047726559858538e-04
2.517541705349708855e-04
2.517035899010872731e-04
2.516530307404075181e-04
2.516024930390152350e-04
2.515519767830074285e-04
2.515014819584916739e-04
2.514510085515889908e-04
2.514005565484318913e-04
2.513501259351651933e-04
2.512997166979454239e-04
2.512493288229412534e-04
2.511989622963337662e-04
2.511486171043155933e-04
2.510982932330920511e-04
2.510479906688794604e-04
2.509977093979066107e-04
2.509474494064150305e-04
2.508972106806566568e-04
2.508469932068963827e-04
2.507967969714111904e-04
2.507466219604893376e-04
2.506964681604314962e-04
2.506463355575499932e-04
2.505962241381684314e-04
2.505461338886238033e-04
2.504960647952634016e-04
2.504460168444474751e-04
2.503959900225469519e-04
2.503459843159456079e-04
2.502959997110392539e-04
2.502460361942339460e-04
2.501960937519488054e-04
2.501461723706146622e-04
2.500962720366731889e-04
2.500463927365793393e-04
2.499965344567980962e-04
2.499466971838071815e-04
2.498968809040958100e-04
2.498470856041647972e-04
2.497973112705262344e-04
2.497475578897050607e-04
2.496978254482364067e-04
2.496481139326684677e-04
2.495984233295592508e-04
2.495487536254805869e-04
2.494991048070144984e-04
2.494494768607539038e-04
2.493998697733052741e-04
2.493502835312852179e-04
2.493007181213227575e-04
2.492511735300578660e-04
2.492016497441411956e-04
2.491521467502371139e-04
2.491026645350188245e-04
2.490532030851740053e-04
2.490037623873995500e-04
2.489543424284043323e-04
2.489049431949090442e-04
2.488555646736450569e-04
2.488062068513567518e-04
2.487568697147977265e-04
2.487075532507349138e-04
2.486582574459456551e-04
2.486089822872188386e-04
2.485597277613544654e-04
2.485104938551640835e-04
2.484612805554713296e-04
2.484120878491099778e-04
2.483629157229257285e-04
2.483137641637751781e-04
2.482646331585270120e-04
2.482155226940602156e-04
2.481664327572658088e-04
2.481173633350453826e-04
2.480683144143129961e-04
2.480192859819918701e-04
2.479702780250181275e-04
2.479212905303391666e-04
2.478723234849124148e-04
2.478233768757072799e-04
2.477744506897033611e-04
2.477255449138937560e-04
2.476766595352800191e-04
2.476277945408759018e-04
2.475789499177070822e-04
2.475301256528092127e-04
2.474813217332290588e-04
2.474325381460250957e-04
2.473837748782664234e-04
2.473350319170338515e-04
2.472863092494182726e-04
2.472376068625229393e-04
2.471889247434599945e-04
2.471402628793544832e-04
2.470916212573425093e-04
2.470429998645693923e-04
2.469943986881931912e-04
2.469458177153821565e-04
2.468972569333157600e-04
2.468487163291838279e-04
2.468001958901877872e-04
2.467516956035402864e-04
2.467032154564635692e-04
2.466547554361916430e-04
2.466063155299700075e-04
2.465578957250537037e-04
2.465094960087095360e-04
2.464611163682142833e-04
2.464127567908568680e-04
2.463644172639360783e-04
2.463160977747616532e-04
2.462677983106541192e-04
2.462195188589453871e-04
2.461712594069773966e-04
2.461230199421033087e-04
2.460748004516862594e-04
2.460266009231014189e-04
2.459784213437332819e-04
2.459302617009784318e-04
2.458821219822434267e-04
2.458340021749456667e-04
2.457859022665125266e-04
2.457378222443835241e-04
2.456897620960072303e-04
2.456417218088440880e-04
2.455937013703650027e-04
2.455457007680507463e-04
2.454977199893933117e-04
2.454497590218955886e-04
2.454018178530702242e-04
2.453538964704414125e-04
2.453059948615424549e-04
2.452581130139192835e-04
2.452102509151265586e-04
2.451624085527305953e-04
2.451145859143076295e-04
2.450667829874444135e-04
2.450189997597387588e-04
2.449712362187979635e-04
2.449234923522418481e-04
2.448757681476980397e-04
2.448280635928059288e-04
2.447803786752159104e-04
2.447327133825880291e-04
2.446850677025931716e-04
2.446374416229119822e-04
2.445898351312363267e-04
2.445422482152681000e-04
2.444946808627190089e-04
2.444471330613126863e-04
2.443996047987810594e-04
2.443520960628683069e-04
2.443046068413279857e-04
2.442571371219238443e-04
2.442096868924304733e-04
2.441622561406326546e-04
2.441148448543248469e-04
2.440674530213123776e-04
2.440200806294111455e-04
2.439727276664469425e-04
2.439253941202552912e-04
2.438780799786825564e-04
2.438307852295858364e-04
2.437835098608313368e-04
2.437362538602961864e-04
2.436890172158669740e-04
2.436417999154417264e-04
2.435946019469273339e-04
2.435474232982423148e-04
2.435002639573135359e-04
2.434531239120791668e-04
2.434060031504874327e-04
2.433589016604966696e-04
2.433118194300752689e-04
2.432647564472007840e-04
2.432177126998631006e-04
2.431706881760597485e-04
2.431236828637995870e-04
2.430766967511020467e-04
2.430297298259950149e-04
2.429827820765172750e-04
2.429358534907181543e-04
2.428889440566565753e-04
2.428420537624010288e-04
2.427951825960304407e-04
2.427483305456337660e-04
2.427014975993092567e-04
2.426546837451670096e-04
2.426078889713244129e-04
2.425611132659105369e-04
2.425143566170642642e-04
2.424676190129340181e-04
2.424209004416779528e-04
2.423742008914646579e-04
2.423275203504724536e-04
2.422808588068893639e-04
2.422342162489131434e-04
2.421875926647514400e-04
2.421409880426226083e-04
2.420944023707538660e-04
2.420478356373827308e-04
2.420012878307557737e-04
2.419547589391307326e-04
2.419082489507737754e-04
2.418617578539619120e-04
2.418152856369813676e-04
2.417688322881283427e-04
2.417223977957083073e-04
2.416759821480374921e-04
2.416295853334402596e-04
2.415832073402530880e-04
2.415368481568196926e-04
2.414905077714949019e-04
2.414441861726429497e-04
2.413978833486376109e-04
2.413515992878625537e-04
2.413053339787109329e-04
2.412590874095852820e-04
2.412128595688988679e-04
2.411666504450736851e-04
2.411204600265409715e-04
2.410742883017426166e-04
2.410281352591292384e-04
2.409820008871616458e-04
2.409358851743104873e-04
2.408897881090544071e-04
2.408437096798835420e-04
2.407976498752969737e-04
2.407516086838028095e-04
2.407055860939185895e-04
2.406595820941723435e-04
2.406135966731008560e-04
2.405676298192505069e-04
2.405216815211773526e-04
2.404757517674473426e-04
2.404298405466349106e-04
2.403839478473246004e-04
2.403380736581106321e-04
2.402922179675955202e-04
2.402463807643930277e-04
2.402005620371245069e-04
2.401547617744218270e-04
2.401089799649263712e-04
2.400632165972881689e-04
2.400174716601670617e-04
2.399717451422322425e-04
2.399260370321620655e-04
2.398803473186448870e-04
2.398346759903777366e-04
2.397890230360671851e-04
2.397433884444288290e-04
2.396977722041889987e-04
2.396521743040806111e-04
2.396065947328487801e-04
2.395610334792458570e-04
2.395154905320348723e-04
2.394699658799872048e-04
2.394244595118840454e-04
2.393789714165151503e-04
2.393335015826803316e-04
2.392880499991875871e-04
2.392426166548562987e-04
2.391972015385120825e-04
2.391518046389913966e-04
2.391064259451409991e-04
2.390610654458143430e-04
2.390157231298757233e-04
2.389703989861982169e-04
2.389250930036637102e-04
2.388798051711641453e-04
2.388345354775992164e-04
2.387892839118795410e-04
2.387440504629227027e-04
2.386988351196573169e-04
2.386536378710199676e-04
2.386084587059572409e-04
2.385632976134230410e-04
2.385181545823827378e-04
2.384730296018090735e-04
2.384279226606839791e-04
2.383828337479999295e-04
2.383377628527557420e-04
2.382927099639625126e-04
2.382476750706373817e-04
2.382026581618077355e-04
2.381576592265110973e-04
2.381126782537913873e-04
2.380677152327041811e-04
2.380227701523125348e-04
2.379778430016883412e-04
2.379329337699134675e-04
2.378880424460776686e-04
2.378431690192803216e-04
2.377983134786290436e-04
2.377534758132410740e-04
2.377086560122424613e-04
2.376638540647680090e-04
2.376190699599611399e-04
2.375743036869742487e-04
2.375295552349694877e-04
2.374848245931163550e-04
2.374401117505942690e-04
2.373954166965906709e-04
2.373507394203032211e-04
2.373060799109371418e-04
2.372614381577070337e-04
2.372168141498354394e-04
2.371722078765551743e-04
2.371276193271064261e-04
2.370830484907396828e-04
2.370384953567119374e-04
2.369939599142916484e-04
2.369494421527536710e-04
2.369049420613836482e-04
2.368604596294743791e-04
2.368159948463273087e-04
2.367715477012541825e-04
2.367271181835736574e-04
2.366827062826146633e-04
2.366383119877143429e-04
2.365939352882169945e-04
2.365495761734776503e-04
2.365052346328595551e-04
2.364609106557334617e-04
2.364166042314797727e-04
2.363723153494876994e-04
2.363280439991540698e-04
2.362837901698854699e-04
2.362395538510965085e-04
2.361953350322100074e-04
2.361511337026583023e-04
2.361069498518817247e-04
2.360627834693295780e-04
2.360186345444587009e-04
2.359745030667355814e-04
2.359303890256352998e-04
2.358862924106401734e-04
2.358422132112433344e-04
2.357981514169440139e-04
2.357541070172510650e-04
2.357100800016820416e-04
2.356660703597629816e-04
2.356220780810274308e-04
2.355781031550191267e-04
2.355341455712882035e-04
2.354902053193950681e-04
2.354462823889081236e-04
2.354023767694027390e-04
2.353584884504653421e-04
2.353146174216881885e-04
2.352707636726738606e-04
2.352269271930322321e-04
2.351831079723828261e-04
2.351393060003516440e-04
2.350955212665744177e-04
2.350517537606953630e-04
2.350080034723661497e-04
2.349642703912478800e-04
2.349205545070090831e-04
2.348768558093269074e-04
2.348331742878871750e-04
2.347895099323835956e-04
2.347458627325189591e-04
2.347022326780028858e-04
2.346586197585545641e-04
2.346150239639013682e-04
2.345714452837781262e-04
2.345278837079292611e-04
2.344843392261059727e-04
2.344408118280693265e-04
2.343973015035867309e-04
2.343538082424351352e-04
2.343103320343997015e-04
2.342668728692738590e-04
2.342234307368584094e-04
2.341800056269630992e-04
2.341365975294053996e-04
2.340932064340121334e-04
2.340498323306167095e-04
2.340064752090610482e-04
2.339631350591966918e-04
2.339198118708812543e-04
2.338765056339820532e-04
2.338332163383739413e-04
2.337899439739399841e-04
2.337466885305713516e-04
2.337034499981673996e-04
2.336602283666352629e-04
2.336170236258904248e-04
2.335738357658567711e-04
2.335306647764655871e-04
2.334875106476570219e-04
2.334443733693787322e-04
2.334012529315869131e-04
2.333581493242445901e-04
2.333150625373247905e-04
2.332719925608067485e-04
2.332289393846788059e-04
2.331859029989372459e-04
2.331428833935854264e-04
2.330998805586361920e-04
2.330568944841088653e-04
2.330139251600325540e-04
2.329709725764424373e-04
2.329280367233822595e-04
2.328851175909049263e-04
2.328422151690693882e-04
2.327993294479444074e-04
2.327564604176052786e-04
2.327136080681354278e-04
2.326707723896271176e-04
2.326279533721795762e-04
2.325851510059001094e-04
2.325423652809044525e-04
2.324995961873156593e-04
2.324568437152650777e-04
2.324141078548918888e-04
2.323713885963423756e-04
2.323286859297717111e-04
2.322859998453425496e-04
2.322433303332247282e-04
2.322006773835971912e-04
2.321580409866458761e-04
2.321154211325646892e-04
2.320728178115551534e-04
2.320302310138272755e-04
2.319876607295978113e-04
2.319451069490919735e-04
2.319025696625432419e-04
2.318600488601918182e-04
2.318175445322860899e-04
2.317750566690829014e-04
2.317325852608452226e-04
2.316901302978452936e-04
2.316476917703629164e-04
2.316052696686844530e-04
2.315628639831053721e-04
2.315204747039277837e-04
2.314781018214626335e-04
2.314357453260275084e-04
2.313934052079475573e-04
2.313510814575571992e-04
2.313087740651967078e-04
2.312664830212152471e-04
2.312242083159685407e-04
2.311819499398215007e-04
2.311397078831447854e-04
2.310974821363185401e-04
2.310552726897292797e-04
2.310130795337712168e-04
2.309709026588466685e-04
2.309287420553658666e-04
2.308865977137453584e-04
2.308444696244113677e-04
2.308023577777948074e-04
2.307602621643365650e-04
2.307181827744840606e-04
2.306761195986932792e-04
2.306340726274257625e-04
2.305920418511524575e-04
2.305500272603517112e-04
2.305080288455076435e-04
2.304660465971142410e-04
2.304240805056715074e-04
2.303821305616875778e-04
2.303401967556771470e-04
2.302982790781639628e-04
2.302563775196778443e-04
2.302144920707572574e-04
2.301726227219467666e-04
2.301307694637996640e-04
2.300889322868759912e-04
2.300471111817436771e-04
2.300053061389779419e-04
2.299635171491607279e-04
2.299217442028830035e-04
2.298799872907417814e-04
2.298382464033411215e-04
2.297965215312939744e-04
2.297548126652202024e-04
2.297131197957463084e-04
2.296714429135065475e-04
2.296297820091433605e-04
2.295881370733058831e-04
2.295465080966498377e-04
2.295048950698394302e-04
2.294632979835459414e-04
2.294217168284480243e-04
2.293801515952309999e-04
2.293386022745887273e-04
2.292970688572210558e-04
2.292555513338365625e-04
2.292140496951500857e-04
2.291725639318835113e-04
2.291310940347665852e-04
2.290896399945369414e-04
2.290482018019385289e-04
2.290067794477229407e-04
2.289653729226484645e-04
2.289239822174814654e-04
2.288826073229951390e-04
2.288412482299703515e-04
2.287999049291940409e-04
2.287585774114619269e-04
2.287172656675755299e-04
2.286759696883448542e-04
2.286346894645855147e-04
2.285934249871226945e-04
2.285521762467861574e-04
2.285109432344146390e-04
2.284697259408528108e-04
2.284285243569542350e-04
2.283873384735777862e-04
2.283461682815900369e-04
2.283050137718652573e-04
2.282638749352845482e-04
2.282227517627360850e-04
2.281816442451153339e-04
2.281405523733243752e-04
2.280994761382730681e-04
2.280584155308782108e-04
2.280173705420625373e-04
2.279763411627579704e-04
2.279353273839023961e-04
2.278943291964400698e-04
2.278533465913237311e-04
2.278123795595119469e-04
2.277714280919713075e-04
2.277304921796748538e-04
2.276895718136032708e-04
2.276486669847427996e-04
2.276077776840891955e-04
2.275669039026426317e-04
2.275260456314118739e-04
2.274852028614120030e-04
2.274443755836657438e-04
2.274035637892028955e-04
2.273627674690588678e-04
2.273219866142770667e-04
2.272812212159084873e-04
2.272404712650100069e-04
2.271997367526457665e-04
2.271590176698869276e-04
2.271183140078115363e-04
2.270776257575045235e-04
2.270369529100585448e-04
2.269962954565718667e-04
2.269556533881503181e-04
2.269150266959068564e-04
2.268744153709609441e-04
2.268338194044391455e-04
2.267932387874748009e-04
2.267526735112088132e-04
2.267121235667876144e-04
2.266715889453654160e-04
2.266310696381030156e-04
2.265905656361686109e-04
2.265500769307367962e-04
2.265096035129886981e-04
2.264691453741123279e-04
2.264287025053034219e-04
2.263882748977640589e-04
2.263478625427027416e-04
2.263074654313350202e-04
2.262670835548827872e-04
2.262267169045760397e-04
2.261863654716504126e-04
2.261460292473486153e-04
2.261057082229202416e-04
2.260654023896213909e-04
2.260251117387154806e-04
2.259848362614719458e-04
2.259445759491677565e-04
2.259043307930859814e-04
2.258641007845170077e-04
2.258238859147572127e-04
2.257836861751100210e-04
2.257435015568860402e-04
2.257033320514021931e-04
2.256631776499822873e-04
2.256230383439556330e-04
2.255829141246607557e-04
2.255428049834402469e-04
2.255027109116451820e-04
2.254626319006320300e-04
2.254225679417652293e-04
2.253825190264144762e-04
2.253424851459574633e-04
2.253024662917773853e-04
2.252624624552652705e-04
2.252224736278169988e-04
2.251824998008370967e-04
2.251425409657351322e-04
2.251025971139290489e-04
2.250626682368410999e-04
2.250227543259016429e-04
2.249828553725477845e-04
2.249429713682223237e-04
2.249031023043749711e-04
2.248632481724629182e-04
2.248234089639479375e-04
2.247835846703006646e-04
2.247437752829966684e-04
2.247039807935183211e-04
2.246642011933550965e-04
2.246244364740029192e-04
2.245846866269636500e-04
2.245449516437464409e-04
2.245052315158668137e-04
2.244655262348453043e-04
2.244258357922120713e-04
2.243861601795002004e-04
2.243464993882518846e-04
2.243068534100149821e-04
2.242672222363436391e-04
2.242276058587982363e-04
2.241880042689464996e-04
2.241484174583619285e-04
2.241088454186251509e-04
2.240692881413220534e-04
2.240297456180455967e-04
2.239902178403960329e-04
2.239507047999783032e-04
2.239112064884056432e-04
2.238717228972966278e-04
2.238322540182763375e-04
2.237927998429758427e-04
2.237533603630339118e-04
2.237139355700945174e-04
2.236745254558086522e-04
2.236351300118330011e-04
2.235957492298315671e-04
2.235563831014739913e-04
2.235170316184365827e-04
2.234776947724017215e-04
2.234383725550591880e-04
2.233990649581031802e-04
2.233597719732363261e-04
2.233204935921665661e-04
2.232812298066072347e-04
2.232419806082800687e-04
2.232027459889108709e-04
2.231635259402346325e-04
2.231243204539890826e-04
2.230851295219213283e-04
2.230459531357830848e-04
2.230067912873326809e-04
2.229676439683353571e-04
2.229285111705610160e-04
2.228893928857880985e-04
2.228502891057998155e-04
2.228111998223856398e-04
2.227721250273420096e-04
2.227330647124707574e-04
2.226940188695810069e-04
2.226549874904867063e-04
2.226159705670094748e-04
2.225769680909757289e-04
2.225379800542200170e-04
2.224990064485810070e-04
2.224600472659052548e-04
2.224211024980442492e-04
2.223821721368560926e-04
2.223432561742055553e-04
2.223043546019628559e-04
2.222654674120052329e-04
2.222265945962153188e-04
2.221877361464818720e-04
2.221488920547005897e-04
2.221100623127726442e-04
2.220712469126054692e-04
2.220324458461130036e-04
2.219936591052145531e-04
2.219548866818363622e-04
2.219161285679101779e-04
2.218773847553742523e-04
2.218386552361733155e-04
2.217999400022571124e-04
2.217612390455824618e-04
2.217225523581111703e-04
2.216838799318129047e-04
2.216452217586617772e-04
2.216065778306388929e-04
2.215679481397304798e-04
2.215293326779301387e-04
2.214907314372363491e-04
2.214521444096542583e-04
2.214135715871953292e-04
2.213750129618758495e-04
2.213364685257195605e-04
2.212979382707554350e-04
2.212594221890183276e-04
2.212209202725499773e-04
2.211824325133973819e-04
2.211439589036136104e-04
2.211054994352579933e-04
2.210670541003958512e-04
2.210286228910981153e-04
2.209902057994421682e-04
2.209518028175106775e-04
2.209134139373936567e-04
2.208750391511851577e-04
2.208366784509869845e-04
2.207983318289057930e-04
2.207599992770545544e-04
2.207216807875522302e-04
2.206833763525231488e-04
2.206450859640990653e-04
2.206068096144157191e-04
2.205685472956159514e-04
2.205302989998488374e-04
2.204920647192682500e-04
2.204538444460342960e-04
2.204156381723133438e-04
2.203774458902776705e-04
2.203392675921054622e-04
2.203011032699800549e-04
2.202629529160919945e-04
2.202248165226358928e-04
2.201866940818141406e-04
2.201485855858332759e-04
2.201104910269072363e-04
2.200724103972544589e-04
2.200343436891003196e-04
2.199962908946751275e-04
2.199582520062154259e-04
2.199202270159640734e-04
2.198822159161689974e-04
2.198442186990842782e-04
2.198062353569689561e-04
2.197682658820897424e-04
2.197303102667176849e-04
2.196923685031299033e-04
2.196544405836096427e-04
2.196165265004451357e-04
2.195786262459312015e-04
2.195407398123686493e-04
2.195028671920631403e-04
2.194650083773262987e-04
2.194271633604757933e-04
2.193893321338358249e-04
2.193515146897342266e-04
2.193137110205067191e-04
2.192759211184936851e-04
2.192381449760413348e-04
2.192003825855018417e-04
2.191626339392321768e-04
2.191248990295971172e-04
2.190871778489646658e-04
2.190494703897100895e-04
2.190117766442145912e-04
2.189740966048634124e-04
2.189364302640484084e-04
2.188987776141682376e-04
2.188611386476252722e-04
2.188235133568289313e-04
2.187859017341936758e-04
2.187483037721397127e-04
2.187107194630931309e-04
2.186731487994850068e-04
2.186355917737533281e-04
2.185980483783400133e-04
2.185605186056943530e-04
2.185230024482704629e-04
2.184854998985274728e-04
2.184480109489307198e-04
2.184105355919517479e-04
2.183730738200670614e-04
2.183356256257582874e-04
2.182981910015133957e-04
2.182607699398259396e-04
2.182233624331948664e-04
2.181859684741241378e-04
2.181485880551242208e-04
2.181112211687109761e-04
2.180738678074055500e-04
2.180365279637340762e-04
2.179992016302295730e-04
2.179618887994299648e-04
2.179245894638780548e-04
2.178873036161232328e-04
2.178500312487200927e-04
2.178127723542278363e-04
2.177755269252133362e-04
2.177382949542461482e-04
2.177010764339043123e-04
2.176638713567688769e-04
2.176266797154276396e-04
2.175895015024736294e-04
2.175523367105056214e-04
2.175151853321273510e-04
2.174780473599489505e-04
2.174409227865845636e-04
2.174038116046550018e-04
2.173667138067867689e-04
2.173296293856104072e-04
2.172925583337632894e-04
2.172555006438876130e-04
2.172184563086308068e-04
2.171814253206469402e-04
2.171444076725934709e-04
2.171074033571353647e-04
2.170704123669413006e-04
2.170334346946871406e-04
2.169964703330527311e-04
2.169595192747234751e-04
2.169225815123908740e-04
2.168856570387514982e-04
2.168487458465068510e-04
2.168118479283647241e-04
2.167749632770375713e-04
2.167380918852433215e-04
2.167012337457064903e-04
2.166643888511543309e-04
2.166275571943216045e-04
2.165907387679484120e-04
2.165539335647793267e-04
2.165171415775645055e-04
2.164803627990594451e-04
2.164435972220252527e-04
2.164068448392282942e-04
2.163701056434398412e-04
2.163333796274375894e-04
2.162966667840027040e-04
2.162599671059235870e-04
2.162232805859929774e-04
2.161866072170084388e-04
2.161499469917741757e-04
2.161132999030990274e-04
2.160766659437962514e-04
2.160400451066860983e-04
2.160034373845926134e-04
2.159668427703462657e-04
2.159302612567816175e-04
2.158936928367396818e-04
2.158571375030657541e-04
2.158205952486107952e-04
2.157840660662314035e-04
2.157475499487889207e-04
2.157110468891503268e-04
2.156745568801865856e-04
2.156380799147762509e-04
2.156016159858002885e-04
2.155651650861478501e-04
2.155287272087104725e-04
2.154923023463871737e-04
2.154558904920804950e-04
2.154194916386993749e-04
2.153831057791570614e-04
2.153467329063731722e-04
2.153103730132716075e-04
2.152740260927807944e-04
2.152376921378359358e-04
2.152013711413765446e-04
2.151650630963469583e-04
2.151287679956979384e-04
2.150924858323838241e-04
2.150562165993649992e-04
2.150199602896068888e-04
2.149837168960803664e-04
2.149474864117611030e-04
2.149112688296296483e-04
2.148750641426720005e-04
2.148388723438797953e-04
2.148026934262482464e-04
2.147665273827792625e-04
2.147303742064791434e-04
2.146942338903603414e-04
2.146581064274381552e-04
2.146219918107348222e-04
2.145858900332777840e-04
2.145498010880983854e-04
2.145137249682333921e-04
2.144776616667260481e-04
2.144416111766222534e-04
2.144055734909750097e-04
2.143695486028416555e-04
2.143335365052842999e-04
2.142975371913704999e-04
2.142615506541726373e-04
2.142255768867685692e-04
2.141896158822405706e-04
2.141536676336766088e-04
2.141177321341691776e-04
2.140818093768159477e-04
2.140458993547194959e-04
2.140100020609879829e-04
2.139741174887336346e-04
2.139382456310746407e-04
2.139023864811336626e-04
2.138665400320383222e-04
2.138307062769217982e-04
2.137948852089214971e-04
2.137590768211805180e-04
2.137232811068459984e-04
2.136874980590713099e-04
2.136517276710137004e-04
2.136159699358363263e-04
2.135802248467064644e-04
2.135444923967967851e-04
2.135087725792845397e-04
2.134730653873532678e-04
2.134373708141892466e-04
2.134016888529851501e-04
2.133660194969387754e-04
2.133303627392523101e-04
2.132947185731321165e-04
2.132590869917914956e-04
2.132234679884470279e-04
2.131878615563206339e-04
2.131522676886388689e-04
2.131166863786340346e-04
2.130811176195427151e-04
2.130455614046063194e-04
2.130100177270715690e-04
2.129744865801895765e-04
2.129389679572169024e-04
2.129034618514141731e-04
2.128679682560476801e-04
2.128324871643884851e-04
2.127970185697126103e-04
2.127615624652997640e-04
2.127261188444360784e-04
2.126906877004115890e-04
2.126552690265220231e-04
2.126198628160667675e-04
2.125844690623506026e-04
2.125490877586838385e-04
2.125137188983811218e-04
2.124783624747607856e-04
2.124430184811481291e-04
2.124076869108710533e-04
2.123723677572646694e-04
2.123370610136662026e-04
2.123017666734205761e-04
2.122664847298747187e-04
2.122312151763825253e-04
2.121959580063013061e-04
2.121607132129941717e-04
2.121254807898280545e-04
2.120902607301754705e-04
2.120550530274128661e-04
2.120198576749224610e-04
2.119846746660904321e-04
2.119495039943084858e-04
2.119143456529724487e-04
2.118791996354827821e-04
2.118440659352451786e-04
2.118089445456702640e-04
2.117738354601726757e-04
2.117387386721718756e-04
2.117036541750929094e-04
2.116685819623649427e-04
2.116335220274211256e-04
2.115984743637011405e-04
2.115634389646476785e-04
2.115284158237092310e-04
2.114934049343383555e-04
2.114584062899922982e-04
2.114234198841337268e-04
2.113884457102289136e-04
2.113534837617502568e-04
2.113185340321734615e-04
2.112835965149793284e-04
2.112486712036539167e-04
2.112137580916874054e-04
2.111788571725743376e-04
2.111439684398145418e-04
2.111090918869124272e-04
2.110742275073769839e-04
2.110393752947219994e-04
2.110045352424650561e-04
2.109697073441290489e-04
2.109348915932421852e-04
2.109000879833362776e-04
2.108652965079481530e-04
2.108305171606188666e-04
2.107957499348949760e-04
2.107609948243266711e-04
2.107262518224693726e-04
2.106915209228834619e-04
2.106568021191326269e-04
2.106220954047864646e-04
2.105874007734185563e-04
2.105527182186069286e-04
2.105180477339351104e-04
2.104833893129898019e-04
2.104487429493632599e-04
2.104141086366519424e-04
2.103794863684577555e-04
2.103448761383858851e-04
2.103102779400467211e-04
2.102756917670549634e-04
2.102411176130303803e-04
2.102065554715967246e-04
2.101720053363824654e-04
2.101374672010214927e-04
2.101029410591501905e-04
2.100684269044116373e-04
2.100339247304520019e-04
2.099994345309226843e-04
2.099649562994796922e-04
2.099304900297830723e-04
2.098960357154977226e-04
2.098615933502922550e-04
2.098271629278417049e-04
2.097927444418235204e-04
2.097583378859206246e-04
2.097239432538204672e-04
2.096895605392145093e-04
2.096551897357994978e-04
2.096208308372758656e-04
2.095864838373494396e-04
2.095521487297291098e-04
2.095178255081294307e-04
2.094835141662692668e-04
2.094492146978717110e-04
2.094149270966641117e-04
2.093806513563785062e-04
2.093463874707516756e-04
2.093121354335239243e-04
2.092778952384418724e-04
2.092436668792541728e-04
2.092094503497156583e-04
2.091752456435847939e-04
2.091410527546245710e-04
2.091068716766029143e-04
2.090727024032916785e-04
2.090385449284675704e-04
2.090043992459104136e-04
2.089702653494066183e-04
2.089361432327448446e-04
2.089020328897193632e-04
2.088679343141292694e-04
2.088338474997762878e-04
2.087997724404682147e-04
2.087657091300165594e-04
2.087316575622373310e-04
2.086976177309508482e-04
2.086635896299813869e-04
2.086295732531587798e-04
2.085955685943162202e-04
2.085615756472907780e-04
2.085275944059257838e-04
2.084936248640670623e-04
2.084596670155656150e-04
2.084257208542769429e-04
2.083917863740595287e-04
2.083578635687788208e-04
2.083239524323023009e-04
2.082900529585020040e-04
2.082561651412556301e-04
2.082222889744443216e-04
2.081884244519531513e-04
2.081545715676723688e-04
2.081207303154955577e-04
2.080869006893219396e-04
2.080530826830539613e-04
2.080192762905988134e-04
2.079854815058672097e-04
2.079516983227760714e-04
2.079179267352440001e-04
2.078841667371962381e-04
2.078504183225609279e-04
2.078166814852705220e-04
2.077829562192623513e-04
2.077492425184780298e-04
2.077155403768629388e-04
2.076818497883668507e-04
2.076481707469441458e-04
2.076145032465531075e-04
2.075808472811558681e-04
2.075472028447199809e-04
2.075135699312163602e-04
2.074799485346203386e-04
2.074463386489112872e-04
2.074127402680738354e-04
2.073791533860946999e-04
2.073455779969673193e-04
2.073120140946878699e-04
2.072784616732570274e-04
2.072449207266794248e-04
2.072113912489643571e-04
2.071778732341258901e-04
2.071443666761805288e-04
2.071108715691506058e-04
2.070773879070617876e-04
2.070439156839445926e-04
2.070104548938329545e-04
2.069770055307659838e-04
2.069435675887853121e-04
2.069101410619389133e-04
2.068767259442768757e-04
2.068433222298552234e-04
2.068099299127329894e-04
2.067765489869737060e-04
2.067431794466448086e-04
2.067098212858191537e-04
2.066764744985709259e-04
2.066431390789823599e-04
2.066098150211363412e-04
2.065765023191215013e-04
2.065432009670306189e-04
2.065099109589604842e-04
2.064766322890117635e-04
2.064433649512896496e-04
2.064101089399029943e-04
2.063768642489653118e-04
2.063436308725935314e-04
2.063104088049088649e-04
2.062771980400375114e-04
2.062439985721081640e-04
2.062108103952557225e-04
2.061776335036173365e-04
2.061444678913350076e-04
2.061113135525546674e-04
2.060781704814267199e-04
2.060450386721051469e-04
2.060119181187479421e-04
2.059788088155179505e-04
2.059457107565815139e-04
2.059126239361085792e-04
2.058795483482742973e-04
2.058464839872568006e-04
2.058134308472390464e-04
2.057803889224077594e-04
2.057473582069533778e-04
2.057143386950709206e-04
2.056813303809597706e-04
2.056483332588217772e-04
2.056153473228642921e-04
2.055823725672987329e-04
2.055494089863395800e-04
2.055164565742058401e-04
2.054835153251206403e-04
2.054505852333113358e-04
2.054176662930085344e-04
2.053847584984475332e-04
2.053518618438677221e-04
2.053189763235114184e-04
2.052861019316263604e-04
2.052532386624635117e-04
2.052203865102777936e-04
2.051875454693285724e-04
2.051547155338783585e-04
2.051218966981948667e-04
2.050890889565488474e-04
2.050562923032150898e-04
2.050235067324728282e-04
2.049907322386050103e-04
2.049579688158981617e-04
2.049252164586434972e-04
2.048924751611361347e-04
2.048597449176744990e-04
2.048270257225608636e-04
2.047943175701029774e-04
2.047616204546107849e-04
2.047289343703989736e-04
2.046962593117858636e-04
2.046635952730940843e-04
2.046309422486501141e-04
2.045983002327844702e-04
2.045656692198309764e-04
2.045330492041276581e-04
2.045004401800170669e-04
2.044678421418453054e-04
2.044352550839615660e-04
2.044026790007202725e-04
2.043701138864786404e-04
2.043375597355986018e-04
2.043050165424459372e-04
2.042724843013894091e-04
2.042399630068024961e-04
2.042074526530631492e-04
2.041749532345512707e-04
2.041424647456525638e-04
2.041099871807554962e-04
2.040775205342528181e-04
2.040450648005419419e-04
2.040126199740216082e-04
2.039801860490974693e-04
2.039477630201772646e-04
2.039153508816732329e-04
2.038829496280011638e-04
2.038505592535802351e-04
2.038181797528346390e-04
2.037858111201914949e-04
2.037534533500824489e-04
2.037211064369421828e-04
2.036887703752097425e-04
2.036564451593278057e-04
2.036241307837435496e-04
2.035918272429065911e-04
2.035595345312715340e-04
2.035272526432961809e-04
2.034949815734427253e-04
2.034627213161766944e-04
2.034304718659672750e-04
2.033982332172885323e-04
2.033660053646168630e-04
2.033337883024333528e-04
2.033015820252224754e-04
2.032693865274733125e-04
2.032372018036771955e-04
2.032050278483312291e-04
2.031728646559341717e-04
2.031407122209906901e-04
2.031085705380074574e-04
2.030764396014958083e-04
2.030443194059704660e-04
2.030122099459501651e-04
2.029801112159577330e-04
2.029480232105185451e-04
2.029159459241638313e-04
2.028838793514261228e-04
2.028518234868432091e-04
2.028197783249568911e-04
2.027877438603113550e-04
2.027557200874553409e-04
2.027237070009420066e-04
2.026917045953264618e-04
2.026597128651695082e-04
2.026277318050343597e-04
2.025957614094879436e-04
2.025638016731021748e-04
2.025318525904510551e-04
2.024999141561134380e-04
2.024679863646719447e-04
2.024360692107110668e-04
2.024041626888219906e-04
2.023722667935973392e-04
2.023403815196337741e-04
2.023085068615325106e-04
2.022766428138977185e-04
2.022447893713374164e-04
2.022129465284633364e-04
2.021811142798913576e-04
2.021492926202402322e-04
2.021174815441329137e-04
2.020856810461954729e-04
2.020538911210584254e-04
2.020221117633559465e-04
2.019903429677243252e-04
2.019585847288058139e-04
2.019268370412446707e-04
2.018950998996894906e-04
2.018633732987920940e-04
2.018316572332086651e-04
2.017999516975979091e-04
2.017682566866237624e-04
2.017365721949521129e-04
2.017048982172537817e-04
2.016732347482020563e-04
2.016415817824752661e-04
2.016099393147538542e-04
2.015783073397230888e-04
2.015466858520710569e-04
2.015150748464900738e-04
2.014834743176755719e-04
2.014518842603272122e-04
2.014203046691469322e-04
2.013887355388422533e-04
2.013571768641225399e-04
2.013256286397020354e-04
2.012940908602979106e-04
2.012625635206300736e-04
2.012310466154241520e-04
2.011995401394074809e-04
2.011680440873121658e-04
2.011365584538723453e-04
2.011050832338281209e-04
2.010736184219212206e-04
2.010421640128971668e-04
2.010107200015061443e-04
2.009792863825007772e-04
2.009478631506376198e-04
2.009164503006769941e-04
2.008850478273822035e-04
2.008536557255212137e-04
2.008222739898640774e-04
2.007909026151862410e-04
2.007595415962641812e-04
2.007281909278802563e-04
2.006968506048193454e-04
2.006655206218696346e-04
2.006342009738232399e-04
2.006028916554760181e-04
2.005715926616268073e-04
2.005403039870786472e-04
2.005090256266367455e-04
2.004777575751112977e-04
2.004464998273155075e-04
2.004152523780661297e-04
2.003840152221830631e-04
2.003527883544900285e-04
2.003215717698145139e-04
2.002903654629867455e-04
2.002591694288413941e-04
2.002279836622156519e-04
2.001968081579504782e-04
2.001656429108911964e-04
2.001344879158857863e-04
2.001033431677853446e-04
2.000722086614453049e-04
2.000410843917239739e-04
2.000099703534834801e-04
1.999788665415898282e-04
1.999477729509113537e-04
1.999166895763205664e-04
1.998856164126936623e-04
1.998545534549095752e-04
1.998235006978511688e-04
1.997924581364046953e-04
1.997614257654600116e-04
1.997304035799099293e-04
1.996993915746515151e-04
1.996683897445840588e-04
1.996373980846118915e-04
1.996064165896413228e-04
1.995754452545825928e-04
1.995444840743493297e-04
1.995135330438591731e-04
1.994825921580327171e-04
1.994516614117935376e-04
1.994207408000693300e-04
1.993898303177903922e-04
1.993589299598918195e-04
1.993280397213104962e-04
1.992971595969881854e-04
1.992662895818688188e-04
1.992354296709004480e-04
1.992045798590337535e-04
1.991737401412242139e-04
1.991429105124295300e-04
1.991120909676110079e-04
1.990812815017337751e-04
1.990504821097657242e-04
1.990196927866779190e-04
1.989889135274461936e-04
1.989581443270482255e-04
1.989273851804658391e-04
1.988966360826845451e-04
1.988658970286920498e-04
1.988351680134803150e-04
1.988044490320450429e-04
1.987737400793839415e-04
1.987430411504990556e-04
1.987123522403958181e-04
1.986816733440824269e-04
1.986510044565710639e-04
1.986203455728768115e-04
1.985896966880180319e-04
1.985590577970170714e-04
1.985284288948986349e-04
1.984978099766915196e-04
1.984672010374278030e-04
1.984366020721425167e-04
1.984060130758739449e-04
1.983754340436640312e-04
1.983448649705583510e-04
1.983143058516048380e-04
1.982837566818556544e-04
1.982532174563657811e-04
1.982226881701938854e-04
1.981921688184008572e-04
1.981616593960524653e-04
1.981311598982167825e-04
1.981006703199650527e-04
1.980701906563730737e-04
1.980397209025179983e-04
1.980092610534817229e-04
1.979788111043488273e-04
1.979483710502080653e-04
1.979179408861498712e-04
1.978875206072690165e-04
1.978571102086637144e-04
1.978267096854346453e-04
1.977963190326860942e-04
1.977659382455260325e-04
1.977355673190655486e-04
1.977052062484186583e-04
1.976748550287026301e-04
1.976445136550377952e-04
1.976141821225486862e-04
1.975838604263620583e-04
1.975535485616088951e-04
1.975232465234224297e-04
1.974929543069396090e-04
1.974626719073004695e-04
1.974323993196484362e-04
1.974021365391299965e-04
1.973718835608957852e-04
1.973416403800976027e-04
1.973114069918924804e-04
1.972811833914399164e-04
1.972509695739021465e-04
1.972207655344456888e-04
1.971905712682391217e-04
1.971603867704554958e-04
1.971302120362698675e-04
1.971000470608608168e-04
1.970698918394110167e-04
1.970397463671050915e-04
1.970096106391313251e-04
1.969794846506817956e-04
1.969493683969505331e-04
1.969192618731359313e-04
1.968891650744392032e-04
1.968590779960645157e-04
1.968290006332189907e-04
1.967989329811138969e-04
1.967688750349628340e-04
1.967388267899823563e-04
1.967087882413937072e-04
1.966787593844189703e-04
1.966487402142855418e-04
1.966187307262225257e-04
1.965887309154631729e-04
1.965587407772434990e-04
1.965287603068020404e-04
1.964987894993820499e-04
1.964688283502280812e-04
1.964388768545894315e-04
1.964089350077168885e-04
1.963790028048664445e-04
1.963490802412952028e-04
1.963191673122650102e-04
1.962892640130396379e-04
1.962593703388865977e-04
1.962294862850762743e-04
1.961996118468829287e-04
1.961697470195830986e-04
1.961398917984559780e-04
1.961100461787859380e-04
1.960802101558577833e-04
1.960503837249613331e-04
1.960205668813890629e-04
1.959907596204366195e-04
1.959609619374017909e-04
1.959311738275868375e-04
1.959013952862963238e-04
1.958716263088385002e-04
1.958418668905239214e-04
1.958121170266665842e-04
1.957823767125840635e-04
1.957526459435964547e-04
1.957229247150264284e-04
1.956932130222009648e-04
1.956635108604501069e-04
1.956338182251050092e-04
1.956041351115025723e-04
1.955744615149810793e-04
1.955447974308816591e-04
1.955151428545501844e-04
1.954854977813337742e-04
1.954558622065837492e-04
1.954262361256540320e-04
1.953966195339017708e-04
1.953670124266867700e-04
1.953374147993727642e-04
1.953078266473255752e-04
1.952782479659148467e-04
1.952486787505123363e-04
1.952191189964934881e-04
1.951895686992371343e-04
1.951600278541244110e-04
1.951304964565395443e-04
1.951009745018704195e-04
1.950714619855076866e-04
1.950419589028445705e-04
1.950124652492778198e-04
1.949829810202067853e-04
1.949535062110341788e-04
1.949240408171658289e-04
1.948945848340102481e-04
1.948651382569788486e-04
1.948357010814864311e-04
1.948062733029511573e-04
1.947768549167933029e-04
1.947474459184358542e-04
1.947180463033064055e-04
1.946886560668347193e-04
1.946592752044530789e-04
1.946299037115964512e-04
1.946005415837050883e-04
1.945711888162192425e-04
1.945418454045840450e-04
1.945125113442466868e-04
1.944831866306586147e-04
1.944538712592723865e-04
1.944245652255455203e-04
1.943952685249362663e-04
1.943659811529082682e-04
1.943367031049266066e-04
1.943074343764589912e-04
1.942781749629779561e-04
1.942489248599565781e-04
1.942196840628731104e-04
1.941904525672073247e-04
1.941612303684422448e-04
1.941320174620646624e-04
1.941028138435627515e-04
1.940736195084293480e-04
1.940444344521589687e-04
1.940152586702494097e-04
1.939860921582021536e-04
1.939569349115199840e-04
1.939277869257107531e-04
1.938986481962829366e-04
1.938695187187500788e-04
1.938403984886272419e-04
1.938112875014328762e-04
1.937821857526878715e-04
1.937530932379172646e-04
1.937240099526479084e-04
1.936949358924099898e-04
1.936658710527363247e-04
1.936368154291625210e-04
1.936077690172280353e-04
1.935787318124742760e-04
1.935497038104461208e-04
1.935206850066903449e-04
1.934916753967583854e-04
1.934626749762022487e-04
1.934336837405795247e-04
1.934047016854484270e-04
1.933757288063715871e-04
1.933467650989129918e-04
1.933178105586413713e-04
1.932888651811263232e-04
1.932599289619423781e-04
1.932310018966651509e-04
1.932020839808743493e-04
1.931731752101516328e-04
1.931442755800825636e-04
1.931153850862546287e-04
1.930865037242584321e-04
1.930576314896880743e-04
1.930287683781395532e-04
1.929999143852124987e-04
1.929710695065084923e-04
1.929422337376332085e-04
1.929134070741943545e-04
1.928845895118024565e-04
1.928557810460714017e-04
1.928269816726166494e-04
1.927981913870585920e-04
1.927694101850189773e-04
1.927406380621221279e-04
1.927118750139965948e-04
1.926831210362725825e-04
1.926543761245832500e-04
1.926256402745653610e-04
1.925969134818575497e-04
1.925681957421020282e-04
1.925394870509430684e-04
1.925107874040287641e-04
1.924820967970090522e-04
1.924534152255371765e-04
1.924247426852689557e-04
1.923960791718631901e-04
1.923674246809820411e-04
1.923387792082890794e-04
1.923101427494514808e-04
1.922815153001401886e-04
1.922528968560269593e-04
1.922242874127875068e-04
1.921956869661011499e-04
1.921670955116475869e-04
1.921385130451123166e-04
1.921099395621804853e-04
1.920813750585430399e-04
1.920528195298910358e-04
1.920242729719203801e-04
1.919957353803289043e-04
1.919672067508166626e-04
1.919386870790875581e-04
1.919101763608476081e-04
1.918816745918056760e-04
1.918531817676733084e-04
1.918246978841656571e-04
1.917962229369991206e-04
1.917677569218941903e-04
1.917392998345732549e-04
1.917108516707623082e-04
1.916824124261892412e-04
1.916539820965854144e-04
1.916255606776837877e-04
1.915971481652216303e-04
1.915687445549377839e-04
1.915403498425743425e-04
1.915119640238760294e-04
1.914835870945903328e-04
1.914552190504675052e-04
1.914268598872602932e-04
1.913985096007240452e-04
1.913701681866181213e-04
1.913418356407029658e-04
1.913135119587421127e-04
1.912851971365026201e-04
1.912568911697534431e-04
1.912285940542670607e-04
1.912003057858174696e-04
1.911720263601824341e-04
1.911437557731423479e-04
1.911154940204793393e-04
1.910872410979796835e-04
1.910589970014316076e-04
1.910307617266253984e-04
1.910025352693550834e-04
1.909743176254172648e-04
1.909461087906103884e-04
1.909179087607365858e-04
1.908897175316001031e-04
1.908615350990080595e-04
1.908333614587706640e-04
1.908051966066997250e-04
1.907770405386108455e-04
1.907488932503219054e-04
1.907207547376529801e-04
1.906926249964278853e-04
1.906645040224717652e-04
1.906363918116136126e-04
1.906082883596847515e-04
1.905801936625186742e-04
1.905521077159518818e-04
1.905240305158242364e-04
1.904959620579771179e-04
1.904679023382548065e-04
1.904398513525051059e-04
1.904118090965773108e-04
1.903837755663241311e-04
1.903557507576004179e-04
1.903277346662648713e-04
1.902997272881765708e-04
1.902717286191994478e-04
1.902437386551991954e-04
1.902157573920438378e-04
1.901877848256047874e-04
1.901598209517553538e-04
1.901318657663715302e-04
1.901039192653328062e-04
1.900759814445202977e-04
1.900480522998183462e-04
1.900201318271137598e-04
1.899922200222958128e-04
1.899643168812561382e-04
1.899364223998899735e-04
1.899085365740946164e-04
1.898806593997690723e-04
1.898527908728167373e-04
1.898249309891423360e-04
1.897970797446533033e-04
1.897692371352605436e-04
1.897414031568762081e-04
1.897135778054165410e-04
1.896857610767991415e-04
1.896579529669447533e-04
1.896301534717769930e-04
1.896023625872215372e-04
1.895745803092067461e-04
1.895468066336636359e-04
1.895190415565261232e-04
1.894912850737304015e-04
1.894635371812152392e-04
1.894357978749220339e-04
1.894080671507944599e-04
1.893803450047794714e-04
1.893526314328265704e-04
1.893249264308863701e-04
1.892972299949141732e-04
1.892695421208662307e-04
1.892418628047021006e-04
1.892141920423837803e-04
1.891865298298759507e-04
1.891588761631452442e-04
1.891312310381618167e-04
1.891035944508979115e-04
1.890759663973279943e-04
1.890483468734295125e-04
1.890207358751818648e-04
1.889931333985686514e-04
1.889655394395735267e-04
1.889379539941847530e-04
1.889103770583922459e-04
1.888828086281884688e-04
1.888552486995685145e-04
1.888276972685301320e-04
1.888001543310733471e-04
1.887726198832014382e-04
1.887450939209190661e-04
1.887175764402342526e-04
1.886900674371572964e-04
1.886625669077011253e-04
1.886350748478810252e-04
1.886075912537148300e-04
1.885801161212226774e-04
1.885526494464280663e-04
1.885251912253560404e-04
1.884977414540347878e-04
1.884703001284940413e-04
1.884428672447677352e-04
1.884154427988907253e-04
1.883880267869012285e-04
1.883606192048396842e-04
1.883332200487489985e-04
1.883058293146745439e-04
1.882784469986641866e-04
1.882510730967686390e-04
1.882237076050409985e-04
1.881963505195365311e-04
1.881690018363125897e-04
1.881416615514305932e-04
1.881143296609528277e-04
1.880870061609444524e-04
1.880596910474741502e-04
1.880323843166117155e-04
1.880050859644294902e-04
1.879777959870036113e-04
1.879505143804114352e-04
1.879232411407335982e-04
1.878959762640519291e-04
1.878687197464525124e-04
1.878414715840225980e-04
1.878142317728519293e-04
1.877870003090334483e-04
1.877597771886622925e-04
1.877325624078356593e-04
1.877053559626534567e-04
1.876781578492182760e-04
1.876509680636351208e-04
1.876237866020105129e-04
1.875966134604545516e-04
1.875694486350798029e-04
1.875422921220003508e-04
1.875151439173335587e-04
1.874880040171988504e-04
1.874608724177182514e-04
1.874337491150157120e-04
1.874066341052182179e-04
1.873795273844553843e-04
1.873524289488581816e-04
1.873253387945615102e-04
1.872982569177013550e-04
1.872711833144164112e-04
1.872441179808487081e-04
1.872170609131417114e-04
1.871900121074414889e-04
1.871629715598967648e-04
1.871359392666585401e-04
1.871089152238801739e-04
1.870818994277178985e-04
1.870548918743296265e-04
1.870278925598759542e-04
1.870009014805200257e-04
1.869739186324277495e-04
1.869469440117661730e-04
1.869199776147063006e-04
1.868930194374205734e-04
1.868660694760837634e-04
1.868391277268737871e-04
1.868121941859700514e-04
1.867852688495557311e-04
1.867583517138139194e-04
1.867314427749330766e-04
1.867045420291017712e-04
1.866776494725123122e-04
1.866507651013580931e-04
1.866238889118364914e-04
1.865970209001459963e-04
1.865701610624879428e-04
1.865433093950660782e-04
1.865164658940865082e-04
1.864896305557571271e-04
1.864628033762897057e-04
1.864359843518963666e-04
1.864091734787934882e-04
1.863823707531980724e-04
1.863555761713309969e-04
1.863287897294145490e-04
1.863020114236735639e-04
1.862752412503358582e-04
1.862484792056304142e-04
1.862217252857896834e-04
1.861949794870480150e-04
1.861682418056418722e-04
1.861415122378104828e-04
1.861147907797950263e-04
1.860880774278391759e-04
1.860613721781893967e-04
1.860346750270938068e-04
1.860079859708033709e-04
1.859813050055708693e-04
1.859546321276518471e-04
1.859279673333039909e-04
1.859013106187875351e-04
1.858746619803643130e-04
1.858480214143000886e-04
1.858213889168608694e-04
1.857947644843166749e-04
1.857681481129387169e-04
1.857415397990016496e-04
1.857149395387805337e-04
1.856883473285556615e-04
1.856617631646067558e-04
1.856351870432173341e-04
1.856086189606734349e-04
1.855820589132622619e-04
1.855555068972745156e-04
1.855289629090025498e-04
1.855024269447409682e-04
1.854758990007866510e-04
1.854493790734396770e-04
1.854228671590009924e-04
1.853963632537753109e-04
1.853698673540680509e-04
1.853433794561882360e-04
1.853168995564469766e-04
1.852904276511566301e-04
1.852639637366335654e-04
1.852375078091947477e-04
1.852110598651603949e-04
1.851846199008525679e-04
1.851581879125962821e-04
1.851317638967179895e-04
1.851053478495468256e-04
1.850789397674143110e-04
1.850525396466538635e-04
1.850261474836015847e-04
1.849997632745954733e-04
1.849733870159758862e-04
1.849470187040859991e-04
1.849206583352703160e-04
1.848943059058760785e-04
1.848679614122532386e-04
1.848416248507527514e-04
1.848152962177298272e-04
1.847889755095394868e-04
1.847626627225405728e-04
1.847363578530940688e-04
1.847100608975632086e-04
1.846837718523126350e-04
1.846574907137101082e-04
1.846312174781256923e-04
1.846049521419308064e-04
1.845786947014999870e-04
1.845524451532095593e-04
1.845262034934385320e-04
1.844999697185674317e-04
1.844737438249796039e-04
1.844475258090603185e-04
1.844213156671976645e-04
1.843951133957808419e-04
1.843689189912024122e-04
1.843427324498564000e-04
1.843165537681396493e-04
1.842903829424503048e-04
1.842642199691896829e-04
1.842380648447613763e-04
1.842119175655700623e-04
1.841857781280240231e-04
1.841596465285324895e-04
1.841335227635077822e-04
1.841074068293638755e-04
1.840812987225178877e-04
1.840551984393875879e-04
1.840291059763946751e-04
1.840030213299611466e-04
1.839769444965134993e-04
1.839508754724786634e-04
1.839248142542860090e-04
1.838987608383678874e-04
1.838727152211580053e-04
1.838466773990926173e-04
1.838206473686097397e-04
1.837946251261509669e-04
1.837686106681586792e-04
1.837426039910775336e-04
1.837166050913552502e-04
1.836906139654407417e-04
1.836646306097857123e-04
1.836386550208435472e-04
1.836126871950706670e-04
1.835867271289250374e-04
1.835607748188664403e-04
1.835348302613575846e-04
1.835088934528632937e-04
1.834829643898500172e-04
1.834570430687865357e-04
1.834311294861441506e-04
1.834052236383961691e-04
1.833793255220176601e-04
1.833534351334867557e-04
1.833275524692828072e-04
1.833016775258874433e-04
1.832758102997849485e-04
1.832499507874619659e-04
1.832240989854058428e-04
1.831982548901080199e-04
1.831724184980605067e-04
1.831465898057584030e-04
1.831207688096982990e-04
1.830949555063797398e-04
1.830691498923037880e-04
1.830433519639736205e-04
1.830175617178946099e-04
1.829917791505746765e-04
1.829660042585234481e-04
1.829402370382529109e-04
1.829144774862771652e-04
1.828887255991118292e-04
1.828629813732760717e-04
1.828372448052896038e-04
1.828115158916753620e-04
1.827857946289573941e-04
1.827600810136633259e-04
1.827343750423214878e-04
1.827086767114629749e-04
1.826829860176214303e-04
1.826573029573313914e-04
1.826316275271307296e-04
1.826059597235586717e-04
1.825802995431569380e-04
1.825546469824687124e-04
1.825290020380405400e-04
1.825033647064202940e-04
1.824777349841574467e-04
1.824521128678047231e-04
1.824264983539160138e-04
1.824008914390475131e-04
1.823752921197577736e-04
1.823497003926077603e-04
1.823241162541593325e-04
1.822985397009773854e-04
1.822729707296291181e-04
1.822474093366828138e-04
1.822218555187101439e-04
1.821963092722837286e-04
1.821707705939790069e-04
1.821452394803727459e-04
1.821197159280444776e-04
1.820941999335754684e-04
1.820686914935494246e-04
1.820431906045521392e-04
1.820176972631707335e-04
1.819922114659949309e-04
1.819667332096164606e-04
1.819412624906296808e-04
1.819157993056302240e-04
1.818903436512157011e-04
1.818648955239867587e-04
1.818394549205448567e-04
1.818140218374950600e-04
1.817885962714425147e-04
1.817631782189958094e-04
1.817377676767660262e-04
1.817123646413650062e-04
1.816869691094071654e-04
1.816615810775090343e-04
1.816362005422892030e-04
1.816108275003685928e-04
1.815854619483691008e-04
1.815601038829163104e-04
1.815347533006365910e-04
1.815094101981585889e-04
1.814840745721136065e-04
1.814587464191341933e-04
1.814334257358552567e-04
1.814081125189134661e-04
1.813828067649483910e-04
1.813575084706010377e-04
1.813322176325142282e-04
1.813069342473329804e-04
1.812816583117046699e-04
1.812563898222780009e-04
1.812311287757047942e-04
1.812058751686377114e-04
1.811806289977322597e-04
1.811553902596457625e-04
1.811301589510373321e-04
1.811049350685679511e-04
1.810797186089015023e-04
1.810545095687032780e-04
1.810293079446404678e-04
1.810041137333820503e-04
1.809789269315998500e-04
1.809537475359673450e-04
1.809285755431595040e-04
1.809034109498540606e-04
1.808782537527299679e-04
1.808531039484692420e-04
1.808279615337548749e-04
1.808028265052723791e-04
1.807776988597092731e-04
1.807525785937546745e-04
1.807274657041001674e-04
1.807023601874392334e-04
1.806772620404669533e-04
1.806521712598812266e-04
1.806270878423806849e-04
1.806020117846673207e-04
1.805769430834443191e-04
1.805518817354167626e-04
1.805268277372923088e-04
1.805017810857801599e-04
1.804767417775911991e-04
1.804517098094395890e-04
1.804266851780398989e-04
1.804016678801091103e-04
1.803766579123669697e-04
1.803516552715347411e-04
1.803266599543346647e-04
1.803016719574928293e-04
1.802766912777359744e-04
1.802517179117930077e-04
1.802267518563949514e-04
1.802017931082749416e-04
1.801768416641677680e-04
1.801518975208107681e-04
1.801269606749421738e-04
1.801020311233028463e-04
1.800771088626363032e-04
1.800521938896862515e-04
1.800272862012002744e-04
1.800023857939265517e-04
1.799774926646158105e-04
1.799526068100204860e-04
1.799277282268950731e-04
1.799028569119965064e-04
1.798779928620823979e-04
1.798531360739137749e-04
1.798282865442519358e-04
1.798034442698622718e-04
1.797786092475102014e-04
1.797537814739644767e-04
1.797289609459942295e-04
1.797041476603719254e-04
1.796793416138714396e-04
1.796545428032686258e-04
1.796297512253410727e-04
1.796049668768687809e-04
1.795801897546332152e-04
1.795554198554178186e-04
1.795306571760081757e-04
1.795059017131916328e-04
1.794811534637575691e-04
1.794564124244971256e-04
1.794316785922038288e-04
1.794069519636722889e-04
1.793822325356997729e-04
1.793575203050848756e-04
1.793328152686289839e-04
1.793081174231341349e-04
1.792834267654058354e-04
1.792587432922501342e-04
1.792340670004752756e-04
1.792093978868918079e-04
1.791847359483122310e-04
1.791600811815505625e-04
1.791354335834229614e-04
1.791107931507470233e-04
1.790861598803432711e-04
1.790615337690332849e-04
1.790369148136406504e-04
1.790123030109910405e-04
1.789876983579113750e-04
1.789631008512316092e-04
1.789385104877832167e-04
1.789139272643987548e-04
1.788893511779133291e-04
1.788647822251641863e-04
1.788402204029900639e-04
1.788156657082312444e-04
1.787911181377308293e-04
1.787665776883331397e-04
1.787420443568839604e-04
1.787175181402324102e-04
1.786929990352277434e-04
1.786684870387222229e-04
1.786439821475697379e-04
1.786194843586262919e-04
1.785949936687490538e-04
1.785705100747975236e-04
1.785460335736333156e-04
1.785215641621189112e-04
1.784971018371202885e-04
1.784726465955035341e-04
1.784481984341376888e-04
1.784237573498940164e-04
1.783993233396442954e-04
1.783748964002628251e-04
1.783504765286264527e-04
1.783260637216126489e-04
1.783016579761014864e-04
1.782772592889744745e-04
1.782528676571161583e-04
1.782284830774113267e-04
1.782041055467472354e-04
1.781797350620133353e-04
1.781553716201008395e-04
1.781310152179018823e-04
1.781066658523120406e-04
1.780823235202270809e-04
1.780579882185461850e-04
1.780336599441689413e-04
1.780093386939974860e-04
1.779850244649360696e-04
1.779607172538903790e-04
1.779364170577680800e-04
1.779121238734779765e-04
1.778878376979317188e-04
1.778635585280426373e-04
1.778392863607250929e-04
1.778150211928965360e-04
1.777907630214746069e-04
1.777665118433803342e-04
1.777422676555356950e-04
1.777180304548646179e-04
1.776938002382935254e-04
1.776695770027494361e-04
1.776453607451619978e-04
1.776211514624621596e-04
1.775969491515839061e-04
1.775727538094613032e-04
1.775485654330316153e-04
1.775243840192330827e-04
1.775002095650064934e-04
1.774760420672936111e-04
1.774518815230384224e-04
1.774277279291867025e-04
1.774035812826863141e-04
1.773794415804863934e-04
1.773553088195382182e-04
1.773311829967942589e-04
1.773070641092105092e-04
1.772829521537425026e-04
1.772588471273488079e-04
1.772347490269897559e-04
1.772106578496274935e-04
1.771865735922254143e-04
1.771624962517492159e-04
1.771384258251661409e-04
1.771143623094455460e-04
1.770903057015581433e-04
1.770662559984768133e-04
1.770422131971758457e-04
1.770181772946316718e-04
1.769941482878219425e-04
1.769701261737268566e-04
1.769461109493285374e-04
1.769221026116091352e-04
1.768981011575548119e-04
1.768741065841520819e-04
1.768501188883896548e-04
1.768261380672579751e-04
1.768021641177496288e-04
1.767781970368584755e-04
1.767542368215801096e-04
1.767302834689124839e-04
1.767063369758544182e-04
1.766823973394070907e-04
1.766584645565736852e-04
1.766345386243589036e-04
1.766106195397683962e-04
1.765867072998113100e-04
1.765628019014966565e-04
1.765389033418363475e-04
1.765150116178438395e-04
1.764911267265346765e-04
1.764672486649247816e-04
1.764433774300341981e-04
1.764195130188820205e-04
1.763956554284910568e-04
1.763718046558851449e-04
1.763479606980900471e-04
1.763241235521330439e-04
1.763002932150430416e-04
1.762764696838513593e-04
1.762526529555901019e-04
1.762288430272941663e-04
1.762050398959995334e-04
1.761812435587439460e-04
1.761574540125670173e-04
1.761336712545097426e-04
1.761098952816160718e-04
1.760861260909298465e-04
1.760623636794978624e-04
1.760386080443682437e-04
1.760148591825915268e-04
1.759911170912186005e-04
1.759673817673034434e-04
1.759436532079014710e-04
1.759199314100688303e-04
1.758962163708642707e-04
1.758725080873484387e-04
1.758488065565832819e-04
1.758251117756322660e-04
1.758014237415610789e-04
1.757777424514370352e-04
1.757540679023285063e-04
1.757304000913067371e-04
1.757067390154441104e-04
1.756830846718138227e-04
1.756594370574925937e-04
1.756357961695569536e-04
1.756121620050869292e-04
1.755885345611625742e-04
1.755649138348674119e-04
1.755412998232849385e-04
1.755176925235012793e-04
1.754940919326040776e-04
1.754704980476832533e-04
1.754469108658289163e-04
1.754233303841345104e-04
1.753997565996945904e-04
1.753761895096050667e-04
1.753526291109638012e-04
1.753290754008702277e-04
1.753055283764258672e-04
1.752819880347332166e-04
1.752584543728975645e-04
1.752349273880243351e-04
1.752114070772224218e-04
1.751878934376006913e-04
1.751643864662710457e-04
1.751408861603464715e-04
1.751173925169418797e-04
1.750939055331725606e-04
1.750704252061581684e-04
1.750469515330170837e-04
1.750234845108715627e-04
1.750000241368444040e-04
1.749765704080606557e-04
1.749531233216465316e-04
1.749296828747300071e-04
1.749062490644410367e-04
1.748828218879112549e-04
1.748594013422736788e-04
1.748359874246630604e-04
1.748125801322156692e-04
1.747891794620701331e-04
1.747657854113658659e-04
1.747423979772440164e-04
1.747190171568484165e-04
1.746956429473231693e-04
1.746722753458150612e-04
1.746489143494723152e-04
1.746255599554441843e-04
1.746022121608823341e-04
1.745788709629398391e-04
1.745555363587715633e-04
1.745322083455336172e-04
1.745088869203838191e-04
1.744855720804821555e-04
1.744622638229896430e-04
1.744389621450696023e-04
1.744156670438861128e-04
1.743923785166054494e-04
1.743690965603958930e-04
1.743458211724268085e-04
1.743225523498692414e-04
1.742992900898957280e-04
1.742760343896810542e-04
1.742527852464013070e-04
1.742295426572342540e-04
1.742063066193583133e-04
1.741830771299556705e-04
1.741598541862082673e-04
1.741366377853006205e-04
1.741134279244178700e-04
1.740902246007484358e-04
1.740670278114806022e-04
1.740438375538057704e-04
1.740206538249163177e-04
1.739974766220053260e-04
1.739743059422692924e-04
1.739511417829052832e-04
1.739279841411119098e-04
1.739048330140894911e-04
1.738816883990405686e-04
1.738585502931681718e-04
1.738354186936785827e-04
1.738122935977778666e-04
1.737891750026747991e-04
1.737660629055794842e-04
1.737429573037038147e-04
1.737198581942611740e-04
1.736967655744664095e-04
1.736736794415358863e-04
1.736505997926884903e-04
1.736275266251432700e-04
1.736044599361216050e-04
1.735813997228472601e-04
1.735583459825440543e-04
1.735352987124385714e-04
1.735122579097584793e-04
1.734892235717330452e-04
1.734661956955936232e-04
1.734431742785722994e-04
1.734201593179036265e-04
1.733971508108232142e-04
1.733741487545684341e-04
1.733511531463783381e-04
1.733281639834931167e-04
1.733051812631556711e-04
1.732822049826087394e-04
1.732592351390980687e-04
1.732362717298706529e-04
1.732133147521749766e-04
1.731903642032610964e-04
1.731674200803801533e-04
1.731444823807855380e-04
1.731215511017327282e-04
1.730986262404770660e-04
1.730757077942774445e-04
1.730527957603927294e-04
1.730298901360843617e-04
1.730069909186146765e-04
1.729840981052482049e-04
1.729612116932509140e-04
1.729383316798896659e-04
1.729154580624338159e-04
1.728925908381534514e-04
1.728697300043213433e-04
1.728468755582105332e-04
1.728240274970965567e-04
1.728011858182558708e-04
1.727783505189668840e-04
1.727555215965099024e-04
1.727326990481662077e-04
1.727098828712186267e-04
1.726870730629518019e-04
1.726642696206518129e-04
1.726414725416064195e-04
1.726186818231048451e-04
1.725958974624379396e-04
1.725731194568981249e-04
1.725503478037792324e-04
1.725275825003764487e-04
1.725048235439871288e-04
1.724820709319096579e-04
1.724593246614440471e-04
1.724365847298919884e-04
1.724138511345566101e-04
1.723911238727429923e-04
1.723684029417567841e-04
1.723456883389063723e-04
1.723229800615010653e-04
1.723002781068511742e-04
1.722775824722693958e-04
1.722548931550700255e-04
1.722322101525680096e-04
1.722095334620807609e-04
1.721868630809268307e-04
1.721641990064260981e-04
1.721415412359003942e-04
1.721188897666724171e-04
1.720962445960678468e-04
1.720736057214116040e-04
1.720509731400323772e-04
1.720283468492588550e-04
1.720057268464223821e-04
1.719831131288547641e-04
1.719605056938901103e-04
1.719379045388635876e-04
1.719153096611120428e-04
1.718927210579741121e-04
1.718701387267896241e-04
1.718475626649000067e-04
1.718249928696477719e-04
1.718024293383780068e-04
1.717798720684363947e-04
1.717573210571702723e-04
1.717347763019290094e-04
1.717122378000626531e-04
1.716897055489234191e-04
1.716671795458649325e-04
1.716446597882421467e-04
1.716221462734115869e-04
1.715996389987307273e-04
1.715771379615601319e-04
1.715546431592604730e-04
1.715321545891939953e-04
1.715096722487249219e-04
1.714871961352185874e-04
1.714647262460423048e-04
1.714422625785645530e-04
1.714198051301556267e-04
1.713973538981864440e-04
1.713749088800304438e-04
1.713524700730619324e-04
1.713300374746573574e-04
1.713076110821934916e-04
1.712851908930500895e-04
1.712627769046072307e-04
1.712403691142468109e-04
1.712179675193522437e-04
1.711955721173085147e-04
1.711731829055027239e-04
1.711507998813218084e-04
1.711284230421551992e-04
1.711060523853945227e-04
1.710836879084316222e-04
1.710613296086604008e-04
1.710389774834762254e-04
1.710166315302754389e-04
1.709942917464573112e-04
1.709719581294202450e-04
1.709496306765666545e-04
1.709273093852983034e-04
1.709049942530201809e-04
1.708826852771371950e-04
1.708603824550569369e-04
1.708380857841876484e-04
1.708157952619395771e-04
1.707935108857235669e-04
1.707712326529537414e-04
1.707489605610435467e-04
1.707266946074096270e-04
1.707044347894685996e-04
1.706821811046393316e-04
1.706599335503428583e-04
1.706376921240000525e-04
1.706154568230347957e-04
1.705932276448713215e-04
1.705710045869357613e-04
1.705487876466556284e-04
1.705265768214603338e-04
1.705043721087799388e-04
1.704821735060462666e-04
1.704599810106930649e-04
1.704377946201550843e-04
1.704156143318685931e-04
1.703934401432707815e-04
1.703712720518014956e-04
1.703491100549010698e-04
1.703269541500116000e-04
1.703048043345766730e-04
1.702826606060408785e-04
1.702605229618508662e-04
1.702383913994546139e-04
1.702162659163009397e-04
1.701941465098410198e-04
1.701720331775263828e-04
1.701499259168114304e-04
1.701278247251506186e-04
1.701057296000004903e-04
1.700836405388190793e-04
1.700615575390654224e-04
1.700394805982003994e-04
1.700174097136865705e-04
1.699953448829867402e-04
1.699732861035662605e-04
1.699512333728918660e-04
1.699291866884314838e-04
1.699071460476542065e-04
1.698851114480304551e-04
1.698630828870327915e-04
1.698410603621348621e-04
1.698190438708115329e-04
1.697970334105391608e-04
1.697750289787957017e-04
1.697530305730605754e-04
1.697310381908138791e-04
1.697090518295383936e-04
1.696870714867168724e-04
1.696650971598354573e-04
1.696431288463791788e-04
1.696211665438363740e-04
1.695992102496963290e-04
1.695772599614494950e-04
1.695553156765876519e-04
1.695333773926045848e-04
1.695114451069944586e-04
1.694895188172543113e-04
1.694675985208813165e-04
1.694456842153743009e-04
1.694237758982342329e-04
1.694018735669624600e-04
1.693799772190619833e-04
1.693580868520382435e-04
1.693362024633967352e-04
1.693143240506447692e-04
1.692924516112913910e-04
1.692705851428469473e-04
1.692487246428228957e-04
1.692268701087323748e-04
1.692050215380893361e-04
1.691831789284100620e-04
1.691613422772115941e-04
1.691395115820121936e-04
1.691176868403324529e-04
1.690958680496934790e-04
1.690740552076174365e-04
1.690522483116292814e-04
1.690304473592542953e-04
1.690086523480192231e-04
1.689868632754523009e-04
1.689650801390832823e-04
1.689433029364431410e-04
1.689215316650645037e-04
1.688997663224812442e-04
1.688780069062282391e-04
1.688562534138421541e-04
1.688345058428612267e-04
1.688127641908242639e-04
1.687910284552723221e-04
1.687692986337473524e-04
1.687475747237929594e-04
1.687258567229540213e-04
1.687041446287760129e-04
1.686824384388073634e-04
1.686607381505963934e-04
1.686390437616938360e-04
1.686173552696513189e-04
1.685956726720214452e-04
1.685739959663592579e-04
1.685523251502199353e-04
1.685306602211608239e-04
1.685090011767402464e-04
1.684873480145184497e-04
1.684657007320564397e-04
1.684440593269164691e-04
1.684224237966629590e-04
1.684007941388610354e-04
1.683791703510773149e-04
1.683575524308794169e-04
1.683359403758372922e-04
1.683143341835212977e-04
1.682927338515037151e-04
1.682711393773577747e-04
1.682495507586585228e-04
1.682279679929816563e-04
1.682063910779049861e-04
1.681848200110069738e-04
1.681632547898681139e-04
1.681416954120699579e-04
1.681201418751945723e-04
1.680985941768275472e-04
1.680770523145531719e-04
1.680555162859588526e-04
1.680339860886327543e-04
1.680124617201646958e-04
1.679909431781452544e-04
1.679694304601667154e-04
1.679479235638228817e-04
1.679264224867081526e-04
1.679049272264193941e-04
1.678834377805536889e-04
1.678619541467106405e-04
1.678404763224899065e-04
1.678190043054931775e-04
1.677975380933233369e-04
1.677760776835849753e-04
1.677546230738833342e-04
1.677331742618254709e-04
1.677117312450198793e-04
1.676902940210756498e-04
1.676688625876039597e-04
1.676474369422168808e-04
1.676260170825281926e-04
1.676046030061524334e-04
1.675831947107062558e-04
1.675617921938066647e-04
1.675403954530725083e-04
1.675190044861245048e-04
1.674976192905833455e-04
1.674762398640725135e-04
1.674548662042159525e-04
1.674334983086388803e-04
1.674121361749681411e-04
1.673907798008316902e-04
1.673694291838588924e-04
1.673480843216803595e-04
1.673267452119285733e-04
1.673054118522362868e-04
1.672840842402382859e-04
1.672627623735705219e-04
1.672414462498701931e-04
1.672201358667756361e-04
1.671988312219273016e-04
1.671775323129656135e-04
1.671562391375329740e-04
1.671349516932737643e-04
1.671136699778328532e-04
1.670923939888565191e-04
1.670711237239919892e-04
1.670498591808888486e-04
1.670286003571970078e-04
1.670073472505678681e-04
1.669860998586548907e-04
1.669648581791118079e-04
1.669436222095937886e-04
1.669223919477579531e-04
1.669011673912623435e-04
1.668799485377660046e-04
1.668587353849294993e-04
1.668375279304151520e-04
1.668163261718861006e-04
1.667951301070063502e-04
1.667739397334421013e-04
1.667527550488602322e-04
1.667315760509290035e-04
1.667104027373178142e-04
1.666892351056983672e-04
1.666680731537422842e-04
1.666469168791229758e-04
1.666257662795154516e-04
1.666046213525954262e-04
1.665834820960406199e-04
1.665623485075296473e-04
1.665412205847418550e-04
1.665200983253587580e-04
1.664989817270626845e-04
1.664778707875376701e-04
1.664567655044678319e-04
1.664356658755404041e-04
1.664145718984423497e-04
1.663934835708625833e-04
1.663724008904914021e-04
1.663513238550198348e-04
1.663302524621405908e-04
1.663091867095475179e-04
1.662881265949357106e-04
1.662670721160017543e-04
1.662460232704430748e-04
1.662249800559586967e-04
1.662039424702488918e-04
1.661829105110152057e-04
1.661618841759600514e-04
1.661408634627877662e-04
1.661198483692036092e-04
1.660988388929138422e-04
1.660778350316262722e-04
1.660568367830497359e-04
1.660358441448952116e-04
1.660148571148736233e-04
1.659938756906976023e-04
1.659728998700818405e-04
1.659519296507415984e-04
1.659309650303927874e-04
1.659100060067535414e-04
1.658890525775431597e-04
1.658681047404817280e-04
1.658471624932907952e-04
1.658262258336932115e-04
1.658052947594130741e-04
1.657843692681755369e-04
1.657634493577074075e-04
1.657425350257360085e-04
1.657216262699908577e-04
1.657007230882020967e-04
1.656798254781015204e-04
1.656589334374210590e-04
1.656380469638955703e-04
1.656171660552599933e-04
1.655962907092504055e-04
1.655754209236051612e-04
1.655545566960631566e-04
1.655336980243640201e-04
1.655128449062497650e-04
1.654919973394628114e-04
1.654711553217471515e-04
1.654503188508476717e-04
1.654294879245110747e-04
1.654086625404848764e-04
1.653878426965177037e-04
1.653670283903599457e-04
1.653462196197625332e-04
1.653254163824783489e-04
1.653046186762607633e-04
1.652838264988648544e-04
1.652630398480470285e-04
1.652422587215645320e-04
1.652214831171757770e-04
1.652007130326407747e-04
1.651799484657210542e-04
1.651591894141785782e-04
1.651384358757766106e-04
1.651176878482804209e-04
1.650969453294553330e-04
1.650762083170693268e-04
1.650554768088900574e-04
1.650347508026875105e-04
1.650140302962328645e-04
1.649933152872972710e-04
1.649726057736547815e-04
1.649519017530796374e-04
1.649312032233471914e-04
1.649105101822348832e-04
1.648898226275204507e-04
1.648691405569832581e-04
1.648484639684040520e-04
1.648277928595644193e-04
1.648071272282473291e-04
1.647864670722368348e-04
1.647658123893185349e-04
1.647451631772787323e-04
1.647245194339050584e-04
1.647038811569869333e-04
1.646832483443141297e-04
1.646626209936780463e-04
1.646419991028716542e-04
1.646213826696884392e-04
1.646007716919233510e-04
1.645801661673722337e-04
1.645595660938332623e-04
1.645389714691043411e-04
1.645183822909854611e-04
1.644977985572775351e-04
1.644772202657826684e-04
1.644566474143042132e-04
1.644360800006467143e-04
1.644155180226160448e-04
1.643949614780189719e-04
1.643744103646635642e-04
1.643538646803590557e-04
1.643333244229162524e-04
1.643127895901464754e-04
1.642922601798625637e-04
1.642717361898791181e-04
1.642512176180107393e-04
1.642307044620738713e-04
1.642101967198862319e-04
1.641896943892668401e-04
1.641691974680355008e-04
1.641487059540131031e-04
1.641282198450223794e-04
1.641077391388865228e-04
1.640872638334303526e-04
1.640667939264796099e-04
1.640463294158616889e-04
1.640258702994044720e-04
1.640054165749372779e-04
1.639849682402906182e-04
1.639645252932965763e-04
1.639440877317879948e-04
1.639236555535985294e-04
1.639032287565639497e-04
1.638828073385203239e-04
1.638623912973056172e-04
1.638419806307581474e-04
1.638215753367179941e-04
1.638011754130265106e-04
1.637807808575254842e-04
1.637603916680590601e-04
1.637400078424707873e-04
1.637196293786075758e-04
1.636992562743154684e-04
1.636788885274429470e-04
1.636585261358394154e-04
1.636381690973548735e-04
1.636178174098409206e-04
1.635974710711507007e-04
1.635771300791377648e-04
1.635567944316569102e-04
1.635364641265651031e-04
1.635161391617188757e-04
1.634958195349777690e-04
1.634755052442001043e-04
1.634551962872476179e-04
1.634348926619823446e-04
1.634145943662670508e-04
1.633943013979657498e-04
1.633740137549446775e-04
1.633537314350696904e-04
1.633334544362088946e-04
1.633131827562312637e-04
1.632929163930064488e-04
1.632726553444058357e-04
1.632523996083015151e-04
1.632321491825676377e-04
1.632119040650779201e-04
1.631916642537087900e-04
1.631714297463368103e-04
1.631512005408403869e-04
1.631309766350978719e-04
1.631107580269903546e-04
1.630905447143994938e-04
1.630703366952071921e-04
1.630501339672973851e-04
1.630299365285551195e-04
1.630097443768666076e-04
1.629895575101184685e-04
1.629693759261991912e-04
1.629491996229986202e-04
1.629290285984067083e-04
1.629088628503156581e-04
1.628887023766177535e-04
1.628685471752073924e-04
1.628483972439794881e-04
1.628282525808302545e-04
1.628081131836572068e-04
1.627879790503586734e-04
1.627678501788339311e-04
1.627477265669845068e-04
1.627276082127115746e-04
1.627074951139184504e-04
1.626873872685090730e-04
1.626672846743883302e-04
1.626471873294633324e-04
1.626270952316411357e-04
1.626070083788305309e-04
1.625869267689410136e-04
1.625668503998836244e-04
1.625467792695702441e-04
1.625267133759136480e-04
1.625066527168284004e-04
1.624865972902296888e-04
1.624665470940340290e-04
1.624465021261588856e-04
1.624264623845228885e-04
1.624064278670460501e-04
1.623863985716490603e-04
1.623663744962537475e-04
1.623463556387837832e-04
1.623263419971627847e-04
1.623063335693162668e-04
1.622863303531709908e-04
1.622663323466538539e-04
1.622463395476941655e-04
1.622263519542213703e-04
1.622063695641667023e-04
1.621863923754615850e-04
1.621664203860394748e-04
1.621464535938346144e-04
1.621264919967820592e-04
1.621065355928182474e-04
1.620865843798810534e-04
1.620666383559082435e-04
1.620466975188407550e-04
1.620267618666181703e-04
1.620068313971831885e-04
1.619869061084783463e-04
1.619669859984480776e-04
1.619470710650376297e-04
1.619271613061928189e-04
1.619072567198616029e-04
1.618873573039920205e-04
1.618674630565339269e-04
1.618475739754378546e-04
1.618276900586557187e-04
1.618078113041401930e-04
1.617879377098451984e-04
1.617680692737262819e-04
1.617482059937388821e-04
1.617283478678404436e-04
1.617084948939898471e-04
1.616886470701454047e-04
1.616688043942686806e-04
1.616489668643203447e-04
1.616291344782636150e-04
1.616093072340619801e-04
1.615894851296806908e-04
1.615696681630851604e-04
1.615498563322424557e-04
1.615300496351207546e-04
1.615102480696891296e-04
1.614904516339181440e-04
1.614706603257786322e-04
1.614508741432433257e-04
1.614310930842854171e-04
1.614113171468795082e-04
1.613915463290015021e-04
1.613717806286277625e-04
1.613520200437364963e-04
1.613322645723062085e-04
1.613125142123165968e-04
1.612927689617493917e-04
1.612730288185859986e-04
1.612532937808093948e-04
1.612335638464046448e-04
1.612138390133565421e-04
1.611941192796514520e-04
1.611744046432768516e-04
1.611546951022210848e-04
1.611349906544739326e-04
1.611152912980254467e-04
1.610955970308682267e-04
1.610759078509947098e-04
1.610562237563984442e-04
1.610365447450743065e-04
1.610168708150186098e-04
1.609972019642277755e-04
1.609775381907006103e-04
1.609578794924358127e-04
1.609382258674337885e-04
1.609185773136953773e-04
1.608989338292234517e-04
1.608792954120209383e-04
1.608596620600925527e-04
1.608400337714434986e-04
1.608204105440804430e-04
1.608007923760112730e-04
1.607811792652443633e-04
1.607615712097893357e-04
1.607419682076569501e-04
1.607223702568592134e-04
1.607027773554091084e-04
1.606831895013203766e-04
1.606636066926078439e-04
1.606440289272874204e-04
1.606244562033766693e-04
1.606048885188933711e-04
1.605853258718565528e-04
1.605657682602867594e-04
1.605462156822052135e-04
1.605266681356341948e-04
1.605071256185968776e-04
1.604875881291174659e-04
1.604680556652218716e-04
1.604485282249366299e-04
1.604290058062887096e-04
1.604094884073069770e-04
1.603899760260210573e-04
1.603704686604614702e-04
1.603509663086603615e-04
1.603314689686497418e-04
1.603119766384636000e-04
1.602924893161370638e-04
1.602730069997055317e-04
1.602535296872063808e-04
1.602340573766769072e-04
1.602145900661565208e-04
1.601951277536850114e-04
1.601756704373033069e-04
1.601562181150537447e-04
1.601367707849793128e-04
1.601173284451235684e-04
1.600978910935322371e-04
1.600784587282513968e-04
1.600590313473282910e-04
1.600396089488106510e-04
1.600201915307485935e-04
1.600007790911916930e-04
1.599813716281910960e-04
1.599619691397999278e-04
1.599425716240708258e-04
1.599231790790587855e-04
1.599037915028183145e-04
1.598844088934065226e-04
1.598650312488810615e-04
1.598456585672997728e-04
1.598262908467224766e-04
1.598069280852098335e-04
1.597875702808229648e-04
1.597682174316247805e-04
1.597488695356783536e-04
1.597295265910491963e-04
1.597101885958017095e-04
1.596908555480036282e-04
1.596715274457217385e-04
1.596522042870253204e-04
1.596328860699835453e-04
1.596135727926670754e-04
1.595942644531480909e-04
1.595749610494991784e-04
1.595556625797939817e-04
1.595363690421068765e-04
1.595170804345141357e-04
1.594977967550918155e-04
1.594785180019182218e-04
1.594592441730722024e-04
1.594399752666334456e-04
1.594207112806821547e-04
1.594014522133008096e-04
1.593821980625718905e-04
1.593629488265792325e-04
1.593437045034077823e-04
1.593244650911433268e-04
1.593052305878722491e-04
1.592860009916829652e-04
1.592667763006638912e-04
1.592475565129047985e-04
1.592283416264969490e-04
1.592091316395313609e-04
1.591899265501016273e-04
1.591707263563010974e-04
1.591515310562247737e-04
1.591323406479686346e-04
1.591131551296292549e-04
1.590939744993042661e-04
1.590747987550927367e-04
1.590556278950943042e-04
1.590364619174096633e-04
1.590173008201407824e-04
1.589981446013904976e-04
1.589789932592624579e-04
1.589598467918610985e-04
1.589407051972926976e-04
1.589215684736636420e-04
1.589024366190819445e-04
1.588833096316558623e-04
1.588641875094951971e-04
1.588450702507112960e-04
1.588259578534148282e-04
1.588068503157190922e-04
1.587877476357375220e-04
1.587686498115847172e-04
1.587495568413766053e-04
1.587304687232292768e-04
1.587113854552606922e-04
1.586923070355891372e-04
1.586732334623346054e-04
1.586541647336167920e-04
1.586351008475582653e-04
1.586160418022805098e-04
1.585969875959076657e-04
1.585779382265637652e-04
1.585588936923743313e-04
1.585398539914657540e-04
1.585208191219659687e-04
1.585017890820022870e-04
1.584827638697047314e-04
1.584637434832032428e-04
1.584447279206295241e-04
1.584257171801154134e-04
1.584067112597943756e-04
1.583877101578000921e-04
1.583687138722686568e-04
1.583497224013351605e-04
1.583307357431374860e-04
1.583117538958132451e-04
1.582927768575016487e-04
1.582738046263426396e-04
1.582548372004776241e-04
1.582358745780477647e-04
1.582169167571964195e-04
1.581979637360674614e-04
1.581790155128056849e-04
1.581600720855566708e-04
1.581411334524674903e-04
1.581221996116855672e-04
1.581032705613598702e-04
1.580843462996402626e-04
1.580654268246766076e-04
1.580465121346212619e-04
1.580276022276262844e-04
1.580086971018450890e-04
1.579897967554326076e-04
1.579709011865437990e-04
1.579520103933353299e-04
1.579331243739642463e-04
1.579142431265890580e-04
1.578953666493687895e-04
1.578764949404640649e-04
1.578576279980355623e-04
1.578387658202453421e-04
1.578199084052568743e-04
1.578010557512338999e-04
1.577822078563412441e-04
1.577633647187452227e-04
1.577445263366122603e-04
1.577256927081104347e-04
1.577068638314082843e-04
1.576880397046758386e-04
1.576692203260833167e-04
1.576504056938027266e-04
1.576315958060065100e-04
1.576127906608679489e-04
1.575939902565617347e-04
1.575751945912630197e-04
1.575564036631484197e-04
1.575376174703949301e-04
1.575188360111809014e-04
1.575000592836855518e-04
1.574812872860886954e-04
1.574625200165716374e-04
1.574437574733165502e-04
1.574249996545060398e-04
1.574062465583238237e-04
1.573874981829550830e-04
1.573687545265854866e-04
1.573500155874013541e-04
1.573312813635906313e-04
1.573125518533419686e-04
1.572938270548445046e-04
1.572751069662891123e-04
1.572563915858663126e-04
1.572376809117694452e-04
1.572189749421912806e-04
1.572002736753254023e-04
1.571815771093681860e-04
1.571628852425143536e-04
1.571441980729616360e-04
1.571255155989077638e-04
1.571068378185511724e-04
1.570881647300921677e-04
1.570694963317308655e-04
1.570508326216694961e-04
1.570321735981101269e-04
1.570135192592562350e-04
1.569948696033120563e-04
1.569762246284835887e-04
1.569575843329763690e-04
1.569389487149977773e-04
1.569203177727559800e-04
1.569016915044599834e-04
1.568830699083193631e-04
1.568644529825452126e-04
1.568458407253493303e-04
1.568272331349446528e-04
1.568086302095443064e-04
1.567900319473628271e-04
1.567714383466159433e-04
1.567528494055200612e-04
1.567342651222925897e-04
1.567156854951508294e-04
1.566971105223150082e-04
1.566785402020048391e-04
1.566599745324405500e-04
1.566414135118448896e-04
1.566228571384404168e-04
1.566043054104505850e-04
1.565857583261001489e-04
1.565672158836143777e-04
1.565486780812203299e-04
1.565301449171448741e-04
1.565116163896161530e-04
1.564930924968634747e-04
1.564745732371170960e-04
1.564560586086078157e-04
1.564375486095676525e-04
1.564190432382293026e-04
1.564005424928262213e-04
1.563820463715934899e-04
1.563635548727665425e-04
1.563450679945812465e-04
1.563265857352755023e-04
1.563081080930873458e-04
1.562896350662560600e-04
1.562711666530213611e-04
1.562527028516245379e-04
1.562342436603074479e-04
1.562157890773121930e-04
1.561973391008834768e-04
1.561788937292646752e-04
1.561604529607023349e-04
1.561420167934420543e-04
1.561235852257312475e-04
1.561051582558180067e-04
1.560867358819517789e-04
1.560683181023818486e-04
1.560499049153596959e-04
1.560314963191366112e-04
1.560130923119651587e-04
1.559946928920992579e-04
1.559762980577931264e-04
1.559579078073018764e-04
1.559395221388818397e-04
1.559211410507904054e-04
1.559027645412851791e-04
1.558843926086247696e-04
1.558660252510697100e-04
1.558476624668798287e-04
1.558293042543173394e-04
1.558109506116444015e-04
1.557926015371244213e-04
1.557742570290213742e-04
1.557559170856003200e-04
1.557375817051276465e-04
1.557192508858697415e-04
1.557009246260949444e-04
1.556826029240712965e-04
1.556642857780685737e-04
1.556459731863572566e-04
1.556276651472082327e-04
1.556093616588943406e-04
1.555910627196878230e-04
1.555727683278634161e-04
1.555544784816953680e-04
1.555361931794596077e-04
1.555179124194326060e-04
1.554996361998916741e-04
1.554813645191158037e-04
1.554630973753831191e-04
1.554448347669749159e-04
1.554265766921712701e-04
1.554083231492540734e-04
1.553900741365064377e-04
1.553718296522118810e-04
1.553535896946546264e-04
1.553353542621202792e-04
1.553171233528946344e-04
1.552988969652653844e-04
1.552806750975200590e-04
1.552624577479476788e-04
1.552442449148373727e-04
1.552260365964805195e-04
1.552078327911682266e-04
1.551896334971926861e-04
1.551714387128471739e-04
1.551532484364258606e-04
1.551350626662236485e-04
1.551168814005357652e-04
1.550987046376597152e-04
1.550805323758924065e-04
1.550623646135325091e-04
1.550442013488791809e-04
1.550260425802326369e-04
1.550078883058935797e-04
1.549897385241640405e-04
1.549715932333468090e-04
1.549534524317450548e-04
1.549353161176637091e-04
1.549171842894078656e-04
1.548990569452834314e-04
1.548809340835975604e-04
1.548628157026585446e-04
1.548447018007744055e-04
1.548265923762551970e-04
1.548084874274113798e-04
1.547903869525536313e-04
1.547722909499950144e-04
1.547541994180478869e-04
1.547361123550264231e-04
1.547180297592450949e-04
1.546999516290198113e-04
1.546818779626667520e-04
1.546638087585033437e-04
1.546457440148476907e-04
1.546276837300188730e-04
1.546096279023362688e-04
1.545915765301212079e-04
1.545735296116948032e-04
1.545554871453797669e-04
1.545374491294990279e-04
1.545194155623767622e-04
1.545013864423384193e-04
1.544833617677090966e-04
1.544653415368155993e-04
1.544473257479857893e-04
1.544293143995472848e-04
1.544113074898303061e-04
1.543933050171636639e-04
1.543753069798793945e-04
1.543573133763084771e-04
1.543393242047835442e-04
1.543213394636380688e-04
1.543033591512066077e-04
1.542853832658238537e-04
1.542674118058259087e-04
1.542494447695494440e-04
1.542314821553321337e-04
1.542135239615125193e-04
1.541955701864298469e-04
1.541776208284238779e-04
1.541596758858359997e-04
1.541417353570081962e-04
1.541237992402827764e-04
1.541058675340031608e-04
1.540879402365137455e-04
1.540700173461597127e-04
1.540520988612871663e-04
1.540341847802428605e-04
1.540162751013740376e-04
1.539983698230302166e-04
1.539804689435595884e-04
1.539625724613131357e-04
1.539446803746413533e-04
1.539267926818960912e-04
1.539089093814302567e-04
1.538910304715974617e-04
1.538731559507513992e-04
1.538552858172476329e-04
1.538374200694423224e-04
1.538195587056919258e-04
1.538017017243541748e-04
1.537838491237875603e-04
1.537660009023514404e-04
1.537481570584053631e-04
1.537303175903111802e-04
1.537124824964300658e-04
1.536946517751246850e-04
1.536768254247585430e-04
1.536590034436956871e-04
1.536411858303014387e-04
1.536233725829415527e-04
1.536055636999826785e-04
1.535877591797926852e-04
1.535699590207393879e-04
1.535521632211923903e-04
1.535343717795211067e-04
1.535165846940967401e-04
1.534988019632911984e-04
1.534810235854765518e-04
1.534632495590259823e-04
1.534454798823139184e-04
1.534277145537148157e-04
1.534099535716047021e-04
1.533921969343601474e-04
1.533744446403582636e-04
1.533566966879774908e-04
1.533389530755962149e-04
1.533212138015950174e-04
1.533034788643541002e-04
1.532857482622546682e-04
1.532680219936794169e-04
1.532503000570110420e-04
1.532325824506334860e-04
1.532148691729316671e-04
1.531971602222905035e-04
1.531794555970969192e-04
1.531617552957374316e-04
1.531440593165999677e-04
1.531263676580737825e-04
1.531086803185479955e-04
1.530909972964128918e-04
1.530733185900600031e-04
1.530556441978807530e-04
1.530379741182682184e-04
1.530203083496156386e-04
1.530026468903175271e-04
1.529849897387694274e-04
1.529673368933663678e-04
1.529496883525060873e-04
1.529320441145857014e-04
1.529144041780036538e-04
1.528967685411587946e-04
1.528791372024517631e-04
1.528615101602825749e-04
1.528438874130534685e-04
1.528262689591663840e-04
1.528086547970246170e-04
1.527910449250323844e-04
1.527734393415941202e-04
1.527558380451151797e-04
1.527382410340025990e-04
1.527206483066630616e-04
1.527030598615048502e-04
1.526854756969360310e-04
1.526678958113671092e-04
1.526503202032078314e-04
1.526327488708691636e-04
1.526151818127636172e-04
1.525976190273037032e-04
1.525800605129027461e-04
1.525625062679751001e-04
1.525449562909360682e-04
1.525274105802011432e-04
1.525098691341873357e-04
1.524923319513121170e-04
1.524747990299936905e-04
1.524572703686511810e-04
1.524397459657042824e-04
1.524222258195736374e-04
1.524047099286807562e-04
1.523871982914476095e-04
1.523696909062975506e-04
1.523521877716543121e-04
1.523346888859421417e-04
1.523171942475865881e-04
1.522997038550138506e-04
1.522822177066507246e-04
1.522647358009249273e-04
1.522472581362649890e-04
1.522297847111001717e-04
1.522123155238604153e-04
1.521948505729764183e-04
1.521773898568803160e-04
1.521599333740041894e-04
1.521424811227812038e-04
1.521250331016453647e-04
1.521075893090312195e-04
1.520901497433746984e-04
1.520727144031115414e-04
1.520552832866791694e-04
1.520378563925154367e-04
1.520204337190587940e-04
1.520030152647489389e-04
1.519856010280254063e-04
1.519681910073300080e-04
1.519507852011038780e-04
1.519333836077896413e-04
1.519159862258307901e-04
1.518985930536711690e-04
1.518812040897555985e-04
1.518638193325298747e-04
1.518464387804400106e-04
1.518290624319334288e-04
1.518116902854576059e-04
1.517943223394619160e-04
1.517769585923952182e-04
1.517595990427080791e-04
1.517422436888513364e-04
1.517248925292771832e-04
1.517075455624369992e-04
1.516902027867852271e-04
1.516728642007754966e-04
1.516555298028630634e-04
1.516381995915028582e-04
1.516208735651511396e-04
1.516035517222659283e-04
1.515862340613041606e-04
1.515689205807251852e-04
1.515516112789880797e-04
1.515343061545532230e-04
1.515170052058814544e-04
1.514997084314343182e-04
1.514824158296744429e-04
1.514651273990651615e-04
1.514478431380702139e-04
1.514305630451548846e-04
1.514132871187841062e-04
1.513960153574242745e-04
1.513787477595427073e-04
1.513614843236067221e-04
1.513442250480852627e-04
1.513269699314475985e-04
1.513097189721637574e-04
1.512924721687046079e-04
1.512752295195413977e-04
1.512579910231470553e-04
1.512407566779941836e-04
1.512235264825567411e-04
1.512063004353092011e-04
1.511890785347273379e-04
1.511718607792867091e-04
1.511546471674648508e-04
1.511374376977388386e-04
1.511202323685873199e-04
1.511030311784889964e-04
1.510858341259241691e-04
1.510686412093736539e-04
1.510514524273181311e-04
1.510342677782402056e-04
1.510170872606226991e-04
1.509999108729491652e-04
1.509827386137037536e-04
1.509655704813719424e-04
1.509484064744394806e-04
1.509312465913928219e-04
1.509140908307193688e-04
1.508969391909074996e-04
1.508797916704460802e-04
1.508626482678241125e-04
1.508455089815326038e-04
1.508283738100620194e-04
1.508112427519047490e-04
1.507941158055532639e-04
1.507769929695005500e-04
1.507598742422408403e-04
1.507427596222689912e-04
1.507256491080805636e-04
1.507085426981718233e-04
1.506914403910395513e-04
1.506743421851820461e-04
1.506572480790971185e-04
1.506401580712846122e-04
1.506230721602440999e-04
1.506059903444765364e-04
1.505889126224832834e-04
1.505718389927666510e-04
1.505547694538293560e-04
1.505377040041751453e-04
1.505206426423085788e-04
1.505035853667347585e-04
1.504865321759592473e-04
1.504694830684890445e-04
1.504524380428312580e-04
1.504353970974939443e-04
1.504183602309863796e-04
1.504013274418174065e-04
1.503842987284977376e-04
1.503672740895383028e-04
1.503502535234510073e-04
1.503332370287476210e-04
1.503162246039422450e-04
1.502992162475482482e-04
1.502822119580805990e-04
1.502652117340543198e-04
1.502482155739860866e-04
1.502312234763923042e-04
1.502142354397906243e-04
1.501972514626994033e-04
1.501802715436377023e-04
1.501632956811253415e-04
1.501463238736824119e-04
1.501293561198305227e-04
1.501123924180917707e-04
1.500954327669882799e-04
1.500784771650434484e-04
1.500615256107819750e-04
1.500445781027282877e-04
1.500276346394078446e-04
1.500106952193474587e-04
1.499937598410734283e-04
1.499768285031140302e-04
1.499599012039972161e-04
1.499429779422525909e-04
1.499260587164096242e-04
1.499091435249993575e-04
1.498922323665526698e-04
1.498753252396020121e-04
1.498584221426799709e-04
1.498415230743199190e-04
1.498246280330563945e-04
1.498077370174237728e-04
1.497908500259580015e-04
1.497739670571954348e-04
1.497570881096732672e-04
1.497402131819289370e-04
1.497233422725011023e-04
1.497064753799289634e-04
1.496896125027525064e-04
1.496727536395122868e-04
1.496558987887496733e-04
1.496390479490069560e-04
1.496222011188265877e-04
1.496053582967520241e-04
1.495885194813276425e-04
1.495716846710983352e-04
1.495548538646097804e-04
1.495380270604079005e-04
1.495212042570403794e-04
1.495043854530547116e-04
1.494875706469990962e-04
1.494707598374228163e-04
1.494539530228757246e-04
1.494371502019088119e-04
1.494203513730730962e-04
1.494035565349200562e-04
1.493867656860032309e-04
1.493699788248757253e-04
1.493531959500913762e-04
1.493364170602054302e-04
1.493196421537729439e-04
1.493028712293507356e-04
1.492861042854951091e-04
1.492693413207641837e-04
1.492525823337160519e-04
1.492358273229096193e-04
1.492190762869051739e-04
1.492023292242624613e-04
1.491855861335431249e-04
1.491688470133088079e-04
1.491521118621221562e-04
1.491353806785464123e-04
1.491186534611454149e-04
1.491019302084837616e-04
1.490852109191272699e-04
1.490684955916411064e-04
1.490517842245926879e-04
1.490350768165495663e-04
1.490183733660792667e-04
1.490016738717511301e-04
1.489849783321343891e-04
1.489682867457993605e-04
1.489515991113169032e-04
1.489349154272585538e-04
1.489182356921971227e-04
1.489015599047051222e-04
1.488848880633564199e-04
1.488682201667252086e-04
1.488515562133868196e-04
1.488348962019166654e-04
1.488182401308916765e-04
1.488015879988887832e-04
1.487849398044858377e-04
1.487682955462612882e-04
1.487516552227946944e-04
1.487350188326652634e-04
1.487183863744546150e-04
1.487017578467430678e-04
1.486851332481131899e-04
1.486685125771476852e-04
1.486518958324291491e-04
1.486352830125426707e-04
1.486186741160721463e-04
1.486020691416035868e-04
1.485854680877228670e-04
1.485688709530166754e-04
1.485522777360727029e-04
1.485356884354791288e-04
1.485191030498243217e-04
1.485025215776981683e-04
1.484859440176911516e-04
1.484693703683935377e-04
1.484528006283973816e-04
1.484362347962949011e-04
1.484196728706788559e-04
1.484031148501428732e-04
1.483865607332811765e-04
1.483700105186892089e-04
1.483534642049620883e-04
1.483369217906963693e-04
1.483203832744892298e-04
1.483038486549383356e-04
1.482873179306415151e-04
1.482707911001988194e-04
1.482542681622090255e-04
1.482377491152732417e-04
1.482212339579922508e-04
1.482047226889676760e-04
1.481882153068023330e-04
1.481717118100990375e-04
1.481552121974615813e-04
1.481387164674945146e-04
1.481222246188032554e-04
1.481057366499930860e-04
1.480892525596708338e-04
1.480727723464438680e-04
1.480562960089196124e-04
1.480398235457064935e-04
1.480233549554140762e-04
1.480068902366520067e-04
1.479904293880309342e-04
1.479739724081619414e-04
1.479575192956566533e-04
1.479410700491281042e-04
1.479246246671891659e-04
1.479081831484539570e-04
1.478917454915366231e-04
1.478753116950526922e-04
1.478588817576180991e-04
1.478424556778489408e-04
1.478260334543630224e-04
1.478096150857776065e-04
1.477932005707116635e-04
1.477767899077845704e-04
1.477603830956157041e-04
1.477439801328258510e-04
1.477275810180360145e-04
1.477111857498683632e-04
1.476947943269455539e-04
1.476784067478900805e-04
1.476620230113265513e-04
1.476456431158789512e-04
1.476292670601729183e-04
1.476128948428339824e-04
1.475965264624888118e-04
1.475801619177643457e-04
1.475638012072885805e-04
1.475474443296901088e-04
1.475310912835979028e-04
1.475147420676420189e-04
1.474983966804524320e-04
1.474820551206607164e-04
1.474657173868985818e-04
1.474493834777980091e-04
1.474330533919928493e-04
1.474167271281165469e-04
1.474004046848033053e-04
1.473840860606881952e-04
1.473677712544074259e-04
1.473514602645968272e-04
1.473351530898934754e-04
1.473188497289355044e-04
1.473025501803609122e-04
1.472862544428086456e-04
1.472699625149186814e-04
1.472536743953309422e-04
1.472373900826867330e-04
1.472211095756273587e-04
1.472048328727950457e-04
1.471885599728328881e-04
1.471722908743846843e-04
1.471560255760943144e-04
1.471397640766066610e-04
1.471235063745673390e-04
1.471072524686223152e-04
1.470910023574184783e-04
1.470747560396036384e-04
1.470585135138257140e-04
1.470422747787330034e-04
1.470260398329753494e-04
1.470098086752030288e-04
1.469935813040660472e-04
1.469773577182163619e-04
1.469611379163058488e-04
1.469449218969870344e-04
1.469287096589133124e-04
1.469125012007380224e-04
1.468962965211168621e-04
1.468800956187040385e-04
1.468638984921557102e-04
1.468477051401287402e-04
1.468315155612797210e-04
1.468153297542668166e-04
1.467991477177484083e-04
1.467829694503833922e-04
1.467667949508315588e-04
1.467506242177533493e-04
1.467344572498099908e-04
1.467182940456624666e-04
1.467021346039736030e-04
1.466859789234060095e-04
1.466698270026234340e-04
1.466536788402900040e-04
1.466375344350702805e-04
1.466213937856304238e-04
1.466052568906358081e-04
1.465891237487533527e-04
1.465729943586507899e-04
1.465568687189961502e-04
1.465407468284574100e-04
1.465246286857044159e-04
1.465085142894068787e-04
1.464924036382355668e-04
1.464762967308615193e-04
1.464601935659565343e-04
1.464440941421933586e-04
1.464279984582444137e-04
1.464119065127839916e-04
1.463958183044863567e-04
1.463797338320265871e-04
1.463636530940798418e-04
1.463475760893231232e-04
1.463315028164327287e-04
1.463154332740862300e-04
1.462993674609619303e-04
1.462833053757387023e-04
1.462672470170957436e-04
1.462511923837133093e-04
1.462351414742717355e-04
1.462190942874524156e-04
1.462030508219374747e-04
1.461870110764092005e-04
1.461709750495511549e-04
1.461549427400466285e-04
1.461389141465804569e-04
1.461228892678375030e-04
1.461068681025033613e-04
