0.000000000000000000e+00
2.500610500610500608e-01
5.001221001221001217e-01
7.501831501831501825e-01
1.000244200244200243e+00
1.250305250305250304e+00
1.500366300366300365e+00
1.750427350427350426e+00
2.000488400488400487e+00
2.250549450549450547e+00
2.500610500610500608e+00
2.750671550671550669e+00
3.000732600732600730e+00
3.250793650793650791e+00
3.500854700854700852e+00
3.750915750915750912e+00
4.000976800976800973e+00
4.251037851037851034e+00
4.501098901098901095e+00
4.751159951159951156e+00
5.001221001221001217e+00
5.251282051282051277e+00
5.501343101343101338e+00
5.751404151404151399e+00
6.001465201465201460e+00
6.251526251526251521e+00
6.501587301587301582e+00
6.751648351648351642e+00
7.001709401709401703e+00
7.251770451770451764e+00
7.501831501831501825e+00
7.751892551892551886e+00
8.001953601953601947e+00
8.252014652014651119e+00
8.502075702075702068e+00
8.752136752136753017e+00
9.002197802197802190e+00
9.252258852258851363e+00
9.502319902319902312e+00
9.752380952380953261e+00
1.000244200244200243e+01
1.025250305250305161e+01
1.050256410256410255e+01
1.075262515262515350e+01
1.100268620268620268e+01
1.125274725274725185e+01
1.150280830280830280e+01
1.175286935286935375e+01
1.200293040293040292e+01
1.225299145299145209e+01
1.250305250305250304e+01
1.275311355311355399e+01
1.300317460317460316e+01
1.325323565323565234e+01
1.350329670329670328e+01
1.375335775335775423e+01
1.400341880341880341e+01
1.425347985347985258e+01
1.450354090354090353e+01
1.475360195360195448e+01
1.500366300366300365e+01
1.525372405372405282e+01
1.550378510378510377e+01
1.575384615384615472e+01
1.600390720390720389e+01
1.625396825396825307e+01
1.650402930402930224e+01
1.675409035409035496e+01
1.700415140415140414e+01
1.725421245421245331e+01
1.750427350427350603e+01
1.775433455433455521e+01
1.800439560439560438e+01
1.825445665445665355e+01
1.850451770451770273e+01
1.875457875457875545e+01
1.900463980463980462e+01
1.925470085470085380e+01
1.950476190476190652e+01
1.975482295482295569e+01
2.000488400488400487e+01
2.025494505494505404e+01
2.050500610500610321e+01
2.075506715506715594e+01
2.100512820512820511e+01
2.125518925518925428e+01
2.150525030525030701e+01
2.175531135531135618e+01
2.200537240537240535e+01
2.225543345543345453e+01
2.250549450549450370e+01
2.275555555555555642e+01
2.300561660561660560e+01
2.325567765567765477e+01
2.350573870573870749e+01
2.375579975579975667e+01
2.400586080586080584e+01
2.425592185592185501e+01
2.450598290598290419e+01
2.475604395604395691e+01
2.500610500610500608e+01
2.525616605616605526e+01
2.550622710622710798e+01
2.575628815628815715e+01
2.600634920634920633e+01
2.625641025641025550e+01
2.650647130647130467e+01
2.675653235653235740e+01
2.700659340659340657e+01
2.725665445665445574e+01
2.750671550671550847e+01
2.775677655677655764e+01
2.800683760683760681e+01
2.825689865689865599e+01
2.850695970695970516e+01
2.875702075702075788e+01
2.900708180708180706e+01
2.925714285714285623e+01
2.950720390720390895e+01
2.975726495726495813e+01
3.000732600732600730e+01
3.025738705738705647e+01
3.050744810744810565e+01
3.075750915750915837e+01
3.100757020757020754e+01
3.125763125763125672e+01
3.150769230769230944e+01
3.175775335775335861e+01
3.200781440781440779e+01
3.225787545787545696e+01
3.250793650793650613e+01
3.275799755799755530e+01
3.300805860805860448e+01
3.325811965811966076e+01
3.350818070818070993e+01
3.375824175824175910e+01
3.400830280830280827e+01
3.425836385836385745e+01
3.450842490842490662e+01
3.475848595848595579e+01
3.500854700854701207e+01
3.525860805860806124e+01
3.550866910866911041e+01
3.575873015873015959e+01
3.600879120879120876e+01
3.625885225885225793e+01
3.650891330891330711e+01
3.675897435897435628e+01
3.700903540903540545e+01
3.725909645909646173e+01
3.750915750915751090e+01
3.775921855921856007e+01
3.800927960927960925e+01
3.825934065934065842e+01
3.850940170940170759e+01
3.875946275946275676e+01
3.900952380952381304e+01
3.925958485958486222e+01
3.950964590964591139e+01
3.975970695970696056e+01
4.000976800976800973e+01
4.025982905982905891e+01
4.050989010989010808e+01
4.075995115995115725e+01
4.101001221001220642e+01
4.126007326007326270e+01
4.151013431013431187e+01
4.176019536019536105e+01
4.201025641025641022e+01
4.226031746031745939e+01
4.251037851037850857e+01
4.276043956043955774e+01
4.301050061050061402e+01
4.326056166056166319e+01
4.351062271062271236e+01
4.376068376068376153e+01
4.401074481074481071e+01
4.426080586080585988e+01
4.451086691086690905e+01
4.476092796092795822e+01
4.501098901098900740e+01
4.526105006105006368e+01
4.551111111111111285e+01
4.576117216117216202e+01
4.601123321123321119e+01
4.626129426129426037e+01
4.651135531135530954e+01
4.676141636141635871e+01
4.701147741147741499e+01
4.726153846153846416e+01
4.751159951159951333e+01
4.776166056166056251e+01
4.801172161172161168e+01
4.826178266178266085e+01
4.851184371184371003e+01
4.876190476190475920e+01
4.901196581196580837e+01
4.926202686202686465e+01
4.951208791208791382e+01
4.976214896214896299e+01
5.001221001221001217e+01
5.026227106227106134e+01
5.051233211233211051e+01
5.076239316239315968e+01
5.101245421245421596e+01
5.126251526251526514e+01
5.151257631257631431e+01
5.176263736263736348e+01
5.201269841269841265e+01
5.226275946275946183e+01
5.251282051282051100e+01
5.276288156288156017e+01
5.301294261294260934e+01
5.326300366300366562e+01
5.351306471306471479e+01
5.376312576312576397e+01
5.401318681318681314e+01
5.426324786324786231e+01
5.451330891330891149e+01
5.476336996336996066e+01
5.501343101343101694e+01
5.526349206349206611e+01
5.551355311355311528e+01
5.576361416361416445e+01
5.601367521367521363e+01
5.626373626373626280e+01
5.651379731379731197e+01
5.676385836385836114e+01
5.701391941391941032e+01
5.726398046398046660e+01
5.751404151404151577e+01
5.776410256410256494e+01
5.801416361416361411e+01
5.826422466422466329e+01
5.851428571428571246e+01
5.876434676434676163e+01
5.901440781440781791e+01
5.926446886446886708e+01
5.951452991452991625e+01
5.976459096459096543e+01
6.001465201465201460e+01
6.026471306471306377e+01
6.051477411477411295e+01
6.076483516483516212e+01
6.101489621489621129e+01
6.126495726495726757e+01
6.151501831501831674e+01
6.176507936507936591e+01
6.201514041514041509e+01
6.226520146520146426e+01
6.251526251526251343e+01
6.276532356532356260e+01
6.301538461538461888e+01
6.326544566544566806e+01
6.351550671550671723e+01
6.376556776556776640e+01
6.401562881562881557e+01
6.426568986568986475e+01
6.451575091575091392e+01
6.476581196581196309e+01
6.501587301587301226e+01
6.526593406593406144e+01
6.551599511599511061e+01
6.576605616605615978e+01
6.601611721611720895e+01
6.626617826617827234e+01
6.651623931623932151e+01
6.676630036630037068e+01
6.701636141636141986e+01
6.726642246642246903e+01
6.751648351648351820e+01
6.776654456654456737e+01
6.801660561660561655e+01
6.826666666666666572e+01
6.851672771672771489e+01
6.876678876678876406e+01
6.901684981684981324e+01
6.926691086691086241e+01
6.951697191697191158e+01
6.976703296703296076e+01
7.001709401709402414e+01
7.026715506715507331e+01
7.051721611721612248e+01
7.076727716727717166e+01
7.101733821733822083e+01
7.126739926739927000e+01
7.151746031746031917e+01
7.176752136752136835e+01
7.201758241758241752e+01
7.226764346764346669e+01
7.251770451770451587e+01
7.276776556776556504e+01
7.301782661782661421e+01
7.326788766788766338e+01
7.351794871794871256e+01
7.376800976800976173e+01
7.401807081807081090e+01
7.426813186813187428e+01
7.451819291819292346e+01
7.476825396825397263e+01
7.501831501831502180e+01
7.526837606837607098e+01
7.551843711843712015e+01
7.576849816849816932e+01
7.601855921855921849e+01
7.626862026862026767e+01
7.651868131868131684e+01
7.676874236874236601e+01
7.701880341880341518e+01
7.726886446886446436e+01
7.751892551892551353e+01
7.776898656898656270e+01
7.801904761904762609e+01
7.826910866910867526e+01
7.851916971916972443e+01
7.876923076923077360e+01
7.901929181929182278e+01
7.926935286935287195e+01
7.951941391941392112e+01
7.976947496947497029e+01
8.001953601953601947e+01
8.026959706959706864e+01
8.051965811965811781e+01
8.076971916971916698e+01
8.101978021978021616e+01
8.126984126984126533e+01
8.151990231990231450e+01
8.176996336996336368e+01
8.202002442002441285e+01
8.227008547008547623e+01
8.252014652014652540e+01
8.277020757020757458e+01
8.302026862026862375e+01
8.327032967032967292e+01
8.352039072039072209e+01
8.377045177045177127e+01
8.402051282051282044e+01
8.427057387057386961e+01
8.452063492063491879e+01
8.477069597069596796e+01
8.502075702075701713e+01
8.527081807081806630e+01
8.552087912087911548e+01
8.577094017094016465e+01
8.602100122100122803e+01
8.627106227106227720e+01
8.652112332112332638e+01
8.677118437118437555e+01
8.702124542124542472e+01
8.727130647130647390e+01
8.752136752136752307e+01
8.777142857142857224e+01
8.802148962148962141e+01
8.827155067155067059e+01
8.852161172161171976e+01
8.877167277167276893e+01
8.902173382173381810e+01
8.927179487179486728e+01
8.952185592185591645e+01
8.977191697191696562e+01
9.002197802197801479e+01
9.027203907203907818e+01
9.052210012210012735e+01
9.077216117216117652e+01
9.102222222222222570e+01
9.127228327228327487e+01
9.152234432234432404e+01
9.177240537240537321e+01
9.202246642246642239e+01
9.227252747252747156e+01
9.252258852258852073e+01
9.277264957264956990e+01
9.302271062271061908e+01
9.327277167277166825e+01
9.352283272283271742e+01
9.377289377289376660e+01
9.402295482295482998e+01
9.427301587301587915e+01
9.452307692307692832e+01
9.477313797313797750e+01
9.502319902319902667e+01
9.527326007326007584e+01
9.552332112332112501e+01
9.577338217338217419e+01
9.602344322344322336e+01
9.627350427350427253e+01
9.652356532356532171e+01
9.677362637362637088e+01
9.702368742368742005e+01
9.727374847374846922e+01
9.752380952380951840e+01
9.777387057387056757e+01
9.802393162393161674e+01
9.827399267399268012e+01
9.852405372405372930e+01
9.877411477411477847e+01
9.902417582417582764e+01
9.927423687423687682e+01
9.952429792429792599e+01
9.977435897435897516e+01
1.000244200244200243e+02
1.002744810744810735e+02
1.005245421245421227e+02
1.007746031746031719e+02
1.010246642246642210e+02
1.012747252747252702e+02
1.015247863247863194e+02
1.017748473748473685e+02
1.020249084249084319e+02
1.022749694749694811e+02
1.025250305250305303e+02
1.027750915750915794e+02
1.030251526251526286e+02
1.032752136752136778e+02
1.035252747252747270e+02
1.037753357753357761e+02
1.040253968253968253e+02
1.042754578754578745e+02
1.045255189255189237e+02
1.047755799755799728e+02
1.050256410256410220e+02
1.052757020757020712e+02
1.055257631257631203e+02
1.057758241758241695e+02
1.060258852258852187e+02
1.062759462759462821e+02
1.065260073260073312e+02
1.067760683760683804e+02
1.070261294261294296e+02
1.072761904761904788e+02
1.075262515262515279e+02
1.077763125763125771e+02
1.080263736263736263e+02
1.082764346764346755e+02
1.085264957264957246e+02
1.087765567765567738e+02
1.090266178266178230e+02
1.092766788766788721e+02
1.095267399267399213e+02
1.097768009768009705e+02
1.100268620268620339e+02
1.102769230769230830e+02
1.105269841269841322e+02
1.107770451770451814e+02
1.110271062271062306e+02
1.112771672771672797e+02
1.115272283272283289e+02
1.117772893772893781e+02
1.120273504273504273e+02
1.122774114774114764e+02
1.125274725274725256e+02
1.127775335775335748e+02
1.130275946275946239e+02
1.132776556776556731e+02
1.135277167277167223e+02
1.137777777777777715e+02
1.140278388278388206e+02
1.142778998778998840e+02
1.145279609279609332e+02
1.147780219780219824e+02
1.150280830280830315e+02
1.152781440781440807e+02
1.155282051282051299e+02
1.157782661782661791e+02
1.160283272283272282e+02
1.162783882783882774e+02
1.165284493284493266e+02
1.167785103785103757e+02
1.170285714285714249e+02
1.172786324786324741e+02
1.175286935286935233e+02
1.177787545787545724e+02
1.180288156288156358e+02
1.182788766788766850e+02
1.185289377289377342e+02
1.187789987789987833e+02
1.190290598290598325e+02
1.192791208791208817e+02
1.195291819291819309e+02
1.197792429792429800e+02
1.200293040293040292e+02
1.202793650793650784e+02
1.205294261294261275e+02
1.207794871794871767e+02
1.210295482295482259e+02
1.212796092796092751e+02
1.215296703296703242e+02
1.217797313797313734e+02
1.220297924297924226e+02
1.222798534798534860e+02
1.225299145299145351e+02
1.227799755799755843e+02
1.230300366300366335e+02
1.232800976800976827e+02
1.235301587301587318e+02
1.237802197802197810e+02
1.240302808302808302e+02
1.242803418803418793e+02
1.245304029304029285e+02
1.247804639804639777e+02
1.250305250305250269e+02
1.252805860805860760e+02
1.255306471306471252e+02
1.257807081807081744e+02
1.260307692307692378e+02
1.262808302808302869e+02
1.265308913308913361e+02
1.267809523809523853e+02
1.270310134310134345e+02
1.272810744810744836e+02
1.275311355311355328e+02
1.277811965811965820e+02
1.280312576312576311e+02
1.282813186813186803e+02
1.285313797313797295e+02
1.287814407814407787e+02
1.290315018315018278e+02
1.292815628815628770e+02
1.295316239316239262e+02
1.297816849816849754e+02
1.300317460317460245e+02
1.302818070818070737e+02
1.305318681318681229e+02
1.307819291819291720e+02
1.310319902319902212e+02
1.312820512820512704e+02
1.315321123321123196e+02
1.317821733821733687e+02
1.320322344322344179e+02
1.322822954822954955e+02
1.325323565323565447e+02
1.327824175824175938e+02
1.330324786324786430e+02
1.332825396825396922e+02
1.335326007326007414e+02
1.337826617826617905e+02
1.340327228327228397e+02
1.342827838827838889e+02
1.345328449328449381e+02
1.347829059829059872e+02
1.350329670329670364e+02
1.352830280830280856e+02
1.355330891330891347e+02
1.357831501831501839e+02
1.360332112332112331e+02
1.362832722832722823e+02
1.365333333333333314e+02
1.367833943833943806e+02
1.370334554334554298e+02
1.372835164835164790e+02
1.375335775335775281e+02
1.377836385836385773e+02
1.380336996336996265e+02
1.382837606837606756e+02
1.385338217338217248e+02
1.387838827838827740e+02
1.390339438339438232e+02
1.392840048840048723e+02
1.395340659340659215e+02
1.397841269841269707e+02
1.400341880341880483e+02
1.402842490842490975e+02
1.405343101343101466e+02
1.407843711843711958e+02
1.410344322344322450e+02
1.412844932844932941e+02
1.415345543345543433e+02
1.417846153846153925e+02
1.420346764346764417e+02
1.422847374847374908e+02
1.425347985347985400e+02
1.427848595848595892e+02
1.430349206349206383e+02
1.432849816849816875e+02
1.435350427350427367e+02
1.437851037851037859e+02
1.440351648351648350e+02
1.442852258852258842e+02
1.445352869352869334e+02
1.447853479853479826e+02
1.450354090354090317e+02
1.452854700854700809e+02
1.455355311355311301e+02
1.457855921855921792e+02
1.460356532356532284e+02
1.462857142857142776e+02
1.465357753357753268e+02
1.467858363858363759e+02
1.470358974358974251e+02
1.472859584859584743e+02
1.475360195360195235e+02
1.477860805860805726e+02
1.480361416361416218e+02
1.482862026862026994e+02
1.485362637362637486e+02
1.487863247863247977e+02
1.490363858363858469e+02
1.492864468864468961e+02
1.495365079365079453e+02
1.497865689865689944e+02
1.500366300366300436e+02
1.502866910866910928e+02
1.505367521367521420e+02
1.507868131868131911e+02
1.510368742368742403e+02
1.512869352869352895e+02
1.515369963369963386e+02
1.517870573870573878e+02
1.520371184371184370e+02
1.522871794871794862e+02
1.525372405372405353e+02
1.527873015873015845e+02
1.530373626373626337e+02
1.532874236874236828e+02
1.535374847374847320e+02
1.537875457875457812e+02
1.540376068376068304e+02
1.542876678876678795e+02
1.545377289377289287e+02
1.547877899877899779e+02
1.550378510378510271e+02
1.552879120879120762e+02
1.555379731379731254e+02
1.557880341880341746e+02
1.560380952380952522e+02
1.562881562881563013e+02
1.565382173382173505e+02
1.567882783882783997e+02
1.570383394383394489e+02
1.572884004884004980e+02
1.575384615384615472e+02
1.577885225885225964e+02
1.580385836385836456e+02
1.582886446886446947e+02
1.585387057387057439e+02
1.587887667887667931e+02
1.590388278388278422e+02
1.592888888888888914e+02
1.595389499389499406e+02
1.597890109890109898e+02
1.600390720390720389e+02
1.602891330891330881e+02
1.605391941391941373e+02
1.607892551892551865e+02
1.610393162393162356e+02
1.612893772893772848e+02
1.615394383394383340e+02
1.617894993894993831e+02
1.620395604395604323e+02
1.622896214896214815e+02
1.625396825396825307e+02
1.627897435897435798e+02
1.630398046398046290e+02
1.632898656898656782e+02
1.635399267399267274e+02
1.637899877899877765e+02
1.640400488400488257e+02
1.642901098901099033e+02
1.645401709401709525e+02
1.647902319902320016e+02
1.650402930402930508e+02
1.652903540903541000e+02
1.655404151404151492e+02
1.657904761904761983e+02
1.660405372405372475e+02
1.662905982905982967e+02
1.665406593406593458e+02
1.667907203907203950e+02
1.670407814407814442e+02
1.672908424908424934e+02
1.675409035409035425e+02
1.677909645909645917e+02
1.680410256410256409e+02
1.682910866910866901e+02
1.685411477411477392e+02
1.687912087912087884e+02
1.690412698412698376e+02
1.692913308913308867e+02
1.695413919413919359e+02
1.697914529914529851e+02
1.700415140415140343e+02
1.702915750915750834e+02
1.705416361416361326e+02
1.707916971916971818e+02
1.710417582417582310e+02
1.712918192918192801e+02
1.715418803418803293e+02
1.717919413919413785e+02
1.720420024420024561e+02
1.722920634920635052e+02
1.725421245421245544e+02
1.727921855921856036e+02
1.730422466422466528e+02
1.732923076923077019e+02
1.735423687423687511e+02
1.737924297924298003e+02
1.740424908424908494e+02
1.742925518925518986e+02
1.745426129426129478e+02
1.747926739926739970e+02
1.750427350427350461e+02
1.752927960927960953e+02
1.755428571428571445e+02
1.757929181929181937e+02
1.760429792429792428e+02
1.762930402930402920e+02
1.765431013431013412e+02
1.767931623931623903e+02
1.770432234432234395e+02
1.772932844932844887e+02
1.775433455433455379e+02
1.777934065934065870e+02
1.780434676434676362e+02
1.782935286935286854e+02
1.785435897435897346e+02
1.787936507936507837e+02
1.790437118437118329e+02
1.792937728937728821e+02
1.795438339438339312e+02
1.797938949938949804e+02
1.800439560439560296e+02
1.802940170940171072e+02
1.805440781440781564e+02
1.807941391941392055e+02
1.810442002442002547e+02
1.812942612942613039e+02
1.815443223443223530e+02
1.817943833943834022e+02
1.820444444444444514e+02
1.822945054945055006e+02
1.825445665445665497e+02
1.827946275946275989e+02
1.830446886446886481e+02
1.832947496947496973e+02
1.835448107448107464e+02
1.837948717948717956e+02
1.840449328449328448e+02
1.842949938949938939e+02
1.845450549450549431e+02
1.847951159951159923e+02
1.850451770451770415e+02
1.852952380952380906e+02
1.855452991452991398e+02
1.857953601953601890e+02
1.860454212454212382e+02
1.862954822954822873e+02
1.865455433455433365e+02
1.867956043956043857e+02
1.870456654456654348e+02
1.872957264957264840e+02
1.875457875457875332e+02
1.877958485958485824e+02
1.880459096459096600e+02
1.882959706959707091e+02
1.885460317460317583e+02
1.887960927960928075e+02
1.890461538461538566e+02
1.892962148962149058e+02
1.895462759462759550e+02
1.897963369963370042e+02
1.900463980463980533e+02
1.902964590964591025e+02
1.905465201465201517e+02
1.907965811965812009e+02
1.910466422466422500e+02
1.912967032967032992e+02
1.915467643467643484e+02
1.917968253968253975e+02
1.920468864468864467e+02
1.922969474969474959e+02
1.925470085470085451e+02
1.927970695970695942e+02
1.930471306471306434e+02
1.932971916971916926e+02
1.935472527472527418e+02
1.937973137973137909e+02
1.940473748473748401e+02
1.942974358974358893e+02
1.945474969474969384e+02
1.947975579975579876e+02
1.950476190476190368e+02
1.952976800976800860e+02
1.955477411477411351e+02
1.957978021978021843e+02
1.960478632478632335e+02
1.962979242979243111e+02
1.965479853479853602e+02
1.967980463980464094e+02
1.970481074481074586e+02
1.972981684981685078e+02
1.975482295482295569e+02
1.977982905982906061e+02
1.980483516483516553e+02
1.982984126984127045e+02
1.985484737484737536e+02
1.987985347985348028e+02
1.990485958485958520e+02
1.992986568986569011e+02
1.995487179487179503e+02
1.997987789987789995e+02
2.000488400488400487e+02
2.002989010989010978e+02
2.005489621489621470e+02
2.007990231990231962e+02
2.010490842490842454e+02
2.012991452991452945e+02
2.015492063492063437e+02
2.017992673992673929e+02
2.020493284493284420e+02
2.022993894993894912e+02
2.025494505494505404e+02
2.027995115995115896e+02
2.030495726495726387e+02
2.032996336996336879e+02
2.035496947496947371e+02
2.037997557997557863e+02
2.040498168498168639e+02
2.042998778998779130e+02
2.045499389499389622e+02
2.048000000000000114e+02
2.050500610500610605e+02
2.053001221001221097e+02
2.055501831501831589e+02
2.058002442002442081e+02
2.060503052503052572e+02
2.063003663003663064e+02
2.065504273504273556e+02
2.068004884004884047e+02
2.070505494505494539e+02
2.073006105006105031e+02
2.075506715506715523e+02
2.078007326007326014e+02
2.080507936507936506e+02
2.083008547008546998e+02
2.085509157509157490e+02
2.088009768009767981e+02
2.090510378510378473e+02
2.093010989010988965e+02
2.095511599511599456e+02
2.098012210012209948e+02
2.100512820512820440e+02
2.103013431013430932e+02
2.105514041514041423e+02
2.108014652014651915e+02
2.110515262515262407e+02
2.113015873015872899e+02
2.115516483516483390e+02
2.118017094017093882e+02
2.120517704517704374e+02
2.123018315018315150e+02
2.125518925518925641e+02
2.128019536019536133e+02
2.130520146520146625e+02
2.133020757020757117e+02
2.135521367521367608e+02
2.138021978021978100e+02
2.140522588522588592e+02
2.143023199023199084e+02
2.145523809523809575e+02
2.148024420024420067e+02
2.150525030525030559e+02
2.153025641025641050e+02
2.155526251526251542e+02
2.158026862026862034e+02
2.160527472527472526e+02
2.163028083028083017e+02
2.165528693528693509e+02
2.168029304029304001e+02
2.170529914529914493e+02
2.173030525030524984e+02
2.175531135531135476e+02
2.178031746031745968e+02
2.180532356532356459e+02
2.183032967032966951e+02
2.185533577533577443e+02
2.188034188034187935e+02
2.190534798534798426e+02
2.193035409035408918e+02
2.195536019536019410e+02
2.198036630036629901e+02
2.200537240537240677e+02
2.203037851037851169e+02
2.205538461538461661e+02
2.208039072039072153e+02
2.210539682539682644e+02
2.213040293040293136e+02
2.215540903540903628e+02
2.218041514041514120e+02
2.220542124542124611e+02
2.223042735042735103e+02
2.225543345543345595e+02
2.228043956043956086e+02
2.230544566544566578e+02
2.233045177045177070e+02
2.235545787545787562e+02
2.238046398046398053e+02
2.240547008547008545e+02
2.243047619047619037e+02
2.245548229548229529e+02
2.248048840048840020e+02
2.250549450549450512e+02
2.253050061050061004e+02
2.255550671550671495e+02
2.258051282051281987e+02
2.260551892551892479e+02
2.263052503052502971e+02
2.265553113553113462e+02
2.268053724053723954e+02
2.270554334554334446e+02
2.273054945054944938e+02
2.275555555555555429e+02
2.278056166056165921e+02
2.280556776556776413e+02
2.283057387057387189e+02
2.285557997557997680e+02
2.288058608058608172e+02
2.290559218559218664e+02
2.293059829059829156e+02
2.295560439560439647e+02
2.298061050061050139e+02
2.300561660561660631e+02
2.303062271062271122e+02
2.305562881562881614e+02
2.308063492063492106e+02
2.310564102564102598e+02
2.313064713064713089e+02
2.315565323565323581e+02
2.318065934065934073e+02
2.320566544566544565e+02
2.323067155067155056e+02
2.325567765567765548e+02
2.328068376068376040e+02
2.330568986568986531e+02
2.333069597069597023e+02
2.335570207570207515e+02
2.338070818070818007e+02
2.340571428571428498e+02
2.343072039072038990e+02
2.345572649572649482e+02
2.348073260073259974e+02
2.350573870573870465e+02
2.353074481074480957e+02
2.355575091575091449e+02
2.358075702075701940e+02
2.360576312576312716e+02
2.363076923076923208e+02
2.365577533577533700e+02
2.368078144078144192e+02
2.370578754578754683e+02
2.373079365079365175e+02
2.375579975579975667e+02
2.378080586080586158e+02
2.380581196581196650e+02
2.383081807081807142e+02
2.385582417582417634e+02
2.388083028083028125e+02
2.390583638583638617e+02
2.393084249084249109e+02
2.395584859584859601e+02
2.398085470085470092e+02
2.400586080586080584e+02
2.403086691086691076e+02
2.405587301587301567e+02
2.408087912087912059e+02
2.410588522588522551e+02
2.413089133089133043e+02
2.415589743589743534e+02
2.418090354090354026e+02
2.420590964590964518e+02
2.423091575091575010e+02
2.425592185592185501e+02
2.428092796092795993e+02
2.430593406593406485e+02
2.433094017094016976e+02
2.435594627594627468e+02
2.438095238095237960e+02
2.440595848595848452e+02
2.443096459096459228e+02
2.445597069597069719e+02
2.448097680097680211e+02
2.450598290598290703e+02
2.453098901098901194e+02
2.455599511599511686e+02
2.458100122100122178e+02
2.460600732600732670e+02
2.463101343101343161e+02
2.465601953601953653e+02
2.468102564102564145e+02
2.470603174603174637e+02
2.473103785103785128e+02
2.475604395604395620e+02
2.478105006105006112e+02
2.480605616605616603e+02
2.483106227106227095e+02
2.485606837606837587e+02
2.488107448107448079e+02
2.490608058608058570e+02
2.493108669108669062e+02
2.495609279609279554e+02
2.498109890109890046e+02
2.500610500610500537e+02
2.503111111111111029e+02
2.505611721611721521e+02
2.508112332112332012e+02
2.510612942612942504e+02
2.513113553113552996e+02
2.515614163614163488e+02
2.518114774114773979e+02
2.520615384615384755e+02
2.523115995115995247e+02
2.525616605616605739e+02
2.528117216117216230e+02
2.530617826617826722e+02
2.533118437118437214e+02
2.535619047619047706e+02
2.538119658119658197e+02
2.540620268620268689e+02
2.543120879120879181e+02
2.545621489621489673e+02
2.548122100122100164e+02
2.550622710622710656e+02
2.553123321123321148e+02
2.555623931623931639e+02
2.558124542124542131e+02
2.560625152625152623e+02
2.563125763125763115e+02
2.565626373626373606e+02
2.568126984126984098e+02
2.570627594627594590e+02
2.573128205128205082e+02
2.575628815628815573e+02
2.578129426129426065e+02
2.580630036630036557e+02
2.583130647130647048e+02
2.585631257631257540e+02
2.588131868131868032e+02
2.590632478632478524e+02
2.593133089133089015e+02
2.595633699633699507e+02
2.598134310134309999e+02
2.600634920634920491e+02
2.603135531135530982e+02
2.605636141636141474e+02
2.608136752136751966e+02
2.610637362637362457e+02
2.613137973137972949e+02
2.615638583638583441e+02
2.618139194139193933e+02
2.620639804639804424e+02
2.623140415140414916e+02
2.625641025641025408e+02
2.628141636141635900e+02
2.630642246642246391e+02
2.633142857142856883e+02
2.635643467643467375e+02
2.638144078144077866e+02
2.640644688644688358e+02
2.643145299145299418e+02
2.645645909645909910e+02
2.648146520146520402e+02
2.650647130647130894e+02
2.653147741147741385e+02
2.655648351648351877e+02
2.658148962148962369e+02
2.660649572649572860e+02
2.663150183150183352e+02
2.665650793650793844e+02
2.668151404151404336e+02
2.670652014652014827e+02
2.673152625152625319e+02
2.675653235653235811e+02
2.678153846153846303e+02
2.680654456654456794e+02
2.683155067155067286e+02
2.685655677655677778e+02
2.688156288156288269e+02
2.690656898656898761e+02
2.693157509157509253e+02
2.695658119658119745e+02
2.698158730158730236e+02
2.700659340659340728e+02
2.703159951159951220e+02
2.705660561660561712e+02
2.708161172161172203e+02
2.710661782661782695e+02
2.713162393162393187e+02
2.715663003663003678e+02
2.718163614163614170e+02
2.720664224664224662e+02
2.723164835164835154e+02
2.725665445665445645e+02
2.728166056166056137e+02
2.730666666666666629e+02
2.733167277167277120e+02
2.735667887667887612e+02
2.738168498168498104e+02
2.740669108669108596e+02
2.743169719169719087e+02
2.745670329670329579e+02
2.748170940170940071e+02
2.750671550671550563e+02
2.753172161172161054e+02
2.755672771672771546e+02
2.758173382173382038e+02
2.760673992673992529e+02
2.763174603174603021e+02
2.765675213675213513e+02
2.768175824175824005e+02
2.770676434676434496e+02
2.773177045177044988e+02
2.775677655677655480e+02
2.778178266178265972e+02
2.780678876678876463e+02
2.783179487179486955e+02
2.785680097680097447e+02
2.788180708180707938e+02
2.790681318681318430e+02
2.793181929181928922e+02
2.795682539682539414e+02
2.798183150183149905e+02
2.800683760683760966e+02
2.803184371184371457e+02
2.805684981684981949e+02
2.808185592185592441e+02
2.810686202686202932e+02
2.813186813186813424e+02
2.815687423687423916e+02
2.818188034188034408e+02
2.820688644688644899e+02
2.823189255189255391e+02
2.825689865689865883e+02
2.828190476190476375e+02
2.830691086691086866e+02
2.833191697191697358e+02
2.835692307692307850e+02
2.838192918192918341e+02
2.840693528693528833e+02
2.843194139194139325e+02
2.845694749694749817e+02
2.848195360195360308e+02
2.850695970695970800e+02
2.853196581196581292e+02
2.855697191697191784e+02
2.858197802197802275e+02
2.860698412698412767e+02
2.863199023199023259e+02
2.865699633699633750e+02
2.868200244200244242e+02
2.870700854700854734e+02
2.873201465201465226e+02
2.875702075702075717e+02
2.878202686202686209e+02
2.880703296703296701e+02
2.883203907203907193e+02
2.885704517704517684e+02
2.888205128205128176e+02
2.890705738705738668e+02
2.893206349206349159e+02
2.895706959706959651e+02
2.898207570207570143e+02
2.900708180708180635e+02
2.903208791208791126e+02
2.905709401709401618e+02
2.908210012210012110e+02
2.910710622710622602e+02
2.913211233211233093e+02
2.915711843711843585e+02
2.918212454212454077e+02
2.920713064713064568e+02
2.923213675213675060e+02
2.925714285714285552e+02
2.928214896214896044e+02
2.930715506715506535e+02
2.933216117216117027e+02
2.935716727716727519e+02
2.938217338217338011e+02
2.940717948717948502e+02
2.943218559218558994e+02
2.945719169719169486e+02
2.948219780219779977e+02
2.950720390720390469e+02
2.953221001221000961e+02
2.955721611721611453e+02
2.958222222222221944e+02
2.960722832722832436e+02
2.963223443223443496e+02
2.965724053724053988e+02
2.968224664224664480e+02
2.970725274725274971e+02
2.973225885225885463e+02
2.975726495726495955e+02
2.978227106227106447e+02
2.980727716727716938e+02
2.983228327228327430e+02
2.985728937728937922e+02
2.988229548229548413e+02
2.990730158730158905e+02
2.993230769230769397e+02
2.995731379731379889e+02
2.998231990231990380e+02
3.000732600732600872e+02
3.003233211233211364e+02
3.005733821733821856e+02
3.008234432234432347e+02
3.010735042735042839e+02
3.013235653235653331e+02
3.015736263736263822e+02
3.018236874236874314e+02
3.020737484737484806e+02
3.023238095238095298e+02
3.025738705738705789e+02
3.028239316239316281e+02
3.030739926739926773e+02
3.033240537240537265e+02
3.035741147741147756e+02
3.038241758241758248e+02
3.040742368742368740e+02
3.043242979242979231e+02
3.045743589743589723e+02
3.048244200244200215e+02
3.050744810744810707e+02
3.053245421245421198e+02
3.055746031746031690e+02
3.058246642246642182e+02
3.060747252747252674e+02
3.063247863247863165e+02
3.065748473748473657e+02
3.068249084249084149e+02
3.070749694749694640e+02
3.073250305250305132e+02
3.075750915750915624e+02
3.078251526251526116e+02
3.080752136752136607e+02
3.083252747252747099e+02
3.085753357753357591e+02
3.088253968253968083e+02
3.090754578754578574e+02
3.093255189255189066e+02
3.095755799755799558e+02
3.098256410256410049e+02
3.100757020757020541e+02
3.103257631257631033e+02
3.105758241758241525e+02
3.108258852258852016e+02
3.110759462759462508e+02
3.113260073260073000e+02
3.115760683760683492e+02
3.118261294261293983e+02
3.120761904761905043e+02
3.123262515262515535e+02
3.125763125763126027e+02
3.128263736263736519e+02
3.130764346764347010e+02
3.133264957264957502e+02
3.135765567765567994e+02
3.138266178266178486e+02
3.140766788766788977e+02
3.143267399267399469e+02
3.145768009768009961e+02
3.148268620268620452e+02
3.150769230769230944e+02
3.153269841269841436e+02
3.155770451770451928e+02
3.158271062271062419e+02
3.160771672771672911e+02
3.163272283272283403e+02
3.165772893772893894e+02
3.168273504273504386e+02
3.170774114774114878e+02
3.173274725274725370e+02
3.175775335775335861e+02
3.178275946275946353e+02
3.180776556776556845e+02
3.183277167277167337e+02
3.185777777777777828e+02
3.188278388278388320e+02
3.190778998778998812e+02
3.193279609279609303e+02
3.195780219780219795e+02
3.198280830280830287e+02
3.200781440781440779e+02
3.203282051282051270e+02
3.205782661782661762e+02
3.208283272283272254e+02
3.210783882783882746e+02
3.213284493284493237e+02
3.215785103785103729e+02
3.218285714285714221e+02
3.220786324786324712e+02
3.223286935286935204e+02
3.225787545787545696e+02
3.228288156288156188e+02
3.230788766788766679e+02
3.233289377289377171e+02
3.235789987789987663e+02
3.238290598290598155e+02
3.240791208791208646e+02
3.243291819291819138e+02
3.245792429792429630e+02
3.248293040293040121e+02
3.250793650793650613e+02
3.253294261294261105e+02
3.255794871794871597e+02
3.258295482295482088e+02
3.260796092796092580e+02
3.263296703296703072e+02
3.265797313797313564e+02
3.268297924297924055e+02
3.270798534798534547e+02
3.273299145299145039e+02
3.275799755799755530e+02
3.278300366300366022e+02
3.280800976800976514e+02
3.283301587301587574e+02
3.285802197802198066e+02
3.288302808302808558e+02
3.290803418803419049e+02
3.293304029304029541e+02
3.295804639804640033e+02
3.298305250305250524e+02
3.300805860805861016e+02
3.303306471306471508e+02
3.305807081807082000e+02
3.308307692307692491e+02
3.310808302808302983e+02
3.313308913308913475e+02
3.315809523809523967e+02
3.318310134310134458e+02
3.320810744810744950e+02
3.323311355311355442e+02
3.325811965811965933e+02
3.328312576312576425e+02
3.330813186813186917e+02
3.333313797313797409e+02
3.335814407814407900e+02
3.338315018315018392e+02
3.340815628815628884e+02
3.343316239316239376e+02
3.345816849816849867e+02
3.348317460317460359e+02
3.350818070818070851e+02
3.353318681318681342e+02
3.355819291819291834e+02
3.358319902319902326e+02
3.360820512820512818e+02
3.363321123321123309e+02
3.365821733821733801e+02
3.368322344322344293e+02
3.370822954822954785e+02
3.373323565323565276e+02
3.375824175824175768e+02
3.378324786324786260e+02
3.380825396825396751e+02
3.383326007326007243e+02
3.385826617826617735e+02
3.388327228327228227e+02
3.390827838827838718e+02
3.393328449328449210e+02
3.395829059829059702e+02
3.398329670329670193e+02
3.400830280830280685e+02
3.403330891330891177e+02
3.405831501831501669e+02
3.408332112332112160e+02
3.410832722832722652e+02
3.413333333333333144e+02
3.415833943833943636e+02
3.418334554334554127e+02
3.420835164835164619e+02
3.423335775335775111e+02
3.425836385836385602e+02
3.428336996336996094e+02
3.430837606837606586e+02
3.433338217338217078e+02
3.435838827838827569e+02
3.438339438339438061e+02
3.440840048840049121e+02
3.443340659340659613e+02
3.445841269841270105e+02
3.448341880341880596e+02
3.450842490842491088e+02
3.453343101343101580e+02
3.455843711843712072e+02
3.458344322344322563e+02
3.460844932844933055e+02
3.463345543345543547e+02
3.465846153846154039e+02
3.468346764346764530e+02
3.470847374847375022e+02
3.473347985347985514e+02
3.475848595848596005e+02
3.478349206349206497e+02
3.480849816849816989e+02
3.483350427350427481e+02
3.485851037851037972e+02
3.488351648351648464e+02
3.490852258852258956e+02
3.493352869352869448e+02
3.495853479853479939e+02
3.498354090354090431e+02
3.500854700854700923e+02
3.503355311355311414e+02
3.505855921855921906e+02
3.508356532356532398e+02
3.510857142857142890e+02
3.513357753357753381e+02
3.515858363858363873e+02
3.518358974358974365e+02
3.520859584859584857e+02
3.523360195360195348e+02
3.525860805860805840e+02
3.528361416361416332e+02
3.530862026862026823e+02
3.533362637362637315e+02
3.535863247863247807e+02
3.538363858363858299e+02
3.540864468864468790e+02
3.543365079365079282e+02
3.545865689865689774e+02
3.548366300366300266e+02
3.550866910866910757e+02
3.553367521367521249e+02
3.555868131868131741e+02
3.558368742368742232e+02
3.560869352869352724e+02
3.563369963369963216e+02
3.565870573870573708e+02
3.568371184371184199e+02
3.570871794871794691e+02
3.573372405372405183e+02
3.575873015873015675e+02
3.578373626373626166e+02
3.580874236874236658e+02
3.583374847374847150e+02
3.585875457875457641e+02
3.588376068376068133e+02
3.590876678876678625e+02
3.593377289377289117e+02
3.595877899877899608e+02
3.598378510378510100e+02
3.600879120879120592e+02
3.603379731379731652e+02
3.605880341880342144e+02
3.608380952380952635e+02
3.610881562881563127e+02
3.613382173382173619e+02
3.615882783882784111e+02
3.618383394383394602e+02
3.620884004884005094e+02
3.623384615384615586e+02
3.625885225885226077e+02
3.628385836385836569e+02
3.630886446886447061e+02
3.633387057387057553e+02
3.635887667887668044e+02
3.638388278388278536e+02
3.640888888888889028e+02
3.643389499389499520e+02
3.645890109890110011e+02
3.648390720390720503e+02
3.650891330891330995e+02
3.653391941391941486e+02
3.655892551892551978e+02
3.658393162393162470e+02
3.660893772893772962e+02
3.663394383394383453e+02
3.665894993894993945e+02
3.668395604395604437e+02
3.670896214896214929e+02
3.673396825396825420e+02
3.675897435897435912e+02
3.678398046398046404e+02
3.680898656898656895e+02
3.683399267399267387e+02
3.685899877899877879e+02
3.688400488400488371e+02
3.690901098901098862e+02
3.693401709401709354e+02
3.695902319902319846e+02
3.698402930402930338e+02
3.700903540903540829e+02
3.703404151404151321e+02
3.705904761904761813e+02
3.708405372405372304e+02
3.710905982905982796e+02
3.713406593406593288e+02
3.715907203907203780e+02
3.718407814407814271e+02
3.720908424908424763e+02
3.723409035409035255e+02
3.725909645909645747e+02
3.728410256410256238e+02
3.730910866910866730e+02
3.733411477411477222e+02
3.735912087912087713e+02
3.738412698412698205e+02
3.740913308913308697e+02
3.743413919413919189e+02
3.745914529914529680e+02
3.748415140415140172e+02
3.750915750915750664e+02
3.753416361416361156e+02
3.755916971916971647e+02
3.758417582417582139e+02
3.760918192918193199e+02
3.763418803418803691e+02
3.765919413919414183e+02
3.768420024420024674e+02
3.770920634920635166e+02
3.773421245421245658e+02
3.775921855921856150e+02
3.778422466422466641e+02
3.780923076923077133e+02
3.783423687423687625e+02
3.785924297924298116e+02
3.788424908424908608e+02
3.790925518925519100e+02
3.793426129426129592e+02
3.795926739926740083e+02
3.798427350427350575e+02
3.800927960927961067e+02
3.803428571428571558e+02
3.805929181929182050e+02
3.808429792429792542e+02
3.810930402930403034e+02
3.813431013431013525e+02
3.815931623931624017e+02
3.818432234432234509e+02
3.820932844932845001e+02
3.823433455433455492e+02
3.825934065934065984e+02
3.828434676434676476e+02
3.830935286935286967e+02
3.833435897435897459e+02
3.835936507936507951e+02
3.838437118437118443e+02
3.840937728937728934e+02
3.843438339438339426e+02
3.845938949938949918e+02
3.848439560439560410e+02
3.850940170940170901e+02
3.853440781440781393e+02
3.855941391941391885e+02
3.858442002442002376e+02
3.860942612942612868e+02
3.863443223443223360e+02
3.865943833943833852e+02
3.868444444444444343e+02
3.870945054945054835e+02
3.873445665445665327e+02
3.875946275946275819e+02
3.878446886446886310e+02
3.880947496947496802e+02
3.883448107448107294e+02
3.885948717948717785e+02
3.888449328449328277e+02
3.890949938949938769e+02
3.893450549450549261e+02
3.895951159951159752e+02
3.898451770451770244e+02
3.900952380952380736e+02
3.903452991452991228e+02
3.905953601953601719e+02
3.908454212454212211e+02
3.910954822954822703e+02
3.913455433455433194e+02
3.915956043956043686e+02
3.918456654456654178e+02
3.920957264957264670e+02
3.923457875457875730e+02
3.925958485958486222e+02
3.928459096459096713e+02
3.930959706959707205e+02
3.933460317460317697e+02
3.935960927960928188e+02
3.938461538461538680e+02
3.940962148962149172e+02
3.943462759462759664e+02
3.945963369963370155e+02
3.948463980463980647e+02
3.950964590964591139e+02
3.953465201465201631e+02
3.955965811965812122e+02
3.958466422466422614e+02
3.960967032967033106e+02
3.963467643467643597e+02
3.965968253968254089e+02
3.968468864468864581e+02
3.970969474969475073e+02
3.973470085470085564e+02
3.975970695970696056e+02
3.978471306471306548e+02
3.980971916971917040e+02
3.983472527472527531e+02
3.985973137973138023e+02
3.988473748473748515e+02
3.990974358974359006e+02
3.993474969474969498e+02
3.995975579975579990e+02
3.998476190476190482e+02
4.000976800976800973e+02
4.003477411477411465e+02
4.005978021978021957e+02
4.008478632478632449e+02
4.010979242979242940e+02
4.013479853479853432e+02
4.015980463980463924e+02
4.018481074481074415e+02
4.020981684981684907e+02
4.023482295482295399e+02
4.025982905982905891e+02
4.028483516483516382e+02
4.030984126984126874e+02
4.033484737484737366e+02
4.035985347985347858e+02
4.038485958485958349e+02
4.040986568986568841e+02
4.043487179487179333e+02
4.045987789987789824e+02
4.048488400488400316e+02
4.050989010989010808e+02
4.053489621489621300e+02
4.055990231990231791e+02
4.058490842490842283e+02
4.060991452991452775e+02
4.063492063492063266e+02
4.065992673992673758e+02
4.068493284493284250e+02
4.070993894993894742e+02
4.073494505494505233e+02
4.075995115995115725e+02
4.078495726495726217e+02
4.080996336996337277e+02
4.083496947496947769e+02
4.085997557997558260e+02
4.088498168498168752e+02
4.090998778998779244e+02
4.093499389499389736e+02
4.096000000000000227e+02
4.098500610500610719e+02
4.101001221001221211e+02
4.103501831501831703e+02
4.106002442002442194e+02
4.108503052503052686e+02
4.111003663003663178e+02
4.113504273504273669e+02
4.116004884004884161e+02
4.118505494505494653e+02
4.121006105006105145e+02
4.123506715506715636e+02
4.126007326007326128e+02
4.128507936507936620e+02
4.131008547008547112e+02
4.133509157509157603e+02
4.136009768009768095e+02
4.138510378510378587e+02
4.141010989010989078e+02
4.143511599511599570e+02
4.146012210012210062e+02
4.148512820512820554e+02
4.151013431013431045e+02
4.153514041514041537e+02
4.156014652014652029e+02
4.158515262515262521e+02
4.161015873015873012e+02
4.163516483516483504e+02
4.166017094017093996e+02
4.168517704517704487e+02
4.171018315018314979e+02
4.173518925518925471e+02
4.176019536019535963e+02
4.178520146520146454e+02
4.181020757020756946e+02
4.183521367521367438e+02
4.186021978021977930e+02
4.188522588522588421e+02
4.191023199023198913e+02
4.193523809523809405e+02
4.196024420024419896e+02
4.198525030525030388e+02
4.201025641025640880e+02
4.203526251526251372e+02
4.206026862026861863e+02
4.208527472527472355e+02
4.211028083028082847e+02
4.213528693528693339e+02
4.216029304029303830e+02
4.218529914529914322e+02
4.221030525030524814e+02
4.223531135531135305e+02
4.226031746031745797e+02
4.228532356532356289e+02
4.231032967032966781e+02
4.233533577533577272e+02
4.236034188034187764e+02
4.238534798534798256e+02
4.241035409035408748e+02
4.243536019536019808e+02
4.246036630036630299e+02
4.248537240537240791e+02
4.251037851037851283e+02
4.253538461538461775e+02
4.256039072039072266e+02
4.258539682539682758e+02
4.261040293040293250e+02
4.263540903540903741e+02
4.266041514041514233e+02
4.268542124542124725e+02
4.271042735042735217e+02
4.273543345543345708e+02
4.276043956043956200e+02
4.278544566544566692e+02
4.281045177045177184e+02
4.283545787545787675e+02
4.286046398046398167e+02
4.288547008547008659e+02
4.291047619047619150e+02
4.293548229548229642e+02
4.296048840048840134e+02
4.298549450549450626e+02
4.301050061050061117e+02
4.303550671550671609e+02
4.306051282051282101e+02
4.308551892551892593e+02
4.311052503052503084e+02
4.313553113553113576e+02
4.316053724053724068e+02
4.318554334554334559e+02
4.321054945054945051e+02
4.323555555555555543e+02
4.326056166056166035e+02
4.328556776556776526e+02
4.331057387057387018e+02
4.333557997557997510e+02
4.336058608058608002e+02
4.338559218559218493e+02
4.341059829059828985e+02
4.343560439560439477e+02
4.346061050061049968e+02
4.348561660561660460e+02
4.351062271062270952e+02
4.353562881562881444e+02
4.356063492063491935e+02
4.358564102564102427e+02
4.361064713064712919e+02
4.363565323565323411e+02
4.366065934065933902e+02
4.368566544566544394e+02
4.371067155067154886e+02
4.373567765567765377e+02
4.376068376068375869e+02
4.378568986568986361e+02
4.381069597069596853e+02
4.383570207570207344e+02
4.386070818070817836e+02
4.388571428571428328e+02
4.391072039072038820e+02
4.393572649572649311e+02
4.396073260073259803e+02
4.398573870573870295e+02
4.401074481074481355e+02
4.403575091575091847e+02
4.406075702075702338e+02
4.408576312576312830e+02
4.411076923076923322e+02
4.413577533577533814e+02
4.416078144078144305e+02
4.418578754578754797e+02
4.421079365079365289e+02
4.423579975579975780e+02
4.426080586080586272e+02
4.428581196581196764e+02
4.431081807081807256e+02
4.433582417582417747e+02
4.436083028083028239e+02
4.438583638583638731e+02
4.441084249084249223e+02
4.443584859584859714e+02
4.446085470085470206e+02
4.448586080586080698e+02
4.451086691086691189e+02
4.453587301587301681e+02
4.456087912087912173e+02
4.458588522588522665e+02
4.461089133089133156e+02
4.463589743589743648e+02
4.466090354090354140e+02
4.468590964590964631e+02
4.471091575091575123e+02
4.473592185592185615e+02
4.476092796092796107e+02
4.478593406593406598e+02
4.481094017094017090e+02
4.483594627594627582e+02
4.486095238095238074e+02
4.488595848595848565e+02
4.491096459096459057e+02
4.493597069597069549e+02
4.496097680097680040e+02
4.498598290598290532e+02
4.501098901098901024e+02
4.503599511599511516e+02
4.506100122100122007e+02
4.508600732600732499e+02
4.511101343101342991e+02
4.513601953601953483e+02
4.516102564102563974e+02
4.518603174603174466e+02
4.521103785103784958e+02
4.523604395604395449e+02
4.526105006105005941e+02
4.528605616605616433e+02
4.531106227106226925e+02
4.533606837606837416e+02
4.536107448107447908e+02
4.538608058608058400e+02
4.541108669108668892e+02
4.543609279609279383e+02
4.546109890109889875e+02
4.548610500610500367e+02
4.551111111111110858e+02
4.553611721611721350e+02
4.556112332112331842e+02
4.558612942612942334e+02
4.561113553113552825e+02
4.563614163614163886e+02
4.566114774114774377e+02
4.568615384615384869e+02
4.571115995115995361e+02
4.573616605616605852e+02
4.576117216117216344e+02
4.578617826617826836e+02
4.581118437118437328e+02
4.583619047619047819e+02
4.586119658119658311e+02
4.588620268620268803e+02
4.591120879120879295e+02
4.593621489621489786e+02
4.596122100122100278e+02
4.598622710622710770e+02
4.601123321123321261e+02
4.603623931623931753e+02
4.606124542124542245e+02
4.608625152625152737e+02
4.611125763125763228e+02
4.613626373626373720e+02
4.616126984126984212e+02
4.618627594627594704e+02
4.621128205128205195e+02
4.623628815628815687e+02
4.626129426129426179e+02
4.628630036630036670e+02
4.631130647130647162e+02
4.633631257631257654e+02
4.636131868131868146e+02
4.638632478632478637e+02
4.641133089133089129e+02
4.643633699633699621e+02
4.646134310134310113e+02
4.648634920634920604e+02
4.651135531135531096e+02
4.653636141636141588e+02
4.656136752136752079e+02
4.658637362637362571e+02
4.661137973137973063e+02
4.663638583638583555e+02
4.666139194139194046e+02
4.668639804639804538e+02
4.671140415140415030e+02
4.673641025641025522e+02
4.676141636141636013e+02
4.678642246642246505e+02
4.681142857142856997e+02
4.683643467643467488e+02
4.686144078144077980e+02
4.688644688644688472e+02
4.691145299145298964e+02
4.693645909645909455e+02
4.696146520146519947e+02
4.698647130647130439e+02
4.701147741147740931e+02
4.703648351648351422e+02
4.706148962148961914e+02
4.708649572649572406e+02
4.711150183150182897e+02
4.713650793650793389e+02
4.716151404151403881e+02
4.718652014652014373e+02
4.721152625152625433e+02
4.723653235653235924e+02
4.726153846153846416e+02
4.728654456654456908e+02
4.731155067155067400e+02
4.733655677655677891e+02
4.736156288156288383e+02
4.738656898656898875e+02
4.741157509157509367e+02
4.743658119658119858e+02
4.746158730158730350e+02
4.748659340659340842e+02
4.751159951159951333e+02
4.753660561660561825e+02
4.756161172161172317e+02
4.758661782661782809e+02
4.761162393162393300e+02
4.763663003663003792e+02
4.766163614163614284e+02
4.768664224664224776e+02
4.771164835164835267e+02
4.773665445665445759e+02
4.776166056166056251e+02
4.778666666666666742e+02
4.781167277167277234e+02
4.783667887667887726e+02
4.786168498168498218e+02
4.788669108669108709e+02
4.791169719169719201e+02
4.793670329670329693e+02
4.796170940170940185e+02
4.798671550671550676e+02
4.801172161172161168e+02
4.803672771672771660e+02
4.806173382173382151e+02
4.808673992673992643e+02
4.811174603174603135e+02
4.813675213675213627e+02
4.816175824175824118e+02
4.818676434676434610e+02
4.821177045177045102e+02
4.823677655677655594e+02
4.826178266178266085e+02
4.828678876678876577e+02
4.831179487179487069e+02
4.833680097680097560e+02
4.836180708180708052e+02
4.838681318681318544e+02
4.841181929181929036e+02
4.843682539682539527e+02
4.846183150183150019e+02
4.848683760683760511e+02
4.851184371184371003e+02
4.853684981684981494e+02
4.856185592185591986e+02
4.858686202686202478e+02
4.861186813186812969e+02
4.863687423687423461e+02
4.866188034188033953e+02
4.868688644688644445e+02
4.871189255189254936e+02
4.873689865689865428e+02
4.876190476190475920e+02
4.878691086691086412e+02
4.881191697191696903e+02
4.883692307692307963e+02
4.886192918192918455e+02
4.888693528693528947e+02
4.891194139194139439e+02
4.893694749694749930e+02
4.896195360195360422e+02
4.898695970695970914e+02
4.901196581196581405e+02
4.903697191697191897e+02
4.906197802197802389e+02
4.908698412698412881e+02
4.911199023199023372e+02
4.913699633699633864e+02
4.916200244200244356e+02
4.918700854700854848e+02
4.921201465201465339e+02
4.923702075702075831e+02
4.926202686202686323e+02
4.928703296703296814e+02
4.931203907203907306e+02
4.933704517704517798e+02
4.936205128205128290e+02
4.938705738705738781e+02
4.941206349206349273e+02
4.943706959706959765e+02
4.946207570207570257e+02
4.948708180708180748e+02
4.951208791208791240e+02
4.953709401709401732e+02
4.956210012210012223e+02
4.958710622710622715e+02
4.961211233211233207e+02
4.963711843711843699e+02
4.966212454212454190e+02
4.968713064713064682e+02
4.971213675213675174e+02
4.973714285714285666e+02
4.976214896214896157e+02
4.978715506715506649e+02
4.981216117216117141e+02
4.983716727716727632e+02
4.986217338217338124e+02
4.988717948717948616e+02
4.991218559218559108e+02
4.993719169719169599e+02
4.996219780219780091e+02
4.998720390720390583e+02
5.001221001221001075e+02
5.003721611721611566e+02
5.006222222222222058e+02
5.008722832722832550e+02
5.011223443223443041e+02
5.013724053724053533e+02
5.016224664224664025e+02
5.018725274725274517e+02
5.021225885225885008e+02
5.023726495726495500e+02
5.026227106227105992e+02
5.028727716727716484e+02
5.031228327228326975e+02
5.033728937728937467e+02
5.036229548229547959e+02
5.038730158730158450e+02
5.041230769230769511e+02
5.043731379731380002e+02
5.046231990231990494e+02
5.048732600732600986e+02
5.051233211233211478e+02
5.053733821733821969e+02
5.056234432234432461e+02
5.058735042735042953e+02
5.061235653235653444e+02
5.063736263736263936e+02
5.066236874236874428e+02
5.068737484737484920e+02
5.071238095238095411e+02
5.073738705738705903e+02
5.076239316239316395e+02
5.078739926739926887e+02
5.081240537240537378e+02
5.083741147741147870e+02
5.086241758241758362e+02
5.088742368742368853e+02
5.091242979242979345e+02
5.093743589743589837e+02
5.096244200244200329e+02
5.098744810744810820e+02
5.101245421245421312e+02
5.103746031746031804e+02
5.106246642246642296e+02
5.108747252747252787e+02
5.111247863247863279e+02
5.113748473748473771e+02
5.116249084249084262e+02
5.118749694749694754e+02
5.121250305250305246e+02
5.123750915750915738e+02
5.126251526251526229e+02
5.128752136752136721e+02
5.131252747252747213e+02
5.133753357753357704e+02
5.136253968253968196e+02
5.138754578754578688e+02
5.141255189255189180e+02
5.143755799755799671e+02
5.146256410256410163e+02
5.148757020757020655e+02
5.151257631257631147e+02
5.153758241758241638e+02
5.156258852258852130e+02
5.158759462759462622e+02
5.161260073260073113e+02
5.163760683760683605e+02
5.166261294261294097e+02
5.168761904761904589e+02
5.171262515262515080e+02
5.173763125763125572e+02
5.176263736263736064e+02
5.178764346764346556e+02
5.181264957264957047e+02
5.183765567765567539e+02
5.186266178266178031e+02
5.188766788766788522e+02
5.191267399267399014e+02
5.193768009768009506e+02
5.196268620268619998e+02
5.198769230769230489e+02
5.201269841269840981e+02
5.203770451770451473e+02
5.206271062271061965e+02
5.208771672771672456e+02
5.211272283272282948e+02
5.213772893772893440e+02
5.216273504273503931e+02
5.218774114774114423e+02
5.221274725274724915e+02
5.223775335775335407e+02
5.226275946275945898e+02
5.228776556776556390e+02
5.231277167277166882e+02
5.233777777777777374e+02
5.236278388278387865e+02
5.238778998778998357e+02
5.241279609279608849e+02
5.243780219780219340e+02
5.246280830280829832e+02
5.248781440781440324e+02
5.251282051282050816e+02
5.253782661782661307e+02
5.256283272283271799e+02
5.258783882783882291e+02
5.261284493284492783e+02
5.263785103785103274e+02
5.266285714285713766e+02
5.268786324786324258e+02
5.271286935286934749e+02
5.273787545787545241e+02
5.276288156288155733e+02
5.278788766788766225e+02
5.281289377289376716e+02
5.283789987789988345e+02
5.286290598290598837e+02
5.288791208791209328e+02
5.291291819291819820e+02
5.293792429792430312e+02
5.296293040293040804e+02
5.298793650793651295e+02
5.301294261294261787e+02
5.303794871794872279e+02
5.306295482295482770e+02
5.308796092796093262e+02
5.311296703296703754e+02
5.313797313797314246e+02
5.316297924297924737e+02
5.318798534798535229e+02
5.321299145299145721e+02
5.323799755799756213e+02
5.326300366300366704e+02
5.328800976800977196e+02
5.331301587301587688e+02
5.333802197802198179e+02
5.336302808302808671e+02
5.338803418803419163e+02
5.341304029304029655e+02
5.343804639804640146e+02
5.346305250305250638e+02
5.348805860805861130e+02
5.351306471306471622e+02
5.353807081807082113e+02
5.356307692307692605e+02
5.358808302808303097e+02
5.361308913308913588e+02
5.363809523809524080e+02
5.366310134310134572e+02
5.368810744810745064e+02
5.371311355311355555e+02
5.373811965811966047e+02
5.376312576312576539e+02
5.378813186813187031e+02
5.381313797313797522e+02
5.383814407814408014e+02
5.386315018315018506e+02
5.388815628815628997e+02
5.391316239316239489e+02
5.393816849816849981e+02
5.396317460317460473e+02
5.398818070818070964e+02
5.401318681318681456e+02
5.403819291819291948e+02
5.406319902319902440e+02
5.408820512820512931e+02
5.411321123321123423e+02
5.413821733821733915e+02
5.416322344322344406e+02
5.418822954822954898e+02
5.421323565323565390e+02
5.423824175824175882e+02
5.426324786324786373e+02
5.428825396825396865e+02
5.431326007326007357e+02
5.433826617826617849e+02
5.436327228327228340e+02
5.438827838827838832e+02
5.441328449328449324e+02
5.443829059829059815e+02
5.446329670329670307e+02
5.448830280830280799e+02
5.451330891330891291e+02
5.453831501831501782e+02
5.456332112332112274e+02
5.458832722832722766e+02
5.461333333333333258e+02
5.463833943833943749e+02
5.466334554334554241e+02
5.468835164835164733e+02
5.471335775335775224e+02
5.473836385836385716e+02
5.476336996336996208e+02
5.478837606837606700e+02
5.481338217338217191e+02
5.483838827838827683e+02
5.486339438339438175e+02
5.488840048840048667e+02
5.491340659340659158e+02
5.493841269841269650e+02
5.496341880341880142e+02
5.498842490842490633e+02
5.501343101343101125e+02
5.503843711843711617e+02
5.506344322344322109e+02
5.508844932844932600e+02
5.511345543345543092e+02
5.513846153846153584e+02
5.516346764346764076e+02
5.518847374847374567e+02
5.521347985347985059e+02
5.523848595848595551e+02
5.526349206349206042e+02
5.528849816849816534e+02
5.531350427350427026e+02
5.533851037851037518e+02
5.536351648351648009e+02
5.538852258852258501e+02
5.541352869352868993e+02
5.543853479853479485e+02
5.546354090354089976e+02
5.548854700854700468e+02
5.551355311355310960e+02
5.553855921855921451e+02
5.556356532356531943e+02
5.558857142857142435e+02
5.561357753357752927e+02
5.563858363858363418e+02
5.566358974358973910e+02
5.568859584859584402e+02
5.571360195360194894e+02
5.573860805860805385e+02
5.576361416361415877e+02
5.578862026862026369e+02
5.581362637362636860e+02
5.583863247863247352e+02
5.586363858363857844e+02
5.588864468864468336e+02
5.591365079365078827e+02
5.593865689865689319e+02
5.596366300366299811e+02
5.598866910866910303e+02
5.601367521367521931e+02
5.603868131868132423e+02
5.606368742368742915e+02
5.608869352869353406e+02
5.611369963369963898e+02
5.613870573870574390e+02
5.616371184371184881e+02
5.618871794871795373e+02
5.621372405372405865e+02
5.623873015873016357e+02
5.626373626373626848e+02
5.628874236874237340e+02
5.631374847374847832e+02
5.633875457875458324e+02
5.636376068376068815e+02
5.638876678876679307e+02
5.641377289377289799e+02
5.643877899877900290e+02
5.646378510378510782e+02
5.648879120879121274e+02
5.651379731379731766e+02
5.653880341880342257e+02
5.656380952380952749e+02
5.658881562881563241e+02
5.661382173382173733e+02
5.663882783882784224e+02
5.666383394383394716e+02
5.668884004884005208e+02
5.671384615384615699e+02
5.673885225885226191e+02
5.676385836385836683e+02
5.678886446886447175e+02
5.681387057387057666e+02
5.683887667887668158e+02
5.686388278388278650e+02
5.688888888888889142e+02
5.691389499389499633e+02
5.693890109890110125e+02
5.696390720390720617e+02
5.698891330891331108e+02
5.701391941391941600e+02
5.703892551892552092e+02
5.706393162393162584e+02
5.708893772893773075e+02
5.711394383394383567e+02
5.713894993894994059e+02
5.716395604395604551e+02
5.718896214896215042e+02
5.721396825396825534e+02
5.723897435897436026e+02
5.726398046398046517e+02
5.728898656898657009e+02
5.731399267399267501e+02
5.733899877899877993e+02
5.736400488400488484e+02
5.738901098901098976e+02
5.741401709401709468e+02
5.743902319902319960e+02
5.746402930402930451e+02
5.748903540903540943e+02
5.751404151404151435e+02
5.753904761904761926e+02
5.756405372405372418e+02
5.758905982905982910e+02
5.761406593406593402e+02
5.763907203907203893e+02
5.766407814407814385e+02
5.768908424908424877e+02
5.771409035409035369e+02
5.773909645909645860e+02
5.776410256410256352e+02
5.778910866910866844e+02
5.781411477411477335e+02
5.783912087912087827e+02
5.786412698412698319e+02
5.788913308913308811e+02
5.791413919413919302e+02
5.793914529914529794e+02
5.796415140415140286e+02
5.798915750915750777e+02
5.801416361416361269e+02
5.803916971916971761e+02
5.806417582417582253e+02
5.808918192918192744e+02
5.811418803418803236e+02
5.813919413919413728e+02
5.816420024420024220e+02
5.818920634920634711e+02
5.821421245421245203e+02
5.823921855921855695e+02
5.826422466422466186e+02
5.828923076923076678e+02
5.831423687423687170e+02
5.833924297924297662e+02
5.836424908424908153e+02
5.838925518925518645e+02
5.841426129426129137e+02
5.843926739926739629e+02
5.846427350427350120e+02
5.848927960927960612e+02
5.851428571428571104e+02
5.853929181929181595e+02
5.856429792429792087e+02
5.858930402930402579e+02
5.861431013431013071e+02
5.863931623931623562e+02
5.866432234432234054e+02
5.868932844932844546e+02
5.871433455433455038e+02
5.873934065934065529e+02
5.876434676434676021e+02
5.878935286935286513e+02
5.881435897435897004e+02
5.883936507936507496e+02
5.886437118437117988e+02
5.888937728937728480e+02
5.891438339438338971e+02
5.893938949938949463e+02
5.896439560439559955e+02
5.898940170940170447e+02
5.901440781440780938e+02
5.903941391941391430e+02
5.906442002442001922e+02
5.908942612942612413e+02
5.911443223443222905e+02
5.913943833943833397e+02
5.916444444444443889e+02
5.918945054945054380e+02
5.921445665445664872e+02
5.923946275946276501e+02
5.926446886446886992e+02
5.928947496947497484e+02
5.931448107448107976e+02
5.933948717948718468e+02
5.936449328449328959e+02
5.938949938949939451e+02
5.941450549450549943e+02
5.943951159951160435e+02
5.946451770451770926e+02
5.948952380952381418e+02
5.951452991452991910e+02
5.953953601953602401e+02
5.956454212454212893e+02
5.958954822954823385e+02
5.961455433455433877e+02
5.963956043956044368e+02
5.966456654456654860e+02
5.968957264957265352e+02
5.971457875457875843e+02
5.973958485958486335e+02
5.976459096459096827e+02
5.978959706959707319e+02
5.981460317460317810e+02
5.983960927960928302e+02
5.986461538461538794e+02
5.988962148962149286e+02
5.991462759462759777e+02
5.993963369963370269e+02
5.996463980463980761e+02
5.998964590964591252e+02
6.001465201465201744e+02
6.003965811965812236e+02
6.006466422466422728e+02
6.008967032967033219e+02
6.011467643467643711e+02
6.013968253968254203e+02
6.016468864468864695e+02
6.018969474969475186e+02
6.021470085470085678e+02
6.023970695970696170e+02
6.026471306471306661e+02
6.028971916971917153e+02
6.031472527472527645e+02
6.033973137973138137e+02
6.036473748473748628e+02
6.038974358974359120e+02
6.041474969474969612e+02
6.043975579975580104e+02
6.046476190476190595e+02
6.048976800976801087e+02
6.051477411477411579e+02
6.053978021978022070e+02
6.056478632478632562e+02
6.058979242979243054e+02
6.061479853479853546e+02
6.063980463980464037e+02
6.066481074481074529e+02
6.068981684981685021e+02
6.071482295482295513e+02
6.073982905982906004e+02
6.076483516483516496e+02
6.078984126984126988e+02
6.081484737484737479e+02
6.083985347985347971e+02
6.086485958485958463e+02
6.088986568986568955e+02
6.091487179487179446e+02
6.093987789987789938e+02
6.096488400488400430e+02
6.098989010989010922e+02
6.101489621489621413e+02
6.103990231990231905e+02
6.106490842490842397e+02
6.108991452991452888e+02
6.111492063492063380e+02
6.113992673992673872e+02
6.116493284493284364e+02
6.118993894993894855e+02
6.121494505494505347e+02
6.123995115995115839e+02
6.126495726495726331e+02
6.128996336996336822e+02
6.131496947496947314e+02
6.133997557997557806e+02
6.136498168498168297e+02
6.138998778998778789e+02
6.141499389499389281e+02
6.143999999999999773e+02
6.146500610500610264e+02
6.149001221001220756e+02
6.151501831501831248e+02
6.154002442002441740e+02
6.156503052503052231e+02
6.159003663003662723e+02
6.161504273504273215e+02
6.164004884004883706e+02
6.166505494505494198e+02
6.169006105006104690e+02
6.171506715506715182e+02
6.174007326007325673e+02
6.176507936507936165e+02
6.179008547008546657e+02
6.181509157509157149e+02
6.184009768009767640e+02
6.186510378510378132e+02
6.189010989010988624e+02
6.191511599511599115e+02
6.194012210012209607e+02
6.196512820512820099e+02
6.199013431013430591e+02
6.201514041514041082e+02
6.204014652014651574e+02
6.206515262515262066e+02
6.209015873015872558e+02
6.211516483516483049e+02
6.214017094017093541e+02
6.216517704517704033e+02
6.219018315018314524e+02
6.221518925518925016e+02
6.224019536019535508e+02
6.226520146520146000e+02
6.229020757020756491e+02
6.231521367521366983e+02
6.234021978021977475e+02
6.236522588522587967e+02
6.239023199023198458e+02
6.241523809523810087e+02
6.244024420024420579e+02
6.246525030525031070e+02
6.249025641025641562e+02
6.251526251526252054e+02
6.254026862026862545e+02
6.256527472527473037e+02
6.259028083028083529e+02
6.261528693528694021e+02
6.264029304029304512e+02
6.266529914529915004e+02
6.269030525030525496e+02
6.271531135531135988e+02
6.274031746031746479e+02
6.276532356532356971e+02
6.279032967032967463e+02
6.281533577533577954e+02
6.284034188034188446e+02
6.286534798534798938e+02
6.289035409035409430e+02
6.291536019536019921e+02
6.294036630036630413e+02
6.296537240537240905e+02
6.299037851037851397e+02
6.301538461538461888e+02
6.304039072039072380e+02
6.306539682539682872e+02
6.309040293040293363e+02
6.311540903540903855e+02
6.314041514041514347e+02
6.316542124542124839e+02
6.319042735042735330e+02
6.321543345543345822e+02
6.324043956043956314e+02
6.326544566544566806e+02
6.329045177045177297e+02
6.331545787545787789e+02
6.334046398046398281e+02
6.336547008547008772e+02
6.339047619047619264e+02
6.341548229548229756e+02
6.344048840048840248e+02
6.346549450549450739e+02
6.349050061050061231e+02
6.351550671550671723e+02
6.354051282051282215e+02
6.356551892551892706e+02
6.359052503052503198e+02
6.361553113553113690e+02
6.364053724053724181e+02
6.366554334554334673e+02
6.369054945054945165e+02
6.371555555555555657e+02
6.374056166056166148e+02
6.376556776556776640e+02
6.379057387057387132e+02
6.381557997557997624e+02
6.384058608058608115e+02
6.386559218559218607e+02
6.389059829059829099e+02
6.391560439560439590e+02
6.394061050061050082e+02
6.396561660561660574e+02
6.399062271062271066e+02
6.401562881562881557e+02
6.404063492063492049e+02
6.406564102564102541e+02
6.409064713064713033e+02
6.411565323565323524e+02
6.414065934065934016e+02
6.416566544566544508e+02
6.419067155067154999e+02
6.421567765567765491e+02
6.424068376068375983e+02
6.426568986568986475e+02
6.429069597069596966e+02
6.431570207570207458e+02
6.434070818070817950e+02
6.436571428571428442e+02
6.439072039072038933e+02
6.441572649572649425e+02
6.444073260073259917e+02
6.446573870573870408e+02
6.449074481074480900e+02
6.451575091575091392e+02
6.454075702075701884e+02
6.456576312576312375e+02
6.459076923076922867e+02
6.461577533577533359e+02
6.464078144078143850e+02
6.466578754578754342e+02
6.469079365079364834e+02
6.471579975579975326e+02
6.474080586080585817e+02
6.476581196581196309e+02
6.479081807081806801e+02
6.481582417582417293e+02
6.484083028083027784e+02
6.486583638583638276e+02
6.489084249084248768e+02
6.491584859584859259e+02
6.494085470085469751e+02
6.496586080586080243e+02
6.499086691086690735e+02
6.501587301587301226e+02
6.504087912087911718e+02
6.506588522588522210e+02
6.509089133089132702e+02
6.511589743589743193e+02
6.514090354090353685e+02
6.516590964590964177e+02
6.519091575091574668e+02
6.521592185592185160e+02
6.524092796092795652e+02
6.526593406593406144e+02
6.529094017094016635e+02
6.531594627594627127e+02
6.534095238095237619e+02
6.536595848595848111e+02
6.539096459096458602e+02
6.541597069597069094e+02
6.544097680097679586e+02
6.546598290598290077e+02
6.549098901098900569e+02
6.551599511599511061e+02
6.554100122100121553e+02
6.556600732600732044e+02
6.559101343101342536e+02
6.561601953601953028e+02
6.564102564102564656e+02
6.566603174603175148e+02
6.569103785103785640e+02
6.571604395604396132e+02
6.574105006105006623e+02
6.576605616605617115e+02
6.579106227106227607e+02
6.581606837606838099e+02
6.584107448107448590e+02
6.586608058608059082e+02
6.589108669108669574e+02
6.591609279609280065e+02
6.594109890109890557e+02
6.596610500610501049e+02
6.599111111111111541e+02
6.601611721611722032e+02
6.604112332112332524e+02
6.606612942612943016e+02
6.609113553113553508e+02
6.611614163614163999e+02
6.614114774114774491e+02
6.616615384615384983e+02
6.619115995115995474e+02
6.621616605616605966e+02
6.624117216117216458e+02
6.626617826617826950e+02
6.629118437118437441e+02
6.631619047619047933e+02
6.634119658119658425e+02
6.636620268620268916e+02
6.639120879120879408e+02
6.641621489621489900e+02
6.644122100122100392e+02
6.646622710622710883e+02
6.649123321123321375e+02
6.651623931623931867e+02
6.654124542124542359e+02
6.656625152625152850e+02
6.659125763125763342e+02
6.661626373626373834e+02
6.664126984126984325e+02
6.666627594627594817e+02
6.669128205128205309e+02
6.671628815628815801e+02
6.674129426129426292e+02
6.676630036630036784e+02
6.679130647130647276e+02
6.681631257631257768e+02
6.684131868131868259e+02
6.686632478632478751e+02
6.689133089133089243e+02
6.691633699633699734e+02
6.694134310134310226e+02
6.696634920634920718e+02
6.699135531135531210e+02
6.701636141636141701e+02
6.704136752136752193e+02
6.706637362637362685e+02
6.709137973137973177e+02
6.711638583638583668e+02
6.714139194139194160e+02
6.716639804639804652e+02
6.719140415140415143e+02
6.721641025641025635e+02
6.724141636141636127e+02
6.726642246642246619e+02
6.729142857142857110e+02
6.731643467643467602e+02
6.734144078144078094e+02
6.736644688644688586e+02
6.739145299145299077e+02
6.741645909645909569e+02
6.744146520146520061e+02
6.746647130647130552e+02
6.749147741147741044e+02
6.751648351648351536e+02
6.754148962148962028e+02
6.756649572649572519e+02
6.759150183150183011e+02
6.761650793650793503e+02
6.764151404151403995e+02
6.766652014652014486e+02
6.769152625152624978e+02
6.771653235653235470e+02
6.774153846153845961e+02
6.776654456654456453e+02
6.779155067155066945e+02
6.781655677655677437e+02
6.784156288156287928e+02
6.786656898656898420e+02
6.789157509157508912e+02
6.791658119658119404e+02
6.794158730158729895e+02
6.796659340659340387e+02
6.799159951159950879e+02
6.801660561660561370e+02
6.804161172161171862e+02
6.806661782661782354e+02
6.809162393162392846e+02
6.811663003663003337e+02
6.814163614163613829e+02
6.816664224664224321e+02
6.819164835164834813e+02
6.821665445665445304e+02
6.824166056166055796e+02
6.826666666666666288e+02
6.829167277167276779e+02
6.831667887667887271e+02
6.834168498168497763e+02
6.836669108669108255e+02
6.839169719169718746e+02
6.841670329670329238e+02
6.844170940170939730e+02
6.846671550671550222e+02
6.849172161172160713e+02
6.851672771672771205e+02
6.854173382173381697e+02
6.856673992673992188e+02
6.859174603174602680e+02
6.861675213675213172e+02
6.864175824175823664e+02
6.866676434676434155e+02
6.869177045177044647e+02
6.871677655677655139e+02
6.874178266178265631e+02
6.876678876678876122e+02
6.879179487179486614e+02
6.881680097680098243e+02
6.884180708180708734e+02
6.886681318681319226e+02
6.889181929181929718e+02
6.891682539682540209e+02
6.894183150183150701e+02
6.896683760683761193e+02
6.899184371184371685e+02
6.901684981684982176e+02
6.904185592185592668e+02
6.906686202686203160e+02
6.909186813186813652e+02
6.911687423687424143e+02
6.914188034188034635e+02
6.916688644688645127e+02
6.919189255189255618e+02
6.921689865689866110e+02
6.924190476190476602e+02
6.926691086691087094e+02
6.929191697191697585e+02
6.931692307692308077e+02
6.934192918192918569e+02
6.936693528693529061e+02
6.939194139194139552e+02
6.941694749694750044e+02
6.944195360195360536e+02
6.946695970695971027e+02
6.949196581196581519e+02
6.951697191697192011e+02
6.954197802197802503e+02
6.956698412698412994e+02
6.959199023199023486e+02
6.961699633699633978e+02
6.964200244200244470e+02
6.966700854700854961e+02
6.969201465201465453e+02
6.971702075702075945e+02
6.974202686202686436e+02
6.976703296703296928e+02
6.979203907203907420e+02
6.981704517704517912e+02
6.984205128205128403e+02
6.986705738705738895e+02
6.989206349206349387e+02
6.991706959706959879e+02
6.994207570207570370e+02
6.996708180708180862e+02
6.999208791208791354e+02
7.001709401709401845e+02
7.004210012210012337e+02
7.006710622710622829e+02
7.009211233211233321e+02
7.011711843711843812e+02
7.014212454212454304e+02
7.016713064713064796e+02
7.019213675213675288e+02
7.021714285714285779e+02
7.024214896214896271e+02
7.026715506715506763e+02
7.029216117216117254e+02
7.031716727716727746e+02
7.034217338217338238e+02
7.036717948717948730e+02
7.039218559218559221e+02
7.041719169719169713e+02
7.044219780219780205e+02
7.046720390720390697e+02
7.049221001221001188e+02
7.051721611721611680e+02
7.054222222222222172e+02
7.056722832722832663e+02
7.059223443223443155e+02
7.061724053724053647e+02
7.064224664224664139e+02
7.066725274725274630e+02
7.069225885225885122e+02
7.071726495726495614e+02
7.074227106227106106e+02
7.076727716727716597e+02
7.079228327228327089e+02
7.081728937728937581e+02
7.084229548229548072e+02
7.086730158730158564e+02
7.089230769230769056e+02
7.091731379731379548e+02
7.094231990231990039e+02
7.096732600732600531e+02
7.099233211233211023e+02
7.101733821733821514e+02
7.104234432234432006e+02
7.106735042735042498e+02
7.109235653235652990e+02
7.111736263736263481e+02
7.114236874236873973e+02
7.116737484737484465e+02
7.119238095238094957e+02
7.121738705738705448e+02
7.124239316239315940e+02
7.126739926739926432e+02
7.129240537240536923e+02
7.131741147741147415e+02
7.134241758241757907e+02
7.136742368742368399e+02
7.139242979242978890e+02
7.141743589743589382e+02
7.144244200244199874e+02
7.146744810744810366e+02
7.149245421245420857e+02
7.151746031746031349e+02
7.154246642246641841e+02
7.156747252747252332e+02
7.159247863247862824e+02
7.161748473748473316e+02
7.164249084249083808e+02
7.166749694749694299e+02
7.169250305250304791e+02
7.171750915750915283e+02
7.174251526251525775e+02
7.176752136752136266e+02
7.179252747252746758e+02
7.181753357753357250e+02
7.184253968253967741e+02
7.186754578754578233e+02
7.189255189255188725e+02
7.191755799755799217e+02
7.194256410256409708e+02
7.196757020757020200e+02
7.199257631257630692e+02
7.201758241758241184e+02
7.204258852258852812e+02
7.206759462759463304e+02
7.209260073260073796e+02
7.211760683760684287e+02
7.214261294261294779e+02
7.216761904761905271e+02
7.219262515262515763e+02
7.221763125763126254e+02
7.224263736263736746e+02
7.226764346764347238e+02
7.229264957264957729e+02
7.231765567765568221e+02
7.234266178266178713e+02
7.236766788766789205e+02
7.239267399267399696e+02
7.241768009768010188e+02
7.244268620268620680e+02
7.246769230769231172e+02
7.249269841269841663e+02
7.251770451770452155e+02
7.254271062271062647e+02
7.256771672771673138e+02
7.259272283272283630e+02
7.261772893772894122e+02
7.264273504273504614e+02
7.266774114774115105e+02
7.269274725274725597e+02
7.271775335775336089e+02
7.274275946275946580e+02
7.276776556776557072e+02
7.279277167277167564e+02
7.281777777777778056e+02
7.284278388278388547e+02
7.286778998778999039e+02
7.289279609279609531e+02
7.291780219780220023e+02
7.294280830280830514e+02
7.296781440781441006e+02
7.299282051282051498e+02
7.301782661782661989e+02
7.304283272283272481e+02
7.306783882783882973e+02
7.309284493284493465e+02
7.311785103785103956e+02
7.314285714285714448e+02
7.316786324786324940e+02
7.319286935286935432e+02
7.321787545787545923e+02
7.324288156288156415e+02
7.326788766788766907e+02
7.329289377289377398e+02
7.331789987789987890e+02
7.334290598290598382e+02
7.336791208791208874e+02
7.339291819291819365e+02
7.341792429792429857e+02
7.344293040293040349e+02
7.346793650793650841e+02
7.349294261294261332e+02
7.351794871794871824e+02
7.354295482295482316e+02
7.356796092796092807e+02
7.359296703296703299e+02
7.361797313797313791e+02
7.364297924297924283e+02
7.366798534798534774e+02
7.369299145299145266e+02
7.371799755799755758e+02
7.374300366300366250e+02
7.376800976800976741e+02
7.379301587301587233e+02
7.381802197802197725e+02
7.384302808302808216e+02
7.386803418803418708e+02
7.389304029304029200e+02
7.391804639804639692e+02
7.394305250305250183e+02
7.396805860805860675e+02
7.399306471306471167e+02
7.401807081807081659e+02
7.404307692307692150e+02
7.406808302808302642e+02
7.409308913308913134e+02
7.411809523809523625e+02
7.414310134310134117e+02
7.416810744810744609e+02
7.419311355311355101e+02
7.421811965811965592e+02
7.424312576312576084e+02
7.426813186813186576e+02
7.429313797313797068e+02
7.431814407814407559e+02
7.434315018315018051e+02
7.436815628815628543e+02
7.439316239316239034e+02
7.441816849816849526e+02
7.444317460317460018e+02
7.446818070818070510e+02
7.449318681318681001e+02
7.451819291819291493e+02
7.454319902319901985e+02
7.456820512820512477e+02
7.459321123321122968e+02
7.461821733821733460e+02
7.464322344322343952e+02
7.466822954822954443e+02
7.469323565323564935e+02
7.471824175824175427e+02
7.474324786324785919e+02
7.476825396825396410e+02
7.479326007326006902e+02
7.481826617826617394e+02
7.484327228327227886e+02
7.486827838827838377e+02
7.489328449328448869e+02
7.491829059829059361e+02
7.494329670329669852e+02
7.496830280830280344e+02
7.499330891330890836e+02
7.501831501831501328e+02
7.504332112332111819e+02
7.506832722832722311e+02
7.509333333333332803e+02
7.511833943833943295e+02
7.514334554334553786e+02
7.516835164835164278e+02
7.519335775335774770e+02
7.521836385836386398e+02
7.524336996336996890e+02
7.526837606837607382e+02
7.529338217338217873e+02
7.531838827838828365e+02
7.534339438339438857e+02
7.536840048840049349e+02
7.539340659340659840e+02
7.541841269841270332e+02
7.544341880341880824e+02
7.546842490842491316e+02
7.549343101343101807e+02
7.551843711843712299e+02
7.554344322344322791e+02
7.556844932844933282e+02
7.559345543345543774e+02
7.561846153846154266e+02
7.564346764346764758e+02
7.566847374847375249e+02
7.569347985347985741e+02
7.571848595848596233e+02
7.574349206349206725e+02
7.576849816849817216e+02
7.579350427350427708e+02
7.581851037851038200e+02
7.584351648351648691e+02
7.586852258852259183e+02
7.589352869352869675e+02
7.591853479853480167e+02
7.594354090354090658e+02
7.596854700854701150e+02
7.599355311355311642e+02
7.601855921855922134e+02
7.604356532356532625e+02
7.606857142857143117e+02
7.609357753357753609e+02
7.611858363858364100e+02
7.614358974358974592e+02
7.616859584859585084e+02
7.619360195360195576e+02
7.621860805860806067e+02
7.624361416361416559e+02
7.626862026862027051e+02
7.629362637362637543e+02
7.631863247863248034e+02
7.634363858363858526e+02
7.636864468864469018e+02
7.639365079365079509e+02
7.641865689865690001e+02
7.644366300366300493e+02
7.646866910866910985e+02
7.649367521367521476e+02
7.651868131868131968e+02
7.654368742368742460e+02
7.656869352869352952e+02
7.659369963369963443e+02
7.661870573870573935e+02
7.664371184371184427e+02
7.666871794871794918e+02
7.669372405372405410e+02
7.671873015873015902e+02
7.674373626373626394e+02
7.676874236874236885e+02
7.679374847374847377e+02
7.681875457875457869e+02
7.684376068376068361e+02
7.686876678876678852e+02
7.689377289377289344e+02
7.691877899877899836e+02
7.694378510378510327e+02
7.696879120879120819e+02
7.699379731379731311e+02
7.701880341880341803e+02
7.704380952380952294e+02
7.706881562881562786e+02
7.709382173382173278e+02
7.711882783882783770e+02
7.714383394383394261e+02
7.716884004884004753e+02
7.719384615384615245e+02
7.721885225885225736e+02
7.724385836385836228e+02
7.726886446886446720e+02
7.729387057387057212e+02
7.731887667887667703e+02
7.734388278388278195e+02
7.736888888888888687e+02
7.739389499389499179e+02
7.741890109890109670e+02
7.744390720390720162e+02
7.746891330891330654e+02
7.749391941391941145e+02
7.751892551892551637e+02
7.754393162393162129e+02
7.756893772893772621e+02
7.759394383394383112e+02
7.761894993894993604e+02
7.764395604395604096e+02
7.766896214896214587e+02
7.769396825396825079e+02
7.771897435897435571e+02
7.774398046398046063e+02
7.776898656898656554e+02
7.779399267399267046e+02
7.781899877899877538e+02
7.784400488400488030e+02
7.786901098901098521e+02
7.789401709401709013e+02
7.791902319902319505e+02
7.794402930402929996e+02
7.796903540903540488e+02
7.799404151404150980e+02
7.801904761904761472e+02
7.804405372405371963e+02
7.806905982905982455e+02
7.809406593406592947e+02
7.811907203907203439e+02
7.814407814407813930e+02
7.816908424908424422e+02
7.819409035409034914e+02
7.821909645909645405e+02
7.824410256410255897e+02
7.826910866910866389e+02
7.829411477411476881e+02
7.831912087912087372e+02
7.834412698412697864e+02
7.836913308913308356e+02
7.839413919413918848e+02
7.841914529914529339e+02
7.844415140415140968e+02
7.846915750915751460e+02
7.849416361416361951e+02
7.851916971916972443e+02
7.854417582417582935e+02
7.856918192918193427e+02
7.859418803418803918e+02
7.861919413919414410e+02
7.864420024420024902e+02
7.866920634920635393e+02
7.869421245421245885e+02
7.871921855921856377e+02
7.874422466422466869e+02
7.876923076923077360e+02
7.879423687423687852e+02
7.881924297924298344e+02
7.884424908424908836e+02
7.886925518925519327e+02
7.889426129426129819e+02
7.891926739926740311e+02
7.894427350427350802e+02
7.896927960927961294e+02
7.899428571428571786e+02
7.901929181929182278e+02
7.904429792429792769e+02
7.906930402930403261e+02
7.909431013431013753e+02
7.911931623931624245e+02
7.914432234432234736e+02
7.916932844932845228e+02
7.919433455433455720e+02
7.921934065934066211e+02
7.924434676434676703e+02
7.926935286935287195e+02
7.929435897435897687e+02
7.931936507936508178e+02
7.934437118437118670e+02
7.936937728937729162e+02
7.939438339438339653e+02
7.941938949938950145e+02
7.944439560439560637e+02
7.946940170940171129e+02
7.949440781440781620e+02
7.951941391941392112e+02
7.954442002442002604e+02
7.956942612942613096e+02
7.959443223443223587e+02
7.961943833943834079e+02
7.964444444444444571e+02
7.966945054945055062e+02
7.969445665445665554e+02
7.971946275946276046e+02
7.974446886446886538e+02
7.976947496947497029e+02
7.979448107448107521e+02
7.981948717948718013e+02
7.984449328449328505e+02
7.986949938949938996e+02
7.989450549450549488e+02
7.991951159951159980e+02
7.994451770451770471e+02
7.996952380952380963e+02
7.999452991452991455e+02
8.001953601953601947e+02
8.004454212454212438e+02
8.006954822954822930e+02
8.009455433455433422e+02
8.011956043956043914e+02
8.014456654456654405e+02
8.016957264957264897e+02
8.019457875457875389e+02
8.021958485958485880e+02
8.024459096459096372e+02
8.026959706959706864e+02
8.029460317460317356e+02
8.031960927960927847e+02
8.034461538461538339e+02
8.036962148962148831e+02
8.039462759462759323e+02
8.041963369963369814e+02
8.044463980463980306e+02
8.046964590964590798e+02
8.049465201465201289e+02
8.051965811965811781e+02
8.054466422466422273e+02
8.056967032967032765e+02
8.059467643467643256e+02
8.061968253968253748e+02
8.064468864468864240e+02
8.066969474969474732e+02
8.069470085470085223e+02
8.071970695970695715e+02
8.074471306471306207e+02
8.076971916971916698e+02
8.079472527472527190e+02
8.081973137973137682e+02
8.084473748473748174e+02
8.086974358974358665e+02
8.089474969474969157e+02
8.091975579975579649e+02
8.094476190476190141e+02
8.096976800976800632e+02
8.099477411477411124e+02
8.101978021978021616e+02
8.104478632478632107e+02
8.106979242979242599e+02
8.109479853479853091e+02
8.111980463980463583e+02
8.114481074481074074e+02
8.116981684981684566e+02
8.119482295482295058e+02
8.121982905982905550e+02
8.124483516483516041e+02
8.126984126984126533e+02
8.129484737484737025e+02
8.131985347985347516e+02
8.134485958485958008e+02
8.136986568986568500e+02
8.139487179487178992e+02
8.141987789987789483e+02
8.144488400488399975e+02
8.146989010989010467e+02
8.149489621489620959e+02
8.151990231990231450e+02
8.154490842490841942e+02
8.156991452991452434e+02
8.159492063492062925e+02
8.161992673992674554e+02
8.164493284493285046e+02
8.166993894993895537e+02
8.169494505494506029e+02
8.171995115995116521e+02
8.174495726495727013e+02
8.176996336996337504e+02
8.179496947496947996e+02
8.181997557997558488e+02
8.184498168498168980e+02
8.186998778998779471e+02
8.189499389499389963e+02
8.192000000000000455e+02
8.194500610500610946e+02
8.197001221001221438e+02
8.199501831501831930e+02
8.202002442002442422e+02
8.204503052503052913e+02
8.207003663003663405e+02
8.209504273504273897e+02
8.212004884004884389e+02
8.214505494505494880e+02
8.217006105006105372e+02
8.219506715506715864e+02
8.222007326007326355e+02
8.224507936507936847e+02
8.227008547008547339e+02
8.229509157509157831e+02
8.232009768009768322e+02
8.234510378510378814e+02
8.237010989010989306e+02
8.239511599511599798e+02
8.242012210012210289e+02
8.244512820512820781e+02
8.247013431013431273e+02
8.249514041514041764e+02
8.252014652014652256e+02
8.254515262515262748e+02
8.257015873015873240e+02
8.259516483516483731e+02
8.262017094017094223e+02
8.264517704517704715e+02
8.267018315018315207e+02
8.269518925518925698e+02
8.272019536019536190e+02
8.274520146520146682e+02
8.277020757020757173e+02
8.279521367521367665e+02
8.282021978021978157e+02
8.284522588522588649e+02
8.287023199023199140e+02
8.289523809523809632e+02
8.292024420024420124e+02
8.294525030525030616e+02
8.297025641025641107e+02
8.299526251526251599e+02
8.302026862026862091e+02
8.304527472527472582e+02
8.307028083028083074e+02
8.309528693528693566e+02
8.312029304029304058e+02
8.314529914529914549e+02
8.317030525030525041e+02
8.319531135531135533e+02
8.322031746031746025e+02
8.324532356532356516e+02
8.327032967032967008e+02
8.329533577533577500e+02
8.332034188034187991e+02
8.334534798534798483e+02
8.337035409035408975e+02
8.339536019536019467e+02
8.342036630036629958e+02
8.344537240537240450e+02
8.347037851037850942e+02
8.349538461538461434e+02
8.352039072039071925e+02
8.354539682539682417e+02
8.357040293040292909e+02
8.359540903540903400e+02
8.362041514041513892e+02
8.364542124542124384e+02
8.367042735042734876e+02
8.369543345543345367e+02
8.372043956043955859e+02
8.374544566544566351e+02
8.377045177045176843e+02
8.379545787545787334e+02
8.382046398046397826e+02
8.384547008547008318e+02
8.387047619047618809e+02
8.389548229548229301e+02
8.392048840048839793e+02
8.394549450549450285e+02
8.397050061050060776e+02
8.399550671550671268e+02
8.402051282051281760e+02
8.404551892551892252e+02
8.407052503052502743e+02
8.409553113553113235e+02
8.412053724053723727e+02
8.414554334554334218e+02
8.417054945054944710e+02
8.419555555555555202e+02
8.422056166056165694e+02
8.424556776556776185e+02
8.427057387057386677e+02
8.429557997557997169e+02
8.432058608058607660e+02
8.434559218559218152e+02
8.437059829059828644e+02
8.439560439560439136e+02
8.442061050061049627e+02
8.444561660561660119e+02
8.447062271062270611e+02
8.449562881562881103e+02
8.452063492063491594e+02
8.454564102564102086e+02
8.457064713064712578e+02
8.459565323565323069e+02
8.462065934065933561e+02
8.464566544566544053e+02
8.467067155067154545e+02
8.469567765567765036e+02
8.472068376068375528e+02
8.474568986568986020e+02
8.477069597069596512e+02
8.479570207570207003e+02
8.482070818070817495e+02
8.484571428571429124e+02
8.487072039072039615e+02
8.489572649572650107e+02
8.492073260073260599e+02
8.494573870573871091e+02
8.497074481074481582e+02
8.499575091575092074e+02
8.502075702075702566e+02
8.504576312576313057e+02
8.507076923076923549e+02
8.509577533577534041e+02
8.512078144078144533e+02
8.514578754578755024e+02
8.517079365079365516e+02
8.519579975579976008e+02
8.522080586080586500e+02
8.524581196581196991e+02
8.527081807081807483e+02
8.529582417582417975e+02
8.532083028083028466e+02
8.534583638583638958e+02
8.537084249084249450e+02
8.539584859584859942e+02
8.542085470085470433e+02
8.544586080586080925e+02
8.547086691086691417e+02
8.549587301587301909e+02
8.552087912087912400e+02
8.554588522588522892e+02
8.557089133089133384e+02
8.559589743589743875e+02
8.562090354090354367e+02
8.564590964590964859e+02
8.567091575091575351e+02
8.569592185592185842e+02
8.572092796092796334e+02
8.574593406593406826e+02
8.577094017094017318e+02
8.579594627594627809e+02
8.582095238095238301e+02
8.584595848595848793e+02
8.587096459096459284e+02
8.589597069597069776e+02
8.592097680097680268e+02
8.594598290598290760e+02
8.597098901098901251e+02
8.599599511599511743e+02
8.602100122100122235e+02
8.604600732600732726e+02
8.607101343101343218e+02
8.609601953601953710e+02
8.612102564102564202e+02
8.614603174603174693e+02
8.617103785103785185e+02
8.619604395604395677e+02
8.622105006105006169e+02
8.624605616605616660e+02
8.627106227106227152e+02
8.629606837606837644e+02
8.632107448107448135e+02
8.634608058608058627e+02
8.637108669108669119e+02
8.639609279609279611e+02
8.642109890109890102e+02
8.644610500610500594e+02
8.647111111111111086e+02
8.649611721611721578e+02
8.652112332112332069e+02
8.654612942612942561e+02
8.657113553113553053e+02
8.659614163614163544e+02
8.662114774114774036e+02
8.664615384615384528e+02
8.667115995115995020e+02
8.669616605616605511e+02
8.672117216117216003e+02
8.674617826617826495e+02
8.677118437118436987e+02
8.679619047619047478e+02
8.682119658119657970e+02
8.684620268620268462e+02
8.687120879120878953e+02
8.689621489621489445e+02
8.692122100122099937e+02
8.694622710622710429e+02
8.697123321123320920e+02
8.699623931623931412e+02
8.702124542124541904e+02
8.704625152625152396e+02
8.707125763125762887e+02
8.709626373626373379e+02
8.712126984126983871e+02
8.714627594627594362e+02
8.717128205128204854e+02
8.719628815628815346e+02
8.722129426129425838e+02
8.724630036630036329e+02
8.727130647130646821e+02
8.729631257631257313e+02
8.732131868131867805e+02
8.734632478632478296e+02
8.737133089133088788e+02
8.739633699633699280e+02
8.742134310134309771e+02
8.744634920634920263e+02
8.747135531135530755e+02
8.749636141636141247e+02
8.752136752136751738e+02
8.754637362637362230e+02
8.757137973137972722e+02
8.759638583638583214e+02
8.762139194139193705e+02
8.764639804639804197e+02
8.767140415140414689e+02
8.769641025641025180e+02
8.772141636141635672e+02
8.774642246642246164e+02
8.777142857142856656e+02
8.779643467643467147e+02
8.782144078144077639e+02
8.784644688644688131e+02
8.787145299145298623e+02
8.789645909645909114e+02
8.792146520146519606e+02
8.794647130647130098e+02
8.797147741147740589e+02
8.799648351648351081e+02
8.802148962148962710e+02
8.804649572649573201e+02
8.807150183150183693e+02
8.809650793650794185e+02
8.812151404151404677e+02
8.814652014652015168e+02
8.817152625152625660e+02
8.819653235653236152e+02
8.822153846153846644e+02
8.824654456654457135e+02
8.827155067155067627e+02
8.829655677655678119e+02
8.832156288156288610e+02
8.834656898656899102e+02
8.837157509157509594e+02
8.839658119658120086e+02
8.842158730158730577e+02
8.844659340659341069e+02
8.847159951159951561e+02
8.849660561660562053e+02
8.852161172161172544e+02
8.854661782661783036e+02
8.857162393162393528e+02
8.859663003663004019e+02
8.862163614163614511e+02
8.864664224664225003e+02
8.867164835164835495e+02
8.869665445665445986e+02
8.872166056166056478e+02
8.874666666666666970e+02
8.877167277167277462e+02
8.879667887667887953e+02
8.882168498168498445e+02
8.884669108669108937e+02
8.887169719169719428e+02
8.889670329670329920e+02
8.892170940170940412e+02
8.894671550671550904e+02
8.897172161172161395e+02
8.899672771672771887e+02
8.902173382173382379e+02
8.904673992673992871e+02
8.907174603174603362e+02
8.909675213675213854e+02
8.912175824175824346e+02
8.914676434676434837e+02
8.917177045177045329e+02
8.919677655677655821e+02
8.922178266178266313e+02
8.924678876678876804e+02
8.927179487179487296e+02
8.929680097680097788e+02
8.932180708180708280e+02
8.934681318681318771e+02
8.937181929181929263e+02
8.939682539682539755e+02
8.942183150183150246e+02
8.944683760683760738e+02
8.947184371184371230e+02
8.949684981684981722e+02
8.952185592185592213e+02
8.954686202686202705e+02
8.957186813186813197e+02
8.959687423687423689e+02
8.962188034188034180e+02
8.964688644688644672e+02
8.967189255189255164e+02
8.969689865689865655e+02
8.972190476190476147e+02
8.974691086691086639e+02
8.977191697191697131e+02
8.979692307692307622e+02
8.982192918192918114e+02
8.984693528693528606e+02
8.987194139194139098e+02
8.989694749694749589e+02
8.992195360195360081e+02
8.994695970695970573e+02
8.997196581196581064e+02
8.999697191697191556e+02
9.002197802197802048e+02
9.004698412698412540e+02
9.007199023199023031e+02
9.009699633699633523e+02
9.012200244200244015e+02
9.014700854700854507e+02
9.017201465201464998e+02
9.019702075702075490e+02
9.022202686202685982e+02
9.024703296703296473e+02
9.027203907203906965e+02
9.029704517704517457e+02
9.032205128205127949e+02
9.034705738705738440e+02
9.037206349206348932e+02
9.039706959706959424e+02
9.042207570207569916e+02
9.044708180708180407e+02
9.047208791208790899e+02
9.049709401709401391e+02
9.052210012210011882e+02
9.054710622710622374e+02
9.057211233211232866e+02
9.059711843711843358e+02
9.062212454212453849e+02
9.064713064713064341e+02
9.067213675213674833e+02
9.069714285714285325e+02
9.072214896214895816e+02
9.074715506715506308e+02
9.077216117216116800e+02
9.079716727716727291e+02
9.082217338217337783e+02
9.084717948717948275e+02
9.087218559218558767e+02
9.089719169719169258e+02
9.092219780219779750e+02
9.094720390720390242e+02
9.097221001221000733e+02
9.099721611721611225e+02
9.102222222222221717e+02
9.104722832722832209e+02
9.107223443223442700e+02
9.109724053724053192e+02
9.112224664224663684e+02
9.114725274725274176e+02
9.117225885225884667e+02
9.119726495726495159e+02
9.122227106227105651e+02
9.124727716727717279e+02
9.127228327228327771e+02
9.129728937728938263e+02
9.132229548229548755e+02
9.134730158730159246e+02
9.137230769230769738e+02
9.139731379731380230e+02
9.142231990231990721e+02
9.144732600732601213e+02
9.147233211233211705e+02
9.149733821733822197e+02
9.152234432234432688e+02
9.154735042735043180e+02
9.157235653235653672e+02
9.159736263736264164e+02
9.162236874236874655e+02
9.164737484737485147e+02
9.167238095238095639e+02
9.169738705738706130e+02
9.172239316239316622e+02
9.174739926739927114e+02
9.177240537240537606e+02
9.179741147741148097e+02
9.182241758241758589e+02
9.184742368742369081e+02
9.187242979242979573e+02
9.189743589743590064e+02
9.192244200244200556e+02
9.194744810744811048e+02
9.197245421245421539e+02
9.199746031746032031e+02
9.202246642246642523e+02
9.204747252747253015e+02
9.207247863247863506e+02
9.209748473748473998e+02
9.212249084249084490e+02
9.214749694749694982e+02
9.217250305250305473e+02
9.219750915750915965e+02
9.222251526251526457e+02
9.224752136752136948e+02
9.227252747252747440e+02
9.229753357753357932e+02
9.232253968253968424e+02
9.234754578754578915e+02
9.237255189255189407e+02
9.239755799755799899e+02
9.242256410256410391e+02
9.244757020757020882e+02
9.247257631257631374e+02
9.249758241758241866e+02
9.252258852258852357e+02
9.254759462759462849e+02
9.257260073260073341e+02
9.259760683760683833e+02
9.262261294261294324e+02
9.264761904761904816e+02
9.267262515262515308e+02
9.269763125763125799e+02
9.272263736263736291e+02
9.274764346764346783e+02
9.277264957264957275e+02
9.279765567765567766e+02
9.282266178266178258e+02
9.284766788766788750e+02
9.287267399267399242e+02
9.289768009768009733e+02
9.292268620268620225e+02
9.294769230769230717e+02
9.297269841269841208e+02
9.299770451770451700e+02
9.302271062271062192e+02
9.304771672771672684e+02
9.307272283272283175e+02
9.309772893772893667e+02
9.312273504273504159e+02
9.314774114774114651e+02
9.317274725274725142e+02
9.319775335775335634e+02
9.322275946275946126e+02
9.324776556776556617e+02
9.327277167277167109e+02
9.329777777777777601e+02
9.332278388278388093e+02
9.334778998778998584e+02
9.337279609279609076e+02
9.339780219780219568e+02
9.342280830280830060e+02
9.344781440781440551e+02
9.347282051282051043e+02
9.349782661782661535e+02
9.352283272283272026e+02
9.354783882783882518e+02
9.357284493284493010e+02
9.359785103785103502e+02
9.362285714285713993e+02
9.364786324786324485e+02
9.367286935286934977e+02
9.369787545787545469e+02
9.372288156288155960e+02
9.374788766788766452e+02
9.377289377289376944e+02
9.379789987789987435e+02
9.382290598290597927e+02
9.384791208791208419e+02
9.387291819291818911e+02
9.389792429792429402e+02
9.392293040293039894e+02
9.394793650793650386e+02
9.397294261294260878e+02
9.399794871794871369e+02
9.402295482295481861e+02
9.404796092796092353e+02
9.407296703296702844e+02
9.409797313797313336e+02
9.412297924297923828e+02
9.414798534798534320e+02
9.417299145299144811e+02
9.419799755799755303e+02
9.422300366300365795e+02
9.424800976800976287e+02
9.427301587301586778e+02
9.429802197802197270e+02
9.432302808302807762e+02
9.434803418803418253e+02
9.437304029304028745e+02
9.439804639804639237e+02
9.442305250305250865e+02
9.444805860805861357e+02
9.447306471306471849e+02
9.449807081807082341e+02
9.452307692307692832e+02
9.454808302808303324e+02
9.457308913308913816e+02
9.459809523809524308e+02
9.462310134310134799e+02
9.464810744810745291e+02
9.467311355311355783e+02
9.469811965811966274e+02
9.472312576312576766e+02
9.474813186813187258e+02
9.477313797313797750e+02
9.479814407814408241e+02
9.482315018315018733e+02
9.484815628815629225e+02
9.487316239316239717e+02
9.489816849816850208e+02
9.492317460317460700e+02
9.494818070818071192e+02
9.497318681318681683e+02
9.499819291819292175e+02
9.502319902319902667e+02
9.504820512820513159e+02
9.507321123321123650e+02
9.509821733821734142e+02
9.512322344322344634e+02
9.514822954822955126e+02
9.517323565323565617e+02
9.519824175824176109e+02
9.522324786324786601e+02
9.524825396825397092e+02
9.527326007326007584e+02
9.529826617826618076e+02
9.532327228327228568e+02
9.534827838827839059e+02
9.537328449328449551e+02
9.539829059829060043e+02
9.542329670329670535e+02
9.544830280830281026e+02
9.547330891330891518e+02
9.549831501831502010e+02
9.552332112332112501e+02
9.554832722832722993e+02
9.557333333333333485e+02
9.559833943833943977e+02
9.562334554334554468e+02
9.564835164835164960e+02
9.567335775335775452e+02
9.569836385836385944e+02
9.572336996336996435e+02
9.574837606837606927e+02
9.577338217338217419e+02
9.579838827838827910e+02
9.582339438339438402e+02
9.584840048840048894e+02
9.587340659340659386e+02
9.589841269841269877e+02
9.592341880341880369e+02
9.594842490842490861e+02
9.597343101343101353e+02
9.599843711843711844e+02
9.602344322344322336e+02
9.604844932844932828e+02
9.607345543345543319e+02
9.609846153846153811e+02
9.612346764346764303e+02
9.614847374847374795e+02
9.617347985347985286e+02
9.619848595848595778e+02
9.622349206349206270e+02
9.624849816849816762e+02
9.627350427350427253e+02
9.629851037851037745e+02
9.632351648351648237e+02
9.634852258852258728e+02
9.637352869352869220e+02
9.639853479853479712e+02
9.642354090354090204e+02
9.644854700854700695e+02
9.647355311355311187e+02
9.649855921855921679e+02
9.652356532356532171e+02
9.654857142857142662e+02
9.657357753357753154e+02
9.659858363858363646e+02
9.662358974358974137e+02
9.664859584859584629e+02
9.667360195360195121e+02
9.669860805860805613e+02
9.672361416361416104e+02
9.674862026862026596e+02
9.677362637362637088e+02
9.679863247863247580e+02
9.682363858363858071e+02
9.684864468864468563e+02
9.687365079365079055e+02
9.689865689865689546e+02
9.692366300366300038e+02
9.694866910866910530e+02
9.697367521367521022e+02
9.699868131868131513e+02
9.702368742368742005e+02
9.704869352869352497e+02
9.707369963369962989e+02
9.709870573870573480e+02
9.712371184371183972e+02
9.714871794871794464e+02
9.717372405372404955e+02
9.719873015873015447e+02
9.722373626373625939e+02
9.724874236874236431e+02
9.727374847374846922e+02
9.729875457875457414e+02
9.732376068376067906e+02
9.734876678876678398e+02
9.737377289377288889e+02
9.739877899877899381e+02
9.742378510378509873e+02
9.744879120879120364e+02
9.747379731379730856e+02
9.749880341880341348e+02
9.752380952380951840e+02
9.754881562881562331e+02
9.757382173382172823e+02
9.759882783882783315e+02
9.762383394383393806e+02
9.764884004884005435e+02
9.767384615384615927e+02
9.769885225885226419e+02
9.772385836385836910e+02
9.774886446886447402e+02
9.777387057387057894e+02
9.779887667887668385e+02
9.782388278388278877e+02
9.784888888888889369e+02
9.787389499389499861e+02
9.789890109890110352e+02
9.792390720390720844e+02
9.794891330891331336e+02
9.797391941391941828e+02
9.799892551892552319e+02
9.802393162393162811e+02
9.804893772893773303e+02
9.807394383394383794e+02
9.809894993894994286e+02
9.812395604395604778e+02
9.814896214896215270e+02
9.817396825396825761e+02
9.819897435897436253e+02
9.822398046398046745e+02
9.824898656898657237e+02
9.827399267399267728e+02
9.829899877899878220e+02
9.832400488400488712e+02
9.834901098901099203e+02
9.837401709401709695e+02
9.839902319902320187e+02
9.842402930402930679e+02
9.844903540903541170e+02
9.847404151404151662e+02
9.849904761904762154e+02
9.852405372405372646e+02
9.854905982905983137e+02
9.857406593406593629e+02
9.859907203907204121e+02
9.862407814407814612e+02
9.864908424908425104e+02
9.867409035409035596e+02
9.869909645909646088e+02
9.872410256410256579e+02
9.874910866910867071e+02
9.877411477411477563e+02
9.879912087912088055e+02
9.882412698412698546e+02
9.884913308913309038e+02
9.887413919413919530e+02
9.889914529914530021e+02
9.892415140415140513e+02
9.894915750915751005e+02
9.897416361416361497e+02
9.899916971916971988e+02
9.902417582417582480e+02
9.904918192918192972e+02
9.907418803418803464e+02
9.909919413919413955e+02
9.912420024420024447e+02
9.914920634920634939e+02
9.917421245421245430e+02
9.919921855921855922e+02
9.922422466422466414e+02
9.924923076923076906e+02
9.927423687423687397e+02
9.929924297924297889e+02
9.932424908424908381e+02
9.934925518925518872e+02
9.937426129426129364e+02
9.939926739926739856e+02
9.942427350427350348e+02
9.944927960927960839e+02
9.947428571428571331e+02
9.949929181929181823e+02
9.952429792429792315e+02
9.954930402930402806e+02
9.957431013431013298e+02
9.959931623931623790e+02
9.962432234432234281e+02
9.964932844932844773e+02
9.967433455433455265e+02
9.969934065934065757e+02
9.972434676434676248e+02
9.974935286935286740e+02
9.977435897435897232e+02
9.979936507936507724e+02
9.982437118437118215e+02
9.984937728937728707e+02
9.987438339438339199e+02
9.989938949938949690e+02
9.992439560439560182e+02
9.994940170940170674e+02
9.997440781440781166e+02
9.999941391941391657e+02
1.000244200244200215e+03
1.000494261294261264e+03
1.000744322344322313e+03
1.000994383394383362e+03
1.001244444444444412e+03
1.001494505494505461e+03
1.001744566544566510e+03
1.001994627594627559e+03
1.002244688644688608e+03
1.002494749694749657e+03
1.002744810744810707e+03
1.002994871794871756e+03
1.003244932844932805e+03
1.003494993894993854e+03
1.003745054945054903e+03
1.003995115995115953e+03
1.004245177045177002e+03
1.004495238095238051e+03
1.004745299145299100e+03
1.004995360195360149e+03
1.005245421245421198e+03
1.005495482295482248e+03
1.005745543345543297e+03
1.005995604395604346e+03
1.006245665445665395e+03
1.006495726495726444e+03
1.006745787545787493e+03
1.006995848595848543e+03
1.007245909645909592e+03
1.007495970695970641e+03
1.007746031746031690e+03
1.007996092796092739e+03
1.008246153846153902e+03
1.008496214896214951e+03
1.008746275946276000e+03
1.008996336996337050e+03
1.009246398046398099e+03
1.009496459096459148e+03
1.009746520146520197e+03
1.009996581196581246e+03
1.010246642246642296e+03
1.010496703296703345e+03
1.010746764346764394e+03
1.010996825396825443e+03
1.011246886446886492e+03
1.011496947496947541e+03
1.011747008547008591e+03
1.011997069597069640e+03
1.012247130647130689e+03
1.012497191697191738e+03
1.012747252747252787e+03
1.012997313797313836e+03
1.013247374847374886e+03
1.013497435897435935e+03
1.013747496947496984e+03
1.013997557997558033e+03
1.014247619047619082e+03
1.014497680097680131e+03
1.014747741147741181e+03
1.014997802197802230e+03
1.015247863247863279e+03
1.015497924297924328e+03
1.015747985347985377e+03
1.015998046398046426e+03
1.016248107448107476e+03
1.016498168498168525e+03
1.016748229548229574e+03
1.016998290598290623e+03
1.017248351648351672e+03
1.017498412698412722e+03
1.017748473748473771e+03
1.017998534798534820e+03
1.018248595848595869e+03
1.018498656898656918e+03
1.018748717948717967e+03
1.018998778998779017e+03
1.019248840048840066e+03
1.019498901098901115e+03
1.019748962148962164e+03
1.019999023199023213e+03
1.020249084249084262e+03
1.020499145299145312e+03
1.020749206349206361e+03
1.020999267399267410e+03
1.021249328449328459e+03
1.021499389499389508e+03
1.021749450549450557e+03
1.021999511599511607e+03
1.022249572649572656e+03
1.022499633699633705e+03
1.022749694749694754e+03
1.022999755799755803e+03
1.023249816849816852e+03
1.023499877899877902e+03
1.023749938949938951e+03
1.024000000000000000e+03
1.024250061050061049e+03
1.024500122100122098e+03
1.024750183150183148e+03
1.025000244200244197e+03
1.025250305250305246e+03
1.025500366300366295e+03
1.025750427350427344e+03
1.026000488400488393e+03
1.026250549450549443e+03
1.026500610500610492e+03
1.026750671550671541e+03
1.027000732600732590e+03
1.027250793650793639e+03
1.027500854700854688e+03
1.027750915750915738e+03
1.028000976800976787e+03
1.028251037851037836e+03
1.028501098901098885e+03
1.028751159951159934e+03
1.029001221001220983e+03
1.029251282051282033e+03
1.029501343101343082e+03
1.029751404151404131e+03
1.030001465201465180e+03
1.030251526251526229e+03
1.030501587301587278e+03
1.030751648351648328e+03
1.031001709401709377e+03
1.031251770451770426e+03
1.031501831501831475e+03
1.031751892551892524e+03
1.032001953601953574e+03
1.032252014652014623e+03
1.032502075702075672e+03
1.032752136752136721e+03
1.033002197802197770e+03
1.033252258852258819e+03
1.033502319902319869e+03
1.033752380952380918e+03
1.034002442002441967e+03
1.034252503052503016e+03
1.034502564102564065e+03
1.034752625152625114e+03
1.035002686202686164e+03
1.035252747252747213e+03
1.035502808302808262e+03
1.035752869352869311e+03
1.036002930402930360e+03
1.036252991452991409e+03
1.036503052503052459e+03
1.036753113553113508e+03
1.037003174603174557e+03
1.037253235653235606e+03
1.037503296703296655e+03
1.037753357753357704e+03
1.038003418803418754e+03
1.038253479853479803e+03
1.038503540903540852e+03
1.038753601953601901e+03
1.039003663003662950e+03
1.039253724053724000e+03
1.039503785103785049e+03
1.039753846153846098e+03
1.040003907203907147e+03
1.040253968253968196e+03
1.040504029304029245e+03
1.040754090354090295e+03
1.041004151404151344e+03
1.041254212454212393e+03
1.041504273504273442e+03
1.041754334554334491e+03
1.042004395604395540e+03
1.042254456654456590e+03
1.042504517704517639e+03
1.042754578754578688e+03
1.043004639804639737e+03
1.043254700854700786e+03
1.043504761904761835e+03
1.043754822954822885e+03
1.044004884004883934e+03
1.044254945054944983e+03
1.044505006105006032e+03
1.044755067155067081e+03
1.045005128205128131e+03
1.045255189255189180e+03
1.045505250305250229e+03
1.045755311355311278e+03
1.046005372405372327e+03
1.046255433455433376e+03
1.046505494505494426e+03
1.046755555555555475e+03
1.047005616605616524e+03
1.047255677655677573e+03
1.047505738705738622e+03
1.047755799755799671e+03
1.048005860805860721e+03
1.048255921855921770e+03
1.048505982905982819e+03
1.048756043956043868e+03
1.049006105006104917e+03
1.049256166056165966e+03
1.049506227106227016e+03
1.049756288156288065e+03
1.050006349206349114e+03
1.050256410256410163e+03
1.050506471306471212e+03
1.050756532356532261e+03
1.051006593406593311e+03
1.051256654456654360e+03
1.051506715506715409e+03
1.051756776556776458e+03
1.052006837606837507e+03
1.052256898656898557e+03
1.052506959706959606e+03
1.052757020757020655e+03
1.053007081807081704e+03
1.053257142857142753e+03
1.053507203907203802e+03
1.053757264957264852e+03
1.054007326007325901e+03
1.054257387057386950e+03
1.054507448107447999e+03
1.054757509157509048e+03
1.055007570207570097e+03
1.055257631257631147e+03
1.055507692307692196e+03
1.055757753357753245e+03
1.056007814407814294e+03
1.056257875457875343e+03
1.056507936507936620e+03
1.056757997557997669e+03
1.057008058608058718e+03
1.057258119658119767e+03
1.057508180708180817e+03
1.057758241758241866e+03
1.058008302808302915e+03
1.058258363858363964e+03
1.058508424908425013e+03
1.058758485958486062e+03
1.059008547008547112e+03
1.059258608058608161e+03
1.059508669108669210e+03
1.059758730158730259e+03
1.060008791208791308e+03
1.060258852258852357e+03
1.060508913308913407e+03
1.060758974358974456e+03
1.061009035409035505e+03
1.061259096459096554e+03
1.061509157509157603e+03
1.061759218559218652e+03
1.062009279609279702e+03
1.062259340659340751e+03
1.062509401709401800e+03
1.062759462759462849e+03
1.063009523809523898e+03
1.063259584859584947e+03
1.063509645909645997e+03
1.063759706959707046e+03
1.064009768009768095e+03
1.064259829059829144e+03
1.064509890109890193e+03
1.064759951159951243e+03
1.065010012210012292e+03
1.065260073260073341e+03
1.065510134310134390e+03
1.065760195360195439e+03
1.066010256410256488e+03
1.066260317460317538e+03
1.066510378510378587e+03
1.066760439560439636e+03
1.067010500610500685e+03
1.067260561660561734e+03
1.067510622710622783e+03
1.067760683760683833e+03
1.068010744810744882e+03
1.068260805860805931e+03
1.068510866910866980e+03
1.068760927960928029e+03
1.069010989010989078e+03
1.069261050061050128e+03
1.069511111111111177e+03
1.069761172161172226e+03
1.070011233211233275e+03
1.070261294261294324e+03
1.070511355311355373e+03
1.070761416361416423e+03
1.071011477411477472e+03
1.071261538461538521e+03
1.071511599511599570e+03
1.071761660561660619e+03
1.072011721611721669e+03
1.072261782661782718e+03
1.072511843711843767e+03
1.072761904761904816e+03
1.073011965811965865e+03
1.073262026862026914e+03
1.073512087912087964e+03
1.073762148962149013e+03
1.074012210012210062e+03
1.074262271062271111e+03
1.074512332112332160e+03
1.074762393162393209e+03
1.075012454212454259e+03
1.075262515262515308e+03
1.075512576312576357e+03
1.075762637362637406e+03
1.076012698412698455e+03
1.076262759462759504e+03
1.076512820512820554e+03
1.076762881562881603e+03
1.077012942612942652e+03
1.077263003663003701e+03
1.077513064713064750e+03
1.077763125763125799e+03
1.078013186813186849e+03
1.078263247863247898e+03
1.078513308913308947e+03
1.078763369963369996e+03
1.079013431013431045e+03
1.079263492063492095e+03
1.079513553113553144e+03
1.079763614163614193e+03
1.080013675213675242e+03
1.080263736263736291e+03
1.080513797313797340e+03
1.080763858363858390e+03
1.081013919413919439e+03
1.081263980463980488e+03
1.081514041514041537e+03
1.081764102564102586e+03
1.082014163614163635e+03
1.082264224664224685e+03
1.082514285714285734e+03
1.082764346764346783e+03
1.083014407814407832e+03
1.083264468864468881e+03
1.083514529914529930e+03
1.083764590964590980e+03
1.084014652014652029e+03
1.084264713064713078e+03
1.084514774114774127e+03
1.084764835164835176e+03
1.085014896214896226e+03
1.085264957264957275e+03
1.085515018315018324e+03
1.085765079365079373e+03
1.086015140415140422e+03
1.086265201465201471e+03
1.086515262515262521e+03
1.086765323565323570e+03
1.087015384615384619e+03
1.087265445665445668e+03
1.087515506715506717e+03
1.087765567765567766e+03
1.088015628815628816e+03
1.088265689865689865e+03
1.088515750915750914e+03
1.088765811965811963e+03
1.089015873015873012e+03
1.089265934065934061e+03
1.089515995115995111e+03
1.089766056166056160e+03
1.090016117216117209e+03
1.090266178266178258e+03
1.090516239316239307e+03
1.090766300366300356e+03
1.091016361416361406e+03
1.091266422466422455e+03
1.091516483516483504e+03
1.091766544566544553e+03
1.092016605616605602e+03
1.092266666666666652e+03
1.092516727716727701e+03
1.092766788766788750e+03
1.093016849816849799e+03
1.093266910866910848e+03
1.093516971916971897e+03
1.093767032967032947e+03
1.094017094017093996e+03
1.094267155067155045e+03
1.094517216117216094e+03
1.094767277167277143e+03
1.095017338217338192e+03
1.095267399267399242e+03
1.095517460317460291e+03
1.095767521367521340e+03
1.096017582417582389e+03
1.096267643467643438e+03
1.096517704517704487e+03
1.096767765567765537e+03
1.097017826617826586e+03
1.097267887667887635e+03
1.097517948717948684e+03
1.097768009768009733e+03
1.098018070818070782e+03
1.098268131868131832e+03
1.098518192918192881e+03
1.098768253968253930e+03
1.099018315018314979e+03
1.099268376068376028e+03
1.099518437118437078e+03
1.099768498168498127e+03
1.100018559218559176e+03
1.100268620268620225e+03
1.100518681318681274e+03
1.100768742368742323e+03
1.101018803418803373e+03
1.101268864468864422e+03
1.101518925518925471e+03
1.101768986568986520e+03
1.102019047619047569e+03
1.102269108669108618e+03
1.102519169719169668e+03
1.102769230769230717e+03
1.103019291819291766e+03
1.103269352869352815e+03
1.103519413919413864e+03
1.103769474969474913e+03
1.104019536019535963e+03
1.104269597069597012e+03
1.104519658119658061e+03
1.104769719169719110e+03
1.105019780219780159e+03
1.105269841269841208e+03
1.105519902319902258e+03
1.105769963369963307e+03
1.106020024420024356e+03
1.106270085470085405e+03
1.106520146520146454e+03
1.106770207570207504e+03
1.107020268620268553e+03
1.107270329670329602e+03
1.107520390720390651e+03
1.107770451770451700e+03
1.108020512820512749e+03
1.108270573870573799e+03
1.108520634920634848e+03
1.108770695970695897e+03
1.109020757020756946e+03
1.109270818070817995e+03
1.109520879120879044e+03
1.109770940170940094e+03
1.110021001221001143e+03
1.110271062271062192e+03
1.110521123321123241e+03
1.110771184371184290e+03
1.111021245421245339e+03
1.111271306471306389e+03
1.111521367521367438e+03
1.111771428571428487e+03
1.112021489621489536e+03
1.112271550671550585e+03
1.112521611721611634e+03
1.112771672771672684e+03
1.113021733821733733e+03
1.113271794871794782e+03
1.113521855921855831e+03
1.113771916971916880e+03
1.114021978021977930e+03
1.114272039072038979e+03
1.114522100122100028e+03
1.114772161172161077e+03
1.115022222222222126e+03
1.115272283272283175e+03
1.115522344322344225e+03
1.115772405372405274e+03
1.116022466422466323e+03
1.116272527472527372e+03
1.116522588522588421e+03
1.116772649572649470e+03
1.117022710622710520e+03
1.117272771672771569e+03
1.117522832722832618e+03
1.117772893772893667e+03
1.118022954822954716e+03
1.118273015873015765e+03
1.118523076923076815e+03
1.118773137973137864e+03
1.119023199023198913e+03
1.119273260073259962e+03
1.119523321123321011e+03
1.119773382173382061e+03
1.120023443223443110e+03
1.120273504273504386e+03
1.120523565323565435e+03
1.120773626373626485e+03
1.121023687423687534e+03
1.121273748473748583e+03
1.121523809523809632e+03
1.121773870573870681e+03
1.122023931623931730e+03
1.122273992673992780e+03
1.122524053724053829e+03
1.122774114774114878e+03
1.123024175824175927e+03
1.123274236874236976e+03
1.123524297924298025e+03
1.123774358974359075e+03
1.124024420024420124e+03
1.124274481074481173e+03
1.124524542124542222e+03
1.124774603174603271e+03
1.125024664224664320e+03
1.125274725274725370e+03
1.125524786324786419e+03
1.125774847374847468e+03
1.126024908424908517e+03
1.126274969474969566e+03
1.126525030525030616e+03
1.126775091575091665e+03
1.127025152625152714e+03
1.127275213675213763e+03
1.127525274725274812e+03
1.127775335775335861e+03
1.128025396825396911e+03
1.128275457875457960e+03
1.128525518925519009e+03
1.128775579975580058e+03
1.129025641025641107e+03
1.129275702075702156e+03
1.129525763125763206e+03
1.129775824175824255e+03
1.130025885225885304e+03
1.130275946275946353e+03
1.130526007326007402e+03
1.130776068376068451e+03
1.131026129426129501e+03
1.131276190476190550e+03
1.131526251526251599e+03
1.131776312576312648e+03
1.132026373626373697e+03
1.132276434676434747e+03
1.132526495726495796e+03
1.132776556776556845e+03
1.133026617826617894e+03
1.133276678876678943e+03
1.133526739926739992e+03
1.133776800976801042e+03
1.134026862026862091e+03
1.134276923076923140e+03
1.134526984126984189e+03
1.134777045177045238e+03
1.135027106227106287e+03
1.135277167277167337e+03
1.135527228327228386e+03
1.135777289377289435e+03
1.136027350427350484e+03
1.136277411477411533e+03
1.136527472527472582e+03
1.136777533577533632e+03
1.137027594627594681e+03
1.137277655677655730e+03
1.137527716727716779e+03
1.137777777777777828e+03
1.138027838827838877e+03
1.138277899877899927e+03
1.138527960927960976e+03
1.138778021978022025e+03
1.139028083028083074e+03
1.139278144078144123e+03
1.139528205128205173e+03
1.139778266178266222e+03
1.140028327228327271e+03
1.140278388278388320e+03
1.140528449328449369e+03
1.140778510378510418e+03
1.141028571428571468e+03
1.141278632478632517e+03
1.141528693528693566e+03
1.141778754578754615e+03
1.142028815628815664e+03
1.142278876678876713e+03
1.142528937728937763e+03
1.142778998778998812e+03
1.143029059829059861e+03
1.143279120879120910e+03
1.143529181929181959e+03
1.143779242979243008e+03
1.144029304029304058e+03
1.144279365079365107e+03
1.144529426129426156e+03
1.144779487179487205e+03
1.145029548229548254e+03
1.145279609279609303e+03
1.145529670329670353e+03
1.145779731379731402e+03
1.146029792429792451e+03
1.146279853479853500e+03
1.146529914529914549e+03
1.146779975579975599e+03
1.147030036630036648e+03
1.147280097680097697e+03
1.147530158730158746e+03
1.147780219780219795e+03
1.148030280830280844e+03
1.148280341880341894e+03
1.148530402930402943e+03
1.148780463980463992e+03
1.149030525030525041e+03
1.149280586080586090e+03
1.149530647130647139e+03
1.149780708180708189e+03
1.150030769230769238e+03
1.150280830280830287e+03
1.150530891330891336e+03
1.150780952380952385e+03
1.151031013431013434e+03
1.151281074481074484e+03
1.151531135531135533e+03
1.151781196581196582e+03
1.152031257631257631e+03
1.152281318681318680e+03
1.152531379731379729e+03
1.152781440781440779e+03
1.153031501831501828e+03
1.153281562881562877e+03
1.153531623931623926e+03
1.153781684981684975e+03
1.154031746031746025e+03
1.154281807081807074e+03
1.154531868131868123e+03
1.154781929181929172e+03
1.155031990231990221e+03
1.155282051282051270e+03
1.155532112332112320e+03
1.155782173382173369e+03
1.156032234432234418e+03
1.156282295482295467e+03
1.156532356532356516e+03
1.156782417582417565e+03
1.157032478632478615e+03
1.157282539682539664e+03
1.157532600732600713e+03
1.157782661782661762e+03
1.158032722832722811e+03
1.158282783882783860e+03
1.158532844932844910e+03
1.158782905982905959e+03
1.159032967032967008e+03
1.159283028083028057e+03
1.159533089133089106e+03
1.159783150183150155e+03
1.160033211233211205e+03
1.160283272283272254e+03
1.160533333333333303e+03
1.160783394383394352e+03
1.161033455433455401e+03
1.161283516483516451e+03
1.161533577533577500e+03
1.161783638583638549e+03
1.162033699633699598e+03
1.162283760683760647e+03
1.162533821733821696e+03
1.162783882783882746e+03
1.163033943833943795e+03
1.163284004884004844e+03
1.163534065934065893e+03
1.163784126984126942e+03
1.164034188034187991e+03
1.164284249084249041e+03
1.164534310134310090e+03
1.164784371184371139e+03
1.165034432234432188e+03
1.165284493284493237e+03
1.165534554334554286e+03
1.165784615384615336e+03
1.166034676434676385e+03
1.166284737484737434e+03
1.166534798534798483e+03
1.166784859584859532e+03
1.167034920634920582e+03
1.167284981684981631e+03
1.167535042735042680e+03
1.167785103785103729e+03
1.168035164835164778e+03
1.168285225885225827e+03
1.168535286935286877e+03
1.168785347985347926e+03
1.169035409035408975e+03
1.169285470085470024e+03
1.169535531135531073e+03
1.169785592185592122e+03
1.170035653235653172e+03
1.170285714285714221e+03
1.170535775335775270e+03
1.170785836385836319e+03
1.171035897435897368e+03
1.171285958485958417e+03
1.171536019536019467e+03
1.171786080586080516e+03
1.172036141636141565e+03
1.172286202686202614e+03
1.172536263736263663e+03
1.172786324786324712e+03
1.173036385836385762e+03
1.173286446886446811e+03
1.173536507936507860e+03
1.173786568986568909e+03
1.174036630036629958e+03
1.174286691086691008e+03
1.174536752136752057e+03
1.174786813186813106e+03
1.175036874236874155e+03
1.175286935286935204e+03
1.175536996336996253e+03
1.175787057387057303e+03
1.176037118437118352e+03
1.176287179487179401e+03
1.176537240537240450e+03
1.176787301587301499e+03
1.177037362637362548e+03
1.177287423687423598e+03
1.177537484737484647e+03
1.177787545787545696e+03
1.178037606837606745e+03
1.178287667887667794e+03
1.178537728937728843e+03
1.178787789987789893e+03
1.179037851037850942e+03
1.179287912087911991e+03
1.179537973137973040e+03
1.179788034188034089e+03
1.180038095238095138e+03
1.180288156288156188e+03
1.180538217338217237e+03
1.180788278388278286e+03
1.181038339438339335e+03
1.181288400488400384e+03
1.181538461538461434e+03
1.181788522588522483e+03
1.182038583638583532e+03
1.182288644688644581e+03
1.182538705738705630e+03
1.182788766788766679e+03
1.183038827838827729e+03
1.183288888888888778e+03
1.183538949938949827e+03
1.183789010989010876e+03
1.184039072039071925e+03
1.184289133089132974e+03
1.184539194139194251e+03
1.184789255189255300e+03
1.185039316239316349e+03
1.185289377289377398e+03
1.185539438339438448e+03
1.185789499389499497e+03
1.186039560439560546e+03
1.186289621489621595e+03
1.186539682539682644e+03
1.186789743589743694e+03
1.187039804639804743e+03
1.187289865689865792e+03
1.187539926739926841e+03
1.187789987789987890e+03
1.188040048840048939e+03
1.188290109890109989e+03
1.188540170940171038e+03
1.188790231990232087e+03
1.189040293040293136e+03
1.189290354090354185e+03
1.189540415140415234e+03
1.189790476190476284e+03
1.190040537240537333e+03
1.190290598290598382e+03
1.190540659340659431e+03
1.190790720390720480e+03
1.191040781440781529e+03
1.191290842490842579e+03
1.191540903540903628e+03
1.191790964590964677e+03
1.192041025641025726e+03
1.192291086691086775e+03
1.192541147741147824e+03
1.192791208791208874e+03
1.193041269841269923e+03
1.193291330891330972e+03
1.193541391941392021e+03
1.193791452991453070e+03
1.194041514041514120e+03
1.194291575091575169e+03
1.194541636141636218e+03
1.194791697191697267e+03
1.195041758241758316e+03
1.195291819291819365e+03
1.195541880341880415e+03
1.195791941391941464e+03
1.196042002442002513e+03
1.196292063492063562e+03
1.196542124542124611e+03
1.196792185592185660e+03
1.197042246642246710e+03
1.197292307692307759e+03
1.197542368742368808e+03
1.197792429792429857e+03
1.198042490842490906e+03
1.198292551892551955e+03
1.198542612942613005e+03
1.198792673992674054e+03
1.199042735042735103e+03
1.199292796092796152e+03
1.199542857142857201e+03
1.199792918192918250e+03
1.200042979242979300e+03
1.200293040293040349e+03
1.200543101343101398e+03
1.200793162393162447e+03
1.201043223443223496e+03
1.201293284493284546e+03
1.201543345543345595e+03
1.201793406593406644e+03
1.202043467643467693e+03
1.202293528693528742e+03
1.202543589743589791e+03
1.202793650793650841e+03
1.203043711843711890e+03
1.203293772893772939e+03
1.203543833943833988e+03
1.203793894993895037e+03
1.204043956043956086e+03
1.204294017094017136e+03
1.204544078144078185e+03
1.204794139194139234e+03
1.205044200244200283e+03
1.205294261294261332e+03
1.205544322344322381e+03
1.205794383394383431e+03
1.206044444444444480e+03
1.206294505494505529e+03
1.206544566544566578e+03
1.206794627594627627e+03
1.207044688644688677e+03
1.207294749694749726e+03
1.207544810744810775e+03
1.207794871794871824e+03
1.208044932844932873e+03
1.208294993894993922e+03
1.208545054945054972e+03
1.208795115995116021e+03
1.209045177045177070e+03
1.209295238095238119e+03
1.209545299145299168e+03
1.209795360195360217e+03
1.210045421245421267e+03
1.210295482295482316e+03
1.210545543345543365e+03
1.210795604395604414e+03
1.211045665445665463e+03
1.211295726495726512e+03
1.211545787545787562e+03
1.211795848595848611e+03
1.212045909645909660e+03
1.212295970695970709e+03
1.212546031746031758e+03
1.212796092796092807e+03
1.213046153846153857e+03
1.213296214896214906e+03
1.213546275946275955e+03
1.213796336996337004e+03
1.214046398046398053e+03
1.214296459096459103e+03
1.214546520146520152e+03
1.214796581196581201e+03
1.215046642246642250e+03
1.215296703296703299e+03
1.215546764346764348e+03
1.215796825396825398e+03
1.216046886446886447e+03
1.216296947496947496e+03
1.216547008547008545e+03
1.216797069597069594e+03
1.217047130647130643e+03
1.217297191697191693e+03
1.217547252747252742e+03
1.217797313797313791e+03
1.218047374847374840e+03
1.218297435897435889e+03
1.218547496947496938e+03
1.218797557997557988e+03
1.219047619047619037e+03
1.219297680097680086e+03
1.219547741147741135e+03
1.219797802197802184e+03
1.220047863247863233e+03
1.220297924297924283e+03
1.220547985347985332e+03
1.220798046398046381e+03
1.221048107448107430e+03
1.221298168498168479e+03
1.221548229548229529e+03
1.221798290598290578e+03
1.222048351648351627e+03
1.222298412698412676e+03
1.222548473748473725e+03
1.222798534798534774e+03
1.223048595848595824e+03
1.223298656898656873e+03
1.223548717948717922e+03
1.223798778998778971e+03
1.224048840048840020e+03
1.224298901098901069e+03
1.224548962148962119e+03
1.224799023199023168e+03
1.225049084249084217e+03
1.225299145299145266e+03
1.225549206349206315e+03
1.225799267399267364e+03
1.226049328449328414e+03
1.226299389499389463e+03
1.226549450549450512e+03
1.226799511599511561e+03
1.227049572649572610e+03
1.227299633699633659e+03
1.227549694749694709e+03
1.227799755799755758e+03
1.228049816849816807e+03
1.228299877899877856e+03
1.228549938949938905e+03
1.228799999999999955e+03
1.229050061050061004e+03
1.229300122100122053e+03
1.229550183150183102e+03
1.229800244200244151e+03
1.230050305250305200e+03
1.230300366300366250e+03
1.230550427350427299e+03
1.230800488400488348e+03
1.231050549450549397e+03
1.231300610500610446e+03
1.231550671550671495e+03
1.231800732600732545e+03
1.232050793650793594e+03
1.232300854700854643e+03
1.232550915750915692e+03
1.232800976800976741e+03
1.233051037851037790e+03
1.233301098901098840e+03
1.233551159951159889e+03
1.233801221001220938e+03
1.234051282051281987e+03
1.234301343101343036e+03
1.234551404151404085e+03
1.234801465201465135e+03
1.235051526251526184e+03
1.235301587301587233e+03
1.235551648351648282e+03
1.235801709401709331e+03
1.236051770451770381e+03
1.236301831501831430e+03
1.236551892551892479e+03
1.236801953601953528e+03
1.237052014652014577e+03
1.237302075702075626e+03
1.237552136752136676e+03
1.237802197802197725e+03
1.238052258852258774e+03
1.238302319902319823e+03
1.238552380952380872e+03
1.238802442002441921e+03
1.239052503052502971e+03
1.239302564102564020e+03
1.239552625152625069e+03
1.239802686202686118e+03
1.240052747252747167e+03
1.240302808302808216e+03
1.240552869352869266e+03
1.240802930402930315e+03
1.241052991452991364e+03
1.241303052503052413e+03
1.241553113553113462e+03
1.241803174603174512e+03
1.242053235653235561e+03
1.242303296703296610e+03
1.242553357753357659e+03
1.242803418803418708e+03
1.243053479853479757e+03
1.243303540903540807e+03
1.243553601953601856e+03
1.243803663003662905e+03
1.244053724053723954e+03
1.244303785103785003e+03
1.244553846153846052e+03
1.244803907203907102e+03
1.245053968253968151e+03
1.245304029304029200e+03
1.245554090354090249e+03
1.245804151404151298e+03
1.246054212454212347e+03
1.246304273504273397e+03
1.246554334554334446e+03
1.246804395604395495e+03
1.247054456654456544e+03
1.247304517704517593e+03
1.247554578754578642e+03
1.247804639804639692e+03
1.248054700854700741e+03
1.248304761904762017e+03
1.248554822954823067e+03
1.248804884004884116e+03
1.249054945054945165e+03
1.249305006105006214e+03
1.249555067155067263e+03
1.249805128205128312e+03
1.250055189255189362e+03
1.250305250305250411e+03
1.250555311355311460e+03
1.250805372405372509e+03
1.251055433455433558e+03
1.251305494505494607e+03
1.251555555555555657e+03
1.251805616605616706e+03
1.252055677655677755e+03
1.252305738705738804e+03
1.252555799755799853e+03
1.252805860805860902e+03
1.253055921855921952e+03
1.253305982905983001e+03
1.253556043956044050e+03
1.253806105006105099e+03
1.254056166056166148e+03
1.254306227106227198e+03
1.254556288156288247e+03
1.254806349206349296e+03
1.255056410256410345e+03
1.255306471306471394e+03
1.255556532356532443e+03
1.255806593406593493e+03
1.256056654456654542e+03
1.256306715506715591e+03
1.256556776556776640e+03
1.256806837606837689e+03
1.257056898656898738e+03
1.257306959706959788e+03
1.257557020757020837e+03
1.257807081807081886e+03
1.258057142857142935e+03
1.258307203907203984e+03
1.258557264957265033e+03
1.258807326007326083e+03
1.259057387057387132e+03
1.259307448107448181e+03
1.259557509157509230e+03
1.259807570207570279e+03
1.260057631257631328e+03
1.260307692307692378e+03
1.260557753357753427e+03
1.260807814407814476e+03
1.261057875457875525e+03
1.261307936507936574e+03
1.261557997557997624e+03
1.261808058608058673e+03
1.262058119658119722e+03
1.262308180708180771e+03
1.262558241758241820e+03
1.262808302808302869e+03
1.263058363858363919e+03
1.263308424908424968e+03
1.263558485958486017e+03
1.263808547008547066e+03
1.264058608058608115e+03
1.264308669108669164e+03
1.264558730158730214e+03
1.264808791208791263e+03
1.265058852258852312e+03
1.265308913308913361e+03
1.265558974358974410e+03
1.265809035409035459e+03
1.266059096459096509e+03
1.266309157509157558e+03
1.266559218559218607e+03
1.266809279609279656e+03
1.267059340659340705e+03
1.267309401709401754e+03
1.267559462759462804e+03
1.267809523809523853e+03
1.268059584859584902e+03
1.268309645909645951e+03
1.268559706959707000e+03
1.268809768009768050e+03
1.269059829059829099e+03
1.269309890109890148e+03
1.269559951159951197e+03
1.269810012210012246e+03
1.270060073260073295e+03
1.270310134310134345e+03
1.270560195360195394e+03
1.270810256410256443e+03
1.271060317460317492e+03
1.271310378510378541e+03
1.271560439560439590e+03
1.271810500610500640e+03
1.272060561660561689e+03
1.272310622710622738e+03
1.272560683760683787e+03
1.272810744810744836e+03
1.273060805860805885e+03
1.273310866910866935e+03
1.273560927960927984e+03
1.273810989010989033e+03
1.274061050061050082e+03
1.274311111111111131e+03
1.274561172161172180e+03
1.274811233211233230e+03
1.275061294261294279e+03
1.275311355311355328e+03
1.275561416361416377e+03
1.275811477411477426e+03
1.276061538461538476e+03
1.276311599511599525e+03
1.276561660561660574e+03
1.276811721611721623e+03
1.277061782661782672e+03
1.277311843711843721e+03
1.277561904761904771e+03
1.277811965811965820e+03
1.278062026862026869e+03
1.278312087912087918e+03
1.278562148962148967e+03
1.278812210012210016e+03
1.279062271062271066e+03
1.279312332112332115e+03
1.279562393162393164e+03
1.279812454212454213e+03
1.280062515262515262e+03
1.280312576312576311e+03
1.280562637362637361e+03
1.280812698412698410e+03
1.281062759462759459e+03
1.281312820512820508e+03
1.281562881562881557e+03
1.281812942612942607e+03
1.282063003663003656e+03
1.282313064713064705e+03
1.282563125763125754e+03
1.282813186813186803e+03
1.283063247863247852e+03
1.283313308913308902e+03
1.283563369963369951e+03
1.283813431013431000e+03
1.284063492063492049e+03
1.284313553113553098e+03
1.284563614163614147e+03
1.284813675213675197e+03
1.285063736263736246e+03
1.285313797313797295e+03
1.285563858363858344e+03
1.285813919413919393e+03
1.286063980463980442e+03
1.286314041514041492e+03
1.286564102564102541e+03
1.286814163614163590e+03
1.287064224664224639e+03
1.287314285714285688e+03
1.287564346764346737e+03
1.287814407814407787e+03
1.288064468864468836e+03
1.288314529914529885e+03
1.288564590964590934e+03
1.288814652014651983e+03
1.289064713064713033e+03
1.289314774114774082e+03
1.289564835164835131e+03
1.289814896214896180e+03
1.290064957264957229e+03
1.290315018315018278e+03
1.290565079365079328e+03
1.290815140415140377e+03
1.291065201465201426e+03
1.291315262515262475e+03
1.291565323565323524e+03
1.291815384615384573e+03
1.292065445665445623e+03
1.292315506715506672e+03
1.292565567765567721e+03
1.292815628815628770e+03
1.293065689865689819e+03
1.293315750915750868e+03
1.293565811965811918e+03
1.293815873015872967e+03
1.294065934065934016e+03
1.294315995115995065e+03
1.294566056166056114e+03
1.294816117216117163e+03
1.295066178266178213e+03
1.295316239316239262e+03
1.295566300366300311e+03
1.295816361416361360e+03
1.296066422466422409e+03
1.296316483516483459e+03
1.296566544566544508e+03
1.296816605616605557e+03
1.297066666666666606e+03
1.297316727716727655e+03
1.297566788766788704e+03
1.297816849816849754e+03
1.298066910866910803e+03
1.298316971916971852e+03
1.298567032967032901e+03
1.298817094017093950e+03
1.299067155067154999e+03
1.299317216117216049e+03
1.299567277167277098e+03
1.299817338217338147e+03
1.300067399267399196e+03
1.300317460317460245e+03
1.300567521367521294e+03
1.300817582417582344e+03
1.301067643467643393e+03
1.301317704517704442e+03
1.301567765567765491e+03
1.301817826617826540e+03
1.302067887667887589e+03
1.302317948717948639e+03
1.302568009768009688e+03
1.302818070818070737e+03
1.303068131868131786e+03
1.303318192918192835e+03
1.303568253968253885e+03
1.303818315018314934e+03
1.304068376068375983e+03
1.304318437118437032e+03
1.304568498168498081e+03
1.304818559218559130e+03
1.305068620268620180e+03
1.305318681318681229e+03
1.305568742368742278e+03
1.305818803418803327e+03
1.306068864468864376e+03
1.306318925518925425e+03
1.306568986568986475e+03
1.306819047619047524e+03
1.307069108669108573e+03
1.307319169719169622e+03
1.307569230769230671e+03
1.307819291819291720e+03
1.308069352869352770e+03
1.308319413919413819e+03
1.308569474969474868e+03
1.308819536019535917e+03
1.309069597069596966e+03
1.309319658119658015e+03
1.309569719169719065e+03
1.309819780219780114e+03
1.310069841269841163e+03
1.310319902319902212e+03
1.310569963369963261e+03
1.310820024420024311e+03
1.311070085470085360e+03
1.311320146520146409e+03
1.311570207570207458e+03
1.311820268620268507e+03
1.312070329670329556e+03
1.312320390720390606e+03
1.312570451770451882e+03
1.312820512820512931e+03
1.313070573870573980e+03
1.313320634920635030e+03
1.313570695970696079e+03
1.313820757020757128e+03
1.314070818070818177e+03
1.314320879120879226e+03
1.314570940170940275e+03
1.314821001221001325e+03
1.315071062271062374e+03
1.315321123321123423e+03
1.315571184371184472e+03
1.315821245421245521e+03
1.316071306471306571e+03
1.316321367521367620e+03
1.316571428571428669e+03
1.316821489621489718e+03
1.317071550671550767e+03
1.317321611721611816e+03
1.317571672771672866e+03
1.317821733821733915e+03
1.318071794871794964e+03
1.318321855921856013e+03
1.318571916971917062e+03
1.318821978021978111e+03
1.319072039072039161e+03
1.319322100122100210e+03
1.319572161172161259e+03
1.319822222222222308e+03
1.320072283272283357e+03
1.320322344322344406e+03
1.320572405372405456e+03
1.320822466422466505e+03
1.321072527472527554e+03
1.321322588522588603e+03
1.321572649572649652e+03
1.321822710622710702e+03
1.322072771672771751e+03
1.322322832722832800e+03
1.322572893772893849e+03
1.322822954822954898e+03
1.323073015873015947e+03
1.323323076923076997e+03
1.323573137973138046e+03
1.323823199023199095e+03
1.324073260073260144e+03
1.324323321123321193e+03
1.324573382173382242e+03
1.324823443223443292e+03
1.325073504273504341e+03
1.325323565323565390e+03
1.325573626373626439e+03
1.325823687423687488e+03
1.326073748473748537e+03
1.326323809523809587e+03
1.326573870573870636e+03
1.326823931623931685e+03
1.327073992673992734e+03
1.327324053724053783e+03
1.327574114774114832e+03
1.327824175824175882e+03
1.328074236874236931e+03
1.328324297924297980e+03
1.328574358974359029e+03
1.328824420024420078e+03
1.329074481074481128e+03
1.329324542124542177e+03
1.329574603174603226e+03
1.329824664224664275e+03
1.330074725274725324e+03
1.330324786324786373e+03
1.330574847374847423e+03
1.330824908424908472e+03
1.331074969474969521e+03
1.331325030525030570e+03
1.331575091575091619e+03
1.331825152625152668e+03
1.332075213675213718e+03
1.332325274725274767e+03
1.332575335775335816e+03
1.332825396825396865e+03
1.333075457875457914e+03
1.333325518925518963e+03
1.333575579975580013e+03
1.333825641025641062e+03
1.334075702075702111e+03
1.334325763125763160e+03
1.334575824175824209e+03
1.334825885225885258e+03
1.335075946275946308e+03
1.335326007326007357e+03
1.335576068376068406e+03
1.335826129426129455e+03
1.336076190476190504e+03
1.336326251526251554e+03
1.336576312576312603e+03
1.336826373626373652e+03
1.337076434676434701e+03
1.337326495726495750e+03
1.337576556776556799e+03
1.337826617826617849e+03
1.338076678876678898e+03
1.338326739926739947e+03
1.338576800976800996e+03
1.338826862026862045e+03
1.339076923076923094e+03
1.339326984126984144e+03
1.339577045177045193e+03
1.339827106227106242e+03
1.340077167277167291e+03
1.340327228327228340e+03
1.340577289377289389e+03
1.340827350427350439e+03
1.341077411477411488e+03
1.341327472527472537e+03
1.341577533577533586e+03
1.341827594627594635e+03
1.342077655677655684e+03
1.342327716727716734e+03
1.342577777777777783e+03
1.342827838827838832e+03
1.343077899877899881e+03
1.343327960927960930e+03
1.343578021978021980e+03
1.343828083028083029e+03
1.344078144078144078e+03
1.344328205128205127e+03
1.344578266178266176e+03
1.344828327228327225e+03
1.345078388278388275e+03
1.345328449328449324e+03
1.345578510378510373e+03
1.345828571428571422e+03
1.346078632478632471e+03
1.346328693528693520e+03
1.346578754578754570e+03
1.346828815628815619e+03
1.347078876678876668e+03
1.347328937728937717e+03
1.347578998778998766e+03
1.347829059829059815e+03
1.348079120879120865e+03
1.348329181929181914e+03
1.348579242979242963e+03
1.348829304029304012e+03
1.349079365079365061e+03
1.349329426129426110e+03
1.349579487179487160e+03
1.349829548229548209e+03
1.350079609279609258e+03
1.350329670329670307e+03
1.350579731379731356e+03
1.350829792429792406e+03
1.351079853479853455e+03
1.351329914529914504e+03
1.351579975579975553e+03
1.351830036630036602e+03
1.352080097680097651e+03
1.352330158730158701e+03
1.352580219780219750e+03
1.352830280830280799e+03
1.353080341880341848e+03
1.353330402930402897e+03
1.353580463980463946e+03
1.353830525030524996e+03
1.354080586080586045e+03
1.354330647130647094e+03
1.354580708180708143e+03
1.354830769230769192e+03
1.355080830280830241e+03
1.355330891330891291e+03
1.355580952380952340e+03
1.355831013431013389e+03
1.356081074481074438e+03
1.356331135531135487e+03
1.356581196581196536e+03
1.356831257631257586e+03
1.357081318681318635e+03
1.357331379731379684e+03
1.357581440781440733e+03
1.357831501831501782e+03
1.358081562881562832e+03
1.358331623931623881e+03
1.358581684981684930e+03
1.358831746031745979e+03
1.359081807081807028e+03
1.359331868131868077e+03
1.359581929181929127e+03
1.359831990231990176e+03
1.360082051282051225e+03
1.360332112332112274e+03
1.360582173382173323e+03
1.360832234432234372e+03
1.361082295482295422e+03
1.361332356532356471e+03
1.361582417582417520e+03
1.361832478632478569e+03
1.362082539682539618e+03
1.362332600732600667e+03
1.362582661782661717e+03
1.362832722832722766e+03
1.363082783882783815e+03
1.363332844932844864e+03
1.363582905982905913e+03
1.363832967032966963e+03
1.364083028083028012e+03
1.364333089133089061e+03
1.364583150183150110e+03
1.364833211233211159e+03
1.365083272283272208e+03
1.365333333333333258e+03
1.365583394383394307e+03
1.365833455433455356e+03
1.366083516483516405e+03
1.366333577533577454e+03
1.366583638583638503e+03
1.366833699633699553e+03
1.367083760683760602e+03
1.367333821733821651e+03
1.367583882783882700e+03
1.367833943833943749e+03
1.368084004884004798e+03
1.368334065934065848e+03
1.368584126984126897e+03
1.368834188034187946e+03
1.369084249084248995e+03
1.369334310134310044e+03
1.369584371184371093e+03
1.369834432234432143e+03
1.370084493284493192e+03
1.370334554334554241e+03
1.370584615384615290e+03
1.370834676434676339e+03
1.371084737484737389e+03
1.371334798534798438e+03
1.371584859584859487e+03
1.371834920634920536e+03
1.372084981684981585e+03
1.372335042735042634e+03
1.372585103785103684e+03
1.372835164835164733e+03
1.373085225885225782e+03
1.373335286935286831e+03
1.373585347985347880e+03
1.373835409035408929e+03
1.374085470085469979e+03
1.374335531135531028e+03
1.374585592185592077e+03
1.374835653235653126e+03
1.375085714285714175e+03
1.375335775335775224e+03
1.375585836385836274e+03
1.375835897435897323e+03
1.376085958485958372e+03
1.376336019536019649e+03
1.376586080586080698e+03
1.376836141636141747e+03
1.377086202686202796e+03
1.377336263736263845e+03
1.377586324786324894e+03
1.377836385836385944e+03
1.378086446886446993e+03
1.378336507936508042e+03
1.378586568986569091e+03
1.378836630036630140e+03
1.379086691086691189e+03
1.379336752136752239e+03
1.379586813186813288e+03
1.379836874236874337e+03
1.380086935286935386e+03
1.380336996336996435e+03
1.380587057387057484e+03
1.380837118437118534e+03
1.381087179487179583e+03
1.381337240537240632e+03
1.381587301587301681e+03
1.381837362637362730e+03
1.382087423687423779e+03
1.382337484737484829e+03
1.382587545787545878e+03
1.382837606837606927e+03
1.383087667887667976e+03
1.383337728937729025e+03
1.383587789987790075e+03
1.383837851037851124e+03
1.384087912087912173e+03
1.384337973137973222e+03
1.384588034188034271e+03
1.384838095238095320e+03
1.385088156288156370e+03
1.385338217338217419e+03
1.385588278388278468e+03
1.385838339438339517e+03
1.386088400488400566e+03
1.386338461538461615e+03
1.386588522588522665e+03
1.386838583638583714e+03
1.387088644688644763e+03
1.387338705738705812e+03
1.387588766788766861e+03
1.387838827838827910e+03
1.388088888888888960e+03
1.388338949938950009e+03
1.388589010989011058e+03
1.388839072039072107e+03
1.389089133089133156e+03
1.389339194139194205e+03
1.389589255189255255e+03
1.389839316239316304e+03
1.390089377289377353e+03
1.390339438339438402e+03
1.390589499389499451e+03
1.390839560439560501e+03
1.391089621489621550e+03
1.391339682539682599e+03
1.391589743589743648e+03
1.391839804639804697e+03
1.392089865689865746e+03
1.392339926739926796e+03
1.392589987789987845e+03
1.392840048840048894e+03
1.393090109890109943e+03
1.393340170940170992e+03
1.393590231990232041e+03
1.393840293040293091e+03
1.394090354090354140e+03
1.394340415140415189e+03
1.394590476190476238e+03
1.394840537240537287e+03
1.395090598290598336e+03
1.395340659340659386e+03
1.395590720390720435e+03
1.395840781440781484e+03
1.396090842490842533e+03
1.396340903540903582e+03
1.396590964590964631e+03
1.396841025641025681e+03
1.397091086691086730e+03
1.397341147741147779e+03
1.397591208791208828e+03
1.397841269841269877e+03
1.398091330891330927e+03
1.398341391941391976e+03
1.398591452991453025e+03
1.398841514041514074e+03
1.399091575091575123e+03
1.399341636141636172e+03
1.399591697191697222e+03
1.399841758241758271e+03
1.400091819291819320e+03
1.400341880341880369e+03
1.400591941391941418e+03
1.400842002442002467e+03
1.401092063492063517e+03
1.401342124542124566e+03
1.401592185592185615e+03
1.401842246642246664e+03
1.402092307692307713e+03
1.402342368742368762e+03
1.402592429792429812e+03
1.402842490842490861e+03
1.403092551892551910e+03
1.403342612942612959e+03
1.403592673992674008e+03
1.403842735042735058e+03
1.404092796092796107e+03
1.404342857142857156e+03
1.404592918192918205e+03
1.404842979242979254e+03
1.405093040293040303e+03
1.405343101343101353e+03
1.405593162393162402e+03
1.405843223443223451e+03
1.406093284493284500e+03
1.406343345543345549e+03
1.406593406593406598e+03
1.406843467643467648e+03
1.407093528693528697e+03
1.407343589743589746e+03
1.407593650793650795e+03
1.407843711843711844e+03
1.408093772893772893e+03
1.408343833943833943e+03
1.408593894993894992e+03
1.408843956043956041e+03
1.409094017094017090e+03
1.409344078144078139e+03
1.409594139194139188e+03
1.409844200244200238e+03
1.410094261294261287e+03
1.410344322344322336e+03
1.410594383394383385e+03
1.410844444444444434e+03
1.411094505494505484e+03
1.411344566544566533e+03
1.411594627594627582e+03
1.411844688644688631e+03
1.412094749694749680e+03
1.412344810744810729e+03
1.412594871794871779e+03
1.412844932844932828e+03
1.413094993894993877e+03
1.413345054945054926e+03
1.413595115995115975e+03
1.413845177045177024e+03
1.414095238095238074e+03
1.414345299145299123e+03
1.414595360195360172e+03
1.414845421245421221e+03
1.415095482295482270e+03
1.415345543345543319e+03
1.415595604395604369e+03
1.415845665445665418e+03
1.416095726495726467e+03
1.416345787545787516e+03
1.416595848595848565e+03
1.416845909645909614e+03
1.417095970695970664e+03
1.417346031746031713e+03
1.417596092796092762e+03
1.417846153846153811e+03
1.418096214896214860e+03
1.418346275946275910e+03
1.418596336996336959e+03
1.418846398046398008e+03
1.419096459096459057e+03
1.419346520146520106e+03
1.419596581196581155e+03
1.419846642246642205e+03
1.420096703296703254e+03
1.420346764346764303e+03
1.420596825396825352e+03
1.420846886446886401e+03
1.421096947496947450e+03
1.421347008547008500e+03
1.421597069597069549e+03
1.421847130647130598e+03
1.422097191697191647e+03
1.422347252747252696e+03
1.422597313797313745e+03
1.422847374847374795e+03
1.423097435897435844e+03
1.423347496947496893e+03
1.423597557997557942e+03
1.423847619047618991e+03
1.424097680097680040e+03
1.424347741147741090e+03
1.424597802197802139e+03
1.424847863247863188e+03
1.425097924297924237e+03
1.425347985347985286e+03
1.425598046398046336e+03
1.425848107448107385e+03
1.426098168498168434e+03
1.426348229548229483e+03
1.426598290598290532e+03
1.426848351648351581e+03
1.427098412698412631e+03
1.427348473748473680e+03
1.427598534798534729e+03
1.427848595848595778e+03
1.428098656898656827e+03
1.428348717948717876e+03
1.428598778998778926e+03
1.428848840048839975e+03
1.429098901098901024e+03
1.429348962148962073e+03
1.429599023199023122e+03
1.429849084249084171e+03
1.430099145299145221e+03
1.430349206349206270e+03
1.430599267399267319e+03
1.430849328449328368e+03
1.431099389499389417e+03
1.431349450549450466e+03
1.431599511599511516e+03
1.431849572649572565e+03
1.432099633699633614e+03
1.432349694749694663e+03
1.432599755799755712e+03
1.432849816849816762e+03
1.433099877899877811e+03
1.433349938949938860e+03
1.433599999999999909e+03
1.433850061050060958e+03
1.434100122100122007e+03
1.434350183150183057e+03
1.434600244200244106e+03
1.434850305250305155e+03
1.435100366300366204e+03
1.435350427350427253e+03
1.435600488400488302e+03
1.435850549450549352e+03
1.436100610500610401e+03
1.436350671550671450e+03
1.436600732600732499e+03
1.436850793650793548e+03
1.437100854700854597e+03
1.437350915750915647e+03
1.437600976800976696e+03
1.437851037851037745e+03
1.438101098901098794e+03
1.438351159951159843e+03
1.438601221001220893e+03
1.438851282051281942e+03
1.439101343101342991e+03
1.439351404151404040e+03
1.439601465201465089e+03
1.439851526251526138e+03
1.440101587301587188e+03
1.440351648351648237e+03
1.440601709401709513e+03
1.440851770451770562e+03
1.441101831501831612e+03
1.441351892551892661e+03
1.441601953601953710e+03
1.441852014652014759e+03
1.442102075702075808e+03
1.442352136752136857e+03
1.442602197802197907e+03
1.442852258852258956e+03
1.443102319902320005e+03
1.443352380952381054e+03
1.443602442002442103e+03
1.443852503052503153e+03
1.444102564102564202e+03
1.444352625152625251e+03
1.444602686202686300e+03
1.444852747252747349e+03
1.445102808302808398e+03
1.445352869352869448e+03
1.445602930402930497e+03
1.445852991452991546e+03
1.446103052503052595e+03
1.446353113553113644e+03
1.446603174603174693e+03
1.446853235653235743e+03
1.447103296703296792e+03
1.447353357753357841e+03
1.447603418803418890e+03
1.447853479853479939e+03
1.448103540903540988e+03
1.448353601953602038e+03
1.448603663003663087e+03
1.448853724053724136e+03
1.449103785103785185e+03
1.449353846153846234e+03
1.449603907203907283e+03
1.449853968253968333e+03
1.450104029304029382e+03
1.450354090354090431e+03
1.450604151404151480e+03
1.450854212454212529e+03
1.451104273504273579e+03
1.451354334554334628e+03
1.451604395604395677e+03
1.451854456654456726e+03
1.452104517704517775e+03
1.452354578754578824e+03
1.452604639804639874e+03
1.452854700854700923e+03
1.453104761904761972e+03
1.453354822954823021e+03
1.453604884004884070e+03
1.453854945054945119e+03
1.454105006105006169e+03
1.454355067155067218e+03
1.454605128205128267e+03
1.454855189255189316e+03
1.455105250305250365e+03
1.455355311355311414e+03
1.455605372405372464e+03
1.455855433455433513e+03
1.456105494505494562e+03
1.456355555555555611e+03
1.456605616605616660e+03
1.456855677655677709e+03
1.457105738705738759e+03
1.457355799755799808e+03
1.457605860805860857e+03
1.457855921855921906e+03
1.458105982905982955e+03
1.458356043956044005e+03
1.458606105006105054e+03
1.458856166056166103e+03
1.459106227106227152e+03
1.459356288156288201e+03
1.459606349206349250e+03
1.459856410256410300e+03
1.460106471306471349e+03
1.460356532356532398e+03
1.460606593406593447e+03
1.460856654456654496e+03
1.461106715506715545e+03
1.461356776556776595e+03
1.461606837606837644e+03
1.461856898656898693e+03
1.462106959706959742e+03
1.462357020757020791e+03
1.462607081807081840e+03
1.462857142857142890e+03
1.463107203907203939e+03
1.463357264957264988e+03
1.463607326007326037e+03
1.463857387057387086e+03
1.464107448107448135e+03
1.464357509157509185e+03
1.464607570207570234e+03
1.464857631257631283e+03
1.465107692307692332e+03
1.465357753357753381e+03
1.465607814407814431e+03
1.465857875457875480e+03
1.466107936507936529e+03
1.466357997557997578e+03
1.466608058608058627e+03
1.466858119658119676e+03
1.467108180708180726e+03
1.467358241758241775e+03
1.467608302808302824e+03
1.467858363858363873e+03
1.468108424908424922e+03
1.468358485958485971e+03
1.468608547008547021e+03
1.468858608058608070e+03
1.469108669108669119e+03
1.469358730158730168e+03
1.469608791208791217e+03
1.469858852258852266e+03
1.470108913308913316e+03
1.470358974358974365e+03
1.470609035409035414e+03
1.470859096459096463e+03
1.471109157509157512e+03
1.471359218559218561e+03
1.471609279609279611e+03
1.471859340659340660e+03
1.472109401709401709e+03
1.472359462759462758e+03
1.472609523809523807e+03
1.472859584859584857e+03
1.473109645909645906e+03
1.473359706959706955e+03
1.473609768009768004e+03
1.473859829059829053e+03
1.474109890109890102e+03
1.474359951159951152e+03
1.474610012210012201e+03
1.474860073260073250e+03
1.475110134310134299e+03
1.475360195360195348e+03
1.475610256410256397e+03
1.475860317460317447e+03
1.476110378510378496e+03
1.476360439560439545e+03
1.476610500610500594e+03
1.476860561660561643e+03
1.477110622710622692e+03
1.477360683760683742e+03
1.477610744810744791e+03
1.477860805860805840e+03
1.478110866910866889e+03
1.478360927960927938e+03
1.478610989010988988e+03
1.478861050061050037e+03
1.479111111111111086e+03
1.479361172161172135e+03
1.479611233211233184e+03
1.479861294261294233e+03
1.480111355311355283e+03
1.480361416361416332e+03
1.480611477411477381e+03
1.480861538461538430e+03
1.481111599511599479e+03
1.481361660561660528e+03
1.481611721611721578e+03
1.481861782661782627e+03
1.482111843711843676e+03
1.482361904761904725e+03
1.482611965811965774e+03
1.482862026862026823e+03
1.483112087912087873e+03
1.483362148962148922e+03
1.483612210012209971e+03
1.483862271062271020e+03
1.484112332112332069e+03
1.484362393162393118e+03
1.484612454212454168e+03
1.484862515262515217e+03
1.485112576312576266e+03
1.485362637362637315e+03
1.485612698412698364e+03
1.485862759462759414e+03
1.486112820512820463e+03
1.486362881562881512e+03
1.486612942612942561e+03
1.486863003663003610e+03
1.487113064713064659e+03
1.487363125763125709e+03
1.487613186813186758e+03
1.487863247863247807e+03
1.488113308913308856e+03
1.488363369963369905e+03
1.488613431013430954e+03
1.488863492063492004e+03
1.489113553113553053e+03
1.489363614163614102e+03
1.489613675213675151e+03
1.489863736263736200e+03
1.490113797313797249e+03
1.490363858363858299e+03
1.490613919413919348e+03
1.490863980463980397e+03
1.491114041514041446e+03
1.491364102564102495e+03
1.491614163614163544e+03
1.491864224664224594e+03
1.492114285714285643e+03
1.492364346764346692e+03
1.492614407814407741e+03
1.492864468864468790e+03
1.493114529914529840e+03
1.493364590964590889e+03
1.493614652014651938e+03
1.493864713064712987e+03
1.494114774114774036e+03
1.494364835164835085e+03
1.494614896214896135e+03
1.494864957264957184e+03
1.495115018315018233e+03
1.495365079365079282e+03
1.495615140415140331e+03
1.495865201465201380e+03
1.496115262515262430e+03
1.496365323565323479e+03
1.496615384615384528e+03
1.496865445665445577e+03
1.497115506715506626e+03
1.497365567765567675e+03
1.497615628815628725e+03
1.497865689865689774e+03
1.498115750915750823e+03
1.498365811965811872e+03
1.498615873015872921e+03
1.498865934065933970e+03
1.499115995115995020e+03
1.499366056166056069e+03
1.499616117216117118e+03
1.499866178266178167e+03
1.500116239316239216e+03
1.500366300366300266e+03
1.500616361416361315e+03
1.500866422466422364e+03
1.501116483516483413e+03
1.501366544566544462e+03
1.501616605616605511e+03
1.501866666666666561e+03
1.502116727716727610e+03
1.502366788766788659e+03
1.502616849816849708e+03
1.502866910866910757e+03
1.503116971916971806e+03
1.503367032967032856e+03
1.503617094017093905e+03
1.503867155067154954e+03
1.504117216117216003e+03
1.504367277167277280e+03
1.504617338217338329e+03
1.504867399267399378e+03
1.505117460317460427e+03
1.505367521367521476e+03
1.505617582417582526e+03
1.505867643467643575e+03
1.506117704517704624e+03
1.506367765567765673e+03
1.506617826617826722e+03
1.506867887667887771e+03
1.507117948717948821e+03
1.507368009768009870e+03
1.507618070818070919e+03
1.507868131868131968e+03
1.508118192918193017e+03
1.508368253968254066e+03
1.508618315018315116e+03
1.508868376068376165e+03
1.509118437118437214e+03
1.509368498168498263e+03
1.509618559218559312e+03
1.509868620268620361e+03
1.510118681318681411e+03
1.510368742368742460e+03
1.510618803418803509e+03
1.510868864468864558e+03
1.511118925518925607e+03
1.511368986568986656e+03
1.511619047619047706e+03
1.511869108669108755e+03
1.512119169719169804e+03
1.512369230769230853e+03
1.512619291819291902e+03
1.512869352869352952e+03
1.513119413919414001e+03
1.513369474969475050e+03
1.513619536019536099e+03
1.513869597069597148e+03
1.514119658119658197e+03
1.514369719169719247e+03
1.514619780219780296e+03
1.514869841269841345e+03
1.515119902319902394e+03
1.515369963369963443e+03
1.515620024420024492e+03
1.515870085470085542e+03
1.516120146520146591e+03
1.516370207570207640e+03
1.516620268620268689e+03
1.516870329670329738e+03
1.517120390720390787e+03
1.517370451770451837e+03
1.517620512820512886e+03
1.517870573870573935e+03
1.518120634920634984e+03
1.518370695970696033e+03
1.518620757020757083e+03
1.518870818070818132e+03
1.519120879120879181e+03
1.519370940170940230e+03
1.519621001221001279e+03
1.519871062271062328e+03
1.520121123321123378e+03
1.520371184371184427e+03
1.520621245421245476e+03
1.520871306471306525e+03
1.521121367521367574e+03
1.521371428571428623e+03
1.521621489621489673e+03
1.521871550671550722e+03
1.522121611721611771e+03
1.522371672771672820e+03
1.522621733821733869e+03
1.522871794871794918e+03
1.523121855921855968e+03
1.523371916971917017e+03
1.523621978021978066e+03
1.523872039072039115e+03
1.524122100122100164e+03
1.524372161172161213e+03
1.524622222222222263e+03
1.524872283272283312e+03
1.525122344322344361e+03
1.525372405372405410e+03
1.525622466422466459e+03
1.525872527472527509e+03
1.526122588522588558e+03
1.526372649572649607e+03
1.526622710622710656e+03
1.526872771672771705e+03
1.527122832722832754e+03
1.527372893772893804e+03
1.527622954822954853e+03
1.527873015873015902e+03
1.528123076923076951e+03
1.528373137973138000e+03
1.528623199023199049e+03
1.528873260073260099e+03
1.529123321123321148e+03
1.529373382173382197e+03
1.529623443223443246e+03
1.529873504273504295e+03
1.530123565323565344e+03
1.530373626373626394e+03
1.530623687423687443e+03
1.530873748473748492e+03
1.531123809523809541e+03
1.531373870573870590e+03
1.531623931623931639e+03
1.531873992673992689e+03
1.532124053724053738e+03
1.532374114774114787e+03
1.532624175824175836e+03
1.532874236874236885e+03
1.533124297924297935e+03
1.533374358974358984e+03
1.533624420024420033e+03
1.533874481074481082e+03
1.534124542124542131e+03
1.534374603174603180e+03
1.534624664224664230e+03
1.534874725274725279e+03
1.535124786324786328e+03
1.535374847374847377e+03
1.535624908424908426e+03
1.535874969474969475e+03
1.536125030525030525e+03
1.536375091575091574e+03
1.536625152625152623e+03
1.536875213675213672e+03
1.537125274725274721e+03
1.537375335775335770e+03
1.537625396825396820e+03
1.537875457875457869e+03
1.538125518925518918e+03
1.538375579975579967e+03
1.538625641025641016e+03
1.538875702075702065e+03
1.539125763125763115e+03
1.539375824175824164e+03
1.539625885225885213e+03
1.539875946275946262e+03
1.540126007326007311e+03
1.540376068376068361e+03
1.540626129426129410e+03
1.540876190476190459e+03
1.541126251526251508e+03
1.541376312576312557e+03
1.541626373626373606e+03
1.541876434676434656e+03
1.542126495726495705e+03
1.542376556776556754e+03
1.542626617826617803e+03
1.542876678876678852e+03
1.543126739926739901e+03
1.543376800976800951e+03
1.543626862026862000e+03
1.543876923076923049e+03
1.544126984126984098e+03
1.544377045177045147e+03
1.544627106227106196e+03
1.544877167277167246e+03
1.545127228327228295e+03
1.545377289377289344e+03
1.545627350427350393e+03
1.545877411477411442e+03
1.546127472527472491e+03
1.546377533577533541e+03
1.546627594627594590e+03
1.546877655677655639e+03
1.547127716727716688e+03
1.547377777777777737e+03
1.547627838827838787e+03
1.547877899877899836e+03
1.548127960927960885e+03
1.548378021978021934e+03
1.548628083028082983e+03
1.548878144078144032e+03
1.549128205128205082e+03
1.549378266178266131e+03
1.549628327228327180e+03
1.549878388278388229e+03
1.550128449328449278e+03
1.550378510378510327e+03
1.550628571428571377e+03
1.550878632478632426e+03
1.551128693528693475e+03
1.551378754578754524e+03
1.551628815628815573e+03
1.551878876678876622e+03
1.552128937728937672e+03
1.552378998778998721e+03
1.552629059829059770e+03
1.552879120879120819e+03
1.553129181929181868e+03
1.553379242979242917e+03
1.553629304029303967e+03
1.553879365079365016e+03
1.554129426129426065e+03
1.554379487179487114e+03
1.554629548229548163e+03
1.554879609279609213e+03
1.555129670329670262e+03
1.555379731379731311e+03
1.555629792429792360e+03
1.555879853479853409e+03
1.556129914529914458e+03
1.556379975579975508e+03
1.556630036630036557e+03
1.556880097680097606e+03
1.557130158730158655e+03
1.557380219780219704e+03
1.557630280830280753e+03
1.557880341880341803e+03
1.558130402930402852e+03
1.558380463980463901e+03
1.558630525030524950e+03
1.558880586080585999e+03
1.559130647130647048e+03
1.559380708180708098e+03
1.559630769230769147e+03
1.559880830280830196e+03
1.560130891330891245e+03
1.560380952380952294e+03
1.560631013431013344e+03
1.560881074481074393e+03
1.561131135531135442e+03
1.561381196581196491e+03
1.561631257631257540e+03
1.561881318681318589e+03
1.562131379731379639e+03
1.562381440781440688e+03
1.562631501831501737e+03
1.562881562881562786e+03
1.563131623931623835e+03
1.563381684981684884e+03
1.563631746031745934e+03
1.563881807081806983e+03
1.564131868131868032e+03
1.564381929181929081e+03
1.564631990231990130e+03
1.564882051282051179e+03
1.565132112332112229e+03
1.565382173382173278e+03
1.565632234432234327e+03
1.565882295482295376e+03
1.566132356532356425e+03
1.566382417582417474e+03
1.566632478632478524e+03
1.566882539682539573e+03
1.567132600732600622e+03
1.567382661782661671e+03
1.567632722832722720e+03
1.567882783882783770e+03
1.568132844932844819e+03
1.568382905982905868e+03
1.568632967032967144e+03
1.568883028083028194e+03
1.569133089133089243e+03
1.569383150183150292e+03
1.569633211233211341e+03
1.569883272283272390e+03
1.570133333333333439e+03
1.570383394383394489e+03
1.570633455433455538e+03
1.570883516483516587e+03
1.571133577533577636e+03
1.571383638583638685e+03
1.571633699633699734e+03
1.571883760683760784e+03
1.572133821733821833e+03
1.572383882783882882e+03
1.572633943833943931e+03
1.572884004884004980e+03
1.573134065934066030e+03
1.573384126984127079e+03
1.573634188034188128e+03
1.573884249084249177e+03
1.574134310134310226e+03
1.574384371184371275e+03
1.574634432234432325e+03
1.574884493284493374e+03
1.575134554334554423e+03
1.575384615384615472e+03
1.575634676434676521e+03
1.575884737484737570e+03
1.576134798534798620e+03
1.576384859584859669e+03
1.576634920634920718e+03
1.576884981684981767e+03
1.577135042735042816e+03
1.577385103785103865e+03
1.577635164835164915e+03
1.577885225885225964e+03
1.578135286935287013e+03
1.578385347985348062e+03
1.578635409035409111e+03
1.578885470085470160e+03
1.579135531135531210e+03
1.579385592185592259e+03
1.579635653235653308e+03
1.579885714285714357e+03
1.580135775335775406e+03
1.580385836385836456e+03
1.580635897435897505e+03
1.580885958485958554e+03
1.581136019536019603e+03
1.581386080586080652e+03
1.581636141636141701e+03
1.581886202686202751e+03
1.582136263736263800e+03
1.582386324786324849e+03
1.582636385836385898e+03
1.582886446886446947e+03
1.583136507936507996e+03
1.583386568986569046e+03
1.583636630036630095e+03
1.583886691086691144e+03
1.584136752136752193e+03
1.584386813186813242e+03
1.584636874236874291e+03
1.584886935286935341e+03
1.585136996336996390e+03
1.585387057387057439e+03
1.585637118437118488e+03
1.585887179487179537e+03
1.586137240537240586e+03
1.586387301587301636e+03
1.586637362637362685e+03
1.586887423687423734e+03
1.587137484737484783e+03
1.587387545787545832e+03
1.587637606837606882e+03
1.587887667887667931e+03
1.588137728937728980e+03
1.588387789987790029e+03
1.588637851037851078e+03
1.588887912087912127e+03
1.589137973137973177e+03
1.589388034188034226e+03
1.589638095238095275e+03
1.589888156288156324e+03
1.590138217338217373e+03
1.590388278388278422e+03
1.590638339438339472e+03
1.590888400488400521e+03
1.591138461538461570e+03
1.591388522588522619e+03
1.591638583638583668e+03
1.591888644688644717e+03
1.592138705738705767e+03
1.592388766788766816e+03
1.592638827838827865e+03
1.592888888888888914e+03
1.593138949938949963e+03
1.593389010989011012e+03
1.593639072039072062e+03
1.593889133089133111e+03
1.594139194139194160e+03
1.594389255189255209e+03
1.594639316239316258e+03
1.594889377289377308e+03
1.595139438339438357e+03
1.595389499389499406e+03
1.595639560439560455e+03
1.595889621489621504e+03
1.596139682539682553e+03
1.596389743589743603e+03
1.596639804639804652e+03
1.596889865689865701e+03
1.597139926739926750e+03
1.597389987789987799e+03
1.597640048840048848e+03
1.597890109890109898e+03
1.598140170940170947e+03
1.598390231990231996e+03
1.598640293040293045e+03
1.598890354090354094e+03
1.599140415140415143e+03
1.599390476190476193e+03
1.599640537240537242e+03
1.599890598290598291e+03
1.600140659340659340e+03
1.600390720390720389e+03
1.600640781440781439e+03
1.600890842490842488e+03
1.601140903540903537e+03
1.601390964590964586e+03
1.601641025641025635e+03
1.601891086691086684e+03
1.602141147741147734e+03
1.602391208791208783e+03
1.602641269841269832e+03
1.602891330891330881e+03
1.603141391941391930e+03
1.603391452991452979e+03
1.603641514041514029e+03
1.603891575091575078e+03
1.604141636141636127e+03
1.604391697191697176e+03
1.604641758241758225e+03
1.604891819291819274e+03
1.605141880341880324e+03
1.605391941391941373e+03
1.605642002442002422e+03
1.605892063492063471e+03
1.606142124542124520e+03
1.606392185592185569e+03
1.606642246642246619e+03
1.606892307692307668e+03
1.607142368742368717e+03
1.607392429792429766e+03
1.607642490842490815e+03
1.607892551892551865e+03
1.608142612942612914e+03
1.608392673992673963e+03
1.608642735042735012e+03
1.608892796092796061e+03
1.609142857142857110e+03
1.609392918192918160e+03
1.609642979242979209e+03
1.609893040293040258e+03
1.610143101343101307e+03
1.610393162393162356e+03
1.610643223443223405e+03
1.610893284493284455e+03
1.611143345543345504e+03
1.611393406593406553e+03
1.611643467643467602e+03
1.611893528693528651e+03
1.612143589743589700e+03
1.612393650793650750e+03
1.612643711843711799e+03
1.612893772893772848e+03
1.613143833943833897e+03
1.613393894993894946e+03
1.613643956043955995e+03
1.613894017094017045e+03
1.614144078144078094e+03
1.614394139194139143e+03
1.614644200244200192e+03
1.614894261294261241e+03
1.615144322344322291e+03
1.615394383394383340e+03
1.615644444444444389e+03
1.615894505494505438e+03
1.616144566544566487e+03
1.616394627594627536e+03
1.616644688644688586e+03
1.616894749694749635e+03
1.617144810744810684e+03
1.617394871794871733e+03
1.617644932844932782e+03
1.617894993894993831e+03
1.618145054945054881e+03
1.618395115995115930e+03
1.618645177045176979e+03
1.618895238095238028e+03
1.619145299145299077e+03
1.619395360195360126e+03
1.619645421245421176e+03
1.619895482295482225e+03
1.620145543345543274e+03
1.620395604395604323e+03
1.620645665445665372e+03
1.620895726495726421e+03
1.621145787545787471e+03
1.621395848595848520e+03
1.621645909645909569e+03
1.621895970695970618e+03
1.622146031746031667e+03
1.622396092796092717e+03
1.622646153846153766e+03
1.622896214896214815e+03
1.623146275946275864e+03
1.623396336996336913e+03
1.623646398046397962e+03
1.623896459096459012e+03
1.624146520146520061e+03
1.624396581196581110e+03
1.624646642246642159e+03
1.624896703296703208e+03
1.625146764346764257e+03
1.625396825396825307e+03
1.625646886446886356e+03
1.625896947496947405e+03
1.626147008547008454e+03
1.626397069597069503e+03
1.626647130647130552e+03
1.626897191697191602e+03
1.627147252747252651e+03
1.627397313797313700e+03
1.627647374847374749e+03
1.627897435897435798e+03
1.628147496947496847e+03
1.628397557997557897e+03
1.628647619047618946e+03
1.628897680097679995e+03
1.629147741147741044e+03
1.629397802197802093e+03
1.629647863247863143e+03
1.629897924297924192e+03
1.630147985347985241e+03
1.630398046398046290e+03
1.630648107448107339e+03
1.630898168498168388e+03
1.631148229548229438e+03
1.631398290598290487e+03
1.631648351648351536e+03
1.631898412698412585e+03
1.632148473748473634e+03
1.632398534798534911e+03
1.632648595848595960e+03
1.632898656898657009e+03
1.633148717948718058e+03
1.633398778998779107e+03
1.633648840048840157e+03
1.633898901098901206e+03
1.634148962148962255e+03
1.634399023199023304e+03
1.634649084249084353e+03
1.634899145299145403e+03
1.635149206349206452e+03
1.635399267399267501e+03
1.635649328449328550e+03
1.635899389499389599e+03
1.636149450549450648e+03
1.636399511599511698e+03
1.636649572649572747e+03
1.636899633699633796e+03
1.637149694749694845e+03
1.637399755799755894e+03
1.637649816849816943e+03
1.637899877899877993e+03
1.638149938949939042e+03
1.638400000000000091e+03
1.638650061050061140e+03
1.638900122100122189e+03
1.639150183150183238e+03
1.639400244200244288e+03
1.639650305250305337e+03
1.639900366300366386e+03
1.640150427350427435e+03
1.640400488400488484e+03
1.640650549450549534e+03
1.640900610500610583e+03
1.641150671550671632e+03
1.641400732600732681e+03
1.641650793650793730e+03
1.641900854700854779e+03
1.642150915750915829e+03
1.642400976800976878e+03
1.642651037851037927e+03
1.642901098901098976e+03
1.643151159951160025e+03
1.643401221001221074e+03
1.643651282051282124e+03
1.643901343101343173e+03
1.644151404151404222e+03
1.644401465201465271e+03
1.644651526251526320e+03
1.644901587301587369e+03
1.645151648351648419e+03
1.645401709401709468e+03
1.645651770451770517e+03
1.645901831501831566e+03
1.646151892551892615e+03
1.646401953601953664e+03
1.646652014652014714e+03
1.646902075702075763e+03
1.647152136752136812e+03
1.647402197802197861e+03
1.647652258852258910e+03
1.647902319902319960e+03
1.648152380952381009e+03
1.648402442002442058e+03
1.648652503052503107e+03
1.648902564102564156e+03
1.649152625152625205e+03
1.649402686202686255e+03
1.649652747252747304e+03
1.649902808302808353e+03
1.650152869352869402e+03
1.650402930402930451e+03
1.650652991452991500e+03
1.650903052503052550e+03
1.651153113553113599e+03
1.651403174603174648e+03
1.651653235653235697e+03
1.651903296703296746e+03
1.652153357753357795e+03
1.652403418803418845e+03
1.652653479853479894e+03
1.652903540903540943e+03
1.653153601953601992e+03
1.653403663003663041e+03
1.653653724053724090e+03
1.653903785103785140e+03
1.654153846153846189e+03
1.654403907203907238e+03
1.654653968253968287e+03
1.654904029304029336e+03
1.655154090354090386e+03
1.655404151404151435e+03
1.655654212454212484e+03
1.655904273504273533e+03
1.656154334554334582e+03
1.656404395604395631e+03
1.656654456654456681e+03
1.656904517704517730e+03
1.657154578754578779e+03
1.657404639804639828e+03
1.657654700854700877e+03
1.657904761904761926e+03
1.658154822954822976e+03
1.658404884004884025e+03
1.658654945054945074e+03
1.658905006105006123e+03
1.659155067155067172e+03
1.659405128205128221e+03
1.659655189255189271e+03
1.659905250305250320e+03
1.660155311355311369e+03
1.660405372405372418e+03
1.660655433455433467e+03
1.660905494505494516e+03
1.661155555555555566e+03
1.661405616605616615e+03
1.661655677655677664e+03
1.661905738705738713e+03
1.662155799755799762e+03
1.662405860805860812e+03
1.662655921855921861e+03
1.662905982905982910e+03
1.663156043956043959e+03
1.663406105006105008e+03
1.663656166056166057e+03
1.663906227106227107e+03
1.664156288156288156e+03
1.664406349206349205e+03
1.664656410256410254e+03
1.664906471306471303e+03
1.665156532356532352e+03
1.665406593406593402e+03
1.665656654456654451e+03
1.665906715506715500e+03
1.666156776556776549e+03
1.666406837606837598e+03
1.666656898656898647e+03
1.666906959706959697e+03
1.667157020757020746e+03
1.667407081807081795e+03
1.667657142857142844e+03
1.667907203907203893e+03
1.668157264957264942e+03
1.668407326007325992e+03
1.668657387057387041e+03
1.668907448107448090e+03
1.669157509157509139e+03
1.669407570207570188e+03
1.669657631257631238e+03
1.669907692307692287e+03
1.670157753357753336e+03
1.670407814407814385e+03
1.670657875457875434e+03
1.670907936507936483e+03
1.671157997557997533e+03
1.671408058608058582e+03
1.671658119658119631e+03
1.671908180708180680e+03
1.672158241758241729e+03
1.672408302808302778e+03
1.672658363858363828e+03
1.672908424908424877e+03
1.673158485958485926e+03
1.673408547008546975e+03
1.673658608058608024e+03
1.673908669108669073e+03
1.674158730158730123e+03
1.674408791208791172e+03
1.674658852258852221e+03
1.674908913308913270e+03
1.675158974358974319e+03
1.675409035409035369e+03
1.675659096459096418e+03
1.675909157509157467e+03
1.676159218559218516e+03
1.676409279609279565e+03
1.676659340659340614e+03
1.676909401709401664e+03
1.677159462759462713e+03
1.677409523809523762e+03
1.677659584859584811e+03
1.677909645909645860e+03
1.678159706959706909e+03
1.678409768009767959e+03
1.678659829059829008e+03
1.678909890109890057e+03
1.679159951159951106e+03
1.679410012210012155e+03
1.679660073260073204e+03
1.679910134310134254e+03
1.680160195360195303e+03
1.680410256410256352e+03
1.680660317460317401e+03
1.680910378510378450e+03
1.681160439560439499e+03
1.681410500610500549e+03
1.681660561660561598e+03
1.681910622710622647e+03
1.682160683760683696e+03
1.682410744810744745e+03
1.682660805860805795e+03
1.682910866910866844e+03
1.683160927960927893e+03
1.683410989010988942e+03
1.683661050061049991e+03
1.683911111111111040e+03
1.684161172161172090e+03
1.684411233211233139e+03
1.684661294261294188e+03
1.684911355311355237e+03
1.685161416361416286e+03
1.685411477411477335e+03
1.685661538461538385e+03
1.685911599511599434e+03
1.686161660561660483e+03
1.686411721611721532e+03
1.686661782661782581e+03
1.686911843711843630e+03
1.687161904761904680e+03
1.687411965811965729e+03
1.687662026862026778e+03
1.687912087912087827e+03
1.688162148962148876e+03
1.688412210012209925e+03
1.688662271062270975e+03
1.688912332112332024e+03
1.689162393162393073e+03
1.689412454212454122e+03
1.689662515262515171e+03
1.689912576312576221e+03
1.690162637362637270e+03
1.690412698412698319e+03
1.690662759462759368e+03
1.690912820512820417e+03
1.691162881562881466e+03
1.691412942612942516e+03
1.691663003663003565e+03
1.691913064713064614e+03
1.692163125763125663e+03
1.692413186813186712e+03
1.692663247863247761e+03
1.692913308913308811e+03
1.693163369963369860e+03
1.693413431013430909e+03
1.693663492063491958e+03
1.693913553113553007e+03
1.694163614163614056e+03
1.694413675213675106e+03
1.694663736263736155e+03
1.694913797313797204e+03
1.695163858363858253e+03
1.695413919413919302e+03
1.695663980463980351e+03
1.695914041514041401e+03
1.696164102564102450e+03
1.696414163614163499e+03
1.696664224664224776e+03
1.696914285714285825e+03
1.697164346764346874e+03
1.697414407814407923e+03
1.697664468864468972e+03
1.697914529914530021e+03
1.698164590964591071e+03
1.698414652014652120e+03
1.698664713064713169e+03
1.698914774114774218e+03
1.699164835164835267e+03
1.699414896214896316e+03
1.699664957264957366e+03
1.699915018315018415e+03
1.700165079365079464e+03
1.700415140415140513e+03
1.700665201465201562e+03
1.700915262515262611e+03
1.701165323565323661e+03
1.701415384615384710e+03
1.701665445665445759e+03
1.701915506715506808e+03
1.702165567765567857e+03
1.702415628815628907e+03
1.702665689865689956e+03
1.702915750915751005e+03
1.703165811965812054e+03
1.703415873015873103e+03
1.703665934065934152e+03
1.703915995115995202e+03
1.704166056166056251e+03
1.704416117216117300e+03
1.704666178266178349e+03
1.704916239316239398e+03
1.705166300366300447e+03
1.705416361416361497e+03
1.705666422466422546e+03
1.705916483516483595e+03
1.706166544566544644e+03
1.706416605616605693e+03
1.706666666666666742e+03
1.706916727716727792e+03
1.707166788766788841e+03
1.707416849816849890e+03
1.707666910866910939e+03
1.707916971916971988e+03
1.708167032967033037e+03
1.708417094017094087e+03
1.708667155067155136e+03
1.708917216117216185e+03
1.709167277167277234e+03
1.709417338217338283e+03
1.709667399267399333e+03
1.709917460317460382e+03
1.710167521367521431e+03
1.710417582417582480e+03
1.710667643467643529e+03
1.710917704517704578e+03
1.711167765567765628e+03
1.711417826617826677e+03
1.711667887667887726e+03
1.711917948717948775e+03
1.712168009768009824e+03
1.712418070818070873e+03
1.712668131868131923e+03
1.712918192918192972e+03
1.713168253968254021e+03
1.713418315018315070e+03
1.713668376068376119e+03
1.713918437118437168e+03
1.714168498168498218e+03
1.714418559218559267e+03
1.714668620268620316e+03
1.714918681318681365e+03
1.715168742368742414e+03
1.715418803418803464e+03
1.715668864468864513e+03
1.715918925518925562e+03
1.716168986568986611e+03
1.716419047619047660e+03
1.716669108669108709e+03
1.716919169719169759e+03
1.717169230769230808e+03
1.717419291819291857e+03
1.717669352869352906e+03
1.717919413919413955e+03
1.718169474969475004e+03
1.718419536019536054e+03
1.718669597069597103e+03
1.718919658119658152e+03
1.719169719169719201e+03
1.719419780219780250e+03
1.719669841269841299e+03
1.719919902319902349e+03
1.720169963369963398e+03
1.720420024420024447e+03
1.720670085470085496e+03
1.720920146520146545e+03
1.721170207570207594e+03
1.721420268620268644e+03
1.721670329670329693e+03
1.721920390720390742e+03
1.722170451770451791e+03
1.722420512820512840e+03
1.722670573870573890e+03
1.722920634920634939e+03
1.723170695970695988e+03
1.723420757020757037e+03
1.723670818070818086e+03
1.723920879120879135e+03
1.724170940170940185e+03
1.724421001221001234e+03
1.724671062271062283e+03
1.724921123321123332e+03
1.725171184371184381e+03
1.725421245421245430e+03
1.725671306471306480e+03
1.725921367521367529e+03
1.726171428571428578e+03
1.726421489621489627e+03
1.726671550671550676e+03
1.726921611721611725e+03
1.727171672771672775e+03
1.727421733821733824e+03
1.727671794871794873e+03
1.727921855921855922e+03
1.728171916971916971e+03
1.728421978021978020e+03
1.728672039072039070e+03
1.728922100122100119e+03
1.729172161172161168e+03
1.729422222222222217e+03
1.729672283272283266e+03
1.729922344322344316e+03
1.730172405372405365e+03
1.730422466422466414e+03
1.730672527472527463e+03
1.730922588522588512e+03
1.731172649572649561e+03
1.731422710622710611e+03
1.731672771672771660e+03
1.731922832722832709e+03
1.732172893772893758e+03
1.732422954822954807e+03
1.732673015873015856e+03
1.732923076923076906e+03
1.733173137973137955e+03
1.733423199023199004e+03
1.733673260073260053e+03
1.733923321123321102e+03
1.734173382173382151e+03
1.734423443223443201e+03
1.734673504273504250e+03
1.734923565323565299e+03
1.735173626373626348e+03
1.735423687423687397e+03
1.735673748473748446e+03
1.735923809523809496e+03
1.736173870573870545e+03
1.736423931623931594e+03
1.736673992673992643e+03
1.736924053724053692e+03
1.737174114774114742e+03
1.737424175824175791e+03
1.737674236874236840e+03
1.737924297924297889e+03
1.738174358974358938e+03
1.738424420024419987e+03
1.738674481074481037e+03
1.738924542124542086e+03
1.739174603174603135e+03
1.739424664224664184e+03
1.739674725274725233e+03
1.739924786324786282e+03
1.740174847374847332e+03
1.740424908424908381e+03
1.740674969474969430e+03
1.740925030525030479e+03
1.741175091575091528e+03
1.741425152625152577e+03
1.741675213675213627e+03
1.741925274725274676e+03
1.742175335775335725e+03
1.742425396825396774e+03
1.742675457875457823e+03
1.742925518925518872e+03
1.743175579975579922e+03
1.743425641025640971e+03
1.743675702075702020e+03
1.743925763125763069e+03
1.744175824175824118e+03
1.744425885225885168e+03
1.744675946275946217e+03
1.744926007326007266e+03
1.745176068376068315e+03
1.745426129426129364e+03
1.745676190476190413e+03
1.745926251526251463e+03
1.746176312576312512e+03
1.746426373626373561e+03
1.746676434676434610e+03
1.746926495726495659e+03
1.747176556776556708e+03
1.747426617826617758e+03
1.747676678876678807e+03
1.747926739926739856e+03
1.748176800976800905e+03
1.748426862026861954e+03
1.748676923076923003e+03
1.748926984126984053e+03
1.749177045177045102e+03
1.749427106227106151e+03
1.749677167277167200e+03
1.749927228327228249e+03
1.750177289377289298e+03
1.750427350427350348e+03
1.750677411477411397e+03
1.750927472527472446e+03
1.751177533577533495e+03
1.751427594627594544e+03
1.751677655677655594e+03
1.751927716727716643e+03
1.752177777777777692e+03
1.752427838827838741e+03
1.752677899877899790e+03
1.752927960927960839e+03
1.753178021978021889e+03
1.753428083028082938e+03
1.753678144078143987e+03
1.753928205128205036e+03
1.754178266178266085e+03
1.754428327228327134e+03
1.754678388278388184e+03
1.754928449328449233e+03
1.755178510378510282e+03
1.755428571428571331e+03
1.755678632478632380e+03
1.755928693528693429e+03
1.756178754578754479e+03
1.756428815628815528e+03
1.756678876678876577e+03
1.756928937728937626e+03
1.757178998778998675e+03
1.757429059829059725e+03
1.757679120879120774e+03
1.757929181929181823e+03
1.758179242979242872e+03
1.758429304029303921e+03
1.758679365079364970e+03
1.758929426129426020e+03
1.759179487179487069e+03
1.759429548229548118e+03
1.759679609279609167e+03
1.759929670329670216e+03
1.760179731379731265e+03
1.760429792429792542e+03
1.760679853479853591e+03
1.760929914529914640e+03
1.761179975579975689e+03
1.761430036630036739e+03
1.761680097680097788e+03
1.761930158730158837e+03
1.762180219780219886e+03
1.762430280830280935e+03
1.762680341880341985e+03
1.762930402930403034e+03
1.763180463980464083e+03
1.763430525030525132e+03
1.763680586080586181e+03
1.763930647130647230e+03
1.764180708180708280e+03
1.764430769230769329e+03
1.764680830280830378e+03
1.764930891330891427e+03
1.765180952380952476e+03
1.765431013431013525e+03
1.765681074481074575e+03
1.765931135531135624e+03
1.766181196581196673e+03
1.766431257631257722e+03
1.766681318681318771e+03
1.766931379731379820e+03
1.767181440781440870e+03
1.767431501831501919e+03
1.767681562881562968e+03
1.767931623931624017e+03
1.768181684981685066e+03
1.768431746031746115e+03
1.768681807081807165e+03
1.768931868131868214e+03
1.769181929181929263e+03
1.769431990231990312e+03
1.769682051282051361e+03
1.769932112332112411e+03
1.770182173382173460e+03
1.770432234432234509e+03
1.770682295482295558e+03
1.770932356532356607e+03
1.771182417582417656e+03
1.771432478632478706e+03
1.771682539682539755e+03
1.771932600732600804e+03
1.772182661782661853e+03
1.772432722832722902e+03
1.772682783882783951e+03
1.772932844932845001e+03
1.773182905982906050e+03
1.773432967032967099e+03
1.773683028083028148e+03
1.773933089133089197e+03
1.774183150183150246e+03
1.774433211233211296e+03
1.774683272283272345e+03
1.774933333333333394e+03
1.775183394383394443e+03
1.775433455433455492e+03
1.775683516483516541e+03
1.775933577533577591e+03
1.776183638583638640e+03
1.776433699633699689e+03
1.776683760683760738e+03
1.776933821733821787e+03
1.777183882783882837e+03
1.777433943833943886e+03
1.777684004884004935e+03
1.777934065934065984e+03
1.778184126984127033e+03
1.778434188034188082e+03
1.778684249084249132e+03
1.778934310134310181e+03
1.779184371184371230e+03
1.779434432234432279e+03
1.779684493284493328e+03
1.779934554334554377e+03
1.780184615384615427e+03
1.780434676434676476e+03
1.780684737484737525e+03
1.780934798534798574e+03
1.781184859584859623e+03
1.781434920634920672e+03
1.781684981684981722e+03
1.781935042735042771e+03
1.782185103785103820e+03
1.782435164835164869e+03
1.782685225885225918e+03
1.782935286935286967e+03
1.783185347985348017e+03
1.783435409035409066e+03
1.783685470085470115e+03
1.783935531135531164e+03
1.784185592185592213e+03
1.784435653235653263e+03
1.784685714285714312e+03
1.784935775335775361e+03
1.785185836385836410e+03
1.785435897435897459e+03
1.785685958485958508e+03
1.785936019536019558e+03
1.786186080586080607e+03
1.786436141636141656e+03
1.786686202686202705e+03
1.786936263736263754e+03
1.787186324786324803e+03
1.787436385836385853e+03
1.787686446886446902e+03
1.787936507936507951e+03
1.788186568986569000e+03
1.788436630036630049e+03
1.788686691086691098e+03
1.788936752136752148e+03
1.789186813186813197e+03
1.789436874236874246e+03
1.789686935286935295e+03
1.789936996336996344e+03
1.790187057387057393e+03
1.790437118437118443e+03
1.790687179487179492e+03
1.790937240537240541e+03
1.791187301587301590e+03
1.791437362637362639e+03
1.791687423687423689e+03
1.791937484737484738e+03
1.792187545787545787e+03
1.792437606837606836e+03
1.792687667887667885e+03
1.792937728937728934e+03
1.793187789987789984e+03
1.793437851037851033e+03
1.793687912087912082e+03
1.793937973137973131e+03
1.794188034188034180e+03
1.794438095238095229e+03
1.794688156288156279e+03
1.794938217338217328e+03
1.795188278388278377e+03
1.795438339438339426e+03
1.795688400488400475e+03
1.795938461538461524e+03
1.796188522588522574e+03
1.796438583638583623e+03
1.796688644688644672e+03
1.796938705738705721e+03
1.797188766788766770e+03
1.797438827838827820e+03
1.797688888888888869e+03
1.797938949938949918e+03
1.798189010989010967e+03
1.798439072039072016e+03
1.798689133089133065e+03
1.798939194139194115e+03
1.799189255189255164e+03
1.799439316239316213e+03
1.799689377289377262e+03
1.799939438339438311e+03
1.800189499389499360e+03
1.800439560439560410e+03
1.800689621489621459e+03
1.800939682539682508e+03
1.801189743589743557e+03
1.801439804639804606e+03
1.801689865689865655e+03
1.801939926739926705e+03
1.802189987789987754e+03
1.802440048840048803e+03
1.802690109890109852e+03
1.802940170940170901e+03
1.803190231990231950e+03
1.803440293040293000e+03
1.803690354090354049e+03
1.803940415140415098e+03
1.804190476190476147e+03
1.804440537240537196e+03
1.804690598290598246e+03
1.804940659340659295e+03
1.805190720390720344e+03
1.805440781440781393e+03
1.805690842490842442e+03
1.805940903540903491e+03
1.806190964590964541e+03
1.806441025641025590e+03
1.806691086691086639e+03
1.806941147741147688e+03
1.807191208791208737e+03
1.807441269841269786e+03
1.807691330891330836e+03
1.807941391941391885e+03
1.808191452991452934e+03
1.808441514041513983e+03
1.808691575091575032e+03
1.808941636141636081e+03
1.809191697191697131e+03
1.809441758241758180e+03
1.809691819291819229e+03
1.809941880341880278e+03
1.810191941391941327e+03
1.810442002442002376e+03
1.810692063492063426e+03
1.810942124542124475e+03
1.811192185592185524e+03
1.811442246642246573e+03
1.811692307692307622e+03
1.811942368742368672e+03
1.812192429792429721e+03
1.812442490842490770e+03
1.812692551892551819e+03
1.812942612942612868e+03
1.813192673992673917e+03
1.813442735042734967e+03
1.813692796092796016e+03
1.813942857142857065e+03
1.814192918192918114e+03
1.814442979242979163e+03
1.814693040293040212e+03
1.814943101343101262e+03
1.815193162393162311e+03
1.815443223443223360e+03
1.815693284493284409e+03
1.815943345543345458e+03
1.816193406593406507e+03
1.816443467643467557e+03
1.816693528693528606e+03
1.816943589743589655e+03
1.817193650793650704e+03
1.817443711843711753e+03
1.817693772893772802e+03
1.817943833943833852e+03
1.818193894993894901e+03
1.818443956043955950e+03
1.818694017094016999e+03
1.818944078144078048e+03
1.819194139194139098e+03
1.819444200244200147e+03
1.819694261294261196e+03
1.819944322344322245e+03
1.820194383394383294e+03
1.820444444444444343e+03
1.820694505494505393e+03
1.820944566544566442e+03
1.821194627594627491e+03
1.821444688644688540e+03
1.821694749694749589e+03
1.821944810744810638e+03
1.822194871794871688e+03
1.822444932844932737e+03
1.822694993894993786e+03
1.822945054945054835e+03
1.823195115995115884e+03
1.823445177045176933e+03
1.823695238095237983e+03
1.823945299145299032e+03
1.824195360195360081e+03
1.824445421245421130e+03
1.824695482295482407e+03
1.824945543345543456e+03
1.825195604395604505e+03
1.825445665445665554e+03
1.825695726495726603e+03
1.825945787545787653e+03
1.826195848595848702e+03
1.826445909645909751e+03
1.826695970695970800e+03
1.826946031746031849e+03
1.827196092796092898e+03
1.827446153846153948e+03
1.827696214896214997e+03
1.827946275946276046e+03
1.828196336996337095e+03
1.828446398046398144e+03
1.828696459096459193e+03
1.828946520146520243e+03
1.829196581196581292e+03
1.829446642246642341e+03
1.829696703296703390e+03
1.829946764346764439e+03
1.830196825396825488e+03
1.830446886446886538e+03
1.830696947496947587e+03
1.830947008547008636e+03
1.831197069597069685e+03
1.831447130647130734e+03
1.831697191697191784e+03
1.831947252747252833e+03
1.832197313797313882e+03
1.832447374847374931e+03
1.832697435897435980e+03
1.832947496947497029e+03
1.833197557997558079e+03
1.833447619047619128e+03
1.833697680097680177e+03
1.833947741147741226e+03
1.834197802197802275e+03
1.834447863247863324e+03
1.834697924297924374e+03
1.834947985347985423e+03
1.835198046398046472e+03
1.835448107448107521e+03
1.835698168498168570e+03
1.835948229548229619e+03
1.836198290598290669e+03
1.836448351648351718e+03
1.836698412698412767e+03
1.836948473748473816e+03
1.837198534798534865e+03
1.837448595848595915e+03
1.837698656898656964e+03
1.837948717948718013e+03
1.838198778998779062e+03
1.838448840048840111e+03
1.838698901098901160e+03
1.838948962148962210e+03
1.839199023199023259e+03
1.839449084249084308e+03
1.839699145299145357e+03
1.839949206349206406e+03
1.840199267399267455e+03
1.840449328449328505e+03
1.840699389499389554e+03
1.840949450549450603e+03
1.841199511599511652e+03
1.841449572649572701e+03
1.841699633699633750e+03
1.841949694749694800e+03
1.842199755799755849e+03
1.842449816849816898e+03
1.842699877899877947e+03
1.842949938949938996e+03
1.843200000000000045e+03
1.843450061050061095e+03
1.843700122100122144e+03
1.843950183150183193e+03
1.844200244200244242e+03
1.844450305250305291e+03
1.844700366300366341e+03
1.844950427350427390e+03
1.845200488400488439e+03
1.845450549450549488e+03
1.845700610500610537e+03
1.845950671550671586e+03
1.846200732600732636e+03
1.846450793650793685e+03
1.846700854700854734e+03
1.846950915750915783e+03
1.847200976800976832e+03
1.847451037851037881e+03
1.847701098901098931e+03
1.847951159951159980e+03
1.848201221001221029e+03
1.848451282051282078e+03
1.848701343101343127e+03
1.848951404151404176e+03
1.849201465201465226e+03
1.849451526251526275e+03
1.849701587301587324e+03
1.849951648351648373e+03
1.850201709401709422e+03
1.850451770451770471e+03
1.850701831501831521e+03
1.850951892551892570e+03
1.851201953601953619e+03
1.851452014652014668e+03
1.851702075702075717e+03
1.851952136752136767e+03
1.852202197802197816e+03
1.852452258852258865e+03
1.852702319902319914e+03
1.852952380952380963e+03
1.853202442002442012e+03
1.853452503052503062e+03
1.853702564102564111e+03
1.853952625152625160e+03
1.854202686202686209e+03
1.854452747252747258e+03
1.854702808302808307e+03
1.854952869352869357e+03
1.855202930402930406e+03
1.855452991452991455e+03
1.855703052503052504e+03
1.855953113553113553e+03
1.856203174603174602e+03
1.856453235653235652e+03
1.856703296703296701e+03
1.856953357753357750e+03
1.857203418803418799e+03
1.857453479853479848e+03
1.857703540903540897e+03
1.857953601953601947e+03
1.858203663003662996e+03
1.858453724053724045e+03
1.858703785103785094e+03
1.858953846153846143e+03
1.859203907203907193e+03
1.859453968253968242e+03
1.859704029304029291e+03
1.859954090354090340e+03
1.860204151404151389e+03
1.860454212454212438e+03
1.860704273504273488e+03
1.860954334554334537e+03
1.861204395604395586e+03
1.861454456654456635e+03
1.861704517704517684e+03
1.861954578754578733e+03
1.862204639804639783e+03
1.862454700854700832e+03
1.862704761904761881e+03
1.862954822954822930e+03
1.863204884004883979e+03
1.863454945054945028e+03
1.863705006105006078e+03
1.863955067155067127e+03
1.864205128205128176e+03
1.864455189255189225e+03
1.864705250305250274e+03
1.864955311355311323e+03
1.865205372405372373e+03
1.865455433455433422e+03
1.865705494505494471e+03
1.865955555555555520e+03
1.866205616605616569e+03
1.866455677655677619e+03
1.866705738705738668e+03
1.866955799755799717e+03
1.867205860805860766e+03
1.867455921855921815e+03
1.867705982905982864e+03
1.867956043956043914e+03
1.868206105006104963e+03
1.868456166056166012e+03
1.868706227106227061e+03
1.868956288156288110e+03
1.869206349206349159e+03
1.869456410256410209e+03
1.869706471306471258e+03
1.869956532356532307e+03
1.870206593406593356e+03
1.870456654456654405e+03
1.870706715506715454e+03
1.870956776556776504e+03
1.871206837606837553e+03
1.871456898656898602e+03
1.871706959706959651e+03
1.871957020757020700e+03
1.872207081807081750e+03
1.872457142857142799e+03
1.872707203907203848e+03
1.872957264957264897e+03
1.873207326007325946e+03
1.873457387057386995e+03
1.873707448107448045e+03
1.873957509157509094e+03
1.874207570207570143e+03
1.874457631257631192e+03
1.874707692307692241e+03
1.874957753357753290e+03
1.875207814407814340e+03
1.875457875457875389e+03
1.875707936507936438e+03
1.875957997557997487e+03
1.876208058608058536e+03
1.876458119658119585e+03
1.876708180708180635e+03
1.876958241758241684e+03
1.877208302808302733e+03
1.877458363858363782e+03
1.877708424908424831e+03
1.877958485958485880e+03
1.878208547008546930e+03
1.878458608058607979e+03
1.878708669108669028e+03
1.878958730158730077e+03
1.879208791208791126e+03
1.879458852258852176e+03
1.879708913308913225e+03
1.879958974358974274e+03
1.880209035409035323e+03
1.880459096459096372e+03
1.880709157509157421e+03
1.880959218559218471e+03
1.881209279609279520e+03
1.881459340659340569e+03
1.881709401709401618e+03
1.881959462759462667e+03
1.882209523809523716e+03
1.882459584859584766e+03
1.882709645909645815e+03
1.882959706959706864e+03
1.883209768009767913e+03
1.883459829059828962e+03
1.883709890109890011e+03
1.883959951159951061e+03
1.884210012210012110e+03
1.884460073260073159e+03
1.884710134310134208e+03
1.884960195360195257e+03
1.885210256410256306e+03
1.885460317460317356e+03
1.885710378510378405e+03
1.885960439560439454e+03
1.886210500610500503e+03
1.886460561660561552e+03
1.886710622710622602e+03
1.886960683760683651e+03
1.887210744810744700e+03
1.887460805860805749e+03
1.887710866910866798e+03
1.887960927960927847e+03
1.888210989010988897e+03
1.888461050061050173e+03
1.888711111111111222e+03
1.888961172161172271e+03
1.889211233211233321e+03
1.889461294261294370e+03
1.889711355311355419e+03
1.889961416361416468e+03
1.890211477411477517e+03
1.890461538461538566e+03
1.890711599511599616e+03
1.890961660561660665e+03
1.891211721611721714e+03
1.891461782661782763e+03
1.891711843711843812e+03
1.891961904761904862e+03
1.892211965811965911e+03
1.892462026862026960e+03
1.892712087912088009e+03
1.892962148962149058e+03
1.893212210012210107e+03
1.893462271062271157e+03
1.893712332112332206e+03
1.893962393162393255e+03
1.894212454212454304e+03
1.894462515262515353e+03
1.894712576312576402e+03
1.894962637362637452e+03
1.895212698412698501e+03
1.895462759462759550e+03
1.895712820512820599e+03
1.895962881562881648e+03
1.896212942612942697e+03
1.896463003663003747e+03
1.896713064713064796e+03
1.896963125763125845e+03
1.897213186813186894e+03
1.897463247863247943e+03
1.897713308913308992e+03
1.897963369963370042e+03
1.898213431013431091e+03
1.898463492063492140e+03
1.898713553113553189e+03
1.898963614163614238e+03
1.899213675213675288e+03
1.899463736263736337e+03
1.899713797313797386e+03
1.899963858363858435e+03
1.900213919413919484e+03
1.900463980463980533e+03
1.900714041514041583e+03
1.900964102564102632e+03
1.901214163614163681e+03
1.901464224664224730e+03
1.901714285714285779e+03
1.901964346764346828e+03
1.902214407814407878e+03
1.902464468864468927e+03
1.902714529914529976e+03
1.902964590964591025e+03
1.903214652014652074e+03
1.903464713064713123e+03
1.903714774114774173e+03
1.903964835164835222e+03
1.904214896214896271e+03
1.904464957264957320e+03
1.904715018315018369e+03
1.904965079365079418e+03
1.905215140415140468e+03
1.905465201465201517e+03
1.905715262515262566e+03
1.905965323565323615e+03
1.906215384615384664e+03
1.906465445665445714e+03
1.906715506715506763e+03
1.906965567765567812e+03
1.907215628815628861e+03
1.907465689865689910e+03
1.907715750915750959e+03
1.907965811965812009e+03
1.908215873015873058e+03
1.908465934065934107e+03
1.908715995115995156e+03
1.908966056166056205e+03
1.909216117216117254e+03
1.909466178266178304e+03
1.909716239316239353e+03
1.909966300366300402e+03
1.910216361416361451e+03
1.910466422466422500e+03
1.910716483516483549e+03
1.910966544566544599e+03
1.911216605616605648e+03
1.911466666666666697e+03
1.911716727716727746e+03
1.911966788766788795e+03
1.912216849816849845e+03
1.912466910866910894e+03
1.912716971916971943e+03
1.912967032967032992e+03
1.913217094017094041e+03
1.913467155067155090e+03
1.913717216117216140e+03
1.913967277167277189e+03
1.914217338217338238e+03
1.914467399267399287e+03
1.914717460317460336e+03
1.914967521367521385e+03
1.915217582417582435e+03
1.915467643467643484e+03
1.915717704517704533e+03
1.915967765567765582e+03
1.916217826617826631e+03
1.916467887667887680e+03
1.916717948717948730e+03
1.916968009768009779e+03
1.917218070818070828e+03
1.917468131868131877e+03
1.917718192918192926e+03
1.917968253968253975e+03
1.918218315018315025e+03
1.918468376068376074e+03
1.918718437118437123e+03
1.918968498168498172e+03
1.919218559218559221e+03
1.919468620268620271e+03
1.919718681318681320e+03
1.919968742368742369e+03
1.920218803418803418e+03
1.920468864468864467e+03
1.920718925518925516e+03
1.920968986568986566e+03
1.921219047619047615e+03
1.921469108669108664e+03
1.921719169719169713e+03
1.921969230769230762e+03
1.922219291819291811e+03
1.922469352869352861e+03
1.922719413919413910e+03
1.922969474969474959e+03
1.923219536019536008e+03
1.923469597069597057e+03
1.923719658119658106e+03
1.923969719169719156e+03
1.924219780219780205e+03
1.924469841269841254e+03
1.924719902319902303e+03
1.924969963369963352e+03
1.925220024420024401e+03
1.925470085470085451e+03
1.925720146520146500e+03
1.925970207570207549e+03
1.926220268620268598e+03
1.926470329670329647e+03
1.926720390720390697e+03
1.926970451770451746e+03
1.927220512820512795e+03
1.927470573870573844e+03
1.927720634920634893e+03
1.927970695970695942e+03
1.928220757020756992e+03
1.928470818070818041e+03
1.928720879120879090e+03
1.928970940170940139e+03
1.929221001221001188e+03
1.929471062271062237e+03
1.929721123321123287e+03
1.929971184371184336e+03
1.930221245421245385e+03
1.930471306471306434e+03
1.930721367521367483e+03
1.930971428571428532e+03
1.931221489621489582e+03
1.931471550671550631e+03
1.931721611721611680e+03
1.931971672771672729e+03
1.932221733821733778e+03
1.932471794871794827e+03
1.932721855921855877e+03
1.932971916971916926e+03
1.933221978021977975e+03
1.933472039072039024e+03
1.933722100122100073e+03
1.933972161172161123e+03
1.934222222222222172e+03
1.934472283272283221e+03
1.934722344322344270e+03
1.934972405372405319e+03
1.935222466422466368e+03
1.935472527472527418e+03
1.935722588522588467e+03
1.935972649572649516e+03
1.936222710622710565e+03
1.936472771672771614e+03
1.936722832722832663e+03
1.936972893772893713e+03
1.937222954822954762e+03
1.937473015873015811e+03
1.937723076923076860e+03
1.937973137973137909e+03
1.938223199023198958e+03
1.938473260073260008e+03
1.938723321123321057e+03
1.938973382173382106e+03
1.939223443223443155e+03
1.939473504273504204e+03
1.939723565323565253e+03
1.939973626373626303e+03
1.940223687423687352e+03
1.940473748473748401e+03
1.940723809523809450e+03
1.940973870573870499e+03
1.941223931623931549e+03
1.941473992673992598e+03
1.941724053724053647e+03
1.941974114774114696e+03
1.942224175824175745e+03
1.942474236874236794e+03
1.942724297924297844e+03
1.942974358974358893e+03
1.943224420024419942e+03
1.943474481074480991e+03
1.943724542124542040e+03
1.943974603174603089e+03
1.944224664224664139e+03
1.944474725274725188e+03
1.944724786324786237e+03
1.944974847374847286e+03
1.945224908424908335e+03
1.945474969474969384e+03
1.945725030525030434e+03
1.945975091575091483e+03
1.946225152625152532e+03
1.946475213675213581e+03
1.946725274725274630e+03
1.946975335775335680e+03
1.947225396825396729e+03
1.947475457875457778e+03
1.947725518925518827e+03
1.947975579975579876e+03
1.948225641025640925e+03
1.948475702075701975e+03
1.948725763125763024e+03
1.948975824175824073e+03
1.949225885225885122e+03
1.949475946275946171e+03
1.949726007326007220e+03
1.949976068376068270e+03
1.950226129426129319e+03
1.950476190476190368e+03
1.950726251526251417e+03
1.950976312576312466e+03
1.951226373626373515e+03
1.951476434676434565e+03
1.951726495726495614e+03
1.951976556776556663e+03
1.952226617826617712e+03
1.952476678876678761e+03
1.952726739926740038e+03
1.952976800976801087e+03
1.953226862026862136e+03
1.953476923076923185e+03
1.953726984126984235e+03
1.953977045177045284e+03
1.954227106227106333e+03
1.954477167277167382e+03
1.954727228327228431e+03
1.954977289377289480e+03
1.955227350427350530e+03
1.955477411477411579e+03
1.955727472527472628e+03
1.955977533577533677e+03
1.956227594627594726e+03
1.956477655677655775e+03
1.956727716727716825e+03
1.956977777777777874e+03
1.957227838827838923e+03
1.957477899877899972e+03
1.957727960927961021e+03
1.957978021978022070e+03
1.958228083028083120e+03
1.958478144078144169e+03
1.958728205128205218e+03
1.958978266178266267e+03
1.959228327228327316e+03
1.959478388278388366e+03
1.959728449328449415e+03
1.959978510378510464e+03
1.960228571428571513e+03
1.960478632478632562e+03
1.960728693528693611e+03
1.960978754578754661e+03
1.961228815628815710e+03
1.961478876678876759e+03
1.961728937728937808e+03
1.961978998778998857e+03
1.962229059829059906e+03
1.962479120879120956e+03
1.962729181929182005e+03
1.962979242979243054e+03
1.963229304029304103e+03
1.963479365079365152e+03
1.963729426129426201e+03
1.963979487179487251e+03
1.964229548229548300e+03
1.964479609279609349e+03
1.964729670329670398e+03
1.964979731379731447e+03
1.965229792429792496e+03
1.965479853479853546e+03
1.965729914529914595e+03
1.965979975579975644e+03
1.966230036630036693e+03
1.966480097680097742e+03
1.966730158730158792e+03
1.966980219780219841e+03
1.967230280830280890e+03
1.967480341880341939e+03
1.967730402930402988e+03
1.967980463980464037e+03
1.968230525030525087e+03
1.968480586080586136e+03
1.968730647130647185e+03
1.968980708180708234e+03
1.969230769230769283e+03
1.969480830280830332e+03
1.969730891330891382e+03
1.969980952380952431e+03
1.970231013431013480e+03
1.970481074481074529e+03
1.970731135531135578e+03
1.970981196581196627e+03
1.971231257631257677e+03
1.971481318681318726e+03
1.971731379731379775e+03
1.971981440781440824e+03
1.972231501831501873e+03
1.972481562881562922e+03
1.972731623931623972e+03
1.972981684981685021e+03
1.973231746031746070e+03
1.973481807081807119e+03
1.973731868131868168e+03
1.973981929181929218e+03
1.974231990231990267e+03
1.974482051282051316e+03
1.974732112332112365e+03
1.974982173382173414e+03
1.975232234432234463e+03
1.975482295482295513e+03
1.975732356532356562e+03
1.975982417582417611e+03
1.976232478632478660e+03
1.976482539682539709e+03
1.976732600732600758e+03
1.976982661782661808e+03
1.977232722832722857e+03
1.977482783882783906e+03
1.977732844932844955e+03
1.977982905982906004e+03
1.978232967032967053e+03
1.978483028083028103e+03
1.978733089133089152e+03
1.978983150183150201e+03
1.979233211233211250e+03
1.979483272283272299e+03
1.979733333333333348e+03
1.979983394383394398e+03
1.980233455433455447e+03
1.980483516483516496e+03
1.980733577533577545e+03
1.980983638583638594e+03
1.981233699633699644e+03
1.981483760683760693e+03
1.981733821733821742e+03
1.981983882783882791e+03
1.982233943833943840e+03
1.982484004884004889e+03
1.982734065934065939e+03
1.982984126984126988e+03
1.983234188034188037e+03
1.983484249084249086e+03
1.983734310134310135e+03
1.983984371184371184e+03
1.984234432234432234e+03
1.984484493284493283e+03
1.984734554334554332e+03
1.984984615384615381e+03
1.985234676434676430e+03
1.985484737484737479e+03
1.985734798534798529e+03
1.985984859584859578e+03
1.986234920634920627e+03
1.986484981684981676e+03
1.986735042735042725e+03
1.986985103785103774e+03
1.987235164835164824e+03
1.987485225885225873e+03
1.987735286935286922e+03
1.987985347985347971e+03
1.988235409035409020e+03
1.988485470085470070e+03
1.988735531135531119e+03
1.988985592185592168e+03
1.989235653235653217e+03
1.989485714285714266e+03
1.989735775335775315e+03
1.989985836385836365e+03
1.990235897435897414e+03
1.990485958485958463e+03
1.990736019536019512e+03
1.990986080586080561e+03
1.991236141636141610e+03
1.991486202686202660e+03
1.991736263736263709e+03
1.991986324786324758e+03
1.992236385836385807e+03
1.992486446886446856e+03
1.992736507936507905e+03
1.992986568986568955e+03
1.993236630036630004e+03
1.993486691086691053e+03
1.993736752136752102e+03
1.993986813186813151e+03
1.994236874236874201e+03
1.994486935286935250e+03
1.994736996336996299e+03
1.994987057387057348e+03
1.995237118437118397e+03
1.995487179487179446e+03
1.995737240537240496e+03
1.995987301587301545e+03
1.996237362637362594e+03
1.996487423687423643e+03
1.996737484737484692e+03
1.996987545787545741e+03
1.997237606837606791e+03
1.997487667887667840e+03
1.997737728937728889e+03
1.997987789987789938e+03
1.998237851037850987e+03
1.998487912087912036e+03
1.998737973137973086e+03
1.998988034188034135e+03
1.999238095238095184e+03
1.999488156288156233e+03
1.999738217338217282e+03
1.999988278388278331e+03
2.000238339438339381e+03
2.000488400488400430e+03
2.000738461538461479e+03
2.000988522588522528e+03
2.001238583638583577e+03
2.001488644688644627e+03
2.001738705738705676e+03
2.001988766788766725e+03
2.002238827838827774e+03
2.002488888888888823e+03
2.002738949938949872e+03
2.002989010989010922e+03
2.003239072039071971e+03
2.003489133089133020e+03
2.003739194139194069e+03
2.003989255189255118e+03
2.004239316239316167e+03
2.004489377289377217e+03
2.004739438339438266e+03
2.004989499389499315e+03
2.005239560439560364e+03
2.005489621489621413e+03
2.005739682539682462e+03
2.005989743589743512e+03
2.006239804639804561e+03
2.006489865689865610e+03
2.006739926739926659e+03
2.006989987789987708e+03
2.007240048840048757e+03
2.007490109890109807e+03
2.007740170940170856e+03
2.007990231990231905e+03
2.008240293040292954e+03
2.008490354090354003e+03
2.008740415140415053e+03
2.008990476190476102e+03
2.009240537240537151e+03
2.009490598290598200e+03
2.009740659340659249e+03
2.009990720390720298e+03
2.010240781440781348e+03
2.010490842490842397e+03
2.010740903540903446e+03
2.010990964590964495e+03
2.011241025641025544e+03
2.011491086691086593e+03
2.011741147741147643e+03
2.011991208791208692e+03
2.012241269841269741e+03
2.012491330891330790e+03
2.012741391941391839e+03
2.012991452991452888e+03
2.013241514041513938e+03
2.013491575091574987e+03
2.013741636141636036e+03
2.013991697191697085e+03
2.014241758241758134e+03
2.014491819291819183e+03
2.014741880341880233e+03
2.014991941391941282e+03
2.015242002442002331e+03
2.015492063492063380e+03
2.015742124542124429e+03
2.015992185592185479e+03
2.016242246642246528e+03
2.016492307692307804e+03
2.016742368742368853e+03
2.016992429792429903e+03
2.017242490842490952e+03
2.017492551892552001e+03
2.017742612942613050e+03
2.017992673992674099e+03
2.018242735042735148e+03
2.018492796092796198e+03
2.018742857142857247e+03
2.018992918192918296e+03
2.019242979242979345e+03
2.019493040293040394e+03
2.019743101343101443e+03
2.019993162393162493e+03
2.020243223443223542e+03
2.020493284493284591e+03
2.020743345543345640e+03
2.020993406593406689e+03
2.021243467643467739e+03
2.021493528693528788e+03
2.021743589743589837e+03
2.021993650793650886e+03
2.022243711843711935e+03
2.022493772893772984e+03
2.022743833943834034e+03
2.022993894993895083e+03
2.023243956043956132e+03
2.023494017094017181e+03
2.023744078144078230e+03
2.023994139194139279e+03
2.024244200244200329e+03
2.024494261294261378e+03
2.024744322344322427e+03
2.024994383394383476e+03
2.025244444444444525e+03
2.025494505494505574e+03
2.025744566544566624e+03
2.025994627594627673e+03
2.026244688644688722e+03
2.026494749694749771e+03
2.026744810744810820e+03
2.026994871794871869e+03
2.027244932844932919e+03
2.027494993894993968e+03
2.027745054945055017e+03
2.027995115995116066e+03
2.028245177045177115e+03
2.028495238095238165e+03
2.028745299145299214e+03
2.028995360195360263e+03
2.029245421245421312e+03
2.029495482295482361e+03
2.029745543345543410e+03
2.029995604395604460e+03
2.030245665445665509e+03
2.030495726495726558e+03
2.030745787545787607e+03
2.030995848595848656e+03
2.031245909645909705e+03
2.031495970695970755e+03
2.031746031746031804e+03
2.031996092796092853e+03
2.032246153846153902e+03
2.032496214896214951e+03
2.032746275946276000e+03
2.032996336996337050e+03
2.033246398046398099e+03
2.033496459096459148e+03
2.033746520146520197e+03
2.033996581196581246e+03
2.034246642246642296e+03
2.034496703296703345e+03
2.034746764346764394e+03
2.034996825396825443e+03
2.035246886446886492e+03
2.035496947496947541e+03
2.035747008547008591e+03
2.035997069597069640e+03
2.036247130647130689e+03
2.036497191697191738e+03
2.036747252747252787e+03
2.036997313797313836e+03
2.037247374847374886e+03
2.037497435897435935e+03
2.037747496947496984e+03
2.037997557997558033e+03
2.038247619047619082e+03
2.038497680097680131e+03
2.038747741147741181e+03
2.038997802197802230e+03
2.039247863247863279e+03
2.039497924297924328e+03
2.039747985347985377e+03
2.039998046398046426e+03
2.040248107448107476e+03
2.040498168498168525e+03
2.040748229548229574e+03
2.040998290598290623e+03
2.041248351648351672e+03
2.041498412698412722e+03
2.041748473748473771e+03
2.041998534798534820e+03
2.042248595848595869e+03
2.042498656898656918e+03
2.042748717948717967e+03
2.042998778998779017e+03
2.043248840048840066e+03
2.043498901098901115e+03
2.043748962148962164e+03
2.043999023199023213e+03
2.044249084249084262e+03
2.044499145299145312e+03
2.044749206349206361e+03
2.044999267399267410e+03
2.045249328449328459e+03
2.045499389499389508e+03
2.045749450549450557e+03
2.045999511599511607e+03
2.046249572649572656e+03
2.046499633699633705e+03
2.046749694749694754e+03
2.046999755799755803e+03
2.047249816849816852e+03
2.047499877899877902e+03
2.047749938949938951e+03
2.048000000000000000e+03
2.048250061050061049e+03
